time_s,r=0.0cm,r=0.1cm,r=0.2cm,r=0.3cm,r=0.4cm,r=0.5cm,r=0.6cm,r=0.7cm,r=0.8cm,r=0.9cm,r=1.0cm,r=1.1cm,r=1.2cm,r=1.3cm,r=1.4cm,r=1.5cm,r=1.6cm,r=1.7cm,r=1.8cm,r=1.9cm,surface,radius_cm
60,2.550000000000,2.550000000000,2.550000000000,2.550000000000,2.550000000000,2.550000000000,2.550000000000,2.550000000000,2.550000000000,2.550000000000,2.550000000000,2.550000000000,2.550000000000,2.550000000000,2.550000000000,2.550000000000,2.550000000000,2.550000000000,2.549999996171,2.548637511446,2.079427367797,1.995766666667
120,2.550000000000,2.550000000000,2.550000000000,2.550000000000,2.550000000000,2.550000000000,2.550000000000,2.550000000000,2.550000000000,2.550000000000,2.550000000000,2.550000000000,2.550000000000,2.550000000000,2.550000000000,2.550000000000,2.550000000000,2.549999999075,2.549971340609,2.526868548049,1.923000905636,1.991533333333
180,2.550000000000,2.550000000000,2.550000000000,2.550000000000,2.550000000000,2.550000000000,2.550000000000,2.550000000000,2.550000000000,2.550000000000,2.550000000000,2.550000000000,2.550000000000,2.550000000000,2.550000000000,2.550000000000,2.549999999951,2.549999356235,2.549301990590,2.479205281556,1.815833866489,1.987300000000
240,2.550000000000,2.550000000000,2.550000000000,2.550000000000,2.550000000000,2.550000000000,2.550000000000,2.550000000000,2.550000000000,2.550000000000,2.550000000000,2.550000000000,2.550000000000,2.550000000000,2.550000000000,2.549999999998,2.549999985093,2.549980989326,2.546196784795,2.416239009098,1.733187763460,1.983066666667
300,2.550000000000,2.550000000000,2.550000000000,2.550000000000,2.550000000000,2.550000000000,2.550000000000,2.550000000000,2.550000000000,2.550000000000,2.550000000000,2.550000000000,2.550000000000,2.550000000000,2.550000000000,2.549999999650,2.549999503694,2.549845562426,2.538885947398,2.345512369177,1.666113628717,1.978833333333
360,2.550000000000,2.550000000000,2.550000000000,2.550000000000,2.550000000000,2.550000000000,2.550000000000,2.550000000000,2.550000000000,2.550000000000,2.550000000000,2.550000000000,2.550000000000,2.550000000000,2.549999999992,2.549999987324,2.549994623411,2.549349596589,2.526464201001,2.271203607397,1.609822313547,1.974600000000
420,2.550000000000,2.550000000000,2.550000000000,2.550000000000,2.550000000000,2.550000000000,2.550000000000,2.550000000000,2.550000000000,2.550000000000,2.550000000000,2.550000000000,2.550000000000,2.550000000000,2.549999999681,2.549999829540,2.549969550395,2.548131195034,2.508798960553,2.195797180356,1.561342671364,1.970366666667
480,2.550000000000,2.550000000000,2.550000000000,2.550000000000,2.550000000000,2.550000000000,2.550000000000,2.550000000000,2.550000000000,2.550000000000,2.550000000000,2.550000000000,2.550000000000,2.549999999992,2.549999994921,2.549998771546,2.549885579778,2.545790862485,2.486217564654,2.120710975818,1.518779262773,1.966133333333
540,2.550000000000,2.550000000000,2.550000000000,2.550000000000,2.550000000000,2.550000000000,2.550000000000,2.550000000000,2.550000000000,2.550000000000,2.550000000000,2.550000000000,2.550000000000,2.549999999855,2.549999955365,2.549994180089,2.549674052203,2.541965384833,2.459271330766,2.046758400220,1.481093839943,1.961900000000
600,2.550000000000,2.550000000000,2.550000000000,2.550000000000,2.550000000000,2.550000000000,2.550000000000,2.550000000000,2.550000000000,2.550000000000,2.550000000000,2.550000000000,2.549999999996,2.549999998498,2.549999741714,2.549979493942,2.549236771901,2.536365933217,2.428552824611,1.974361205154,1.447491918727,1.957666666667
660,2.550000000000,2.550000000000,2.550000000000,2.550000000000,2.550000000000,2.550000000000,2.550000000000,2.550000000000,2.550000000000,2.550000000000,2.550000000000,2.550000000000,2.549999999952,2.549999989663,2.549998899069,2.549941836444,2.548452561318,2.528790401305,2.394645621847,1.903824053913,1.417353390575,1.953433333333
720,2.550000000000,2.550000000000,2.550000000000,2.550000000000,2.550000000000,2.550000000000,2.550000000000,2.550000000000,2.550000000000,2.550000000000,2.550000000000,2.549999999999,2.549999999618,2.549999947765,2.549996273245,2.549859949631,2.547186654566,2.519116858247,2.358079786442,1.835340693571,1.390043453276,1.949200000000
780,2.550000000000,2.550000000000,2.550000000000,2.550000000000,2.550000000000,2.550000000000,2.550000000000,2.550000000000,2.550000000000,2.550000000000,2.550000000000,2.549999999987,2.549999997754,2.549999792097,2.549989443655,2.549702966053,2.545301069605,2.507298964335,2.319363305555,1.769024922830,1.365120497194,1.944966666667
840,2.550000000000,2.550000000000,2.550000000000,2.550000000000,2.550000000000,2.550000000000,2.550000000000,2.550000000000,2.550000000000,2.550000000000,2.550000000000,2.549999999911,2.549999989634,2.549999314621,2.549974027645,2.549430287660,2.542663195827,2.493348312284,2.278937300163,1.704898884655,1.342238368680,1.940733333333
900,2.550000000000,2.550000000000,2.550000000000,2.550000000000,2.550000000000,2.550000000000,2.550000000000,2.550000000000,2.550000000000,2.550000000000,2.549999999997,2.549999999529,2.549999960652,2.549998058151,2.549942952874,2.548992483564,2.539153109732,2.477327303872,2.237208040433,1.642938732183,1.321054196250,1.936500000000
960,2.550000000000,2.550000000000,2.550000000000,2.550000000000,2.550000000000,2.550000000000,2.550000000000,2.550000000000,2.550000000000,2.550000000000,2.549999999980,2.549999997961,2.549999872651,2.549995139159,2.549885813465,2.548333029964,2.534667771207,2.459331037350,2.194505862992,1.583058870578,1.301543709939,1.932266666667
1020,2.550000000000,2.550000000000,2.550000000000,2.550000000000,2.550000000000,2.550000000000,2.550000000000,2.550000000000,2.550000000000,2.549999999999,2.549999999903,2.549999992521,2.549999638795,2.549989018428,2.549788381155,2.547390223113,2.529121683849,2.439469767938,2.151099016055,1.525273233176,1.283417937085,1.928033333333
1080,2.550000000000,2.550000000000,2.550000000000,2.550000000000,2.550000000000,2.550000000000,2.550000000000,2.550000000000,2.550000000000,2.549999999996,2.549999999600,2.549999976113,2.549999082641,2.549977233276,2.549632340974,2.546099553727,2.522449689393,2.417876620367,2.107239566209,1.469489525429,1.266728700389,1.923800000000
1140,2.550000000000,2.550000000000,2.550000000000,2.550000000000,2.550000000000,2.550000000000,2.550000000000,2.550000000000,2.550000000000,2.549999999980,2.549999998570,2.549999932113,2.549997878005,2.549956111806,2.549395250955,2.544395537470,2.514602431315,2.394675053841,2.063096797567,1.415798995378,1.251273970105,1.919566666667
1200,2.550000000000,2.550000000000,2.550000000000,2.550000000000,2.550000000000,2.550000000000,2.550000000000,2.550000000000,2.549999999999,2.549999999921,2.549999995474,2.549999825368,2.549995467558,2.549920487102,2.549050672025,2.542213620650,2.505549304226,2.370006990959,2.018879440257,1.364046538670,1.236837847642,1.915333333333
1260,2.550000000000,2.550000000000,2.550000000000,2.550000000000,2.550000000000,2.550000000000,2.550000000000,2.550000000000,2.549999999996,2.549999999724,2.549999987102,2.549999587668,2.549990960879,2.549863444353,2.548568615579,2.539492534268,2.495277602737,2.344017029528,1.974756370377,1.314127981277,1.223216574845,1.911100000000
1320,2.550000000000,2.550000000000,2.550000000000,2.550000000000,2.550000000000,2.550000000000,2.550000000000,2.550000000000,2.549999999984,2.549999999133,2.549999966428,2.549999096145,2.549983015029,2.549776126481,2.547916181566,2.536175911533,2.483791576543,2.316852243867,1.930868080962,1.265973380803,1.210529229537,1.906866666667
1380,2.550000000000,2.550000000000,2.550000000000,2.550000000000,2.550000000000,2.550000000000,2.550000000000,2.549999999999,2.549999999946,2.549999997519,2.549999919277,2.549998143217,2.549969703040,2.549647593082,2.547058091382,2.532212112798,2.471102192634,2.288633676202,1.887285944357,1.219705760031,1.198748810782,1.902633333333
1440,2.550000000000,2.550000000000,2.550000000000,2.550000000000,2.550000000000,2.550000000000,2.550000000000,2.549999999997,2.549999999831,2.549999993472,2.549999818951,2.549996397054,2.549948373511,2.549464728312,2.545957298033,2.527555300478,2.457233997023,2.259497554567,1.844139247157,,1.187555430513,1.898400000000
1500,2.550000000000,2.550000000000,2.550000000000,2.550000000000,2.550000000000,2.550000000000,2.550000000000,2.549999999989,2.549999999516,2.549999984042,2.549999618148,2.549993352329,2.549915513985,2.549212284766,2.544576057438,2.522167692861,2.442226118553,2.229581958585,1.801535670158,,1.176816811144,1.894166666667
1560,2.550000000000,2.550000000000,2.550000000000,2.550000000000,2.550000000000,2.550000000000,2.549999999999,2.549999999967,2.549999998713,2.549999963462,2.549999237436,2.549988272152,2.549866629211,2.548873021801,2.542876987611,2.516020594261,2.426130213344,2.199022704333,1.759535013900,,1.166651166199,1.889933333333
1620,2.550000000000,2.550000000000,2.550000000000,2.550000000000,2.550000000000,2.550000000000,2.549999999998,2.549999999904,2.549999996805,2.549999921093,2.549998549731,2.549980122592,2.549796140330,2.548427894141,2.540823460419,2.509091560892,2.408995849339,2.167921836988,1.718146603113,,1.157004200962,1.885700000000
1680,2.550000000000,2.550000000000,2.550000000000,2.550000000000,2.550000000000,2.550000000000,2.549999999993,2.549999999742,2.549999992547,2.549999838298,2.549997360118,2.549967502130,2.549697297406,2.547856229471,2.538380248718,2.501365317653,2.390882279901,2.136391659930,1.677425689697,,1.147824489845,1.881466666667
1740,2.550000000000,2.550000000000,2.550000000000,2.550000000000,2.550000000000,2.550000000000,2.549999999980,2.549999999350,2.549999983556,2.549999683936,2.549995381022,2.549948567424,2.549562132319,2.547136069200,2.535514164891,2.492833300356,2.371845896481,2.104510523989,1.637359045653,,1.139310445668,1.877233333333
1800,2.550000000000,2.550000000000,2.550000000000,2.550000000000,2.550000000000,2.549999999999,2.549999999947,2.549999998458,2.549999965503,2.549999408091,2.549992202268,2.549920958652,2.549381418098,2.546244275445,2.532193383031,2.483488885757,2.351936012433,2.072342328858,1.597982941962,,1.131342656937,1.873000000000
1860,2.550000000000,2.550000000000,2.550000000000,2.550000000000,2.550000000000,2.549999999996,2.549999999867,2.549999996596,2.549999932244,2.549998955363,2.549987514682,2.549884075606,2.549160982119,2.545243785993,2.528745480037,2.474468126809,2.334037363037,2.045537293117,1.568213794961,,1.123701179398,1.870366666667
1920,2.550000000000,2.550000000000,2.550000000000,2.550000000000,2.550000000000,2.549999999989,2.549999999686,2.549999992841,2.549999872288,2.549998219179,2.549980574943,2.549833900646,2.548882871045,2.544062229252,2.524898350930,2.464869916980,2.315708959233,2.018886612546,1.539258287955,,1.116227603996,1.867733333333
1980,2.550000000000,2.550000000000,2.550000000000,2.550000000000,2.549999999999,2.549999999973,2.549999999294,2.549999985592,2.549999768135,2.549997058434,2.549970557521,2.549767012367,2.548537476059,2.542683291399,2.520642439129,2.454717496934,2.297013566291,1.992456034669,1.511077864791,,1.108945389894,1.865100000000
2040,2.550000000000,2.550000000000,2.550000000000,2.550000000000,2.549999999998,2.549999999934,2.549999998483,2.549999972143,2.549999593210,2.549995279245,2.549956428579,2.549679488497,2.548114729665,2.541091613758,2.515971389532,2.444034798294,2.277998161963,1.966262858027,1.483589168110,,1.102007053478,1.862466666667
2100,2.550000000000,2.550000000000,2.550000000000,2.550000000000,2.549999999994,2.549999999849,2.549999996877,2.549999948083,2.549999308381,2.549992621817,2.549936919702,2.549566896479,2.547604133368,2.539272511921,2.510880330064,2.432843952993,2.258703800345,1.940324784484,1.456790389536,,1.095302321173,1.859833333333
2160,2.550000000000,2.550000000000,2.550000000000,2.549999999999,2.549999999986,2.549999999669,2.549999993818,2.549999906463,2.549998857599,2.549988745738,2.549910502150,2.549424302541,2.546994874087,2.537212332305,2.505367327966,2.421171318039,2.239178176327,1.914670636779,1.430662012403,,1.088813578305,1.857200000000
2220,2.550000000000,2.550000000000,2.550000000000,2.549999999999,2.549999999966,2.549999999305,2.549999988197,2.549999836651,2.549998162616,2.549983214710,2.549875365790,2.549246296722,2.546276012278,2.534898702772,2.499433133774,2.409043404573,2.219459341059,1.889305672497,1.405158282389,,1.082691595959,1.854566666667
2280,2.550000000000,2.550000000000,2.550000000000,2.549999999997,2.549999999925,2.549999998594,2.549999978204,2.549999722842,2.549997116741,2.549975479881,2.549829401355,2.549027008179,2.545436513061,2.532320181037,2.493079033723,2.396483008289,2.199574662354,1.864229534692,1.380297593112,,1.076802201601,1.851933333333
2340,2.550000000000,2.550000000000,2.550000000000,2.549999999992,2.549999999840,2.549999997255,2.549999960977,2.549999542131,2.549995577606,2.549964863158,2.549770182765,2.548760140995,2.544465312026,2.529466480329,2.486308687778,2.383516640075,2.179561039001,1.839462682532,1.356048894082,,1.071152012243,1.849300000000
2400,2.550000000000,2.550000000000,2.549999999999,2.549999999982,2.549999999669,2.549999994813,2.549999932108,2.549999262120,2.549993358963,2.549950540201,2.549694958021,2.548439009089,2.543351526237,2.526328511109,2.479127006462,2.370167335640,2.159440904234,1.815002021687,1.332406287311,,1.065739114818,1.846666666667
2460,2.550000000000,2.550000000000,2.549999999998,2.549999999961,2.549999999340,2.549999990495,2.549999884992,2.549998837947,2.549990221611,2.549931523469,2.549600641060,2.548056582932,2.542084437897,2.522898508142,2.471540727068,2.356461812691,2.139247907543,1.790868734405,1.309348644956,,1.060563535590,1.844033333333
2520,2.550000000000,2.550000000000,2.549999999995,2.549999999918,2.549999998726,2.549999983071,2.549999809958,2.549998208805,2.549985863524,2.549906647688,2.549483813633,2.547605556977,2.540653721910,2.519170010629,2.463557852265,2.342422852014,2.119001916554,1.767058528467,1.286877769050,,1.055594904677,1.841400000000
2580,2.550000000000,2.549999999999,2.549999999990,2.549999999833,2.549999997615,2.549999970639,2.549999693167,2.549997293744,2.549979909385,2.549874553443,2.549340727013,2.547078379403,2.539049400930,2.515137819912,2.455187954718,2.328077634200,2.098736680707,1.743601204874,1.264964943392,,1.050655754638,1.838766666667
2640,2.550000000000,2.549999999999,2.549999999978,2.549999999672,2.549999995657,2.549999950327,2.549999515216,2.549995986994,2.549971899673,2.549833678376,2.549167320269,2.546467395295,2.537262287475,2.510799097261,2.446444713231,2.313456979862,2.078484828051,1.720504548597,1.243526981043,,1.045925493690,1.836133333333
2700,2.549999999999,2.549999999997,2.549999999954,2.549999999373,2.549999992300,2.549999917895,2.549999249437,2.549994152550,2.549961280116,2.549782246118,2.548959250817,2.545764905568,2.535283869157,2.506151862105,2.437339335127,2.298579921608,2.058252257192,1.697738868117,1.222615087522,,1.041414980969,1.833500000000
2760,2.549999999999,2.549999999993,2.549999999908,2.549999998835,2.549999986681,2.549999867214,2.549998859847,2.549991618453,2.549947390741,2.549718262168,2.548711889672,2.544963125989,2.533105917136,2.501194387530,2.427883100613,2.283469079924,2.038064646853,1.675327262276,1.202197234994,,1.036922071122,1.830866666667
2820,2.549999999997,2.549999999985,2.549999999822,2.549999997891,2.549999977492,2.549999789606,2.549998298712,2.549988170089,2.549929454754,2.549639500713,2.548420354349,2.544054329108,2.530721234863,2.495927728369,2.418092689390,2.268156121942,2.017955389649,1.653289076512,1.182183730802,,1.032460639700,1.828233333333
2880,2.549999999993,2.549999999969,2.549999999662,2.549999996275,2.549999962789,2.549999673003,2.549997503734,2.549983543778,2.549906569716,2.549543519731,2.548079580268,2.543031071924,2.528123834104,2.490354726587,2.407984942527,2.252665268962,1.997937422117,1.631599021573,1.162575724737,,1.028197854616,1.825600000000
2940,2.549999999986,2.549999999939,2.549999999377,2.549999993573,2.549999939737,2.549999500925,2.549996394873,2.549977419448,2.549877699863,2.549427657508,2.547684341020,2.541886080422,2.525308214002,2.484477892508,2.397572549992,2.237012244613,1.978014858658,1.610241827376,1.143424048371,,1.024022382132,1.822966666667
3000,2.549999999971,2.549999999882,2.549999998877,2.549999989152,2.549999904289,2.549999251251,2.549994870782,2.549969414037,2.549841667428,2.549289037587,2.547229247949,2.540612229781,2.522269559663,2.478301002627,2.386872466519,2.221224519783,1.958217259153,1.589242512003,1.124594315707,,1.019826592807,1.820333333333
3060,2.549999999942,2.549999999778,2.549999998024,2.549999982067,2.549999850765,2.549998894731,2.549992804861,2.549959073448,2.549797147151,2.549124581285,2.546708848974,2.539202902587,2.519004449382,2.471830223814,2.375902282478,2.205323111723,1.938551581862,1.568578156691,1.106127017003,,1.015760644481,1.817700000000
3120,2.549999999888,2.549999999593,2.549999996599,2.549999970929,2.549999771331,2.549998393308,2.549990041068,2.549945866779,2.549742664060,2.548931026487,2.546117658817,2.537651791248,2.515510148275,2.465071477757,2.364677508840,2.189325211543,1.919022255379,1.548225556568,1.088058493250,,1.011919665228,1.815066666667
3180,2.549999999789,2.549999999269,2.549999994266,2.549999953746,2.549999655359,2.549997698118,2.549986389462,2.549929179045,2.549676590172,2.548704940723,2.545450157074,2.535952903431,2.511784060619,2.458029219165,2.353207514808,2.173233757210,1.899612712987,1.528156969626,1.070494892547,,1.008306711858,1.812433333333
3240,2.549999999611,2.549999998718,2.549999990524,2.549999927696,2.549999488654,2.549996747333,2.549981621412,2.549908304378,2.549597137944,2.548442697081,2.544700731336,2.534100243593,2.507823540209,2.450708004369,2.341504529106,2.157065908504,1.880342180445,1.508412675702,1.053278445001,,1.004725284711,1.809800000000
3300,2.549999999300,2.549999997796,2.549999984630,2.549999888855,2.549999252520,2.549995463574,2.549975464435,2.549882439440,2.549502357822,2.548140516249,2.543863797784,2.532088348226,2.503627459348,2.443115195256,2.329584683240,2.140839861328,1.861221249967,1.488991536859,1.036397962997,,1.001224768042,1.807166666667
3360,2.549999998769,2.549999996288,2.549999975512,2.549999831854,2.549998922667,2.549993751204,2.549967597143,2.549850677122,2.549390146002,2.547794493805,2.542933890752,2.529912375134,2.499195569019,2.435258563827,2.317462756041,2.124570952940,1.842261012428,1.469893605641,1.019770000692,,0.997702899898,1.804533333333
3420,2.549999997878,2.549999993863,2.549999961642,2.549999749441,2.549998467944,2.549991493340,2.549957644209,2.549812005024,2.549258248764,2.547400619956,2.541905692851,2.527568037665,2.494528665110,2.427147648250,2.305156555306,2.108279873853,1.823478903378,1.451115777687,1.003379033024,,0.994208584876,1.801900000000
3480,2.549999996414,2.549999990037,2.549999940878,2.549999631974,2.549997848896,2.549988548637,2.549945171723,2.549765300734,2.549104273983,2.546954844284,2.540774131520,2.525051741339,2.489628668366,2.418792349319,2.292681552794,2.091979963141,1.804877161846,1.432636741069,,,0.990696623072,1.799266666667
3540,2.549999994053,2.549999984098,2.549999910263,2.549999466793,2.549997016151,2.549984748161,2.549929682757,2.549709331157,2.548925701949,2.546453077121,2.539534350183,2.522360529053,2.484498189580,2.410203258430,2.280055135672,2.075690918896,1.786470794164,1.414455515719,,,0.987179481173,1.796633333333
3600,2.549999990315,2.549999975031,2.549999865773,2.549999237498,2.549995908630,2.549979891784,2.549910613324,2.549642754721,2.548719900032,2.545891230314,2.538181856596,2.519492197880,2.479140891849,2.401391432445,2.267291950085,2.059421306909,1.768247987965,1.396524248411,,,0.983840795663,1.794000000000
3660,2.549999984493,2.549999961382,2.549999801844,2.549998921816,2.549994443306,2.549973699408,2.549887111436,2.549563215700,2.548480848068,2.545254783758,2.536682977644,2.516371918303,2.473399856409,2.392052960866,2.253856883760,2.042321937252,1.748994790181,1.377290002092,,,0.980651037853,1.790966666667
3720,2.549999975569,2.549999941146,2.549999711310,2.549998493349,2.549992531942,2.549965916374,2.549858575347,2.549469679337,2.548207870490,2.544547233019,2.535056503610,2.513058320126,2.467417689255,2.382480112074,2.240273068351,2.025226433937,1.729906812092,1.358337772187,,,0.977493001326,1.787933333333
3780,2.549999962101,2.549999911560,2.549999584698,2.549997918270,2.549990063240,2.549956218281,2.549824185320,2.549360383281,2.547897824564,2.543764135807,2.533297921589,2.509549492313,2.461198012789,2.372683061753,2.226554397096,2.008144401795,1.710983142426,1.339649631362,,,0.974459371630,1.784900000000
3840,2.549999942074,2.549999868881,2.549999409740,2.549997154613,2.549986904602,2.549944233080,2.549783035158,2.549233446697,2.547547480796,2.542901087425,2.531403031586,2.505843912504,2.454744385837,2.362670524937,2.212710953687,1.991081905961,1.692224986340,1.321230384097,,,0.971441354596,1.781866666667
3900,2.549999912709,2.549999808100,2.549999170732,2.549996150826,2.549982899413,2.549929537403,2.549734128753,2.549086877163,2.547153529581,2.541953769736,2.529367895617,2.501940495987,2.448060954926,2.352452511075,2.198756626947,1.974053011952,1.673646112509,1.303082996361,,,0.968406127429,1.778833333333
3960,2.549999870230,2.549999722594,2.549998847783,2.549994844191,2.549977864176,2.549911652976,2.549676380808,2.548918574056,2.546712606569,2.540917954713,2.527189025923,2.497839090174,2.441153285978,2.342040423157,2.184705355378,1.957069282905,1.655250840403,1.285183999093,,,0.965413728676,1.775800000000
4020,2.549999809570,2.549999603708,2.549998415957,2.549993159109,2.549971585871,2.549890043525,2.549608615551,2.548726338755,2.546221323965,2.539789620930,2.524863362664,2.493540104854,2.434027103555,2.331444941730,2.170569335111,1.940139336233,1.637040442711,1.267527875548,,,0.962382913288,1.772766666667
4080,2.549999724014,2.549999440259,2.549997844304,2.549991005260,2.549963818862,2.549864112467,2.549529567189,2.548507885438,2.545676286143,2.538564890907,2.522388287114,2.489044523119,2.426688857410,2.320677780073,2.156363026736,1.923277444932,1.619024369036,1.250102999011,,,0.959283213809,1.769733333333
4140,2.549999604765,2.549999217956,2.549997094801,2.549988275713,2.549954282682,2.549833200551,2.549437884151,2.548260857662,2.545074122332,2.537240153104,2.519761736964,2.484354206375,2.419146165604,2.309751533884,2.142100151276,1.906492030991,1.601195384680,1.232866870753,,,0.956306234338,1.766700000000
4200,2.549999440441,2.549998918728,2.549996121156,2.549984844937,2.549942658823,2.549796584797,2.549332133212,2.547982837398,2.544411515659,2.535812044421,2.516982042345,2.479471183754,2.411405160324,2.298674106987,2.127784627709,1.889776147437,1.583531319400,1.215834609632,,,0.953389642555,1.763666666667
4260,2.549999216468,2.549998519949,2.549994867530,2.549980566782,2.549928589304,2.549753477361,2.549210800568,2.547671349898,2.543685167515,2.534277273195,2.514047533346,2.474397055517,2.403471421246,2.287453782580,2.113425708107,1.873138471789,1.566040355369,1.199014272096,,,0.950491664372,1.760633333333
4320,2.549998914397,2.549997993583,2.549993267129,2.549975272362,2.549911672953,2.549703023658,2.549072290775,2.547323870084,2.542891813592,2.532632779192,2.510956922816,2.469134079339,2.395351148899,2.276099102430,2.099029359386,1.856575645451,1.548706823222,1.182384392854,,,0.947766680596,1.757600000000
4380,2.549998511099,2.549997305188,2.549991240749,2.549968767881,2.549891464514,2.549644301878,2.548914935907,2.546937822084,2.542028239974,2.530875618046,2.507709061234,2.463684045857,2.387048978500,2.264614973468,2.084597455626,1.840085081208,1.531531887468,1.165995986510,,,0.944985733872,1.754566666667
4440,2.549997977865,2.549996412834,2.549988695126,2.549960832441,2.549867470776,2.549576321818,2.548736991925,2.546510594268,2.541091254482,2.529002956531,2.504302981711,2.458049374757,2.378571682409,2.253013263777,2.070147824944,1.823692049758,1.514551309777,1.149801208287,,,0.942067230576,1.751533333333
4500,2.549997279377,2.549995265897,2.549985521227,2.549951215769,2.549839150187,2.549498024453,2.548536647836,2.546039557709,2.540077818147,2.527012484128,2.500738822318,2.452234636514,2.369929156550,2.241307668836,2.055693050969,1.807400470063,1.497749726896,1.133741292949,,,0.939219412407,1.748500000000
4560,2.549996372577,2.549993803714,2.549981592494,2.549939636298,2.549805910545,2.549408288864,2.548312046442,2.545522121405,2.538985101452,2.524902285634,2.497017193129,2.446243983910,2.361128482705,2.229504870554,2.041234225402,1.791202451661,1.481103474269,1.117851942414,,,0.936460981060,1.745466666667
4620,2.549995205440,2.549991954267,2.549976763258,2.549925779516,2.549767110532,2.549305934195,2.548061286054,2.544955716398,2.537810370228,2.522670506033,2.493138463891,2.440080686336,2.352175054479,2.217610431327,2.026774460024,1.775096557732,1.464606825422,1.102140782955,,,0.933780594639,1.742433333333
4680,2.549993715655,2.549989632679,2.549970866898,2.549909296306,2.549722057100,2.549189719138,2.547782422440,2.544337765488,2.536550958323,2.520315431166,2.489102946274,2.433747796244,2.343073874140,2.205628511018,2.012314191745,1.759077069751,1.448254208400,1.086632579180,,,0.931178275331,1.739400000000
4740,2.549991829175,2.549986739617,2.549963713950,2.549889800893,2.549670005051,2.549058342206,2.547473464358,2.543665707191,2.535204259643,2.517835399751,2.484911086096,2.427248330107,2.333830241803,2.193565759763,1.997860362215,1.743151139923,1.432058661784,1.071310119271,,,0.928600100357,1.736366666667
4800,2.549989458655,2.549983159682,2.549955090277,2.549866868976,2.549610156099,2.548910441722,2.547132380947,2.542936981663,2.533767790213,2.515229019865,2.480563689197,2.420586043217,2.324450209152,2.181428770348,1.983416873104,1.727318170445,1.416017678771,1.056161426670,,,0.926007415115,1.733333333333
4860,2.549986501776,2.549978759541,2.549944755143,2.549840036157,2.549541657526,2.548744602869,2.546757114411,2.542149090455,2.532239209862,2.512495123165,2.476061883530,2.413764840669,2.314940200547,2.169225154388,1.968992185530,1.711588858557,1.400144519356,1.041140742076,,,0.923335782907,1.730300000000
4920,2.549982839511,2.549973386155,2.549932439297,2.549808796683,2.549463605860,2.548559360965,2.546345590323,2.541299580306,2.530616364400,2.509632947367,2.471407443763,2.406789839675,2.305308503130,2.156965193051,1.954595790127,1.695968792413,1.384428824715,1.026231817615,,,0.920741471212,1.727266666667
4980,2.549978334331,2.549966865043,2.549917843254,2.549772602722,2.549375045068,2.548353209598,2.545895739240,2.540386116998,2.528897374270,2.506642122247,2.466602495663,2.399665802033,2.295561109133,2.144652924655,1.940226668245,1.680450556392,1.368856767822,1.011489704686,,,0.918104529924,1.724233333333
5040,2.549972828427,2.549958998392,2.549900636241,2.549730864198,2.549274972923,2.548124605012,2.545405498885,2.539406435013,2.527080476599,2.503522349939,2.461649068674,2.392397485652,2.285705588528,2.132299195491,1.925900485523,1.665055681684,1.353455754701,0.996773875553,,,0.915327007561,1.721200000000
5100,2.549966141914,2.549949563421,2.549880454423,2.549682948374,2.549162340547,2.547871974388,2.544872825028,2.538358389411,2.525164221163,2.500273992380,2.456550512818,2.384991831525,2.275751825498,2.119914500307,1.911623785714,1.649779695323,1.338193989081,0.982129753673,,,0.912588335664,1.718166666667
5160,2.549958071047,2.549938310769,2.549856899718,2.549628180860,2.549036056894,2.547593732067,2.544295733547,2.537240031159,2.523147462990,2.496897752400,2.451310019278,2.377454312939,2.265705656082,2.107501665764,1.897392152642,1.634606482254,1.323037992248,0.967655626515,,,0.910014274361,1.715133333333
5220,2.549948386661,2.549924962951,2.549829540103,2.549565847173,2.548894998375,2.547288280759,2.543672279898,2.536049472301,2.521029122122,2.493394055531,2.445929795445,2.369787843150,2.255568380900,2.095057153182,1.883195152003,1.619518510037,1.307985666930,0.953387353735,,,0.907498247630,1.712100000000
5280,2.549936832578,2.549909213136,2.549797908026,2.549495192278,2.548738001029,2.546953997979,2.543000516809,2.534784837920,2.518807977901,2.489762911967,2.440411250220,2.361995036604,2.245343637510,2.082586619033,1.869042799616,1.604534066479,1.293081964286,0.939138401923,,,0.904850600588,1.709066666667
5340,2.549923123722,2.549890723302,2.549761498399,2.549415418545,2.548563859040,2.546589240509,2.542278500561,2.533444301117,2.516482992608,2.486004913256,2.434757379446,2.354081727461,2.235040057316,2.070100464716,1.854944443661,1.589658359138,1.278309675109,0.924990982832,,,0.902269813129,1.706033333333
5400,2.549906944189,2.549869122184,2.549719768522,2.549325686761,2.548371335163,2.546192358983,2.541504358369,2.532026220840,2.514053520048,2.482121213243,2.428971584409,2.346053091256,2.224662701513,2.057600458705,1.840895128625,1.574880199198,1.263649918858,0.910928534879,,,0.899661083532,1.703000000000
5460,2.549887951122,2.549844035445,2.549672289196,2.549225662379,2.548160816917,2.545766202550,2.540687353536,2.530554072094,2.511570822827,2.478212028384,2.423232695607,2.338203746536,2.214663162817,2.045734378785,1.827769018129,1.561314218571,1.250460562991,0.898616890877,,,0.897122122381,1.700400000000
5520,2.549865771803,2.549815017709,2.549618361513,2.549114080454,2.547929834065,2.545305693547,2.539816783942,2.529005383486,2.508989205638,2.474189262865,2.417381199166,2.330264008028,2.204616200519,2.033875953809,1.814703096746,1.547842514560,1.237372614588,,,,0.894622067779,1.697800000000
5580,2.549839996466,2.549781601580,2.549557346742,2.548990028046,2.547677145284,2.544809328768,2.538891129566,2.527379067597,2.506308562700,2.470054081825,2.411419458147,2.322236878073,2.194524888227,2.022029128843,1.801704359415,1.534478784963,1.224415680447,,,,0.892011870909,1.695200000000
5640,2.549810181038,2.549743285324,2.549488570572,2.548852561266,2.547401491914,2.544275611503,2.537908912210,2.525674121327,2.503528931796,2.465808075529,2.405350888878,2.314127411986,2.184395462026,2.010199903247,1.788776965186,1.521223760763,1.211568395929,,,,0.889409453127,1.692600000000
5700,2.549775846097,2.549699530667,2.549411323504,2.548700706326,2.547101607436,2.543703074836,2.536868754470,2.523889734190,2.500650633207,2.461453195828,2.399179162188,2.305940491418,2.174232680539,1.998391433405,1.775920557907,1.508071527062,1.198813586195,,,,0.886849655300,1.690000000000
5760,2.549736476611,2.549649764332,2.549324862271,2.548533463976,2.546776220857,2.543090292488,2.535769367775,2.522025236737,2.497674161066,2.456991378679,2.392907375244,2.297679468295,2.164038363464,1.986601954428,1.763129082465,1.495011713014,1.186153162847,,,,0.884320909648,1.687400000000
5820,2.549691522025,2.549593377722,2.549228411536,2.548349814110,2.546424060593,2.542435868485,2.534609528088,2.520079992245,2.494599903397,2.452424267571,2.386538292676,2.289347683667,2.153816397336,1.974836729746,1.750410868675,1.482058065235,1.173609840572,,,,0.881659924622,1.684800000000
5880,2.549640395942,2.549529726761,2.549121164127,2.548148714920,2.546043856896,2.541738435343,2.533388071473,2.518053503595,2.491428506883,2.447754107661,2.380075965677,2.280951002317,2.143573848932,1.963103120244,1.737771564376,1.469211961976,1.161154209523,,,,0.879023970140,1.682200000000
5940,2.549582476040,2.549458133299,2.549002282484,2.547929107360,2.545634346745,2.540996688609,2.532103985200,2.515945529793,2.488161046731,2.442983554774,2.373524563427,2.272494084653,2.133314250439,1.951400458437,1.725202716651,1.456451531939,1.148754599529,,,,0.876545303258,1.679600000000
6000,2.549517105464,2.549377885057,2.548870903380,2.547689922409,2.545194291343,2.540209390832,2.530756358979,2.513755908534,2.484798432292,2.438114542410,2.366886100901,2.263977285429,2.123033268794,1.939717203643,1.712684569218,1.443751698740,1.136435810976,,,,0.874219635778,1.677000000000
6060,2.549443594023,2.549288239786,2.548726139315,2.547430079913,2.544722460405,2.539375311941,2.529344230230,2.511484236063,2.481340902915,2.433147739502,2.360161015501,2.255400098154,2.112730121341,1.928054651487,1.700225014013,1.431136070047,1.124253600761,,,,0.871801924033,1.674400000000
6120,2.549361216529,2.549188420481,2.548567072795,2.547148477904,2.544217596739,2.538493195867,2.527866600955,2.509130062869,2.477788862416,2.428084549306,2.353352037021,2.246767050169,2.102411518246,1.916422240311,1.687836351079,1.418624215629,1.112185718758,,,,0.869238248680,1.671800000000
6180,2.549269210575,2.549077614356,2.548392755159,2.546843992972,2.543678452520,2.537561831685,2.526322586198,2.506693268972,2.474143392456,2.422927692758,2.346463692100,2.238084433905,2.092085280312,1.904827843726,1.675524218253,1.406213555805,1.100174101692,,,,0.866773905337,1.669200000000
6240,2.549166778598,2.548954976751,2.548202213652,2.546515498092,2.543103813774,2.536580113979,2.524711546830,2.504174062066,2.470405962458,2.417679956704,2.339499551041,2.229355040812,2.081750242849,1.893262863896,1.663270601416,1.393873307845,1.088235014240,,,,0.864389247750,1.666600000000
6300,2.549053092659,2.548819633873,2.547994458907,2.546161870349,2.542492498071,2.535547004539,2.523032856394,2.501572554680,2.466577496929,2.412342814510,2.332460996479,2.220579411349,2.071406477422,1.881729043319,1.651083107726,1.381620484823,1.076400293207,,,,0.861950935607,1.664000000000
6360,2.548927295941,2.548670688531,2.547768485990,2.545781985626,2.541843343812,2.534461472564,2.521285902891,2.498888827506,2.462658985879,2.406918336075,2.325351090855,2.211761634707,2.061058992294,1.870231976899,1.638966770570,1.369460394876,1.064644983195,,,,0.859414764826,1.661400000000
6420,2.548788501547,2.548507214243,2.547523270338,2.545374716428,2.541155198648,2.533322549133,2.519470190462,2.496123196080,2.458651859045,2.401409112845,2.318173660428,2.202906482753,2.050713122756,1.858777410777,1.626927389294,1.357397006820,1.052942511627,,,,0.856836895015,1.658800000000
6480,2.548635795148,2.548328261027,2.547257775109,2.544938944726,2.540426966076,2.532129365211,2.517585380684,2.493276240240,2.454557895894,2.395818309888,2.310932975676,2.194018818473,2.040373659161,1.847368975102,1.614966271119,1.345423461920,1.041283998800,,,,0.854201381845,1.656200000000
6540,2.548468240174,2.548132862284,2.546970958965,2.544473574541,2.539657608249,2.530881166256,2.515631339314,2.490348725610,2.450379060898,2.390149016018,2.303632949339,2.185102588243,2.030043195660,1.836006241800,1.603076703681,1.333519326011,1.029647325344,,,,0.851753545175,1.653600000000
6600,2.548284883226,2.547920036415,2.546661783108,2.543977537206,2.538846145616,2.529577292496,2.513608002498,2.487341478441,2.446117059793,2.384403466440,2.296275212967,2.176156980650,2.019716104092,1.824676579049,1.591238569538,1.321662505147,1.018113696716,,,,0.849324739942,1.651000000000
6660,2.548084756951,2.547688795700,2.546329213136,2.543449783025,2.537991637067,2.528217083068,2.511515193804,2.484254918029,2.441772758361,2.378582545780,2.288860269123,2.167182240066,2.009394236490,1.813387136285,1.579468438814,1.309890867431,1.006655233536,,,,0.846785591470,1.648400000000
6720,2.547866876004,2.547438134761,2.545972204366,2.542889260913,2.537093116542,2.526799857759,2.509352738903,2.481089559161,2.437347579439,2.372688836963,2.281392130922,2.158184164634,1.999084893018,1.802145134912,1.567770329087,1.298201495578,0.995228589231,,,,0.844248721454,1.645800000000
6780,2.547630234976,2.547167031137,2.545589705994,2.542294932466,2.536149693103,2.525325057446,2.507120687416,2.477846335864,2.432843542547,2.366725344072,2.273874358101,2.149165790470,1.988788859820,1.790946673802,1.556134526046,1.286573540336,0.983846707818,,,,0.841792390690,1.643200000000
6840,2.547373817341,2.546874458779,2.545180673867,2.541665794583,2.535160522245,2.523792225637,2.504819183605,2.474526194846,2.428262297053,2.360694063585,2.266308433065,2.140127056121,1.978503574527,1.779786862498,1.544555780660,1.275006200670,0.972543535990,,,,0.839306642428,1.640600000000
6900,2.547096600953,2.546559386306,2.544744077724,2.541000868289,2.534124812364,2.522200915440,2.502448331002,2.471129858637,2.423605152411,2.354596648865,2.258696243202,2.131070205317,1.968232246319,1.768670654186,1.533040327506,1.263506579499,0.961276718510,,,,0.836910720417,1.638000000000
6960,2.546797555601,2.546220780782,2.544278889421,2.540299188872,2.533041776241,2.520550714239,2.500008276169,2.467658152210,2.418873672470,2.348435193854,2.251039661270,2.121995505118,1.957971358887,1.757587906397,1.521569930389,1.252051106199,0.950120965402,,,,0.834600171324,1.635400000000
7020,2.546475643782,2.545857604780,2.543784086435,2.539559808743,2.531910673840,2.518841228337,2.497499097241,2.464111703859,2.414068737045,2.342210327720,2.243338623641,2.112901980903,1.947719870204,1.746540333649,1.510153359270,1.240665720861,0.939033192335,,,,0.832230810556,1.632800000000
7080,2.546129819506,2.545468810964,2.543258641650,2.538781783483,2.530730736922,2.517072021188,2.494920820929,2.460491039442,2.409191415887,2.335923693522,2.235595348807,2.103792664532,1.937481897457,1.735532956298,1.498797060601,1.229357868448,0.927981040004,,,,0.829806059223,1.630200000000
7140,2.545759024368,2.545053347838,2.542701528178,2.537964175106,2.529501240299,2.515242719922,2.492273621121,2.456797007105,2.404243358760,2.329577768172,2.227813091782,2.094671588387,1.927261998612,1.724570774639,1.487506288178,1.218123419608,0.916949866863,,,,0.827402538216,1.627600000000
7200,2.545362195182,2.544610158567,2.542111730983,2.537106080608,2.528221515744,2.513353088085,2.489557877499,2.453030793684,2.399226551753,2.323175164783,2.219994713040,2.085540835607,1.917060148487,1.713650123148,1.476272628198,1.206944675119,0.905967772581,,,,0.824988433434,1.625000000000
7260,2.544938652991,2.544140030962,2.541495327234,2.536225520745,2.526933359053,2.511488492175,2.486933292445,2.449470732987,2.394596921159,2.317421620941,2.213176655665,2.077849790664,1.908812936436,1.705253087952,1.468162112328,1.199506016803,0.899383256628,,,,0.822524834456,1.623800000000
7320,2.544487827833,2.543641214976,2.540846226813,2.535306305735,2.525599842292,2.509572866482,2.484255239938,2.445860224722,2.389926855641,2.311644901115,2.206358227140,2.070183291565,1.900612851336,1.696919536251,1.460122515121,1.192131943328,0.892784581798,,,,0.819932624985,1.622600000000
7380,2.544008837865,2.543112865080,2.540163693413,2.534347917485,2.524220785487,2.507606475107,2.481524524747,2.442200578678,2.385218142075,2.305847118505,2.199542047087,2.062544921474,1.892465230858,1.688657158400,1.452162217913,1.184820823749,0.886147789634,,,,0.817345397081,1.621400000000
7440,2.543500821685,2.542554157423,2.539447030541,2.533349885734,2.522796079510,2.505589727245,2.478742155675,2.438493477693,2.380473068098,2.300031013848,2.192730653225,2.054935903884,1.884368259873,1.680458632594,1.444266152041,1.177547106223,0.879546531792,,,,0.814728437438,1.620200000000
7500,2.542962949986,2.541964301084,2.538695579122,2.532311807023,2.521325703619,2.503523088531,2.475909161601,2.434740440801,2.375693340675,2.294198043232,2.185924901201,2.047356431621,1.876322110821,1.672325392259,1.436436450524,1.170317347041,0.872944769284,,,,0.812158657911,1.619000000000
7560,2.542394430327,2.541342551898,2.537908738942,2.531233328412,2.519809681567,2.501407074530,2.473026548063,2.430942901780,2.370880652842,2.288349734316,2.179125532129,2.039805544271,1.868322672193,1.664248089193,1.428657227275,1.163114721793,0.866418818226,,,,0.809621979978,1.617800000000
7620,2.541794502183,2.540688195562,2.537085935588,2.530114132317,2.518248053280,2.499242123944,2.470095194466,2.427101965483,2.366035972440,2.282486517494,2.172332036136,2.032282033493,1.860369166714,1.656228555572,1.420935936990,1.155963612724,0.859872715044,,,,0.806999004531,1.616600000000
7680,2.541162428865,2.540000538185,2.536226618760,2.528953908336,2.516640840334,2.497028676227,2.467115893582,2.423218733497,2.361160602884,2.276609836717,2.165546249574,2.024788314438,1.852464718918,1.648269919566,1.413275445741,1.148860664195,0.853327871809,,,,0.804382442871,1.615400000000
7740,2.540497491461,2.539278908454,2.535330262561,2.527752373080,2.514988107274,2.494767199743,2.464089597871,2.419294614104,2.356256332604,2.270721665388,2.158769951242,2.017325441900,1.844608695776,1.640368385698,1.405667511613,1.141787260205,0.846845868178,,,,0.801856812748,1.614200000000
7800,2.539799001085,2.538522668470,2.534396370442,2.526509295865,2.513289979784,2.492458281043,2.461017304364,2.415330913028,2.351324435224,2.264822757856,2.152002533344,2.009890479322,1.836794830129,1.632514486271,1.398101592612,1.134745080843,0.840406478773,,,,0.799295213359,1.613000000000
7860,2.539066304728,2.537731213721,2.533424497621,2.525224471824,2.511546581711,2.490102376193,2.457899778857,2.411328465836,2.346365537252,2.258913204218,2.145243716942,2.002483390377,1.829024712491,1.624712972278,1.390586144891,1.127745761923,0.834000456093,,,,0.796820885906,1.611800000000
7920,2.538298769771,2.536903956304,2.532414195274,2.523897690776,2.509758010018,2.487699929566,2.454737756807,2.407288219782,2.341380647935,2.252993787603,2.138493378942,1.995102022425,1.821292257409,1.616951945822,1.383104256066,1.120771960638,0.827702301477,,,,0.794391973426,1.610600000000
7980,2.537495778312,2.536040329699,2.531365036207,2.522528748956,2.507924349269,2.485251305224,2.451531815827,2.403210736645,2.336369935334,2.247064048765,2.131750419699,1.987745474210,1.813599181900,1.609239585632,1.375675510736,1.113864066348,0.821342642516,,,,0.791847322685,1.609400000000
8040,2.536656721389,2.535139769845,2.530276589689,2.521117419618,2.506045640002,2.482756836957,2.448282530573,2.399096871512,2.331334639331,2.241125759994,2.125017695230,1.980417996633,1.805950654783,1.601580730869,1.368302279963,1.107003121199,0.814995286275,,,,0.789327206426,1.608200000000
8100,2.535781000317,2.534201719098,2.529148435868,2.519663523191,2.504122011402,2.480217029432,2.444990859171,2.394947991908,2.326276474887,2.235180785227,2.118296584954,1.973119659880,1.798344555938,1.593970839183,1.360978905852,1.100181734318,0.808671129221,,,,0.786789381824,1.607000000000
8160,2.534868057578,2.533225674569,2.527980226517,2.518166949425,2.502153675103,2.477632483097,2.441657757505,2.390765325051,2.321196753193,2.229230462448,2.111588478380,1.965852316429,1.790784018943,1.586415120936,1.353709717295,1.093397978875,0.802391079219,,,,0.784322105513,1.605800000000
8220,2.533917385213,2.532211180634,2.526771649671,2.516627643710,2.500140914837,2.475003849000,2.438284261991,2.386550211755,2.316096951344,2.223275775333,2.104893003625,1.958612393105,1.783259900885,1.578896544465,1.346469680610,1.086630439533,0.796203460057,,,,0.781902106172,1.604600000000
8280,2.532928524637,2.531157827018,2.525522455745,2.515045590680,2.498084007837,2.472331682732,2.434871056881,2.382303185546,2.310976998161,2.217315750470,2.098208195866,1.951398164203,1.775773477808,1.571423492059,1.339277570386,1.079917712782,0.790019192101,,,,0.779477882319,1.603400000000
8340,2.531901040000,2.530065224213,2.524232389270,2.513420736606,2.495983136875,2.469616388731,2.431418716089,2.378024942129,2.305837712057,2.211351420489,2.091535414510,1.944211164888,1.768325710136,1.563994974708,1.332131046531,1.073251810300,0.783782140329,,,,0.776963490868,1.602200000000
8400,2.530834499327,2.528932989600,2.522901191133,2.511753037670,2.493838520172,2.466858468723,2.427928018031,2.373716474903,2.300680296413,2.205384176607,2.084876674401,1.937054761343,1.760922755943,1.556621139982,1.325044105474,1.066635866753,0.777544509078,,,,0.774452242050,1.601000000000
8460,2.529728497039,2.527760764584,2.521528655137,2.510042506139,2.491650460013,2.464058595069,2.424400040799,2.369379303695,2.295506656271,2.199416298306,2.078233964543,1.929929412307,1.753561060755,1.549291685497,1.317996542625,1.060034824322,,,,,0.772011093749,1.599800000000
8520,2.528582684837,2.526548247806,2.520114630008,2.508289247447,2.489419389705,2.461217528848,2.420835818990,2.365014533408,2.290317635035,2.193447710235,2.071605766655,1.922831946881,1.746236410311,1.542002685584,1.310984992956,1.053460346225,,,,,0.769636433384,1.598600000000
8580,2.527396772699,2.525295205475,2.518659024852,2.506493378627,2.487145678459,2.458335857748,2.417236031864,2.360622738534,2.285113368424,2.187477805099,2.064990419100,1.915759341754,1.738944378595,1.534748590572,1.304004705663,1.046920959278,,,,,0.767253273649,1.597400000000
8640,2.526170488648,2.524001409860,2.517161736541,2.504654977190,2.484829598537,2.455413999471,2.413601119316,2.356204208070,2.279893837896,2.181506266532,2.058387742261,1.908712666355,1.731689135901,1.527538750080,1.297072901931,1.040437993591,,,,,0.764831977029,1.596200000000
8700,2.524903551378,2.522666612560,2.515622630762,2.502774087536,2.482471388186,2.452452389858,2.409931721607,2.351759797737,2.274660266012,2.175534880151,2.051800296159,1.901695314471,1.724474312091,1.520375740278,1.290190384703,1.033996261365,,,,,0.762357482773,1.595000000000
8760,2.523595689362,2.521290591466,2.514041617379,2.500850809584,2.480071395679,2.449451689588,2.406228816902,2.347290803088,2.269414178792,2.169565406042,2.045229875387,1.894708893119,1.717301082868,1.513260359989,1.283356334720,1.027585465706,,,,,0.759892768555,1.593800000000
8820,2.522246686408,2.519873179684,2.512418657368,2.498885335462,2.477630107271,2.446412683784,2.402493497974,2.342798552284,2.264157050926,2.163599069674,2.038677206767,1.887753004191,1.710167261553,1.506187737401,1.276560957125,1.021192529714,,,,,0.757448893664,1.592600000000
8880,2.520856397119,2.518414275422,2.510753800794,2.496877926070,2.475148046818,2.443336160675,2.398726725319,2.338284003331,2.258889530937,2.157635928762,2.032141208216,1.880825176569,1.703068943476,1.499153054181,1.269798860969,1.014823168381,,,,,0.755069276618,1.591400000000
8940,2.519424728251,2.516913830679,2.509047127881,2.494828846327,2.472625684273,2.440222745883,2.394929172074,2.333747728101,2.253611877303,2.151675778835,2.025621349391,1.873925065071,1.696007036117,1.492159844316,1.263078269240,1.008498742279,,,,,0.752601932018,1.590200000000
9000,2.517951602051,2.515371812305,2.507298703556,2.492738334648,2.470063434881,2.437073032514,2.391101554889,2.329190519291,2.248325018596,2.145719865757,2.019119552514,1.867055566291,1.688985314404,1.485210984301,1.256398184137,1.002194123468,,,,,0.750256756546,1.589000000000
9060,2.516436920871,2.513788047372,2.505508118116,2.490605441245,2.467459386440,2.433883507267,2.387237910797,2.324602807382,2.243014291159,2.139746549038,2.012604737957,1.860173049179,1.681943928133,1.478227537348,1.249660168452,0.995812780527,,,,,0.748080789061,1.587766666667
9120,2.514880622477,2.512162613765,2.503675901875,2.488431528453,2.464816186014,2.430658647142,2.383345138331,2.319994619496,2.237693609710,2.133774519069,2.006101756036,1.853310920328,1.674928927317,1.471274224168,1.242956059622,0.989504255315,,,,,0.745755407349,1.586533333333
9180,2.513282661728,2.510495502375,2.501802112788,2.486216739514,2.462134030788,2.427398592313,2.379423295246,2.315365901794,2.232363041505,2.127804721179,1.999613656547,1.846476011108,1.667952085521,1.464367338051,1.236306106572,0.983245224521,,,,,0.743364500484,1.585300000000
9240,2.511642938348,2.508786640469,2.499886766008,2.483961206525,2.459413210926,2.424103892264,2.375473220121,2.310717954745,2.227024567093,2.121839721929,1.993143050139,1.839669432662,1.661010564323,1.457497856741,1.229693779265,0.977000978172,,,,,0.741000441389,1.584066666667
9300,2.509961389947,2.507035994801,2.497929938563,2.481665201045,2.456654223446,2.420775271247,2.371495871479,2.306051835895,2.221679077738,2.115880058046,1.986690051150,1.832891300840,1.654105654019,1.450670058704,1.223123227930,0.970781274259,,,,,0.738706498495,1.582833333333
9360,2.508238035607,2.505243633762,2.495931810513,2.479329055775,2.453857610704,2.417413469156,2.367492116924,2.301368492881,2.216327451073,2.109926212298,1.980254222187,1.826139211954,1.647231587000,1.443873510667,1.216578565195,0.964585824920,,,,,0.736399189252,1.581600000000
9420,2.506472951558,2.503409669816,2.493892594654,2.476953130142,2.451023881328,2.414019090026,2.363462542028,2.296668279596,2.210969578477,2.103977527506,1.973834586404,1.819412835875,1.640390567233,1.437114666448,1.210071757492,0.958424878588,,,,,0.734114543699,1.580366666667
9480,2.504666231007,2.501534214660,2.491812484141,2.474537741265,2.448153454898,2.410592636911,2.359407701196,2.291951751649,2.205606005764,2.098034493261,1.967431320008,1.812711361611,1.633579360689,1.430385796900,1.203590161563,0.952283723141,,,,,0.731905078198,1.579133333333
9540,2.502817966502,2.499617399624,2.489691694314,2.472083202712,2.445246758461,2.407134625521,2.355328053420,2.287219135621,2.200236541580,2.092096207479,1.961042682240,1.806032436240,1.626795906140,1.423686695686,1.197137689825,0.946182344032,,,,,0.729698879487,1.577900000000
9600,2.500928247812,2.497659340255,2.487530397104,2.469589776941,2.442304129520,2.403645361835,2.351223862727,2.282470558725,2.194861079900,2.086162470340,1.954668625543,1.799376741346,1.620042265382,1.417022009148,1.190724876932,0.940130822206,,,,,0.727415105613,1.576666666667
9660,2.498997140480,2.495660114191,2.485328737312,2.467057692423,2.439325880551,2.400125264598,2.347095592897,2.277706626168,2.189480580885,2.080234941639,1.948312169093,1.792749269913,1.613325766175,1.410400466589,1.184357794626,0.934099402464,,,,,0.725185527164,1.575433333333
9720,2.497024716206,2.493619827074,2.483086904192,2.464487256840,2.436312477023,2.396575017586,2.342944215474,2.272928599667,2.184096451707,2.074314794289,1.941973158833,1.786146710849,1.606637521182,1.403806278298,1.178013799539,0.928088429897,,,,,0.722921586975,1.574200000000
9780,2.495011121786,2.491538661353,2.480805155353,2.461878871715,2.433264470116,2.392995247816,2.338770302756,2.268136762704,2.178708522332,2.068401265347,1.935650946267,1.779570278275,1.599983981339,1.397255038400,1.171719349200,0.922118466069,,,,,0.720585992718,1.572966666667
9840,2.492956545234,2.489416820923,2.478483776440,2.459232909700,2.430182340241,2.389386558107,2.334574605498,2.263332173665,2.173318386086,2.062496987071,1.929349309887,1.773024454998,1.593368386454,1.390744785596,1.165461040916,0.916148566414,,,,,0.718338537341,1.571733333333
9900,2.490861208882,2.487254561979,2.476123117488,2.456549861392,2.427066767989,2.385749829930,2.330358253538,2.258516091396,2.167927157998,2.056602202286,1.923066623121,1.766504430409,1.586781655851,1.384261938320,1.159221224330,0.910196326560,,,,,0.716105980527,1.570500000000
9960,2.488725423253,2.485052231269,2.473723586969,2.453830266634,2.423918382164,2.382085755056,2.326121755037,2.253688610360,2.162534182744,2.050715419155,1.916800734704,1.760008259600,1.580223492103,1.377809110166,1.153007004898,0.904268970085,,,,,0.713964368446,1.569266666667
10020,2.486549508843,2.482810160214,2.471285583742,2.451074556934,2.420737646468,2.378394709530,2.321865354725,2.248849738450,2.157139192789,2.044835938097,1.910550335278,1.753533476568,1.573689371591,1.371378615564,1.146809799383,0.898376428132,,,,,0.711846009583,1.568033333333
10080,2.484333733428,2.480528628820,2.468809418720,2.448283072232,2.417524892795,2.374676944251,2.317589100511,2.243999152956,2.151741374713,2.038962452642,1.904313909663,1.747079233406,1.567180703125,1.364976764574,1.140646543117,0.892534876417,,,,,0.709680695969,1.566800000000
10140,2.482078296465,2.478207852592,2.466295304156,2.445456050356,2.414280331976,2.370932652261,2.313293125906,2.239137048499,2.146341201030,2.033096231775,1.898094200178,1.740650346895,1.560704351286,1.358611353577,1.134522806303,0.886713288300,,,,,0.707550003013,1.565566666667
10200,2.479783353395,2.475847995994,2.463743468800,2.442593772396,2.411004349506,2.367162319045,2.308978139368,2.234264362909,2.140939792579,2.027238183652,1.891891051222,1.734244182489,1.554253485739,1.352271086400,1.128423338901,0.880921808503,,,,,0.705394914649,1.564333333333
10260,2.477449109445,2.473449281207,2.461154191756,2.439696606568,2.407697402326,2.363366465410,2.304644572003,2.229381319903,2.135537039676,2.021388055416,1.885704710774,1.727862964559,1.547834757402,1.345969552658,1.122367975668,0.875153995311,,,,,0.703168338642,1.563100000000
10320,2.475075807572,2.471011977095,2.458527769346,2.436764919747,2.404359929061,2.359545615810,2.300293112111,2.224488861276,2.130134350702,2.015547695058,1.879537267120,1.721508022662,1.541447013282,1.339700709811,1.116342621307,0.869392788552,,,,,0.700998390071,1.561866666667
10380,2.472663735732,2.468536389386,2.455864588751,2.433799185481,2.400992513855,2.355700487544,2.295924570467,2.219587813059,2.124732337551,2.009717406490,1.873388539341,1.715178849102,1.535089738634,1.333464012994,1.110343259600,0.863644409675,,,,,0.698877719418,1.560633333333
10440,2.470213254378,2.466022891626,2.453165077998,2.430799920129,2.397595768400,2.351831739494,2.291539559046,2.214678622189,2.119331061581,2.003896420149,1.867256277710,1.708870858558,1.528755433765,1.327249113839,1.104361133936,0.857932585683,,,,,0.696735708951,1.559400000000
10500,2.467724752508,2.463471897615,2.450429669780,2.427767584542,2.394170141050,2.347939693723,2.287138199409,2.209761043528,2.113929963662,1.998084217212,1.861141106044,1.702587956290,1.522454071820,1.321074563430,1.098425893048,0.852247178797,,,,,0.694479251292,1.558166666667
10560,2.465198574563,2.460883755555,2.447658743488,2.424702571971,2.390716040749,2.344024876038,2.282721194387,2.204836224069,2.108530940808,1.992283825732,1.855047116401,1.696334263149,1.516187386377,1.314935659001,1.092520145269,0.846549364832,,,,,0.692341466147,1.556933333333
10620,2.462635085873,2.458258842302,2.444852739965,2.421605447817,2.387234206806,2.340088204290,2.278289643052,2.199905333971,2.103134906591,1.986495170114,1.848972238794,1.690104419794,1.509945404265,1.308817193589,1.086621026826,0.840873200501,,,,,0.690330546870,1.555700000000
10680,2.460034760040,2.455597665096,2.442012210357,2.418476819962,2.383725276615,2.336130204662,2.273843794263,2.194967971101,2.097740309403,1.980715100357,1.842911304031,1.683891342232,1.503719981306,1.302711756385,1.080729500716,0.835254573226,,,,,0.688400834957,1.554466666667
10740,2.457398049178,2.452900672049,2.439137596264,2.415317060843,2.380189455011,2.332150822476,2.269383085975,2.190022914108,2.092345331910,1.974941454385,1.836862652619,1.677695262092,1.497515163841,1.296629172656,1.074868560594,0.829695786931,,,,,0.686402244026,1.553233333333
10800,2.454725233114,2.450168117276,2.436229106837,2.412126311387,2.376626756979,2.328149900711,2.264907252816,2.185069958367,2.086950091881,1.969175130684,1.830828441654,1.671519785214,1.491335469573,1.290574388758,1.069043371969,0.824152716020,,,,,0.684372736878,1.552000000000
10860,2.452016175221,2.447398876764,2.433282489863,2.408894746211,2.373018893288,2.324097147134,2.260369925315,2.180042036094,2.081461778937,1.963292376189,1.824648645320,1.665163442753,1.484933246138,1.284249800520,1.062896980263,0.818207784444,,,,,0.682380474226,1.550600000000
10920,2.449270740456,2.444593784799,2.430301625114,2.405631678699,2.369383474621,2.320022049847,2.255816571062,2.175005251053,2.075972222025,1.957415912829,1.818482014114,1.658825972039,1.478554273457,1.277953133520,1.056783364871,0.812294889755,,,,,0.680344441529,1.549200000000
10980,2.446489129112,2.441753042823,2.427286745522,2.402337377273,2.365720839736,2.315924950874,2.251247584047,2.169960105531,2.070482185834,1.951547024641,1.812330854999,1.652511295679,1.472204830578,1.271692826802,1.050711023175,0.806391836102,,,,,0.678271181533,1.547800000000
11040,2.443671587576,2.438876924644,2.424238136607,2.399012209429,2.362031431083,2.311806491989,2.246663843597,2.164907891972,2.064993434928,1.945688042277,1.806197777824,1.646221733542,1.465885668593,1.265465537269,1.044666284566,0.800488586563,,,,,0.676279289573,1.546400000000
11100,2.440818474522,2.435965797431,2.421156259336,2.395656731030,2.358315982791,2.307667538381,2.242066358810,2.159849567848,2.059506639318,1.939838712684,1.800080790927,1.639952505130,1.459588508402,1.259259076687,1.038634255315,0.794620587195,,,,,0.674304972871,1.545000000000
11160,2.437930273536,2.433020165835,2.418041651512,2.392271522106,2.354575049717,2.303508591807,2.237455390104,2.154784950700,2.054020918022,1.933997446310,1.793978009648,1.633702550473,1.453314946256,1.253079583879,1.032631409951,0.788777922585,,,,,0.672303605693,1.543600000000
11220,2.435007456445,2.430040508997,2.414894775876,2.388857019340,2.350809040383,2.299329930264,2.232831125670,2.149714220526,2.048536678822,1.928165312799,1.787891650974,1.627475808666,1.447070739634,1.246934029151,1.026665581947,0.782938882243,,,,,0.670194705093,1.542200000000
11280,2.432050435103,2.427027221354,2.411716048244,2.385413670605,2.347018426727,2.295132154467,2.228194331758,2.144638443216,2.043055452930,1.922344320065,1.781824147022,1.621274567957,1.440856646667,1.240819517787,1.020722977456,0.777078717127,,,,,0.668226068250,1.540800000000
11340,2.429059671297,2.423980802194,2.408506009908,2.381942088859,2.343203958316,2.290916102556,2.223545931291,2.139558482205,2.037577642124,1.916533810208,1.775772742419,1.615092759293,1.434662485435,1.234722209669,1.014788024561,0.771285491688,,,,,0.666282275268,1.539400000000
11400,2.426035714880,2.420901803785,2.405265240411,2.378442864637,2.339366145172,2.286682168781,2.218886002225,2.134473881666,2.032102187413,1.910732308373,1.769736340249,1.608931164033,1.428492704000,1.228650896973,1.008878254306,0.765500126569,,,,,0.664373717943,1.538000000000
11460,2.422979064639,2.417790711165,2.401994211051,2.374916423378,2.335505372916,2.282430600269,2.214214686141,2.129384693460,2.026629061690,1.904939515998,1.763713840729,1.602786744363,1.422340893300,1.222595505448,1.002984597646,0.759766872257,,,,,0.662438651556,1.536600000000
11520,2.419890136237,2.414647951231,2.398693301963,2.371363122014,2.331621883590,2.278161536503,2.209531884521,2.124290593846,2.021157730743,1.899155165138,1.757706230510,1.596663739025,1.416217075822,1.216574790935,0.997135498236,0.754015168962,,,,,0.660407523500,1.535200000000
11580,2.416769270858,2.411473844887,2.395362853138,2.367783273325,2.327716032262,2.273875373154,2.204838247627,2.119192684239,2.015690131579,1.893382188347,1.751717270184,1.590565366612,1.410121217688,1.210581498048,0.991305023864,0.748249686656,,,,,0.658465637808,1.533800000000
11640,2.413616845610,2.408268793264,2.392003304210,2.364177400546,2.323788431706,2.269572894279,2.200134647452,2.114091712752,2.010226422190,1.887619362572,1.745743159509,1.584484200581,1.404042220210,1.204602909883,0.985482434738,0.742538840823,,,,,0.656528536488,1.532400000000
11700,2.410433351005,2.405033298649,2.388615162437,2.360545996103,2.319839537951,2.265254339661,2.195420958149,2.108987094560,2.004765544821,1.881865644534,1.739784170208,1.578424012125,1.397990204553,1.198656908549,0.979697170261,0.736810481983,,,,,0.654518519975,1.531000000000
11760,2.407219221842,2.401767767321,2.385198818177,2.356889425140,2.315869654310,2.260920047833,2.190697663846,2.103879675382,1.999309034697,1.876123421592,1.733843205841,1.572386963664,1.391963944383,1.192735127544,0.973926900988,0.731096421624,,,,,0.652628804349,1.529600000000
11820,2.403974881779,2.398472654128,2.381754740214,2.353208203182,2.311879383157,2.256570672919,2.185965452842,2.098769963766,1.993856862960,1.870391491588,1.727917033006,1.566367003766,1.385954131216,1.186825593769,0.968159568972,0.725458825857,,,,,0.650854432963,1.528200000000
11880,2.400700820934,2.395148439489,2.378283421244,2.349502791246,2.307869078097,2.252206368314,2.181224073229,2.093657093289,1.988407277541,1.864667134230,1.722002277763,1.560361025575,1.379959816213,1.180932439354,0.962417821361,0.719864557116,,,,,0.648983163562,1.526800000000
11940,2.397397435507,2.391795499471,2.374785179764,2.345773395323,2.303838778926,2.247826941503,2.176473092123,2.088540575137,1.982960149254,1.858951396634,1.716102322203,1.554376140744,1.373992836860,1.175072548643,0.956720945301,0.714224906009,,,,,0.647059154380,1.525400000000
12000,2.394064974127,2.388414088038,2.371260230184,2.342020225898,2.299788727636,2.243432780440,2.171713247308,2.083421667432,1.977517490822,1.853246879841,1.710219688298,1.548413046846,1.368049317295,1.169235005286,0.951037755770,0.708602511628,,,,,0.645210587007,1.524000000000
12060,2.390703752352,2.385004514115,2.367708947897,2.338243738294,2.295719478878,2.239024534348,2.166945184038,2.078300785553,1.972078972790,1.847551881783,1.704350405723,1.542464938017,1.362119845755,1.163408752529,0.945358204314,0.703055975874,,,,,0.643489739298,1.522600000000
12120,2.387314196815,2.381567222772,2.364131760759,2.334444301254,2.291631310654,2.234602228091,2.162168465814,2.073176871397,1.966642721499,1.841863699214,1.698491489105,1.536529613475,1.356204986585,1.157599343404,0.939704641253,0.697542779564,,,,,0.641679280864,1.521200000000
12180,2.383896630514,2.378102512619,2.360528904484,2.330622041930,2.287524143342,2.230165582950,2.157382653937,2.068049408115,1.961208620317,1.836183353410,1.692646033070,1.530613525057,1.350315652971,1.151822666747,0.934097322446,0.691965806686,,,,,0.639760046291,1.519800000000
12240,2.380451228311,2.374610538269,2.356900523708,2.326777092836,2.283398170618,2.225714918558,2.152588426102,2.062919749830,1.955779003833,1.830514392201,1.686818862907,1.524722189928,1.344456730241,1.146081594265,0.928521854680,0.686358767516,,,,,0.637829244425,1.518400000000
12300,2.376978250613,2.371091598718,2.353246949685,2.322909926344,2.279254039127,2.221251219286,2.147787127790,2.057789688707,1.950355954966,1.824858925265,1.681011406449,1.518855545616,1.338625640659,1.140369158840,0.922959259223,0.680769653137,,,,,0.635957429039,1.517000000000
12360,2.373478215408,2.367546219476,2.349568816995,2.319021280624,2.275092663507,2.216775490570,2.142979828291,2.052660098519,1.944939863014,1.819216319635,1.675221570254,1.513009548060,1.332816380609,1.134676497431,0.917404203976,0.675206410458,,,,,0.634089571361,1.515600000000
12420,2.369951812646,2.363975109020,2.345866840259,2.315111876503,2.270914698465,2.212288286786,2.138166821466,2.047530836295,1.939530047733,1.813585374770,1.669447747057,1.507182636752,1.327027697670,1.129001571113,0.911858423339,0.669661558726,,,,,0.632278703565,1.514200000000
12480,2.366399706292,2.360378925561,2.342141640045,2.311182253161,2.266720595094,2.207789851054,2.133348042633,2.042401494383,1.934125521628,1.807964237245,1.663686961016,1.501370339821,1.321253344811,1.123338015938,0.906323268539,0.664174823378,,,,,0.630490308809,1.512800000000
12540,2.362822430496,2.356758165653,2.338393664101,2.307232763972,2.262510501211,2.203280073913,2.128523078612,2.037271301557,1.928725389266,1.802352501279,1.657940289476,1.495576788016,1.315501852316,1.117699489777,0.900818540465,0.658657079984,,,,,0.628668491621,1.511400000000
12600,2.359220342714,2.353113192449,2.334623203370,2.303263632463,2.258284575964,2.198759105827,2.123692176192,2.032140741516,1.923330474563,1.796751092715,1.652208101752,1.489800110191,1.309766804377,1.112073780947,0.895320760891,0.653236923089,,,,,0.626983155796,1.510000000000
12660,2.355594479192,2.349447483286,2.330841253751,2.299298741512,2.254085536555,2.194294996417,2.118955735371,2.027149956468,1.918128063181,1.791401783916,1.646793681311,1.484412235450,1.304496659708,1.106996650182,0.890476957236,0.648617932191,,,,,0.625274344206,1.508900000000
12720,2.351945873605,2.345759649275,2.327039021925,2.295316513896,2.249873066317,2.189822071597,2.114215521116,2.022160533040,1.912931941078,1.786063246337,1.641393943844,1.479042387134,1.299247388469,1.101944140351,0.885670458423,0.643918050762,,,,,0.623446998317,1.507800000000
12780,2.348274741004,2.342049902433,2.323216653474,2.291317055864,2.245647217325,2.185340395092,2.109471714194,2.017172979315,1.907743227901,1.780737511940,1.636012057806,1.473694640729,1.294023154419,1.096918734930,0.880884229662,0.639234871004,,,,,0.621679752894,1.506700000000
12840,2.344581301914,2.338318462521,2.319374413615,2.287300655071,2.241408355051,2.180850458529,2.104724970970,2.012188026683,1.902562419105,1.775424208249,1.630645652699,1.468363211816,1.288813637823,1.091905141205,0.876098727657,0.634642758714,,,,,0.619990733592,1.505600000000
12900,2.340865899405,2.334565664944,2.315512635957,2.283267647167,2.237156761981,2.176352378402,2.099975039682,2.007204863354,1.897388003351,1.770121182515,1.625292527767,1.463047227419,1.283621489433,1.086910548524,0.871338253485,0.630082881593,,,,,0.618327788503,1.504500000000
12960,2.337128840633,2.330791815111,2.311631557927,2.279218166988,2.232892434502,2.171845962287,2.095221632386,2.002223198466,1.892219896874,1.764828923610,1.619954055711,1.457749256111,1.278450563746,1.081940726370,0.866612808016,0.625428791609,,,,,0.616535278896,1.503400000000
13020,2.333370331406,2.326997108071,2.307731360912,2.275152354128,2.228615497144,2.167331420454,2.090465090123,1.997243731180,1.887059513073,1.759549946548,1.614634441245,1.452475776097,1.273309721475,1.077006578001,0.861920783663,0.620711292361,,,,,0.614693785426,1.502300000000
13080,2.329590626432,2.323181789171,2.303812323647,2.271070596633,2.224326490857,2.162809548021,2.085706647162,1.992268222175,1.881909080358,1.754286641098,1.609335306967,1.447225852948,1.268192847863,1.072092814956,0.857222797192,0.616129264576,,,,,0.612997609793,1.501200000000
13140,2.325790213855,2.319346390344,2.299875046348,2.266973569429,2.220026211856,2.158281193291,2.080946974015,1.987296809442,1.876767549825,1.749035808241,1.604050374307,1.441989616805,1.263087192708,1.067185411973,0.852526933660,0.611573257750,,,,,0.611312319249,1.500100000000
13200,2.321969708188,2.315491515579,2.295920084535,2.262861727377,2.215714885978,2.153746169378,2.076185318574,1.982328039719,1.871632924184,1.743795721727,1.598779739260,1.436771454331,1.258004141148,1.062304204112,0.847869113600,,,,,,0.609519374574,1.499000000000
13260,2.318129518691,2.311617526138,2.291947721222,2.258735242022,2.211392552080,2.149204468439,2.071421802774,1.977362494528,1.866506671032,1.738568966683,1.593526961289,1.431574870565,1.252944648368,1.057445808893,0.843223811036,,,,,,0.607809887132,1.497900000000
13320,2.314269960320,2.307724753710,2.287958302203,2.254594470194,2.207059625540,2.144656634562,2.066657082887,1.972400862056,1.861389250960,1.733355374825,1.588290597390,1.426396423910,1.247902916947,1.052602098170,0.838585077650,,,,,,0.606123907031,1.496800000000
13380,2.310391447644,2.303813619056,2.283952232851,2.250439826450,2.202716495547,2.140102908735,2.061891184157,1.967442756591,1.856279719099,1.728153235915,1.583068158496,1.421232991354,1.242875489628,1.047769458320,0.833957376642,,,,,,0.604517255611,1.495700000000
13440,2.306494381663,2.299884493008,2.279929853807,2.246271552704,2.198363248459,2.135543171740,2.057123640641,1.962487327577,1.851176750751,1.722960839229,1.577857753367,1.416083007619,1.237862293109,1.042952223818,0.829358581347,,,,,,0.602844509147,1.494600000000
13500,2.302579017095,2.295937614326,2.275891338135,2.242089694750,2.193999771131,2.130977128540,2.052354099419,1.957534335086,1.846080661169,1.717779742134,1.572663135621,1.410953318370,1.232873345111,1.038162529415,0.824788166916,,,,,,0.601186613674,1.493500000000
13560,2.298645496077,2.291973127284,2.271836788525,2.237894388353,2.189626258025,2.126405171181,2.047583205359,1.952584771035,1.840992634022,1.712610784674,1.567483621343,1.405840061658,1.227900499096,1.033389204120,0.820232105498,,,,,,0.599491603236,1.492400000000
13620,2.294694064717,2.287991274771,2.267766501957,2.233685938390,2.185243044266,2.121827582889,2.042811170609,1.947638745531,1.835912860601,1.707454794592,1.562321906978,1.400749653242,1.222955758720,1.028648669868,0.815703389080,,,,,,0.597733636285,1.491300000000
13680,2.290725053807,2.283992390940,2.263680827576,2.229464734994,2.180850612765,2.117245032686,2.038038973575,1.942697635887,1.830843027184,1.702313192590,1.557177734263,1.395677773947,1.218027774120,1.023919625815,0.811164037519,,,,,,0.596098829127,1.490200000000
13740,2.286738944749,2.279976980973,2.259580271222,2.225231339357,2.176449514834,2.112657996221,2.033266771644,1.937760977668,1.825781664840,1.697183329625,1.552047625113,1.390621493381,1.213116794500,1.019207916058,0.806647795373,,,,,,0.594391876617,1.489100000000
13800,2.282736244113,2.275945527238,2.255465292986,2.220986087091,2.172039935768,2.108066439203,2.028494402896,1.932828639660,1.820729101037,1.692066666899,1.546935081924,1.385587178171,1.208231895043,1.014524201536,0.802155970016,,,,,,0.592643256645,1.488000000000
13860,2.278717348481,2.271898411769,2.251336257161,2.216729353642,2.167622310478,2.103470966626,2.023722730501,1.927901909649,1.815687054773,1.686965114095,1.541841437759,1.380574141457,1.203368244738,1.009857707993,0.797661791148,,,,,,0.590947710454,1.486900000000
13920,2.274682749084,2.267836153265,2.247193697029,2.212461731733,2.163197288847,2.098872222278,2.018952319629,1.922980987757,1.810655024109,1.681876876682,1.536763038468,1.375576362904,1.198517183022,1.005196467007,0.793162695945,,,,,,0.589383521968,1.485800000000
13980,2.270633021683,2.263759313857,2.243038160923,2.208183669492,2.158765125225,2.094270176044,2.014182603325,1.918064539381,1.805630565837,1.676798282057,1.531694975067,1.370588163562,1.193673528019,1.000538849435,0.788685005156,,,,,,0.587830441425,1.484700000000
14040,2.266568556250,2.259668231890,2.238869866976,2.203895195057,2.154325557768,2.089664150317,2.009412464894,1.913151120093,1.800612305464,1.671728704155,1.526638565506,1.365614159770,1.188846070836,0.995899474626,0.784241198012,,,,,,0.586276042422,1.483600000000
14100,2.262489425927,2.255562969288,2.234688782296,2.199596153097,2.149878331335,2.085053842291,2.004641739559,1.908240864033,1.795600756512,1.666668971081,1.521594321177,1.360653367412,1.184031114005,0.991273176794,0.779816295162,,,,,,0.584747279024,1.482500000000
14160,2.258395611369,2.251443500136,2.230494879982,2.195286492353,2.145423372463,2.080439191756,1.999870298170,1.903333552368,1.790595666586,1.661618868946,1.516562522196,1.355707504231,1.179233630223,0.986670108913,0.775424742734,,,,,,0.583155851817,1.481400000000
14220,2.254287115647,2.247309803824,2.226288128653,2.190966201514,2.140960680575,2.075820256999,1.995098410282,1.898429840794,1.785598312464,1.656580620170,1.511546486420,1.350780764645,1.174458076496,0.982092520820,0.771048633764,,,,,,0.581579060817,1.480300000000
14280,2.250164032807,2.243162008832,2.222068695326,2.186635508135,2.136490632684,2.071197604431,1.990326853084,1.893530689013,1.780609616441,1.651554661180,1.506545506280,1.345870734646,1.169700601664,0.977535484279,0.766689356759,,,,,,0.579918783650,1.479200000000
14340,2.246026652716,2.239000416864,2.217836915860,2.182294787997,2.132013648687,2.066571683230,1.985556079056,1.888636621856,1.775630407104,1.646542655302,1.501563104889,1.340984200411,1.164972242106,0.973012137182,0.762345347933,,,,,,0.578198354867,1.478100000000
14400,2.241875390963,2.234825430688,2.213593228993,2.177944583320,2.127530393840,2.061943405478,1.980787411142,1.883749427585,1.770662887948,1.641546777626,1.496600194004,1.336118700743,1.160263873405,0.968501313356,0.757978855891,,,,,,0.576621842707,1.477000000000
14460,2.237711166159,2.230638971381,2.209342517885,2.173594725537,2.123057755427,2.057338771280,1.976057888788,1.878919031371,1.765771417531,1.636647135899,1.491754137697,1.331391068901,1.155715422601,0.964171675030,0.753836834188,,,,,,0.575060474766,1.476000000000
14520,2.233534966769,2.226441055436,2.205081836965,2.169237267620,2.118580566617,2.052733045594,1.971330920035,1.874094656130,1.760889045411,1.631759167138,1.486921807180,1.326678941489,1.151183466186,0.959856323206,0.749718150064,,,,,,0.573491893345,1.475000000000
14580,2.229347226081,2.222232067449,2.200811486232,2.164872360184,2.114098806208,2.048126098682,1.966606281347,1.869276167248,1.756015884735,1.626883295363,1.482103907449,1.321982887897,1.146667746524,0.955556262010,0.745615457355,,,,,,0.571926372607,1.474000000000
14640,2.225148197790,2.218012254643,2.196531683660,2.160500157526,2.109612579750,2.043517965729,1.961884025525,1.864463633607,1.751152039293,1.622019646406,1.477300554873,1.317302901951,1.142168227310,0.951272076278,0.741527124614,,,,,,0.570365330268,1.473000000000
14700,2.220938107094,2.213781844501,2.192242605773,2.156120841143,2.105122031879,2.038908808210,1.957164249535,1.859657136359,1.746297548352,1.617168271208,1.472511762028,1.312638907168,1.137684912099,0.947003815380,0.737452462106,,,,,,0.568809377506,1.472000000000
14760,2.216717188396,2.209541061306,2.187944500057,2.151734609439,2.100627342283,2.034298741113,1.952447077907,1.854856753176,1.741452469830,1.612329158416,1.467737494419,1.307990804487,1.133217813585,0.942751366169,0.733391095437,,,,,,0.567258836649,1.471000000000
14820,2.212485688301,2.205290136712,2.183637576495,2.147341671211,2.096128696420,2.029687937706,1.947732621331,1.850062555263,1.736616844485,1.607502322411,1.462977694126,1.303358488571,1.128766859556,0.938514559985,0.729342784386,,,,,,0.565713900414,1.470000000000
14880,2.208243862246,2.201029338082,2.179322079444,2.142942241170,2.091626279281,2.025076525304,1.943020987839,1.845274608023,1.731790665683,1.602687746717,1.458232292316,1.298741863679,1.124332006845,0.934293248571,0.725307354402,,,,,,0.564174692589,1.469000000000
14940,2.203991970842,2.196758921160,2.174998257012,2.138536529173,2.087120277026,2.020464670317,1.938312266491,1.840492972294,1.726973979692,1.597885378993,1.453501215552,1.294140847568,1.119913128941,0.930087279543,0.721284663120,,,,,,0.562641294638,1.468000000000
15000,2.199730277071,2.192479123653,2.170666330687,2.134124760523,2.082610870928,2.015852503834,1.933606574557,1.835717705383,1.722166789676,1.593095206655,1.448784388757,1.289555345922,1.115510148513,0.925896507887,0.717274586470,,,,,,0.561113759222,1.467000000000
15060,2.195459044325,2.188190221446,2.166326569564,2.129707154026,2.078098239840,2.011240183757,1.928904014356,1.830948861804,1.717369092248,1.588317195297,1.444081736515,1.284985249038,1.111122936847,0.921720797229,0.713277008218,,,,,,0.559592118144,1.466000000000
15120,2.191178535096,2.183892474310,2.161979193592,2.125283926205,2.073582577385,2.006627842144,1.924204684194,1.826186492103,1.712580914914,1.583551285352,1.439393183625,1.280430467254,1.106751386697,0.917560018667,0.709291817284,,,,,,0.558076387583,1.465000000000
15180,2.186889010122,2.179586125591,2.157624454640,2.120855291653,2.069064064698,2.002015628996,1.919508676412,1.821430642685,1.707802240331,1.578797453353,1.434718655332,1.275890910500,1.102395389553,0.913414049469,0.705318903531,,,,,,0.556566571789,1.464000000000
15240,2.182590727820,2.175271429829,2.153262593156,2.116421462683,2.064542880701,1.997403675585,1.914816076683,1.816681367526,1.703033083275,1.574055663674,1.430058077443,1.271366479399,1.098054814377,0.909282766534,0.701358156675,,,,,,0.555062665810,1.463000000000
15300,2.178283943939,2.170948648262,2.148893826113,2.111982649105,2.060019199916,1.992792125141,1.910126990814,1.811938713732,1.698273451108,1.569325860972,1.425411376396,1.266857059844,1.093729574776,0.905166056134,0.697409465361,,,,,,0.553564657535,1.462000000000
15360,2.173968911335,2.166618024235,2.144518410132,2.107539058097,2.055493184877,1.988181106706,1.905441509757,1.807202727058,1.693523321669,1.564608011373,1.420778479324,1.262362575634,1.089419534677,0.901063813465,0.693472717253,,,,,,0.552072529245,1.461000000000
15420,2.169645879832,2.162279787961,2.140136552090,2.103090894133,2.050965020968,1.983570758046,1.900759722773,1.802473452018,1.688782722805,1.559902083837,1.416159314102,1.257882932004,1.085124606232,0.896975930437,0.689547798346,,,,,,0.550586258806,1.460000000000
15480,2.165315096150,2.157934199726,2.135748491873,2.098638356578,2.046434877495,1.978961204661,1.896081712627,1.797750931970,1.684051634542,1.555208031542,1.411553809406,1.253418018797,1.080844680103,0.892902300993,0.685634593085,,,,,,0.549105820575,1.459000000000
15540,2.160976803865,2.153581498017,2.131354454845,2.094181641506,2.041902921318,1.974352580225,1.891407559420,1.793035209190,1.679330064410,1.550525806492,1.406961894746,1.248967754171,1.076579640696,0.888842820726,0.681732984363,,,,,,0.547631186113,1.458000000000
15600,2.156631243391,2.149221898286,2.126954643646,2.089720950518,2.037369314096,1.969745005451,1.886737358623,1.788326324921,1.674618017998,1.545855385316,1.402383500512,1.244532053524,1.072329407558,0.884797386590,0.677842853626,,,,,,0.546162324731,1.457000000000
15660,2.152278651983,2.144855649385,2.122549299866,2.085256477104,2.032834207044,1.965138611320,1.882071193129,1.783624319427,1.669915472916,1.541196729081,1.397818557993,1.240110815377,1.068093858924,0.880765896683,0.673964081296,,,,,,0.544699203925,1.456000000000
15720,2.147919263754,2.140482983743,2.118138616531,2.080788412036,2.028297773272,1.960533512546,1.877409144331,1.778929229053,1.665222454332,1.536549781294,1.393266999396,1.235703952463,1.063872909958,0.876748250085,0.670096546486,,,,,,0.543241789716,1.455000000000
15780,2.143553309686,2.136104114723,2.113722817059,2.076316943392,2.023760170044,1.955929838830,1.872751291388,1.774241088945,1.660538935759,1.531914518780,1.388728757859,1.231311389666,1.059666470339,0.872744346734,0.666240127032,,,,,,0.541790046927,1.454000000000
15840,2.139181017663,2.131719267432,2.109302114363,2.071842256583,2.019221552283,1.951327697697,1.868097699909,1.769559942722,1.655864932157,1.527290907007,1.384203767453,1.226933031102,1.055474419201,0.868754087335,0.662394699609,,,,,,0.540343939399,1.453000000000
15900,2.134802612491,2.127328672458,2.104876693498,2.067364534381,2.014682065891,1.946727218975,1.863448460888,1.764885827073,1.651200435904,1.522678904185,1.379691963173,1.222568790158,1.051296689632,0.864777373291,0.658560140705,,,,,,0.538903430175,1.452000000000
15960,2.130418315930,2.122932541006,2.100446782825,2.062883956948,2.010141857752,1.942128501833,1.858803650020,1.760218777864,1.646545437922,1.518078462133,1.375193280936,1.218218597802,1.047133181096,0.860814104368,0.654736324617,,,,,,0.537468481645,1.451000000000
16020,2.126028346724,2.118531075239,2.096012563587,2.058400701867,2.005601086032,1.937531677619,1.854163341650,1.755558830164,1.641899952531,1.513489559993,1.370707657564,1.213882360399,1.042983790182,0.856864183345,0.650923126307,,,,,,0.536039055672,1.450000000000
16080,2.121632920632,2.114124503872,2.091574240072,2.053914944169,2.001059896594,1.932936835990,1.849527608800,1.750906018265,1.637263949109,1.508912161447,1.366235030769,1.209559997625,1.038848446107,0.852927516139,0.647120418607,,,,,,0.534615113696,1.449000000000
16140,2.117232250457,2.109713035092,2.087132016601,2.049426853787,1.996518433109,1.928344111197,1.844896518038,1.746260375709,1.632637454936,1.504346223302,1.361775339135,1.205251443100,1.034727049218,0.849004006544,0.643328074394,,,,,,0.533196616817,1.448000000000
16200,2.112826546081,2.105296851518,2.082686058147,2.044936599404,1.991976823223,1.923753582241,1.840270137177,1.741621930653,1.628020440199,1.499791706347,1.357328522097,1.200956602107,1.030619505810,0.845093558893,0.639545965639,,,,,,0.531783525846,1.447000000000
16260,2.108416725968,2.100879321772,2.078247042923,2.040467026569,1.987475055566,1.919227300800,1.835737425329,1.737111264942,1.623569634261,1.495445669449,1.353135958350,1.196965359869,1.026869518468,0.841603263962,0.636269037936,,,,,,0.530367695023,1.446233333333
16320,2.104003708181,2.096458932516,2.073806125192,2.035997115806,1.982974934420,1.914704953655,1.831211044771,1.732609279996,1.619129600369,1.491112098716,1.348957032453,1.192988300793,1.023133596785,0.838126038273,0.632999650405,,,,,,0.528951537747,1.445466666667
16380,2.099587697412,2.092035883378,2.069363521523,2.031527027667,1.978476589208,1.910186634401,1.826691068087,1.728115994686,1.614700316390,1.486790941975,1.344791672848,1.189025350100,1.019411635270,0.834661510123,0.629737815434,,,,,,0.527537584479,1.444700000000
16440,2.095168895176,2.087610352868,2.064919377628,2.027056898293,1.973980143908,1.905672421867,1.822177517734,1.723631398362,1.610281754143,1.482482140249,1.340639781486,1.185076390896,1.015703493260,0.831209301051,0.626483859121,,,,,,0.526126693969,1.443933333333
16500,2.090747499847,2.083182552303,2.060473908318,2.022586905928,1.969485728230,1.901162418715,1.817670476177,1.719155531172,1.605873900564,1.478185648975,1.336501307251,1.181141358338,1.012009026934,0.827769139177,0.623238010651,,,,,,0.524719336482,1.443166666667
16560,2.086323706703,2.078752672196,2.056027258276,2.018117203703,1.964993465515,1.896656714059,1.813169977694,1.714688401663,1.601476734610,1.473901418707,1.332376174473,1.177220137043,1.008328070543,0.824340833193,0.620000420367,,,,,,0.523315810367,1.442400000000
16620,2.081897707962,2.074320899951,2.051579627637,2.013647928545,1.960503476992,1.892155394828,1.808676075778,1.710230006633,1.597090235318,1.469629399551,1.328264291628,1.173312629191,1.004660461984,0.820924242474,0.616771183743,,,,,,0.521916319781,1.441633333333
16680,2.077469692825,2.069887406394,2.047131164352,2.009179233517,1.956015881811,1.887658546359,1.804188828782,1.705780379946,1.592714381794,1.465369541939,1.324165605460,1.169418734414,1.001006048842,0.817519256821,0.613550357481,,,,,,0.520521010725,1.440866666667
16740,2.073039847516,2.065452382124,2.042682054358,2.004711273190,1.951530797080,1.883166247226,1.799708262543,1.701339525855,1.588349153187,1.461121796422,1.320080030815,1.165538322610,0.997364687262,0.814125784602,0.610337970010,,,,,,0.519129990382,1.440100000000
16800,2.068608355316,2.061016010341,2.038232448696,2.000244187080,1.947048337892,1.878678576052,1.795234450958,1.696907446185,1.583994528638,1.456886113456,1.316007484205,1.161671308087,0.993736240729,0.810743746252,0.607134028410,,,,,,0.517743338559,1.439333333333
16860,2.064175396611,2.056578466856,2.033782519588,1.995778101453,1.942568617359,1.874195622324,1.790767415688,1.692484169875,1.579650487216,1.452662443253,1.311947903254,1.157817566074,0.990120598272,0.807373069207,0.603938523247,,,,,,0.516361114953,1.438566666667
16920,2.059741148922,2.052139915123,2.029332420982,1.991313173439,1.938091746643,1.869717465274,1.786307218708,1.688069698152,1.575317007553,1.448450727380,1.307901192897,1.153976996689,0.986517647924,0.804013685370,0.600751432492,,,,,,0.514983364013,1.437800000000
16980,2.055305786948,2.047700526287,2.024882311864,1.986849539321,1.933617834985,1.865244182674,1.781853898623,1.683664035400,1.570994061828,1.444250922613,1.303867282389,1.150149505856,0.982927284854,0.800665529425,0.597572723489,,,,,,0.513610118334,1.437033333333
17040,2.050869482603,2.043260476525,2.020432348898,1.982387317736,1.929146989738,1.860775850858,1.777407492479,1.679267206806,1.566681635507,1.440062979216,1.299846101944,1.146334969880,0.979349410241,0.797328537700,0.594402355041,,,,,,0.512241401107,1.436266666667
17100,2.046432405055,2.038819930666,2.015982678322,1.977926649372,1.924679316395,1.856312530542,1.772968059440,1.674879211651,1.562379706741,1.435886846241,1.295837548714,1.142533316692,0.975783930318,0.794002647556,0.591240278296,,,,,,0.510877227936,1.435500000000
17160,2.041994720759,2.034379045077,2.011533459319,1.973467670392,1.920214918616,1.851854309319,1.768535612835,1.670500054328,1.558088253369,1.431722472641,1.291841570677,1.138744441219,0.972230748997,0.790687796921,0.588086439389,,,,,,0.509517608221,1.434733333333
17220,2.037556593501,2.029937972705,2.007084825856,1.969010503882,1.915753898262,1.847401259459,1.764110222869,1.666129757321,1.553807252923,1.427569807380,1.287858082651,1.134968249352,0.968689783347,0.787383923900,0.584940779027,,,,,,0.508162546231,1.433966666667
17280,2.033118184426,2.025496882966,2.002636939438,1.964555262165,1.911296355415,1.842953451764,1.759691905449,1.661768318969,1.549536682646,1.423428799548,1.283887003559,1.131204667210,0.965160954424,0.784090966648,0.581803232704,,,,,,0.506812041946,1.433200000000
17340,2.028679652084,2.021055930299,1.998189922242,1.960102085800,1.906842388408,1.838510955699,1.755280714196,1.657415741218,1.545276519517,1.419299389774,1.279928275955,1.127453590186,0.961644182045,0.780808863257,0.578673733686,,,,,,0.505466091734,1.432433333333
17400,2.024241152458,2.016615264237,1.993743937890,1.955651095876,1.902392093852,1.834073827700,1.750876681228,1.653072044935,1.541026740290,1.415181534859,1.275981807293,1.123714948752,0.958139388304,0.777537551609,0.575552210317,,,,,,0.504124688900,1.431666666667
17460,2.019802839003,2.012175020779,1.989299097247,1.951202397254,1.897945566656,1.829642143364,1.746479838919,1.648737228611,1.536787321528,1.411075186278,1.272047542288,1.119988666360,0.954646497279,0.774276969547,0.572438589412,,,,,,0.502787824136,1.430900000000
17520,2.015364862683,2.007735362814,1.984855565841,1.946756114114,1.893502900054,1.825215971160,1.742090236425,1.644411289483,1.532558239648,1.406980294525,1.268125409813,1.116274643017,0.951165434786,0.771027054731,0.569332793747,,,,,,0.501455485892,1.430133333333
17580,2.010927372001,2.003296434960,1.980413443702,1.942312368660,1.889064185630,1.820795375356,1.737707886021,1.640094248000,1.528339470959,1.402896810610,1.264215330011,1.112572824761,0.947696128178,0.767787744639,0.566234745244,,,,,,0.500127660692,1.429366666667
17640,2.006490513041,1.998858379464,1.975972896694,1.937871271954,1.884629510650,1.816380418958,1.733332848935,1.635786104006,1.524130986826,1.398824686102,1.260317255133,1.108883130194,0.944238498294,0.764558976599,0.563144362300,,,,,,0.498804333393,1.428600000000
17700,2.002054429494,1.994421318649,1.971534018558,1.933432918238,1.880198966002,1.811971152101,1.728965130147,1.631486847940,1.519932768105,1.394763867644,1.256431099659,1.105205475899,0.940792482555,0.761340687696,0.560061562327,,,,,,0.497485487411,1.427833333333
17760,1.997619262698,1.989985407045,1.967096969739,1.928997435834,1.875772638663,1.807567643602,1.724604786110,1.627196501109,1.515744791418,1.390714308159,1.252556814024,1.101539807104,0.937358012688,0.758132814922,0.556986260803,,,,,,0.496171104914,1.427066666667
17820,1.993185151667,1.985550780671,1.962661843897,1.924564932119,1.871350613819,1.803169956074,1.720251831939,1.622915065956,1.511567033009,1.386675966350,1.248694332620,1.097886043775,0.933935020778,0.754935295443,0.553918371076,,,,,,0.494861166984,1.426300000000
17880,1.988752233127,1.981117572626,1.958228791626,1.920135502449,1.866932975109,1.798778147621,1.715906306428,1.618642524157,1.507399469185,1.382648796262,1.244843584787,1.094244114506,0.930523439842,0.751748066074,0.550857805262,,,,,,0.493555653761,1.425533333333
17940,1.984320641547,1.976685898956,1.953797907918,1.915709250282,1.862519804645,1.794392275159,1.711568238486,1.614378899158,1.503242076334,1.378632752579,1.241004527623,1.090613964509,0.927123203763,0.748571063549,0.547804474319,,,,,,0.492254544567,1.424766666667
18000,1.979890509171,1.972255899821,1.949369333971,1.911286288063,1.858111183034,1.790012380555,1.707237650391,1.610124192601,1.499094830953,1.374627790631,1.237177077735,1.086995515942,0.923734247228,0.745404225017,0.544758287556,,,,,,0.490957818054,1.424000000000
18060,1.975461551433,1.967825861727,1.944937039624,1.906853476183,1.853684062756,1.785602795734,1.702863636389,1.605809785889,1.494869145359,1.370523185938,1.233226335597,1.083227309854,0.920165150161,0.742019242854,0.541434575595,,,,,,0.489669860365,1.423100000000
18120,1.971033482113,1.963396925042,1.940506461187,1.902423325367,1.849260835681,1.781198529874,1.698496420942,1.601503606471,1.490652957305,1.366429085465,1.229286718959,1.079470419460,0.916607049003,0.738644215842,0.538119919905,,,,,,0.488389314088,1.422200000000
18180,1.966606427843,1.958969192860,1.936077681576,1.897995925825,1.844841575913,1.776799615074,1.694136019458,1.597205662545,1.486446240783,1.362345430245,1.225358173560,1.075724789463,0.913059876164,0.735279323482,0.534813411643,,,,,,0.487114759381,1.421300000000
18240,1.962180513287,1.954542807672,1.931650843347,1.893571383149,1.840426370448,1.772406136030,1.689782478819,1.592915961946,1.482248995431,1.358272205452,1.221440651856,1.071990368572,0.909523629931,0.731924672358,0.531514517235,,,,,,0.485845684940,1.420400000000
18300,1.957755861173,1.950117889131,1.927226037586,1.889149795134,1.836015296794,1.768018125648,1.685435833401,1.588634512163,1.478061206352,1.354209366108,1.217534110740,1.068267106312,0.905998274839,0.728580279356,0.528222861156,,,,,,0.484581790205,1.419500000000
18360,1.953332592313,1.945694543846,1.922803382097,1.884731256433,1.831608431126,1.763635652853,1.681096106500,1.584361320357,1.473882846236,1.350156881129,1.213638504000,1.064554957830,0.902483823531,0.725246111971,0.524938144772,,,,,,0.483322867710,1.418600000000
18420,1.948910825636,1.941272888664,1.918382985841,1.880315860142,1.827205848301,1.759258766595,1.676763323319,1.580096393377,1.469713906546,1.346114724575,1.209753787174,1.060853883257,0.898980251711,0.721922112179,0.521660113078,,,,,,0.482068760912,1.417700000000
18480,1.944490678202,1.936853047973,1.913964941655,1.875903697826,1.822807621882,1.754887513722,1.672437525621,1.575839737769,1.465554378969,1.342082847932,1.205879917866,1.057163846072,0.895487539268,0.718608208769,0.518388537966,,,,,,0.480819344678,1.416800000000
18540,1.940072265236,1.932435133382,1.909549375386,1.871494859538,1.818413821447,1.750521960603,1.668118742064,1.571591359797,1.461404244250,1.338061240830,1.202016855779,1.053484805062,0.892005665378,0.715304323505,0.515123209605,,,,,,0.479574514832,1.415900000000
18600,1.935655700146,1.928019235374,1.905136358843,1.867089425792,1.814024512580,1.746162133315,1.663806985556,1.567351265458,1.457263478488,1.334049852051,1.198164560601,1.049816728700,0.888534579285,0.712010375051,0.511863930591,,,,,,0.478334181994,1.415000000000
18660,1.931241094549,1.923605483490,1.900726021222,1.862687489781,1.809639773152,1.741808109069,1.659502294987,1.563119460496,1.453132082003,1.330048667163,1.194322992087,1.046159586011,0.885074264650,0.708726280652,0.508610512126,,,,,,0.477098267677,1.414100000000
18720,1.926828558295,1.919193984769,1.896318443792,1.858289139199,1.805259671723,1.737459910712,1.655204701007,1.558895950433,1.449010041011,1.326057653564,1.190492120413,1.042513341816,0.881624647113,0.705451956532,0.505362771067,,,,,,0.475866701687,1.413200000000
18780,1.922418199487,1.914784832550,1.891913730023,1.853894458251,1.800884275653,1.733117606199,1.650914227688,1.554680740588,1.444897323494,1.322076776249,1.186671911041,1.038877960022,0.878185711974,0.702187320043,0.502120529254,,,,,,0.474639420320,1.412300000000
18840,1.918010124507,1.910378133053,1.887511980643,1.849503529730,1.796513651117,1.728781229966,1.646630886742,1.550473836106,1.440793933728,1.318106024163,1.182862330126,1.035253403550,0.874757380884,0.698932288012,0.498883611811,,,,,,0.473416365061,1.411400000000
18900,1.913604438036,1.905973997702,1.883113273194,1.845116435036,1.792147863122,1.724450832051,1.642354719513,1.546275241983,1.436699859971,1.314145350099,1.179063344299,1.031639625821,0.871339627767,0.695686778960,0.495651844704,,,,,,0.472197481626,1.410500000000
18960,1.909201243079,1.901572524651,1.878717723898,1.840733254199,1.787786967099,1.720126460662,1.638085750531,1.542084963088,1.432615074931,1.310194746109,1.175274920497,1.028036593443,0.867932379344,0.692450711523,0.492425056915,,,,,,0.470982719243,1.409600000000
19020,1.904800640985,1.897173795577,1.874325397175,1.836354062907,1.783431031240,1.715808149191,1.633823998245,1.537903004182,1.428539576114,1.306254182837,1.171497025843,1.024444269432,0.864535599058,0.689224005400,0.489203076396,,,,,,0.469772030090,1.408700000000
19080,1.900402731469,1.892777926849,1.869936404665,1.831978935181,1.779080120085,1.711495958503,1.629569480012,1.533729369934,1.424473356834,1.302323627328,1.167729627551,1.020862613322,0.861149218754,0.686006581302,0.485985732240,,,,,,0.468565368863,1.407800000000
19140,1.896007612634,1.888385014002,1.865550824110,1.827607953482,1.774734294166,1.707189906601,1.625322230885,1.529564064926,1.420416392697,1.298403071362,1.163972692867,1.017291584043,0.857773195129,0.682798360585,0.482772853087,,,,,,0.467362692423,1.406900000000
19200,1.891615380995,1.883995136916,1.861168740487,1.823241192546,1.770393612943,1.702890063153,1.621082273463,1.525407093667,1.416368677755,1.294492474761,1.160226184345,1.013731133141,0.854407463479,0.679599265372,0.479564266130,,,,,,0.466163959523,1.406000000000
19260,1.887226131493,1.879608394882,1.856790252509,1.818878725837,1.766058134824,1.698596440273,1.616849623335,1.521258460586,1.412330208415,1.290591823979,1.156490073621,1.010181219748,0.851051977060,0.676409218575,0.476359797966,,,,,,0.464969130575,1.405100000000
19320,1.882839957526,1.875224886118,1.852415418303,1.814520625564,1.761727909986,1.694309104189,1.612624298866,1.517118170038,1.408300961247,1.286701100812,1.152764328347,1.006641807113,0.847706672603,0.673228143993,0.473159274029,,,,,,0.463778167465,1.404200000000
19380,1.878456950961,1.870844695101,1.848044348059,1.810166962700,1.757402997297,1.690028073816,1.608406331568,1.512986226299,1.404280929966,1.282820262585,1.149048915626,1.003112852672,0.844371502976,0.670055966004,0.469962517746,,,,,,0.462591033395,1.403300000000
19440,1.874077202161,1.866467898365,1.843677102394,1.805817807005,1.753083456750,1.685753402717,1.604195742361,1.508862633555,1.400270112103,1.278949307143,1.145343802515,0.999594313680,0.841046404105,0.666892609645,0.466769350614,,,,,,0.461407692755,1.402400000000
19500,1.869700800002,1.862094598840,1.839313771278,1.801473224241,1.748769342728,1.681485119017,1.599992546593,1.504747395902,1.396268483276,1.275088204582,1.141648956033,0.996086135785,0.837731331372,0.663738000578,0.463579591959,,,,,,0.460228111011,1.401500000000
19560,1.865327831895,1.857724881599,1.834954435025,1.797133278879,1.744460708653,1.677223264818,1.595796759029,1.500640517336,1.392276039914,1.271236924850,1.137964343168,0.992588285254,0.834426217507,0.660592064917,0.460393058689,,,,,,0.459052254608,1.400600000000
19620,1.860958383807,1.853358812828,1.830599156051,1.792798042973,1.740157607006,1.672967876379,1.591608410223,1.496542001741,1.388292778777,1.267395459535,1.134289930891,0.989100721204,0.831131023221,0.657454729494,,,,,,,0.457880090896,1.399700000000
19680,1.856592540278,1.848996488463,1.826248032051,1.788467581612,1.735860079607,1.668718985527,1.587427519560,1.492451852885,1.384318672706,1.263563775152,1.130625686168,0.985623400689,0.827845675558,0.654325921662,,,,,,,0.456711588055,1.398800000000
19740,1.852230384446,1.844637993248,1.821901112816,1.784141958761,1.731568184239,1.664476635588,1.583254104591,1.488370074408,1.380353723867,1.259741850300,1.126971575974,0.982156273263,0.824570143321,0.651205569221,,,,,,,0.455546715037,1.397900000000
19800,1.847871998063,1.840283397736,1.817558490884,1.779821237287,1.727281973209,1.660240849278,1.579088171912,1.484296669818,1.376397926456,1.255929672085,1.123327567305,0.978699296567,0.821304345299,0.648093600201,,,,,,,0.454385441455,1.397000000000
19860,1.843517876900,1.835934639115,1.813226415406,1.775518819954,1.723024731096,1.656047439409,1.574980524486,1.480299714310,1.372538768872,1.252236155688,1.119826055510,0.975410833964,0.818236679841,0.645217714046,,,,,,,0.453223515046,1.396233333333
19920,1.839168513709,1.831590768915,1.808899589907,1.771222222483,1.718774042320,1.651861397853,1.570881087882,1.476311753382,1.368689257468,1.248552759543,1.116334888874,0.972132642519,0.815178798841,0.642350056425,,,,,,,0.452062186177,1.395466666667
19980,1.834823983634,1.827251860020,1.804578081309,1.766931500023,1.714529949530,1.647682753461,1.566789872199,1.472332783451,1.364849375306,1.244879454749,1.112854030745,0.968864671711,0.812130624461,0.639490223779,,,,,,,0.450902764593,1.394700000000
20040,1.830484360429,1.822917974473,1.800261953530,1.762646716418,1.710292494514,1.643511541165,1.562706891952,1.468362796311,1.361019105254,1.241216201569,1.109383437623,0.965606879760,0.809092047342,0.636638025677,,,,,,,0.449745689800,1.393933333333
20100,1.826149716477,1.818589183396,1.795951272207,1.758367925414,1.706061718215,1.639347787286,1.558632153306,1.464401782917,1.357198430191,1.237562977617,1.105923077595,0.962359211590,0.806062949671,0.633793373759,,,,,,,0.448591199649,1.393166666667
20160,1.821820122818,1.814265564277,1.791646097469,1.754095173728,1.701837660747,1.635191504969,1.554565673744,1.460449749213,1.353387333003,1.233919758768,1.102472901029,0.959121606503,0.803043222325,0.630956217394,,,,,,,0.447439443069,1.392400000000
20220,1.817495649164,1.809947184710,1.787346494055,1.749828508309,1.697620361405,1.631042727017,1.550507454689,1.456506691085,1.349585796570,1.230286515109,1.099032880045,0.955893988489,0.800032769115,0.628126520109,,,,,,,0.446290520494,1.391633333333
20280,1.813176363924,1.805634100728,1.783052518084,1.745567990659,1.693409858682,1.626901482963,1.546457517405,1.452572604274,1.345793803744,1.226663204318,1.095602955790,0.952676302638,0.797031505826,0.625304250224,,,,,,,0.445144502571,1.390866666667
20340,1.808862334224,1.801326379998,1.778764233775,1.741313670447,1.689206190283,1.622767796831,1.542415857771,1.448647471607,1.342011337321,1.223049811731,1.092183104695,0.949468484820,0.794039358004,0.622489376869,,,,,,,0.444001440186,1.390100000000
20400,1.804553625930,1.797024094106,1.774481693013,1.737065593452,1.685009393132,1.618641674865,1.538382501632,1.444731300671,1.338238379984,1.219446307654,1.088773257866,0.946270471347,0.791056258810,0.619681868425,,,,,,,0.442861370385,1.389333333333
20460,1.800250303663,1.792727305686,1.770204959875,1.732823796921,1.680819503389,1.614523156727,1.534357438538,1.440824087532,1.334474914255,1.215852652865,1.085373394571,0.943082199198,0.788082147262,0.616881691873,,,,,,,0.441724320122,1.388566666667
20520,1.795952430826,1.788436064793,1.765934081792,1.728588341176,1.676636556460,1.610412265274,1.530340699700,1.436925827251,1.330720922446,1.212268818638,1.081983447719,0.939903600111,0.785116966877,0.614088812570,,,,,,,0.440590308760,1.387800000000
20580,1.791660069618,1.784150436571,1.761669123064,1.724359272076,1.672460587007,1.606309016999,1.526332267553,1.433036509595,1.326976386625,1.208694780992,1.078603389154,0.936734627568,0.782160664639,0.611303194086,,,,,,,0.439459349809,1.387033333333
20640,1.787373281058,1.779870486719,1.757410126445,1.720136634567,1.668291628963,1.602213426033,1.522332177575,1.429156126599,1.323241288596,1.205130506080,1.075233161669,0.933575226690,0.779213185833,0.608524798742,,,,,,,0.438331452182,1.386266666667
20700,1.783092125004,1.775596273232,1.753157156826,1.715920457769,1.664129715538,1.598125525676,1.518340409888,1.425284680504,1.319515609897,1.201575950786,1.071872727078,0.930425344625,0.776274486209,0.605753587314,,,,,,,0.437206621114,1.385500000000
20760,1.778816660170,1.771327840203,1.748910252060,1.711710798881,1.659974879231,1.594045336185,1.514356997094,1.421422165414,1.315799331803,1.198031097320,1.068522040717,0.927284930371,0.773344519433,0.602989519290,,,,,,,0.436084858867,1.384733333333
20820,1.774546944143,1.767065251151,1.744669477986,1.707507701211,1.655827151841,1.589972864798,1.510381924986,1.417568575162,1.312092435350,1.194495913909,1.065181053739,0.924153924524,0.770423240327,0.600232552926,,,,,,,0.434966165265,1.383966666667
20880,1.770283033409,1.762808565895,1.740434867336,1.703311206191,1.651686564473,1.585908137707,1.506415216743,1.413723895414,1.308394901356,1.190970354828,1.061849735452,0.921032288899,0.767510604805,0.597482645228,,,,,,,0.433850538119,1.383200000000
20940,1.766024983363,1.758557838084,1.736206487248,1.699121344631,1.647553147550,1.581851179137,1.502456866478,1.409888123244,1.304706710454,1.187454399673,1.058528025423,0.917919977715,0.764606569678,0.594739752835,,,,,,,0.432737973566,1.382433333333
21000,1.761772848331,1.754313105858,1.731984365114,1.694938160392,1.643426930818,1.577802004506,1.498506887186,1.406061255918,1.301027843116,1.183948019712,1.055215903422,0.914816945755,0.761711092500,0.592003831084,,,,,,,0.431628466338,1.381666666667
21060,1.757526681586,1.750074431976,1.727768569712,1.690761698209,1.639307943354,1.573760618859,1.494565282021,1.402243286155,1.297358279693,1.180451173280,1.051913310414,0.911723148907,0.758824131454,0.589274834494,,,,,,,0.430522009982,1.380900000000
21120,1.753286535368,1.745841870364,1.723559122875,1.686591996210,1.635196213577,1.569727054764,1.490632053063,1.398434206413,1.293698000437,1.176963833128,1.048620220466,0.908638541527,0.755945645258,0.586552717441,,,,,,,0.429418597046,1.380133333333
21180,1.749052460895,1.741615470605,1.719356095363,1.682429087916,1.631091769249,1.565701328874,1.486707213226,1.394634001185,1.290046985531,1.173485975102,1.045336588909,0.905563076903,0.753075593096,0.583837432785,,,,,,,0.428318219231,1.379366666667
21240,1.744824508385,1.737395264871,1.715159503229,1.678273002399,1.626994637487,1.561683445020,1.482790752965,1.390842666649,1.286405215117,1.170017560613,1.042062375113,0.902496720901,0.750213934556,0.581128933897,,,,,,,0.427220867511,1.378600000000
21300,1.740602727071,1.733181315996,1.710969419545,1.674123786836,1.622904844764,1.557673425188,1.478882695677,1.387060198221,1.282772669314,1.166558558424,1.038797552349,0.899439432894,0.747360629587,0.578427172598,,,,,,,0.426126532250,1.377833333333
21360,1.736387165212,1.728973671985,1.706785854363,1.669981476231,1.618822415368,1.553671290517,1.474983019502,1.383286587424,1.279149325598,1.163108947829,1.035542064099,0.896391172945,0.744515633061,0.575732101052,,,,,,,0.425035203286,1.377066666667
21420,1.732177870115,1.724772377591,1.702608881385,1.665846104832,1.614747375328,1.549677051005,1.471091753674,1.379521825578,1.275535165499,1.159668692167,1.032295894612,0.893351901753,0.741678908331,0.573043670623,,,,,,,0.423946870010,1.376300000000
21480,1.727974888146,1.720577462043,1.698438510482,1.661717694378,1.610679749913,1.545690711693,1.467208879455,1.375765899152,1.271930170336,1.156237758850,1.029058994044,0.890321580603,0.738850418577,0.570361832008,,,,,,,0.422861521435,1.375533333333
21540,1.723778264747,1.716388985993,1.694274809774,1.657596286566,1.606619563104,1.541712300055,1.463334415246,1.372018797960,1.268334320322,1.152816129384,1.025831332910,0.887300163754,0.736030124898,0.567686536166,,,,,,,0.421779146253,1.374766666667
21600,1.719588044447,1.712206992503,1.690117792208,1.653481916401,1.602566838270,1.537741829298,1.459468353995,1.368280518782,1.264747595730,1.149403767805,1.022612880530,0.884287620453,0.733217988627,0.565017733329,,,,,,,0.420699732859,1.374000000000
21660,1.715404777918,1.708033814988,1.685975147534,1.649391044468,1.598550165725,1.533823162450,1.455672812735,1.364634126344,1.261276516980,1.146133045017,1.019564413104,0.881476570138,0.730644609499,0.562639611646,,,,,,,0.419618224045,1.373400000000
21720,1.711229011544,1.703868192137,1.681840241014,1.645308201743,1.594541887189,1.529913282509,1.451886410040,1.360997154629,1.257815020581,1.142871899649,1.016525310020,0.878674414118,0.728079336023,0.560267443873,,,,,,,0.418536143887,1.372800000000
21780,1.707060782056,1.699710172554,1.677713129954,1.641233437184,1.590542028915,1.526012193504,1.448109150769,1.357369608352,1.254363098501,1.139620304532,1.013495530599,0.875881120998,0.725522103861,0.557900786795,,,,,,,0.417455080334,1.372200000000
21840,1.702900125274,1.695559790803,1.673593830422,1.637166762601,1.586550605458,1.522119900916,1.444341029783,1.353751457302,1.250920716855,1.136378225502,1.010475037775,0.873096647460,0.722972759167,0.555539576244,,,,,,,0.416375579721,1.371600000000
21900,1.698747076117,1.691417080352,1.669482373403,1.633108198162,1.582567630797,1.518236408807,1.440582040547,1.350142689480,1.247487843794,1.133145628736,1.007463792696,0.870320939662,0.720431185185,0.553183830808,,,,,,,0.415297946505,1.371000000000
21960,1.694601668624,1.687282072680,1.665378797842,1.629057779608,1.578593118342,1.514361720822,1.436832170330,1.346543290760,1.244064465537,1.129922480673,1.004461755498,0.867553925793,0.717897272573,0.550833583808,,,,,,,0.414222378153,1.370400000000
22020,1.690463935963,1.683154788162,1.661283108873,1.625015506357,1.574627073764,1.510495840194,1.433091410743,1.342953233214,1.240650543666,1.126708747513,1.001468884602,0.864795548457,0.715370934138,0.548488865116,,,,,,,0.413149013519,1.369800000000
22080,1.686333910447,1.679035270298,1.657195358233,1.620981417453,1.570669512376,1.506638769752,1.429359761845,1.339372517165,1.237246057125,1.123504388257,0.998485136618,0.862045746852,0.712852113275,0.546149698066,,,,,,,0.412077955261,1.369200000000
22140,1.682211623545,1.674923549193,1.653115554813,1.616955529126,1.566720450216,1.502790511935,1.425637216152,1.335801102243,1.233850987058,1.120309376874,0.995510466714,0.859304458714,0.710340737630,0.543816099083,,,,,,,0.411009281865,1.368600000000
22200,1.678097105899,1.670819654148,1.649043731600,1.612937849547,1.562779898513,1.498951068793,1.421923764943,1.332238993497,1.230465291016,1.117123679017,0.992544829178,0.856571613474,0.707836784424,0.541488077311,,,,,,,0.409943054754,1.368000000000
22260,1.673990387333,1.666723610916,1.644979917509,1.608928415207,1.558847867975,1.495120441999,1.418219388969,1.328686158500,1.227088956789,1.113947259884,0.989588177979,0.853847163314,0.705340183335,0.539165636952,,,,,,,0.408879322799,1.367400000000
22320,1.669891496870,1.662635439163,1.640924120525,1.604927227417,1.554924368048,1.491298632856,1.414524092459,1.325142587849,1.223721959453,1.110780084274,0.986640467238,0.851131059004,0.702850931215,0.536848776945,,,,,,,0.407818125337,1.366800000000
22380,1.665800462739,1.658555176687,1.636876385293,1.600934312145,1.551009398912,1.487485642305,1.410837867072,1.321608262883,1.220364256540,1.107622116694,0.983701651583,0.848423251119,0.700368962101,0.534537491659,,,,,,,0.406759494275,1.366200000000
22440,1.661717312391,1.654482849677,1.632836713737,1.596949692441,1.547102980117,1.483681470929,1.407160704255,1.318083160389,1.217015838950,1.104473317739,0.980771686398,0.845723679137,0.697894275763,0.532231772143,,,,,,,0.405703455610,1.365600000000
22500,1.657642072510,1.650418483571,1.628805142159,1.592973363228,1.543205120367,1.479886118962,1.403492584584,1.314567274679,1.213676675543,1.101333651812,0.977850527980,0.843032311474,0.695426817198,0.529931606344,,,,,,,0.404650030551,1.365000000000
22560,1.653574769025,1.646362098453,1.624781688709,1.589005362757,1.539315827887,1.476099586289,1.399833506922,1.311060569369,1.210346730018,1.098203087014,0.974938133632,0.840349107323,0.692966579718,0.527636979299,,,,,,,0.403599236380,1.364400000000
22620,1.649515427120,1.642313714093,1.620766365512,1.585045695210,1.535435110430,1.472321872454,1.396183464867,1.307563047698,1.207025989327,1.095081587873,0.972034461700,0.837674023892,0.690513518854,0.525347873649,,,,,,,0.402551087108,1.363800000000
22680,1.645464071250,1.638273362631,1.616759209891,1.581094372264,1.531562971264,1.468552976659,1.392542448971,1.304074670657,1.203714419593,1.091969119169,0.969139471583,0.835007012629,0.688067621411,0.523064269719,,,,,,,0.401505594004,1.363200000000
22740,1.641420725146,1.634241066628,1.612760216586,1.577151421035,1.527699414714,1.464792897769,1.388910441563,1.300595437386,1.200411989450,1.088865646004,0.966253123710,0.832348049242,0.685628851194,0.520786146419,,,,,,,0.400462766007,1.362600000000
22800,1.637385411831,1.630216847950,1.608769426470,1.573216835355,1.523844453790,1.461041634313,1.385287435164,1.297125317582,1.197118682932,1.085771133856,0.963375379512,0.829697098001,0.683197189090,0.518513480805,,,,,,,0.399422610067,1.362000000000
22860,1.633358153629,1.626200721051,1.604786846212,1.569290642842,1.519998094430,1.457299184486,1.381673425200,1.293664298629,1.193834464451,1.082685545565,0.960506199196,0.827054115906,0.680772605360,0.516246248447,,,,,,,0.398385131421,1.361400000000
22920,1.629338972177,1.622192706584,1.600812493320,1.565372855938,1.516160342130,1.453565546151,1.378068401291,1.290212361082,1.190559306477,1.079608846884,0.957645546740,0.824419070154,0.678355075909,0.513984423598,,,,,,,0.397350333825,1.360800000000
22980,1.625327888434,1.618192831055,1.596846395146,1.561463470847,1.512331201954,1.449840716842,1.374472346461,1.286769481295,1.187293191155,1.076541008324,0.954793387704,0.821791935399,0.675944575851,0.511727979327,,,,,,,0.396318219744,1.360200000000
23040,1.621324922694,1.614201113672,1.592888546275,1.557562518117,1.508510672922,1.446124693768,1.370885248966,1.283335650064,1.184036082173,1.073481997128,0.951949687045,0.819172679612,0.673541077243,0.509476887632,,,,,,,0.395288790516,1.359600000000
23100,1.617330094594,1.610217573002,1.588938986110,1.553669996089,1.504698760363,1.442417473813,1.367307105050,1.279910833445,1.180787954704,1.070431781004,0.949114410473,0.816561255567,0.671144558564,0.507231119536,,,,,,,0.394262046489,1.359000000000
23160,1.613343423126,1.606242217896,1.584997711556,1.549785915882,1.500895472670,1.438719053544,1.363737903452,1.276495031746,1.177548789938,1.067390328125,0.946287524408,0.813957647929,0.668754989273,0.504990645173,,,,,,,0.393237987136,1.358400000000
23220,1.609364926647,1.602275070626,1.581064746683,1.545910298134,1.497100813225,1.435029429215,1.360177626965,1.273088201814,1.174318551719,1.064357607121,0.943468995931,0.811361826863,0.666372349782,0.502755433859,,,,,,,0.392216611162,1.357800000000
23280,1.605394622886,1.598316152088,1.577140106068,1.542043132030,1.493314785002,1.431348596771,1.356626261689,1.269690348229,1.171097216719,1.061333587076,0.940658792747,0.808773754141,0.663996608275,0.500525454161,,,,,,,0.391197916586,1.357200000000
23340,1.601432528960,1.594365478388,1.573223791632,1.538184442810,1.489537390577,1.427676551855,1.353083803787,1.266301432288,1.167884766000,1.058318233066,0.937856883137,0.806193400831,0.661627745684,0.498300673949,,,,,,,0.390181900821,1.356600000000
23400,1.597478661376,1.590423065043,1.569315834737,1.534334237373,1.485768626535,1.424013289812,1.349550241242,1.262921449735,1.164681164341,1.055311518038,0.935063235930,0.803620746128,0.659265730297,0.496081060448,,,,,,,0.389168560753,1.356000000000
23460,1.593532939153,1.586488472394,1.565414749989,1.530489335161,1.482002982473,1.420350349677,1.346013594684,1.259534393609,1.161465919056,1.052287983531,0.932246902921,0.801018593082,0.656865661217,0.493809889638,,,,,,,0.388158854174,1.355366666667
23520,1.589595281526,1.582561976967,1.561521858541,1.526652756546,1.478245811130,1.416696027480,1.342485682241,1.256156123554,1.158259394907,1.049272972755,0.929438733450,0.798424062947,0.654472397948,0.491543978306,,,,,,,0.387152482727,1.354733333333
23580,1.585665704447,1.578643595261,1.557637158431,1.522824504340,1.474497114852,1.413050323178,1.338966500481,1.252786605844,1.155061567950,1.046266457950,0.926638705872,0.795837142052,0.652085904012,0.489283333256,,,,,,,0.386149136900,1.354100000000
23640,1.581744223305,1.574733341735,1.553760668456,1.519004575860,1.470756895611,1.409413233200,1.335456029513,1.249425841954,1.151872408448,1.043268411721,0.923846793308,0.793257783394,0.649706202988,0.487027892715,,,,,,,0.385148705529,1.353466666667
23700,1.577830852928,1.570831225243,1.549892400060,1.515192993469,1.467025155012,1.405784752840,1.331954257397,1.246073791536,1.148691893589,1.040278807023,0.921062967907,0.790685987003,0.647333286561,0.484777592371,,,,,,,0.384151123238,1.352833333333
23760,1.573925607598,1.566937255520,1.546032356785,1.511389758222,1.463301894304,1.402164877133,1.328461181653,1.242730457860,1.145520005429,1.037297617167,0.918287201185,0.788121712917,0.644967117700,0.482532370734,,,,,,,0.383156344752,1.352200000000
23820,1.570028501054,1.563051454177,1.542180563159,1.507594867234,1.459587114379,1.398553600862,1.324976782688,1.239395807014,1.142356720818,1.034324815840,0.915519458850,0.785564953146,0.642607703622,0.480292169567,,,,,,,0.382164335700,1.351566666667
23880,1.566139546502,1.559173833540,1.538337007851,1.503808340876,1.455880814988,1.394950918567,1.321501046753,1.236069831771,1.139202015457,1.031360377147,0.912759724690,0.783015681193,0.640255019236,0.478056933270,,,,,,,0.381175068376,1.350933333333
23940,1.562258756624,1.555304405426,1.534501724343,1.500030178850,1.452182991515,1.391356824552,1.318033971763,1.232752509096,1.136055858483,1.028404275624,0.910007973855,0.780473875008,0.637909020109,0.475826608128,,,,,,,0.380188519472,1.350300000000
24000,1.558386143583,1.551443169383,1.530674698228,1.496260377445,1.448493649550,1.387771312891,1.314575537884,1.229443820811,1.132918236987,1.025456486251,0.907264182005,0.777939520385,0.635569704778,0.473601142111,,,,,,,0.379204668750,1.349666666667
24060,1.554521719033,1.547590146113,1.526855957376,1.492498955447,1.444812788644,1.384194373622,1.311125730834,1.226143755247,1.129789128674,1.022516984430,0.904528318419,0.775412581606,0.633237044051,0.471380484331,,,,,,,0.378223498199,1.349033333333
24120,1.550665494124,1.543745347866,1.523045496979,1.488745911600,1.441140408034,1.380626001718,1.307684548375,1.222852282833,1.126668511483,1.019585745959,0.901800361726,0.772893055595,0.630910989784,0.469164584642,,,,,,,0.377244991486,1.348400000000
24180,1.546817479512,1.539908784480,1.519243330654,1.485001240759,1.437476506646,1.377066193059,1.304251969891,1.219569402877,1.123556357667,1.016662746992,0.899080292725,0.770380894150,0.628591538649,0.466953393503,,,,,,,0.376269133570,1.347766666667
24240,1.542977685366,1.536080460270,1.515449465882,1.481264960525,1.433821083101,1.373514940869,1.300827981820,1.216295076617,1.120452647199,1.013747964002,0.896368088002,0.767876099534,0.626278662576,0.464746861815,,,,,,,0.375295910431,1.347133333333
24300,1.539146121373,1.532260380665,1.511663902395,1.477537069077,1.430174135722,1.369972238178,1.297412581228,1.213029306723,1.117357363185,1.010841373743,0.893663721142,0.765378627367,0.623972308218,0.462544940776,,,,,,,0.374325308866,1.346500000000
24360,1.535322796750,1.528448562666,1.507886659657,1.473817559237,1.426535662544,1.366438077827,1.294005746195,1.209772062048,1.114270484462,1.007942953216,0.890967163565,0.762888469854,0.621672473774,0.460347581781,,,,,,,0.373357316346,1.345866666667
24420,1.531507720244,1.524645014252,1.504117723880,1.470106447815,1.422905661317,1.362912452474,1.290607465100,1.206523332501,1.111191990068,1.005052679641,0.888278400393,0.760405591606,0.619379131370,0.458154736313,,,,,,,0.372391920895,1.345233333333
24480,1.527700900148,1.520849742952,1.500357123580,1.466403732807,1.419284124550,1.359395354599,1.287217733783,1.203283100234,1.108121850858,1.002170530431,0.885597408457,0.757929975572,0.617092231036,0.455966355666,,,,,,,0.371429111009,1.344600000000
24540,1.523902344300,1.517062743701,1.496604839668,1.462709404422,1.415671053609,1.355886775897,1.283836528499,1.200051341952,1.105060053249,0.999296483171,0.882924163517,0.755461594638,0.614811763214,0.453782391524,,,,,,,0.370468875580,1.343966666667
24600,1.520112060096,1.513284034044,1.492860898134,1.459023479064,1.412066446317,1.352386703142,1.280463840757,1.196828053539,1.102006578293,0.996430515600,0.880258632856,0.753000423695,0.612537704052,0.451602795294,,,,,,,0.369511203846,1.343333333333
24660,1.516330054493,1.509513621540,1.489125287831,1.455345954923,1.408470299356,1.348895134298,1.277099664639,1.193613198054,1.098961405703,0.993572605596,0.877600804098,0.750546442980,0.610270010519,0.449427518258,,,,,,,0.368556085343,1.342700000000
24720,1.512556334020,1.505751512003,1.485398021815,1.451676819022,1.404882609158,1.345412061202,1.273743974055,1.190406778914,1.095924515334,0.990722731167,0.874950654248,0.748099620481,0.608008660169,0.447256511523,,,,,,,0.367603509873,1.342066666667
24780,1.508790904782,1.501997704791,1.481679100169,1.448016087741,1.401303371913,1.341937475548,1.270396764792,1.187208764955,1.092895878390,0.987880870439,0.872308159589,0.745659942826,0.605753635723,0.445089725566,,,,,,,0.366653467469,1.341433333333
24840,1.505033772468,1.498252203636,1.477968523374,1.444363759831,1.397732583570,1.338471368882,1.267058028640,1.184019146848,1.089875483334,0.985047001649,0.869673286595,0.743227372223,0.603504903247,0.442927111288,,,,,,,0.365705948376,1.340800000000
24900,1.501284942356,1.494515020502,1.474266302440,1.440719818574,1.394170239849,1.335013732618,1.263727736638,1.180837907858,1.086863310933,0.982221103141,0.867046023789,0.740801900697,0.601262423337,0.440768619206,,,,,,,0.364760943027,1.340166666667
24960,1.497544419326,1.490786159598,1.470572425624,1.437084280692,1.390616336241,1.331564558033,1.260405889960,1.177665023644,1.083859341507,0.979403153127,0.864426348413,0.738383485782,0.599026187380,0.438614199030,,,,,,,0.363818442027,1.339533333333
25020,1.493812207858,1.487065624490,1.466886914571,1.433457145124,1.387070868021,1.328123835130,1.257092476253,1.174500491440,1.080863555473,0.976593129046,0.861814235704,0.735972123881,0.596796168229,0.436463800496,,,,,,,0.362878436141,1.338900000000
25080,1.490088312048,1.483353405864,1.463209745661,1.429838393074,1.383533825977,1.324691550311,1.253787467105,1.171344275862,1.077875926134,0.973791010776,0.859209654662,0.733567768949,0.594572318687,0.434317373380,,,,,,,0.361940916278,1.338266666667
25140,1.486372735608,1.479649519871,1.459540945913,1.426228039757,1.380005208348,1.321267700226,1.250490866208,1.168196377494,1.074896439809,0.970996777037,0.856612593137,0.731170420735,0.592354627519,0.432174865856,,,,,,,0.361005873485,1.337633333333
25200,1.482665481876,1.475953969223,1.455880495075,1.422626084003,1.376485010732,1.317852275656,1.247202655375,1.165056770819,1.071925078786,0.968210406638,0.854023028667,0.728780030698,0.590143072331,0.430036227323,,,,,,,0.360073298920,1.337000000000
25260,1.478966830147,1.472268032244,1.452232668798,1.419041679701,1.372989154611,1.314469681557,1.243957318836,1.161971515239,1.069020860084,0.965505276786,0.851530364396,0.726504627968,0.588069636120,0.428074152361,,,,,,,0.359140428658,1.336466666667
25320,1.475277056785,1.468590974878,1.448593730693,1.415466170934,1.369502172507,1.311095907652,1.240720701918,1.158894805095,1.066124931508,0.962808104218,0.849045215300,0.724236159860,0.586002288300,0.426115066817,,,,,,,0.358208102101,1.335933333333
25380,1.471596160180,1.464922791500,1.444963670082,1.411899541190,1.366024054588,1.307730940561,1.237492787755,1.155826630759,1.063237292269,0.960118872037,0.846567556786,0.721974600068,0.583940921704,0.424159068110,,,,,,,0.357277185696,1.335400000000
25440,1.467924138380,1.461263486868,1.441342497131,1.408341785471,1.362554779765,1.304374766812,1.234273559470,1.152766965714,1.060357901311,0.957437556514,0.844097364242,0.719719916663,0.581885419671,0.422206289283,,,,,,,0.356347975929,1.334866666667
25500,1.464260989087,1.457613058116,1.437730191389,1.404792903328,1.359094347504,1.301027372842,1.231063000171,1.149715787337,1.057486752708,0.954764123315,0.841634612515,0.717472068316,0.579835722989,0.420256812537,,,,,,,0.355420637168,1.334333333333
25560,1.460606709675,1.453971502057,1.434126758228,1.401252872726,1.355642749009,1.297688744997,1.227861092953,1.146673085365,1.054623811342,0.952098557925,0.839179275247,0.715231011291,0.577791777493,0.418310687079,,,,,,,0.354495275451,1.333800000000
25620,1.456961297186,1.450338813812,1.430532195694,1.397721705348,1.352199973777,1.294358869540,1.224667813811,1.143638832176,1.051769065348,0.949440838315,0.836731324630,0.712996706869,0.575753527558,0.416367940695,,,,,,,0.353571964935,1.333266666667
25680,1.453324748345,1.446714981351,1.426946482210,1.394199374045,1.348766003912,1.291037732647,1.221483152513,1.140613007747,1.048922486016,0.946790938037,0.834290731623,0.710769114493,0.573720950664,0.414428586511,,,,,,,0.352650760141,1.332733333333
25740,1.449697059564,1.443100010202,1.423369631157,1.390685886348,1.345340830801,1.287725320412,1.218307092488,1.137595600709,1.046084055055,0.944148825654,0.831857466403,0.708548196173,0.571694022785,0.412492627125,,,,,,,0.351731702509,1.332200000000
25800,1.446078226946,1.439493895954,1.419801625346,1.387181227182,1.341924448611,1.284421618846,1.215139616771,1.134586581871,1.043253750403,0.941514486137,0.829431498815,0.706333916574,0.569672722650,0.410560057274,,,,,,,0.350814824269,1.331666666667
25860,1.442468246298,1.435896633908,1.416242459708,1.383685386741,1.338516846230,1.281126612181,1.211980708378,1.131585934617,1.040431546805,0.938887894441,0.827012795595,0.704126242814,0.567657031200,0.408630865611,,,,,,,0.349900150900,1.331133333333
25920,1.438867113130,1.432308219080,1.412692138125,1.380198366460,1.335118009450,1.277840287830,1.208830350308,1.128593645959,1.037617429075,0.936269019674,0.824601329803,0.701925144168,0.565646930555,0.406705035961,,,,,,,0.348987702761,1.330600000000
25980,1.435274822665,1.428728636134,1.409150634059,1.376720139197,1.331727920761,1.274562631761,1.205688521984,1.125609684610,1.034811364519,0.933657835828,0.822197072452,0.699730591755,0.563642403551,0.404782548214,,,,,,,0.348077496235,1.330066666667
26040,1.431691369848,1.425157888877,1.405617959028,1.373250716661,1.328346577791,1.271293629674,1.202555205826,1.122634038081,1.032013345150,0.931054323547,0.819799994778,0.697542553057,0.561643433403,0.402863378986,,,,,,,0.347169544548,1.329533333333
26100,1.428116749345,1.421595972302,1.402094100259,1.369790073180,1.324973968869,1.268033267192,1.199430388814,1.119666691220,1.029223330467,0.928458457258,0.817410068638,0.695361005315,0.559650003492,0.400947502118,,,,,,,0.346263858376,1.329000000000
26160,1.424550955556,1.418042880354,1.398579043483,1.366338209684,1.321610082192,1.264781529860,1.196314053816,1.116707610109,1.026441317109,0.925870203790,0.815027266528,0.693185925450,0.557662097215,0.399034889059,,,,,,,0.345360446308,1.328466666667
26220,1.420993982618,1.414498606726,1.395072795297,1.362895115101,1.318254895822,1.261538403144,1.193206183658,1.113756787129,1.023667265424,0.923289541758,0.812651561570,0.691017289461,0.555679697735,0.397125509164,,,,,,,0.344459315198,1.327933333333
26280,1.417445824408,1.410963136773,1.391575331936,1.359460772740,1.314908406047,1.258303872435,1.190106761112,1.110814203621,1.020901166902,0.920716449732,0.810282927495,0.688855074115,0.553702788455,0.395219329927,,,,,,,0.343560470445,1.327400000000
26340,1.413906474555,1.407436469155,1.388086656133,1.356035187478,1.311570602439,1.255077923039,1.187015767182,1.107879825183,1.018142989295,0.918150902707,0.807921338604,0.686699256825,0.551731352455,0.393316316867,,,,,,,0.342663916219,1.326866666667
26400,1.410375926439,1.403918599516,1.384606761301,1.352618327898,1.308241472685,1.251860540183,1.183933180202,1.104953647289,1.015392715381,0.915592867151,0.805566769739,0.684549815555,0.549765372647,0.391416434312,,,,,,,0.341769655637,1.326333333333
26460,1.406854173202,1.400409520588,1.381135625165,1.349210204206,1.304920999706,1.248651709010,1.180858988827,1.102035645810,1.012650321864,0.913042325009,0.803219196242,0.682406728640,0.547804831504,0.389519645351,,,,,,,0.340877690912,1.325800000000
26520,1.403341207747,1.396909224876,1.377673256629,1.345810794478,1.301609168819,1.245451414582,1.177793175607,1.099125792827,1.009915782541,0.910499254355,0.800878593920,0.680269967221,0.545849711833,0.387625911566,,,,,,,0.339988023475,1.325266666667
26580,1.399837022751,1.393417698302,1.374219634296,1.342420091019,1.298305974219,1.242259641874,1.174735723038,1.096224080438,1.007189083491,0.907963631153,0.798544939012,0.678139518116,0.543899996026,0.385735193056,,,,,,,0.339100654077,1.324733333333
26640,1.396341610664,1.389934935042,1.370774753283,1.339038089160,1.295011403110,1.239076375779,1.171686613562,1.093330480763,1.004470189246,0.905435422785,0.796218208154,0.676015360771,0.541955666040,0.383847448698,,,,,,,0.338215582872,1.324200000000
26700,1.392854963715,1.386460931254,1.367338612263,1.335664763313,1.291725442578,1.235901601106,1.168645828046,1.090444973218,1.001759093784,0.902914612713,0.793898378348,0.673897474888,0.540016704117,0.381962637054,,,,,,,0.337332809493,1.323666666667
26760,1.389377073918,1.382995678584,1.363911182096,1.332300120792,1.288448069510,1.232735302581,1.165613343972,1.087567546209,0.999055757700,0.900401179605,0.791585426934,0.671785840387,0.538083092191,0.380080715008,,,,,,,0.336452333111,1.323133333333
26820,1.385907933078,1.379539168476,1.360492473583,1.328944133979,1.285179279835,1.229577464850,1.162589150016,1.084698167797,0.996360174349,0.897895100423,0.789279329416,0.669680437379,0.536154811711,0.378201637733,,,,,,,0.335574152486,1.322600000000
26880,1.382447532791,1.376091387280,1.357082467293,1.325596802751,1.281919061392,1.226428072476,1.159573228434,1.081836825569,0.993672311769,0.895396344411,0.786980065820,0.667581246146,0.534231844635,0.376325360989,,,,,,,0.334698266020,1.322066666667
26940,1.378995864453,1.372652325320,1.353681151840,1.322258113487,1.278667400805,1.223287109946,1.156565561443,1.078983503857,0.990992153071,0.892904894540,0.784687614495,0.665488238755,0.532314172165,0.374451838225,,,,,,,0.333824671787,1.321533333333
27000,1.375552919262,1.369221979124,1.350288528279,1.318928047906,1.275424280870,1.220154561670,1.153566131229,1.076138166551,0.988319677184,0.890420730965,0.782401953897,0.663401403810,0.530401775837,0.372581022161,,,,,,,0.332953367547,1.321000000000
27060,1.372119207428,1.365802767377,1.346912690209,1.315624096554,1.272220057075,1.217076970127,1.150640705395,1.073388683268,0.985767527983,0.888084128644,0.780294539864,0.661529151434,0.528753038449,0.371066780072,,,,,,,0.332079096216,1.320666666667
27120,1.368695233391,1.362393271862,1.343546500361,1.312329671621,1.269025196111,1.214008485537,1.147724092459,1.070647624436,0.983223332084,0.885754922491,0.778193871088,0.659662924812,0.527109385147,0.369552851190,,,,,,,0.331203485058,1.320333333333
27180,1.365280979429,1.358993474572,1.340189941873,1.309044752547,1.265839660458,1.210949101541,1.144816267551,1.067914961273,0.980687062782,0.883433086331,0.776099931899,0.657802679615,0.525470605835,0.368040164446,,,,,,,0.330328201901,1.320000000000
27240,1.361876427660,1.355603357350,1.336842995791,1.305769328890,1.262663443342,1.207898788774,1.141917197866,1.065190666825,0.978158693542,0.881118594210,0.774012697927,0.655948395118,0.523836522479,0.366529186685,,,,,,,0.329453825223,1.319666666667
27300,1.358481560051,1.352222896937,1.333505633260,1.302503366048,1.259496509260,1.204857519332,1.139026862472,1.062474718793,0.975638197995,0.878811420355,0.771932143442,0.654100017394,0.522207033115,0.365020192313,,,,,,,0.328580680804,1.319333333333
27360,1.355096358420,1.348852078331,1.330177841863,1.299246853587,1.256338849225,1.201825281437,1.136145240753,1.059767091342,0.973125549936,0.876511539013,0.769858232694,0.652257471806,0.520582084006,0.363513361559,,,,,,,0.327708982729,1.319000000000
27420,1.351720804438,1.345490884489,1.326859605312,1.295999774667,1.253190429642,1.198802037205,1.133272307966,1.057067758735,0.970620723296,0.874218922123,0.767790938756,0.650420721185,0.518961648123,0.362008820384,,,,,,,0.326838883928,1.318666666667
27480,1.348354879636,1.342139296689,1.323550904159,1.292762091730,1.250051239436,1.195787774030,1.130408028956,1.054376695336,0.968123692097,0.871933542844,0.765730231095,0.648589710730,0.517345713318,0.360506660082,,,,,,,0.325970499576,1.318333333333
27540,1.344998565408,1.338797296080,1.320251710139,1.289533802022,1.246921246811,1.192782468598,1.127552388131,1.051693875596,0.965634430378,0.869655376283,0.763676074941,0.646764384400,0.515734275045,0.359006948255,,,,,,,0.325103919628,1.318000000000
27600,1.341651843012,1.335464863679,1.316962008348,1.286314878700,1.243800438738,1.189786086820,1.124705362336,1.049019271864,0.963152912112,0.867384394498,0.761628431963,0.644944718975,0.514127332689,0.357509735601,,,,,,,0.324239216224,1.317666666667
27660,1.338314693577,1.332141980380,1.313681782996,1.283105294646,1.240688785112,1.186798619762,1.121866926085,1.046352857085,0.960679111143,0.865120568939,0.759587263387,0.643130672707,0.512524887790,0.356015059946,,,,,,,0.323376448392,1.317333333333
27720,1.334987098102,1.328828626954,1.310411014193,1.279905041436,1.237586271073,1.183820033008,1.119037044935,1.043694609739,0.958213001138,0.862863870606,0.757552542428,0.641322209936,0.510926942675,0.354522949252,,,,,,,0.322515665179,1.317000000000
27780,1.331669037466,1.325524780120,1.307149674187,1.276714086713,1.234492868104,1.180850307212,1.116215705268,1.041044504443,0.955754555577,0.860614270234,0.755524236135,0.639519316557,0.509333499588,0.353033423667,,,,,,,0.321656907839,1.316666666667
27840,1.328360492424,1.322230421937,1.303897745885,1.273532413813,1.231408559642,1.177889425723,1.113402882602,1.038402515795,0.953303747760,0.858371738459,0.753502312728,0.637721957313,0.507744560275,0.351546497016,,,,,,,0.320800211410,1.316333333333
27900,1.325061443615,1.318945535275,1.300655213921,1.270360008674,1.228333318649,1.174937347766,1.110598549504,1.035768618357,0.950860550835,0.856136245968,0.751486731564,0.635930111467,0.506160125991,0.350062177913,,,,,,,0.319945605878,1.316000000000
27960,1.321771871564,1.315670100451,1.297422058011,1.267196833454,1.225267126983,1.171994067570,1.107802675922,1.033142786647,0.948424937836,0.853907763266,0.749477472912,0.634143768150,0.504580197362,0.348580470606,,,,,,,0.319093117069,1.315666666667
28020,1.318491756684,1.312404097676,1.294198250844,1.264042881958,1.222209958980,1.169059554477,1.105015246030,1.030524994316,0.945996881726,0.851686257652,0.747474508988,0.632362893560,0.503004774120,0.347101375638,,,,,,,0.318242767327,1.315333333333
28080,1.315221079280,1.309147507057,1.290983773426,1.260898130772,1.219161795035,1.166133781875,1.102236235359,1.027915211649,0.943576355447,0.849471704779,0.745477812645,0.630587478756,0.501433855198,0.345624890371,,,,,,,0.317394576063,1.315000000000
28140,1.311959819553,1.305900308600,1.287778610741,1.257762547826,1.216122610753,1.163216736770,1.099465614708,1.025313418030,0.941163331959,0.847264076507,0.743487350753,0.628817512604,0.499867438591,0.344151009382,,,,,,,0.316548560176,1.314666666667
28200,1.308707957600,1.302662482216,1.284582742159,1.254636126176,1.213092385180,1.160308381732,1.096703357682,1.022719587813,0.938757784286,0.845063345120,0.741503101423,0.627052959838,0.498305521808,0.342679724687,,,,,,,0.315704734411,1.314333333333
28260,1.305465473423,1.299434004562,1.281396140736,1.251518835172,1.210071095081,1.157408703794,1.093949446454,1.020133695337,0.936359685545,0.842869483338,0.739525043865,0.625293822006,0.496748101559,0.341211026424,,,,,,,0.314863111643,1.314000000000
28320,1.302232346925,1.296214855449,1.278218785859,1.248410653500,1.207058718261,1.154517679790,1.091203856488,1.017555714942,0.933969008986,0.840682464334,0.737553154423,0.623540083008,0.495195173827,0.339744902679,,,,,,,0.314023703113,1.313666666667
28380,1.299008557915,1.293005017620,1.275050662786,1.245311568510,1.204055232537,1.151635275267,1.088466557066,1.014985620981,0.931585728010,0.838502261728,0.735587405774,0.621791712417,0.493646733955,0.338281339800,,,,,,,0.313186518626,1.313333333333
28440,1.295794086114,1.289804470626,1.271891750584,1.242221544004,1.201060614582,1.148761480873,1.085737524825,1.012423387838,0.929209816196,0.836328849579,0.733627773579,0.620048713924,0.492102776680,0.336820322563,,,,,,,0.312351566721,1.313000000000
28500,1.292588911156,1.286613193933,1.268742022604,1.239140569416,1.198074843158,1.145896263382,1.083016740245,1.009868985787,0.926841247316,0.834162201801,0.731674242361,0.618311065749,0.490563296029,0.335361834302,,,,,,,0.311518854811,1.312666666667
28560,1.289393012587,1.283431166930,1.265601456876,1.236068624350,1.195097893909,1.143039601425,1.080304178756,1.007322392119,0.924479995346,0.832002289782,0.729726790823,0.616578747642,0.489028285800,0.333905857028,,,,,,,0.310688389306,1.312333333333
28620,1.286206369874,1.280258368926,1.262470038861,1.233005673274,1.192129746438,1.140191478917,1.077599808461,1.004783582786,0.922126034480,0.829849092932,0.727785395924,0.614851759189,0.487497739156,0.332452371521,,,,,,,0.309860175714,1.312000000000
28680,1.283028962403,1.277094779155,1.259347747354,1.229951710166,1.189170375469,1.137351856338,1.074903608518,1.002252532427,0.919779339132,0.827702586951,0.725850030848,0.613130073854,0.485971648794,0.331001357419,,,,,,,0.309034218738,1.311666666667
28740,1.279860769482,1.273940374159,1.256234555924,1.226906705530,1.186219761339,1.134520724945,1.072215558090,0.999729215776,0.917439883943,0.825562747905,0.723920684088,0.611413681935,0.484450006990,0.329552793283,,,,,,,0.308210522351,1.311333333333
28800,1.276701770346,1.270795132144,1.253130441499,1.223870634835,1.183277877958,1.131698057056,1.069535632667,0.997213607665,0.915107643784,0.823429552213,0.721997335907,0.609702578234,0.482932805620,0.328106656644,,,,,,,0.307389089867,1.311000000000
28860,1.273551784206,1.267658277276,1.250032848334,1.220838010068,1.180335190027,1.128869234205,1.066843174157,0.994678108885,0.912747196802,0.821258809316,0.720025783794,0.607930434850,0.481336621694,0.326542758717,,,,,,,0.306571586829,1.310600000000
28920,1.270410632032,1.264530233243,1.246943995812,1.217813986375,1.177400937767,1.126048609445,1.064158607608,0.992150134350,0.910393832186,0.819094622435,0.718060202959,0.606163600621,0.479744921105,0.324982023540,,,,,,,0.305757495258,1.310200000000
28980,1.267278295578,1.261410981644,1.243863853095,1.214798563387,1.174475091486,1.123236161430,1.061481913373,0.989629661096,0.908047527039,0.816936978616,0.716100574839,0.604402055988,0.478157765245,0.323423972358,,,,,,,0.304946287728,1.309800000000
29040,1.264154756519,1.258300504006,1.240792410922,1.211791707477,1.171557644703,1.120431862978,1.058813069203,0.987116666272,0.905708251213,0.814785859401,0.714146881380,0.602645788867,0.476575195468,0.321868391538,,,,,,,0.304137781612,1.309400000000
29100,1.261039996455,1.255198781780,1.237729652734,1.208793408169,1.168648562889,1.117635693294,1.056152052888,0.984611127141,0.903375989437,0.812641231592,0.712199106578,0.600894810154,0.474997225183,0.320315141777,,,,,,,0.303331873845,1.309000000000
29160,1.257933996911,1.252105792839,1.234675552568,1.205803641622,1.165747835390,1.114847636340,1.053498842262,0.982113021083,0.901050719679,0.810503085387,0.710257232926,0.599149106743,0.473423852010,0.318764113729,,,,,,,0.302528496283,1.308600000000
29220,1.254836739338,1.249021518281,1.231630090906,1.202822387473,1.162855440837,1.112067670741,1.050853415206,0.979622325599,0.898732419861,0.808371402152,0.708321247844,0.597408679697,0.471855065352,0.317215218699,,,,,,,0.301727599723,1.308200000000
29280,1.251748205115,1.245945943102,1.228593255990,1.199849631457,1.159971350743,1.109295768925,1.048215749653,0.977139018310,0.896421068120,0.806246148375,0.706391134895,0.595673533921,0.470290850332,0.315668376019,,,,,,,0.300929146529,1.307800000000
29340,1.248668375554,1.242879048477,1.225565026584,1.196885343547,1.157095557608,1.106531911049,1.045585823592,0.974663076966,0.894116636164,0.804127318438,0.704466883769,0.593943647776,0.468731189847,0.314123513302,,,,,,,0.300133106694,1.307400000000
29400,1.245597231895,1.239820815512,1.222545373251,1.193929518850,1.154228026623,1.103776080511,1.042963615071,0.972194479443,0.891819108156,0.802014892135,0.702548478187,0.592219024172,0.467176065654,0.312580561843,,,,,,,0.299339455521,1.307000000000
29460,1.242534755314,1.236771225252,1.219534288889,1.190982117889,1.151368747606,1.101028255964,1.040349099115,0.969733203758,0.889528464087,0.799908840288,0.700635908615,0.590499658888,0.465625458979,0.311039456105,,,,,,,0.298548172165,1.306600000000
29520,1.239480926922,1.233730258678,1.216531754102,1.188043140931,1.148517698502,1.098288409826,1.037742255954,0.967279228068,0.887244683104,0.797809157293,0.698729158368,0.588785522517,0.464079350847,0.309500132811,,,,,,,0.297759238659,1.306200000000
29580,1.236435727766,1.230697890952,1.213537738086,1.185112551306,1.145674851236,1.095556522612,1.035143064915,0.964832530684,0.884967744622,0.795715821908,0.696828217759,0.587076620604,0.462537722269,0.307962529563,,,,,,,0.296972639245,1.305800000000
29640,1.233399138830,1.227674107340,1.210552230033,1.182190341701,1.142840197788,1.092832577537,1.032551504323,0.962393090073,0.882697621726,0.793628809782,0.694933069660,0.585372941520,0.461000554347,0.306426585248,,,,,,,0.296188359895,1.305400000000
29700,1.230371141039,1.224658890035,1.207575213132,1.179276483981,1.140013703543,1.090116553338,1.029967552583,0.959960884860,0.880434299674,0.791548114062,0.693043703710,0.583674453719,0.459467828329,0.304892238952,,,,,,,0.295406387959,1.305000000000
29760,1.227351715260,1.221652219784,1.204606661102,1.176370961658,1.137195358029,1.087408422790,1.027391188184,0.957535893727,0.878177759855,0.789473711787,0.691160102587,0.581981163144,0.457939525635,0.303359429733,,,,,,,0.294626711899,1.304600000000
29820,1.224340842302,1.218654077281,1.201646553729,1.173473755541,1.134385139396,1.084708166186,1.024822389706,0.955118093746,0.875927982614,0.787405583489,0.689282254931,0.580293052554,0.456415627866,0.301828097413,,,,,,,0.293849321088,1.304200000000
29880,1.221338502920,1.215664443165,1.198694878655,1.170584840177,1.131583019228,1.082015766933,1.022261135816,0.952707465996,0.873684948483,0.785343720374,0.687410143598,0.578610093742,0.454896116803,0.300298179794,,,,,,,0.293074205651,1.303800000000
29940,1.218344677813,1.212683296929,1.195751613987,1.167704205128,1.128788989467,1.079331203904,1.019707405280,0.950303989736,0.871448630936,0.783288097142,0.685543755972,0.576932289269,0.453380974406,0.298769616895,,,,,,,0.292301356344,1.303400000000
30000,1.215359347631,1.209710614282,1.192816730428,1.164831816187,1.126003016157,1.076654450593,1.017161176956,0.947907644378,0.869219017381,0.781238699489,0.683683075495,0.575259619376,0.451870182797,0.297242344859,,,,,,,0.291530764449,1.303000000000
30060,1.212382492972,1.206746381684,1.189890219939,1.161967670360,1.123225087806,1.073985486511,1.014622427795,0.945518409474,0.866996089465,0.779195516194,0.681828088058,0.573592058778,0.450363724253,0.295716302359,,,,,,,0.290762421703,1.302600000000
30120,1.209414094386,1.203790579584,1.186972062681,1.159111728242,1.120455183635,1.071324295618,1.012091137067,0.943136264710,0.864779828284,0.777158519196,0.679978778101,0.571929607695,0.448861581088,0.294191425405,,,,,,,0.289996320220,1.302200000000
30180,1.206454132379,1.200843188386,1.184062227194,1.156263987671,1.117693274166,1.068670856972,1.009567285753,0.940761189903,0.862570214439,0.775127699785,0.678135129777,0.570272244803,0.447363735968,0.292667648855,,,,,,,0.289232452451,1.301800000000
30240,1.203502587408,1.197904188456,1.181160703027,1.153424414600,1.114939351769,1.066025145129,1.007050853095,0.938393164989,0.860367222485,0.773103043856,0.676297128924,0.568619947001,0.445870171580,0.291144908497,,,,,,,0.288470811127,1.301400000000
30300,1.200559439891,1.194973560117,1.178267472444,1.150592998375,1.112193383603,1.063387138260,1.004541818432,0.936032170020,0.858170841152,0.771084520592,0.674464757708,0.566972712977,0.444380870725,0.289623136756,,,,,,,0.287711389231,1.301000000000
30360,1.197624670203,1.192051279961,1.175382508194,1.147769713299,1.109455356448,1.060756821215,1.002040161193,0.933678185155,0.855981051897,0.769072127057,0.672638003750,0.565330520601,0.442895816312,0.288102266173,,,,,,,0.286954179961,1.300600000000
30420,1.194698258682,1.189137328718,1.172505791231,1.144954540428,1.106725251433,1.058134173271,0.999545860896,0.931331190654,0.853797836248,0.767065842892,0.670816846961,0.563693348053,0.441414991346,0.286582228608,,,,,,,0.286199176705,1.300200000000
30480,1.191780185627,1.186231689857,1.169637307961,1.142147462232,1.104003037318,1.055519170354,0.997058897147,0.928991166874,0.851621173246,0.765065643851,0.669001277123,0.562061193177,0.439938378906,,,,,,,,0.285446373022,1.299800000000
30540,1.188870431302,1.183334343565,1.166777035210,1.139348451679,1.101288707347,1.052911788741,0.994579249637,0.926658094262,0.849451041637,0.763071523711,0.667191271615,0.560434033706,0.438465961983,,,,,,,,0.284695762615,1.299400000000
30600,1.185968975942,1.180445269999,1.163924945655,1.136557499224,1.098582230218,1.050312014476,0.992106898137,0.924331953349,0.847287428583,0.761083458537,0.665386822741,0.558811848105,0.436997724020,,,,,,,,0.283947339307,1.299000000000
30660,1.183076096255,1.177565874174,1.161085821353,1.133784906449,1.095901555530,1.047747384836,0.989680810665,0.922064896200,0.845197407618,0.759185372960,0.663691312098,0.557322182363,0.435697167869,,,,,,,,0.283197927240,1.298733333333
30720,1.180192065418,1.174695292325,1.158255406304,1.131020848071,1.093229159410,1.045190711629,0.987262302614,0.919804970882,0.843114010822,0.757293357270,0.662001278045,0.555837357686,0.434400618830,,,,,,,,0.282448519509,1.298466666667
30780,1.177316858334,1.171833499335,1.155433675343,1.128265298913,1.090565027543,1.042641985916,0.984851352545,0.917552152187,0.841037214293,0.755407388894,0.660316703042,0.554357353941,0.433107902482,,,,,,,,0.281700119840,1.298200000000
30840,1.174450449913,1.168980465988,1.152620595225,1.125518221951,1.087909119552,1.040101167030,0.982447925920,0.915306411729,0.838966995829,0.753527451995,0.658637569276,0.552882139875,0.431818913095,,,,,,,,0.280953072723,1.297933333333
30900,1.171592815066,1.166136170876,1.149816148107,1.122779602766,1.085261424320,1.037568247120,0.980052012143,0.913067735528,0.836903338763,0.751653527455,0.656963857844,0.551411670687,0.430533603497,,,,,,,,0.280207570074,1.297666666667
30960,1.168743928714,1.163300589343,1.147020309744,1.120049417552,1.082621911206,1.035043184727,0.977663578511,0.910836101213,0.834846222277,0.749785596009,0.655295548024,0.549945912975,0.429251954823,,,,,,,,0.279463736541,1.297400000000
31020,1.165903765786,1.160473696311,1.144233055054,1.117327633263,1.079990553309,1.032525973145,0.975282604559,0.908611477864,0.832795625601,0.747923638143,0.653632617290,0.548484829893,0.427973960767,,,,,,,,0.278721660056,1.297133333333
31080,1.163072301222,1.157655466715,1.141454358980,1.114614227966,1.077367335427,1.030016570064,0.972909072319,0.906393849712,0.830751527136,0.746067633943,0.651975041851,0.547028388753,0.426699620637,,,,,,,,0.277981405947,1.296866666667
31140,1.160249509976,1.154845875510,1.138684187891,1.111909181756,1.074752216529,1.027514969973,0.970542944710,0.904183196874,0.828713900858,0.744217563025,0.650322797306,0.545576560935,0.425428936009,,,,,,,,0.277243024507,1.296600000000
31200,1.157435367016,1.152044897665,1.135922525183,1.109212465461,1.072145187922,1.025021129649,0.968184212949,0.901979493601,0.826682732063,0.742373404545,0.648675859104,0.544129321344,0.424161909050,,,,,,,,0.276506555441,1.296333333333
31260,1.154629847327,1.149252508174,1.133169346135,1.106524049870,1.069546216984,1.022535044482,0.965832846595,0.899782714496,0.824657999812,0.740535137280,0.647034202548,0.542686647786,0.422898541580,,,,,,,,0.275772030691,1.296066666667
31320,1.151832925915,1.146468682051,1.130424625807,1.103843918878,1.066955279584,1.020056671326,0.963488822159,0.897592844682,0.822639683049,0.738702739727,0.645397804608,0.541248520387,0.421638835198,,,,,,,,0.275039476317,1.295800000000
31380,1.149044577804,1.143693394112,1.127688338858,1.101172047088,1.064372358672,1.017586005172,0.961152124327,0.895409862190,0.820627760593,0.736876190217,0.643766642324,0.539814917766,0.420382790543,,,,,,,,0.274308913800,1.295533333333
31440,1.146264778042,1.140926615433,1.124960452546,1.098508398238,1.061797414907,1.015123004135,0.958822716455,0.893233735735,0.818622205814,0.735055465524,0.642140693450,0.538385822856,0.419130407422,,,,,,,,0.273580360988,1.295266666667
31500,1.143493501702,1.138168325338,1.122240950387,1.095852959921,1.059230439828,1.012667661935,0.956500588228,0.891064451434,0.816623001219,0.733240543722,0.640519936456,0.536961223988,0.417881684794,,,,,,,,0.272853832784,1.295000000000
31560,1.140730723880,1.135418498948,1.119529807583,1.093205707524,1.056671399381,1.010219938262,0.954185712704,0.888901988625,0.814630126822,0.731431404914,0.638904350501,0.535541106588,0.416636620628,,,,,,,,0.272129341675,1.294733333333
31620,1.137976419703,1.132677111411,1.116826999375,1.090566606630,1.054120272479,1.007779825504,0.951878062860,0.886746321106,0.812643561114,0.729628027620,0.637293915389,0.534125456777,0.415395212583,,,,,,,,0.271406898140,1.294466666667
31680,1.135230564325,1.129944137912,1.114132499854,1.087935639754,1.051577039480,1.005347284967,0.949577625437,0.884597424857,0.810663282567,0.727830390543,0.635688611523,0.532714261211,0.414157457392,,,,,,,,0.270686510963,1.294200000000
31740,1.132493132932,1.127219553666,1.111446278084,1.085312785327,1.049041664409,1.002922307642,0.947284366257,0.882455284202,0.808689267030,0.726038472593,0.634088419847,0.531307506968,0.412923351141,,,,,,,,0.269968187492,1.293933333333
31800,1.129764100741,1.124503333923,1.108768316918,1.082698012588,1.046514137477,1.000504856491,0.944998270972,0.880319877152,0.806721491630,0.724252252910,0.632493321800,0.529905181450,0.411692889147,,,,,,,,0.269251933841,1.293666666667
31860,1.127043443003,1.121795453970,1.106098591761,1.080091297277,1.043994423525,0.998094921048,0.942719317043,0.878191172253,0.804759938984,0.722471710865,0.630903299263,0.528507271192,0.410466066412,,,,,,,,0.268537755057,1.293400000000
31920,1.124331135004,1.119095889129,1.103437078061,1.077492621401,1.041482504753,0.995692465967,0.940447473427,0.876069156166,0.802804587725,0.720696826071,0.629318334517,0.527113758838,0.409242877496,,,,,,,,0.267825655262,1.293133333333
31980,1.121627152066,1.116404613745,1.100783749302,1.074901957752,1.038978358648,0.993297479269,0.938182729011,0.873953807863,0.800855416569,0.718927578380,0.627738410198,0.525724638653,0.408023316391,,,,,,,,0.267115637765,1.292866666667
32040,1.118931469548,1.113721600934,1.098138576510,1.072319275505,1.036481952831,0.990909927339,0.935925052191,0.871845101210,0.798912404328,0.717163947877,0.626163509263,0.524339898732,0.406807376506,,,,,,,,0.266407705158,1.292600000000
32100,1.116244062848,1.111046829463,1.095501541832,1.069744560137,1.033993276030,0.988529796630,0.933674424179,0.869743012569,0.796975523707,0.715405914875,0.624593614952,0.522959527246,0.405595051032,,,,,,,,0.265701859403,1.292333333333
32160,1.113564907401,1.108380274813,1.092872620895,1.067177787543,1.031512291828,0.986157055300,0.931430827178,0.867647526187,0.795044759675,0.713653458952,0.623028710763,0.521583512425,0.404386332959,,,,,,,,0.264998101895,1.292066666667
32220,1.110893978686,1.105721912510,1.090251789374,1.064618921577,1.029038985931,0.983791688185,0.929194225763,0.865558620307,0.793120091699,0.711906559804,0.621468780423,0.520211842534,0.403181214802,,,,,,,,0.264296433529,1.291800000000
32280,1.108231252220,1.103071718120,1.087639020094,1.062067950040,1.026573332680,0.981433665263,0.926964611172,0.863476264129,0.791201499054,0.710165200413,0.619913807864,0.518844505858,0.401979688521,,,,,,,,0.263596854748,1.291533333333
32340,1.105576703565,1.100429667255,1.085034286185,1.059524849323,1.024115303507,0.979082969704,0.924741954584,0.861400444142,0.789288961140,0.708429361924,0.618363777201,0.517481490030,0.400781746217,,,,,,,,0.262899365587,1.291266666667
32400,1.102930308323,1.097795735567,1.082437569037,1.056989586705,1.021664885510,0.976739573351,0.922526232465,0.859331139829,0.787382454581,0.706699025668,0.616818672716,0.516122776988,0.399587379674,,,,,,,,0.262203965736,1.291000000000
32460,1.100291906105,1.095169235081,1.079846606159,1.054457310670,1.019213635257,0.974390552979,0.920299151857,0.857243838901,0.785450413199,0.704934596498,0.615229507348,0.514707466470,0.398317021568,,,,,,,,0.261512161796,1.290666666667
32520,1.097661338208,1.092550538780,1.077263357261,1.051932598880,1.016769739336,0.972048611636,0.918078820136,0.855162903704,0.783524304643,0.703175618381,0.613645267483,0.513296507130,0.397050287987,,,,,,,,0.260823473351,1.290333333333
32580,1.095038582823,1.089939619767,1.074687790558,1.049415414997,1.014333158876,0.969713716543,0.915865210337,0.853088312872,0.781604110081,0.701422069812,0.612065928131,0.511889867365,0.395787251415,,,,,,,,0.260137418728,1.290000000000
32640,1.092423618170,1.087336461271,1.072119894228,1.046905751972,1.011903891002,0.967385859640,0.913658309637,0.851020049330,0.779689810157,0.699673936634,0.610491483428,0.510487562564,0.394527941967,,,,,,,,0.259453830140,1.289666666667
32700,1.089816422501,1.084741041750,1.069559646998,1.044403583251,1.009481896098,0.965065016506,0.911458097732,0.848958093441,0.777781386615,0.697931203302,0.608921921362,0.509089583712,0.393272361314,,,,,,,,0.258772612222,1.289333333333
32760,1.087216974100,1.082153339520,1.067007026568,1.041908883459,1.007067171180,0.962751160322,0.909264554373,0.846902425646,0.775878821235,0.696193853077,0.607357225251,0.507695928214,0.392020498342,,,,,,,,0.258093701419,1.289000000000
32820,1.084625251282,1.079573332931,1.064462002491,1.039421640902,1.004659678194,0.960444280143,0.907077653048,0.844853026464,0.773982095643,0.694461869467,0.605797378632,0.506306607495,0.390772336153,,,,,,,,0.257417051452,1.288666666667
32880,1.082041232394,1.077001000366,1.061924562931,1.036941822549,1.002259412062,0.958144348975,0.904897378056,0.842809876495,0.772091191587,0.692735236291,0.604242378604,0.504921593702,0.389527856428,,,,,,,,0.256742626618,1.288333333333
32940,1.079464895816,1.074436320239,1.059394686412,1.034469415415,0.999866336996,0.955851345658,0.902723711236,0.840772956423,0.770206090957,0.691013935886,0.602692214262,0.503540905802,0.388287039219,,,,,,,,0.256070398207,1.288000000000
33000,1.076896219960,1.071879270066,1.056872349647,1.032004399002,0.997480445771,0.953565256531,0.900556632560,0.838742247014,0.768326775796,0.689297950614,0.601146864925,0.502164520786,0.387049865205,,,,,,,,0.255400342392,1.287666666667
33060,1.074335183271,1.069329825001,1.054357524661,1.029546742442,0.995101704922,0.951286052189,0.898396118876,0.836717729130,0.766453228317,0.687587269187,0.599606327180,0.500792435507,0.385816314842,,,,,,,,0.254732438904,1.287333333333
33120,1.071781764226,1.066787967843,1.051850198536,1.027096436965,0.992730105020,0.949013716837,0.896242148592,0.834699382463,0.764585430910,0.685881876621,0.598070592361,0.499424644810,0.384586369033,,,,,,,,0.254066670144,1.287000000000
33180,1.069235941337,1.064253677140,1.049350349928,1.024653452576,0.990365614988,0.946748234263,0.894094706791,0.832687187213,0.762723366137,0.684181758113,0.596539645168,0.498061122808,0.383360009280,,,,,,,,0.253403020574,1.286666666667
33240,1.066697693147,1.061726931473,1.046857954511,1.022217770907,0.988008223139,0.944489572815,0.891953773698,0.830681126700,0.760867016732,0.682486899000,0.595013469645,0.496701878608,0.382137217032,,,,,,,,0.252741476278,1.286333333333
33300,1.064166998235,1.059207709455,1.044372986898,1.019789376980,0.985657900838,0.942237721769,0.889819329611,0.828681182200,0.759016365584,0.680797284537,0.593492062307,0.495346879378,0.380917974806,,,,,,,,0.252082024637,1.286000000000
33360,1.061643835212,1.056695989735,1.041895433033,1.017368234980,0.983314634092,0.939992661845,0.887691347084,0.826687335101,0.757171395730,0.679112894699,0.591975411048,0.493996128895,0.379702264625,,,,,,,,0.251424654091,1.285666666667
33420,1.059128182722,1.054191750995,1.039425271713,1.014954338804,0.980978396768,0.937754361357,0.885569814321,0.824699566902,0.755332090338,0.677433720675,0.590463492705,0.492649608480,0.378490069841,,,,,,,,0.250769353950,1.285333333333
33480,1.056620019444,1.051694969798,1.036962477513,1.012547661228,0.978649172512,0.935522812319,0.883454711956,0.822717859213,0.753498432692,0.675759747990,0.588956303901,0.491307301383,0.377281373028,,,,,,,,0.250116114249,1.285000000000
33540,1.054119324091,1.049205624111,1.034507027756,1.010148179053,0.976326937751,0.933297991668,0.881346020589,0.820742193751,0.751670406180,0.674090962163,0.587453833499,0.489969208372,0.376076158172,,,,,,,,0.249464925633,1.284666666667
33600,1.051626075412,1.046723695684,1.032058907196,1.007755879979,0.974011673723,0.931079872520,0.879243716667,0.818772552336,0.749847994281,0.672427348698,0.585956063016,0.488635292671,0.374874408369,,,,,,,,0.248815779264,1.284333333333
33660,1.049140252187,1.044249163337,1.029618094772,1.005370730745,0.971703359471,0.928868444677,0.877147781681,0.816808916887,0.748031180551,0.670768893078,0.584462977948,0.487305566042,0.373676108050,,,,,,,,0.248168666747,1.284000000000
33720,1.046661833233,1.041782005927,1.027184563915,1.002992720701,0.969401973778,0.926663683156,0.875058200038,0.814851269419,0.746219948618,0.669115575497,0.582974572044,0.485979997168,0.372481240829,,,,,,,,0.247523580070,1.283666666667
33780,1.044190797403,1.039322202345,1.024758294770,1.000621827474,0.967107498359,0.924465565596,0.872974952662,0.812899588968,0.744414282168,0.667467385967,0.581490831425,0.484658582422,0.371289791400,,,,,,,,0.246880511550,1.283333333333
33840,1.041727123583,1.036869731519,1.022339270854,0.998258023563,0.964819909492,0.922274079746,0.870898020046,0.810953860731,0.742614164940,0.665824310563,0.580011731180,0.483341308122,0.370101743908,,,,,,,,0.246239453793,1.283000000000
33900,1.039270790696,1.034424572412,1.019927471255,0.995901299045,0.962539191621,0.920089198851,0.868827376669,0.809014067066,0.740819580720,0.664186334661,0.578537269838,0.482028151729,0.368917083152,,,,,,,,0.245600399658,1.282666666667
33960,1.036821777701,1.031986700535,1.017522868212,0.993551623152,0.960265318473,0.917910904802,0.866763010855,0.807080190317,0.739030513335,0.662553443610,0.577067433829,0.480719117776,0.367735793836,,,,,,,,0.244963342228,1.282333333333
34020,1.034380063593,1.029556096908,1.015125444807,0.991208981037,0.957998277274,0.915739183439,0.864704903839,0.805152212900,0.737246946652,0.660925622740,0.575602201027,0.479414166604,0.366557860711,,,,,,,,0.244328274782,1.282000000000
34080,1.031945627405,1.027132742138,1.012735183273,0.988873354750,0.955738039154,0.913574006378,0.862653036927,0.803230117297,0.735468864568,0.659302852066,0.574141562073,0.478113310660,0.365383269089,,,,,,,,0.243695190774,1.281666666667
34140,1.029518448204,1.024716615338,1.010352062857,0.986544713004,0.953484594172,0.911415359486,0.860607387361,0.801313886054,0.733696251013,0.657685121443,0.572685507430,0.476816519724,0.364212003530,,,,,,,,0.243064083819,1.281333333333
34200,1.027098505097,1.022307695657,1.007976054563,0.984223048025,0.951237910814,0.909263226836,0.858567937410,0.799403501780,0.731929089946,0.656072416875,0.571234019246,0.475523788285,0.363044049778,,,,,,,,0.242434947655,1.281000000000
34260,1.024685902599,1.019906583974,1.005609247758,0.981912877005,0.949005889982,0.907129730302,0.856551903174,0.797522069199,0.730197210275,0.654502284342,0.569833792899,0.474293740372,0.361957880691,,,,,,,,0.241806336458,1.280733333333
34320,1.022280743742,1.017512883326,1.003249754527,0.979609851967,0.946780788470,0.905002877473,0.854542167136,0.795646536570,0.728470805672,0.652937159776,0.568438079606,0.473067674433,0.360874937759,,,,,,,,0.241178706397,1.280466666667
34380,1.019883005476,1.015126570731,1.000897552096,0.977313956832,0.944562588998,0.902882635420,0.852538702987,0.793776894150,0.726749859006,0.651377027517,0.567046864918,0.471845565686,0.359795122485,,,,,,,,0.240552510865,1.280200000000
34440,1.017492664804,1.012747622273,0.998552615804,0.975025166392,0.942351271283,0.900768993675,0.850541500357,0.791913123360,0.725034353178,0.649821871907,0.565660134253,0.470627401502,0.358718389936,,,,,,,,0.239927902682,1.279933333333
34500,1.015109698780,1.010376013123,0.996214919123,0.972743452681,0.940146806227,0.898661922365,0.848550532086,0.790055202781,0.723324271124,0.648271677287,0.564277872532,0.469413157806,0.357644721998,,,,,,,,0.239304965278,1.279666666667
34560,1.012734084516,1.008011723422,0.993884445304,0.970468802077,0.937949183346,0.896561408244,0.846565780544,0.788203110895,0.721619591707,0.646726427962,0.562900063884,0.468202810484,0.356574111506,,,,,,,,0.238683751574,1.279400000000
34620,1.010365799174,1.005654730406,0.991561171800,0.968201191828,0.935758368505,0.894467424520,0.844587231274,0.786356835296,0.719920300666,0.645186108132,0.561526691685,0.466996337236,0.355506554221,,,,,,,,0.238064297887,1.279133333333
34680,1.008004819974,1.003305011366,0.989245076126,0.965940589694,0.933574350614,0.892379955134,0.842614853288,0.784516357626,0.718226382400,0.643650701413,0.560157738811,0.465793717888,0.354442047582,,,,,,,,0.237446630345,1.278866666667
34740,1.005651124189,1.000962543649,0.986936132357,0.963686984434,0.931397103750,0.890298976401,0.840648637345,0.782681654118,0.716537819923,0.642120190378,0.558793187932,0.464594932786,0.353380588445,,,,,,,,0.236830768321,1.278600000000
34800,1.003304689149,0.998627304659,0.984634317459,0.961440354077,0.929226605258,0.888224469418,0.838688562090,0.780852708701,0.714854596235,0.640594560430,0.557433021733,0.463399958663,0.352322173664,,,,,,,,0.236216726452,1.278333333333
34860,1.000965492239,0.996299271857,0.982339613325,0.959200667058,0.927062840960,0.886156413633,0.836734601632,0.779029506477,0.713176694310,0.639073795095,0.556077223076,0.462208788135,0.351266799191,,,,,,,,0.235604515911,1.278066666667
34920,0.998633510901,0.993978422760,0.980051997708,0.956967909652,0.924905776809,0.884094787266,0.834786746030,0.777212029260,0.711504093391,0.637557877799,0.554725775085,0.461021406825,0.350214460468,,,,,,,,0.234994145260,1.277800000000
34980,0.996308722635,0.991664734944,0.977771448418,0.954742061674,0.922755405385,0.882039572922,0.832844969138,0.775400251083,0.709836778448,0.636046791911,0.553378661198,0.459837801129,0.349165152414,,,,,,,,0.234385621036,1.277533333333
35040,0.993991104996,0.989358183470,0.975497938242,0.952523093932,0.920611695862,0.879990745912,0.830909253132,0.773594160841,0.708174734017,0.634540520786,0.552035865174,0.458657958042,0.348118869043,,,,,,,,0.233778948177,1.277266666667
35100,0.991680635599,0.987058747347,0.973231447715,0.950310988597,0.918474632160,0.877948292024,0.828979584227,0.771793741269,0.706517942949,0.633039047800,0.550697371098,0.457481865018,0.347075604467,,,,,,,,0.233174130327,1.277000000000
35160,0.989377292115,0.984766405604,0.970971957353,0.948105727787,0.916344194064,0.875912183626,0.827055932682,0.769998972841,0.704866388076,0.631542356379,0.549363163359,0.456309505243,0.346035351406,,,,,,,,0.232571170079,1.276733333333
35220,0.987081052276,0.982481136050,0.968719445208,0.945907284603,0.914220354338,0.873882409710,0.825138288451,0.768209831828,0.703220052230,0.630050430022,0.548033226633,0.455140866331,0.344998103302,,,,,,,,0.231970069152,1.276466666667
35280,0.984791893871,0.980202916555,0.966473889396,0.943715637268,0.912103102558,0.871858939672,0.823226631833,0.766426307327,0.701578915352,0.628563252315,0.546707545857,0.453975941633,0.343963852085,,,,,,,,0.231370828530,1.276200000000
35340,0.982509794747,0.977931725049,0.964235261388,0.941530770123,0.909992405113,0.869841765726,0.821320936149,0.764648381308,0.699942960886,0.627080806944,0.545386106209,0.452814719611,0.342932590288,,,,,,,,0.230773448582,1.275933333333
35400,0.980234732814,0.975667539522,0.962003545361,0.939352658487,0.907888252622,0.867830854263,0.819421192299,0.762876032242,0.698312174055,0.625603077699,0.544068893085,0.451657188856,0.341904309576,,,,,,,,0.230177929146,1.275666666667
35460,0.977966686039,0.973410338023,0.959778720420,0.937181276783,0.905790618687,0.865826200188,0.817527375538,0.761109240769,0.696686537777,0.624130048484,0.542755890662,0.450503338059,0.340879001435,,,,,,,,0.229584269607,1.275400000000
35520,0.975705632448,0.971160098662,0.957560764926,0.935016611497,0.903699482998,0.863827768520,0.815639466656,0.759347993879,0.695066035014,0.622661703310,0.541447085456,0.449353155982,0.339856657533,,,,,,,,0.228992468956,1.275133333333
35580,0.973451550130,0.968916799134,0.955349656361,0.932858640094,0.901614830246,0.861835554134,0.813757452940,0.757592273650,0.693450648780,0.621198026302,0.540142464041,0.448206622050,0.338837268347,,,,,,,,0.228402525843,1.274866666667
35640,0.971204417232,0.966680414868,0.953145367672,0.930707333338,0.899536629354,0.859849524430,0.811881306283,0.755842056777,0.691840360432,0.619739001695,0.538842012487,0.447063733920,0.337820825404,,,,,,,,0.227814438614,1.274600000000
35700,0.968964211962,0.964450927453,0.950947883920,0.928562679787,0.897464872349,0.857869671033,0.810011014684,0.754097327934,0.690235151433,0.618284613830,0.537545716994,0.445924481056,0.336807319121,,,,,,,,0.227228205355,1.274333333333
35760,0.966730912589,0.962228315242,0.948757183711,0.926424658472,0.895399528306,0.855895964812,0.808146561030,0.752358072246,0.688635008373,0.616834845657,0.536253563877,0.444788852386,0.335796740055,,,,,,,,0.226643823914,1.274066666667
35820,0.964504497442,0.960012556650,0.946573245713,0.924293238142,0.893340583945,0.853928394114,0.806287916745,0.750624271944,0.687039914507,0.615389682877,0.534965539560,0.443656836854,0.334789078937,,,,,,,,0.226061291935,1.273800000000
35880,0.962284944911,0.957803630149,0.944396045939,0.922168407850,0.891288017396,0.851966933297,0.804435074025,0.748895902187,0.685449853152,0.613949110497,0.533681630562,0.442528423424,0.333784325507,,,,,,,,0.225480606873,1.273533333333
35940,0.960072233447,0.955601514276,0.942225561283,0.920050147308,0.889241804829,0.850011567410,0.802588009980,0.747172951350,0.683864807697,0.612513113254,0.532401823490,0.441403595545,0.332782470411,,,,,,,,0.224901766020,1.273266666667
36000,0.957866341562,0.953406187627,0.940061775243,0.917938427326,0.887201934990,0.848062274319,0.800746702991,0.745455402924,0.682284761448,0.611081675979,0.531126105032,0.440282342986,0.331783503649,,,,,,,,0.224324766517,1.273000000000
36060,0.955667305320,0.951217918773,0.937905650645,0.915835362176,0.885172081930,0.846124738347,0.798919237067,0.743754114996,0.680723765138,0.609672549266,0.529876669733,0.439192810752,0.330826086779,,,,,,,,0.223748917745,1.272766666667
36120,0.953475160132,0.949036509032,0.935756289838,0.913738903555,0.883148618508,0.844193310827,0.797097546602,0.742058228940,0.679167757682,0.608267954366,0.528631279143,0.438106805417,0.329871502148,,,,,,,,0.223174439867,1.272533333333
36180,0.951289883626,0.946861935220,0.933613669033,0.911649027296,0.881131520482,0.842267975666,0.795281623399,0.740367734297,0.677616722224,0.606867875972,0.527389919899,0.437024314672,0.328919698643,,,,,,,,0.222601549243,1.272300000000
36240,0.949111453495,0.944694173731,0.931477763550,0.909565707886,0.879120761755,0.840348706411,0.793471440828,0.738682607720,0.676070640297,0.605472298853,0.526152578636,0.435945323652,0.327970654647,,,,,,,,0.222030318181,1.272066666667
36300,0.946939847500,0.942533204740,0.929348556103,0.907488930661,0.877116330320,0.838435492039,0.791666984071,0.737002830958,0.674529490373,0.604081204293,0.524919241817,0.434869816099,0.327024360910,,,,,,,,0.221460785675,1.271833333333
36360,0.944775043470,0.940379006166,0.927226024896,0.905418674283,0.875118198539,0.836528301298,0.789868233332,0.735328391717,0.672993262353,0.602694578574,0.523689895600,0.433797775984,0.326080812099,,,,,,,,0.220892976026,1.271600000000
36420,0.942617019301,0.938231556001,0.925110148195,0.903354911262,0.873126347580,0.834627127394,0.788075167188,0.733659265001,0.671461939667,0.601312408813,0.522464523883,0.432729188188,0.325140003925,,,,,,,,0.220326905505,1.271366666667
36480,0.940465752954,0.936090832298,0.923000904335,0.901297623592,0.871140762026,0.832731936616,0.786287772669,0.731995436506,0.669935502743,0.599934679924,0.521243113111,0.431664038607,0.324201932122,,,,,,,,0.219762585429,1.271133333333
36540,0.938321222457,0.933956813179,0.920898266280,0.899246793183,0.869161410939,0.830842722421,0.784506021763,0.730336892193,0.668413933162,0.598561376794,0.520025650144,0.430602314028,0.323266592083,,,,,,,,0.219200023808,1.270900000000
36600,0.936183405905,0.931829476830,0.918802217120,0.897202398358,0.867188282715,0.828959454408,0.782729907215,0.728683605511,0.666897219590,0.597192484290,0.518812120664,0.429544001965,0.322333978748,,,,,,,,0.218639226314,1.270666666667
36660,0.934052281459,0.929708801505,0.916712736220,0.895164410096,0.865221356593,0.827082121310,0.780959397733,0.727035565917,0.665385345663,0.595827983426,0.517602510467,0.428489090498,0.321404086584,,,,,,,,0.218080196898,1.270433333333
36720,0.931927827344,0.927594765522,0.914629802171,0.893132816069,0.863260604208,0.825210697636,0.779194486195,0.725392757713,0.663878290767,0.594467861123,0.516396805505,0.427437568143,0.320476909614,,,,,,,,0.217522938202,1.270200000000
36780,0.929810021852,0.925487347263,0.912553393626,0.891107595379,0.861306015296,0.823345167486,0.777435145967,0.723755152862,0.662376039190,0.593112104073,0.515194991896,0.426389423746,0.319552441407,,,,,,,,0.216967451842,1.269966666667
36840,0.927698843341,0.923386523726,0.910483486438,0.889088722967,0.859357564132,0.821485510190,0.775681363228,0.722122744392,0.660878578423,0.591760697202,0.513997055933,0.425344646406,0.318630675114,,,,,,,,0.216413738614,1.269733333333
36900,0.925594270232,0.921292273202,0.908420058949,0.887076177409,0.857415229699,0.819631705306,0.773933118267,0.720495513460,0.659385892249,0.590413625487,0.512802984077,0.424303225409,0.317711603796,,,,,,,,0.215861798650,1.269500000000
36960,0.923496281011,0.919204575954,0.906363093340,0.885069942901,0.855478998281,0.817783736894,0.772190390575,0.718873435274,0.657897959124,0.589070873970,0.511612762953,0.423265150185,0.316795220082,,,,,,,,0.215311631529,1.269266666667
37020,0.921404854230,0.917123410625,0.904312568518,0.883069998790,0.853548840811,0.815941580059,0.770453167349,0.717256501584,0.656414765732,0.587732424010,0.510426379331,0.422230410272,0.315881516346,,,,,,,,0.214763236372,1.269033333333
37080,0.919319968504,0.915048755917,0.902268463455,0.881076316660,0.851624743584,0.814105223505,0.768721421402,0.715644692009,0.654936298566,0.586398262784,0.509243820123,0.421198995288,0.314970484728,,,,,,,,0.214216611908,1.268800000000
37140,0.917241602512,0.912980590600,0.900230756761,0.879088882631,0.849706688641,0.812274637968,0.766995145665,0.714037985153,0.653462541586,0.585068377356,0.508065072364,0.420170894909,0.314062117163,,,,,,,,0.213671756534,1.268566666667
37200,0.915169734998,0.910918893505,0.898199422269,0.877107677447,0.847794646018,0.810449816584,0.765274309759,0.712436371244,0.651993472519,0.583742753080,0.506890122878,0.419146098858,0.313156405400,,,,,,,,0.213128668359,1.268333333333
37260,0.913104344768,0.908863643527,0.896174444851,0.875132678244,0.845888606858,0.808630726177,0.763558906606,0.710839828557,0.650529080199,0.582421375394,0.505718956606,0.418124596888,0.312253340940,,,,,,,,0.212587345243,1.268100000000
37320,0.911045410692,0.906814819624,0.894155803728,0.873163860636,0.843988547019,0.806817361800,0.761848910569,0.709248338927,0.649069350319,0.581104229817,0.504551563558,0.417106378777,0.311352915126,,,,,,,,0.212047784827,1.267866666667
37380,0.908992911704,0.904772400817,0.892143478180,0.871201210870,0.842094443955,0.805009692749,0.760144307787,0.707661891153,0.647614267071,0.579791298648,0.503387931170,0.416091434319,0.310455119426,,,,,,,,0.211509984560,1.267633333333
37440,0.906946826800,0.902736366188,0.890137447552,0.869244708718,0.840206285322,0.803207709773,0.758445079617,0.706080462256,0.646163807637,0.578482568744,0.502228046959,0.415079753318,0.309559945018,,,,,,,,0.210973941722,1.267400000000
37500,0.904907135038,0.900706692790,0.888137687106,0.867294327913,0.838324043596,0.801411386658,0.756751205429,0.704504037146,0.644717962744,0.577178028010,0.501071898515,0.414071325590,0.308667382974,,,,,,,,0.210439653441,1.267166666667
37560,0.902873815541,0.898683360980,0.886144178581,0.865350051691,0.836447703613,0.799620709930,0.755062673555,0.702932603281,0.643276717466,0.575877662275,0.499919473491,0.413066140953,0.307777424263,,,,,,,,0.209907116709,1.266933333333
37620,0.900846847492,0.896666350988,0.884156903404,0.863411862804,0.834577249556,0.797835657781,0.753379456614,0.701366136522,0.641840056211,0.574581457446,0.498770759606,0.412064189230,0.306890059763,,,,,,,,0.209376328400,1.266700000000
37680,0.898826210138,0.894655642147,0.882175841165,0.861479740352,0.832712650536,0.796056212599,0.751701548200,0.699804624692,0.640407955879,0.573289399498,0.497625744631,0.411065460245,0.306005279992,,,,,,,,0.208847285277,1.266466666667
37740,0.896811882786,0.892651213850,0.880200971512,0.859553657424,0.830853898733,0.794282356896,0.750028919302,0.698248054004,0.638980408716,0.572001471988,0.496484416393,0.410069943824,0.305123075911,,,,,,,,0.208319984006,1.266233333333
37800,0.894803844807,0.890653045554,0.878232272286,0.857633602092,0.829000971285,0.792514069008,0.748361561910,0.696696399239,0.637557399357,0.570717660676,0.495346762767,0.409077629794,0.304243438201,,,,,,,,0.207794421125,1.266000000000
37860,0.892802128254,0.888661387001,0.876270641230,0.855721546330,0.827157317725,0.790756682460,0.746707049779,0.695159878654,0.636152171853,0.569454751535,0.494233881722,0.408115534255,0.303404563811,,,,,,,,0.207269935536,1.265800000000
37920,0.890806764582,0.886676050488,0.874315240177,0.853815566597,0.825319532949,0.789004890455,0.745057825002,0.693628281745,0.634751463396,0.568195933520,0.493124628188,0.407156590358,0.302568197451,,,,,,,,0.206746739800,1.265600000000
37980,0.888817732355,0.884697014676,0.872366048070,0.851915639018,0.823487594699,0.787258684470,0.743413863279,0.692101589033,0.633355265353,0.566941189972,0.492018990750,0.406200786696,0.301734291221,,,,,,,,0.206225040558,1.265400000000
38040,0.886835010208,0.882724258293,0.870423043918,0.850021748487,0.821661477987,0.785518038175,0.741775153920,0.690579789575,0.631963555931,0.565690502945,0.490916960949,0.405248109480,0.300902828002,,,,,,,,0.205704906283,1.265200000000
38100,0.884858576842,0.880757760135,0.868486206798,0.848133874543,0.819841170455,0.783782935247,0.740141670394,0.689062857142,0.630576321368,0.564443865118,0.489818526400,0.404298543701,0.300073801365,,,,,,,,0.205186373575,1.265000000000
38160,0.882888411027,0.878797498783,0.866555515295,0.846251995969,0.818026651275,0.782053360053,0.738513404458,0.687550786001,0.629193550728,0.563201262602,0.488723674442,0.403352074644,0.299247208537,,,,,,,,0.204669465013,1.264800000000
38220,0.880924491597,0.876843451188,0.864630944708,0.844376086671,0.816217893235,0.780329284536,0.736890327411,0.686043548542,0.627815220075,0.561962674990,0.487632387562,0.402408686983,0.298423046086,,,,,,,,0.204154195528,1.264600000000
38280,0.878966797457,0.874895598621,0.862712478805,0.842506133006,0.814414885343,0.778610700404,0.735272433399,0.684541137205,0.626441320571,0.560728092357,0.486544653615,0.401468362819,0.297601311433,,,,,,,,0.203640575354,1.264400000000
38340,0.877015307577,0.872953920143,0.860800096928,0.840642114774,0.812617608030,0.776897581711,0.733659691606,0.683043529794,0.625071838804,0.559497503407,0.485460463112,0.400531096622,0.296782000852,,,,,,,,0.203128611591,1.264200000000
38400,0.875070000993,0.871018394885,0.858893778482,0.838784011840,0.810826032315,0.775189912431,0.732052097787,0.681550711915,0.623706749434,0.558270892977,0.484379802946,0.399596877005,0.295965109880,,,,,,,,0.202618309140,1.264000000000
38460,0.873130856808,0.869089002041,0.856993502939,0.836931797174,0.809040148164,0.773487677143,0.730449621245,0.680062668438,0.622346047648,0.557048240537,0.483302660109,0.398665693095,0.295150634328,,,,,,,,0.202109671282,1.263800000000
38520,0.871197854193,0.867165720875,0.855099249837,0.835085457375,0.807259936317,0.771790848308,0.728852256743,0.678579378147,0.620989715794,0.555829540004,0.482229017362,0.397737534405,0.294338568490,,,,,,,,0.201602700070,1.263600000000
38580,0.869270972383,0.865248530713,0.853210994477,0.833244972885,0.805485369189,0.770099417779,0.727259975576,0.677100832954,0.619637733226,0.554614777458,0.481158862552,0.396812390747,0.293528907077,,,,,,,,0.201097396601,1.263400000000
38640,0.867350190679,0.863337410950,0.851328720195,0.831410323826,0.803716434582,0.768413359896,0.725672770397,0.675627004830,0.618290092898,0.553403934086,0.480092186905,0.395890252153,0.292721644270,,,,,,,,0.200593761211,1.263200000000
38700,0.865435488450,0.861432341043,0.849452407380,0.829581484639,0.801953114572,0.766732659115,0.724090614823,0.674157889590,0.616946775081,0.552196996904,0.479028977993,0.394971108819,0.291916773143,,,,,,,,0.200091793615,1.263000000000
38760,0.863526845128,0.859533300518,0.847582035830,0.827758439815,0.800195382923,0.765057300045,0.722513499448,0.672693461735,0.615607763665,0.550993956211,0.477969223527,0.394054945184,0.291114287784,,,,,,,,0.199591493022,1.262800000000
38820,0.861624240213,0.857640268965,0.845717585406,0.825941171202,0.798443225362,0.763387255842,0.720941400157,0.671233711273,0.614273049457,0.549794798276,0.476912907470,0.393141755516,0.290314181087,,,,,,,,0.199092858216,1.262600000000
38880,0.859727653268,0.855753226037,0.843859036035,0.824129659176,0.796696625254,0.761722518410,0.719374305533,0.669778619438,0.612942610748,0.548599500980,0.475860017467,0.392231532326,0.289516445804,,,,,,,,0.198595887623,1.262400000000
38940,0.857837063923,0.853872149881,0.842006364593,0.822323879584,0.794955557669,0.760063062284,0.717812193674,0.668328169340,0.611616435833,0.547408058731,0.474810545809,0.391324266147,0.288721075130,,,,,,,,0.198100579364,1.262200000000
39000,0.855952451872,0.851997020970,0.840159552495,0.820523814932,0.793220006346,0.758408872571,0.716255051205,0.666882349297,0.610294513481,0.546220458486,0.473764480670,0.390419947546,0.287928061205,,,,,,,,0.197606931296,1.262000000000
39060,0.854073796873,0.850127820052,0.838318581639,0.818729448410,0.791489955893,0.756759933732,0.714702858378,0.665441135541,0.608976820098,0.545036683818,0.472721810320,0.389518567117,0.287137396592,,,,,,,,0.197114941051,1.261800000000
39120,0.852201078751,0.848264527039,0.836483432207,0.816940760646,0.789765382640,0.755116219779,0.713155599910,0.664004522167,0.607663348264,0.543856718442,0.471682519966,0.388620115475,0.286349073847,,,,,,,,0.196624606063,1.261600000000
39180,0.850334277395,0.846407121911,0.834654084446,0.815157728831,0.788046268425,0.753477722577,0.711613258155,0.662572482419,0.606354084287,0.542680554959,0.470646596312,0.387724583245,0.285563084581,,,,,,,,0.196135923591,1.261400000000
39240,0.848473372757,0.844555584709,0.832830518666,0.813380333605,0.786332599053,0.751844416756,0.710075815975,0.661145010079,0.605049004329,0.541508180133,0.469614032738,0.386831960071,0.284779421218,,,,,,,,0.195648890740,1.261200000000
39300,0.846618344854,0.842709895541,0.831012713223,0.811608559436,0.784624352070,0.750216288243,0.708543257773,0.659722083335,0.603748103574,0.540339574509,0.468584817807,0.385942230773,0.283998075858,,,,,,,,0.195163504480,1.261000000000
39360,0.844769173768,0.840870034577,0.829200647790,0.809842387203,0.782921507493,0.748593321165,0.707015564607,0.658303689026,0.602451365034,0.539174728769,0.467558940139,0.385055392814,0.283219039752,,,,,,,,0.194679761662,1.260800000000
39420,0.842925839644,0.839035982052,0.827394305674,0.808081795382,0.781224052282,0.746975490556,0.705492722876,0.656889812485,0.601158769025,0.538013632402,0.466536386264,0.384171436842,0.282442305180,,,,,,,,0.194197659024,1.260600000000
39480,0.841088322692,0.837207718263,0.825593667440,0.806326762857,0.779531965156,0.745362788145,0.703974711887,0.655480433632,0.599870308879,0.536856271726,0.465517141258,0.383290353506,0.281667863930,,,,,,,,0.193717193213,1.260400000000
39540,0.839256603184,0.835385223572,0.823798713714,0.804577275316,0.777845224391,0.743755188573,0.702461519984,0.654075544926,0.598585965898,0.535702626505,0.464501199707,0.382412133457,0.280895707024,,,,,,,,0.193238360782,1.260200000000
39600,0.837430661457,0.833568478405,0.822009425187,0.802833313885,0.776163818058,0.742152678739,0.700953124775,0.652675119387,0.597305724413,0.534552691941,0.463488550426,0.381536767348,0.280125826561,,,,,,,,0.192761158232,1.260000000000
39660,0.835610429834,0.831757210964,0.820224922004,0.801092994907,0.774484475046,0.740550233204,0.699442388519,0.651269542719,0.596017085458,0.533390581275,0.462459126380,0.380638296323,0.279320393491,,,,,,,,0.192286211864,1.259766666667
39720,0.833795841300,0.829951558149,0.818445952273,0.799358076716,0.772810350671,0.738952777433,0.697936369945,0.649868372720,0.594732508372,0.532232156282,0.461432989365,0.379742687432,0.278517248445,,,,,,,,0.191813308083,1.259533333333
39780,0.831986877279,0.828151503359,0.816672501484,0.797628546977,0.771141434829,0.737360301012,0.696435055144,0.648471592216,0.593451972610,0.531077403621,0.460410128514,0.378849932471,0.277716418416,,,,,,,,0.191342241590,1.259300000000
39840,0.830183519253,0.826357028154,0.814904551430,0.795904387873,0.769477703140,0.735772779578,0.694938430059,0.647079192283,0.592175471475,0.529926308066,0.459390533034,0.377960025432,0.276917899492,,,,,,,,0.190872939691,1.259066666667
39900,0.828385748759,0.824568114149,0.813142083964,0.794185575284,0.767819142016,0.734190206025,0.693446473821,0.645691154145,0.590902991376,0.528778861213,0.458374192337,0.377072961403,0.276121677908,,,,,,,,0.190405360148,1.258833333333
39960,0.826593547393,0.822784743019,0.811385080903,0.792472096151,0.766165737634,0.732612552926,0.691959179286,0.644307462018,0.589634518773,0.527635050845,0.457361096137,0.376188735189,0.275327737298,,,,,,,,0.189939474054,1.258600000000
40020,0.824806896804,0.821006896491,0.809633518920,0.790763934574,0.764517462676,0.731039815836,0.690476519375,0.642928106477,0.588370033615,0.526494864820,0.456351232735,0.375307340771,0.274536061671,,,,,,,,0.189475259719,1.258366666667
40080,0.823025778703,0.819234556352,0.807887385439,0.789061070956,0.762874310503,0.729471966062,0.688998489809,0.641553068389,0.587109528724,0.525358291095,0.455344593461,0.374428771259,0.273746635675,,,,,,,,0.189012699862,1.258133333333
40140,0.821250174851,0.817467704445,0.806146662534,0.787363483732,0.761236260268,0.727908999062,0.687525067455,0.640182333228,0.585852991067,0.524225317734,0.454341169262,0.373553019012,0.272959443971,,,,,,,,0.188551780105,1.257900000000
40200,0.819480067072,0.815706322667,0.804411332336,0.785671161479,0.759603292225,0.726350888410,0.686056240996,0.638815891133,0.584600407328,0.523095930077,0.453340950495,0.372680075797,0.272174471980,,,,,,,,0.188092488103,1.257666666667
40260,0.817715437240,0.813950392972,0.802681377030,0.783984086766,0.757975396149,0.724797626542,0.684591994532,0.637453722682,0.583351758301,0.521970117346,0.452343927489,0.371809932924,0.271391706153,,,,,,,,0.187634812981,1.257433333333
40320,0.815956267290,0.812199895411,0.800956774978,0.782302236490,0.756352547709,0.723249190229,0.683132309730,0.636095814477,0.582107035928,0.520847869788,0.451350090516,0.370942581366,0.270611132703,,,,,,,,0.187178744976,1.257200000000
40380,0.814202539209,0.810454813250,0.799237510850,0.780625596830,0.754734734688,0.721705568952,0.681677177904,0.634742156298,0.580866227966,0.519729175825,0.450359429770,0.370078011842,0.269832738350,,,,,,,,0.186724275178,1.256966666667
40440,0.812454235043,0.808715129383,0.797523568528,0.778954152779,0.753121942549,0.720166742612,0.680226573724,0.633392728503,0.579629321369,0.518614023932,0.449371935367,0.369216214891,0.269056510765,,,,,,,,0.186271395347,1.256733333333
40500,0.810711336892,0.806980825987,0.795814930418,0.777287885608,0.751514145737,0.718632697803,0.678780492835,0.632047518705,0.578396297918,0.517502402627,0.448387597340,0.368357180921,0.268282437091,,,,,,,,0.185820097788,1.256500000000
40560,0.808973826911,0.805251885294,0.794111578980,0.775626773276,0.749911337279,0.717103417490,0.677338911528,0.630706516394,0.577167148454,0.516394300462,0.447406405653,0.367500900245,0.267510505030,,,,,,,,0.185370375240,1.256266666667
40620,0.807241687312,0.803528289592,0.792413494436,0.773970805108,0.748313496163,0.715578885443,0.675901820469,0.629369701782,0.575941861632,0.515289701823,0.446428350203,0.366647363119,0.266740702965,,,,,,,,0.184922220809,1.256033333333
40680,0.805514900361,0.801810021222,0.790720658617,0.772319964048,0.746720604430,0.714059087626,0.674469202535,0.628037063367,0.574720424649,0.514188599085,0.445453420831,0.365796559755,0.265973018518,,,,,,,,0.184475627901,1.255800000000
40740,0.803793448379,0.800097062583,0.789033057206,0.770674227845,0.745132651509,0.712544005055,0.673041041329,0.626708590417,0.573502820345,0.513090981286,0.444481607328,0.364948478250,0.265207440242,,,,,,,,0.184030590180,1.255566666667
40800,0.802077313743,0.798389396127,0.787350672882,0.769033582233,0.743549612887,0.711033626625,0.671617326998,0.625384263053,0.572289038182,0.511996837048,0.443512899448,0.364103110028,0.264443956884,,,,,,,,0.183587101526,1.255333333333
40860,0.800366478884,0.796687004360,0.785673488378,0.767398012931,0.741971478158,0.709527930664,0.670198036098,0.624064070531,0.571079067772,0.510906155004,0.442547286909,0.363260446094,0.263682556235,,,,,,,,0.183145156005,1.255100000000
40920,0.798660926290,0.794989869440,0.784001485682,0.765767501918,0.740398231630,0.708026908936,0.668783163783,0.622748001950,0.569872896499,0.509818923795,0.441584759409,0.362420476640,0.262923227696,,,,,,,,0.182704747849,1.254866666667
40980,0.796960638500,0.793297972130,0.782334643962,0.764142026986,0.738829849943,0.706530537141,0.667372686317,0.621436037396,0.568670508327,0.508735131538,0.440625306623,0.361583191873,0.262165959888,,,,,,,,0.182265871425,1.254633333333
41040,0.795265598109,0.791611297371,0.780672950611,0.762521578044,0.737266325571,0.705038809850,0.665966595769,0.620128166745,0.567471891060,0.507654763447,0.439668918216,0.360748582019,0.261410741261,,,,,,,,0.181828521228,1.254400000000
41100,0.793575787769,0.789929827888,0.779016388578,0.760906138412,0.735707637116,0.703551700201,0.664564874387,0.618824378981,0.566277035340,0.506577812190,0.438715583440,0.359916637325,0.260657561420,,,,,,,,0.181392691860,1.254166666667
41160,0.791891190182,0.788253546459,0.777364940866,0.759295686526,0.734153768837,0.702069204716,0.663167507128,0.617524654203,0.565085928700,0.505504266451,0.437765290714,0.359087348064,0.259906408730,,,,,,,,0.180958378020,1.253933333333
41220,0.790211788108,0.786582435918,0.775718590531,0.757690207986,0.732604709598,0.700591296405,0.661774483554,0.616228982776,0.563898556301,0.504434114920,0.436818031346,0.358260704537,0.259157272626,,,,,,,,0.180525574494,1.253700000000
41280,0.788537564358,0.784916479151,0.774077316074,0.756089689076,0.731060434493,0.699117970803,0.660385781525,0.614937353616,0.562714904042,0.503367346303,0.435873794992,0.357436697070,0.258410142340,,,,,,,,0.180094276143,1.253466666667
41340,0.786868501798,0.783255659099,0.772441104686,0.754494112330,0.729520935350,0.697649203158,0.659001395987,0.613649746886,0.561534963684,0.502303949320,0.434932571318,0.356615316022,0.257665006446,,,,,,,,0.179664477900,1.253233333333
41400,0.785204583350,0.781599958756,0.770809940191,0.752903455670,0.727986194903,0.696184986473,0.657621303443,0.612366153310,0.560358722886,0.501243911702,0.433994350000,0.355796551780,0.256921854948,,,,,,,,0.179236174743,1.253000000000
41460,0.783545880103,0.779949831043,0.769185416752,0.751321206462,0.726462300096,0.694734720030,0.656258921845,0.611104692264,0.559209787043,0.500217344855,0.433097405472,0.355030511340,0.256256555799,,,,,,,,0.178808150933,1.252833333333
41520,0.781892462096,0.778304961536,0.767566070862,0.749744001851,0.724943266852,0.693289081821,0.654900889915,0.609847269945,0.558064550146,0.499194112435,0.432203408547,0.354267017449,0.255593164228,,,,,,,,0.178380811389,1.252666666667
41580,0.780244310764,0.776665331758,0.765951884318,0.748171824086,0.723429078051,0.691848058879,0.653547201405,0.608593878982,0.556922999688,0.498174196631,0.431312339722,0.353506041289,0.254931606105,,,,,,,,0.177954539126,1.252500000000
41640,0.778601407603,0.775030922043,0.764342836493,0.746604651804,0.721919711824,0.690411629042,0.652197834019,0.607344499668,0.555785119914,0.497157585938,0.430424193133,0.352747583486,0.254271871805,,,,,,,,0.177529461384,1.252333333333
41700,0.776963734178,0.773401714709,0.762738910629,0.745042469327,0.720415153719,0.688979779238,0.650852776231,0.606099122230,0.554650903107,0.496144274472,0.429538961899,0.351991627248,0.253613966257,,,,,,,,0.177105646725,1.252166666667
41760,0.775331272113,0.771777692073,0.761140089904,0.743485260849,0.718915389103,0.687552496156,0.649512013877,0.604857729531,0.553520328866,0.495134239511,0.428656627411,0.351238155744,0.252957896249,,,,,,,,0.176683138066,1.252000000000
41820,0.773704003102,0.770158835917,0.759546356370,0.741933008872,0.717420401084,0.686129757329,0.648175526230,0.603620309441,0.552393394228,0.494127479538,0.427777179391,0.350487136129,0.252303667468,,,,,,,,0.176261964445,1.251833333333
41880,0.772081908898,0.768545128086,0.757957692142,0.740385695961,0.715930165842,0.684711550884,0.646843306215,0.602386847341,0.551270074244,0.493123979439,0.426900611401,0.349738572270,0.251651283687,,,,,,,,0.175842146429,1.251666666667
41940,0.770464971322,0.766936550491,0.756374079400,0.738843300564,0.714444673686,0.683297863147,0.645515330837,0.601157328788,0.550150368240,0.492123723843,0.426026905710,0.348992452279,0.251000747770,,,,,,,,0.175423699000,1.251500000000
42000,0.768853172257,0.765333085104,0.754795500386,0.737305808383,0.712963907925,0.681888671328,0.644191590884,0.599931741638,0.549034253767,0.491126708455,0.425156048287,0.348248765084,0.250352060804,,,,,,,,0.175006633242,1.251333333333
42060,0.767246493649,0.763734713962,0.753221936207,0.735773203359,0.711487849610,0.680483964777,0.642872070343,0.598710069170,0.547921725373,0.490132912264,0.424288034409,0.347507482816,0.249705222678,,,,,,,,0.174590957407,1.251166666667
42120,0.765644917509,0.762141419164,0.751653368025,0.734245468305,0.710016479835,0.679083729440,0.641556750939,0.597492301662,0.546812765433,0.489142329503,0.423422848456,0.346768613739,0.249060232264,,,,,,,,0.174176677615,1.251000000000
42180,0.764048425911,0.760553182875,0.750089780692,0.732722586097,0.708549786778,0.677687942189,0.640245624714,0.596278420154,0.545707363693,0.488154948710,0.422560473404,0.346032148824,0.248417087412,,,,,,,,0.173763798348,1.250833333333
42240,0.762457000992,0.758969987319,0.748531156702,0.731204534969,0.707087753990,0.676296593620,0.638938667915,0.595068417292,0.544605507342,0.487170750375,0.421700906873,0.345298079247,0.247775785297,,,,,,,,0.173352322793,1.250666666667
42300,0.760870624952,0.757391814787,0.746977478610,0.729691302037,0.705630360475,0.674909669280,0.637635873717,0.593862271910,0.543507181330,0.486189732025,0.420844135714,0.344566379033,0.247136322898,,,,,,,,0.172942253101,1.250500000000
42360,0.759289280055,0.755818647631,0.745428729034,0.728182870968,0.704177592202,0.673527145688,0.636337224149,0.592659978970,0.542412377666,0.485211874768,0.419990139908,0.343837057661,0.246498696384,,,,,,,,0.172533590579,1.250333333333
42420,0.757712948625,0.754250468264,0.743884890654,0.726679224878,0.702729435234,0.672149014704,0.635042703459,0.591461515140,0.541321076520,0.484237168805,0.419138919471,0.343110107063,0.245862901475,,,,,,,,0.172126335837,1.250166666667
42480,0.756141613052,0.752687259164,0.742345946211,0.725180346949,0.701285873357,0.670775261464,0.633752302740,0.590266877650,0.540233274737,0.483265606995,0.418290463716,0.342385519275,0.245228933506,,,,,,,,0.171720488907,1.250000000000
42540,0.754575255787,0.751129001080,0.740811874961,0.723686215174,0.699846883537,0.669405862111,0.632465997411,0.589076041044,0.539148947732,0.482297165935,0.417444749389,0.341663268541,0.244596786968,,,,,,,,0.171316049327,1.249833333333
42600,0.753013859343,0.749575678413,0.739282663333,0.722196818123,0.698412456584,0.668040809792,0.631183783096,0.587889003685,0.538068094783,0.481331845478,0.416601778835,0.340943364872,0.243966457069,,,,,,,,0.170913016223,1.249666666667
42660,0.751457406295,0.748027273825,0.737758294253,0.720712139156,0.696982576454,0.666680088610,0.629905639758,0.586705741312,0.536990693834,0.480369629272,0.415761541793,0.340225800473,0.243337938261,,,,,,,,0.170511388365,1.249500000000
42720,0.749905879281,0.746483770042,0.736238750707,0.719232161693,0.695557224842,0.665323676123,0.628631554227,0.585526250133,0.535916739348,0.479410503553,0.414924017392,0.339510567580,0.242711224774,,,,,,,,0.170111164213,1.249333333333
42780,0.748359261000,0.744945149849,0.734724015743,0.717756868585,0.694136383649,0.663971564976,0.627361515381,0.584350508154,0.534846214237,0.478454463668,0.414089204375,0.338797640959,0.242086310638,,,,,,,,0.169712341964,1.249166666667
42840,0.746817534213,0.743411396096,0.733214072469,0.716286239436,0.692720041524,0.662623738810,0.626095501355,0.583178509476,0.533779108165,0.477501488898,0.413257094751,0.338087029946,0.241463189193,,,,,,,,0.169314919581,1.249000000000
42900,0.745280681743,0.741882491690,0.731708904053,0.714820262427,0.691308182648,0.661280176617,0.624833506689,0.582010234335,0.532715409018,0.476551574962,0.412427669989,0.337378727192,0.240841854609,,,,,,,,0.168918894823,1.248833333333
42960,0.743748686472,0.740358419603,0.730208491340,0.713358921211,0.689900786635,0.659940870524,0.623575510383,0.580845674774,0.531655101673,0.475604710406,0.411600925019,0.336672724971,0.240222300482,,,,,,,,0.168524265270,1.248666666667
43020,0.742221531345,0.738839162865,0.728712818909,0.711902199500,0.688497840279,0.658605803698,0.622321501927,0.579684813224,0.530598178999,0.474660877313,0.410776854100,0.335968998689,0.239604520248,,,,,,,,0.168131028344,1.248500000000
43080,0.740699199368,0.737324704566,0.727221871218,0.710450079795,0.687099330080,0.657274956579,0.621071467897,0.578527639714,0.529544621090,0.473720073615,0.409955441026,0.335267556453,0.238988507152,,,,,,,,0.167739181325,1.248333333333
43140,0.739181673607,0.735815027860,0.725735631674,0.709002543336,0.685705240236,0.655948320764,0.619825389225,0.577374138832,0.528494425383,0.472782281343,0.409136676733,0.334568391536,0.238374253986,,,,,,,,0.167348721368,1.248166666667
43200,0.737668937189,0.734310115958,0.724254083743,0.707559577888,0.684315548889,0.654625878931,0.618583259328,0.576224298644,0.527447568454,0.471847491853,0.408320557735,0.333871496203,0.237761754389,,,,,,,,0.166959645515,1.248000000000
43260,0.736161013511,0.732810170912,0.722777963637,0.706122803301,0.682933106971,0.653312029144,0.617351357463,0.575086631768,0.526415183311,0.470929945147,0.407525275129,0.333200938687,0.237188869047,,,,,,,,0.166571368843,1.247866666667
43320,0.734657925523,0.731315035886,0.721306576997,0.704690636055,0.681555098865,0.652002395175,0.616123410725,0.573952620120,0.525386121072,0.470015368539,0.406732592281,0.332532607484,0.236617681564,,,,,,,,0.166184088706,1.247733333333
43380,0.733159655766,0.729824693516,0.719839906734,0.703263059515,0.680181508547,0.650696961753,0.614899406559,0.572822256502,0.524360380614,0.469103758351,0.405942501858,0.331866483783,0.236048158080,,,,,,,,0.165797988464,1.247600000000
43440,0.731666186851,0.728339125502,0.718377933835,0.701840054162,0.678812316194,0.649395708909,0.613679324941,0.571695520817,0.523337941513,0.468195096638,0.405154988375,0.331202552356,0.235480294177,,,,,,,,0.165413127999,1.247466666667
43500,0.730177501449,0.726858315235,0.716920642585,0.700421605325,0.677447508312,0.648098624456,0.612463155122,0.570572403932,0.522318796616,0.467289379034,0.404370052111,0.330540818684,0.234914091610,,,,,,,,0.165029538880,1.247333333333
43560,0.728693582299,0.725382245927,0.715468016839,0.699007697666,0.676087070517,0.646805695090,0.611250885003,0.569452894004,0.521302931843,0.466386588485,0.403587669673,0.329881245928,0.234349552487,,,,,,,,0.164647240291,1.247200000000
43620,0.727214412203,0.723910900470,0.714020039760,0.697598314790,0.674730987013,0.645516905240,0.610042495048,0.568336970815,0.520290333881,0.465486719932,0.402807846999,0.329223846697,0.233786676803,,,,,,,,0.164266244698,1.247066666667
43680,0.725739974026,0.722444261819,0.712576694572,0.696193440359,0.673379241174,0.644232234425,0.608837974029,0.567224629318,0.519280994997,0.464589757130,0.402030557884,0.328568603598,0.233225465320,,,,,,,,0.163886560460,1.246933333333
43740,0.724270250697,0.720982312995,0.711137964563,0.694793058099,0.672031813824,0.642951673708,0.607637310293,0.566115851641,0.518274895766,0.463695694305,0.401255806817,0.327915500515,0.232665915972,,,,,,,,0.163508193214,1.246800000000
43800,0.722805225210,0.719525037079,0.709703833080,0.693397149192,0.670688693737,0.641675208191,0.606440484769,0.565010625041,0.517272033512,0.462804515954,0.400483573212,0.327264547017,0.232108027381,,,,,,,,0.163131146692,1.246666666667
43860,0.721344880620,0.718072417216,0.708274283531,0.692005698690,0.669349865340,0.640402820212,0.605247485796,0.563908940935,0.516272386402,0.461916215598,0.399713853878,0.326615710483,0.231551796828,,,,,,,,0.162755423229,1.246533333333
43920,0.719889200045,0.716624436614,0.706849299388,0.690618691900,0.668015313116,0.639134494160,0.604058302143,0.562810777991,0.515275951247,0.461030778460,0.398946636178,0.325969003369,0.230997220707,,,,,,,,0.162381024111,1.246400000000
43980,0.718438166666,0.715181078540,0.705428862532,0.689236112780,0.666685018397,0.637870218951,0.602872915192,0.561716130888,0.514282710596,0.460148197411,0.398181909324,0.325324412999,0.230444296178,,,,,,,,0.162007949802,1.246266666667
44040,0.716991763727,0.713742326325,0.704012957177,0.687857945345,0.665358966991,0.636609979895,0.601691312881,0.560624984665,0.513292655187,0.459268458401,0.397419668701,0.324681921821,0.229893018163,,,,,,,,0.161636200123,1.246133333333
44100,0.715549974533,0.712308163362,0.702601568012,0.686484173668,0.664037145563,0.635353757264,0.600513484385,0.559537323127,0.512305773757,0.458391553710,0.396659895918,0.324041541973,0.229343383196,,,,,,,,0.161265774368,1.246000000000
44160,0.714112782449,0.710878573105,0.701194678748,0.685114779586,0.662719538817,0.634101540274,0.599339411518,0.558453139739,0.511322051032,0.457517470019,0.395902594397,0.323403243186,0.228795386298,,,,,,,,0.160896671405,1.245866666667
44220,0.712680170905,0.709453539065,0.699792273155,0.683749747945,0.661406131173,0.632853315712,0.598169081855,0.557372415280,0.510341481885,0.456646199070,0.395147738108,0.322767035385,0.228249022364,,,,,,,,0.160528889743,1.245733333333
44280,0.711252123388,0.708033044820,0.698394335061,0.682389064647,0.660096902962,0.631609068103,0.597002484954,0.556295140977,0.509364045088,0.455777728262,0.394395335104,0.322132909582,0.227704287013,,,,,,,,0.160162427593,1.245600000000
44340,0.709828623448,0.706617074002,0.697000848355,0.681032713995,0.658791843898,0.630368778660,0.595839603039,0.555221305698,0.508389739322,0.454912048841,0.393645361870,0.321500845134,0.227161173876,,,,,,,,0.159797282912,1.245466666667
44400,0.708409654696,0.705205610308,0.695611796985,0.679680680348,0.657490938903,0.629132438392,0.594680423354,0.554150889949,0.507418544298,0.454049148909,0.392897820329,0.320870856115,0.226619678527,,,,,,,,0.159433453439,1.245333333333
44460,0.706995200801,0.703798637491,0.694227164955,0.678332948122,0.656194172955,0.627900032976,0.593524935824,0.553083889144,0.506450454930,0.453189019244,0.392152694492,0.320242914200,0.226079795015,,,,,,,,0.159070936727,1.245200000000
44520,0.705585245495,0.702396138676,0.692846934958,0.676989499761,0.654901528417,0.626671544848,0.592373123060,0.552020286081,0.505485456290,0.452331648627,0.391409978478,0.319617025811,0.225541517428,,,,,,,,0.158709730164,1.245066666667
44580,0.704179772566,0.700998097797,0.691471091239,0.675650319973,0.653612990611,0.625446960077,0.591224972007,0.550960068695,0.504523537418,0.451477027398,0.390669664365,0.318993185782,0.225004840688,,,,,,,,0.158349830997,1.244933333333
44640,0.702778765865,0.699604499422,0.690099619239,0.674315395211,0.652328547131,0.624226267526,0.590080472936,0.549903228861,0.503564689417,0.450625144986,0.389931738430,0.318371369626,0.224469757862,,,,,,,,0.157991236349,1.244800000000
44700,0.701382209300,0.698215327543,0.688732503195,0.672984710117,0.651048183169,0.623009453076,0.588939608830,0.548849745917,0.502608895513,0.449775991317,0.389196200815,0.317751593410,0.223936263871,,,,,,,,0.157633943232,1.244666666667
44760,0.699990086837,0.696830566209,0.687369727401,0.671658249387,0.649771883974,0.621796497091,0.587802366368,0.547799615180,0.501656152583,0.448929556436,0.388463029921,0.317133830865,0.223404352451,,,,,,,,0.157277948560,1.244533333333
44820,0.698602382504,0.695450199528,0.686011276210,0.670335997773,0.648499629875,0.620587390456,0.586668736147,0.546752822048,0.500706438700,0.448085829879,0.387732232356,0.316518084311,0.222874017040,,,,,,,,0.156923249163,1.244400000000
44880,0.697219080385,0.694074211667,0.684657134030,0.669017938280,0.647231411124,0.619382119902,0.585538701504,0.545709351330,0.499759753148,0.447244802276,0.387003783430,0.315904352841,0.222345252294,,,,,,,,0.156569841790,1.244266666667
44940,0.695840164621,0.692702586850,0.683307285327,0.667704055546,0.645967213221,0.618180669896,0.584412248887,0.544669196775,0.498816077233,0.446406462793,0.386277688991,0.315292607574,0.221818051110,,,,,,,,0.156217723123,1.244133333333
45000,0.694465619415,0.691335309357,0.681961714624,0.666394336535,0.644707021624,0.616983023600,0.583289369203,0.543632339664,0.497875404490,0.445570802614,0.385553930077,0.314682866794,0.221292407773,,,,,,,,0.155866889783,1.244000000000
45060,0.693095429025,0.689972363528,0.680620405350,0.665088766217,0.643450819606,0.615789171817,0.582170046125,0.542598772199,0.496937722139,0.444737810556,0.384832504539,0.314075106523,0.220768316143,,,,,,,,0.155517338334,1.243866666667
45120,0.691729577765,0.688613733759,0.679283341871,0.663787329620,0.642198592206,0.614599100785,0.581054265903,0.541568483285,0.496003018018,0.443907478326,0.384113401558,0.313469324471,0.220245768964,,,,,,,,0.155169065291,1.243733333333
45180,0.690368050010,0.687259404503,0.677950510308,0.662490011825,0.640950327828,0.613412792878,0.579942019739,0.540541454767,0.495071285208,0.443079794415,0.383396610962,0.312865524494,0.219724760905,,,,,,,,0.154822067121,1.243600000000
45240,0.689010830190,0.685909360269,0.676621895406,0.661196796356,0.639706012139,0.612230236100,0.578833291623,0.539517682196,0.494142505901,0.442254751020,0.382682130090,0.312263672820,0.219205284955,,,,,,,,0.154476340254,1.243466666667
45300,0.687657902791,0.684563585623,0.675297481969,0.659907667846,0.638465630860,0.611051419107,0.577728067643,0.538497148716,0.493216678070,0.441432336328,0.381969940721,0.311663790209,0.218687334651,,,,,,,,0.154131881080,1.243333333333
45360,0.686309252357,0.683222065189,0.673977254853,0.658622613724,0.637229165222,0.609876328276,0.576626339277,0.537479843576,0.492293781056,0.440612542998,0.381260048167,0.311065855241,0.218170904140,,,,,,,,0.153788685959,1.243200000000
45420,0.684964863489,0.681884783644,0.672661198971,0.657341619285,0.635996605189,0.608704944084,0.575528090820,0.536465758810,0.491373813013,0.439795358933,0.380552426741,0.310469860525,0.217655985920,,,,,,,,0.153446751218,1.243066666667
45480,0.683624720842,0.680551725724,0.671349299290,0.656064669881,0.634767937062,0.607537259159,0.574433308226,0.535454874125,0.490456757139,0.438980777226,0.379847085253,0.309875813676,0.217142574289,,,,,,,,0.153106073158,1.242933333333
45540,0.682288809129,0.679222876218,0.670041540832,0.654791750916,0.633543146767,0.606373260085,0.573341983235,0.534447186119,0.489542605995,0.438168785518,0.379144002385,0.309283680113,0.216630662743,,,,,,,,0.152766648054,1.242800000000
45600,0.680957113118,0.677898219477,0.668737907694,0.653522846392,0.632322218372,0.605212931134,0.572254100428,0.533442679952,0.488631348522,0.437359377307,0.378443178798,0.308693478771,0.216120243886,,,,,,,,0.152428472161,1.242666666667
45660,0.679629617631,0.676577740124,0.667438384452,0.652257940997,0.631105136823,0.604056257646,0.571169645658,0.532441342066,0.487722971745,0.436552539996,0.377744601435,0.308105192585,0.215611312193,,,,,,,,0.152091541711,1.242533333333
45720,0.678306307550,0.675261423893,0.666142957838,0.650997022587,0.629891891218,0.602903230087,0.570088610911,0.531443166210,0.486817470287,0.435748267456,0.377048262788,0.307518808568,0.215103860568,,,,,,,,0.151755852921,1.242400000000
45780,0.676987167806,0.673949255796,0.664851613092,0.649740076776,0.628682467689,0.601753835238,0.569010981037,0.530448133874,0.485914825690,0.434946546878,0.376354158079,0.306934337204,0.214597882273,,,,,,,,0.151421401988,1.242266666667
45840,0.675672183390,0.672641220897,0.663564335506,0.648487089232,0.627476852419,0.600608055281,0.567936741818,0.529456238854,0.485015036784,0.434147372479,0.375662271609,0.306351746866,0.214093371409,,,,,,,,0.151088185096,1.242133333333
45900,0.674361339345,0.671337304316,0.662281110427,0.647238045676,0.626275027425,0.599465880381,0.566865885470,0.528467469500,0.484118083943,0.433350731260,0.374972606900,0.305771050675,0.213590320534,,,,,,,,0.150756198416,1.242000000000
45960,0.673054620769,0.670037491229,0.661001923255,0.645992930552,0.625076982575,0.598327298858,0.565798397095,0.527481809589,0.483223964562,0.432556617756,0.374285140040,0.305192237618,0.213088723517,,,,,,,,0.150425438107,1.241866666667
46020,0.671752012816,0.668741766862,0.659726759444,0.644751728659,0.623882704859,0.597192296760,0.564734262434,0.526499254511,0.482332663287,0.431765018801,0.373599879531,0.304615288606,0.212588574123,,,,,,,,0.150095900316,1.241733333333
46080,0.670453500691,0.667450116499,0.658455604500,0.643514428243,0.622692180662,0.596060856986,0.563673473915,0.525519787456,0.481444172082,0.430975929224,0.372916803242,0.304040217268,0.212089864617,,,,,,,,0.149767581182,1.241600000000
46140,0.669159069657,0.666162525475,0.657188443122,0.642281015231,0.621505394736,0.594932971695,0.562616016879,0.524543399559,0.480558481162,0.430189335712,0.372235913836,0.303466995205,0.211592589407,,,,,,,,0.149440476835,1.241466666667
46200,0.667868705028,0.664878979179,0.655925260178,0.641051475604,0.620322332117,0.593808628010,0.561561877052,0.523570082206,0.479675577108,0.429405233362,0.371557196758,0.302895629216,0.211096741830,,,,,,,,0.149114583398,1.241333333333
46260,0.666582392172,0.663599463054,0.654666042950,0.639825795391,0.619142982493,0.592687809873,0.560511047059,0.522599816653,0.478795455652,0.428623608741,0.370880646366,0.302326114874,0.210602314329,,,,,,,,0.148789896986,1.241200000000
46320,0.665300116511,0.662323962596,0.653410777154,0.638603959441,0.617967332451,0.591570505029,0.559463512460,0.521632599845,0.477918098043,0.427844457186,0.370206256511,0.301758426480,0.210109301358,,,,,,,,0.148466413711,1.241066666667
46380,0.664021863520,0.661052463355,0.652159448560,0.637385952723,0.616795368623,0.590456703477,0.558419258998,0.520668416597,0.477043503741,0.427067765164,0.369534013228,0.301192581079,0.209617695950,,,,,,,,0.148144129679,1.240933333333
46440,0.662747618726,0.659784950931,0.650912042990,0.636171763835,0.615627073708,0.589346392532,0.557378279476,0.519707255521,0.476171653918,0.426293528229,0.368863918797,0.300628553774,0.209127490950,,,,,,,,0.147823040991,1.240800000000
46500,0.661477367712,0.658521410980,0.649668546317,0.634961379013,0.614462437656,0.588239554049,0.556340559660,0.518749110053,0.475302545573,0.425521732774,0.368195950910,0.300066344530,0.208638680611,,,,,,,,0.147503143747,1.240666666667
46560,0.660211096111,0.657261829208,0.648428944466,0.633754784543,0.613301448041,0.587136180575,0.555306085334,0.517793961569,0.474436164378,0.424752374541,0.367530117524,0.299505956039,0.208151257806,,,,,,,,0.147184434042,1.240533333333
46620,0.658948789609,0.656006191375,0.647193223414,0.632551966761,0.612144091697,0.586036259966,0.554274849465,0.516841805988,0.473572502055,0.423985439873,0.366866396272,0.298947355476,0.207665215704,,,,,,,,0.146866907970,1.240400000000
46680,0.657690433945,0.654754482894,0.645961368401,0.631352910882,0.610990353961,0.584939777817,0.553246838006,0.515892630505,0.472711549680,0.423220924676,0.366204791047,0.298390563574,0.207180548405,,,,,,,,0.146550561625,1.240266666667
46740,0.656436014909,0.653506689207,0.644733364669,0.630157602099,0.609840220124,0.583846719649,0.552222036812,0.514946421343,0.471853293744,0.422458815267,0.365545286551,0.297835559215,0.206697248666,,,,,,,,0.146235391098,1.240133333333
46800,0.655185518345,0.652262797054,0.643509199986,0.628966029331,0.608693680368,0.582757077029,0.551200438996,0.514003173415,0.470997730677,0.421699107688,0.364887878242,0.297282335003,0.206215309903,,,,,,,,0.145921392481,1.240000000000
46860,0.653938930147,0.651022792402,0.642288860534,0.627778179114,0.607550721719,0.581670837605,0.550182030685,0.513062869635,0.470144841789,0.420941788255,0.364232559358,0.296730899051,0.205734726105,,,,,,,,0.145608561866,1.239866666667
46920,0.652696236262,0.649786661269,0.641072332546,0.626594038034,0.606411331253,0.580587984867,0.549166797827,0.512125503534,0.469294626953,0.420186853125,0.363579316907,0.296181217610,0.205255489963,,,,,,,,0.145296895344,1.239733333333
46980,0.651457422687,0.648554389725,0.639859602306,0.625413592729,0.605275492246,0.579508509154,0.548154733668,0.511191065040,0.468447067924,0.419434288631,0.362928152682,0.295633308645,0.204777595054,,,,,,,,0.144986389009,1.239600000000
47040,0.650222475472,0.647325963890,0.638650656147,0.624236828747,0.604143194895,0.578432399880,0.547145824491,0.510259538120,0.467602161663,0.418684091019,0.362279045220,0.295087157334,0.204301035305,,,,,,,,0.144677038955,1.239466666667
47100,0.648991380719,0.646101369937,0.637445480452,0.623063731556,0.603014427263,0.577359644180,0.546140056364,0.509330919087,0.466759894464,0.417936246669,0.361632002313,0.294542748393,0.203825803388,,,,,,,,0.144368841281,1.239333333333
47160,0.647764124577,0.644880594087,0.636244061658,0.621894290361,0.601889176617,0.576290225545,0.545137422652,0.508405192322,0.465920258162,0.417190751891,0.360987001733,0.294000094021,0.203351892954,,,,,,,,0.144061792083,1.239200000000
47220,0.646540693250,0.643663622614,0.635046385486,0.620728491994,0.600767428782,0.575224137005,0.544137909777,0.507482349094,0.465083244296,0.416447593128,0.360344047851,0.293459164643,0.202879297914,,,,,,,,0.143755887464,1.239066666667
47280,0.645321072992,0.642450441842,0.633852437625,0.619566323337,0.599649169463,0.574161366527,0.543141503953,0.506562381928,0.464248839619,0.415706766735,0.359703125377,0.292919970101,0.202408010971,,,,,,,,0.143451123527,1.238933333333
47340,0.644105250105,0.641241038144,0.632662206278,0.618407771321,0.598534389238,0.573101899131,0.542148198647,0.505645272659,0.463417040870,0.414968259243,0.359064230123,0.292382504022,0.201938025758,,,,,,,,0.143147496379,1.238800000000
47400,0.642893210944,0.640035397946,0.631475678077,0.617252821794,0.597423075563,0.572045723140,0.541157980407,0.504731018932,0.462587829766,0.414232067024,0.358427355463,0.291846742698,0.201469336220,,,,,,,,0.142845002132,1.238666666667
47460,0.641684941914,0.638833507720,0.630292839706,0.616101460552,0.596315215942,0.570992829414,0.540170835617,0.503819606517,0.461761206396,0.413498176722,0.357792488627,0.291312702688,0.201001935141,,,,,,,,0.142543636900,1.238533333333
47520,0.640480429468,0.637635353993,0.629113677897,0.614953677050,0.595210794131,0.569943206101,0.539186757830,0.502911024555,0.460937152891,0.412766584701,0.357159631677,0.290780358871,0.200535816038,,,,,,,,0.142243396800,1.238400000000
47580,0.639279660113,0.636440923337,0.627938179432,0.613809458411,0.594109800731,0.568896836118,0.538205733705,0.502005267190,0.460115666523,0.412037277743,0.356528763242,0.290249712423,0.200070972941,,,,,,,,0.141944277956,1.238266666667
47640,0.638082620401,0.635250202376,0.626766331140,0.612668791807,0.593012224195,0.567853712579,0.537227749822,0.501102316761,0.459296733830,0.411310252179,0.355899891332,0.289720765973,0.199607398769,,,,,,,,0.141646276494,1.238133333333
47700,0.636889296937,0.634063177784,0.625598119902,0.611531664458,0.591918052213,0.566813824191,0.536252799805,0.500202169664,0.458480347101,0.410585494951,0.355272994227,0.289193486841,0.199145086821,,,,,,,,0.141349388547,1.238000000000
47760,0.635699676374,0.632879835891,0.624433531869,0.610398062481,0.590827271003,0.565777157394,0.535280870409,0.499304813829,0.457666497968,0.409863002335,0.354648076034,0.288667896227,0.198684031264,,,,,,,,0.141053610250,1.237866666667
47820,0.634513745415,0.631700163081,0.623272553246,0.609267972042,0.589739866831,0.564743698677,0.534311948433,0.498410236389,0.456855173783,0.409142761455,0.354025122219,0.288143973742,0.198224225208,,,,,,,,0.140758937746,1.237733333333
47880,0.633331490811,0.630524146958,0.622115172615,0.608141382817,0.588655830578,0.563713440245,0.533346027558,0.497518432746,0.456046371227,0.408424768509,0.353404128201,0.287621711349,0.197765661625,,,,,,,,0.140465367181,1.237600000000
47940,0.632152899364,0.629351774392,0.620961377048,0.607018282215,0.587575150117,0.562686370555,0.532383094621,0.496629386556,0.455240072761,0.407709010826,0.352785088240,0.287101118037,0.197308334874,,,,,,,,0.140172894707,1.237466666667
48000,0.630977957922,0.628183032299,0.619811153667,0.605898657691,0.586497813365,0.561662473931,0.531423136664,0.495743092208,0.454436278499,0.406995484502,0.352167989045,0.286582161194,0.196852238314,,,,,,,,0.139881516483,1.237333333333
48060,0.629806653385,0.627017907646,0.618664489640,0.604782496750,0.585423804468,0.560641741665,0.530466147411,0.494859539951,0.453634970760,0.406284177093,0.351552833689,0.286064857351,0.196397364479,,,,,,,,0.139591228673,1.237200000000
48120,0.628638972698,0.625856387447,0.617521372183,0.603669785742,0.584353114572,0.559624163796,0.529512113766,0.493978715036,0.452836147467,0.405575084572,0.350939600157,0.285549194328,0.195943707975,,,,,,,,0.139302027446,1.237066666667
48180,0.627474902858,0.624698458765,0.616381788560,0.602560511253,0.583285732431,0.558609728085,0.528561023036,0.493100614052,0.452039795035,0.404868194743,0.350328297044,0.285035154321,0.195491262318,,,,,,,,0.139013908978,1.236933333333
48240,0.626314430908,0.623544108710,0.615245726081,0.601454663148,0.582221646144,0.557598419360,0.527612868977,0.492225221906,0.451245906544,0.404163503433,0.349718903512,0.284522751363,0.195040019940,,,,,,,,0.138726869452,1.236800000000
48300,0.625157543938,0.622393324440,0.614113171278,0.600352229114,0.581160842230,0.556590231071,0.526667638542,0.491352531103,0.450454473362,0.403460998715,0.349111422665,0.284011957982,0.194589975301,,,,,,,,0.138440905055,1.236666666667
48360,0.624004229089,0.621246093163,0.612984110934,0.599253196887,0.580103307654,0.555585151974,0.525725319332,0.490482534081,0.449665483772,0.402760676250,0.348505841465,0.283502780694,0.194141122089,,,,,,,,0.138156011984,1.236533333333
48420,0.622854473547,0.620102402131,0.611858533961,0.598157554245,0.579049033513,0.554583167705,0.524785905114,0.489615214327,0.448878934042,0.402062524402,0.347902154201,0.282995217687,0.193693453103,,,,,,,,0.137872186440,1.236400000000
48480,0.621708264548,0.618962238645,0.610736427858,0.597065287747,0.577998008081,0.553584267902,0.523849382884,0.488750569554,0.448094807707,0.401366538641,0.347300356756,0.282489240829,0.193246962125,,,,,,,,0.137589424632,1.236266666667
48540,0.620565589372,0.617825590054,0.609617780170,0.595976384437,0.576950219679,0.552588443838,0.522915740552,0.487888585854,0.447313104724,0.400672707647,0.346700434583,0.281984869480,0.192801643212,,,,,,,,0.137307722774,1.236133333333
48600,0.619426435350,0.616692443752,0.608502578490,0.594890834341,0.575905652749,0.551595684435,0.521984971889,0.487029253965,0.446533807422,0.399981026673,0.346102392504,0.281482081595,0.192357489598,,,,,,,,0.137027077078,1.236000000000
48660,0.618290820436,0.615562964581,0.607391427325,0.593809970965,0.574866658182,0.550609627873,0.521062299785,0.486179687927,0.445766279284,0.399303592595,0.345521933330,0.281002375502,0.191952835202,,,,,,,,0.136746962635,1.235900000000
48720,0.617158762254,0.614437022406,0.606283754276,0.592732488647,0.573830911028,0.549626650630,0.520142503382,0.485332770033,0.445001149477,0.398628286890,0.344943318414,0.280524215033,0.191549307575,,,,,,,,0.136467566986,1.235800000000
48780,0.616030247706,0.613314604202,0.605179546533,0.591658374929,0.572798399314,0.548646741404,0.519225576084,0.484488491916,0.444238404494,0.397955092848,0.344366531380,0.280047595888,0.191146885018,,,,,,,,0.136189053824,1.235700000000
48840,0.614905263748,0.612195696995,0.604078791334,0.590587617399,0.571769111111,0.547669888871,0.518311507286,0.483646846061,0.443478041451,0.397284009810,0.343791568308,0.279572501887,0.190745570516,,,,,,,,0.135911474858,1.235600000000
48900,0.613783797384,0.611080287682,0.602981475612,0.589520203168,0.570743033838,0.546696080884,0.517400285368,0.482807821436,0.442720049883,0.396615029058,0.343218425138,0.279098938929,0.190345368695,,,,,,,,0.135634856483,1.235500000000
48960,0.612665835670,0.609968362906,0.601887585745,0.588456118493,0.569720153776,0.545725303859,0.516491896966,0.481971404887,0.441964416664,0.395948136891,0.342647085552,0.278626878468,0.189946282651,,,,,,,,0.135359214171,1.235400000000
49020,0.611551365711,0.608859910510,0.600797110442,0.587395353076,0.568700461732,0.544757549840,0.515586335505,0.481137591450,0.441211138855,0.395283333318,0.342077554862,0.278156338937,0.189548313930,,,,,,,,0.135084557554,1.235300000000
49080,0.610440374663,0.607754917718,0.599710037140,0.586337894697,0.567683945964,0.543792807679,0.514683590540,0.480306371473,0.440460205953,0.394620604802,0.341509812579,0.277687280886,0.189151462799,,,,,,,,0.134810892744,1.235200000000
49140,0.609332849730,0.606653371808,0.598626353322,0.585283731186,0.566670594775,0.542831066270,0.513783650494,0.479477730554,0.439711605232,0.393959944731,0.340943861809,0.277219731239,0.188755728520,,,,,,,,0.134538223558,1.235100000000
49200,0.608228778169,0.605555260102,0.597546046522,0.584232850419,0.565660396510,0.541872312751,0.512886502441,0.478651662771,0.438965333683,0.393301349607,0.340379690899,0.276753652503,0.188361109575,,,,,,,,0.134266552228,1.235000000000
49260,0.607128147284,0.604460569977,0.596469104322,0.583185240319,0.564653338745,0.540916535661,0.511992139811,0.477828159739,0.438221380745,0.392644802422,0.339817290783,0.276289065155,0.187967603828,,,,,,,,0.133995879847,1.234900000000
49320,0.606030944427,0.603369288853,0.595395514351,0.582140888856,0.563649408312,0.539963726283,0.511100552317,0.477007209582,0.437479734104,0.391990303609,0.339256662092,0.275825942378,0.187575208654,,,,,,,,0.133726206662,1.234800000000
49380,0.604937157003,0.602281404204,0.594325264287,0.581099783394,0.562648596134,0.539013873685,0.510211728414,0.476188801675,0.436740390656,0.391337843509,0.338697783705,0.275364293261,0.187183921034,,,,,,,,0.133457532274,1.234700000000
49440,0.603846772463,0.601196903550,0.593258341856,0.580061910860,0.561650890736,0.538066966975,0.509325655629,0.475372930134,0.436003339765,0.390687409653,0.338140663441,0.274904102997,0.186793737631,,,,,,,,0.133189855781,1.234600000000
49500,0.602759778306,0.600115774460,0.592194734831,0.579027261166,0.560656280692,0.537122992576,0.508442327383,0.474559585559,0.435268569535,0.390039001548,0.337585283483,0.274445369156,0.186404654845,,,,,,,,0.132923175880,1.234500000000
49560,0.601676162083,0.599038004550,0.591134431032,0.577995822465,0.559664754618,0.536181941134,0.507561733550,0.473748752714,0.434536076753,0.389392605237,0.337031642558,0.273988088799,0.186016668858,,,,,,,,0.132657490948,1.234400000000
49620,0.600595911391,0.597963581488,0.590077417843,0.576967582962,0.558676300217,0.535243803174,0.506683862594,0.472940428148,0.433805850697,0.388748215381,0.336479734131,0.273532247917,0.185629775674,,,,,,,,0.132392799100,1.234300000000
49680,0.599519013874,0.596892492984,0.589023682523,0.575942530903,0.557690904906,0.534308567975,0.505808702518,0.472134602572,0.433077879910,0.388105828034,0.335929544966,0.273077855344,0.185243971142,,,,,,,,0.132129098232,1.234200000000
49740,0.598445457227,0.595824726802,0.587973214182,0.574920654583,0.556708559692,0.533376224853,0.504936246720,0.471331263221,0.432352161066,0.387465425834,0.335381079415,0.272624885472,0.184859250986,,,,,,,,0.131866386063,1.234100000000
49800,0.597375229191,0.594760270748,0.586926000831,0.573901942340,0.555729253368,0.532446759515,0.504066485224,0.470530402021,0.431628683352,0.386827010582,0.334834316217,0.272173358848,0.184475610819,,,,,,,,0.131604660159,1.234000000000
49860,0.596308317554,0.593699112680,0.585882030525,0.572886381761,0.554752974770,0.531520164703,0.503199406495,0.469732012131,0.430907435775,0.386190571620,0.334289261946,0.271723238264,0.184093046162,,,,,,,,0.131343917959,1.233900000000
49920,0.595244710153,0.592641240499,0.584841291366,0.571873960470,0.553779712776,0.530596430183,0.502334999026,0.468936083223,0.430188414894,0.385556098053,0.333745902750,0.271274552017,0.183711552456,,,,,,,,0.131084156793,1.233800000000
49980,0.594184394871,0.591586642157,0.583803771502,0.570864668555,0.552809455201,0.529675545436,0.501473256174,0.468142602667,0.429471609806,0.384923588962,0.333204233283,0.270827263062,0.183331125076,,,,,,,,0.130825373897,1.233700000000
50040,0.593127359639,0.590535305649,0.582769459127,0.569858494536,0.551842190061,0.528757499352,0.500614168115,0.467351566033,0.428757010004,0.384293030047,0.332664251770,0.270381393803,0.182951759335,,,,,,,,0.130567566429,1.233600000000
50100,0.592073592435,0.589487219020,0.581738342481,0.568855426976,0.550877908433,0.527842278818,0.499757723299,0.466562964254,0.428044611932,0.383664417587,0.332125940980,0.269936916866,0.182573450500,,,,,,,,0.130310731478,1.233500000000
50160,0.591023081282,0.588442370359,0.580710409851,0.567855454483,0.549916599368,0.526929876758,0.498903910721,0.465776783654,0.427334404592,0.383037746764,0.331589307731,0.269493843173,0.182196193791,,,,,,,,0.130054866073,1.233400000000
50220,0.589975814252,0.587400747803,0.579685649568,0.566858565710,0.548958251957,0.526020282812,0.498052723692,0.464993018739,0.426626377986,0.382413001275,0.331054333228,0.269052156857,0.181819984392,,,,,,,,0.129799967191,1.233300000000
50280,0.588931779462,0.586362339534,0.578664050007,0.565864749352,0.548002855335,0.525113486662,0.497204152530,0.464211661690,0.425920528438,0.381790183161,0.330521020030,0.268611857388,0.181444817439,,,,,,,,0.129546031765,1.233200000000
50340,0.587890965074,0.585327133454,0.577645598946,0.564873993187,0.547050397403,0.524209476435,0.496358185661,0.463432701230,0.425216844848,0.381169281109,0.329989358784,0.268172940379,0.181070687847,,,,,,,,0.129293056689,1.233100000000
50400,0.586853359299,0.584295117692,0.576630284557,0.563886285564,0.546100866804,0.523308241173,0.495514812603,0.462656127395,0.424515317751,0.380550286014,0.329459340222,0.267735393871,0.180697590933,,,,,,,,0.129041038831,1.233000000000
50460,0.585818922468,0.583266115186,0.575617517949,0.562900354066,0.545152039141,0.522406337327,0.494669098181,0.461875219905,0.423807091766,0.379921714626,0.328915975148,0.267278516647,0.180286911290,,,,,,,,0.128790478408,1.232866666667
50520,0.584787615302,0.582240225567,0.574607814162,0.561917402825,0.544206077984,0.521507156843,0.493825936289,0.461096666812,0.423101000008,0.379295039825,0.328374258796,0.266823034056,0.179877264684,,,,,,,,0.128541182809,1.232733333333
50580,0.583759426654,0.581217437750,0.573601162281,0.560937421213,0.543262973094,0.520610687421,0.492985312542,0.460320459741,0.422397040951,0.378670265385,0.327834189907,0.266368929207,0.179468658605,,,,,,,,0.128292987113,1.232600000000
50640,0.582734345422,0.580197740687,0.572597551434,0.559960398639,0.542322711779,0.519716919280,0.492147223553,0.459546593930,0.421695202674,0.378047373757,0.327295762010,0.265916218954,0.179061077520,,,,,,,,0.128045835049,1.232466666667
50700,0.581712360542,0.579181123373,0.571596970787,0.558986324184,0.541385284736,0.518825845371,0.491311659463,0.458775053547,0.420995479373,0.377426368194,0.326758964719,0.265464879869,0.178654504323,,,,,,,,0.127799694759,1.232333333333
50760,0.580693460993,0.578167574847,0.570599409548,0.558015184965,0.540450683487,0.517937456047,0.490478606424,0.458005837261,0.420297863513,0.376807231801,0.326223800952,0.265014919215,0.178248925278,,,,,,,,0.127554544865,1.232200000000
50820,0.579677635797,0.577157084184,0.569604856965,0.557046973266,0.539518897946,0.517051736910,0.489648060917,0.457238933696,0.419602345051,0.376189967296,0.325690251302,0.264566340890,0.177844327885,,,,,,,,0.127310369563,1.232066666667
50880,0.578664874012,0.576149640502,0.568613302007,0.556081678654,0.538589917430,0.516168682846,0.488820012968,0.456474333331,0.418908920793,0.375574558471,0.325158324929,0.264119114781,0.177440700650,,,,,,,,0.127067156394,1.231933333333
50940,0.577655164742,0.575145232961,0.567624732564,0.555119290734,0.537663729091,0.515288284661,0.487994449287,0.455712032189,0.418217576503,0.374961007501,0.324628003009,0.263673264131,0.177038031988,,,,,,,,0.126824895074,1.231800000000
51000,0.576648497129,0.574143850759,0.566639139770,0.554159799150,0.536740326434,0.514410530934,0.487171366209,0.454952015277,0.417528312630,0.374349298906,0.324099289769,0.263228771138,0.176636313058,,,,,,,,0.126583576813,1.231666666667
51060,0.575644860356,0.573145483136,0.565656513031,0.553203193000,0.535819699519,0.513535410935,0.486350753637,0.454194280119,0.416841112759,0.373739434307,0.323572174339,0.262785627223,0.176235534893,,,,,,,,0.126343193893,1.231533333333
51120,0.574644243645,0.572150119370,0.564676841795,0.552249460103,0.534901838442,0.512662918424,0.485532598859,0.453438816749,0.416155977535,0.373131398967,0.323046651642,0.262343843818,0.175835688820,,,,,,,,0.126103739394,1.231400000000
51180,0.573646636261,0.571157748783,0.563700115546,0.551298592719,0.533986730453,0.511793044002,0.484716898054,0.452685614607,0.415472893384,0.372525193930,0.322522720135,0.261903391477,0.175436765464,,,,,,,,0.125865207002,1.231266666667
51240,0.572652027508,0.570168360731,0.562726323811,0.550350580645,0.533074367437,0.510925774140,0.483903640992,0.451934670449,0.414791856806,0.371920805212,0.322000365376,0.261464283578,0.175038757714,,,,,,,,0.125627590875,1.231133333333
51300,0.571660406727,0.569181944616,0.561755456152,0.549405413714,0.532164740785,0.510061102780,0.483092815555,0.451185970073,0.414112858495,0.371318233241,0.321479594204,0.261026514571,0.174641658009,,,,,,,,0.125390885549,1.231000000000
51360,0.570671763303,0.568198489873,0.560787502173,0.548463081802,0.531257840739,0.509199021534,0.482284417759,0.450439509960,0.413435890843,0.370717464788,0.320960385598,0.260590060634,0.174245458810,,,,,,,,0.125155085864,1.230866666667
51420,0.569686086659,0.567217985706,0.559822450965,0.547523573996,0.530353656490,0.508339519782,0.481478437231,0.449695281459,0.412760948770,0.370118499636,0.320442748223,0.260154940359,0.173850151805,,,,,,,,0.124920186910,1.230733333333
51480,0.568703366255,0.566240421159,0.558860291269,0.546586878849,0.529452176500,0.507482585982,0.480674862468,0.448953273075,0.412088020600,0.369521325318,0.319926666695,0.259721131676,0.173455730394,,,,,,,,0.124686183984,1.230600000000
51540,0.567723591595,0.565265786541,0.557901014301,0.545652988575,0.528553394075,0.506628214632,0.479873689309,0.448213482250,0.411417105435,0.368925940938,0.319412140234,0.259288632767,0.173062187791,,,,,,,,0.124453072557,1.230466666667
51600,0.566746752217,0.564294071446,0.556944609818,0.544721893194,0.527657299600,0.505776396573,0.479074907234,0.447475895526,0.410748187565,0.368332334803,0.318899162878,0.258857451253,0.172669517001,,,,,,,,0.124220848249,1.230333333333
51660,0.565772837702,0.563325265508,0.555991067612,0.543793582767,0.526763883496,0.504927119074,0.478278505369,0.446740508444,0.410081268671,0.367740505315,0.318387724393,0.258427554111,0.172277710440,,,,,,,,0.123989506805,1.230200000000
51720,0.564801837667,0.562359358398,0.555040377517,0.542868047388,0.525873132890,0.504080375267,0.477484479372,0.446007313571,0.409416333730,0.367150441568,0.317877828267,0.257998961490,0.171886761376,,,,,,,,0.123759044082,1.230066666667
51780,0.563833741769,0.561396339827,0.554092529403,0.541945276121,0.524985040954,0.503236157497,0.476692818562,0.445276298572,0.408753381818,0.366562141238,0.317369454807,0.257571661316,0.171496663625,,,,,,,,0.123529456030,1.229933333333
51840,0.562868539704,0.560436199543,0.553147513178,0.541025258275,0.524099598881,0.502394455875,0.475903512713,0.444547461527,0.408092401567,0.365975594225,0.316862613341,0.257145636134,0.171107410485,,,,,,,,0.123300738685,1.229800000000
51900,0.561906221206,0.559478927334,0.552205318786,0.540107985998,0.523216797236,0.501555258179,0.475116557295,0.443820789668,0.407433388051,0.365390797457,0.316357285627,0.256720901544,0.170718995029,,,,,,,,0.123072888156,1.229666666667
51960,0.560946776045,0.558524513025,0.551265935404,0.539193449532,0.522336625022,0.500718559572,0.474331941454,0.443096277690,0.406776333996,0.364807741658,0.315853474816,0.256297432628,0.170331409941,,,,,,,,0.122845900620,1.229533333333
52020,0.559990194033,0.557572946477,0.550329352666,0.538281639155,0.521459072107,0.499884351135,0.473549655633,0.442373919273,0.406121230508,0.364226422991,0.315351171113,0.255875233638,0.169944649630,,,,,,,,0.122619772310,1.229400000000
52080,0.559036465017,0.556624217592,0.549395561828,0.537372545181,0.520584131533,0.499052620864,0.472769695098,0.441653701335,0.405468074366,0.363646833023,0.314850368142,0.255454308809,0.169558707563,,,,,,,,0.122394499516,1.229266666667
52140,0.558085578881,0.555678316307,0.548464552987,0.536466156623,0.519711794005,0.498223361210,0.471992048819,0.440935622535,0.404816852748,0.363068967132,0.314351065690,0.255034624455,0.169173577235,,,,,,,,0.122170078574,1.229133333333
52200,0.557137525551,0.554735232597,0.547536316272,0.535562463580,0.518842050261,0.497396565185,0.471216707918,0.440219670740,0.404167566209,0.362492817749,0.313853247843,0.254616204497,0.168789251200,,,,,,,,0.121946505859,1.229000000000
52260,0.556192320584,0.553795111866,0.546611386031,0.534662647934,0.517976977296,0.496575467685,0.470448327316,0.439512200523,0.403528603920,0.361929319492,0.313371280619,0.254219093961,0.168445369979,,,,,,,,0.121723290523,1.228900000000
52320,0.555249979268,0.552857838825,0.545689255845,0.533765553776,0.517114517433,0.495756844147,0.469682261316,0.438806859324,0.402891564651,0.361367515820,0.312890769202,0.253823204936,0.168102287528,,,,,,,,0.121500617178,1.228800000000
52380,0.554310491182,0.551923403107,0.544769915517,0.532871171185,0.516254661236,0.494940687638,0.468918496956,0.438103636922,0.402256441417,0.360807406975,0.312411716904,0.253428521556,0.167759991097,,,,,,,,0.121278638734,1.228700000000
52440,0.553373845940,0.550991794385,0.543853354888,0.531979490283,0.515397399206,0.494126989926,0.468157030287,0.437402524862,0.401623220456,0.360248980035,0.311934114726,0.253035053350,0.167418488134,,,,,,,,0.121057402452,1.228600000000
52500,0.552440033201,0.550063002373,0.542939563841,0.531090501225,0.514542721879,0.493315742029,0.467397852897,0.436703518466,0.400991901543,0.359692232311,0.311457954744,0.252642772519,0.167077784521,,,,,,,,0.120836932029,1.228500000000
52560,0.551509042663,0.549137016774,0.542028532192,0.530204194056,0.513690619629,0.492506934745,0.466640956099,0.436006609625,0.400362477178,0.359137159811,0.310983239133,0.252251698809,0.166737883823,,,,,,,,0.120617241112,1.228400000000
52620,0.550580864061,0.548213826743,0.541120248636,0.529320557120,0.512841080560,0.491700556021,0.465886327711,0.435311785952,0.399734934419,0.358583748048,0.310509948677,0.251861794246,0.166398787736,,,,,,,,0.120398338036,1.228300000000
52680,0.549655487173,0.547293422805,0.540214704545,0.528439582740,0.511994098042,0.490896600387,0.465133963581,0.434619044859,0.399109272732,0.358031999633,0.310038092123,0.251473087186,0.166060496570,,,,,,,,0.120180227970,1.228200000000
52740,0.548732901815,0.546375794831,0.539311889957,0.527561261225,0.511149662759,0.490095059001,0.464383855427,0.433928378705,0.398485484325,0.357481904030,0.309567652535,0.251085537990,0.165723009608,,,,,,,,0.119962914040,1.228100000000
52800,0.547813097844,0.545460932731,0.538411794947,0.526685582923,0.510307765433,0.489295923055,0.463635994378,0.433239776077,0.397863557090,0.356933454048,0.309098630711,0.250699172786,0.165386325365,,,,,,,,0.119746397977,1.228000000000
52860,0.546896065154,0.544548826457,0.537514409631,0.525812538219,0.509468396822,0.488499182490,0.462890369048,0.432553231592,0.397243490172,0.356386648675,0.308631019802,0.250313960366,0.165050441769,,,,,,,,0.119530680523,1.227900000000
52920,0.545981793679,0.543639465997,0.536619724160,0.524942117534,0.508631547207,0.487704827530,0.462146975064,0.431868739315,0.396625275474,0.355841473791,0.308164809544,0.249929916791,0.164715356294,,,,,,,,0.119315761692,1.227800000000
52980,0.545070273394,0.542732841380,0.535727728725,0.524074311330,0.507797205567,0.486912851809,0.461405804276,0.431186289909,0.396008901729,0.355297929477,0.307700004267,0.249547021591,0.164381066054,,,,,,,,0.119101640945,1.227700000000
53040,0.544161494309,0.541828942671,0.534838413556,0.523209109637,0.506965365142,0.486123246656,0.460666847620,0.430505874120,0.395394367747,0.354756009082,0.307236582729,0.249165280630,0.164047567303,,,,,,,,0.118888317324,1.227600000000
53100,0.543255446477,0.540927759977,0.533951768920,0.522346501761,0.506136016836,0.485336003437,0.459930094509,0.429827488066,0.394781665116,0.354215701026,0.306774554895,0.248784684020,0.163714857199,,,,,,,,0.118675789535,1.227500000000
53160,0.542352119985,0.540029283439,0.533067785121,0.521486479976,0.505309151584,0.484551111235,0.459195540347,0.429151124305,0.394170783416,0.353677006568,0.306313905157,0.248405227365,0.163382932159,,,,,,,,0.118464056022,1.227400000000
53220,0.541451504963,0.539133503241,0.532186452501,0.520629034889,0.504484760360,0.483768562534,0.458463177109,0.428476770205,0.393561721113,0.353139913901,0.305854632531,0.248026911261,0.163051788436,,,,,,,,0.118253115015,1.227300000000
53280,0.540553591575,0.538240409601,0.531307761023,0.519774157143,0.503662833340,0.482988350076,0.457732995527,0.427804423466,0.392954469473,0.352604418778,0.305396732540,0.247649721030,0.162721422156,,,,,,,,0.118042964570,1.227200000000
53340,0.539658370027,0.537349992778,0.530431700506,0.518921837419,0.502843360388,0.482210465358,0.457004985826,0.427134076872,0.392349018939,0.352070518879,0.304940193286,0.247273667679,0.162391829339,,,,,,,,0.117833602603,1.227100000000
53400,0.538765830561,0.536462243067,0.529558262427,0.518072066435,0.502026334604,0.481434899913,0.456279143175,0.426465719827,0.391745367632,0.351538198863,0.304485020415,0.246898726253,0.162063005911,,,,,,,,0.117625026908,1.227000000000
53460,0.537875963455,0.535577150801,0.528687437277,0.517224834943,0.501211747101,0.480661641968,0.455555459670,0.425799346220,0.391143506489,0.351007461813,0.304031194011,0.246524918121,0.161734947723,,,,,,,,0.117417235184,1.226900000000
53520,0.536988759030,0.534694706350,0.527819215586,0.516380132944,0.500399589028,0.479890686254,0.454833925830,0.425134950848,0.390543426838,0.350478298370,0.303578722418,0.246152208062,0.161407650560,,,,,,,,0.117210225045,1.226800000000
53580,0.536104207638,0.533814900124,0.526953587918,0.515537950717,0.499589851566,0.479122024618,0.454114532699,0.424472525123,0.389945126448,0.349950700124,0.303127592219,0.245780625741,0.161081110151,,,,,,,,0.117003994038,1.226700000000
53640,0.535222299674,0.532937722567,0.526090544875,0.514698280467,0.498782524774,0.478355648723,0.453397275202,0.423812059175,0.389348595932,0.349424667027,0.302677800897,0.245410131767,0.160755321547,,,,,,,,0.116798539648,1.226600000000
53700,0.534343025568,0.532063164161,0.525230077098,0.513861113090,0.497977599411,0.477591549433,0.452682145554,0.423153549791,0.388753827513,0.348900186040,0.302229346014,0.245040754920,0.160430280970,,,,,,,,0.116593859314,1.226500000000
53760,0.533466375786,0.531191215427,0.524372175260,0.513026439517,0.497175068422,0.476829716616,0.451969134050,0.422496989791,0.388160818612,0.348377256108,0.301782214223,0.244672462907,0.160105984062,,,,,,,,0.116389950431,1.226400000000
53820,0.532592340833,0.530321866920,0.523516830073,0.512194250717,0.496374923129,0.476070144735,0.451258232566,0.421842367309,0.387569559510,0.347855872248,0.301336412250,0.244305274387,0.159782426397,,,,,,,,0.116186810357,1.226300000000
53880,0.531720911250,0.529455109233,0.522664032286,0.511364537691,0.495577154882,0.475312825580,0.450549435771,0.421189679386,0.386980043347,0.347336022013,0.300891921271,0.243939167222,0.159459603521,,,,,,,,0.115984436423,1.226200000000
53940,0.530852077615,0.528590932997,0.521813772681,0.510537291476,0.494781755069,0.474557750972,0.449842735998,0.420538919492,0.386392267189,0.346817707568,0.300448748172,0.243574149976,0.159137510959,,,,,,,,0.115782825931,1.226100000000
54000,0.529985830542,0.527729328498,0.520966041325,0.509712502023,0.493988713615,0.473804910891,0.449138123311,0.419890077734,0.385806220980,0.346300918114,0.300006881368,0.243210210634,0.158816144214,,,,,,,,0.115581976162,1.226000000000
54060,0.529122160683,0.526870286494,0.520120829181,0.508890160596,0.493198022185,0.473054297485,0.448435590424,0.419243147462,0.385221898792,0.345785648580,0.299566316977,0.242847347701,0.158495498774,,,,,,,,0.115381884381,1.225900000000
54120,0.528261058724,0.526013798049,0.519278127791,0.508070259311,0.492409673558,0.472305904294,0.447735131747,0.418598124104,0.384639297330,0.345271897553,0.299127054263,0.242485559253,0.158175570109,,,,,,,,0.115182547833,1.225800000000
54180,0.527402515389,0.525159853938,0.518437928081,0.507252789345,0.491623659254,0.471559723267,0.447036739728,0.417954999714,0.384058406199,0.344759650693,0.298689078613,0.242124833765,0.157856353186,,,,,,,,0.114983963755,1.225700000000
54240,0.526546521438,0.524308444971,0.517600221013,0.506437741907,0.490839970825,0.470815746381,0.446340404192,0.417313764006,0.383479220412,0.344248910281,0.298252397634,0.241765179372,0.157537843670,,,,,,,,0.114786129370,1.225600000000
54300,0.525693067666,0.523459561994,0.516764997583,0.505625108242,0.490058599855,0.470073962730,0.445646118704,0.416674414337,0.382901736311,0.343739668370,0.297816993407,0.241406574553,0.157220037257,,,,,,,,0.114589041894,1.225500000000
54360,0.524842144905,0.522613195889,0.515932248823,0.504814879629,0.489279536125,0.469334366729,0.444953877406,0.416036943794,0.382325943152,0.343231915978,0.297382871564,0.241049037474,0.156902929373,,,,,,,,0.114392698536,1.225400000000
54420,0.523993744020,0.521769337573,0.515101965800,0.504007047381,0.488502772213,0.468596950999,0.444263672859,0.415401341177,0.381751836903,0.342725653824,0.296950022048,0.240692536647,0.156586515438,,,,,,,,0.114197096499,1.225300000000
54480,0.523147855916,0.520927977998,0.514274139616,0.503201601374,0.487728300721,0.467861707642,0.443575494646,0.414767603075,0.381179413535,0.342220869727,0.296518439826,0.240337100238,0.156270790865,,,,,,,,0.114002232983,1.225200000000
54540,0.522304471529,0.520089108152,0.513448761405,0.502398533872,0.486956113362,0.467128628278,0.442889337191,0.414135723547,0.380608661950,0.341717562074,0.296088125570,0.239982686825,0.155955751061,,,,,,,,0.113808105184,1.225100000000
54600,0.521463581832,0.519252719057,0.512625822338,0.501597836882,0.486186201883,0.466397702653,0.442205194363,0.413505693312,0.380039579083,0.341215727016,0.295659063623,0.239629329656,0.155641391428,,,,,,,,0.113614710299,1.225000000000
54660,0.520625177834,0.518418801771,0.511805313621,0.500799501850,0.485418558061,0.465668925897,0.441523058836,0.412877505382,0.379472160524,0.340715351769,0.295231262319,0.239276992070,0.155327707364,,,,,,,,0.113422045521,1.224900000000
54720,0.519789250577,0.517587347386,0.510987225389,0.500003520257,0.484653171516,0.464942290230,0.440842919940,0.412251155716,0.378906394816,0.340216439120,0.294804704487,0.238925697666,0.155014693449,,,,,,,,0.113230108045,1.224800000000
54780,0.518955791140,0.516758347028,0.510171549755,0.499209883616,0.483890035756,0.464217787903,0.440164772972,0.411626636924,0.378342279871,0.339718978979,0.294379394740,0.238575419572,0.154702345842,,,,,,,,0.113038895067,1.224700000000
54840,0.518124790635,0.515931791860,0.509358278294,0.498418583471,0.483129143187,0.463495409628,0.439488611519,0.411003938495,0.377779810894,0.339222965948,0.293955324270,0.238226171617,0.154390659961,,,,,,,,0.112848403784,1.224600000000
54900,0.517296240209,0.515107673077,0.508547402346,0.497629611401,0.482370485714,0.462775147451,0.438814428370,0.410383058260,0.377218976058,0.338728399214,0.293532487134,0.237877936739,0.154079631189,,,,,,,,0.112658631397,1.224500000000
54960,0.516470131044,0.514285981909,0.507738913286,0.496842957194,0.481614055273,0.462056995558,0.438142212595,0.409763989577,0.376659774265,0.338235265120,0.293110885138,0.237530719025,0.153769254909,,,,,,,,0.112469575108,1.224400000000
55020,0.515646454355,0.513466709619,0.506932802520,0.496058614118,0.480859843829,0.461340946320,0.437471960374,0.409146721814,0.376102200325,0.337743565637,0.292690501822,0.237184511194,0.153459526503,,,,,,,,0.112281232122,1.224300000000
55080,0.514825201392,0.512649847505,0.506129061490,0.495276574055,0.480107840833,0.460626992134,0.436803665005,0.408531251296,0.375546242037,0.337253293641,0.292271346108,0.236839307626,0.153150441348,,,,,,,,0.112093599651,1.224200000000
55140,0.514006363439,0.511835386900,0.505327681670,0.494496828713,0.479358040726,0.459915122810,0.436137319390,0.407917572578,0.374991899301,0.336764440061,0.291853401432,0.236495110786,0.152841994823,,,,,,,,0.111906674907,1.224100000000
55200,0.513189931813,0.511023319169,0.504528654567,0.493719369833,0.478610435712,0.459205332675,0.435472912333,0.407305676888,0.374439166403,0.336277006071,0.291436671634,0.236151905380,0.152534181577,,,,,,,,0.111720455111,1.224000000000
55260,0.512375897867,0.510213635709,0.503731971721,0.492944189187,0.477865017882,0.458497614980,0.434810440905,0.406695557084,0.373888031134,0.335790980031,0.291021148891,0.235809703590,0.152226997490,,,,,,,,0.111534937486,1.223900000000
55320,0.511564252984,0.509406327954,0.502937624705,0.492171278578,0.477121779356,0.457791962241,0.434149898113,0.406087209563,0.373338494028,0.335306360253,0.290606826594,0.235468480476,0.151920438139,,,,,,,,0.111350119262,1.223800000000
55380,0.510754988584,0.508601387305,0.502145604998,0.491400629655,0.476380712035,0.457088366687,0.433491276580,0.405480627389,0.372790548603,0.334823143448,0.290193707424,0.235128257907,0.151614498897,,,,,,,,0.111165997674,1.223700000000
55440,0.509948096118,0.507798804718,0.501355903153,0.490632232661,0.475641805937,0.456386818171,0.432834566000,0.404875800001,0.372244183718,0.334341316974,0.289781774362,0.234789001333,0.151309175135,,,,,,,,0.110982569963,1.223600000000
55500,0.509143567071,0.506998572332,0.500568512056,0.489866081314,0.474905055698,0.455687312344,0.432179763184,0.404272725612,0.371699399470,0.333860883938,0.289371036784,0.234450741027,0.151004462224,,,,,,,,0.110799833376,1.223500000000
55560,0.508341392961,0.506200681714,0.499783423411,0.489102167544,0.474170453558,0.454989841839,0.431526861224,0.403671397840,0.371156188956,0.333381834653,0.288961478604,0.234113436602,0.150700355531,,,,,,,,0.110617785168,1.223400000000
55620,0.507541565338,0.505405124460,0.499000628953,0.488340483312,0.473437991789,0.454294399315,0.430875852441,0.403071806522,0.370614542112,0.332904163881,0.288553103133,0.233777119448,0.150396850408,,,,,,,,0.110436422597,1.223300000000
55680,0.506744075786,0.504611892198,0.498220120448,0.487581020611,0.472707662694,0.453600976076,0.430226727490,0.402473947893,0.370074458593,0.332427871107,0.288145903278,0.233441755169,0.150093941228,,,,,,,,0.110255742933,1.223200000000
55740,0.505948915921,0.503820976593,0.497441889695,0.486823771463,0.471979457951,0.452909564289,0.429579482851,0.401877816903,0.369535931068,0.331952943062,0.287739872011,0.233107365707,0.149791624349,,,,,,,,0.110075743448,1.223100000000
55800,0.505156077392,0.503032369337,0.496665928525,0.486068727924,0.471253368593,0.452220158647,0.428934111724,0.401283405194,0.368998950563,0.331479381891,0.287335012630,0.232773926156,0.149489895135,,,,,,,,0.109896421423,1.223000000000
55860,0.504365573394,0.502246199101,0.495892711323,0.485316939224,0.470531250086,0.451535646956,0.428294776505,0.400696416616,0.368471095960,0.331017110576,0.286944474420,0.232460235876,0.149230450378,,,,,,,,0.109717317703,1.222933333333
55920,0.503577416901,0.501462362763,0.495121787403,0.484567375541,0.469811265416,0.450853152604,0.427657317145,0.400111147102,0.367944782778,0.330556181609,0.286555078818,0.232147478538,0.148971586898,,,,,,,,0.109538615923,1.222866666667
55980,0.502791599281,0.500680851740,0.494353148328,0.483820029865,0.469093406724,0.450172668149,0.427021729140,0.399527590264,0.367420003152,0.330096595338,0.286166821411,0.231835627790,0.148713304485,,,,,,,,0.109360459366,1.222800000000
56040,0.502008111936,0.499901657485,0.493586785699,0.483074894104,0.468377666182,0.449494184834,0.426388005707,0.398945739744,0.366896751252,0.329638346996,0.285779691566,0.231524698642,0.148455615269,,,,,,,,0.109182891475,1.222733333333
56100,0.501226946303,0.499124771483,0.492822691147,0.482331960131,0.467664035994,0.448817695776,0.425756139955,0.398365587168,0.366375023564,0.329181431192,0.285393687199,0.231214689009,0.148198525446,,,,,,,,0.109005933787,1.222666666667
56160,0.500448093854,0.498350185255,0.492060856338,0.481591219852,0.466952508393,0.448143194476,0.425126125019,0.397787126981,0.365854814393,0.328725837531,0.285008807851,0.230905576269,0.147942042604,,,,,,,,0.108829598613,1.222600000000
56220,0.499671546093,0.497577890355,0.491301272878,0.480852665205,0.466243075458,0.447470673610,0.424497953769,0.397210354199,0.365336117606,0.328271566706,0.284625047978,0.230597365924,0.147686166587,,,,,,,,0.108653893443,1.222533333333
56280,0.498897294562,0.496807878372,0.490543931821,0.480116288161,0.465535728134,0.446800125885,0.423871617301,0.396635262567,0.364818924216,0.327818613717,0.284242395175,0.230290061120,0.147430901363,,,,,,,,0.108478822919,1.222466666667
56340,0.498125330834,0.496040140927,0.489788825710,0.479382080723,0.464830460296,0.446131544037,0.423247111232,0.396061845855,0.364303232420,0.327366972603,0.283860854028,0.229983644664,0.147176245885,,,,,,,,0.108304389863,1.222400000000
56400,0.497355646516,0.495274669677,0.489035946344,0.478650034925,0.464127264304,0.445464920832,0.422624428812,0.395490095848,0.363789036616,0.326916634349,0.283480420057,0.229678113496,0.146922199940,,,,,,,,0.108130595863,1.222333333333
56460,0.496588233250,0.494511456310,0.488285285554,0.477920142836,0.463426132548,0.444800247749,0.422003563314,0.394920007086,0.363276331228,0.326467599034,0.283101082644,0.229373476064,0.146668763572,,,,,,,,0.107957441637,1.222266666667
56520,0.495823082711,0.493750492550,0.487536835207,0.477192396554,0.462727057447,0.444137518079,0.421384508040,0.394351574718,0.362765107594,0.326019861712,0.282722839523,0.229069724064,0.146415933169,,,,,,,,0.107784927264,1.222200000000
56580,0.495060186607,0.492991770152,0.486790587199,0.476466787860,0.462030031454,0.443476725532,0.420767255594,0.393784792616,0.362255362153,0.325573415817,0.282345690276,0.228766844019,0.146163709891,,,,,,,,0.107613052348,1.222133333333
56640,0.494299536680,0.492235280905,0.486046533460,0.475743308334,0.461335047050,0.442817862990,0.420151798128,0.393219654677,0.361747090538,0.325128253711,0.281969629459,0.228464839164,0.145912088754,,,,,,,,0.107441816126,1.222066666667
56700,0.493541124704,0.491481016632,0.485304665954,0.475021951108,0.460642096747,0.442160923362,0.419538130964,0.392656152832,0.361240287254,0.324684374854,0.281594644758,0.228163706092,0.145661070034,,,,,,,,0.107271217547,1.222000000000
56760,0.492784942488,0.490728969187,0.484564976675,0.474302708406,0.459951172480,0.441505899588,0.418926247515,0.392094281729,0.360734945326,0.324241774356,0.281220740936,0.227863441440,0.145410650096,,,,,,,,0.107101255334,1.221933333333
56820,0.492030981873,0.489979130457,0.483827457649,0.473585572486,0.459262266334,0.440852784636,0.418316141216,0.391534036637,0.360231058086,0.323800445063,0.280847913732,0.227564041878,0.145160826529,,,,,,,,0.106931928030,1.221866666667
56880,0.491279234730,0.489231492362,0.483092100937,0.472870535634,0.458575372012,0.440201570205,0.417707805533,0.390975411551,0.359728622832,0.323360380744,0.280476152801,0.227265504100,0.144911597844,,,,,,,,0.106763234026,1.221800000000
56940,0.490529692968,0.488486046856,0.482358898628,0.472157590170,0.457890482144,0.439552249780,0.417101232795,0.390418400488,0.359227634151,0.322921580256,0.280105456105,0.226967824781,0.144662959022,,,,,,,,0.106595171595,1.221733333333
57000,0.489782348524,0.487742785923,0.481627842845,0.471446728442,0.457207589393,0.438904817259,0.416496416209,0.389862995509,0.358728086653,0.322484038792,0.279735823472,0.226671000613,0.144414910288,,,,,,,,0.106427738907,1.221666666667
57060,0.489037193369,0.487001701579,0.480898925744,0.470737942832,0.456526686450,0.438259265723,0.415893350797,0.389309191386,0.358229970837,0.322047748620,0.279367249690,0.226375028418,0.144167445642,,,,,,,,0.106260934052,1.221600000000
57120,0.488294219506,0.486262785875,0.480172139508,0.470031225750,0.455847766035,0.437615588282,0.415292030128,0.388756983493,0.357733285418,0.321612704947,0.278999722758,0.226079904950,0.143920564838,,,,,,,,0.106094755047,1.221533333333
57180,0.487553418971,0.485526030890,0.479447476356,0.469326569638,0.455170820897,0.436973778072,0.414692447797,0.388206365940,0.357238025144,0.321178906034,0.278633247617,0.225785626975,0.143674263467,,,,,,,,0.105929199853,1.221466666667
57240,0.486814783830,0.484791428737,0.478724928536,0.468623966967,0.454495843818,0.436333828258,0.414094597425,0.387657332865,0.356744184707,0.320746347168,0.278267820225,0.225492191266,0.143428538832,,,,,,,,0.105764266381,1.221400000000
57300,0.486078306183,0.484058971304,0.478004487814,0.467923409473,0.453822826579,0.435695730739,0.413498471063,0.387109876445,0.356251756266,0.320315020043,0.277903430422,0.225199594608,0.143183388830,,,,,,,,0.105599952499,1.221333333333
57360,0.485343978160,0.483328650861,0.477286146691,0.467224889969,0.453151762396,0.435059479211,0.412904062967,0.386563991589,0.355760735493,0.319884921315,0.277540076458,0.224907833736,0.142938808316,,,,,,,,0.105436256044,1.221266666667
57420,0.484611791923,0.482600459779,0.476569897834,0.466528401509,0.452482644787,0.434425067744,0.412311367853,0.386019673764,0.355271118779,0.319456048649,0.277177758286,0.224616905439,0.142694797192,,,,,,,,0.105273174818,1.221200000000
57480,0.483881739666,0.481874390297,0.475855733616,0.465833936684,0.451815466649,0.433792489614,0.411720379443,0.385476917199,0.354782900902,0.319028397427,0.276816470804,0.224326806586,0.142451348885,,,,,,,,0.105110706601,1.221133333333
57540,0.483153813615,0.481150434685,0.475143646438,0.465141488116,0.451150220902,0.433161738121,0.411131091485,0.384935716145,0.354296075662,0.318601958763,0.276456202362,0.224037533993,0.142208463463,,,,,,,,0.104948849151,1.221066666667
57600,0.482428006024,0.480428585242,0.474433628735,0.464451048456,0.450486900501,0.432532806594,0.410543497751,0.384396062890,0.353810635734,0.318176730771,0.276096957954,0.223749084479,0.141966135815,,,,,,,,0.104787600209,1.221000000000
57660,0.481704309181,0.479708834301,0.473725672971,0.463762610386,0.449825498424,0.431905688387,0.409957590007,0.383857952495,0.353326579131,0.317752710513,0.275738733697,0.223461454876,0.141724363637,,,,,,,,0.104626957500,1.220933333333
57720,0.480982715405,0.478991174223,0.473019771637,0.463076166617,0.449166007681,0.431280375584,0.409373363558,0.383321380514,0.352843900722,0.317329893459,0.275381519502,0.223174642019,0.141483144152,,,,,,,,0.104466918736,1.220866666667
57780,0.480263217044,0.478275597401,0.472315917260,0.462391709887,0.448508421307,0.430656862104,0.408790812810,0.382786341289,0.352362595397,0.316908270138,0.275025313958,0.222888642672,0.141242472675,,,,,,,,0.104307481621,1.220800000000
57840,0.479545806477,0.477562096259,0.471614102392,0.461709232966,0.447852730925,0.430035142176,0.408209931632,0.382252829189,0.351882654453,0.316487840125,0.274670117042,0.222603453735,0.141002348789,,,,,,,,0.104148643848,1.220733333333
57900,0.478830476116,0.476850663250,0.470914319617,0.461028728652,0.447198930868,0.429415209262,0.407630713921,0.381720836601,0.351404075932,0.316068599872,0.274315923664,0.222319072108,0.140762765412,,,,,,,,0.103990403106,1.220666666667
57960,0.478117218399,0.476141290859,0.470216561549,0.460350189772,0.446547014463,0.428797056848,0.407053153600,0.381190358755,0.350926855315,0.315650544933,0.273962722590,0.222035494663,0.140523723360,,,,,,,,0.103832757076,1.220600000000
58020,0.477406025799,0.475433971599,0.469520820831,0.459673607998,0.445896974859,0.428180678447,0.406477242142,0.380661391282,0.350450987581,0.315233665242,0.273610518781,0.221752718279,0.140285216599,,,,,,,,0.103675703438,1.220533333333
58080,0.476696890816,0.474728698015,0.468827090136,0.458998977358,0.445248805230,0.427566067600,0.405902975904,0.380133928641,0.349976465636,0.314817961842,0.273259308479,0.221470739846,0.140047243705,,,,,,,,0.103519239868,1.220466666667
58140,0.475989805981,0.474025462681,0.468135362166,0.458326290810,0.444602498779,0.426953216558,0.405330348973,0.379607965314,0.349503284584,0.314403430561,0.272909081588,0.221189556261,0.139809800942,,,,,,,,0.103363364040,1.220400000000
58200,0.475284763856,0.473324258200,0.467445629652,0.457655541295,0.443958048736,0.426342119479,0.404759355366,0.379083493779,0.349031441497,0.313990066543,0.272559837116,0.220909164318,0.139572884547,,,,,,,,0.103208073627,1.220333333333
58260,0.474581757031,0.472625077205,0.466757885355,0.456986721782,0.443315448358,0.425732770735,0.404189989128,0.378560509453,0.348560931441,0.313577860601,0.272211574987,0.220629561052,0.139336493128,,,,,,,,0.103053366304,1.220266666667
58320,0.473880778126,0.471927912361,0.466072121946,0.456319825270,0.442674690692,0.425125163968,0.403622243954,0.378039008032,0.348091748906,0.313166813764,0.271864290054,0.220350743393,0.139100620571,,,,,,,,0.102899239745,1.220200000000
58380,0.473181819792,0.471232756359,0.465388331670,0.455654844784,0.442035767901,0.424519292846,0.403056112139,0.377518984091,0.347623886104,0.312756921729,0.271517971584,0.220072708279,0.138865267281,,,,,,,,0.102745691627,1.220133333333
58440,0.472484874707,0.470539601920,0.464706508068,0.454991773379,0.441398674714,0.423915151063,0.402491589974,0.377000432225,0.347157341672,0.312348179005,0.271172624439,0.219795452658,0.138630426480,,,,,,,,0.102592719627,1.220066666667
58500,0.471789935582,0.469848441796,0.464026644018,0.454330604135,0.440763404495,0.423312732337,0.401928671596,0.376483344992,0.346692110762,0.311940577926,0.270828244971,0.219518973490,0.138396098079,,,,,,,,0.102440321426,1.220000000000
58560,0.471096995154,0.469159268766,0.463348732423,0.453671330163,0.440129950636,0.422712029073,0.401367351170,0.375967718009,0.346228188546,0.311534118866,0.270484823012,0.219243267687,0.138162277001,,,,,,,,0.102288494709,1.219933333333
58620,0.470406046190,0.468472075639,0.462672766216,0.453013944600,0.439498306555,0.422113035687,0.400807622882,0.375453547031,0.345765567019,0.311128797597,0.270142358080,0.218968332221,0.137928960863,,,,,,,,0.102137237163,1.219866666667
58680,0.469717081486,0.467786855253,0.461998738358,0.452358440211,0.438868465695,0.421515746674,0.400249480106,0.374940826744,0.345304243726,0.310724607985,0.269800849990,0.218694164147,0.137696146903,,,,,,,,0.101986546480,1.219800000000
58740,0.469030093867,0.467103600473,0.461326641839,0.451704809787,0.438240421528,0.420920155854,0.399692916234,0.374429551855,0.344844214781,0.310321543895,0.269460293472,0.218420760468,0.137463830427,,,,,,,,0.101836420356,1.219733333333
58800,0.468345076186,0.466422304195,0.460656469676,0.451053047352,0.437614167549,0.420326257073,0.399137927209,0.373919714994,0.344385475437,0.309919605035,0.269120678392,0.218148118197,0.137232011005,,,,,,,,0.101686856491,1.219666666667
58860,0.467662021327,0.465742959342,0.459988214914,0.450403146153,0.436989696601,0.419734044199,0.398584507312,0.373411311990,0.343928019243,0.309518787249,0.268782009453,0.217876234356,0.137000681616,,,,,,,,0.101537852591,1.219600000000
58920,0.466980922199,0.465065558865,0.459321870627,0.449755099463,0.436367001999,0.419143511127,0.398032650848,0.372904338647,0.343471840901,0.309119083757,0.268444283111,0.217605105980,0.136769843267,,,,,,,,0.101389406367,1.219533333333
58980,0.466301771742,0.464390095744,0.458657429916,0.449108900582,0.435746078238,0.418554650397,0.397482352144,0.372398789760,0.343016938058,0.308720489957,0.268107489069,0.217334729991,0.136539489336,,,,,,,,0.101241515534,1.219466666667
59040,0.465624562923,0.463716562987,0.457994885908,0.448464542839,0.435126918918,0.417967456698,0.396933604250,0.371894660146,0.342563306049,0.308323004887,0.267771627453,0.217065103568,0.136309619295,,,,,,,,0.101094177816,1.219400000000
59100,0.464949288738,0.463044953630,0.457334231761,0.447822019586,0.434509517666,0.417381924637,0.396386401651,0.371391942495,0.342110939952,0.307926624462,0.267436697908,0.216796223782,0.136080228557,,,,,,,,0.100947390940,1.219333333333
59160,0.464275942210,0.462375260736,0.456675460657,0.447181324206,0.433893868134,0.416798048207,0.395840739942,0.370890632864,0.341659831665,0.307531341246,0.267102694991,0.216528087710,0.135851314331,,,,,,,,0.100801152641,1.219266666667
59220,0.463604516390,0.461707477397,0.456018565808,0.446542450104,0.433279963998,0.416215821425,0.395296613541,0.370390727093,0.341209980349,0.307137152179,0.266769609262,0.216260692444,0.135622874319,,,,,,,,0.100655460657,1.219200000000
59280,0.462935004358,0.461041596732,0.455363540451,0.445905390714,0.432667798962,0.415635238331,0.394754016891,0.369892220086,0.340761381418,0.306744055621,0.266437445209,0.215994035087,0.135394903448,,,,,,,,0.100510312738,1.219133333333
59340,0.462267399221,0.460377611887,0.454710377851,0.445270139497,0.432057366753,0.415056292990,0.394212944458,0.369395106767,0.340314030304,0.306352047557,0.266106199390,0.215728112672,0.135167401729,,,,,,,,0.100365706635,1.219066666667
59400,0.461601694113,0.459715515757,0.454059070740,0.444636689098,0.431448660000,0.414478978067,0.393673388964,0.368899379875,0.339867919593,0.305961119890,0.265775861323,0.215462922355,0.134940361793,,,,,,,,0.100221640099,1.219000000000
59460,0.460937900321,0.459055422771,0.453410042238,0.444005976575,0.430843335641,0.413905880224,0.393139088064,0.368410177047,0.339429899659,0.305580300309,0.265458513630,0.215216019317,0.134757309621,,,,,,,,0.100077683916,1.218966666667
59520,0.460276028952,0.458397240650,0.452762890088,0.443377083431,0.430239752026,0.413334423902,0.392606310188,0.367922360962,0.338993114031,0.305200548149,0.265142053977,0.214969814595,0.134574695827,,,,,,,,0.099934020571,1.218933333333
59580,0.459616072913,0.457740962343,0.452117607369,0.442750002954,0.429637902731,0.412764603041,0.392075049704,0.367435926485,0.338557558122,0.304821859413,0.264826478984,0.214724305482,0.134392526240,,,,,,,,0.099790783399,1.218900000000
59640,0.458958025139,0.457086580827,0.451474187184,0.442124728459,0.429037781359,0.412196411605,0.391545301010,0.366950868503,0.338123227365,0.304444230123,0.264511785282,0.214479488372,0.134210816233,,,,,,,,0.099648011693,1.218866666667
59700,0.458301878595,0.456434089110,0.450832622668,0.441501253288,0.428439381540,0.411629843584,0.391017058521,0.366467181925,0.337690117214,0.304067656320,0.264197969514,0.214235360015,0.134029574515,,,,,,,,0.099505724572,1.218833333333
59760,0.457647626275,0.455783480228,0.450192906983,0.440879570812,0.427842696929,0.411064892993,0.390490316682,0.365984861682,0.337258223140,0.303692134060,0.263885026038,0.213991916579,0.133848804365,,,,,,,,0.099363932800,1.218800000000
59820,0.456995261202,0.455134747247,0.449555033321,0.440259674427,0.427247721208,0.410501553872,0.389965069957,0.365503902725,0.336827540636,0.303317657450,0.263572951130,0.213749154685,0.133668510359,,,,,,,,0.099222642835,1.218766666667
59880,0.456344776428,0.454487883260,0.448918994899,0.439641557559,0.426654448086,0.409939820286,0.389441312835,0.365024300028,0.336398063775,0.302944223666,0.263261744036,0.213507071091,0.133488695173,,,,,,,,0.099081858629,1.218733333333
59940,0.455696165033,0.453842881390,0.448284784965,0.439025213660,0.426062871298,0.409379686325,0.388919039828,0.364546047855,0.335969788980,0.302571829695,0.262951401355,0.213265662545,0.133309359398,,,,,,,,0.098941582548,1.218700000000
60000,0.455049420126,0.453199734787,0.447652396795,0.438410636209,0.425472984604,0.408821146104,0.388398245472,0.364069141165,0.335542712351,0.302200471651,0.262641919683,0.213024926363,0.133130500945,,,,,,,,0.098801815897,1.218666666667
60060,0.454404534846,0.452558436630,0.447021823689,0.437797818714,0.424884781792,0.408264193761,0.387878923325,0.363593575789,0.335116829457,0.301830145660,0.262333295623,0.212784859445,0.132952122165,,,,,,,,0.098662559240,1.218633333333
60120,0.453761502358,0.451918980128,0.446393058980,0.437186754706,0.424298256673,0.407708823461,0.387361068757,0.363119346785,0.334692135884,0.301460847860,0.262025525793,0.212545459332,0.132774222417,,,,,,,,0.098523812602,1.218600000000
60180,0.453120315857,0.451281358514,0.445766096025,0.436577437747,0.423713403086,0.407155028901,0.386844676586,0.362646449234,0.334268627237,0.301092574399,0.261718604377,0.212306723265,0.132596799318,,,,,,,,0.098385575610,1.218566666667
60240,0.452480968565,0.450645565054,0.445140928210,0.435969861423,0.423130214896,0.406602804301,0.386329741440,0.362174878235,0.333846299138,0.300725321438,0.261412528061,0.212068648660,0.132419851639,,,,,,,,0.098247847587,1.218533333333
60300,0.451843453733,0.450011593037,0.444517548947,0.435364019348,0.422548685991,0.406052144384,0.385816257969,0.361704628909,0.333425147226,0.300359082451,0.261107295974,0.211831233115,0.132243379578,,,,,,,,0.098110627621,1.218500000000
60360,0.451207764638,0.449379435783,0.443895951677,0.434759905161,0.421968810269,0.405503043410,0.385304220844,0.361235696399,0.333005167117,0.299993856203,0.260802904829,0.211594473864,0.132067381679,,,,,,,,0.097973914614,1.218466666667
60420,0.450573894587,0.448749086639,0.443276129867,0.434157512530,0.421390580942,0.404955495665,0.384793624760,0.360768075867,0.332586352603,0.299629639022,0.260499351369,0.211358368729,0.131891853772,,,,,,,,0.097837707322,1.218433333333
60480,0.449941836915,0.448120538979,0.442658077012,0.433556835145,0.420813992723,0.404409495457,0.384284464434,0.360301762493,0.332168701302,0.299266427125,0.260196632362,0.211122915011,0.131716796367,,,,,,,,0.097702004381,1.218400000000
60540,0.449311584981,0.447493786204,0.442041786632,0.432957866727,0.420239039604,0.403865037118,0.383776734604,0.359836750675,0.331752208924,0.298904216745,0.259894744600,0.210888110417,0.131542208144,,,,,,,,0.097566804333,1.218366666667
60600,0.448683132176,0.446868821742,0.441427252277,0.432360601020,0.419665715600,0.403322115005,0.383270430031,0.359373035748,0.331336871192,0.298543004131,0.259593682264,0.210653952500,0.131368086600,,,,,,,,0.097432105637,1.218333333333
60660,0.448056471914,0.446245639050,0.440814467519,0.431765031794,0.419094014750,0.402780723497,0.382765545498,0.358910613649,0.330922683849,0.298182785549,0.259293442614,0.210420438732,0.131194428265,,,,,,,,0.097297906689,1.218300000000
60720,0.447431597639,0.445624231611,0.440203425962,0.431171152719,0.418523931121,0.402240856997,0.382262075544,0.358449479641,0.330509642652,0.297823556658,0.258994024743,0.210187566928,0.131021233575,,,,,,,,0.097164205833,1.218266666667
60780,0.446808502822,0.445004592934,0.439594121232,0.430578957308,0.417955458802,0.401702509932,0.381760014335,0.357989629003,0.330097743378,0.297465312209,0.258695425538,0.209955334366,0.130848500611,,,,,,,,0.097031001364,1.218233333333
60840,0.446187180960,0.444386716557,0.438986546984,0.429988439846,0.417388591908,0.401165676751,0.381259357648,0.357531057036,0.329686981821,0.297108050706,0.258397641904,0.209723738958,0.130676225592,,,,,,,,0.096898291543,1.218200000000
60900,0.445567625576,0.443770596041,0.438380696898,0.429399594207,0.416823324577,0.400630351928,0.380760100354,0.357073759059,0.329277353160,0.296751768485,0.258100670767,0.209492778142,0.130504407143,,,,,,,,0.096766074598,1.218166666667
60960,0.444949830222,0.443156224978,0.437776564680,0.428812414289,0.416259650973,0.400096529958,0.380262237342,0.356617730411,0.328868852543,0.296396461902,0.257804509070,0.209262449582,0.130333044504,,,,,,,,0.096634348731,1.218133333333
61020,0.444333788474,0.442543596984,0.437174144063,0.428226894017,0.415697565282,0.399564204801,0.379765763523,0.356162966449,0.328461477134,0.296042127332,0.257509150940,0.209032750991,0.130162135673,,,,,,,,0.096503112122,1.218100000000
61080,0.443719493938,0.441932705700,0.436573428805,0.427643027340,0.415137061717,0.399033371166,0.379270673832,0.355709462550,0.328055222796,0.295688761166,0.257214594194,0.208803679784,0.129991675654,,,,,,,,0.096372362934,1.218066666667
61140,0.443106940243,0.441323544797,0.435974412690,0.427060808231,0.414578134513,0.398504024011,0.378776963221,0.355257213224,0.327650085411,0.295336359813,0.256920837836,0.208575233874,0.129821665264,,,,,,,,0.096242099314,1.218033333333
61200,0.442496121046,0.440716107969,0.435377089529,0.426480230689,0.414020777929,0.397976157924,0.378284626666,0.354806214182,0.327246060879,0.294984918322,0.256627878875,0.208347410643,0.129652102593,,,,,,,,0.096112319398,1.218000000000
61260,0.441887013383,0.440110275137,0.434781048164,0.425900397922,0.413463414679,0.397447314403,0.377790113339,0.354351581397,0.326836628303,0.294625822993,0.256324150507,0.208103277820,0.129439186467,,,,,,,,0.095983433798,1.217933333333
61320,0.441279594504,0.439506121292,0.434186656304,0.425322166594,0.412907585703,0.396919921436,0.377296949216,0.353898182789,0.326428299062,0.294267690173,0.256021228994,0.207859788940,0.129226719877,,,,,,,,0.095855256907,1.217866666667
61380,0.440673858421,0.438903640484,0.433593907829,0.424745531026,0.412353285013,0.396393973874,0.376805128638,0.353446013958,0.326021067779,0.293910516382,0.255719107843,0.207616941569,0.129014687689,,,,,,,,0.095727656621,1.217800000000
61440,0.440069799171,0.438302826782,0.433002797419,0.424170485562,0.411800508207,0.395869466591,0.376314648438,0.352995070520,0.325614933153,0.293554296021,0.255417790726,0.207374733835,0.128803076255,,,,,,,,0.095600591866,1.217733333333
61500,0.439467410814,0.437703674283,0.432413319272,0.423597024570,0.411249249886,0.395346394480,0.375825503856,0.352545345664,0.325209891258,0.293199024371,0.255117274725,0.207133164026,0.128591867219,,,,,,,,0.095474040848,1.217666666667
61560,0.438866687435,0.437106177103,0.431825467609,0.423025142439,0.410699504670,0.394824750875,0.375337690152,0.352096837008,0.324805938183,0.292844701416,0.254817548853,0.206892230498,0.128381055722,,,,,,,,0.095347989687,1.217600000000
61620,0.438267623140,0.436510329385,0.431239236673,0.422454833580,0.410151267203,0.394304531996,0.374851202605,0.351649540713,0.324403066302,0.292491323741,0.254518616820,0.206651931525,0.128170629676,,,,,,,,0.095222428550,1.217533333333
61680,0.437670212061,0.435916125293,0.430654620730,0.421886091853,0.409604532151,0.393785733095,0.374366035290,0.351203452468,0.324001275369,0.292138885048,0.254220477344,0.206412265240,0.127960585409,,,,,,,,0.095097349948,1.217466666667
61740,0.437074448351,0.435323559017,0.430071614071,0.421318911770,0.409059294198,0.393268349149,0.373882183640,0.350758567979,0.323600561632,0.291787382229,0.253923124117,0.206173229512,0.127750915192,,,,,,,,0.094972747867,1.217400000000
61800,0.436480326190,0.434732624766,0.429490211007,0.420753288331,0.408515548052,0.392752375152,0.373399644104,0.350314880431,0.323200921247,0.291436814554,0.253626551808,0.205934822338,0.127541614738,,,,,,,,0.094848617281,1.217333333333
61860,0.435887839776,0.434143316777,0.428910405873,0.420189216038,0.407973287519,0.392237806118,0.372918412034,0.349872387730,0.322802347980,0.291087178679,0.253330763782,0.205697041511,0.127332679573,,,,,,,,0.094724953849,1.217266666667
61920,0.435296983335,0.433555629305,0.428332193027,0.419626689414,0.407432507733,0.391724637082,0.372438482803,0.349431086017,0.322404839017,0.290738467617,0.253035757311,0.205459884750,0.127124104061,,,,,,,,0.094601753732,1.217200000000
61980,0.434707751112,0.432969556631,0.427755566848,0.419065703001,0.406893204006,0.391212861439,0.371959851804,0.348990971067,0.322008391982,0.290390679881,0.252741521106,0.205223349723,0.126915886507,,,,,,,,0.094479013460,1.217133333333
62040,0.434120137378,0.432385093059,0.427180521739,0.418506251367,0.406355371131,0.390702475730,0.371482512745,0.348552038675,0.321613003100,0.290043814035,0.252448060010,0.204987434068,0.126708019576,,,,,,,,0.094356729852,1.217066666667
62100,0.433534136425,0.431802232913,0.426607052124,0.417948329099,0.405819003920,0.390193475247,0.371006462151,0.348114282015,0.321218667510,0.289697866810,0.252155372339,0.204752135267,0.126500504097,,,,,,,,0.094234899945,1.217000000000
62160,0.432949742568,0.431220970542,0.426035152451,0.417391930805,0.405284097205,0.389685855104,0.370531696079,0.347677699294,0.320825379867,0.289352830518,0.251863451350,0.204517451051,0.126293330913,,,,,,,,0.094113520955,1.216933333333
62220,0.432366950144,0.430641300316,0.425464817187,0.416837051118,0.404750645840,0.389179610435,0.370058209997,0.347242286624,0.320433139157,0.289008705303,0.251572292830,0.204283379022,0.126086502153,,,,,,,,0.093992590241,1.216866666667
62280,0.431785753514,0.430063216629,0.424896040824,0.416283684688,0.404218644698,0.388674736391,0.369585999386,0.346808039867,0.320041941672,0.288665489005,0.251281899628,0.204049916775,0.125880009872,,,,,,,,0.093872105278,1.216800000000
62340,0.431206147062,0.429486713896,0.424328817875,0.415731826190,0.403688088675,0.388171228145,0.369115059750,0.346374954905,0.319651783719,0.288323178415,0.250992269037,0.203817061911,0.125673854304,,,,,,,,0.093752063640,1.216733333333
62400,0.430628125190,0.428911786215,0.423763142194,0.415181469296,0.403158971313,0.387669079142,0.368645384431,0.345943024894,0.319262658024,0.287981765133,0.250703389261,0.203584812025,0.125468029697,,,,,,,,0.093632462982,1.216666666667
62460,0.430051682328,0.428338428368,0.423199008985,0.414632609694,0.402631288852,0.387168286254,0.368176971037,0.345512248356,0.318874564349,0.287641250924,0.250415266235,0.203353164617,0.125262534333,,,,,,,,0.093513301030,1.216600000000
62520,0.429476812924,0.427766634856,0.422636412861,0.414085242175,0.402105036319,0.386668844802,0.367709815240,0.345082621365,0.318487499241,0.287301632888,0.250127897735,0.203122117437,0.125057364628,,,,,,,,0.093394575568,1.216533333333
62580,0.428903511449,0.427196400181,0.422075348421,0.413539361495,0.401580208689,0.386170750034,0.367243912615,0.344654139870,0.318101459071,0.286962907343,0.249841276469,0.202891668120,0.124852516868,,,,,,,,0.093276284434,1.216466666667
62640,0.428331772398,0.426627718869,0.421515810288,0.412994962434,0.401056800959,0.385673997220,0.366779258753,0.344226799839,0.317716437915,0.286625066739,0.249555399407,0.202661814313,0.124647989619,,,,,,,,0.093158425509,1.216400000000
62700,0.427761590284,0.426060585467,0.420957793102,0.412452039790,0.400534808143,0.385178581645,0.366315848880,0.343800594406,0.317332433045,0.286288112883,0.249270268824,0.202432553676,0.124443777145,,,,,,,,0.093040996717,1.216333333333
62760,0.427192959646,0.425494994544,0.420401291529,0.411910588384,0.400014225276,0.384684498591,0.365853677124,0.343375522413,0.316949442339,0.285952042653,0.248985881914,0.202203883845,0.124239880151,,,,,,,,0.092923996017,1.216266666667
62820,0.426625875042,0.424930940690,0.419846300252,0.411370603057,0.399495047414,0.384191741616,0.365392741025,0.342951579895,0.316567462233,0.285616851615,0.248702226737,0.201975802437,0.124036290855,,,,,,,,0.092807421398,1.216200000000
62880,0.426060331053,0.424368418518,0.419292813978,0.410832078670,0.398977269233,0.383700307861,0.364933036247,0.342528762883,0.316186488124,0.285282533879,0.248419310049,0.201748307250,0.123833011703,,,,,,,,0.092691270880,1.216133333333
62940,0.425496322279,0.423807422660,0.418740827433,0.410295010104,0.398460885203,0.383210192689,0.364474558472,0.342107067309,0.315806514833,0.284949090482,0.248137129196,0.201521395997,0.123630034028,,,,,,,,0.092575542508,1.216066666667
63000,0.424933843344,0.423247947772,0.418190335367,0.409759392261,0.397945891466,0.382721391480,0.364017303399,0.341686486635,0.315427541546,0.284616518344,0.247855676322,0.201295066399,0.123427360214,,,,,,,,0.092460234354,1.216000000000
63060,0.424372888894,0.422689988528,0.417641332546,0.409225219651,0.397432283156,0.382233899634,0.363561265861,0.341267019678,0.315049564757,0.284284812273,0.247574949702,0.201069316193,0.123224982953,,,,,,,,0.092345344507,1.215933333333
63120,0.423813453593,0.422133539626,0.417093813763,0.408692486989,0.396920055425,0.381747712570,0.363106441112,0.340848662538,0.314672580974,0.283953968049,0.247294951021,0.200844143059,0.123022902699,,,,,,,,0.092230871082,1.215866666667
63180,0.423255532128,0.421578595783,0.416547773825,0.408161189882,0.396409203445,0.381262825577,0.362652826276,0.340431411331,0.314296583179,0.283623985930,0.247015676880,0.200619544755,0.122821114121,,,,,,,,0.092116812208,1.215800000000
63240,0.422699119208,0.421025151739,0.416003207565,0.407631323312,0.395899722409,0.380779232606,0.362200417123,0.340015261928,0.313921571264,0.283294862883,0.246737116730,0.200395519127,0.122619615730,,,,,,,,0.092003166035,1.215733333333
63300,0.422144209562,0.420473202253,0.415460109834,0.407102882282,0.395391607528,0.380296930788,0.361749209441,0.339600208172,0.313547541974,0.282966592951,0.246459276706,0.200172063959,0.122418404173,,,,,,,,0.091889930728,1.215666666667
63360,0.421590797939,0.419922742106,0.414918475503,0.406575861813,0.394884854030,0.379815915613,0.361299199033,0.339186248800,0.313174491873,0.282639173590,0.246182154215,0.199949177051,0.122217476010,,,,,,,,0.091777104469,1.215600000000
63420,0.421038879111,0.419373766098,0.414378299037,0.406050256948,0.394379456297,0.379336182592,0.360850380338,0.338773379994,0.312802415239,0.282312604279,0.245905740813,0.199726856213,0.122016829867,,,,,,,,0.091664685454,1.215533333333
63480,0.420488447868,0.418826269052,0.413839575512,0.405526062749,0.393875409934,0.378857727252,0.360402749728,0.338361597947,0.312431309551,0.281986882028,0.245630036183,0.199505099155,0.121816460344,,,,,,,,0.091552671894,1.215466666667
63540,0.419939499022,0.418280245811,0.413302300128,0.405003274298,0.393372710763,0.378380545139,0.359956303914,0.337950898464,0.312061172834,0.281662000116,0.245355041391,0.199283903794,0.121616368045,,,,,,,,0.091441062012,1.215400000000
63600,0.419392027407,0.417735691236,0.412766467837,0.404481886695,0.392871354090,0.377904631540,0.359511038767,0.337541275775,0.311692001707,0.281337957683,0.245080752409,0.199063268005,0.121416545607,,,,,,,,0.091329854046,1.215333333333
63660,0.418846027876,0.417192600210,0.412232073611,0.403961895062,0.392371335241,0.377429980812,0.359066950177,0.337132728532,0.311323791727,0.281014753422,0.244807160181,0.198843189645,0.121216995614,,,,,,,,0.091219046243,1.215266666667
63720,0.418301495301,0.416650967638,0.411699112445,0.403443294537,0.391872649557,0.376956590061,0.358624034050,0.336725252991,0.310956537991,0.280692384389,0.244534270185,0.198623666582,0.121017708728,,,,,,,,0.091108636866,1.215200000000
63780,0.417758424577,0.416110788443,0.411167579349,0.402926079405,0.391375292401,0.376484454906,0.358182284425,0.336318845425,0.310590239789,0.280370843094,0.244262079899,0.198404696673,0.120818688662,,,,,,,,0.090998624186,1.215133333333
63840,0.417216810617,0.415572057569,0.410637469357,0.402410245566,0.390879259153,0.376013570979,0.357741698793,0.335913501561,0.310224893792,0.280050130367,0.243990580246,0.198186277712,0.120619926667,,,,,,,,0.090889006487,1.215066666667
63900,0.416676648356,0.415034769978,0.410108777520,0.401895788376,0.390384545212,0.375543933935,0.357302273444,0.335509216027,0.309860496684,0.279730244116,0.243719772420,0.197968407720,0.120421424923,,,,,,,,0.090779782064,1.215000000000
63960,0.416137932747,0.414498920656,0.409581498910,0.401382703051,0.389891144661,0.375075539443,0.356864004352,0.335105987381,0.309497041611,0.279411181422,0.243449656821,0.197751084611,0.120223176399,,,,,,,,0.090670949221,1.214933333333
64020,0.415600658766,0.413964504604,0.409055628618,0.400870984826,0.389399054225,0.374608382776,0.356426887503,0.334703811953,0.309134528713,0.279092934080,0.243180228756,0.197534306306,0.120025181466,,,,,,,,0.090562506273,1.214866666667
64080,0.415064821405,0.413431516847,0.408531161755,0.400360628958,0.388908269406,0.374142458706,0.355990918722,0.334302686091,0.308772954845,0.278775504561,0.242911480753,0.197318070741,0.119827434898,,,,,,,,0.090454451545,1.214800000000
64140,0.414530415679,0.412899952428,0.408008093451,0.399851630719,0.388418785676,0.373677764308,0.355556092188,0.333902605437,0.308412316744,0.278458890002,0.242643417588,0.197102375775,0.119629935259,,,,,,,,0.090346783372,1.214733333333
64200,0.413997436621,0.412369806409,0.407486418854,0.399343985402,0.387930598526,0.373214295319,0.355122405964,0.333503565027,0.308052608809,0.278143086690,0.242376036815,0.196887219387,0.119432679127,,,,,,,,0.090239500097,1.214666666667
64260,0.413465879285,0.411841073872,0.406966133135,0.398837688318,0.387443703464,0.372752047496,0.354689856102,0.333105563315,0.307693828841,0.277828088161,0.242109328681,0.196672599602,0.119235663254,,,,,,,,0.090132600073,1.214600000000
64320,0.412935738742,0.411313749918,0.406447231480,0.398332734797,0.386958096014,0.372291016613,0.354258438668,0.332708596707,0.307335974935,0.277513896073,0.241843295976,0.196458514395,0.119038886022,,,,,,,,0.090026081664,1.214533333333
64380,0.412407010086,0.410787829670,0.405929709095,0.397829120187,0.386473771721,0.371831198458,0.353828149748,0.332312661620,0.306979043878,0.277200507609,0.241577938398,0.196244961752,0.118842342370,,,,,,,,0.089919943239,1.214466666667
64440,0.411879688428,0.410263308159,0.405413560993,0.397326839531,0.385990725711,0.371372588283,0.353398984742,0.331917753608,0.306623031307,0.276887918261,0.241313250537,0.196031939655,0.118646032481,,,,,,,,0.089814183179,1.214400000000
64500,0.411353768898,0.409740180424,0.404898782174,0.396825887849,0.385508953071,0.370915181283,0.352970938980,0.331523868120,0.306267932715,0.276576123308,0.241049226598,0.195819445988,0.118449949484,,,,,,,,0.089708799873,1.214333333333
64560,0.410829246648,0.409218441873,0.404385368362,0.396326261237,0.385028450329,0.370458974488,0.352544010081,0.331131003503,0.305913747422,0.276265123597,0.240785870611,0.195607478899,0.118254095356,,,,,,,,0.089603791717,1.214266666667
64620,0.410306116846,0.408698087704,0.403873314840,0.395827955117,0.384549213101,0.370003963756,0.352118194191,0.330739156232,0.305560472264,0.275954916353,0.240523180202,0.195396036412,0.118058461419,,,,,,,,0.089499157117,1.214200000000
64680,0.409784374681,0.408179113133,0.403362616908,0.395330964929,0.384071237017,0.369550144960,0.351693487472,0.330348322797,0.305208104094,0.275645496268,0.240261144898,0.195185116563,0.117863051388,,,,,,,,0.089394894486,1.214133333333
64740,0.409264015360,0.407661513397,0.402853269886,0.394835286131,0.383594517727,0.369097513989,0.351269886101,0.329958498651,0.304856636142,0.275336860374,0.239999769176,0.194974717395,0.117667854933,,,,,,,,0.089291002246,1.214066666667
64800,0.408745034110,0.407145283749,0.402345269112,0.394340914199,0.383119050898,0.368646066751,0.350847385056,0.329569679671,0.304506068922,0.275029008700,0.239739051981,0.194764836868,0.117472876556,,,,,,,,0.089187478814,1.214000000000
64860,0.408227440369,0.406630521329,0.401838974762,0.393848648292,0.382646252727,0.368198020208,0.350429200432,0.329186307752,0.304162357746,0.274729852861,0.239489712698,0.194571452511,0.117325560196,,,,,,,,0.089083937287,1.213966666667
64920,0.407711243442,0.406117147332,0.401334043776,0.393357704357,0.382174719344,0.367751165510,0.350012121951,0.328803942378,0.303819541318,0.274431468651,0.239241007427,0.194378560790,0.117178490373,,,,,,,,0.088980557626,1.213933333333
64980,0.407196438386,0.405605156846,0.400830471332,0.392868077719,0.381704446283,0.367305499001,0.349596145717,0.328422580003,0.303477616480,0.274133852585,0.238992936835,0.194186159793,0.117031683566,,,,,,,,0.088877458247,1.213900000000
65040,0.406683020278,0.405094544977,0.400328252627,0.392379763725,0.381235429097,0.366861016650,0.349181267848,0.328042217097,0.303136580090,0.273837000783,0.238745499488,0.193994247261,0.116885152773,,,,,,,,0.088774672380,1.213866666667
65100,0.406170984214,0.404585306852,0.399827382878,0.391892757743,0.380767663113,0.366417714286,0.348767484480,0.327662850145,0.302796428361,0.273540912429,0.238498693098,0.193802821128,0.116738905748,,,,,,,,0.088672215736,1.213833333333
65160,0.405660325311,0.404077437620,0.399327857322,0.391407055155,0.380301143737,0.365975587755,0.348354791764,0.327284475645,0.302457157684,0.273245584817,0.238252515380,0.193611878762,0.116592950092,,,,,,,,0.088570096978,1.213800000000
65220,0.405151038707,0.403570932446,0.398829671215,0.390922651366,0.379835867005,0.365534632919,0.347943185866,0.326907090111,0.302118766107,0.272951015253,0.238006964051,0.193421418060,0.116447288848,,,,,,,,0.088468321232,1.213766666667
65280,0.404643119557,0.403065786516,0.398332819832,0.390439541799,0.379371828542,0.365094845658,0.347532662969,0.326530688854,0.301781250537,0.272657201052,0.237762036818,0.193231436771,0.116301921191,,,,,,,,0.088366891603,1.213733333333
65340,0.404136563039,0.402561995038,0.397837298470,0.389957721895,0.378909023990,0.364656221868,0.347123219271,0.326155269494,0.301444607894,0.272364139542,0.237517727142,0.193041932718,0.116156848873,,,,,,,,0.088265809945,1.213700000000
65400,0.403631364349,0.402059553237,0.397343102441,0.389477187113,0.378447449011,0.364218757465,0.346714850986,0.325780828729,0.301108835114,0.272071828058,0.237274036555,0.192852904130,0.116012073979,,,,,,,,0.088165077291,1.213666666667
65460,0.403127518702,0.401558456358,0.396850227080,0.388997932633,0.377987099283,0.363782448377,0.346307553694,0.325407363128,0.300773929140,0.271780262350,0.237030963184,0.192664348820,0.115867596449,,,,,,,,0.088064694104,1.213633333333
65520,0.402625021334,0.401058699665,0.396358667738,0.388519954060,0.377527970503,0.363347290552,0.345901323873,0.325034869276,0.300439886933,0.271489440342,0.236788504743,0.192476265214,0.115723412487,,,,,,,,0.087964660446,1.213600000000
65580,0.402123867499,0.400560278444,0.395868419787,0.388043247101,0.377070058384,0.362913279954,0.345496158203,0.324663343770,0.300106705461,0.271199360428,0.236546658952,0.192288651427,0.115579523962,,,,,,,,0.087864976081,1.213566666667
65640,0.401624052472,0.400063187997,0.395379478617,0.387567807292,0.376613358658,0.362480412562,0.345092052957,0.324292783223,0.299774380402,0.270910019976,0.236305423549,0.192101505681,0.115435931065,,,,,,,,0.087765640553,1.213533333333
65700,0.401125571545,0.399567423647,0.394891839638,0.387093630185,0.376157867074,0.362048684368,0.344689004428,0.323923184260,0.299442909579,0.270621416368,0.236064796258,0.191914826453,0.115292632908,,,,,,,,0.087666653232,1.213500000000
65760,0.400628420032,0.399072980735,0.394405498277,0.386620711349,0.375703579398,0.361618090552,0.344287008920,0.323554543521,0.299112290480,0.270333546991,0.235824770255,0.191728611746,0.115149624217,,,,,,,,0.087568013361,1.213466666667
65820,0.400132593265,0.398579854621,0.393920449980,0.386149046372,0.375250491414,0.361188627984,0.343886062755,0.323186857614,0.298782520123,0.270046409242,0.235585347948,0.191542860209,0.115006907991,,,,,,,,0.087469720074,1.213433333333
65880,0.399638086593,0.398088040686,0.393436690214,0.385678630862,0.374798598923,0.360760292709,0.343486162269,0.322820121955,0.298453595537,0.269760000530,0.235346527136,0.191357570033,0.114864483256,,,,,,,,0.087371772425,1.213400000000
65940,0.399144895387,0.397597534327,0.392954214460,0.385209460443,0.374347897743,0.360333080790,0.343087303812,0.322454334523,0.298125513764,0.269474315829,0.235108305634,0.191172739598,0.114722348200,,,,,,,,0.087274169402,1.213366666667
66000,0.398653015035,0.397108330961,0.392473018222,0.384741530755,0.373898383708,0.359906988303,0.342689483751,0.322089492012,0.297798271855,0.269189354854,0.234870681274,0.190988367417,0.114580498297,,,,,,,,0.087176909938,1.213333333333
66060,0.398162440945,0.396620426024,0.391993097020,0.384274837461,0.373450052672,0.359482011343,0.342292698465,0.321725591130,0.297471866875,0.268905115207,0.234633651902,0.190804451588,0.114438936130,,,,,,,,0.087079992921,1.213300000000
66120,0.397673168542,0.396133814970,0.391514446358,0.383809376236,0.373002900435,0.359058146019,0.341896944241,0.321362628595,0.297146295715,0.268621594339,0.234397214897,0.190620990809,0.114297660393,,,,,,,,0.086983417204,1.213266666667
66180,0.397185193270,0.395648493272,0.391037061540,0.383345142776,0.372556922366,0.358635388457,0.341502216659,0.321000601141,0.296821554060,0.268338789711,0.234161364478,0.190437983288,0.114156668367,,,,,,,,0.086887181613,1.213233333333
66240,0.396698510594,0.395164456422,0.390560938429,0.382882132794,0.372112114956,0.358213734798,0.341108513085,0.320639505515,0.296497640599,0.268056698797,0.233926102682,0.190255427487,0.114015956901,,,,,,,,0.086791284944,1.213200000000
66300,0.396213115995,0.394681699928,0.390086072617,0.382420342021,0.371668474122,0.357793181199,0.340715829959,0.320279338476,0.296174552441,0.267775319082,0.233691427409,0.190073321908,0.113875527777,,,,,,,,0.086695725980,1.213166666667
66360,0.395729004972,0.394200219318,0.389612459716,0.381959766203,0.371225995801,0.357373723833,0.340324163733,0.319920096797,0.295852286709,0.267494647361,0.233457336576,0.189891664724,0.113735379615,,,,,,,,0.086600503481,1.213133333333
66420,0.395246173044,0.393720010139,0.389140095354,0.381500401105,0.370784675946,0.356955358888,0.339933510877,0.319561777028,0.295530840535,0.267214679960,0.233223828109,0.189710454637,0.113595508862,,,,,,,,0.086505616198,1.213100000000
66480,0.394764615748,0.393241067954,0.388668975177,0.381042242510,0.370344510525,0.356538082568,0.339543867871,0.319204375113,0.295210211066,0.266935416288,0.232990899948,0.189529689860,0.113455913796,,,,,,,,0.086411062870,1.213066666667
66540,0.394284328638,0.392763388346,0.388199094850,0.380585286217,0.369905495523,0.356121890922,0.339155231213,0.318847888956,0.294890395456,0.266656853877,0.232758549097,0.189349368923,0.113316595451,,,,,,,,0.086316842227,1.213033333333
66600,0.393805307286,0.392286966914,0.387730450054,0.380129528043,0.369467626943,0.355706779698,0.338767597412,0.318492315379,0.294571390876,0.266378990270,0.232526770809,0.189169490308,0.113177552413,,,,,,,,0.086222952990,1.213000000000
66660,0.393327547284,0.391811799277,0.387263036488,0.379674963819,0.369030900802,0.355292745805,0.338380962993,0.318137651221,0.294253193661,0.266101823021,0.232295566719,0.188990052256,0.113038780335,,,,,,,,0.086129393877,1.212966666667
66720,0.392851044239,0.391337881069,0.386796849870,0.379221589398,0.368595313135,0.354879785507,0.337995324496,0.317783893330,0.293935800940,0.265825349697,0.232064934808,0.188811053469,0.112900278943,,,,,,,,0.086036163601,1.212933333333
66780,0.392375793779,0.390865207946,0.386331885933,0.378769400645,0.368160859991,0.354467895085,0.337610678471,0.317431038569,0.293619210827,0.265549567875,0.231834873070,0.188632492163,0.112762048554,,,,,,,,0.085943260871,1.212900000000
66840,0.391901791547,0.390393775577,0.385868140428,0.378318393157,0.367727537436,0.354057070834,0.337227020858,0.317079083812,0.293303420539,0.265274473581,0.231605379506,0.188454366933,0.112624087740,,,,,,,,0.085850684396,1.212866666667
66900,0.391429033205,0.389923579651,0.385405609125,0.377868562937,0.367295341553,0.353647309064,0.336844348463,0.316728025947,0.292988427303,0.265000064972,0.231376452128,0.188276676245,0.112486391384,,,,,,,,0.085758432881,1.212833333333
66960,0.390957514433,0.389454615875,0.384944287809,0.377419906089,0.366864268440,0.353238606099,0.336462658284,0.316377861873,0.292674228357,0.264726340670,0.231148087542,0.188099418402,0.112348960664,,,,,,,,0.085666505031,1.212800000000
67020,0.390487230927,0.388986879971,0.384484172283,0.376972418547,0.366434314211,0.352830958281,0.336081946930,0.316028588080,0.292360820952,0.264453298295,0.230920282034,0.187922592110,0.112211795198,,,,,,,,0.085574899554,1.212766666667
67080,0.390018178402,0.388520367681,0.384025258366,0.376526096260,0.366005474995,0.352424361963,0.335702211022,0.315680201034,0.292048202350,0.264180935479,0.230693036813,0.187746195593,0.112074893558,,,,,,,,0.085483615154,1.212733333333
67140,0.389550352589,0.388055074762,0.383567541897,0.376080935197,0.365577746937,0.352018813515,0.335323447196,0.315332698559,0.291736369825,0.263909249868,0.230466349927,0.187570227507,0.111938249872,,,,,,,,0.085392650539,1.212700000000
67200,0.389083749237,0.387590996991,0.383111018727,0.375636931339,0.365151125650,0.351614309321,0.334945652100,0.314986077604,0.291425319163,0.263638239113,0.230240219435,0.187394686306,0.111801866766,,,,,,,,0.085302004418,1.212666666667
67260,0.388618364112,0.387128130158,0.382655684729,0.375194080686,0.364725607774,0.351210845779,0.334568822396,0.314640335134,0.291115048924,0.263367900880,0.230014643403,0.187219570355,0.111665743173,,,,,,,,0.085211675502,1.212633333333
67320,0.388154192998,0.386666470074,0.382201535788,0.374752379252,0.364301189587,0.350808419304,0.334192954761,0.314295468122,0.290805556655,0.263098230424,0.229789619905,0.187044878368,0.111529877349,,,,,,,,0.085121662504,1.212600000000
67380,0.387691231695,0.386206012565,0.381748567810,0.374311823071,0.363877867296,0.350407025985,0.333818045882,0.313951473556,0.290496839677,0.262829227720,0.229565145129,0.186870608577,0.111394263650,,,,,,,,0.085031964140,1.212566666667
67440,0.387229476021,0.385746753474,0.381296776713,0.373872408189,0.363455637124,0.350006662130,0.333444092463,0.313608348436,0.290188895320,0.262560890598,0.229341216403,0.186696759698,0.111258905170,,,,,,,,0.084942579128,1.212533333333
67500,0.386768921809,0.385288688661,0.380846158435,0.373434130669,0.363034495308,0.349607324669,0.333071091099,0.313266089774,0.289881720927,0.262293216764,0.229117834495,0.186523330181,0.111123800494,,,,,,,,0.084853506190,1.212500000000
67560,0.386309564910,0.384831814003,0.380396708930,0.372996986591,0.362614438102,0.349209010074,0.332699037744,0.312924694594,0.289575313850,0.262026203932,0.228894997514,0.186350318448,0.110988947213,,,,,,,,0.084764744050,1.212466666667
67620,0.385851401192,0.384376125393,0.379948424166,0.372560972050,0.362195461773,0.348811714829,0.332327930039,0.312584159314,0.289269671455,0.261759849829,0.228672703576,0.186177723224,0.110854340973,,,,,,,,0.084676291437,1.212433333333
67680,0.385394426541,0.383921618740,0.379501300130,0.372126083158,0.361777562604,0.348415435432,0.331957764739,0.312244480929,0.288964790692,0.261494152191,0.228450950805,0.186005542754,0.110719984273,,,,,,,,0.084588147082,1.212400000000
67740,0.384938636856,0.383468289972,0.379055332824,0.371692316040,0.361360736894,0.348020168398,0.331588538612,0.311905657176,0.288660668077,0.261229108025,0.228229737334,0.185833775812,0.110585875712,,,,,,,,0.084500309722,1.212366666667
67800,0.384484028056,0.383016135032,0.378610518265,0.371259666839,0.360944980955,0.347625910253,0.331220248441,0.311567685126,0.288357302308,0.260964714026,0.228009058921,0.185662420844,0.110452012230,,,,,,,,0.084412778097,1.212333333333
67860,0.384030596074,0.382565149877,0.378166852489,0.370828131713,0.360530291115,0.347232657540,0.330852891021,0.311230561864,0.288054690794,0.260700969762,0.227788913944,0.185491476330,0.110318390740,,,,,,,,0.084325550949,1.212300000000
67920,0.383578336861,0.382115330485,0.377724331545,0.370397706835,0.360116663717,0.346840406811,0.330486463157,0.310894284489,0.287752830954,0.260437873006,0.227569302721,0.185320941010,0.110185013163,,,,,,,,0.084238627027,1.212266666667
67980,0.383127246384,0.381666672847,0.377282951499,0.369968388394,0.359704095117,0.346449154638,0.330120961673,0.310558850107,0.287451720219,0.260175421543,0.227350223414,0.185150813142,0.110051878112,,,,,,,,0.084152005083,1.212233333333
68040,0.382677320626,0.381219172970,0.376842708434,0.369540172593,0.359292581688,0.346058897602,0.329756383400,0.310224255840,0.287151356030,0.259913613167,0.227131674196,0.184981091555,0.109918981885,,,,,,,,0.084065683873,1.212200000000
68100,0.382228555587,0.380772826879,0.376403598446,0.369113055652,0.358882119816,0.345669632300,0.329392725185,0.309890498819,0.286851735840,0.259652445680,0.226913653247,0.184811774698,0.109786322646,,,,,,,,0.083979662158,1.212166666667
68160,0.381780947280,0.380327630613,0.375965617651,0.368687033806,0.358472705902,0.345281355343,0.329029983887,0.309557576190,0.286552857110,0.259391916894,0.226696158752,0.184642861104,0.109653901748,,,,,,,,0.083893938704,1.212133333333
68220,0.381334491738,0.379883580133,0.375528761982,0.368262103012,0.358064335969,0.344894062849,0.328668155740,0.309225484294,0.286254716228,0.259132023027,0.226479186031,0.184474349528,0.109521717819,,,,,,,,0.083808512280,1.212100000000
68280,0.380889185008,0.379440671551,0.375093027670,0.367838259662,0.357657006615,0.344507751673,0.328307237904,0.308894220651,0.285957311146,0.258872762601,0.226262734524,0.184306238247,0.109389766525,,,,,,,,0.083723381662,1.212066666667
68340,0.380445023153,0.378998901010,0.374658410984,0.367415500201,0.357250714511,0.344122418757,0.327947227642,0.308563782904,0.285660639980,0.258614134374,0.226046804086,0.184138526141,0.109258047261,,,,,,,,0.083638545627,1.212033333333
68400,0.380002002253,0.378558264613,0.374224908099,0.366993820925,0.356845456115,0.343738060764,0.327588121861,0.308234168243,0.285364700235,0.258356136194,0.225831392935,0.183971211664,0.109126560825,,,,,,,,0.083554002960,1.212000000000
68460,0.379560118401,0.378118758480,0.373792515207,0.366573218143,0.356441227899,0.343354674373,0.327229917485,0.307905373872,0.285069489426,0.258098765919,0.225616499295,0.183804293402,0.108995305859,,,,,,,,0.083469752450,1.211966666667
68520,0.379119367709,0.377680378745,0.373361228514,0.366153688179,0.356038026352,0.342972256274,0.326872611448,0.307577397003,0.284775005079,0.257842021417,0.225402121398,0.183637770124,0.108864277409,,,,,,,,0.083385792889,1.211933333333
68580,0.378679746303,0.377243121557,0.372931044242,0.365735227372,0.355635847973,0.342590803173,0.326516200696,0.307250234862,0.284481244729,0.257585900563,0.225188257483,0.183471640128,0.108733476078,,,,,,,,0.083302123076,1.211900000000
68640,0.378241250323,0.376806983082,0.372501958625,0.365317832076,0.355234689277,0.342210311786,0.326160682190,0.306923884685,0.284188205923,0.257330401241,0.224974902419,0.183305902342,0.108602902121,,,,,,,,0.083218741814,1.211866666667
68700,0.377803875927,0.376371959501,0.372073967918,0.364901498659,0.354834546794,0.341830778846,0.325806052900,0.306598343718,0.283895886166,0.257075518880,0.224762056722,0.183140555230,0.108472554194,,,,,,,,0.083135647911,1.211833333333
68760,0.377367619288,0.375938047011,0.371647068385,0.364486223505,0.354435417066,0.341452201096,0.325452309810,0.306273609222,0.283604281433,0.256821253816,0.224549719776,0.182975597424,0.108342426736,,,,,,,,0.083052840178,1.211800000000
68820,0.376932476594,0.375505241821,0.371221256309,0.364072003009,0.354037296650,0.341074575293,0.325099449916,0.305949677456,0.283313390945,0.256567603998,0.224337889851,0.182811027708,0.108212521531,,,,,,,,0.082970317434,1.211766666667
68880,0.376498444046,0.375073540160,0.370796527985,0.363658833585,0.353640182116,0.340697898207,0.324747470067,0.305626546462,0.283023212290,0.256314567345,0.224126565221,0.182646844417,0.108082838305,,,,,,,,0.082888078501,1.211733333333
68940,0.376065517865,0.374642938268,0.370372879726,0.363246711658,0.353244070049,0.340322166622,0.324396366616,0.305304213784,0.282733743063,0.256062141785,0.223915744169,0.182483046505,0.107953375729,,,,,,,,0.082806122206,1.211700000000
69000,0.375633694282,0.374213432402,0.369950307858,0.362835633669,0.352848957047,0.339947377334,0.324046137425,0.304982676726,0.282444980871,0.255810325256,0.223705424984,0.182319632458,0.107824127646,,,,,,,,0.082724447381,1.211666666667
69060,0.375202969547,0.373785018835,0.369528808721,0.362425596072,0.352454839721,0.339573526476,0.323696779537,0.304661932602,0.282156923329,0.255559115703,0.223495602078,0.182156600949,0.107695096996,,,,,,,,0.082643052863,1.211633333333
69120,0.374773339923,0.373357693851,0.369108378670,0.362016595337,0.352061714696,0.339200611445,0.323348290008,0.304341978738,0.281869568063,0.255308510239,0.223286277054,0.181993950777,0.107566282988,,,,,,,,0.082561937495,1.211600000000
69180,0.374344801689,0.372931453754,0.368689014076,0.361608627945,0.351669578612,0.338828629178,0.323000665907,0.304022812469,0.281582912708,0.255058506024,0.223077448817,0.181831680318,0.107437684308,,,,,,,,0.082481100122,1.211566666667
69240,0.373917351137,0.372506294858,0.368270711322,0.361201690395,0.351278427861,0.338457576522,0.322653904314,0.303704431142,0.281296954195,0.254809102678,0.222869115685,0.181669788548,0.107309294216,,,,,,,,0.082400539598,1.211533333333
69300,0.373490984576,0.372082213495,0.367853466809,0.360795779197,0.350888259024,0.338087450338,0.322308002319,0.303386832115,0.281011689934,0.254560298180,0.222661275983,0.181508273976,0.107181116780,,,,,,,,0.082320254778,1.211500000000
69360,0.373065698329,0.371659206011,0.367437276949,0.360390890876,0.350499069124,0.337718247497,0.321962957026,0.303070012756,0.280727118554,0.254312090518,0.222453928043,0.181347135313,0.107053150706,,,,,,,,0.082240244523,1.211466666667
69420,0.372641488733,0.371237268765,0.367022138169,0.359987021971,0.350110854855,0.337349964885,0.321618765551,0.302753969234,0.280443237727,0.254064477687,0.222247070203,0.181186371377,0.106925394206,,,,,,,,0.082160507702,1.211433333333
69480,0.372218352140,0.370816398132,0.366608046912,0.359584169035,0.349723612920,0.336982599399,0.321275425019,0.302438700115,0.280160045139,0.253817457692,0.222040696406,0.181025980582,0.106797841440,,,,,,,,0.082081043184,1.211400000000
69540,0.371796284917,0.370396590501,0.366194999633,0.359182328633,0.349337340039,0.336616147949,0.320932932569,0.302124202836,0.279877538481,0.253571028545,0.221834809357,0.180865961927,0.106670496102,,,,,,,,0.082001849847,1.211366666667
69600,0.371375283445,0.369977842276,0.365782992803,0.358781497040,0.348952032943,0.336250607458,0.320591284676,0.301810474809,0.279595715456,0.253325186553,0.221629407473,0.180706313943,0.106543356903,,,,,,,,0.081922926571,1.211333333333
69660,0.370955344120,0.369560149875,0.365372022906,0.358381671021,0.348567688377,0.335885974859,0.320250478881,0.301497513453,0.279314573776,0.253079930705,0.221424489120,0.180547035379,0.106416421585,,,,,,,,0.081844272242,1.211300000000
69720,0.370536463351,0.369143509729,0.364962086440,0.357982847320,0.348184303098,0.335522247100,0.319910512653,0.301185316202,0.279034111161,0.252835259796,0.221220052671,0.180388125072,0.106289685203,,,,,,,,0.081765885752,1.211266666667
69780,0.370118637563,0.368727918285,0.364553179917,0.357585022557,0.347801873876,0.335159421139,0.319571383177,0.300873880497,0.278754323967,0.252591171871,0.221016096505,0.180229581471,0.106163151066,,,,,,,,0.081687765996,1.211233333333
69840,0.369701863194,0.368313372003,0.364145299863,0.357188193366,0.347420397495,0.334797493865,0.319233087648,0.300563203791,0.278475211026,0.252347664982,0.220812618524,0.180071403597,0.106036817898,,,,,,,,0.081609911874,1.211200000000
69900,0.369286136697,0.367899867358,0.363738442819,0.356792356395,0.347039870751,0.334436461664,0.318895623272,0.300253283546,0.278196770374,0.252104737191,0.220609613648,0.179913590010,0.105910682991,,,,,,,,0.081532322293,1.211166666667
69960,0.368871454539,0.367487400838,0.363332605337,0.356397508304,0.346660290453,0.334076322213,0.318558987267,0.299944117057,0.277918999768,0.251862386565,0.220407084241,0.179756139488,0.105784742254,,,,,,,,0.081454996163,1.211133333333
70020,0.368457813200,0.367075968947,0.362927783986,0.356003645769,0.346281653423,0.333717072521,0.318223176861,0.299635700931,0.277641896975,0.251620611051,0.220205028709,0.179599050892,0.105658998630,,,,,,,,0.081377932398,1.211100000000
70080,0.368045209174,0.366665568199,0.362523975345,0.355610765476,0.345903956495,0.333358709606,0.317888189295,0.299328033718,0.277365459772,0.251379406540,0.220003445464,0.179442322701,0.105533450859,,,,,,,,0.081301129919,1.211066666667
70140,0.367633638972,0.366256195126,0.362121176010,0.355218864127,0.345527196515,0.333001230499,0.317554021820,0.299021112923,0.277089685943,0.251138773452,0.219802332925,0.179285953962,0.105408095797,,,,,,,,0.081224587650,1.211033333333
70200,0.367223099115,0.365847846271,0.361719382589,0.354827938434,0.345151370344,0.332644632244,0.317220671698,0.298714936059,0.276814573283,0.250898709888,0.219601689519,0.179129943261,0.105282930168,,,,,,,,0.081148304521,1.211000000000
70260,0.366813586139,0.365440518193,0.361318591636,0.354437985125,0.344776474715,0.332288911896,0.316888135977,0.298409500648,0.276540119209,0.250659213955,0.219401512643,0.178974289405,0.105157956573,,,,,,,,0.081072279466,1.210966666667
70320,0.366405096595,0.365034207462,0.360918799634,0.354049000940,0.344402506202,0.331934066520,0.316556411433,0.298104804225,0.276266320658,0.250420283768,0.219201798382,0.178818991280,0.105033173760,,,,,,,,0.080996511425,1.210933333333
70380,0.365997627046,0.364628910663,0.360520003451,0.353660982631,0.344029462151,0.331580093195,0.316225496096,0.297800844333,0.275993176714,0.250181917451,0.219002548576,0.178664047392,0.104908578176,,,,,,,,0.080920999340,1.210900000000
70440,0.365591174071,0.364224624396,0.360122199749,0.353273926964,0.343657339473,0.331226989012,0.315895387272,0.297497618525,0.275720685207,0.249944113134,0.218803761677,0.178509456814,0.104784167314,,,,,,,,0.080845742161,1.210866666667
70500,0.365185734259,0.363821345272,0.359725385203,0.352887830717,0.343286135088,0.330874751071,0.315566082275,0.297195124364,0.275448843975,0.249706867943,0.218605436142,0.178355218160,0.104659943451,,,,,,,,0.080770738841,1.210833333333
70560,0.364781304215,0.363419069916,0.359329556500,0.352502690682,0.342915845931,0.330523376485,0.315237578435,0.296893359026,0.275177650866,0.249470179611,0.218407570435,0.178201330261,0.104535905350,,,,,,,,0.080695988337,1.210800000000
70620,0.364377880558,0.363017794968,0.358934710343,0.352118503663,0.342546468946,0.330172862380,0.314909873088,0.296592319668,0.274907103735,0.249234047722,0.218210163026,0.178047792032,0.104412049062,,,,,,,,0.080621489613,1.210766666667
70680,0.363975459918,0.362617517079,0.358540843445,0.351735266476,0.342178001092,0.329823205620,0.314582963583,0.296292004708,0.274637200447,0.248998470436,0.218013210803,0.177894602002,0.104288372808,,,,,,,,0.080547241635,1.210733333333
70740,0.363574038940,0.362218232914,0.358147952533,0.351352975951,0.341810439339,0.329474403146,0.314256847278,0.295992411746,0.274367938874,0.248763445920,0.217816711026,0.177741759272,0.104164878565,,,,,,,,0.080473243375,1.210700000000
70800,0.363173614282,0.361819939154,0.357756034348,0.350971628929,0.341443780669,0.329126452597,0.313931521544,0.295693538395,0.274099315846,0.248528972352,0.217620665004,0.177589262484,0.104041565105,,,,,,,,0.080399493811,1.210666666667
70860,0.362774182615,0.361422632488,0.357365085643,0.350591222265,0.341078022076,0.328779351141,0.313606983760,0.295395382276,0.273831329724,0.248295047914,0.217425071232,0.177437110488,0.103918428112,,,,,,,,0.080325991922,1.210633333333
70920,0.362375740624,0.361026309622,0.356975103183,0.350211752825,0.340713160565,0.328433095961,0.313283231316,0.295097941019,0.273563978991,0.248061670796,0.217229928212,0.177285302233,0.103795466481,,,,,,,,0.080252736695,1.210600000000
70980,0.361978285005,0.360630967273,0.356586083747,0.349833217156,0.340349193154,0.328087684248,0.312960260876,0.294801212264,0.273297261554,0.247828837303,0.217035234451,0.177133836266,0.103672681913,,,,,,,,0.080179727119,1.210566666667
71040,0.361581812470,0.360236602173,0.356198024127,0.349455612389,0.339986116874,0.327743113207,0.312638070384,0.294505193661,0.273031175326,0.247596547006,0.216840988463,0.176982711715,0.103550073194,,,,,,,,0.080106962191,1.210533333333
71100,0.361186319741,0.359843211065,0.355810921126,0.349078935523,0.339623928764,0.327399380052,0.312316657468,0.294209882867,0.272765718233,0.247364798648,0.216647186614,0.176831927255,0.103427635658,,,,,,,,0.080034440909,1.210500000000
71160,0.360791803556,0.359450790706,0.355424771562,0.348703183473,0.339262625879,0.327056482008,0.311996019559,0.293915276937,0.272500888206,0.247133590449,0.216453827356,0.176681481750,0.103305368826,,,,,,,,0.079962162277,1.210466666667
71220,0.360398260663,0.359059337864,0.355039572264,0.348328353167,0.338902205282,0.326714416312,0.311676154100,0.293621373573,0.272236683185,0.246902920636,0.216260911456,0.176531374185,0.103183274150,,,,,,,,0.079890125304,1.210433333333
71280,0.360005687824,0.358668849322,0.354655320073,0.347954441546,0.338542664018,0.326373180213,0.311357058543,0.293328171054,0.271973101027,0.246672787443,0.216068437452,0.176381603121,0.103061350424,,,,,,,,0.079818329002,1.210400000000
71340,0.359614081814,0.358279321875,0.354272011843,0.347581445562,0.338183998666,0.326032770967,0.311038730349,0.293035667076,0.271710138252,0.246443189110,0.215876403888,0.176232167716,0.102939592664,,,,,,,,0.079746772389,1.210366666667
71400,0.359223439421,0.357890752330,0.353889644442,0.347209362179,0.337826206868,0.325693185845,0.310721166991,0.292743859344,0.271447794356,0.246214123525,0.215684809315,0.176083066676,0.102818000958,,,,,,,,0.079675454487,1.210333333333
71460,0.358833757444,0.357503137507,0.353508214749,0.346838188375,0.337469285734,0.325354422127,0.310404365951,0.292452745572,0.271186067313,0.245985587255,0.215493652287,0.175934298877,0.102696576537,,,,,,,,0.079604374322,1.210300000000
71520,0.358445032698,0.357116474238,0.353127719654,0.346467921137,0.337113232388,0.325016476646,0.310088324721,0.292162323484,0.270924955103,0.245757580615,0.215302928645,0.175785863343,0.102575318205,,,,,,,,0.079533530924,1.210266666667
71580,0.358057262006,0.356730759369,0.352748156061,0.346098557465,0.336758043961,0.324679346885,0.309773040803,0.291872590812,0.270664455716,0.245530101874,0.215112638037,0.175637758644,0.102454220682,,,,,,,,0.079462923330,1.210233333333
71640,0.357670442207,0.356345989757,0.352369520886,0.345730094371,0.336403717599,0.324343030434,0.309458511397,0.291583545296,0.270404567148,0.245303149307,0.214922780686,0.175489983970,0.102333284568,,,,,,,,0.079392550578,1.210200000000
71700,0.357284570152,0.355962162271,0.351991811057,0.345362528880,0.336050250459,0.324007524617,0.309144733720,0.291295184688,0.270145287405,0.245076721198,0.214733355170,0.175342538058,0.102212510902,,,,,,,,0.079322411712,1.210166666667
71760,0.356899642702,0.355579273794,0.351615023514,0.344995858027,0.335697639707,0.323672826767,0.308831705924,0.291007505910,0.269886614499,0.244850815836,0.214544360076,0.175195419795,0.102091898496,,,,,,,,0.079252505781,1.210133333333
71820,0.356515656733,0.355197321220,0.351239155208,0.344630078858,0.335345882522,0.323338934228,0.308519425548,0.290720507212,0.269628545689,0.244625431518,0.214355793993,0.175048628235,0.101971441802,,,,,,,,0.079182831837,1.210100000000
71880,0.356132609132,0.354816301456,0.350864203104,0.344265188434,0.334994976093,0.323005844354,0.308207890145,0.290434186727,0.269371078924,0.244400565300,0.214167655518,0.174902161979,0.101851141873,,,,,,,,0.079113388936,1.210066666667
71940,0.355750496798,0.354436211419,0.350490164178,0.343901183823,0.334644917621,0.322673554510,0.307897097275,0.290148542242,0.269114213086,0.244176215595,0.213979939955,0.174756020226,0.101730999586,,,,,,,,0.079044176141,1.210033333333
72000,0.355369316644,0.354057048042,0.350117035417,0.343538062108,0.334295704318,0.322342062072,0.307587044509,0.289863571552,0.268857946219,0.243952381868,0.213792648165,0.174610201755,0.101611013758,,,,,,,,0.078975192516,1.210000000000
72060,0.354989065592,0.353678808266,0.349744813821,0.343175820382,0.333947333406,0.322011364424,0.307277729427,0.289579272459,0.268602276376,0.243729062445,0.213605779815,0.174464705456,0.101491178607,,,,,,,,0.078906437131,1.209966666667
72120,0.354609740580,0.353301489047,0.349373496402,0.342814455751,0.333599802119,0.321681458963,0.306969149618,0.289295642775,0.268347201617,0.243506255655,0.213419333524,0.174319530415,0.101371495570,,,,,,,,0.078837909059,1.209933333333
72180,0.354231338554,0.352925087352,0.349003080181,0.342453965329,0.333253107701,0.321352343095,0.306661302681,0.289012680321,0.268092720010,0.243283959834,0.213233307917,0.174174675270,0.101251965394,,,,,,,,0.078769607380,1.209900000000
72240,0.353853856475,0.352549600158,0.348633562196,0.342094346245,0.332907247408,0.321024014237,0.306354186225,0.288730382926,0.267838829628,0.243062173328,0.213047701625,0.174030139220,0.101132586906,,,,,,,,0.078701531175,1.209866666667
72300,0.353477291314,0.352175024456,0.348264939490,0.341735595636,0.332562218504,0.320696469814,0.306047797868,0.288448748427,0.267585528557,0.242840894486,0.212862513284,0.173885921090,0.101013354117,,,,,,,,0.078633679531,1.209833333333
72360,0.353101640055,0.351801357128,0.347897208880,0.341377710285,0.332218017767,0.320369706616,0.305742134414,0.288167773613,0.267332813457,0.242620119533,0.212677737653,0.173742019768,0.100894268781,,,,,,,,0.078566051539,1.209800000000
72420,0.352726899694,0.351428595296,0.347530367650,0.341020687679,0.331874642927,0.320043722664,0.305437194230,0.287887457277,0.267080683692,0.242399848721,0.212493376818,0.173598434377,0.100775331551,,,,,,,,0.078498646292,1.209766666667
72480,0.352353067237,0.351056735998,0.347164412910,0.340664525033,0.331532091341,0.319718515490,0.305132975056,0.287607797404,0.266829137534,0.242180080668,0.212309429882,0.173455163589,0.100656541258,,,,,,,,0.078431462891,1.209733333333
72540,0.351980139704,0.350685776272,0.346799341753,0.340309219532,0.331190360318,0.319394082560,0.304829474549,0.287328791866,0.266578173097,0.241960813750,0.212125895505,0.173312206601,0.100537891744,,,,,,,,0.078364500438,1.209700000000
72600,0.351608114125,0.350315713167,0.346435151281,0.339954768368,0.330849447176,0.319070421350,0.304526690371,0.287050438543,0.266327788499,0.241742046351,0.211942772349,0.173169562286,0.100419385007,,,,,,,,0.078297758041,1.209666666667
72660,0.351236987542,0.349946543745,0.346071838611,0.339601168748,0.330509349246,0.318747529348,0.304224620198,0.286772735323,0.266077981870,0.241523776861,0.211760059083,0.173027229529,0.100301021641,,,,,,,,0.078231234810,1.209633333333
72720,0.350866757010,0.349578265076,0.345709400869,0.339248417887,0.330170063868,0.318425404049,0.303923261710,0.286495680102,0.265828751344,0.241306003673,0.211577754226,0.172885207487,0.100182800483,,,,,,,,0.078164929861,1.209600000000
72780,0.350497419592,0.349210874244,0.345347835192,0.338896513013,0.329831588391,0.318104042960,0.303622612601,0.286219270786,0.265580095064,0.241088724543,0.211395852454,0.172743494870,0.100064715238,,,,,,,,0.078098842313,1.209566666667
72840,0.350128972367,0.348844368343,0.344987138729,0.338545451364,0.329493920178,0.317783443596,0.303322670571,0.285943505288,0.265332010672,0.240871936811,0.211214356620,0.172602090868,0.099946768072,,,,,,,,0.078032971290,1.209533333333
72900,0.349761412422,0.348478744481,0.344627308640,0.338195230188,0.329157056599,0.317463603484,0.303023433329,0.285668381415,0.265084495763,0.240655640614,0.211033265412,0.172460994404,0.099828959561,,,,,,,,0.077967315918,1.209500000000
72960,0.349394736856,0.348113999775,0.344268342096,0.337845846745,0.328820995035,0.317144520157,0.302724898595,0.285393896156,0.264837549574,0.240439834370,0.210852577528,0.172320204357,0.099711288544,,,,,,,,0.077901875329,1.209466666667
73020,0.349028942781,0.347750131352,0.343910236280,0.337497298304,0.328485732878,0.316826191162,0.302427063675,0.285120048506,0.264591170279,0.240224516510,0.210672291668,0.172179719920,0.099593748630,,,,,,,,0.077836648658,1.209433333333
73080,0.348664027318,0.347387136354,0.343552988383,0.337149582148,0.328151267531,0.316508614053,0.302129926244,0.284846836410,0.264345356056,0.240009685464,0.210492406538,0.172039539840,0.099476342071,,,,,,,,0.077771635045,1.209400000000
73140,0.348299987601,0.347025011931,0.343196595611,0.336802695566,0.327817596404,0.316191786267,0.301833484533,0.284574257822,0.264100105091,0.239795339675,0.210312920080,0.171899663297,0.099359069462,,,,,,,,0.077706833632,1.209366666667
73200,0.347936820774,0.346663755245,0.342841055178,0.336456635862,0.327484716921,0.315875704922,0.301537736295,0.284302310703,0.263855415577,0.239581477587,0.210133828253,0.171760089269,0.099241929649,,,,,,,,0.077642243566,1.209333333333
73260,0.347574523994,0.346303363469,0.342486364309,0.336111400347,0.327152626513,0.315560368185,0.301242679293,0.284030993023,0.263611285715,0.239368096111,0.209955133313,0.171620816623,0.099124916182,,,,,,,,0.077577863999,1.209300000000
73320,0.347213094425,0.345943833788,0.342132520242,0.335766986345,0.326821322623,0.315245773650,0.300948311300,0.283760302760,0.263367713712,0.239155194440,0.209776833988,0.171481844588,0.099008031311,,,,,,,,0.077513694085,1.209266666667
73380,0.346852529247,0.345585163396,0.341779520224,0.335423391188,0.326490802291,0.314931918916,0.300654630096,0.283490237899,0.263124696603,0.238942771850,0.209598929009,0.171343171952,0.098891275699,,,,,,,,0.077449732983,1.209233333333
73440,0.346492825647,0.345227349500,0.341427361512,0.335080612222,0.326161063257,0.314618801597,0.300361633469,0.283220796434,0.262882233403,0.238730826811,0.209421417114,0.171204797880,0.098774648193,,,,,,,,0.077385979855,1.209200000000
73500,0.346133980826,0.344870389317,0.341076041376,0.334738646799,0.325832103128,0.314306419311,0.300069319218,0.282951976014,0.262640322729,0.238519357799,0.209244297045,0.171066721407,0.098658142326,,,,,,,,0.077322433868,1.209166666667
73560,0.345775991994,0.344514280075,0.340725557094,0.334397492284,0.325503919386,0.313994769690,0.299777685149,0.282683774197,0.262398962817,0.238308363298,0.209067566158,0.170928941384,0.098541760260,,,,,,,,0.077259094191,1.209133333333
73620,0.345418856371,0.344159019011,0.340375905956,0.334057146052,0.325176509522,0.313683850371,0.299486729076,0.282416189805,0.262158151909,0.238097841796,0.208891221708,0.170791457080,0.098425502767,,,,,,,,0.077195959999,1.209100000000
73680,0.345062571191,0.343804603375,0.340027085264,0.333717605471,0.324849871037,0.313373659004,0.299196448788,0.282149220863,0.261917888254,0.237887791693,0.208715265349,0.170654267322,0.098309368695,,,,,,,,0.077133030469,1.209066666667
73740,0.344707133696,0.343451030428,0.339679092327,0.333378867570,0.324524001444,0.313064193245,0.298906841294,0.281882865402,0.261678170108,0.237678209339,0.208539695841,0.170517371257,0.098193351610,,,,,,,,0.077070304783,1.209033333333
73800,0.344352541140,0.343098297439,0.339331924467,0.333040930138,0.324198898261,0.312755450760,0.298617905296,0.281617121463,0.261438995734,0.237469095490,0.208364511953,0.170380767981,0.098077453483,,,,,,,,0.077007782125,1.209000000000
73860,0.343998790786,0.342746401689,0.338985579016,0.332703790589,0.323874559020,0.312447429225,0.298329638639,0.281351987094,0.261200363113,0.237260448657,0.208189712457,0.170244456324,0.097961675246,,,,,,,,0.076945461684,1.208966666667
73920,0.343645879910,0.342395340471,0.338640053316,0.332367446350,0.323550981260,0.312140126325,0.298042039183,0.281087460349,0.260962269543,0.237052267358,0.208015296131,0.170108435595,0.097846015749,,,,,,,,0.076883342653,1.208933333333
73980,0.343293805796,0.342045111087,0.338295344719,0.332031894854,0.323228162531,0.311833539424,0.297755104791,0.280823539291,0.260724714577,0.236844550117,0.207841259739,0.169972704663,0.097730468633,,,,,,,,0.076821424229,1.208900000000
74040,0.342942565742,0.341695710848,0.337951450587,0.331697133548,0.322906100392,0.311527666186,0.297468833339,0.280560221990,0.260487696505,0.236637295464,0.207667601840,0.169837262653,0.097615035583,,,,,,,,0.076759705610,1.208866666667
74100,0.342592157052,0.341347137079,0.337608368294,0.331363159887,0.322584792411,0.311222504692,0.297183222706,0.280297505935,0.260251213623,0.236430501935,0.207494323478,0.169702108723,0.097499717739,,,,,,,,0.076698186001,1.208833333333
74160,0.342242577045,0.340999387112,0.337266095222,0.331029971334,0.322264236165,0.310918052661,0.296898270784,0.280035389247,0.260015264235,0.236224167073,0.207321423450,0.169567241681,0.097384513952,,,,,,,,0.076636864609,1.208800000000
74220,0.341893823046,0.340652458291,0.336924628765,0.330697565365,0.321944429243,0.310614307823,0.296613975471,0.279773870574,0.259779846649,0.236018289096,0.207148900556,0.169432660877,0.097269417991,,,,,,,,0.076575740643,1.208766666667
74280,0.341545892394,0.340306347971,0.336583966325,0.330365939464,0.321625369239,0.310311267916,0.296330334672,0.279512948016,0.259544959182,0.235812867888,0.206976753604,0.169298365221,0.097154431142,,,,,,,,0.076514813320,1.208733333333
74340,0.341198782436,0.339961053515,0.336244105317,0.330035091125,0.321307053761,0.310008930685,0.296047346303,0.279252619681,0.259310600157,0.235607902005,0.206804981405,0.169164353814,0.097039554811,,,,,,,,0.076454081856,1.208700000000
74400,0.340852490530,0.339616572297,0.335905043001,0.329705017852,0.320989480090,0.309707293886,0.295765007737,0.278992883683,0.259076766941,0.235403390012,0.206633580124,0.169030625877,0.096924787848,,,,,,,,0.076393545473,1.208666666667
74460,0.340507014045,0.339272901703,0.335566776875,0.329375717158,0.320672645983,0.309406355283,0.295483317124,0.278733738144,0.258843458252,0.235199330480,0.206462549636,0.168897180195,0.096810124204,,,,,,,,0.076333203396,1.208633333333
74520,0.340162350358,0.338930039126,0.335229304481,0.329047186567,0.320356549275,0.309106112649,0.295202272734,0.278475181193,0.258610673016,0.234995721982,0.206291890369,0.168764016156,0.096695564652,,,,,,,,0.076273054853,1.208600000000
74580,0.339818496859,0.338587981972,0.334892623270,0.328719423612,0.320041187609,0.308806563764,0.294921872513,0.278217210968,0.258378409581,0.234792563100,0.206121601151,0.168631132717,0.096581110922,,,,,,,,0.076213099077,1.208566666667
74640,0.339475450946,0.338246727656,0.334556730707,0.328392425833,0.319726558637,0.308507706419,0.294642114416,0.277959825610,0.258146666301,0.234589850526,0.205951680819,0.168498528948,0.096466761860,,,,,,,,0.076153335303,1.208533333333
74700,0.339133210027,0.337906273601,0.334221624262,0.328066190783,0.319412660018,0.308209538411,0.294362996406,0.277703022443,0.257915441540,0.234387584331,0.205782128210,0.168366204113,0.096352511658,,,,,,,,0.076093762770,1.208500000000
74760,0.338791771521,0.337566617242,0.333887301420,0.327740716023,0.319099489423,0.307912057547,0.294084516453,0.277446800153,0.257684733663,0.234185763531,0.205612942169,0.168234157041,0.096238360453,,,,,,,,0.076034380720,1.208466666667
74820,0.338451132857,0.337227756024,0.333553759671,0.327415999124,0.318787044530,0.307615261110,0.293806672534,0.277191157207,0.257454541046,0.233984386729,0.205444118257,0.168102387089,0.096124310361,,,,,,,,0.075975188400,1.208433333333
74880,0.338111291473,0.336889687402,0.333220996517,0.327092037664,0.318475323027,0.307319147306,0.293529462635,0.276936091779,0.257224861969,0.233783452532,0.205275657672,0.167970893284,0.096010360224,,,,,,,,0.075916185059,1.208400000000
74940,0.337772244817,0.336552408838,0.332889009470,0.326768829234,0.318164322611,0.307023714117,0.293252884751,0.276681602047,0.256995693487,0.233582959555,0.205107560221,0.167839674663,0.095896504533,,,,,,,,0.075857369949,1.208366666667
75000,0.337433990348,0.336215917808,0.332557796050,0.326446371431,0.317854040986,0.306728959386,0.292976936881,0.276427686198,0.256767035427,0.233382906417,0.204939824765,0.167708730533,0.095782742663,,,,,,,,0.075798742326,1.208333333333
75060,0.337096525533,0.335880211794,0.332227353787,0.326124661781,0.317544475868,0.306434880960,0.292701616851,0.276174342424,0.256538886189,0.233183291250,0.204772450170,0.167578059770,0.095669077178,,,,,,,,0.075740301451,1.208300000000
75120,0.336759847850,0.335545288290,0.331897680223,0.325803697680,0.317235624978,0.306141476696,0.292426922178,0.275921568926,0.256311244179,0.232984111370,0.204605435307,0.167447661696,0.095555506916,,,,,,,,0.075682046585,1.208266666667
75180,0.336423954785,0.335211144798,0.331568772905,0.325483477057,0.316927486049,0.305848744460,0.292152851573,0.275669363912,0.256084107806,0.232785367221,0.204438779051,0.167317535409,0.095442026733,,,,,,,,0.075623976996,1.208233333333
75240,0.336088843838,0.334877778832,0.331240629392,0.325163997548,0.316620056821,0.305556682124,0.291879403067,0.275417725595,0.255857475489,0.232587057444,0.204272476352,0.167187679909,0.095328635104,,,,,,,,0.075566091952,1.208200000000
75300,0.335754512512,0.334545187913,0.330913247254,0.324845256798,0.316313335043,0.305265287571,0.291606574698,0.275166651126,0.255631345652,0.232389180685,0.204106529746,0.167058094551,0.095215335110,,,,,,,,0.075508390726,1.208166666667
75360,0.335420958326,0.334213369572,0.330586624066,0.324527252459,0.316007318473,0.304974558689,0.291334364516,0.274916139754,0.255405716725,0.232191735594,0.203940938406,0.166928778255,0.095102125584,,,,,,,,0.075450872595,1.208133333333
75420,0.335088178804,0.333882321351,0.330260757416,0.324209982193,0.315702004610,0.304684493377,0.291062770573,0.274666189765,0.255180586365,0.231994720828,0.203775701226,0.166799730305,0.094989001815,,,,,,,,0.075393536838,1.208100000000
75480,0.334756171481,0.333552040800,0.329935644899,0.323893443672,0.315397391243,0.304395089540,0.290791790931,0.274416799400,0.254955953052,0.231798135047,0.203610817104,0.166670949875,0.094875961231,,,,,,,,0.075336382737,1.208066666667
75540,0.334424933903,0.333222525478,0.329611284122,0.323577634576,0.315093476409,0.304106345091,0.290521423660,0.274167966907,0.254731815977,0.231601975524,0.203446284942,0.166542435924,0.094763007506,,,,,,,,0.075279409579,1.208033333333
75600,0.334094463622,0.332893772956,0.329287672697,0.323262552594,0.314790257900,0.303818257892,0.290251666837,0.273919690541,0.254508173593,0.231406241437,0.203282103264,0.166414187853,0.094650139467,,,,,,,,0.075222616653,1.208000000000
75660,0.333764758203,0.332565780810,0.328964808249,0.322948195423,0.314487733518,0.303530825321,0.289982518545,0.273671968563,0.254285024361,0.231210932356,0.203118267541,0.166286204631,0.094537352907,,,,,,,,0.075166003251,1.207966666667
75720,0.333435815219,0.332238546630,0.328642688411,0.322634560770,0.314185901071,0.303244045930,0.289713976877,0.273424799241,0.254062366745,0.231016046961,0.202954780516,0.166158485498,0.094424644055,,,,,,,,0.075109568668,1.207933333333
75780,0.333107632250,0.331912068011,0.328321310823,0.322321646351,0.313884758376,0.302957917664,0.289446039234,0.273178180850,0.253840199219,0.230821583940,0.202791641107,0.166031029707,0.094312017254,,,,,,,,0.075053312204,1.207900000000
75840,0.332780206888,0.331586342561,0.328000673136,0.322009449889,0.313584303258,0.302672438476,0.289178704258,0.272932111469,0.253618520258,0.230627541985,0.202628848237,0.165903836173,0.094199471322,,,,,,,,0.074997233160,1.207866666667
75900,0.332453536735,0.331261367893,0.327680773011,0.321697969117,0.313284533551,0.302387606327,0.288911970226,0.272686588682,0.253397328347,0.230433919793,0.202466400833,0.165776904344,0.094087002636,,,,,,,,0.074941330841,1.207833333333
75960,0.332127619398,0.330937141633,0.327361608114,0.321387201777,0.312985447098,0.302103419187,0.288645835256,0.272441611692,0.253176620524,0.230240716041,0.202304297828,0.165650233240,0.093974606061,,,,,,,,0.074885604556,1.207800000000
76020,0.331802452497,0.330613661414,0.327043176125,0.321077145619,0.312687041748,0.301819875031,0.288380297476,0.272197178799,0.252956396679,0.230047927215,0.202142537102,0.165523822053,0.093862286692,,,,,,,,0.074830053616,1.207766666667
76080,0.331478033660,0.330290924879,0.326725474729,0.320767798402,0.312389315360,0.301536971846,0.288115355022,0.271953288312,0.252736655371,0.229855554277,0.201981115521,0.165397670106,0.093750043338,,,,,,,,0.074774677335,1.207733333333
76140,0.331154360523,0.329968929678,0.326408501621,0.320459157892,0.312092265801,0.301254707621,0.287851006035,0.271709938545,0.252517395105,0.229663595944,0.201820035163,0.165271776299,0.093637873039,,,,,,,,0.074719475032,1.207700000000
76200,0.330831430733,0.329647673473,0.326092254506,0.320151221865,0.311795890945,0.300973080358,0.287587248664,0.271467127816,0.252298614395,0.229472050939,0.201659294978,0.165146140096,0.093525769125,,,,,,,,0.074664446025,1.207666666667
76260,0.330509241944,0.329327153933,0.325776731095,0.319843988105,0.311500188675,0.300692088063,0.287324081064,0.271224854455,0.252080311757,0.229280917989,0.201498893918,0.165020760580,0.093413737529,,,,,,,,0.074609589640,1.207633333333
76320,0.330187791820,0.329007368735,0.325461929111,0.319537454406,0.311205156882,0.300411728752,0.287061501400,0.270983116792,0.251862485715,0.229090195826,0.201338830940,0.164895636890,0.093301777050,,,,,,,,0.074554905203,1.207600000000
76380,0.329867078033,0.328688315567,0.325147846283,0.319231618568,0.310910793466,0.300132000446,0.286799507840,0.270741913168,0.251645134799,0.228899883185,0.201179105003,0.164770768402,0.093189885479,,,,,,,,0.074500392044,1.207566666667
76440,0.329547098265,0.328369992073,0.324834480247,0.318926478245,0.310617096120,0.299852900902,0.286538098209,0.270501241473,0.251428256921,0.228709977871,0.201019713342,0.164646154065,0.093078054425,,,,,,,,0.074446049495,1.207533333333
76500,0.329227850206,0.328052395939,0.324521828709,0.318622031191,0.310324062674,0.299574428044,0.286277270551,0.270261099873,0.251211850369,0.228520478248,0.200860654219,0.164521793291,0.092966290754,,,,,,,,0.074391876893,1.207500000000
76560,0.328909331556,0.327735524948,0.324209889570,0.318318275452,0.310031691351,0.299296580306,0.286017023550,0.270021487370,0.250995914565,0.228331384391,0.200701929050,0.164397685249,0.092854593250,,,,,,,,0.074337873576,1.207466666667
76620,0.328591540021,0.327419376823,0.323898660594,0.318015208863,0.309739980080,0.299019355740,0.285757355404,0.269782402329,0.250780448062,0.228142695056,0.200543536812,0.164273829024,0.092742960553,,,,,,,,0.074284038886,1.207433333333
76680,0.328274473320,0.327103949295,0.323588139554,0.317712829265,0.309448926800,0.298742752406,0.285498264319,0.269543843121,0.250565449415,0.227954409005,0.200385476486,0.164150224042,0.092631382351,,,,,,,,0.074230372167,1.207400000000
76740,0.327958129176,0.326789240103,0.323278324231,0.317411134510,0.309158529458,0.298466768371,0.285239748505,0.269305808122,0.250350917188,0.227766525001,0.200227747055,0.164026869306,0.092519866541,,,,,,,,0.074176872768,1.207366666667
76800,0.327642505324,0.326475246994,0.322969212415,0.317110122456,0.308868786007,0.298191401710,0.284981806180,0.269068295716,0.250136849947,0.227579041817,0.200070347508,0.163903764172,0.092408411895,,,,,,,,0.074123540038,1.207333333333
76860,0.327327599507,0.326161967725,0.322660801904,0.316809790971,0.308579694411,0.297916650503,0.284724435568,0.268831304291,0.249923246267,0.227391958226,0.199913274423,0.163780907896,0.092297017183,,,,,,,,0.074070373332,1.207300000000
76920,0.327013409474,0.325849400062,0.322353090505,0.316510137928,0.308291252637,0.297642512841,0.284467634903,0.268594832244,0.249710104725,0.227205271160,0.199756527474,0.163658299507,0.092185672405,,,,,,,,0.074017372006,1.207266666667
76980,0.326699932986,0.325537541777,0.322046076031,0.316211161212,0.308003458663,0.297368986819,0.284211402420,0.268358877974,0.249497422610,0.227018980856,0.199600107405,0.163535938483,0.092074384155,,,,,,,,0.073964535420,1.207233333333
77040,0.326387167810,0.325226390652,0.321739756307,0.315912858713,0.307716310476,0.297096070540,0.283955736367,0.268123439181,0.249285199620,0.226833086501,0.199444013220,0.163413823880,0.091963152004,,,,,,,,0.073911862934,1.207200000000
77100,0.326075111724,0.324915944477,0.321434129163,0.315615228330,0.307429806066,0.296823762116,0.283700634970,0.267888514611,0.249073434541,0.226647586890,0.199288243926,0.163291954994,0.091851974705,,,,,,,,0.073859353916,1.207166666667
77160,0.325763762512,0.324606201051,0.321129192438,0.315318267971,0.307143943434,0.296552059664,0.283446095698,0.267654103062,0.248862125971,0.226462480821,0.199132798536,0.163170331173,0.091740843104,,,,,,,,0.073807007731,1.207133333333
77220,0.325453117967,0.324297158181,0.320824943982,0.315021975550,0.306858720588,0.296280961308,0.283192117630,0.267420202960,0.248651272517,0.226277767096,0.198977676064,0.163048951385,0.091629761847,,,,,,,,0.073754823752,1.207100000000
77280,0.325143175890,0.323988813683,0.320521381649,0.314726348989,0.306574135543,0.296010464693,0.282938699038,0.267186812736,0.248440872788,0.226093444523,0.198822872425,0.162927815161,0.091518731554,,,,,,,,0.073702801351,1.207066666667
77340,0.324833934093,0.323681165378,0.320218503302,0.314431386220,0.306290186322,0.295740568283,0.282685838199,0.266953930827,0.248230925402,0.225909511394,0.198668388718,0.162806921612,0.091407750961,,,,,,,,0.073650939906,1.207033333333
77400,0.324525390392,0.323374211100,0.319916306815,0.314137085182,0.306006870955,0.295471270388,0.282433533398,0.266721555676,0.248021428978,0.225725965330,0.198514225005,0.162686269972,0.091296811866,,,,,,,,0.073599238795,1.207000000000
77460,0.324217542614,0.323067948687,0.319614790067,0.313843443819,0.305724187312,0.295202569162,0.282181782924,0.266489685733,0.247812381649,0.225542806870,0.198360380318,0.162565859652,0.091185916743,,,,,,,,0.073547697400,1.206966666667
77520,0.323910388594,0.322762375988,0.319313950946,0.313550460086,0.305442133274,0.294934462763,0.281930585076,0.266258319452,0.247603781562,0.225360034839,0.198206853690,0.162445689645,0.091075067372,,,,,,,,0.073496315106,1.206933333333
77580,0.323603926174,0.322457490860,0.319013787347,0.313258131945,0.305160707226,0.294666949359,0.281679938157,0.266027455295,0.247395628336,0.225177648068,0.198053644160,0.162325759448,0.090964262471,,,,,,,,0.073445091301,1.206900000000
77640,0.323298153206,0.322153291165,0.318714297176,0.312966457366,0.304879907229,0.294400027123,0.281429840476,0.265797090761,0.247187920611,0.224995645391,0.197900750770,0.162206068257,0.090853494903,,,,,,,,0.073394025374,1.206866666667
77700,0.322993067549,0.321849774777,0.318415478343,0.312675434324,0.304599731348,0.294133694237,0.281180290351,0.265567225180,0.246980657036,0.224814025645,0.197748168765,0.162086615239,0.090742764731,,,,,,,,0.073343116718,1.206833333333
77760,0.322688667069,0.321546939575,0.318117328768,0.312385060805,0.304320177658,0.293867948887,0.280931286102,0.265337857141,0.246773836262,0.224632787674,0.197595900675,0.161967399860,0.090632075016,,,,,,,,0.073292364730,1.206800000000
77820,0.322384949641,0.321244783449,0.317819846378,0.312095334566,0.304041244242,0.293602789268,0.280682825527,0.265108985128,0.246567456947,0.224451928891,0.197443945878,0.161848421172,0.090521424457,,,,,,,,0.073241768808,1.206766666667
77880,0.322081913149,0.320943304293,0.317523029109,0.311806253713,0.303762929186,0.293338213580,0.280434907202,0.264880607631,0.246361517752,0.224271448796,0.197292303431,0.161729678601,0.090410807098,,,,,,,,0.073191328352,1.206733333333
77940,0.321779555484,0.320642500012,0.317226874904,0.311517816383,0.303485230588,0.293074220032,0.280187529762,0.264652723144,0.246156017344,0.224091347035,0.197140972394,0.161611171443,0.090300220341,,,,,,,,0.073141042766,1.206700000000
78000,0.321477874544,0.320342368519,0.316931381714,0.311230020591,0.303208146551,0.292810806838,0.279940691554,0.264425330168,0.245950953224,0.223911622468,0.196989951831,0.161492898793,0.090189668655,,,,,,,,0.073090911457,1.206666666667
78060,0.321176868237,0.320042907732,0.316636547496,0.310942864358,0.302931675184,0.292547972158,0.279694390933,0.264198427210,0.245746324952,0.223732273960,0.196839240418,0.161374860176,0.090079150714,,,,,,,,0.073040933834,1.206633333333
78120,0.320876534477,0.319744115579,0.316342370217,0.310656345714,0.302655814604,0.292285713702,0.279448626257,0.263972012781,0.245542131502,0.223553300380,0.196688833897,0.161257054701,0.089968661879,,,,,,,,0.072991109308,1.206600000000
78180,0.320576871187,0.319445989997,0.316048847851,0.310370462696,0.302380562937,0.292024030284,0.279203395894,0.263746085245,0.245338371562,0.223374700601,0.196538735068,0.161139481720,0.089858196613,,,,,,,,0.072941437294,1.206566666667
78240,0.320277876297,0.319148528927,0.315755978379,0.310085213349,0.302105918313,0.291762920147,0.278958698215,0.263520642367,0.245135043823,0.223196473364,0.196388943010,0.161022140633,0.089747760932,,,,,,,,0.072891917208,1.206533333333
78300,0.319979547746,0.318851730321,0.315463759789,0.309800595724,0.301831878871,0.291502381537,0.278714531598,0.263295683590,0.244932146982,0.223018615612,0.196239456803,0.160905030460,0.089637353485,,,,,,,,0.072842548470,1.206500000000
78360,0.319681883478,0.318555592137,0.315172190079,0.309516607880,0.301558442756,0.291242412710,0.278470894429,0.263071207449,0.244729679741,0.222841128311,0.196090275532,0.160788150783,0.089526971083,,,,,,,,0.072793330502,1.206466666667
78420,0.319384881447,0.318260112342,0.314881267252,0.309233247883,0.301285608120,0.290983011925,0.278227785098,0.262847212482,0.244527640806,0.222664010350,0.195941398287,0.160671500772,0.089416604963,,,,,,,,0.072744262729,1.206433333333
78480,0.319088539616,0.317965288909,0.314590989255,0.308950513808,0.301013372990,0.290724177451,0.277985201779,0.262623697235,0.244326028496,0.222487260623,0.195792823046,0.160555079702,0.089306262832,,,,,,,,0.072695344577,1.206400000000
78540,0.318792855952,0.317671119819,0.314301354000,0.308668403733,0.300741735308,0.290465907560,0.277743142503,0.262400660258,0.244124840861,0.222310878028,0.195644547034,0.160438887040,0.089195943313,,,,,,,,0.072646575478,1.206366666667
78600,0.318497828431,0.317377603062,0.314012359685,0.308386915748,0.300470693605,0.290208200534,0.277501606273,0.262178100108,0.243924077686,0.222134861469,0.195496572340,0.160322921842,0.089085644814,,,,,,,,0.072597954862,1.206333333333
78660,0.318203455039,0.317084736633,0.313724004344,0.308106047946,0.300200246059,0.289951054658,0.277260591504,0.261956015344,0.243723737694,0.221959209852,0.195348898064,0.160207183635,0.088975355035,,,,,,,,0.072549482164,1.206300000000
78720,0.317909733766,0.316792518538,0.313436286018,0.307825798431,0.299930390859,0.289694468225,0.277020096617,0.261734404535,0.243523819617,0.221783921028,0.195201523314,0.160091671689,0.088865083531,,,,,,,,0.072501156823,1.206266666667
78780,0.317616662612,0.316500946786,0.313149202754,0.307546165312,0.299661126196,0.289438439536,0.276780120036,0.261513265830,0.243324322191,0.221608993832,0.195054447197,0.159976385198,0.088754828894,,,,,,,,0.072452978278,1.206233333333
78840,0.317324239582,0.316210019398,0.312862752609,0.307267146704,0.299392450271,0.289182966895,0.276540660195,0.261292597594,0.243125244155,0.221434428327,0.194907668827,0.159861323689,0.088644589710,,,,,,,,0.072404945970,1.206200000000
78900,0.317032462691,0.315919734398,0.312576933645,0.306988740731,0.299124361291,0.288928048330,0.276301715530,0.261072399047,0.242926584254,0.221260223436,0.194761185479,0.159746486280,0.088534354547,,,,,,,,0.072357059345,1.206166666667
78960,0.316741329960,0.315630089821,0.312291743933,0.306710945523,0.298856857468,0.288673682098,0.276063284486,0.260852668775,0.242728341238,0.221086378084,0.194614995872,0.159631872417,0.088424130236,,,,,,,,0.072309317850,1.206133333333
79020,0.316450839419,0.315341083708,0.312007181549,0.306433759217,0.298589937024,0.288419866871,0.275825365512,0.260633405372,0.242530512784,0.220912891203,0.194469101374,0.159517481477,0.088313916916,,,,,,,,0.072261720935,1.206100000000
79080,0.316160989101,0.315052714106,0.311723244578,0.306157179958,0.298323598183,0.288166600979,0.275587957062,0.260414607437,0.242333098364,0.220739761728,0.194323501111,0.159403312572,0.088203713140,,,,,,,,0.072214268052,1.206066666667
79140,0.315871777053,0.314764979072,0.311439931111,0.305881205896,0.298057839180,0.287913882760,0.275351057599,0.260196273572,0.242136097106,0.220566988599,0.194178194213,0.159289365290,0.088093509126,,,,,,,,0.072166958655,1.206033333333
79200,0.315583201322,0.314477876667,0.311157239247,0.305605834870,0.297792658255,0.287661710557,0.275114664859,0.259978402387,0.241939507781,0.220394568777,0.194033179812,0.159175638812,0.087983308021,,,,,,,,0.072119792201,1.206000000000
79260,0.315295267919,0.314191473888,0.310875419592,0.305331625844,0.297529050115,0.287411651753,0.274881071090,0.259764190131,0.241747675254,0.220228381132,0.193896632174,0.159074951588,0.087936424961,,,,,,,,0.072072482464,1.206000000000
79320,0.315007982785,0.313905715464,0.310594232591,0.305058030108,0.297266028433,0.287162145364,0.274647988765,0.259550441691,0.241556252432,0.220062542508,0.193760365544,0.158974467321,0.087889590403,,,,,,,,0.072025190619,1.206000000000
79380,0.314721343889,0.313620599377,0.310313676264,0.304785045745,0.297003591384,0.286913189676,0.274415416306,0.259337155643,0.241365238067,0.219897051851,0.193624379075,0.158874185392,0.087842838458,,,,,,,,0.071977997379,1.206000000000
79440,0.314435349205,0.313336123612,0.310033748638,0.304512670847,0.296741737147,0.286664782983,0.274183352139,0.259124330570,0.241174630913,0.219731908106,0.193488671925,0.158774105152,0.087796183119,,,,,,,,0.071930922320,1.206000000000
79500,0.314149996714,0.313052286167,0.309754447746,0.304240903514,0.296480463910,0.286416923584,0.273951794698,0.258911965059,0.240984429732,0.219567110227,0.193353243252,0.158674225904,0.087749631166,,,,,,,,0.071883974047,1.206000000000
79560,0.313865284408,0.312769085043,0.309475771630,0.303969741849,0.296219769867,0.286169609785,0.273720742424,0.258700057704,0.240794633289,0.219402657167,0.193218092220,0.158574546908,0.087703186353,,,,,,,,0.071837157091,1.206000000000
79620,0.313581210283,0.312486518252,0.309197718341,0.303699183968,0.295959653220,0.285922839898,0.273490193759,0.258488607102,0.240605240354,0.219238547887,0.193083217993,0.158475067411,0.087656850912,,,,,,,,0.071790474061,1.206000000000
79680,0.313297772346,0.312204583812,0.308920285934,0.303429227990,0.295700112177,0.285676612243,0.273260147157,0.258277611858,0.240416249702,0.219074781350,0.192948619738,0.158375786676,0.087610626216,,,,,,,,0.071743926521,1.206000000000
79740,0.313014968610,0.311923279749,0.308643472474,0.303159872043,0.295441144952,0.285430925144,0.273030601074,0.258067070580,0.240227660112,0.218911356523,0.192814296621,0.158276703987,0.087564513117,,,,,,,,0.071697515416,1.206000000000
79800,0.312732797095,0.311642604097,0.308367276034,0.302891114261,0.295182749769,0.285185776933,0.272801553974,0.257856981883,0.240039470368,0.218748272378,0.192680247811,0.158177818657,0.087518512130,,,,,,,,0.071651241296,1.206000000000
79860,0.312451255829,0.311362554896,0.308091694691,0.302622952787,0.294924924854,0.284941165949,0.272573004324,0.257647344386,0.239851679260,0.218585527889,0.192546472474,0.158079130027,0.087472623540,,,,,,,,0.071605104451,1.206000000000
79920,0.312170342849,0.311083130195,0.307816726533,0.302355385770,0.294667668444,0.284697090535,0.272344950600,0.257438156713,0.239664285580,0.218423122036,0.192412969779,0.157980637457,0.087426847470,,,,,,,,0.071559104986,1.206000000000
79980,0.311890056198,0.310804328051,0.307542369652,0.302088411365,0.294410978780,0.284453549043,0.272117391282,0.257229417496,0.239477288126,0.218261053800,0.192279738895,0.157882340330,0.087381183929,,,,,,,,0.071513242876,1.206000000000
80040,0.311610393926,0.310526146526,0.307268622151,0.301822027736,0.294154854112,0.284210539829,0.271890324857,0.257021125369,0.239290685701,0.218099322167,0.192146778995,0.157784238044,0.087335632840,,,,,,,,0.071467518000,1.206000000000
80100,0.311331354093,0.310248583691,0.306995482138,0.301556233052,0.293899292695,0.283968061257,0.271663749816,0.256813278973,0.239104477111,0.217937926127,0.192014089253,0.157686330010,0.087290194058,,,,,,,,0.071421930166,1.206000000000
80160,0.311052934763,0.309971637625,0.306722947727,0.301291025492,0.293644292790,0.283726111695,0.271437664658,0.256605876953,0.238918661168,0.217776864671,0.191881668848,0.157588615648,0.087244867391,,,,,,,,0.071376479127,1.206000000000
80220,0.310775134009,0.309695306413,0.306451017042,0.301026403239,0.293389852668,0.283484689520,0.271212067884,0.256398917959,0.238733236688,0.217616136795,0.191749516963,0.157491094390,0.087199652608,,,,,,,,0.071331164590,1.206000000000
80280,0.310497949913,0.309419588148,0.306179688213,0.300762364483,0.293135970602,0.283243793114,0.270986958006,0.256192400648,0.238548202490,0.217455741498,0.191617632781,0.157393765671,0.087154549445,,,,,,,,0.071285986233,1.206000000000
80340,0.310221380562,0.309144480930,0.305908959376,0.300498907423,0.292882644875,0.283003420863,0.270762333537,0.255986323680,0.238363557401,0.217295677783,0.191486015495,0.157296628933,0.087109557617,,,,,,,,0.071240943703,1.206000000000
80400,0.309945424051,0.308869982866,0.305638828675,0.300236030263,0.292629873776,0.282763571163,0.270538192997,0.255780685722,0.238179300247,0.217135944657,0.191354664297,0.157199683624,0.087064676817,,,,,,,,0.071196036629,1.206000000000
80460,0.309670078481,0.308596092071,0.305369294262,0.299973731215,0.292377655598,0.282524242413,0.270314534913,0.255575485443,0.237995429863,0.216976541127,0.191223578387,0.157102929194,0.087019906721,,,,,,,,0.071151264621,1.206000000000
80520,0.309395341964,0.308322806666,0.305100354294,0.299712008497,0.292125988644,0.282285433020,0.270091357816,0.255370721520,0.237811945086,0.216817466208,0.191092756968,0.157006365096,0.086975246995,,,,,,,,0.071106627275,1.206000000000
80580,0.309121212615,0.308050124781,0.304832006937,0.299450860335,0.291874871220,0.282047141395,0.269868660244,0.255166392635,0.237628844758,0.216658718916,0.190962199247,0.156909990786,0.086930697293,,,,,,,,0.071062124176,1.206000000000
80640,0.308847688558,0.307778044552,0.304564250363,0.299190284959,0.291624301642,0.281809365958,0.269646440738,0.254962497471,0.237446127725,0.216500298271,0.190831904435,0.156813805725,0.086886257261,,,,,,,,0.071017754899,1.206000000000
80700,0.308574767924,0.307506564120,0.304297082751,0.298930280608,0.291374278230,0.281572105131,0.269424697847,0.254759034722,0.237263792837,0.216342203297,0.190701871748,0.156717809371,0.086841926537,,,,,,,,0.070973519013,1.206000000000
80760,0.308302448851,0.307235681637,0.304030502287,0.298670845529,0.291124799311,0.281335357346,0.269203430124,0.254556003081,0.237081838948,0.216184433022,0.190572100406,0.156622001189,0.086797704753,,,,,,,,0.070929416079,1.206000000000
80820,0.308030729485,0.306965395260,0.303764507164,0.298411977971,0.290875863217,0.281099121038,0.268982636129,0.254353401249,0.236900264918,0.216026986476,0.190442589632,0.156526380642,0.086753591539,,,,,,,,0.070885445654,1.206000000000
80880,0.307759607977,0.306695703152,0.303499095581,0.298153676194,0.290627468289,0.280863394649,0.268762314425,0.254151227933,0.236719069608,0.215869862695,0.190313338653,0.156430947196,0.086709586517,,,,,,,,0.070841607289,1.206000000000
80940,0.307489082487,0.306426603485,0.303234265744,0.297895938463,0.290379612872,0.280628176628,0.268542463583,0.253949481841,0.236538251886,0.215713060717,0.190184346702,0.156335700318,0.086665689310,,,,,,,,0.070797900534,1.206000000000
81000,0.307219151181,0.306158094436,0.302970015868,0.297638763049,0.290132295319,0.280393465427,0.268323082178,0.253748161690,0.236357810623,0.215556579585,0.190055613013,0.156240639478,0.086621899536,,,,,,,,0.070754324936,1.206000000000
81060,0.306949804795,0.305890108214,0.302706101906,0.297381610014,0.289884556542,0.280157750809,0.268101961920,0.253544185545,0.236173552041,0.215394738194,0.189919219319,0.156133305646,0.086515535523,,,,,,,,0.070711154475,1.205966666667
81120,0.306681034138,0.305622694409,0.302442750464,0.297125003119,0.289637341201,0.279922530819,0.267881301616,0.253340629056,0.235989667379,0.215233219560,0.189783088924,0.156026172341,0.086409227926,,,,,,,,0.070668230598,1.205933333333
81180,0.306412837491,0.305355851316,0.302179959869,0.296868940741,0.289390647747,0.279687803995,0.267661099914,0.253137490326,0.235806155549,0.215072022747,0.189647222118,0.155919238734,0.086302937222,,,,,,,,0.070625475837,1.205900000000
81240,0.306145213146,0.305089577234,0.301917728450,0.296613421262,0.289144474633,0.279453568884,0.267441355466,0.252934768457,0.235623015465,0.214911146823,0.189511619607,0.155812504543,0.086196649199,,,,,,,,0.070582871019,1.205866666667
81300,0.305878159396,0.304823870468,0.301656054546,0.296358443073,0.288898820217,0.279219824036,0.267222066931,0.252732462576,0.235440245735,0.214750590860,0.189376280633,0.155705969187,0.086090361456,,,,,,,,0.070540407259,1.205833333333
81360,0.305611674545,0.304558729332,0.301394936499,0.296104004566,0.288653682709,0.278986568005,0.267003232972,0.252530571470,0.235257844513,0.214590353933,0.189241204440,0.155599632135,0.085984068646,,,,,,,,0.070498079458,1.205800000000
81420,0.305345756899,0.304294152143,0.301134372659,0.295850104144,0.288409060941,0.278753799352,0.266784852254,0.252329093928,0.235075811811,0.214430434417,0.189106390278,0.155493493137,0.085877762347,,,,,,,,0.070455884294,1.205766666667
81480,0.305080404773,0.304030137226,0.300874361381,0.295596740212,0.288164953388,0.278521516644,0.266566923452,0.252128028746,0.234894146559,0.214270830676,0.188971837400,0.155387551536,0.085771435564,,,,,,,,0.070413819410,1.205733333333
81540,0.304815616487,0.303766682912,0.300614901026,0.295343911183,0.287921358533,0.278289717962,0.266349445242,0.251927374722,0.234712847693,0.214111543221,0.188837541827,0.155281807035,0.085665093717,,,,,,,,0.070371883015,1.205700000000
81600,0.304551390367,0.303503787537,0.300355989963,0.295091615474,0.287678274865,0.278058402263,0.266132416305,0.251727130659,0.234531914152,0.213952571140,0.188703505337,0.155176259176,0.085558734413,,,,,,,,0.070330073683,1.205666666667
81660,0.304287724747,0.303241449443,0.300097626563,0.294839851510,0.287435700877,0.277827568239,0.265915834910,0.251527295365,0.234351344878,0.213793913526,0.188569727928,0.155070907288,0.085452353249,,,,,,,,0.070288390228,1.205633333333
81720,0.304024617963,0.302979666980,0.299839809207,0.294588617720,0.287193635067,0.277597214476,0.265699699816,0.251327867651,0.234171138817,0.213635569475,0.188436208876,0.154965751097,0.085345939482,,,,,,,,0.070246831633,1.205600000000
81780,0.303762068362,0.302718438501,0.299582536279,0.294337912538,0.286952075940,0.277367339566,0.265484010072,0.251128845406,0.233991294922,0.213477538089,0.188302947459,0.154860789918,0.085239501846,,,,,,,,0.070205397001,1.205566666667
81840,0.303500074293,0.302457762369,0.299325806170,0.294087734407,0.286711022006,0.277137942106,0.265268764379,0.250930228301,0.233811811167,0.213319818470,0.188169942961,0.154756023266,0.085133038448,,,,,,,,0.070164085527,1.205533333333
81900,0.303238634113,0.302197636949,0.299069617277,0.293838081771,0.286470471780,0.276909020698,0.265053961441,0.250732015240,0.233632687084,0.213162408120,0.188037194655,0.154651450720,0.085026547445,,,,,,,,0.070122896472,1.205500000000
81960,0.302977746184,0.301938060614,0.298813968003,0.293588953084,0.286230423782,0.276680573948,0.264839599969,0.250534205051,0.233453922042,0.213005307252,0.187904697899,0.154547071456,0.084920013862,,,,,,,,0.070081829152,1.205466666667
82020,0.302717408875,0.301679031742,0.298558856755,0.293340346803,0.285990876539,0.276452600469,0.264625678677,0.250336796568,0.233275515008,0.212848515489,0.187772455932,0.154442885200,0.084813448588,,,,,,,,0.070040882923,1.205433333333
82080,0.302457620561,0.301420548719,0.298304281949,0.293092261392,0.285751828581,0.276225098878,0.264412196285,0.250139788626,0.233097464951,0.212692031951,0.187640468047,0.154338891291,0.084706850131,,,,,,,,0.070000057175,1.205400000000
82140,0.302198379621,0.301162609933,0.298050242003,0.292844695319,0.285513278446,0.275998067796,0.264199151518,0.249943180069,0.232919770844,0.212535855759,0.187508733541,0.154235089114,0.084600216732,,,,,,,,0.069959351325,1.205366666667
82200,0.301939684442,0.300905213781,0.297796735344,0.292597647058,0.285275224674,0.275771505850,0.263986543102,0.249746969741,0.232742431665,0.212379986041,0.187377251709,0.154131478287,0.084493535848,,,,,,,,0.069918764813,1.205333333333
82260,0.301681533415,0.300648358665,0.297543760402,0.292351115090,0.285037665814,0.275545411673,0.263774369773,0.249551156491,0.232565446394,0.212224421926,0.187246021850,0.154028058030,0.084386813294,,,,,,,,0.069878297098,1.205300000000
82320,0.301423924939,0.300392042971,0.297291315573,0.292105097837,0.284800600330,0.275319783787,0.263562630120,0.249355738983,0.232388813754,0.212069162142,0.187115042507,0.153924827954,0.084280050320,,,,,,,,0.069837947654,1.205266666667
82380,0.301166857417,0.300136265048,0.297039399167,0.291859593586,0.284564026501,0.275094620471,0.263351322417,0.249160715461,0.232212531886,0.211914204532,0.186984310554,0.153821787510,0.084173245171,,,,,,,,0.069797715969,1.205233333333
82440,0.300910329258,0.299881023401,0.296788009806,0.291614601101,0.284327943257,0.274869920849,0.263140446029,0.248966085593,0.232036600895,0.211759549939,0.186853828484,0.153718935973,0.084066387908,,,,,,,,0.069757601544,1.205200000000
82500,0.300654338878,0.299626316455,0.296537145946,0.291370118883,0.284092349166,0.274645683573,0.262929999705,0.248771848247,0.231861019778,0.211605197504,0.186723595602,0.153616273019,0.083959478729,,,,,,,,0.069717603889,1.205166666667
82560,0.300398884697,0.299372142640,0.296286806044,0.291126145440,0.283857242800,0.274421907299,0.262719982201,0.248578002293,0.231685787536,0.211451146374,0.186593611213,0.153513797934,0.083852521838,,,,,,,,0.069677722523,1.205133333333
82620,0.300143965142,0.299118500393,0.296036988567,0.290882679285,0.283622622738,0.274198590689,0.262510392279,0.248384546604,0.231510903172,0.211297395699,0.186463874626,0.153411510222,0.083745515449,,,,,,,,0.069637956972,1.205100000000
82680,0.299889578644,0.298865388155,0.295787691984,0.290639718935,0.283388487563,0.273975732407,0.262301228701,0.248191480060,0.231336365693,0.211143944632,0.186334385149,0.153309409455,0.083638452461,,,,,,,,0.069598306772,1.205066666667
82740,0.299635723643,0.298612804374,0.295538914772,0.290397262914,0.283154835863,0.273753331126,0.262092490238,0.247998801544,0.231162174111,0.210990792328,0.186205140585,0.153207494811,0.083531326893,,,,,,,,0.069558771463,1.205033333333
82800,0.299382398581,0.298360747503,0.295290655413,0.290155309749,0.282921666232,0.273531385519,0.261884175663,0.247806509941,0.230988327441,0.210837936631,0.186076139338,0.153105766025,0.083424146156,,,,,,,,0.069519350567,1.205000000000
82860,0.299129608892,0.298109279464,0.295043145767,0.289914376676,0.282689900887,0.273311350442,0.261678415390,0.247617583710,0.230818885028,0.210690889852,0.185955091638,0.153016418611,0.083384270160,,,,,,,,0.069479779761,1.205000000000
82920,0.298877359959,0.297858348954,0.294796164004,0.289673955516,0.282458625311,0.273091777007,0.261473082859,0.247429045735,0.230649785902,0.210544135786,0.185834279792,0.152927241333,0.083344421982,,,,,,,,0.069440213061,1.205000000000
82980,0.298625650153,0.297607954356,0.294549708540,0.289434044736,0.282227838041,0.272872663840,0.261268176805,0.247240894876,0.230481029062,0.210397673593,0.185713703126,0.152838233688,0.083304636798,,,,,,,,0.069400723137,1.205000000000
83040,0.298374477852,0.297358094059,0.294303777792,0.289194642806,0.281997537620,0.272654009574,0.261063695965,0.247053129995,0.230312613513,0.210251502431,0.185593360970,0.152749395160,0.083264927646,,,,,,,,0.069361327009,1.205000000000
83100,0.298123841441,0.297108766456,0.294058370187,0.288955748203,0.281767722593,0.272435812846,0.260859639084,0.246865749960,0.230144538261,0.210105621465,0.185473252655,0.152660725197,0.083225300663,,,,,,,,0.069322032042,1.205000000000
83160,0.297873739309,0.296859969948,0.293813484157,0.288717359409,0.281538391516,0.272218072296,0.260656004910,0.246678753642,0.229976802319,0.209960029862,0.185353377516,0.152572223216,0.083185759193,,,,,,,,0.069282842076,1.205000000000
83220,0.297624169854,0.296611702943,0.293569118138,0.288479474913,0.281309542945,0.272000786573,0.260452792196,0.246492139917,0.229809404700,0.209814726791,0.185233734887,0.152483888620,0.083146305211,,,,,,,,0.069243759308,1.205000000000
83280,0.297375131477,0.296363963852,0.293325270574,0.288242093208,0.281081175444,0.271783954328,0.260249999700,0.246305907665,0.229642344424,0.209669711424,0.185114324106,0.152395720815,0.083106939932,,,,,,,,0.069204785052,1.205000000000
83340,0.297126622586,0.296116751094,0.293081939913,0.288005212794,0.280853287583,0.271567574217,0.260047626183,0.246120055769,0.229475620512,0.209524982937,0.184995144507,0.152307719226,0.083067664114,,,,,,,,0.069165920103,1.205000000000
83400,0.296878641596,0.295870063093,0.292839124611,0.287768832175,0.280625877935,0.271351644903,0.259845670413,0.245934583119,0.229309231991,0.209380540507,0.184876195430,0.152219883294,0.083028478222,,,,,,,,0.069127164926,1.205000000000
83460,0.296631186926,0.295623898279,0.292596823126,0.287532949862,0.280398945080,0.271136165052,0.259644131160,0.245749488606,0.229143177888,0.209236383316,0.184757476209,0.152132212481,0.082989382525,,,,,,,,0.069088519770,1.205000000000
83520,0.296384257002,0.295378255088,0.292355033927,0.287297564370,0.280172487602,0.270921133336,0.259443007201,0.245564771127,0.228977457238,0.209092510548,0.184638986184,0.152044706270,0.082950377152,,,,,,,,0.069049984733,1.205000000000
83580,0.296137850255,0.295133131961,0.292113755483,0.287062674222,0.279946504092,0.270706548432,0.259242297316,0.245380429582,0.228812069077,0.208948921388,0.184520724692,0.151957364154,0.082911462137,,,,,,,,0.069011559808,1.205000000000
83640,0.295891965124,0.294888527346,0.291872986274,0.286828277943,0.279720993144,0.270492409020,0.259042000289,0.245196462877,0.228647012444,0.208805615026,0.184402691073,0.151870185645,0.082872637441,,,,,,,,0.068973244906,1.205000000000
83700,0.295646600050,0.294644439696,0.291632724780,0.286594374066,0.279495953359,0.270278713788,0.258842114910,0.245012869918,0.228482286384,0.208662590653,0.184284884668,0.151783170262,0.082833902969,,,,,,,,0.068935039884,1.205000000000
83760,0.295401753484,0.294400867470,0.291392969492,0.286360961129,0.279271383343,0.270065461425,0.258642639973,0.244829649620,0.228317889942,0.208519847463,0.184167304820,0.151696317535,0.082795258585,,,,,,,,0.068896944550,1.205000000000
83820,0.295157423878,0.294157809133,0.291153718903,0.286128037674,0.279047281705,0.269852650628,0.258443574276,0.244646800899,0.228153822169,0.208377384652,0.184049950875,0.151609627000,0.082756704121,,,,,,,,0.068858958682,1.205000000000
83880,0.294913609695,0.293915263154,0.290914971512,0.285895602250,0.278823647061,0.269640280099,0.258244916621,0.244464322675,0.227990082119,0.208235201420,0.183932822182,0.151523098200,0.082718239384,,,,,,,,0.068821082027,1.205000000000
83940,0.294670309400,0.293673228009,0.290676725826,0.285663653411,0.278600478032,0.269428348541,0.258046665815,0.244282213873,0.227826668849,0.208093296969,0.183815918091,0.151436730684,0.082679864159,,,,,,,,0.068783314313,1.205000000000
84000,0.294427521465,0.293431702181,0.290438980355,0.285432189716,0.278377773245,0.269216854665,0.257848820671,0.244100473421,0.227663581419,0.207951670501,0.183699237956,0.151350524004,0.082641578216,,,,,,,,0.068745655251,1.205000000000
84060,0.294185244366,0.293190684155,0.290201733614,0.285201209729,0.278155531329,0.269005797187,0.257651380003,0.243919100252,0.227500818894,0.207810321224,0.183582781136,0.151264477714,0.082603381314,,,,,,,,0.068708104538,1.205000000000
84120,0.293943476587,0.292950172425,0.289964984127,0.284970712019,0.277933750921,0.268795174826,0.257454342632,0.243738093302,0.227338380339,0.207669248347,0.183466546991,0.151178591375,0.082565273198,,,,,,,,0.068670661860,1.205000000000
84180,0.293702216617,0.292710165489,0.289728730419,0.284740695162,0.277712430661,0.268584986306,0.257257707382,0.243557451512,0.227176264826,0.207528451082,0.183350534883,0.151092864546,0.082527253607,,,,,,,,0.068633326893,1.205000000000
84240,0.293461462948,0.292470661850,0.289492971023,0.284511157738,0.277491569196,0.268375230357,0.257061473082,0.243377173825,0.227014471429,0.207387928643,0.183234744180,0.151007296792,0.082489322271,,,,,,,,0.068596099307,1.205000000000
84300,0.293221214082,0.292231660018,0.289257704478,0.284282098332,0.277271165175,0.268165905711,0.256865638564,0.243197259189,0.226852999223,0.207247680248,0.183119174251,0.150921887678,0.082451478916,,,,,,,,0.068558978767,1.205000000000
84360,0.292981468523,0.291993158508,0.289022929326,0.284053515534,0.277051217256,0.267957011108,0.256670202667,0.243017706557,0.226691847289,0.207107705115,0.183003824470,0.150836636771,0.082413723263,,,,,,,,0.068521964929,1.205000000000
84420,0.292742224782,0.291755155839,0.288788644116,0.283825407940,0.276831724099,0.267748545290,0.256475164231,0.242838514882,0.226531014711,0.206968002469,0.182888694212,0.150751543640,0.082376055029,,,,,,,,0.068485057450,1.205000000000
84480,0.292503481374,0.291517650537,0.288554847402,0.283597774152,0.276612684368,0.267540507005,0.256280522103,0.242659683126,0.226370500574,0.206828571534,0.182773782856,0.150666607855,0.082338473926,,,,,,,,0.068448255982,1.205000000000
84540,0.292265236821,0.291280641133,0.288321537744,0.283370612774,0.276394096736,0.267332895004,0.256086275132,0.242481210250,0.226210303970,0.206689411538,0.182659089782,0.150581828989,0.082300979667,,,,,,,,0.068411560172,1.205000000000
84600,0.292027489650,0.291044126163,0.288088713705,0.283143922418,0.276175959876,0.267125708045,0.255892422172,0.242303095221,0.226050423989,0.206550521712,0.182544614377,0.150497206614,0.082263571962,,,,,,,,0.068374969689,1.205000000000
84660,0.291790231838,0.290808043247,0.287856149331,0.282917202305,0.275957382685,0.266917541101,0.255696905448,0.242122459399,0.225886932569,0.206406562332,0.182422874758,0.150400865608,0.082159532195,,,,,,,,0.068338737634,1.204966666667
84720,0.291553455419,0.290572438994,0.287624055463,0.282690939185,0.275739243750,0.266709788610,0.255501774493,0.241942175514,0.225723755158,0.206262874839,0.182301359523,0.150304693761,0.082055484996,,,,,,,,0.068302713001,1.204933333333
84780,0.291317159017,0.290337312039,0.287392430757,0.282465131758,0.275521541825,0.266502449400,0.255307028222,0.241762242519,0.225560891308,0.206119458480,0.182180068056,0.150208690789,0.081951384788,,,,,,,,0.068266826161,1.204900000000
84840,0.291081341260,0.290102661017,0.287161273875,0.282239778726,0.275304275672,0.266295522302,0.255112664935,0.241582659944,0.225398340147,0.205976312508,0.182058999745,0.150112856039,0.081847230157,,,,,,,,0.068231060494,1.204866666667
84900,0.290846000782,0.289868484570,0.286930583484,0.282014878797,0.275087444054,0.266089006152,0.254918684063,0.241403426811,0.225236100807,0.205833436175,0.181938153979,0.150017189256,0.081743013222,,,,,,,,0.068195408438,1.204833333333
84960,0.290611136220,0.289634781345,0.286700358254,0.281790430682,0.274871045740,0.265882899466,0.254725084642,0.241224542144,0.225074172425,0.205690828740,0.181817527929,0.149921690080,0.081638728688,,,,,,,,0.068159865711,1.204800000000
85020,0.290376746218,0.289401549992,0.286470596862,0.281566433098,0.274655079502,0.265677201176,0.254531865603,0.241046004972,0.224912554137,0.205548489324,0.181697121595,0.149826357971,0.081534358074,,,,,,,,0.068124429555,1.204766666667
85080,0.290142829424,0.289168789167,0.286241297987,0.281342884767,0.274439544119,0.265471910369,0.254339025879,0.240867814327,0.224751245086,0.205406415426,0.181576935994,0.149731192803,0.081429910882,,,,,,,,0.068089098027,1.204733333333
85140,0.289909384489,0.288936497532,0.286012460316,0.281119784414,0.274224438295,0.265267025896,0.254146564407,0.240689969243,0.224590244182,0.205264608213,0.181456970528,0.149636194055,0.081325385489,,,,,,,,0.068053869666,1.204700000000
85200,0.289676410070,0.288704673750,0.285784082537,0.280897130769,0.274009760540,0.265062546615,0.253954480128,0.240512468758,0.224429549716,0.205123066952,0.181337224603,0.149541361386,0.081220779205,,,,,,,,0.068018743316,1.204666666667
85260,0.289443904831,0.288473316494,0.285556163346,0.280674922566,0.273795509998,0.264858471385,0.253762771986,0.240335311914,0.224269161930,0.204981790914,0.181217697627,0.149446694525,0.081116078428,,,,,,,,0.067983718022,1.204633333333
85320,0.289211867437,0.288242424436,0.285328701440,0.280453158545,0.273581685462,0.264654799071,0.253571438930,0.240158497043,0.224109079978,0.204840779371,0.181098389013,0.149352192808,0.081011286381,,,,,,,,0.067948792966,1.204600000000
85380,0.288980296559,0.288011996257,0.285101695524,0.280231837449,0.273368285732,0.264451528542,0.253380479912,0.239982023666,0.223949303014,0.204700031598,0.180979295212,0.149257856069,0.080906405856,,,,,,,,0.067913967436,1.204566666667
85440,0.288749190874,0.287782030640,0.284875144305,0.280010958025,0.273155309610,0.264248658669,0.253189893887,0.239805891076,0.223789830198,0.204559546875,0.180860417755,0.149163683805,0.080801434552,,,,,,,,0.067879240791,1.204533333333
85500,0.288518549062,0.287552526274,0.284649046497,0.279790518869,0.272942755903,0.264046188329,0.252999679448,0.239630098328,0.223630660692,0.204419323451,0.180741756925,0.149069675498,0.080696362831,,,,,,,,0.067844612445,1.204500000000
85560,0.288288369808,0.287323481853,0.284423400816,0.279570518742,0.272730623423,0.263844116403,0.252809835569,0.239454644480,0.223471793661,0.204279360646,0.180623312147,0.148975830894,0.080591186165,,,,,,,,0.067810081858,1.204466666667
85620,0.288058651802,0.287094896074,0.284198205984,0.279350956558,0.272518910984,0.263642441773,0.252620361572,0.239279528593,0.223313228272,0.204139658745,0.180505082848,0.148882149356,0.080485911634,,,,,,,,0.067775648524,1.204433333333
85680,0.287829393739,0.286866767639,0.283973460726,0.279131831082,0.272307617405,0.263441163328,0.252431256429,0.239104749730,0.223154962808,0.204000217038,0.180387068458,0.148788630564,0.080380536988,,,,,,,,0.067741311963,1.204400000000
85740,0.287600594318,0.286639095255,0.283749163774,0.278913141085,0.272096741512,0.263240279961,0.252242519112,0.238930306961,0.222996996905,0.203861034816,0.180269268407,0.148695274123,0.080275056700,,,,,,,,0.067707071719,1.204366666667
85800,0.287372252241,0.286411877635,0.283525313863,0.278694885339,0.271886282130,0.263039790024,0.252054148599,0.238756199356,0.222839330166,0.203722111375,0.180151678408,0.148602079371,0.080169457551,,,,,,,,0.067672927351,1.204333333333
85860,0.287144366218,0.286185113493,0.283301909731,0.278477062623,0.271676238093,0.262839692946,0.251866143870,0.238582425959,0.222681961772,0.203583446014,0.180034301524,0.148509046110,0.080063751177,,,,,,,,0.067638878438,1.204300000000
85920,0.286916934961,0.285958801550,0.283078950123,0.278259671720,0.271466608235,0.262639987646,0.251678503910,0.238408984962,0.222524890906,0.203445038032,0.179917137285,0.148416173761,0.079957935291,,,,,,,,0.067604924569,1.204266666667
85980,0.286689957187,0.285732940531,0.282856433787,0.278042711416,0.271257391398,0.262440673029,0.251491227705,0.238235876363,0.222368116751,0.203306884809,0.179800185127,0.148323461874,0.079852007590,,,,,,,,0.067571065344,1.204233333333
86040,0.286463431617,0.285507529166,0.282634359476,0.277826180502,0.271048586424,0.262241748006,0.251304314248,0.238063099246,0.222211638496,0.203168987484,0.179683444488,0.148230910145,0.079745948907,,,,,,,,0.067537300373,1.204200000000
86100,0.286237356978,0.285282566188,0.282412725945,0.277610077773,0.270840192161,0.262043211494,0.251117762532,0.237890652696,0.222055455333,0.203031345458,0.179566914807,0.148138517895,0.079639772182,,,,,,,,0.067503629275,1.204166666667
86160,0.286011732000,0.285058050336,0.282191531922,0.277394402028,0.270632207388,0.261845062409,0.250931571431,0.237718535806,0.221899566223,0.202893958044,0.179450594852,0.148046284884,0.079533476257,,,,,,,,0.067470051675,1.204133333333
86220,0.285786555418,0.284833980351,0.281970776042,0.277179152072,0.270424630688,0.261647299675,0.250745739483,0.237546747667,0.221743969520,0.202756824554,0.179334481605,0.147954210642,0.079427058743,,,,,,,,0.067436567206,1.204100000000
86280,0.285561825971,0.284610354982,0.281750457240,0.276964326711,0.270217461268,0.261449922217,0.250560266283,0.237375287376,0.221588665501,0.202619944304,0.179218577645,0.147862294593,0.079320504754,,,,,,,,0.067403175505,1.204066666667
86340,0.285337542404,0.284387172979,0.281530574291,0.276749924758,0.270010697993,0.261252928965,0.250375150840,0.237204154033,0.221433653368,0.202483316613,0.179102882417,0.147770536506,0.079213817799,,,,,,,,0.067369876216,1.204033333333
86400,0.285113703464,0.284164433099,0.281311125973,0.276535945028,0.269804339729,0.261056318853,0.250190392165,0.237033346740,0.221278932326,0.202346939994,0.178987395365,0.147678935775,0.079107001558,,,,,,,,0.067336668982,1.204000000000
86460,0.284890314082,0.283942192766,0.281092327915,0.276322868857,0.269599245854,0.260861449077,0.250007981310,0.236865654350,0.221128313875,0.202216006163,0.178879410921,0.147599138548,0.079072908920,,,,,,,,0.067303309640,1.204000000000
86520,0.284667379144,0.283720404199,0.280873973618,0.276110223183,0.269394564073,0.260666967999,0.249825930916,0.236698289482,0.220977985348,0.202085319845,0.178771626076,0.147519485061,0.079038827523,,,,,,,,0.067269944830,1.204000000000
86580,0.284444897337,0.283499066095,0.280656061802,0.275898006769,0.269190293206,0.260472874509,0.249644239961,0.236531251214,0.220827945939,0.201954880359,0.178664040289,0.147439974911,0.079004794372,,,,,,,,0.067236639948,1.204000000000
86640,0.284222867353,0.283278177154,0.280438591191,0.275686218381,0.268986432075,0.260279167502,0.249462907428,0.236364538627,0.220678194840,0.201824687025,0.178556653019,0.147360607688,0.078970821728,,,,,,,,0.067203409846,1.204000000000
86700,0.284001287889,0.283057736079,0.280221560516,0.275474856789,0.268782979508,0.260085845878,0.249281932301,0.236198150806,0.220528731251,0.201694739167,0.178449463725,0.147281382960,0.078936915197,,,,,,,,0.067170260874,1.204000000000
86760,0.283780157645,0.282837741582,0.280004968511,0.275263920768,0.268579934338,0.259892908540,0.249101313569,0.236032086840,0.220379554370,0.201565036111,0.178342471870,0.147202300266,0.078903077795,,,,,,,,0.067137196324,1.204000000000
86820,0.283559475328,0.282618192375,0.279788813914,0.275053409099,0.268377295399,0.259700354395,0.248921050225,0.235866345818,0.220230663402,0.201435577185,0.178235676917,0.147123359134,0.078869311293,,,,,,,,0.067104218076,1.204000000000
86880,0.283339239648,0.282399087178,0.279573095469,0.274843320565,0.268175061532,0.259508182353,0.248741141264,0.235700926835,0.220082057552,0.201306361720,0.178129078331,0.147044559089,0.078835616783,,,,,,,,0.067071327257,1.204000000000
86940,0.283119449320,0.282180424714,0.279357811924,0.274633653954,0.267973231581,0.259316391330,0.248561585686,0.235535828990,0.219933736029,0.201177389048,0.178022675577,0.146965899670,0.078801994954,,,,,,,,0.067038524557,1.204000000000
87000,0.282900103064,0.281962203711,0.279142962031,0.274424408060,0.267771804394,0.259124980245,0.248382382495,0.235371051383,0.219785698045,0.201048658505,0.177916468119,0.146887380424,0.078768446236,,,,,,,,0.067005810385,1.204000000000
87060,0.282681199604,0.281744422901,0.278928544546,0.274215581678,0.267570778823,0.258933948020,0.248203530696,0.235206593118,0.219637942814,0.200920169428,0.177810455424,0.146809000918,0.078734970887,,,,,,,,0.066973184969,1.204000000000
87120,0.282462737670,0.281527081022,0.278714558232,0.274007173610,0.267370153726,0.258743293581,0.248025029300,0.235042453303,0.219490469554,0.200791921155,0.177704636958,0.146730760728,0.078701569048,,,,,,,,0.066940648412,1.204000000000
87180,0.282244715994,0.281310176815,0.278501001853,0.273799182662,0.267169927963,0.258553015859,0.247846877321,0.234878631047,0.219343277485,0.200663913030,0.177599012187,0.146652659445,0.078668240773,,,,,,,,0.066908200727,1.204000000000
87240,0.282027133315,0.281093709025,0.278287874180,0.273591607643,0.266970100397,0.258363113787,0.247669073777,0.234715125466,0.219196365829,0.200536144394,0.177493580578,0.146574696671,0.078634986056,,,,,,,,0.066875841862,1.204000000000
87300,0.281809988376,0.280877676405,0.278075173987,0.273384447368,0.266770669899,0.258173586304,0.247491617686,0.234551935674,0.219049733812,0.200408614593,0.177388341599,0.146496872015,0.078601804842,,,,,,,,0.066843571716,1.204000000000
87360,0.281593279923,0.280662077708,0.277862900054,0.273177700654,0.266571635340,0.257984432351,0.247314508075,0.234389060793,0.218903380662,0.200281322976,0.177283294721,0.146419185097,0.078568697041,,,,,,,,0.066811390152,1.204000000000
87420,0.281377006707,0.280446911694,0.277651051162,0.272971366324,0.266372995598,0.257795650873,0.247137743971,0.234226499945,0.218757305610,0.200154268892,0.177178439414,0.146341635539,0.078535662534,,,,,,,,0.066779297002,1.204000000000
87480,0.281161167486,0.280232177127,0.277439626100,0.272765443205,0.266174749553,0.257607240819,0.246961324404,0.234064252257,0.218611507889,0.200027451692,0.177073775153,0.146264222972,0.078502701184,,,,,,,,0.066747292078,1.204000000000
87540,0.280945761018,0.280017872775,0.277228623660,0.272559930128,0.265976896090,0.257419201143,0.246785248409,0.233902316857,0.218465986737,0.199900870730,0.176969301411,0.146186947029,0.078469812833,,,,,,,,0.066715375173,1.204000000000
87600,0.280730786070,0.279803997411,0.277018042638,0.272354825927,0.265779434096,0.257231530801,0.246609515024,0.233740692878,0.218320741391,0.199774525361,0.176865017668,0.146109807347,0.078436997311,,,,,,,,0.066683546068,1.204000000000
87660,0.280516241410,0.279590549812,0.276807881834,0.272150129441,0.265582362466,0.257044228752,0.246434123291,0.233579379456,0.218175771093,0.199648414943,0.176760923402,0.146032803567,0.078404254435,,,,,,,,0.066651804530,1.204000000000
87720,0.280302125811,0.279377528760,0.276598140053,0.271945839515,0.265385680096,0.256857293961,0.246259072254,0.233418375728,0.218031075087,0.199522538835,0.176657018096,0.145955935331,0.078371584017,,,,,,,,0.066620150319,1.204000000000
87780,0.280088438053,0.279164933039,0.276388816104,0.271741954994,0.265189385885,0.256670725396,0.246084360961,0.233257680837,0.217886652620,0.199396896399,0.176553301234,0.145879202286,0.078338985857,,,,,,,,0.066588583185,1.204000000000
87840,0.279875176916,0.278952761441,0.276179908800,0.271538474731,0.264993478738,0.256484522027,0.245909988465,0.233097293926,0.217742502941,0.199271486998,0.176449772303,0.145802604078,0.078306459751,,,,,,,,0.066557102874,1.204000000000
87900,0.279662341188,0.278741012759,0.275971416959,0.271335397582,0.264797957564,0.256298682830,0.245735953818,0.232937214143,0.217598625301,0.199146309998,0.176346430792,0.145726140357,0.078274005491,,,,,,,,0.066525709127,1.204000000000
87960,0.279449929660,0.278529685793,0.275763339402,0.271132722405,0.264602821274,0.256113206782,0.245562256081,0.232777440638,0.217455018955,0.199021364766,0.176243276192,0.145649810772,0.078241622864,,,,,,,,0.066494401680,1.204000000000
88020,0.279237941127,0.278318779345,0.275555674955,0.270930448064,0.264408068784,0.255928092867,0.245388894314,0.232617972565,0.217311683160,0.198896650673,0.176140307998,0.145573614976,0.078209311653,,,,,,,,0.066463180266,1.204000000000
88080,0.279026374389,0.278108292221,0.275348422448,0.270728573428,0.264213699015,0.255743340069,0.245215867582,0.232458809080,0.217168617174,0.198772167090,0.176037525704,0.145497552622,0.078177071640,,,,,,,,0.066432044615,1.204000000000
88140,0.278815228249,0.277898223235,0.275141580715,0.270527097367,0.264019710888,0.255558947378,0.245043174953,0.232299949343,0.217025820261,0.198647913390,0.175934928810,0.145421623364,0.078144902602,,,,,,,,0.066400994456,1.204000000000
88200,0.278604501515,0.277688571201,0.274935148594,0.270326018757,0.263826103333,0.255374913786,0.244870815498,0.232141392515,0.216883291683,0.198523888952,0.175832516816,0.145345826858,0.078112804317,,,,,,,,0.066370029541,1.204000000000
88260,0.278394187182,0.277479278474,0.274728915787,0.270124870792,0.263632044314,0.255189925817,0.244696861930,0.231980437160,0.216737336354,0.198395053628,0.175723195788,0.145258804347,0.078008575942,,,,,,,,0.066339383722,1.203966666667
88320,0.278184278297,0.277270388930,0.274523079391,0.269924108018,0.263438354918,0.255005287678,0.244523234313,0.231819779306,0.216591647442,0.198266449099,0.175614065650,0.145171925995,0.077904260685,,,,,,,,0.066308913724,1.203933333333
88380,0.277974773747,0.277061901463,0.274317638320,0.269723729384,0.263245034140,0.254820998218,0.244349931770,0.231659418773,0.216446224239,0.198138074754,0.175505124482,0.145085191169,0.077799816927,,,,,,,,0.066278556938,1.203900000000
88440,0.277765672425,0.276853814973,0.274112591495,0.269523733843,0.263052080978,0.254637056367,0.244176953424,0.231499354767,0.216301066039,0.198009929988,0.175396370906,0.144998599779,0.077695242014,,,,,,,,0.066248298908,1.203866666667
88500,0.277556973226,0.276646128363,0.273907937837,0.269324120349,0.262859494432,0.254453461514,0.244004298404,0.231339586495,0.216156171272,0.197882014194,0.175287806730,0.144912151384,0.077590527858,,,,,,,,0.066218133161,1.203833333333
88560,0.277348675052,0.276438840539,0.273703676273,0.269124887861,0.262667273507,0.254270212719,0.243831965841,0.231180113168,0.216011539705,0.197754326769,0.175179431459,0.144825845607,0.077485666444,,,,,,,,0.066188056073,1.203800000000
88620,0.277140776805,0.276231950411,0.273499805733,0.268926035343,0.262475417210,0.254087309048,0.243659954868,0.231020933998,0.215867171040,0.197626867112,0.175071244600,0.144739682319,0.077380637455,,,,,,,,0.066158065332,1.203766666667
88680,0.276933277393,0.276025456894,0.273296325150,0.268727561512,0.262283924554,0.253904749570,0.243488264035,0.230862048201,0.215723064581,0.197499632956,0.174963245665,0.144653661028,0.077275454586,,,,,,,,0.066128159327,1.203733333333
88740,0.276726175726,0.275819358905,0.273093233463,0.268529465543,0.262092794553,0.253722533355,0.243316892968,0.230703454994,0.215579219634,0.197372625086,0.174855434165,0.144567781572,0.077170114214,,,,,,,,0.066098336852,1.203700000000
88800,0.276519470721,0.275613655366,0.272890529612,0.268331746454,0.261902026224,0.253540659479,0.243145840911,0.230545153598,0.215435635508,0.197245843196,0.174747807432,0.144482043681,0.077064612919,,,,,,,,0.066068596959,1.203666666667
88860,0.276313161295,0.275408345201,0.272688212541,0.268134403220,0.261711618589,0.253359127018,0.242975107009,0.230387142677,0.215292311514,0.197119286694,0.174640365647,0.144396446840,0.076958929913,,,,,,,,0.066038938872,1.203633333333
88920,0.276107246370,0.275203427339,0.272486281199,0.267937434823,0.261521570673,0.253177935054,0.242804690410,0.230229421671,0.215149246964,0.196992954987,0.174533109858,0.144310990960,0.076853075410,,,,,,,,0.066009361930,1.203600000000
88980,0.275901724873,0.274998900713,0.272284734537,0.267740840246,0.261331881425,0.252997082670,0.242634590265,0.230071990155,0.215006440930,0.196866847489,0.174426039590,0.144225675578,0.076747049822,,,,,,,,0.065979865558,1.203566666667
89040,0.275696595733,0.274794764258,0.272083571510,0.267544618475,0.261142549633,0.252816568954,0.242464805727,0.229914847360,0.214863891957,0.196740963613,0.174319154370,0.144140500351,0.076640849980,,,,,,,,0.065950449242,1.203533333333
89100,0.275491857883,0.274591016914,0.271882791077,0.267348768502,0.260953574653,0.252636392995,0.242295335954,0.229757992520,0.214721600382,0.196615302174,0.174212453727,0.144055465068,0.076534461038,,,,,,,,0.065921112515,1.203500000000
89160,0.275287510259,0.274387657625,0.271682392201,0.267153289320,0.260764955524,0.252456553886,0.242126180105,0.229601424871,0.214579565528,0.196489861842,0.174105937193,0.143970569152,0.076427880870,,,,,,,,0.065891854947,1.203466666667
89220,0.275083551802,0.274184685336,0.271482373848,0.266958179927,0.260576691286,0.252277050306,0.241957337342,0.229445143652,0.214437786720,0.196364643387,0.173999601347,0.143885812440,0.076321116421,,,,,,,,0.065862676135,1.203433333333
89280,0.274879981457,0.273982098999,0.271282734985,0.266763439324,0.260388780984,0.252097881666,0.241788806831,0.229289148102,0.214296263283,0.196239646233,0.173893447937,0.143801194555,0.076214164469,,,,,,,,0.065833575699,1.203400000000
89340,0.274676798170,0.273779897567,0.271083474588,0.266569066514,0.260201223664,0.251919047176,0.241620587374,0.229133437467,0.214154994547,0.196114869803,0.173787477245,0.143716714993,0.076107016540,,,,,,,,0.065804553278,1.203366666667
89400,0.274474000893,0.273578079997,0.270884591631,0.266375060505,0.260014018379,0.251740545940,0.241452678192,0.228978010993,0.214013979843,0.195990313525,0.173681688809,0.143632373601,0.075999656689,,,,,,,,0.065775608527,1.203333333333
89460,0.274271588580,0.273376645250,0.270686085094,0.266181420308,0.259827164181,0.251562377066,0.241285078774,0.228822867100,0.213873218504,0.195865976826,0.173576082167,0.143548169864,0.075892098957,,,,,,,,0.065746741110,1.203300000000
89520,0.274069560189,0.273175592292,0.270487953960,0.265988144936,0.259640660127,0.251384539666,0.241117788297,0.228668005796,0.213732708979,0.195741859138,0.173470656861,0.143464103470,0.075784339976,,,,,,,,0.065717950706,1.203266666667
89580,0.273867914682,0.272974920089,0.270290197217,0.265795233408,0.259454505278,0.251207032854,0.240950805940,0.228513426408,0.213592451128,0.195617958409,0.173365412392,0.143380174170,0.075676376335,,,,,,,,0.065689237000,1.203233333333
89640,0.273666651024,0.272774627613,0.270092813854,0.265602684745,0.259268698697,0.251029855748,0.240784130884,0.228359128191,0.213452444658,0.195494275105,0.173260344691,0.143296381349,0.075568182566,,,,,,,,0.065660599687,1.203200000000
89700,0.273465768185,0.272574713839,0.269895802865,0.265410497969,0.259083239450,0.250853007466,0.240617762314,0.228205110405,0.213312688911,0.195370809119,0.173155456956,0.143212724894,0.075459774686,,,,,,,,0.065632038466,1.203166666667
89760,0.273265265135,0.272375177745,0.269699163245,0.265218672109,0.258898126608,0.250676487133,0.240451699417,0.228051372310,0.213173183232,0.195247559891,0.173050748732,0.143129204373,0.075351151072,,,,,,,,0.065603553044,1.203133333333
89820,0.273065140851,0.272176018314,0.269502893997,0.265027206196,0.258713359242,0.250500293875,0.240285941383,0.227897913169,0.213033926968,0.195124526860,0.172946219565,0.143045819334,0.075242308116,,,,,,,,0.065575143133,1.203100000000
89880,0.272865394311,0.271977234530,0.269306994122,0.264836099262,0.258528936429,0.250324426820,0.240120487404,0.227744732249,0.212894919468,0.195001709471,0.172841869000,0.142962569603,0.075133227189,,,,,,,,0.065546808449,1.203066666667
89940,0.272666024499,0.271778825381,0.269111462629,0.264645350346,0.258344857247,0.250148885100,0.239955336675,0.227591828819,0.212756160084,0.194879107167,0.172737696586,0.142879454646,0.075023909058,,,,,,,,0.065518548712,1.203033333333
90000,0.272467030400,0.271580789840,0.268916298484,0.264454958422,0.258161120690,0.249973667733,0.239790488243,0.227439201947,0.212617647887,0.194756718960,0.172633701040,0.142796474204,0.074914359822,,,,,,,,0.065490363640,1.203000000000
90060,0.272268416501,0.271383181451,0.268721703068,0.264265373656,0.257978531088,0.249800046854,0.239627810904,0.227289474780,0.212482976123,0.194639454510,0.172536813237,0.142724787153,0.074885128705,,,,,,,,0.065462027676,1.203000000000
90120,0.272070187252,0.271185955475,0.268527483374,0.264076153523,0.257796290723,0.249626755618,0.239465439534,0.227140025915,0.212348551015,0.194522400907,0.172440095646,0.142653222561,0.074855895514,,,,,,,,0.065433679853,1.203000000000
90180,0.271872341586,0.270989110851,0.268333638362,0.263887297016,0.257614398635,0.249453793123,0.239303373300,0.226990854603,0.212214371906,0.194405557596,0.172343547824,0.142581780101,0.074826699735,,,,,,,,0.065405379080,1.203000000000
90240,0.271674878439,0.270792646524,0.268140166995,0.263698803134,0.257432853866,0.249281158471,0.239141611374,0.226841960096,0.212080438138,0.194288924023,0.172247169330,0.142510459443,0.074797552939,,,,,,,,0.065377138367,1.203000000000
90300,0.271477796753,0.270596561442,0.267947068242,0.263510670877,0.257251655463,0.249108850766,0.238980152929,0.226693341646,0.211946749057,0.194172499637,0.172150959726,0.142439260243,0.074768460262,,,,,,,,0.065348963217,1.203000000000
90360,0.271281095473,0.270400854554,0.267754341074,0.263322899249,0.257070802476,0.248936869115,0.238818997142,0.226544998512,0.211813304012,0.194056283886,0.172054918573,0.142368182134,0.074739424430,,,,,,,,0.065320856472,1.203000000000
90420,0.271084773546,0.270205524817,0.267561984465,0.263135487257,0.256890293958,0.248765212629,0.238658143193,0.226396929953,0.211680102352,0.193940276224,0.171959045434,0.142297224739,0.074710447036,,,,,,,,0.065292819755,1.203000000000
90480,0.270888829924,0.270010571188,0.267369997393,0.262948433913,0.256710128965,0.248593880422,0.238497590263,0.226249135231,0.211547143429,0.193824476104,0.171863339873,0.142226387675,0.074681529063,,,,,,,,0.065264854042,1.203000000000
90540,0.270693263563,0.269815992630,0.267178378841,0.262761738231,0.256530306557,0.248422871609,0.238337337539,0.226101613610,0.211414426599,0.193708882982,0.171767801455,0.142155670569,0.074652671133,,,,,,,,0.065236959934,1.203000000000
90600,0.270498073422,0.269621788108,0.266987127794,0.262575399228,0.256350825796,0.248252185311,0.238177384208,0.225954364357,0.211281951218,0.193593496315,0.171672429745,0.142085073052,0.074623873640,,,,,,,,0.065209137796,1.203000000000
90660,0.270303258463,0.269427956592,0.266796243240,0.262389415927,0.256171685749,0.248081820651,0.238017729460,0.225807386742,0.211149716646,0.193478315562,0.171577224308,0.142014594768,0.074595136829,,,,,,,,0.065181387839,1.203000000000
90720,0.270108817653,0.269234497054,0.266605724172,0.262203787351,0.255992885485,0.247911776754,0.237858372489,0.225660680037,0.211017722243,0.193363340183,0.171482184709,0.141944235372,0.074566460840,,,,,,,,0.065153710165,1.203000000000
90780,0.269914749961,0.269041408470,0.266415569585,0.262018512529,0.255814424075,0.247742052749,0.237699312492,0.225514243517,0.210885967374,0.193248569643,0.171387310515,0.141873994528,0.074537845739,,,,,,,,0.065126104805,1.203000000000
90840,0.269721054362,0.268848689822,0.266225778480,0.261833590492,0.255636300597,0.247572647768,0.237540548668,0.225368076459,0.210754451403,0.193134003403,0.171292601293,0.141803871910,0.074509291538,,,,,,,,0.065098571731,1.203000000000
90900,0.269527729832,0.268656340092,0.266036349858,0.261649020274,0.255458514128,0.247403560945,0.237382080217,0.225222178141,0.210623173698,0.193019640931,0.171198056608,0.141733867197,0.074480798210,,,,,,,,0.065071110876,1.203000000000
90960,0.269334775351,0.268464358266,0.265847282727,0.261464800914,0.255281063751,0.247234791418,0.237223906345,0.225076547847,0.210492133630,0.192905481694,0.171103676030,0.141663980077,0.074452365694,,,,,,,,0.065043722141,1.203000000000
91020,0.269142189904,0.268272743336,0.265658576094,0.261280931453,0.255103948550,0.247066338327,0.237066026259,0.224931184860,0.210361330571,0.192791525160,0.171009459128,0.141594210242,0.074423993908,,,,,,,,0.065016405403,1.203000000000
91080,0.268949972477,0.268081494296,0.265470228975,0.261097410935,0.254927167615,0.246898200817,0.236908439169,0.224786088468,0.210230763893,0.192677770801,0.170915405472,0.141524557388,0.074395682748,,,,,,,,0.064989160520,1.203000000000
91140,0.268758122063,0.267890610142,0.265282240384,0.260914238409,0.254750720036,0.246730378033,0.236751144287,0.224641257959,0.210100432975,0.192564218088,0.170821514635,0.141455021216,0.074367432099,,,,,,,,0.064961987337,1.203000000000
91200,0.268566637656,0.267700089876,0.265094609342,0.260731412925,0.254574604908,0.246562869126,0.236594140829,0.224496692626,0.209970337193,0.192450866495,0.170727786190,0.141385601428,0.074339241832,,,,,,,,0.064934885685,1.203000000000
91260,0.268375518253,0.267509932502,0.264907334872,0.260548933538,0.254398821328,0.246395673246,0.236437428012,0.224352391762,0.209840475929,0.192337715498,0.170634219712,0.141316297732,0.074311111807,,,,,,,,0.064907855386,1.203000000000
91320,0.268184762857,0.267320137028,0.264720416001,0.260366799306,0.254223368398,0.246228789550,0.236281005058,0.224208354665,0.209710848565,0.192224764573,0.170540814780,0.141247109836,0.074283041879,,,,,,,,0.064880896254,1.203000000000
91380,0.267994370471,0.267130702465,0.264533851758,0.260185009289,0.254048245221,0.246062217196,0.236124871189,0.224064580633,0.209581454485,0.192112013198,0.170447570970,0.141178037450,0.074255031895,,,,,,,,0.064854008098,1.203000000000
91440,0.267804340105,0.266941627827,0.264347641176,0.260003562552,0.253873450903,0.245895955344,0.235969025631,0.223921068967,0.209452293076,0.191999460854,0.170354487864,0.141109080287,0.074227081697,,,,,,,,0.064827190720,1.203000000000
91500,0.267614670769,0.266752912132,0.264161783293,0.259822458162,0.253698984555,0.245730003159,0.235813467613,0.223777818971,0.209323363726,0.191887107021,0.170261565045,0.141040238059,0.074199191123,,,,,,,,0.064800443919,1.203000000000
91560,0.267425361479,0.266564554402,0.263976277148,0.259641695189,0.253524845290,0.245564359806,0.235658196367,0.223634829951,0.209194665825,0.191774951184,0.170168802096,0.140971510483,0.074171360006,,,,,,,,0.064773767490,1.203000000000
91620,0.267236411254,0.266376553661,0.263791121784,0.259461272708,0.253351032223,0.245399024456,0.235503211125,0.223492101216,0.209066198767,0.191662992827,0.170076198604,0.140902897274,0.074143588180,,,,,,,,0.064747161225,1.203000000000
91680,0.267047819115,0.266188908937,0.263606316247,0.259281189794,0.253177544475,0.245233996281,0.235348511125,0.223349632076,0.208937961946,0.191551231437,0.169983754156,0.140834398149,0.074115875471,,,,,,,,0.064720624915,1.203000000000
91740,0.266859584087,0.266001619262,0.263421859588,0.259101445528,0.253004381165,0.245069274455,0.235194095605,0.223207421843,0.208809954758,0.191439666501,0.169891468341,0.140766012828,0.074088221707,,,,,,,,0.064694158347,1.203000000000
91800,0.266671705200,0.265814683670,0.263237750859,0.258922038994,0.252831541421,0.244904858158,0.235039963807,0.223065469834,0.208682176601,0.191328297510,0.169799340751,0.140697741028,0.074060626713,,,,,,,,0.064667761308,1.203000000000
91860,0.266484181484,0.265628101199,0.263053989117,0.258742969277,0.252659024368,0.244740746569,0.234886114975,0.222923775366,0.208554626876,0.191217123955,0.169707370978,0.140629582471,0.074033090314,,,,,,,,0.064641433584,1.203000000000
91920,0.266297011975,0.265441870891,0.262870573420,0.258564235467,0.252486829140,0.244576938872,0.234732548356,0.222782337759,0.208427304986,0.191106145328,0.169615558618,0.140561536876,0.074005612331,,,,,,,,0.064615174958,1.203000000000
91980,0.266110195712,0.265255991789,0.262687502831,0.258385836656,0.252314954868,0.244413434254,0.234579263198,0.222641156335,0.208300210334,0.190995361126,0.169523903265,0.140493603967,0.073978192587,,,,,,,,0.064588985214,1.203000000000
92040,0.265923731736,0.265070462942,0.262504776417,0.258207771940,0.252143400691,0.244250231903,0.234426258755,0.222500230418,0.208173342326,0.190884770844,0.169432404519,0.140425783465,0.073950830903,,,,,,,,0.064562864135,1.203000000000
92100,0.265737619092,0.264885283401,0.262322393245,0.258030040417,0.251972165748,0.244087331011,0.234273534279,0.222359559335,0.208046700372,0.190774373981,0.169341061979,0.140358075095,0.073923527101,,,,,,,,0.064536811504,1.203000000000
92160,0.265551856828,0.264700452220,0.262140352389,0.257852641190,0.251801249181,0.243924730773,0.234121089028,0.222219142415,0.207920283881,0.190664170036,0.169249875244,0.140290478579,0.073896281000,,,,,,,,0.064510827103,1.203000000000
92220,0.265366443997,0.264515968457,0.261958652924,0.257675573364,0.251630650136,0.243762430386,0.233968922261,0.222078978989,0.207794092265,0.190554158511,0.169158843919,0.140222993643,0.073869092421,,,,,,,,0.064484910714,1.203000000000
92280,0.265181379652,0.264331831171,0.261777293927,0.257498836045,0.251460367762,0.243600429051,0.233817033240,0.221939068390,0.207668124938,0.190444338909,0.169067967606,0.140155620012,0.073841961183,,,,,,,,0.064459062119,1.203000000000
92340,0.264996662853,0.264148039428,0.261596274482,0.257322428345,0.251290401210,0.243438725968,0.233665421229,0.221799409955,0.207542381315,0.190334710735,0.168977245912,0.140088357414,0.073814887108,,,,,,,,0.064433281100,1.203000000000
92400,0.264812292659,0.263964592294,0.261415593672,0.257146349378,0.251120749635,0.243277320345,0.233514085494,0.221660003020,0.207416860816,0.190225273497,0.168886678443,0.140021205574,0.073787870015,,,,,,,,0.064407567440,1.203000000000
92460,0.264628268135,0.263781488840,0.261235250585,0.256970598260,0.250951412192,0.243116211389,0.233363025306,0.221520846926,0.207291562859,0.190116026701,0.168796264808,0.139954164221,0.073760909725,,,,,,,,0.064381920922,1.203000000000
92520,0.264444588350,0.263598728138,0.261055244312,0.256795174113,0.250782388044,0.242955398311,0.233212239936,0.221381941015,0.207166486867,0.190006969859,0.168706004617,0.139887233083,0.073734006057,,,,,,,,0.064356341327,1.203000000000
92580,0.264261252373,0.263416309266,0.260875573948,0.256620076057,0.250613676351,0.242794880324,0.233061728657,0.221243284632,0.207041632262,0.189898102481,0.168615897481,0.139820411889,0.073707158834,,,,,,,,0.064330828440,1.203000000000
92640,0.264078259279,0.263234231303,0.260696238589,0.256445303220,0.250445276280,0.242634656644,0.232911490747,0.221104877122,0.206916998470,0.189789424082,0.168525943012,0.139753700369,0.073680367875,,,,,,,,0.064305382043,1.203000000000
92700,0.263895608145,0.263052493332,0.260517237335,0.256270854730,0.250277186999,0.242474726490,0.232761525484,0.220966717835,0.206792584918,0.189680934175,0.168436140825,0.139687098255,0.073653633002,,,,,,,,0.064280001920,1.203000000000
92760,0.263713298050,0.262871094440,0.260338569290,0.256096729719,0.250109407680,0.242315089083,0.232611832150,0.220828806122,0.206668391037,0.189572632278,0.168346490535,0.139620605277,0.073626954036,,,,,,,,0.064254687856,1.203000000000
92820,0.263531328078,0.262690033714,0.260160233561,0.255922927322,0.249941937496,0.242155743648,0.232462410029,0.220691141335,0.206544416256,0.189464517909,0.168256991759,0.139554221167,0.073600330800,,,,,,,,0.064229439635,1.203000000000
92880,0.263349697316,0.262509310248,0.259982229255,0.255749446675,0.249774775625,0.241996689410,0.232313258406,0.220553722829,0.206420660009,0.189356590587,0.168167644116,0.139487945658,0.073573763117,,,,,,,,0.064204257043,1.203000000000
92940,0.263168404853,0.262328923135,0.259804555486,0.255576286920,0.249607921246,0.241837925598,0.232164376570,0.220416549963,0.206297121730,0.189248849835,0.168078447224,0.139421778485,0.073547250808,,,,,,,,0.064179139866,1.203000000000
93000,0.262987449782,0.262148871476,0.259627211369,0.255403447201,0.249441373541,0.241679451445,0.232015763812,0.220279622094,0.206173800857,0.189141295175,0.167989400704,0.139355719381,0.073520793699,,,,,,,,0.064154087889,1.203000000000
93060,0.262806831198,0.261969154371,0.259450196022,0.255230926663,0.249275131695,0.241521266185,0.231867419425,0.220142938586,0.206050696828,0.189033926132,0.167900504178,0.139289768081,0.073494391611,,,,,,,,0.064129100901,1.203000000000
93120,0.262626548200,0.261789770924,0.259273508566,0.255058724455,0.249109194897,0.241363369054,0.231719342705,0.220006498801,0.205927809084,0.188926742233,0.167811757271,0.139223924322,0.073468044371,,,,,,,,0.064104178687,1.203000000000
93180,0.262446599889,0.261610720243,0.259097148126,0.254886839730,0.248943562337,0.241205759293,0.231571532950,0.219870302105,0.205805137066,0.188819743005,0.167723159605,0.139158187839,0.073441751803,,,,,,,,0.064079321037,1.203000000000
93240,0.262266985371,0.261432001438,0.258921113829,0.254715271643,0.248778233208,0.241048436142,0.231423989460,0.219734347866,0.205682680219,0.188712927978,0.167634710808,0.139092558371,0.073415513732,,,,,,,,0.064054527739,1.203000000000
93300,0.262087703754,0.261253613622,0.258745404805,0.254544019351,0.248613206707,0.240891398846,0.231276711538,0.219598635455,0.205560437989,0.188606296683,0.167546410507,0.139027035654,0.073389329984,,,,,,,,0.064029798583,1.203000000000
93360,0.261908754147,0.261075555913,0.258570020186,0.254373082016,0.248448482031,0.240734646653,0.231129698489,0.219463164242,0.205438409824,0.188499848653,0.167458258329,0.138961619429,0.073363200387,,,,,,,,0.064005133359,1.203000000000
93420,0.261730135666,0.260897827429,0.258394959110,0.254202458799,0.248284058382,0.240578178811,0.230982949620,0.219327933602,0.205316595173,0.188393583421,0.167370253905,0.138896309434,0.073337124767,,,,,,,,0.063980531857,1.203000000000
93480,0.261551847426,0.260720427293,0.258220220714,0.254032148868,0.248119934965,0.240421994574,0.230836464240,0.219192942911,0.205194993488,0.188287500525,0.167282396865,0.138831105410,0.073311102953,,,,,,,,0.063955993869,1.203000000000
93540,0.261373888547,0.260543354629,0.258045804141,0.253862151392,0.247956110987,0.240266093194,0.230690241662,0.219058191548,0.205073604221,0.188181599500,0.167194686842,0.138766007097,0.073285134772,,,,,,,,0.063931519188,1.203000000000
93600,0.261196258153,0.260366608567,0.257871708535,0.253692465542,0.247792585655,0.240110473930,0.230544281199,0.218923678892,0.204952426829,0.188075879887,0.167107123469,0.138701014238,0.073259220054,,,,,,,,0.063907107604,1.203000000000
93660,0.261018955369,0.260190188237,0.257697933044,0.253523090493,0.247629358184,0.239955136041,0.230398582167,0.218789404327,0.204831460768,0.187970341225,0.167019706380,0.138636126576,0.073233358628,,,,,,,,0.063882758913,1.203000000000
93720,0.260841979324,0.260014092773,0.257524476817,0.253354025422,0.247466427786,0.239800078789,0.230253143887,0.218655367235,0.204710705497,0.187864983056,0.166932435211,0.138571343853,0.073207550325,,,,,,,,0.063858472909,1.203000000000
93780,0.260665329148,0.259838321313,0.257351339009,0.253185269510,0.247303793680,0.239645301437,0.230107965677,0.218521567004,0.204590160476,0.187759804925,0.166845309600,0.138506665813,0.073181794975,,,,,,,,0.063834249385,1.203000000000
93840,0.260489003977,0.259662872997,0.257178518776,0.253016821939,0.247141455086,0.239490803254,0.229963046862,0.218388003022,0.204469825167,0.187654806376,0.166758329184,0.138442092202,0.073156092410,,,,,,,,0.063810088138,1.203000000000
93900,0.260313002948,0.259487746966,0.257006015276,0.252848681895,0.246979411225,0.239336583507,0.229818386767,0.218254674679,0.204349699034,0.187549986955,0.166671493602,0.138377622765,0.073130442462,,,,,,,,0.063785988964,1.203000000000
93960,0.260137325202,0.259312942367,0.256833827670,0.252680848566,0.246817661324,0.239182641470,0.229673984720,0.218121581368,0.204229781544,0.187445346210,0.166584802495,0.138313257247,0.073104844964,,,,,,,,0.063761951660,1.203000000000
94020,0.259961969880,0.259138458348,0.256661955125,0.252513321143,0.246656204609,0.239028976415,0.229529840049,0.217988722483,0.204110072163,0.187340883692,0.166498255506,0.138248995398,0.073079299749,,,,,,,,0.063737976024,1.203000000000
94080,0.259786936130,0.258964294061,0.256490396806,0.252346098821,0.246495040311,0.238875587620,0.229385952088,0.217856097421,0.203990570361,0.187236598950,0.166411852275,0.138184836963,0.073053806651,,,,,,,,0.063714061853,1.203000000000
94140,0.259612223101,0.258790448660,0.256319151884,0.252179180794,0.246334167662,0.238722474363,0.229242320171,0.217723705579,0.203871275609,0.187132491539,0.166325592448,0.138120781692,0.073028365506,,,,,,,,0.063690208948,1.203000000000
94200,0.259437829943,0.258616921301,0.256148219532,0.252012566263,0.246173585899,0.238569635926,0.229098943634,0.217591546358,0.203752187379,0.187028561010,0.166239475670,0.138056829335,0.073002976147,,,,,,,,0.063666417108,1.203000000000
94260,0.259263755811,0.258443711145,0.255977598925,0.251846254428,0.246013294259,0.238417071592,0.228955821815,0.217459619161,0.203633305147,0.186924806921,0.166153501587,0.137992979640,0.072977638412,,,,,,,,0.063642686133,1.203000000000
94320,0.259089999864,0.258270817354,0.255807289242,0.251680244496,0.245853291982,0.238264780647,0.228812954055,0.217327923392,0.203514628388,0.186821228827,0.166067669845,0.137929232359,0.072952352136,,,,,,,,0.063619015825,1.203000000000
94380,0.258916561261,0.258098239094,0.255637289665,0.251514535672,0.245693578311,0.238112762380,0.228670339698,0.217196458456,0.203396156580,0.186717826288,0.165981980095,0.137865587244,0.072927117157,,,,,,,,0.063595405986,1.203000000000
94440,0.258743439164,0.257925975533,0.255467599375,0.251349127166,0.245534152492,0.237961016082,0.228527978089,0.217065223763,0.203277889203,0.186614598862,0.165896431985,0.137802044047,0.072901933313,,,,,,,,0.063571856418,1.203000000000
94500,0.258570632741,0.257754025842,0.255298217562,0.251184018190,0.245375013773,0.237809541045,0.228385868574,0.216934218721,0.203159825739,0.186511546111,0.165811025167,0.137738602521,0.072876800443,,,,,,,,0.063548366925,1.203000000000
94560,0.258398141159,0.257582389194,0.255129143413,0.251019207960,0.245216161403,0.237658336565,0.228244010503,0.216803442744,0.203041965669,0.186408667598,0.165725759292,0.137675262420,0.072851718385,,,,,,,,0.063524937312,1.203000000000
94620,0.258225963590,0.257411064766,0.254960376120,0.250854695693,0.245057594637,0.237507401940,0.228102403228,0.216672895245,0.202924308480,0.186305962887,0.165640634013,0.137612023498,0.072826686979,,,,,,,,0.063501567382,1.203000000000
94680,0.258054099207,0.257240051738,0.254791914879,0.250690480609,0.244899312730,0.237356736469,0.227961046102,0.216542575640,0.202806853657,0.186203431543,0.165555648985,0.137548885511,0.072801706065,,,,,,,,0.063478256942,1.203000000000
94740,0.257882547188,0.257069349292,0.254623758886,0.250526561931,0.244741314938,0.237206339456,0.227819938482,0.216412483347,0.202689600689,0.186101073133,0.165470803862,0.137485848215,0.072776775486,,,,,,,,0.063455005797,1.203000000000
94800,0.257711306713,0.256898956611,0.254455907342,0.250362938884,0.244583600523,0.237056210204,0.227679079724,0.216282617786,0.202572549064,0.185998887226,0.165386098301,0.137422911367,0.072751895082,,,,,,,,0.063431813756,1.203000000000
94860,0.257540376963,0.256728872884,0.254288359449,0.250199610696,0.244426168748,0.236906348020,0.227538469190,0.216152978377,0.202455698276,0.185896873391,0.165301531960,0.137360074724,0.072727064695,,,,,,,,0.063408680625,1.203000000000
94920,0.257369757123,0.256559097301,0.254121114412,0.250036576598,0.244269018877,0.236756752215,0.227398106241,0.216023564545,0.202339047816,0.185795031199,0.165217104496,0.137297338044,0.072702284170,,,,,,,,0.063385606214,1.203000000000
94980,0.257199446382,0.256389629054,0.253954171440,0.249873835822,0.244112150178,0.236607422099,0.227257990241,0.215894375715,0.202222597179,0.185693360223,0.165132815571,0.137234701087,0.072677553348,,,,,,,,0.063362590331,1.203000000000
95040,0.257029443930,0.256220467338,0.253787529742,0.249711387603,0.243955561921,0.236458356986,0.227118120557,0.215765411314,0.202106345862,0.185591860036,0.165048664843,0.137172163612,0.072652872076,,,,,,,,0.063339632786,1.203000000000
95100,0.256859748959,0.256051611353,0.253621188533,0.249549231181,0.243799253378,0.236309556192,0.226978496557,0.215636670771,0.201990293363,0.185490530215,0.164964651976,0.137109725380,0.072628240196,,,,,,,,0.063316733390,1.203000000000
95160,0.256690360666,0.255883060298,0.253455147028,0.249387365794,0.243643223825,0.236161019036,0.226839117611,0.215508153517,0.201874439182,0.185389370335,0.164880776631,0.137047386152,0.072603657556,,,,,,,,0.063293891954,1.203000000000
95220,0.256521278249,0.255714813378,0.253289404445,0.249225790688,0.243487472538,0.236012744837,0.226699983092,0.215379858984,0.201758782819,0.185288379974,0.164797038474,0.136985145691,0.072579124000,,,,,,,,0.063271108290,1.203000000000
95280,0.256352500909,0.255546869798,0.253123960005,0.249064505106,0.243331998798,0.235864732919,0.226561092374,0.215251786609,0.201643323777,0.185187558713,0.164713437168,0.136923003758,0.072554639377,,,,,,,,0.063248382211,1.203000000000
95340,0.256184027849,0.255379228766,0.252958812932,0.248903508297,0.243176801885,0.235716982606,0.226422444835,0.215123935826,0.201528061562,0.185086906131,0.164629972381,0.136860960117,0.072530203532,,,,,,,,0.063225713530,1.203000000000
95400,0.256015858277,0.255211889495,0.252793962451,0.248742799511,0.243021881085,0.235569493226,0.226284039851,0.214996306075,0.201412995678,0.184986421810,0.164546643778,0.136799014533,0.072505816315,,,,,,,,0.063203102064,1.203000000000
95460,0.255847986754,0.255044801996,0.252629224329,0.248581968330,0.242866503350,0.235421104414,0.226144170097,0.214866495433,0.201294826124,0.184881579266,0.164457027799,0.136726746129,0.072403033730,,,,,,,,0.063180747621,1.202966666667
95520,0.255680407877,0.254878005561,0.252464772538,0.248421415631,0.242711393190,0.235272969287,0.226004537230,0.214736902042,0.201176851369,0.184776906182,0.164367552785,0.136654584543,0.072300047462,,,,,,,,0.063158522321,1.202933333333
95580,0.255513120909,0.254711499457,0.252300606356,0.248261140714,0.242556549936,0.235125087213,0.225865140665,0.214607525368,0.201059070938,0.184672402151,0.164278218401,0.136582529766,0.072196807844,,,,,,,,0.063136375394,1.202900000000
95640,0.255346125116,0.254545282955,0.252136725068,0.248101142884,0.242401972922,0.234977457565,0.225725979820,0.214478364880,0.200941484358,0.184568066765,0.164189024313,0.136510581452,0.072093319881,,,,,,,,0.063114295750,1.202866666667
95700,0.255179419767,0.254379355327,0.251973127959,0.247941421448,0.242247661484,0.234830079715,0.225587054111,0.214349420049,0.200824091161,0.184463899621,0.164099970189,0.136438739303,0.071989575042,,,,,,,,0.063092278539,1.202833333333
95760,0.255013004131,0.254213715847,0.251809814316,0.247781975714,0.242093614961,0.234682953039,0.225448362958,0.214220690347,0.200706890875,0.184359900315,0.164011055697,0.136367003248,0.071885566759,,,,,,,,0.063070321097,1.202800000000
95820,0.254846877481,0.254048363793,0.251646783428,0.247622804994,0.241939832693,0.234536076913,0.225309905785,0.214092175246,0.200589883034,0.184256068442,0.163922278967,0.136295372886,0.071781263198,,,,,,,,0.063048421744,1.202766666667
95880,0.254681039092,0.253883298444,0.251484034589,0.247463908600,0.241786314021,0.234389450719,0.225171682014,0.213963874223,0.200473067170,0.184152402354,0.163833639275,0.136223848133,0.071676682824,,,,,,,,0.063026579326,1.202733333333
95940,0.254515488242,0.253718519081,0.251321567091,0.247305285847,0.241633058291,0.234243073835,0.225033691072,0.213835786754,0.200356441952,0.184048902337,0.163745138232,0.136152428824,0.071571822305,,,,,,,,0.063004792988,1.202700000000
96000,0.254350224209,0.253554024988,0.251159380232,0.247146936054,0.241480064848,0.234096945647,0.224895932384,0.213707911874,0.200240007492,0.183945568557,0.163656775511,0.136081114546,0.071466676714,,,,,,,,0.062983062066,1.202666666667
96060,0.254185246276,0.253389815451,0.250997473310,0.246988858539,0.241327333041,0.233951065538,0.224758405381,0.213580249127,0.200123763620,0.183842400616,0.163568550787,0.136009905315,0.071361223813,,,,,,,,0.062961386022,1.202633333333
96120,0.254020553727,0.253225889759,0.250835845627,0.246831052624,0.241174862221,0.233805432896,0.224621108925,0.213452798376,0.200007709877,0.183739398117,0.163480463737,0.135938800800,0.071255463659,,,,,,,,0.062939764401,1.202600000000
96180,0.253856145849,0.253062247201,0.250674496484,0.246673517634,0.241022651740,0.233660047110,0.224484042969,0.213325559103,0.199891845803,0.183636560666,0.163392514039,0.135867800751,0.071149402984,,,,,,,,0.062918196812,1.202566666667
96240,0.253692021929,0.252898887071,0.250513425188,0.246516252894,0.240870700953,0.233514907258,0.224347206996,0.213198530794,0.199776170939,0.183533887868,0.163304699072,0.135796905082,0.071043036835,,,,,,,,0.062896682908,1.202533333333
96300,0.253528181259,0.252735808664,0.250352631046,0.246359257732,0.240719009216,0.233370012888,0.224210600443,0.213071712936,0.199660684831,0.183431379048,0.163217019652,0.135726113357,0.070936352740,,,,,,,,0.062875222376,1.202500000000
96360,0.253364623131,0.252573011277,0.250192113368,0.246202531478,0.240567575888,0.233225363553,0.224074222748,0.212945105017,0.199545387022,0.183329032575,0.163129476631,0.135655425494,0.070829329488,,,,,,,,0.062853814929,1.202466666667
96420,0.253201346842,0.252410494210,0.250031871465,0.246046073465,0.240416400232,0.233080958649,0.223938073350,0.212818706526,0.199430276743,0.183226849584,0.163042069694,0.135584841269,0.070721984680,,,,,,,,0.062832460301,1.202433333333
96480,0.253038351688,0.252248256763,0.249871904651,0.245889883027,0.240265481452,0.232936797575,0.223802151690,0.212692516955,0.199315353021,0.183124829685,0.162954798525,0.135514360264,0.070614313074,,,,,,,,0.062811158243,1.202400000000
96540,0.252875636969,0.252086298242,0.249712212243,0.245733959500,0.240114819169,0.232792879731,0.223666457212,0.212566535796,0.199200616244,0.183022972491,0.162867662811,0.135443982453,0.070506309341,,,,,,,,0.062789908518,1.202366666667
96600,0.252713201988,0.251924617952,0.249552793559,0.245578302224,0.239964412750,0.232649204519,0.223530989360,0.212440761846,0.199086065962,0.182921277617,0.162780662238,0.135373707470,0.070397939280,,,,,,,,0.062768710902,1.202333333333
96660,0.252551046048,0.251763215201,0.249393647919,0.245422910538,0.239814261563,0.232505771344,0.223395747582,0.212315195180,0.198971701728,0.182819744677,0.162693793430,0.135303535068,0.070289221564,,,,,,,,0.062747565176,1.202300000000
96720,0.252389168456,0.251602089299,0.249234774646,0.245267783786,0.239664364980,0.232362579610,0.223260731326,0.212189835417,0.198857523095,0.182718373287,0.162607058746,0.135233465132,0.070180154221,,,,,,,,0.062726471133,1.202266666667
96780,0.252227568521,0.251441239560,0.249076173065,0.245112921152,0.239514722373,0.232219628727,0.223125939657,0.212064682054,0.198743529617,0.182617161937,0.162520458274,0.135163497207,0.070070731510,,,,,,,,0.062705428571,1.202233333333
96840,0.252066245552,0.251280665298,0.248917842502,0.244958322049,0.239365333116,0.232076918103,0.222991372184,0.211939734593,0.198629720852,0.182516110703,0.162433991703,0.135093631221,0.069960929869,,,,,,,,0.062684437292,1.202200000000
96900,0.251905198863,0.251120365829,0.248759782286,0.244803985919,0.239216196586,0.231934447149,0.222857028590,0.211814992536,0.198516096356,0.182415219879,0.162347658724,0.135023866924,0.069850743834,,,,,,,,0.062663497105,1.202166666667
96960,0.251744427768,0.250960340474,0.248601991749,0.244649912115,0.239067312161,0.231792215281,0.222722908328,0.211690455388,0.198402654766,0.182314489085,0.162261459029,0.134954203915,0.069740183508,,,,,,,,0.062642607822,1.202133333333
97020,0.251583931586,0.250800588552,0.248444470223,0.244496099989,0.238918679222,0.231650221859,0.222589010856,0.211566122652,0.198289396341,0.182213917944,0.162175391928,0.134884642155,0.069629242665,,,,,,,,0.062621769259,1.202100000000
97080,0.251423709635,0.250641109388,0.248287217044,0.244342548896,0.238770297150,0.231508465941,0.222455335633,0.211441993836,0.198176320868,0.182113506080,0.162089454424,0.134815181273,0.069517909803,,,,,,,,0.062600981236,1.202066666667
97140,0.251263761237,0.250481902306,0.248130231549,0.244189258193,0.238622165330,0.231366947358,0.222321882118,0.211318068307,0.198063427911,0.182013253118,0.162003649285,0.134745821037,0.069406152152,,,,,,,,0.062580243575,1.202033333333
97200,0.251104085714,0.250322966635,0.247973513077,0.244036227239,0.238474283148,0.231225665531,0.222188649773,0.211194345045,0.197950717033,0.181913158503,0.161917976207,0.134676561328,0.069293993418,,,,,,,,0.062559556098,1.202000000000
97260,0.250944686810,0.250164349411,0.247817239157,0.243883853766,0.238327362363,0.231085748945,0.222057300624,0.211073166066,0.197841408759,0.181817646661,0.161838730274,0.134617670132,0.069271904078,,,,,,,,0.062538726044,1.202000000000
97320,0.250785568239,0.250006010935,0.247661239241,0.243731746426,0.238180696768,0.230946073597,0.221926175811,0.210952191611,0.197732282253,0.181722290703,0.161759610628,0.134558869985,0.069249799399,,,,,,,,0.062517877334,1.202000000000
97380,0.250626729283,0.249847950493,0.247505512628,0.243579904543,0.238034285718,0.230806638880,0.221795274775,0.210831421174,0.197623337070,0.181627090251,0.161680616970,0.134500160667,0.069227717668,,,,,,,,0.062497057943,1.202000000000
97440,0.250468169231,0.249690167378,0.247350058624,0.243428327442,0.237888128568,0.230667444188,0.221664596955,0.210710854248,0.197514572767,0.181532044931,0.161601749001,0.134441541957,0.069205668663,,,,,,,,0.062476277968,1.202000000000
97500,0.250309887370,0.249532660883,0.247194876534,0.243277014451,0.237742224678,0.230528488918,0.221534141795,0.210590490330,0.197405988899,0.181437154368,0.161523006424,0.134383013626,0.069183656590,,,,,,,,0.062455541617,1.202000000000
97560,0.250151882992,0.249375430303,0.247039965668,0.243125964902,0.237596573406,0.230389772467,0.221403908739,0.210470328918,0.197297585025,0.181342418189,0.161444388940,0.134324575434,0.069161683648,,,,,,,,0.062434851048,1.202000000000
97620,0.249994155390,0.249218474935,0.246885325336,0.242975178126,0.237451174116,0.230251294238,0.221273897232,0.210350369510,0.197189360705,0.181247836022,0.161365896254,0.134266227133,0.069139751118,,,,,,,,0.062414207496,1.202000000000
97680,0.249836703861,0.249061794080,0.246730954851,0.242824653458,0.237306026173,0.230113053631,0.221144106723,0.210230611607,0.197081315501,0.181153407497,0.161287528069,0.134207968469,0.069117859794,,,,,,,,0.062393611709,1.202000000000
97740,0.249679527701,0.248905387041,0.246576853529,0.242674390235,0.237161128942,0.229975050051,0.221014536661,0.210111054712,0.196973448974,0.181059132244,0.161209284089,0.134149799187,0.069096010184,,,,,,,,0.062373064155,1.202000000000
97800,0.249522626211,0.248749253121,0.246423020687,0.242524387796,0.237016481792,0.229837282905,0.220885186498,0.209991698329,0.196865760689,0.180965009895,0.161131164021,0.134091719037,0.069074202620,,,,,,,,0.062352565129,1.202000000000
97860,0.249365998693,0.248593391628,0.246269455645,0.242374645481,0.236872084094,0.229699751600,0.220756055687,0.209872541963,0.196758250212,0.180871040081,0.161053167568,0.134033727775,0.069052437315,,,,,,,,0.062332114808,1.202000000000
97920,0.249209644453,0.248437801870,0.246116157724,0.242225162634,0.236727935220,0.229562455546,0.220627143682,0.209753585122,0.196650917108,0.180777222438,0.160975294437,0.133975825162,0.069030714403,,,,,,,,0.062311713294,1.202000000000
97980,0.249053562797,0.248282483159,0.245963126249,0.242075938600,0.236584034545,0.229425394155,0.220498449940,0.209634827314,0.196543760946,0.180683556599,0.160897544333,0.133918010963,0.069009033961,,,,,,,,0.062291360632,1.202000000000
98040,0.248897753035,0.248127434809,0.245810360545,0.241926972727,0.236440381445,0.229288566840,0.220369973920,0.209516268050,0.196436781296,0.180590042200,0.160819916962,0.133860284953,0.068987396025,,,,,,,,0.062271056826,1.202000000000
98100,0.248742214477,0.247972656134,0.245657859943,0.241778264364,0.236296975300,0.229151973018,0.220241715081,0.209397906841,0.196329977729,0.180496678879,0.160742412031,0.133802646908,0.068965800597,,,,,,,,0.062250801851,1.202000000000
98160,0.248586946439,0.247818146454,0.245505623771,0.241629812862,0.236153815489,0.229015612105,0.220113672885,0.209279743201,0.196223349816,0.180403466273,0.160665029247,0.133745096611,0.068944247658,,,,,,,,0.062230595659,1.202000000000
98220,0.248431948234,0.247663905087,0.245353651362,0.241481617575,0.236010901395,0.228879483522,0.219985846796,0.209161776644,0.196116897132,0.180310404021,0.160587768317,0.133687633847,0.068922737171,,,,,,,,0.062210438186,1.202000000000
98280,0.248277219182,0.247509931357,0.245201942052,0.241333677859,0.235868232403,0.228743586688,0.219858236279,0.209044006688,0.196010619250,0.180217491763,0.160510628949,0.133630258407,0.068901269084,,,,,,,,0.062190329350,1.202000000000
98340,0.248122758603,0.247356224587,0.245050495178,0.241185993071,0.235725807899,0.228607921027,0.219730840801,0.208926432850,0.195904515748,0.180124729140,0.160433610852,0.133572970082,0.068879843332,,,,,,,,0.062170269063,1.202000000000
98400,0.247968565819,0.247202784105,0.244899310078,0.241038562572,0.235583627272,0.228472485964,0.219603659831,0.208809054649,0.195798586202,0.180032115795,0.160356713736,0.133515768667,0.068858459844,,,,,,,,0.062150257224,1.202000000000
98460,0.247814640155,0.247049609239,0.244748386094,0.240891385723,0.235441689912,0.228337280925,0.219476692838,0.208691871607,0.195692830192,0.179939651369,0.160279937311,0.133458653958,0.068837118538,,,,,,,,0.062130293729,1.202000000000
98520,0.247660980938,0.246896699320,0.244597722569,0.240744461887,0.235299995211,0.228202305339,0.219349939294,0.208574883247,0.195587247298,0.179847335508,0.160203281288,0.133401625755,0.068815819330,,,,,,,,0.062110378465,1.202000000000
98580,0.247507587496,0.246744053681,0.244447318848,0.240597790432,0.235158542564,0.228067558636,0.219223398674,0.208458089092,0.195481837101,0.179755167855,0.160126745380,0.133344683858,0.068794562128,,,,,,,,0.062090511317,1.202000000000
98640,0.247354459160,0.246591671657,0.244297174280,0.240451370724,0.235017331367,0.227933040248,0.219097070452,0.208341488668,0.195376599184,0.179663148057,0.160050329301,0.133287828068,0.068773346837,,,,,,,,0.062070692163,1.202000000000
98700,0.247201595265,0.246439552586,0.244147288213,0.240305202135,0.234876361017,0.227798749610,0.218970954105,0.208225081501,0.195271533130,0.179571275760,0.159974032765,0.133231058189,0.068752173359,,,,,,,,0.062050920881,1.202000000000
98760,0.247048995144,0.246287695807,0.243997660000,0.240159284035,0.234735630916,0.227664686156,0.218845049113,0.208108867121,0.195166638526,0.179479550613,0.159897855487,0.133174374023,0.068731041592,,,,,,,,0.062031197344,1.202000000000
98820,0.246896658136,0.246136100661,0.243848288994,0.240013615798,0.234595140465,0.227530849324,0.218719354954,0.207992845058,0.195061914957,0.179387972265,0.159821797184,0.133117775376,0.068709951433,,,,,,,,0.062011521425,1.202000000000
98880,0.246744583581,0.245984766493,0.243699174551,0.239868196802,0.234454889067,0.227397238554,0.218593871112,0.207877014843,0.194957362011,0.179296540364,0.159745857575,0.133061262054,0.068688902777,,,,,,,,0.061991892993,1.202000000000
98940,0.246592770819,0.245833692649,0.243550316029,0.239723026423,0.234314876129,0.227263853286,0.218468597069,0.207761376008,0.194852979277,0.179205254563,0.159670036377,0.133004833864,0.068667895516,,,,,,,,0.061972311917,1.202000000000
99000,0.246441219195,0.245682878475,0.243401712788,0.239578104041,0.234175101058,0.227130692963,0.218343532311,0.207645928089,0.194748766346,0.179114114512,0.159594333310,0.132948490612,0.068646929543,,,,,,,,0.061952778065,1.202000000000
99060,0.246289928055,0.245532323321,0.243253364190,0.239433429039,0.234035563264,0.226997757030,0.218218676324,0.207530670621,0.194644722809,0.179023119865,0.159518748096,0.132892232106,0.068626004747,,,,,,,,0.061933291303,1.202000000000
99120,0.246138896747,0.245382026541,0.243105269598,0.239289000800,0.233896262158,0.226865044933,0.218094028597,0.207415603142,0.194540848259,0.178932270277,0.159443280456,0.132836058156,0.068605121018,,,,,,,,0.061913851497,1.202000000000
99180,0.245988124620,0.245231987488,0.242957428379,0.239144818711,0.233757197153,0.226732556120,0.217969588620,0.207300725189,0.194437142289,0.178841565401,0.159367930113,0.132779968570,0.068584278244,,,,,,,,0.061894458511,1.202000000000
99240,0.245837611027,0.245082205517,0.242809839901,0.239000882158,0.233618367665,0.226600290041,0.217845355884,0.207186036305,0.194333604495,0.178751004893,0.159292696792,0.132723963158,0.068563476315,,,,,,,,0.061875112210,1.202000000000
99300,0.245687355322,0.244932679988,0.242662503535,0.238857190531,0.233479773109,0.226468246147,0.217721329882,0.207071536029,0.194230234473,0.178660588412,0.159217580217,0.132668041731,0.068542715118,,,,,,,,0.061855812458,1.202000000000
99360,0.245537356861,0.244783410260,0.242515418651,0.238713743223,0.233341412906,0.226336423893,0.217597510110,0.206957223905,0.194127031822,0.178570315615,0.159142580115,0.132612204100,0.068521994539,,,,,,,,0.061836559119,1.202000000000
99420,0.245387615003,0.244634395696,0.242368584623,0.238570539627,0.233203286476,0.226204822731,0.217473896064,0.206843099477,0.194023996138,0.178480186161,0.159067696211,0.132556450075,0.068501314467,,,,,,,,0.061817352057,1.202000000000
99480,0.245238129108,0.244485635660,0.242222000829,0.238427579138,0.233065393241,0.226073442120,0.217350487241,0.206729162292,0.193921127024,0.178390199710,0.158992928235,0.132500779469,0.068480674787,,,,,,,,0.061798191134,1.202000000000
99540,0.245088898538,0.244337129518,0.242075666646,0.238284861154,0.232927732625,0.225942281518,0.217227283141,0.206615411897,0.193818424080,0.178300355924,0.158918275916,0.132445192095,0.068460075387,,,,,,,,0.061779076214,1.202000000000
99600,0.244939922657,0.244188876638,0.241929581454,0.238142385073,0.232790304055,0.225811340385,0.217104283266,0.206501847839,0.193715886908,0.178210654464,0.158843738982,0.132389687765,0.068439516153,,,,,,,,0.061760007160,1.202000000000
99660,0.244791200833,0.244040876392,0.241783744635,0.238000150298,0.232653106958,0.225680618182,0.216981487117,0.206388469670,0.193613515112,0.178121094995,0.158769317166,0.132334266292,0.068418996971,,,,,,,,0.061740983836,1.202000000000
99720,0.244642732433,0.243893128150,0.241638155573,0.237858156231,0.232516140765,0.225550114374,0.216858894199,0.206275276941,0.193511308297,0.178031677180,0.158695010198,0.132278927491,0.068398517728,,,,,,,,0.061722006106,1.202000000000
99780,0.244494516828,0.243745631287,0.241492813653,0.237716402277,0.232379404906,0.225419828424,0.216736504018,0.206162269204,0.193409266070,0.177942400685,0.158620817812,0.132223671176,0.068378078311,,,,,,,,0.061703073832,1.202000000000
99840,0.244346553390,0.243598385180,0.241347718264,0.237574887843,0.232242898815,0.225289759801,0.216614316080,0.206049446014,0.193307388037,0.177853265177,0.158546739741,0.132168497162,0.068357678606,,,,,,,,0.061684186879,1.202000000000
99900,0.244198841493,0.243451389207,0.241202868795,0.237433612337,0.232106621927,0.225159907973,0.216492329896,0.205936806926,0.193205673806,0.177764270322,0.158472775719,0.132113405264,0.068337318499,,,,,,,,0.061665345110,1.202000000000
99960,0.244051380515,0.243304642748,0.241058264637,0.237292575172,0.231970573679,0.225030272409,0.216370544974,0.205824351497,0.193104122988,0.177675415789,0.158398925482,0.132058395297,0.068316997879,,,,,,,,0.061646548390,1.202000000000
100020,0.243904169833,0.243158145185,0.240913905185,0.237151775758,0.231834753509,0.224900852582,0.216248960827,0.205712079285,0.193002735194,0.177586701248,0.158325188767,0.132003467079,0.068296716631,,,,,,,,0.061627796583,1.202000000000
100080,0.243757208827,0.243011895902,0.240769789833,0.237011213510,0.231699160859,0.224771647966,0.216127576968,0.205599989851,0.192901510035,0.177498126370,0.158251565309,0.131948620427,0.068276474643,,,,,,,,0.061609089553,1.202000000000
100140,0.243610496880,0.242865894286,0.240625917980,0.236870887844,0.231563795169,0.224642658034,0.216006392913,0.205488082755,0.192800447124,0.177409690825,0.158178054848,0.131893855156,0.068256271803,,,,,,,,0.061590427166,1.202000000000
100200,0.243464033377,0.242720139723,0.240482289024,0.236730798178,0.231428655884,0.224513882265,0.215885408177,0.205376357559,0.192699546076,0.177321394288,0.158104657122,0.131839171085,0.068236107999,,,,,,,,0.061571809287,1.202000000000
100260,0.243317817702,0.242574631605,0.240338902367,0.236590943932,0.231293742449,0.224385320136,0.215764622278,0.205264813827,0.192598806507,0.177233236430,0.158031371870,0.131784568033,0.068215983118,,,,,,,,0.061553235781,1.202000000000
100320,0.243171849245,0.242429369323,0.240195757411,0.236451324528,0.231159054313,0.224256971128,0.215644034736,0.205153451125,0.192498228032,0.177145216927,0.157958198833,0.131730045817,0.068195897048,,,,,,,,0.061534706514,1.202000000000
100380,0.243026127395,0.242284352270,0.240052853561,0.236311939389,0.231024590923,0.224128834722,0.215523645071,0.205042269018,0.192397810271,0.177057335455,0.157885137753,0.131675604257,0.068175849678,,,,,,,,0.061516221353,1.202000000000
100440,0.242880651544,0.242139579843,0.239910190225,0.236172787940,0.230890351731,0.224000910401,0.215403452806,0.204931267074,0.192297552842,0.176969591689,0.157812188371,0.131621243172,0.068155840898,,,,,,,,0.061497780163,1.202000000000
100500,0.242735421085,0.241995051438,0.239767766811,0.236033869608,0.230756336189,0.223873197651,0.215283457465,0.204820444862,0.192197455366,0.176881985309,0.157739350431,0.131566962384,0.068135870595,,,,,,,,0.061479382812,1.202000000000
100560,0.242590435416,0.241850766456,0.239625582730,0.235895183822,0.230622543752,0.223745695958,0.215163658573,0.204709801953,0.192097517462,0.176794515992,0.157666623677,0.131512761711,0.068115938659,,,,,,,,0.061461029167,1.202000000000
100620,0.242445693933,0.241706724298,0.239483637393,0.235756730014,0.230488973875,0.223618404809,0.215044055657,0.204599337918,0.191997738756,0.176707183418,0.157594007852,0.131458640975,0.068096044980,,,,,,,,0.061442719096,1.202000000000
100680,0.242301196036,0.241562924366,0.239341930215,0.235618507614,0.230355626016,0.223491323695,0.214924648244,0.204489052330,0.191898118869,0.176619987268,0.157521502702,0.131404599998,0.068076189448,,,,,,,,0.061424452466,1.202000000000
100740,0.242156941125,0.241419366066,0.239200460612,0.235480516057,0.230222499634,0.223364452107,0.214805435865,0.204378944764,0.191798657427,0.176532927223,0.157449107974,0.131350638602,0.068056371954,,,,,,,,0.061406229146,1.202000000000
100800,0.242012928606,0.241276048805,0.239059228002,0.235342754780,0.230089594191,0.223237789538,0.214686418051,0.204269014794,0.191699354055,0.176446002967,0.157376823414,0.131296756609,0.068036592388,,,,,,,,0.061388049005,1.202000000000
100860,0.241869157882,0.241132971991,0.238918231804,0.235205223219,0.229956909149,0.223111335481,0.214567594334,0.204159261998,0.191600208381,0.176359214182,0.157304648770,0.131242953842,0.068016850640,,,,,,,,0.061369911913,1.202000000000
100920,0.241725628360,0.240990135036,0.238777471441,0.235067920815,0.229824443972,0.222985089433,0.214448964248,0.204049685954,0.191501220034,0.176272560553,0.157232583791,0.131189230124,0.067997146603,,,,,,,,0.061351817737,1.202000000000
100980,0.241582339451,0.240847537351,0.238636946335,0.234930847008,0.229692198127,0.222859050892,0.214330527329,0.203940286242,0.191402388641,0.176186041765,0.157160628225,0.131135585279,0.067977480168,,,,,,,,0.061333766350,1.202000000000
101040,0.241439290563,0.240705178351,0.238496655911,0.234794001242,0.229560171081,0.222733219357,0.214212283113,0.203831062441,0.191303713835,0.176099657506,0.157088781823,0.131082019132,0.067957851227,,,,,,,,0.061315757620,1.202000000000
101100,0.241296481110,0.240563057452,0.238356599596,0.234657382961,0.229428362303,0.222607594328,0.214094231140,0.203722014134,0.191205195246,0.176013407463,0.157017044336,0.131028531508,0.067938259673,,,,,,,,0.061297791419,1.202000000000
101160,0.241153910506,0.240421174073,0.238216776820,0.234520991612,0.229296771264,0.222482175307,0.213976370947,0.203613140905,0.191106832507,0.175927291323,0.156945415515,0.130975122231,0.067918705398,,,,,,,,0.061279867619,1.202000000000
101220,0.241011578168,0.240279527632,0.238077187012,0.234384826642,0.229165397438,0.222356961798,0.213858702077,0.203504442337,0.191008625252,0.175841308777,0.156873895113,0.130921791128,0.067899188295,,,,,,,,0.061261986090,1.202000000000
101280,0.240869483513,0.240138117552,0.237937829605,0.234248887502,0.229034240298,0.222231953306,0.213741224072,0.203395918018,0.190910573117,0.175755459515,0.156802482882,0.130868538024,0.067879708258,,,,,,,,0.061244146704,1.202000000000
101340,0.240727625961,0.239996943256,0.237798704032,0.234113173643,0.228903299320,0.222107149339,0.213623936476,0.203287567532,0.190812675736,0.175669743227,0.156731178576,0.130815362747,0.067860265180,,,,,,,,0.061226349335,1.202000000000
101400,0.240586004934,0.239856004169,0.237659809730,0.233977684519,0.228772573982,0.221982549404,0.213506838835,0.203179390470,0.190714932748,0.175584159607,0.156659981951,0.130762265124,0.067840858957,,,,,,,,0.061208593855,1.202000000000
101460,0.240444619856,0.239715299718,0.237521146135,0.233842419584,0.228642063763,0.221858153011,0.213389930694,0.203071386420,0.190617343791,0.175498708348,0.156588892760,0.130709244982,0.067821489481,,,,,,,,0.061190880137,1.202000000000
101520,0.240303470151,0.239574829332,0.237382712688,0.233707378294,0.228511768143,0.221733959671,0.213273211602,0.202963554974,0.190519908503,0.175413389142,0.156517910761,0.130656302150,0.067802156649,,,,,,,,0.061173208056,1.202000000000
101580,0.240162555247,0.239434592441,0.237244508830,0.233572560109,0.228381686605,0.221609968898,0.213156681109,0.202855895723,0.190422626527,0.175328201686,0.156447035710,0.130603436456,0.067782860356,,,,,,,,0.061155577485,1.202000000000
101640,0.240021874572,0.239294588478,0.237106534002,0.233437964489,0.228251818633,0.221486180205,0.213040338765,0.202748408261,0.190325497502,0.175243145676,0.156376267364,0.130550647729,0.067763600497,,,,,,,,0.061137988299,1.202000000000
101700,0.239881427557,0.239154816877,0.236968787649,0.233303590894,0.228122163712,0.221362593109,0.212924184123,0.202641092182,0.190228521072,0.175158220808,0.156305605482,0.130497935799,0.067744376968,,,,,,,,0.061120440372,1.202000000000
101760,0.239741213635,0.239015277073,0.236831269218,0.233169438789,0.227992721330,0.221239207126,0.212808216735,0.202533947082,0.190131696880,0.175073426779,0.156235049822,0.130445300496,0.067725189665,,,,,,,,0.061102933581,1.202000000000
101820,0.239601232239,0.238875968504,0.236693978157,0.233035507637,0.227863490975,0.221116021776,0.212692436158,0.202426972558,0.190035024572,0.174988763290,0.156164600144,0.130392741651,0.067706038486,,,,,,,,0.061085467801,1.202000000000
101880,0.239461482806,0.238736890610,0.236556913915,0.232901796907,0.227734472137,0.220993036578,0.212576841947,0.202320168209,0.189938503793,0.174904230039,0.156094256209,0.130340259093,0.067686923328,,,,,,,,0.061068042909,1.202000000000
101940,0.239321964773,0.238598042831,0.236420075943,0.232768306067,0.227605664309,0.220870251054,0.212461433661,0.202213533633,0.189842134190,0.174819826726,0.156024017778,0.130287852656,0.067667844087,,,,,,,,0.061050658780,1.202000000000
102000,0.239182677579,0.238459424611,0.236283463695,0.232635034585,0.227477066983,0.220747664728,0.212346210857,0.202107068431,0.189745915411,0.174735553054,0.155953884612,0.130235522171,0.067648800663,,,,,,,,0.061033315293,1.202000000000
102060,0.239043620666,0.238321035394,0.236147076625,0.232501981934,0.227348679654,0.220625277124,0.212231173096,0.202000772206,0.189649847105,0.174651408724,0.155883856474,0.130183267470,0.067629792952,,,,,,,,0.061016012325,1.202000000000
102120,0.238904793476,0.238182874625,0.236010914190,0.232369147587,0.227220501820,0.220503087768,0.212116319941,0.201894644560,0.189553928923,0.174567393440,0.155813933127,0.130131088386,0.067610820854,,,,,,,,0.060998749754,1.202000000000
102180,0.238766195454,0.238044941754,0.235874975847,0.232236531019,0.227092532978,0.220381096188,0.212001650953,0.201788685097,0.189458160515,0.174483506905,0.155744114335,0.130078984753,0.067591884267,,,,,,,,0.060981527457,1.202000000000
102240,0.238627826046,0.237907236229,0.235739261056,0.232104131706,0.226964772628,0.220259301913,0.211887165698,0.201682893423,0.189362541534,0.174399748826,0.155674399863,0.130026956404,0.067572983092,,,,,,,,0.060964345315,1.202000000000
102300,0.238489684701,0.237769757503,0.235603769280,0.231971949127,0.226837220271,0.220137704472,0.211772863741,0.201577269145,0.189267071634,0.174316118907,0.155604789475,0.129975003173,0.067554117227,,,,,,,,0.060947203206,1.202000000000
102360,0.238351770867,0.237632505027,0.235468499980,0.231839982760,0.226709875409,0.220016303399,0.211658744649,0.201471811870,0.189171750468,0.174232616855,0.155535282938,0.129923124896,0.067535286572,,,,,,,,0.060930101010,1.202000000000
102420,0.238214083997,0.237495478258,0.235333452622,0.231708232088,0.226582737547,0.219895098226,0.211544807990,0.201366521208,0.189076577691,0.174149242379,0.155465880019,0.129871321407,0.067516491029,,,,,,,,0.060913038607,1.202000000000
102480,0.238076623543,0.237358676650,0.235198626671,0.231576696593,0.226455806190,0.219774088488,0.211431053334,0.201261396768,0.188981552961,0.174065995186,0.155396580484,0.129819592543,0.067497730497,,,,,,,,0.060896015877,1.202000000000
102540,0.237939388960,0.237222099663,0.235064021597,0.231445375759,0.226329080846,0.219653273720,0.211317480252,0.201156438162,0.188886675935,0.173982874986,0.155327384102,0.129767938138,0.067479004879,,,,,,,,0.060879032702,1.202000000000
102600,0.237802379705,0.237085746755,0.234929636868,0.231314269073,0.226202561024,0.219532653462,0.211204088315,0.201051645003,0.188791946271,0.173899881489,0.155258290641,0.129716358031,0.067460314075,,,,,,,,0.060862088962,1.202000000000
102660,0.237665595235,0.236949617390,0.234795471956,0.231183376022,0.226076246232,0.219412227250,0.211090877099,0.200947016904,0.188697363629,0.173817014406,0.155189299872,0.129664852058,0.067441657987,,,,,,,,0.060845184540,1.202000000000
102720,0.237529035011,0.236813711028,0.234661526334,0.231052696095,0.225950135984,0.219291994627,0.210977846176,0.200842553480,0.188602927669,0.173734273449,0.155120411563,0.129613420056,0.067423036518,,,,,,,,0.060828319317,1.202000000000
102780,0.237392698493,0.236678027136,0.234527799476,0.230922228784,0.225824229793,0.219171955133,0.210864995123,0.200738254347,0.188508638053,0.173651658332,0.155051625486,0.129562061863,0.067404449570,,,,,,,,0.060811493177,1.202000000000
102840,0.237256585146,0.236542565179,0.234394290858,0.230791973579,0.225698527173,0.219052108311,0.210752323519,0.200634119123,0.188414494443,0.173569168766,0.154982941412,0.129510777318,0.067385897046,,,,,,,,0.060794706002,1.202000000000
102900,0.237120694433,0.236407324626,0.234260999959,0.230661929976,0.225573027640,0.218932453707,0.210639830940,0.200530147425,0.188320496503,0.173486804469,0.154914359114,0.129459566260,0.067367378849,,,,,,,,0.060777957675,1.202000000000
102960,0.236985025821,0.236272304947,0.234127926256,0.230532097469,0.225447730712,0.218812990866,0.210527516968,0.200426338874,0.188226643897,0.173404565153,0.154845878363,0.129408428528,0.067348894884,,,,,,,,0.060761248081,1.202000000000
103020,0.236849578779,0.236137505611,0.233995069233,0.230402475556,0.225322635908,0.218693719335,0.210415381183,0.200322693089,0.188132936292,0.173322450537,0.154777498933,0.129357363962,0.067330445053,,,,,,,,0.060744577103,1.202000000000
103080,0.236714352775,0.236002926093,0.233862428370,0.230273063734,0.225197742749,0.218574638663,0.210303423168,0.200219209693,0.188039373353,0.173240460336,0.154709220599,0.129306372402,0.067312029262,,,,,,,,0.060727944627,1.202000000000
103140,0.236579347281,0.235868565867,0.233730003152,0.230143861505,0.225073050756,0.218455748400,0.210191642506,0.200115888308,0.187945954748,0.173158594269,0.154641043135,0.129255453689,0.067293647415,,,,,,,,0.060711350536,1.202000000000
103200,0.236444561770,0.235734424408,0.233597793064,0.230014868369,0.224948559454,0.218337048097,0.210080038783,0.200012728559,0.187852680146,0.173076852055,0.154572966316,0.129204607664,0.067275299417,,,,,,,,0.060694794718,1.202000000000
103260,0.236309995716,0.235600501196,0.233465797595,0.229886083829,0.224824268366,0.218218537307,0.209968611584,0.199909730071,0.187759549217,0.172995233412,0.154504989918,0.129153834168,0.067256985174,,,,,,,,0.060678277057,1.202000000000
103320,0.236175648596,0.235466795708,0.233334016232,0.229757507390,0.224700177020,0.218100215584,0.209857360497,0.199806892469,0.187666561630,0.172913738062,0.154437113719,0.129103133043,0.067238704591,,,,,,,,0.060661797439,1.202000000000
103380,0.236041519888,0.235333307425,0.233202448466,0.229629138558,0.224576284943,0.217982082484,0.209746285111,0.199704215382,0.187573717057,0.172832365725,0.154369337495,0.129052504133,0.067220457574,,,,,,,,0.060645355753,1.202000000000
103440,0.235907609069,0.235200035831,0.233071093789,0.229500976841,0.224452591665,0.217864137563,0.209635385016,0.199601698437,0.187481015172,0.172751116125,0.154301661025,0.129001947280,0.067202244031,,,,,,,,0.060628951883,1.202000000000
103500,0.235773915622,0.235066980410,0.232939951695,0.229373021748,0.224329096716,0.217746380379,0.209524659802,0.199499341265,0.187388455646,0.172669988982,0.154234084086,0.128951462327,0.067184063867,,,,,,,,0.060612585719,1.202000000000
103560,0.235640439029,0.234934140646,0.232809021677,0.229245272788,0.224205799628,0.217628810492,0.209414109062,0.199397143496,0.187296038155,0.172588984022,0.154166606459,0.128901049118,0.067165916990,,,,,,,,0.060596257147,1.202000000000
103620,0.235507178774,0.234801516027,0.232678303234,0.229117729475,0.224082699934,0.217511427462,0.209303732390,0.199295104762,0.187203762375,0.172508100968,0.154099227923,0.128850707497,0.067147803308,,,,,,,,0.060579966057,1.202000000000
103680,0.235374134343,0.234669106042,0.232547795863,0.228990391322,0.223959797171,0.217394230852,0.209193529381,0.199193224695,0.187111627980,0.172427339546,0.154031948258,0.128800437310,0.067129722727,,,,,,,,0.060563712336,1.202000000000
103740,0.235241305222,0.234536910181,0.232417499063,0.228863257843,0.223837090873,0.217277220225,0.209083499630,0.199091502931,0.187019634650,0.172346699483,0.153964767247,0.128750238400,0.067111675157,,,,,,,,0.060547495873,1.202000000000
103800,0.235108690901,0.234404927936,0.232287412336,0.228736328555,0.223714580579,0.217160395145,0.208973642735,0.198989939104,0.186927782061,0.172266180504,0.153897684670,0.128700110615,0.067093660506,,,,,,,,0.060531316559,1.202000000000
103860,0.234976290870,0.234273158800,0.232157535184,0.228609602977,0.223592265827,0.217043755180,0.208863958294,0.198888532849,0.186836069893,0.172185782338,0.153830700310,0.128650053799,0.067075678683,,,,,,,,0.060515174283,1.202000000000
103920,0.234844104620,0.234141602269,0.232027867112,0.228483080627,0.223470146159,0.216927299895,0.208754445906,0.198787283806,0.186744497827,0.172105504713,0.153763813950,0.128600067800,0.067057729597,,,,,,,,0.060499068935,1.202000000000
103980,0.234712131645,0.234010257839,0.231898407625,0.228356761026,0.223348221116,0.216811028860,0.208645105174,0.198686191611,0.186653065544,0.172025347358,0.153697025374,0.128550152463,0.067039813157,,,,,,,,0.060483000406,1.202000000000
104040,0.234580371441,0.233879125007,0.231769156230,0.228230643697,0.223226490241,0.216694941644,0.208535935698,0.198585255904,0.186561772725,0.171945310004,0.153630334366,0.128500307637,0.067021929273,,,,,,,,0.060466968586,1.202000000000
104100,0.234448823502,0.233748203273,0.231640112436,0.228104728163,0.223104953080,0.216579037819,0.208426937082,0.198484476326,0.186470619053,0.171865392381,0.153563740711,0.128450533170,0.067004077856,,,,,,,,0.060450973367,1.202000000000
104160,0.234317487329,0.233617492139,0.231511275753,0.227979013949,0.222983609177,0.216463316958,0.208318108930,0.198383852518,0.186379604213,0.171785594221,0.153497244194,0.128400828908,0.066986258816,,,,,,,,0.060435014642,1.202000000000
104220,0.234186362419,0.233486991106,0.231382645693,0.227853500583,0.222862458081,0.216347778633,0.208209450848,0.198283384124,0.186288727889,0.171705915257,0.153430844602,0.128351194702,0.066968472064,,,,,,,,0.060419092301,1.202000000000
104280,0.234055448274,0.233356699679,0.231254221768,0.227728187591,0.222741499340,0.216232422421,0.208100962442,0.198183070786,0.186197989767,0.171626355222,0.153364541722,0.128301630399,0.066950717511,,,,,,,,0.060403206238,1.202000000000
104340,0.233924744397,0.233226617364,0.231126003493,0.227603074504,0.222620732504,0.216117247896,0.207992643321,0.198082912149,0.186107389534,0.171546913849,0.153298335341,0.128252135850,0.066932995069,,,,,,,,0.060387356345,1.202000000000
104400,0.233794250291,0.233096743667,0.230997990385,0.227478160852,0.222500157125,0.216002254638,0.207884493094,0.197982907859,0.186016926878,0.171467590873,0.153232225246,0.128202710904,0.066915304649,,,,,,,,0.060371542522,1.202000000000
104460,0.233663961852,0.232967035819,0.230870023051,0.227353090145,0.222379134980,0.215886429363,0.207775016322,0.197880945470,0.185923685953,0.171384361150,0.153160452122,0.128143876708,0.066810482709,,,,,,,,0.060355929901,1.201966666667
104520,0.233533875000,0.232837528512,0.230742253124,0.227228211647,0.222258297807,0.215770779829,0.207665704099,0.197779134501,0.185830581381,0.171301250696,0.153088778946,0.128085118892,0.066705293365,,,,,,,,0.060340408547,1.201933333333
104580,0.233403989277,0.232708221289,0.230614680157,0.227103524922,0.222137645192,0.215655305643,0.207556556057,0.197677474620,0.185737612865,0.171218259254,0.153017205504,0.128026437279,0.066599668799,,,,,,,,0.060324938828,1.201900000000
104640,0.233274304226,0.232579113697,0.230487303655,0.226979029538,0.222017176613,0.215540006412,0.207447571645,0.197575965493,0.185644779748,0.171135386567,0.152945730492,0.127967831567,0.066493612645,,,,,,,,0.060309512543,1.201866666667
104700,0.233144819394,0.232450205285,0.230360123124,0.226854725064,0.221896891553,0.215424881744,0.207338750320,0.197474606785,0.185552081393,0.171052632378,0.152874352654,0.127909301787,0.066387123189,,,,,,,,0.060294126186,1.201833333333
104760,0.233015534325,0.232321495601,0.230233138221,0.226730611068,0.221776789809,0.215309931250,0.207230092084,0.197373398167,0.185459518204,0.170969996430,0.152803073918,0.127850847660,0.066280191134,,,,,,,,0.060278777860,1.201800000000
104820,0.232886448569,0.232192984196,0.230106348502,0.226606687122,0.221656870969,0.215195154541,0.207121596576,0.197272339307,0.185367089886,0.170887478469,0.152731894072,0.127792469062,0.066172792837,,,,,,,,0.060263466391,1.201766666667
104880,0.232757561675,0.232064670621,0.229979753527,0.226482952798,0.221537134623,0.215080551227,0.207013263435,0.197171429875,0.185274796144,0.170805077281,0.152660812908,0.127734165962,0.066064908166,,,,,,,,0.060248190976,1.201733333333
104940,0.232628873192,0.231936554429,0.229853352857,0.226359407668,0.221417580361,0.214966120923,0.206905092300,0.197070669170,0.185182636685,0.170722792868,0.152589830216,0.127675938020,0.065956553870,,,,,,,,0.060232951036,1.201700000000
105000,0.232500382672,0.231808635175,0.229727146053,0.226236051308,0.221298207776,0.214851863242,0.206797082813,0.196970056868,0.185090611216,0.170640625683,0.152518945786,0.127617785277,0.065847721436,,,,,,,,0.060217746121,1.201666666667
105060,0.232372089669,0.231680912414,0.229601132678,0.226112883293,0.221179016460,0.214737777563,0.206689234615,0.196869593011,0.184998719446,0.170558575472,0.152448157580,0.127559707579,0.065738402256,,,,,,,,0.060202575875,1.201633333333
105120,0.232243993736,0.231553385702,0.229475312298,0.225989903200,0.221060006009,0.214623863559,0.206581547349,0.196769277273,0.184906961084,0.170476641985,0.152377465830,0.127501704649,0.065628545228,,,,,,,,0.060187439999,1.201600000000
105180,0.232116094429,0.231426054598,0.229349684477,0.225867110606,0.220941176016,0.214510121029,0.206474020659,0.196669109330,0.184815334917,0.170394824971,0.152306871726,0.127443776534,0.065518180902,,,,,,,,0.060172338239,1.201566666667
105240,0.231988391306,0.231298918661,0.229224248783,0.225744505093,0.220822526080,0.214396549590,0.206366654191,0.196569088856,0.184723841450,0.170313124180,0.152236375060,0.127385922966,0.065407301536,,,,,,,,0.060157270374,1.201533333333
105300,0.231860883923,0.231171977453,0.229099004783,0.225622086226,0.220704055797,0.214283148862,0.206259447558,0.196469215528,0.184632480523,0.170231539268,0.152165975629,0.127328143815,0.065295897816,,,,,,,,0.060142236205,1.201500000000
105360,0.231733571841,0.231045230534,0.228973952047,0.225499853389,0.220585764768,0.214169918466,0.206152399922,0.196369489024,0.184541251849,0.170150068514,0.152095673229,0.127270439044,0.065183934197,,,,,,,,0.060127235553,1.201466666667
105420,0.231606454620,0.230918677467,0.228849090146,0.225377806378,0.220467652590,0.214056858024,0.206045511449,0.196269909023,0.184450155142,0.170068713238,0.152025467657,0.127212808300,0.065071405133,,,,,,,,0.060112268251,1.201433333333
105480,0.231479531823,0.230792317818,0.228724418651,0.225255944775,0.220349718867,0.213943967159,0.205938781788,0.196170475204,0.184359190115,0.169987473193,0.151955356133,0.127155251604,0.064958320736,,,,,,,,0.060097334146,1.201400000000
105540,0.231352803011,0.230666151152,0.228599937135,0.225134268167,0.220231963200,0.213831245494,0.205832210588,0.196071186631,0.184268356483,0.169906348132,0.151885340396,0.127097768790,0.064844670736,,,,,,,,0.060082433093,1.201366666667
105600,0.231226267750,0.230540177036,0.228475645174,0.225012776140,0.220114385193,0.213718692656,0.205725797502,0.195972043479,0.184177653961,0.169825337809,0.151815420885,0.127040359560,0.064730437557,,,,,,,,0.060067564954,1.201333333333
105660,0.231099925606,0.230414395037,0.228351542341,0.224891468281,0.219996984320,0.213606308269,0.205619542180,0.195873045554,0.184087081828,0.169744441979,0.151745597402,0.126983023951,0.064615573853,,,,,,,,0.060052729599,1.201300000000
105720,0.230973776144,0.230288804726,0.228227628215,0.224770344180,0.219879760137,0.213494091960,0.205513444275,0.195774192538,0.183996639629,0.169663660398,0.151675869745,0.126925761685,0.064500110241,,,,,,,,0.060037926902,1.201266666667
105780,0.230847818934,0.230163405673,0.228103902372,0.224649403427,0.219762712431,0.213382043359,0.205407503443,0.195675484116,0.183906327694,0.169582991930,0.151606237717,0.126868572616,0.064384035301,,,,,,,,0.060023156741,1.201233333333
105840,0.230722053545,0.230038197449,0.227980364392,0.224528645613,0.219645840810,0.213270162080,0.205301719337,0.195576919970,0.183816145740,0.169502436462,0.151536701002,0.126811456704,0.064267337323,,,,,,,,0.060008418999,1.201200000000
105900,0.230596479548,0.229913179629,0.227857013856,0.224408070329,0.219529144884,0.213158447369,0.205196091613,0.195478499789,0.183726093487,0.169421994515,0.151467256421,0.126754413593,0.064149965540,,,,,,,,0.059993713562,1.201166666667
105960,0.230471096513,0.229788351785,0.227733850345,0.224287677171,0.219412624263,0.213046899256,0.205090619929,0.195380223257,0.183636170656,0.169341665849,0.151397906878,0.126697443290,0.064031929177,,,,,,,,0.059979040318,1.201133333333
106020,0.230345904015,0.229663713495,0.227610873441,0.224167465732,0.219296278558,0.212935517375,0.204985303516,0.195282090063,0.183546376967,0.169261450222,0.151328652174,0.126640545639,0.063913230474,,,,,,,,0.059964399158,1.201100000000
106080,0.230220901628,0.229539264333,0.227488082729,0.224047435609,0.219180107381,0.212824301358,0.204880142340,0.195184099768,0.183456712142,0.169181347393,0.151259492112,0.126583720325,0.063793856313,,,,,,,,0.059949789976,1.201066666667
106140,0.230096088927,0.229415003879,0.227365477793,0.223927586398,0.219064110347,0.212713250840,0.204775136181,0.195086251580,0.183367175905,0.169101357125,0.151190426498,0.126526967391,0.063673776823,,,,,,,,0.059935212667,1.201033333333
106200,0.229971465489,0.229290931711,0.227243058221,0.223807917697,0.218948287068,0.212602365457,0.204670284699,0.194988545799,0.183277766971,0.169021479135,0.151121455133,0.126470286568,0.063552951386,,,,,,,,0.059920667121,1.201000000000
106260,0.229847034343,0.229167088590,0.227120978742,0.223688776757,0.218833260412,0.212492634935,0.204567050218,0.194893049753,0.183191343728,0.168945661644,0.151058240994,0.126423046162,0.063537236482,,,,,,,,0.059905993812,1.201000000000
106320,0.229722798497,0.229043439702,0.226999090301,0.223569821548,0.218718412098,0.212383073312,0.204463973165,0.194797697640,0.183105048841,0.168869954680,0.150995116818,0.126375870897,0.063521498934,,,,,,,,0.059891299285,1.201000000000
106380,0.229598757501,0.228919984598,0.226877392457,0.223451051644,0.218603741717,0.212273680203,0.204361053184,0.194702489135,0.183018882026,0.168794358003,0.150932082414,0.126328760631,0.063505774577,,,,,,,,0.059876621202,1.201000000000
106440,0.229474910903,0.228796722832,0.226755884771,0.223332466618,0.218489248862,0.212164455225,0.204258289920,0.194607423916,0.182932842999,0.168718871371,0.150869137589,0.126281715223,0.063490071252,,,,,,,,0.059861967133,1.201000000000
106500,0.229351258256,0.228673653957,0.226634566805,0.223214066045,0.218374933127,0.212055397994,0.204155683018,0.194512501663,0.182846931478,0.168643494546,0.150806282154,0.126234734530,0.063474392232,,,,,,,,0.059847340195,1.201000000000
106560,0.229227799112,0.228550777528,0.226513438121,0.223095849503,0.218260794107,0.211946508130,0.204053232126,0.194417722056,0.182761147179,0.168568227287,0.150743515916,0.126187818402,0.063458739208,,,,,,,,0.059832741984,1.201000000000
106620,0.229104533025,0.228428093102,0.226392498285,0.222977816569,0.218146831398,0.211837785253,0.203950936891,0.194323084775,0.182675489822,0.168493069356,0.150680838685,0.126140966686,0.063443113160,,,,,,,,0.059818173416,1.201000000000
106680,0.228981459549,0.228305600237,0.226271746862,0.222859966823,0.218033044598,0.211729228982,0.203848796962,0.194228589503,0.182589959126,0.168418020516,0.150618250272,0.126094179223,0.063427514699,,,,,,,,0.059803635053,1.201000000000
106740,0.228858578242,0.228183298492,0.226151183420,0.222742299844,0.217919433304,0.211620838940,0.203746811990,0.194134235921,0.182504554811,0.168343080528,0.150555750486,0.126047455852,0.063411944218,,,,,,,,0.059789127252,1.201000000000
106800,0.228735888661,0.228061187427,0.226030807527,0.222624815214,0.217805997118,0.211512614750,0.203644981624,0.194040023714,0.182419276597,0.168268249156,0.150493339138,0.126000796412,0.063396401981,,,,,,,,0.059774650247,1.201000000000
106860,0.228613390365,0.227939266604,0.225910618753,0.222507512517,0.217692735640,0.211404556036,0.203543305518,0.193945952566,0.182334124208,0.168193526165,0.150431016039,0.125954200745,0.063380888160,,,,,,,,0.059760204186,1.201000000000
106920,0.228491082915,0.227817535586,0.225790616668,0.222390391335,0.217579648472,0.211296662423,0.203441783324,0.193852022162,0.182249097365,0.168118911319,0.150368781000,0.125907668695,0.063365402872,,,,,,,,0.059745789163,1.201000000000
106980,0.228368965873,0.227695993938,0.225670800845,0.222273451255,0.217466735218,0.211188933537,0.203340414696,0.193758232190,0.182164195791,0.168044404384,0.150306633833,0.125861200108,0.063349946189,,,,,,,,0.059731405230,1.201000000000
107040,0.228247038801,0.227574641226,0.225551170857,0.222156691862,0.217353995481,0.211081369006,0.203239199289,0.193664582335,0.182079419212,0.167970005125,0.150244574349,0.125814794835,0.063334518152,,,,,,,,0.059717052412,1.201000000000
107100,0.228125301264,0.227453477015,0.225431726279,0.222040112745,0.217241428869,0.210973968459,0.203138136760,0.193571072287,0.181994767352,0.167895713309,0.150182602359,0.125768452729,0.063319118782,,,,,,,,0.059702730711,1.201000000000
107160,0.228003752827,0.227332500875,0.225312466687,0.221923713492,0.217129034987,0.210866731524,0.203037226764,0.193477701735,0.181910239936,0.167821528704,0.150120717676,0.125722173646,0.063303748079,,,,,,,,0.059688440113,1.201000000000
107220,0.227882393057,0.227211712374,0.225193391659,0.221807493694,0.217016813443,0.210759657833,0.202936468961,0.193384470368,0.181825836692,0.167747451077,0.150058920112,0.125675957444,0.063288406033,,,,,,,,0.059674180592,1.201000000000
107280,0.227761221524,0.227091111085,0.225074500772,0.221691452942,0.216904763846,0.210652747018,0.202835863010,0.193291377877,0.181741557347,0.167673480197,0.149997209478,0.125629803985,0.063273092619,,,,,,,,0.059659952112,1.201000000000
107340,0.227640237794,0.226970696577,0.224955793607,0.221575590827,0.216792885808,0.210545998710,0.202735408569,0.193198423955,0.181657401629,0.167599615834,0.149935585589,0.125583713131,0.063257807809,,,,,,,,0.059645754628,1.201000000000
107400,0.227519441441,0.226850468426,0.224837269744,0.221459906945,0.216681178938,0.210439412544,0.202635105301,0.193105608293,0.181573369267,0.167525857756,0.149874048256,0.125537684748,0.063242551564,,,,,,,,0.059631588089,1.201000000000
107460,0.227398832035,0.226730426205,0.224718928766,0.221344400889,0.216569642851,0.210332988154,0.202534952867,0.193012930585,0.181489459990,0.167452205734,0.149812597294,0.125491718701,0.063227323842,,,,,,,,0.059617452440,1.201000000000
107520,0.227278409150,0.226610569490,0.224600770256,0.221229072257,0.216458277158,0.210226725178,0.202434950930,0.192920390527,0.181405673529,0.167378659539,0.149751232516,0.125445814857,0.063212124595,,,,,,,,0.059603347621,1.201000000000
107580,0.227158172359,0.226490897858,0.224482793798,0.221113920644,0.216347081475,0.210120623251,0.202335099154,0.192827987813,0.181322009616,0.167305218943,0.149689953737,0.125399973087,0.063196953771,,,,,,,,0.059589273569,1.201000000000
107640,0.227038121240,0.226371410887,0.224364998979,0.220998945650,0.216236055419,0.210014682012,0.202235397204,0.192735722138,0.181238467982,0.167231883718,0.149628760772,0.125354193260,0.063181811318,,,,,,,,0.059575230218,1.201000000000
107700,0.226918255368,0.226252108157,0.224247385386,0.220884146874,0.216125198605,0.209908901100,0.202135844746,0.192643593202,0.181155048360,0.167158653635,0.149567653437,0.125308475247,0.063166697178,,,,,,,,0.059561217499,1.201000000000
107760,0.226798574323,0.226132989249,0.224129952606,0.220769523917,0.216014510652,0.209803280155,0.202036441447,0.192551600700,0.181071750484,0.167085528469,0.149506631547,0.125262818920,0.063151611293,,,,,,,,0.059547235342,1.201000000000
107820,0.226679077682,0.226014053744,0.224012700229,0.220655076381,0.215903991180,0.209697818819,0.201937186974,0.192459744333,0.180988574087,0.167012507994,0.149445694919,0.125217224151,0.063136553602,,,,,,,,0.059533283675,1.201000000000
107880,0.226559765028,0.225895301226,0.223895627847,0.220540803869,0.215793639808,0.209592516733,0.201838080996,0.192368023800,0.180905518905,0.166939591983,0.149384843370,0.125171690812,0.063121524042,,,,,,,,0.059519362424,1.201000000000
107940,0.226440635942,0.225776731278,0.223778735050,0.220426705985,0.215683456158,0.209487373541,0.201739123183,0.192276438801,0.180822584674,0.166866780211,0.149324076719,0.125126218779,0.063106522552,,,,,,,,0.059505471515,1.201000000000
108000,0.226321690007,0.225658343488,0.223662021432,0.220312782335,0.215573439853,0.209382388888,0.201640313205,0.192184989038,0.180739771130,0.166794072455,0.149263394783,0.125080807926,0.063091549066,,,,,,,,0.059491610874,1.201000000000
108060,0.226202926807,0.225540137440,0.223545486587,0.220199032525,0.215463590516,0.209277562418,0.201541650735,0.192093674213,0.180657078010,0.166721468490,0.149202797382,0.125035458126,0.063076603519,,,,,,,,0.059477780422,1.201000000000
108120,0.226084345928,0.225422112724,0.223429130110,0.220085456162,0.215353907772,0.209172893778,0.201443135444,0.192002494028,0.180574505052,0.166648968094,0.149142284335,0.124990169256,0.063061685846,,,,,,,,0.059463980084,1.201000000000
108180,0.225965946956,0.225304268929,0.223312951598,0.219972052857,0.215244391247,0.209068382616,0.201344767007,0.191911448189,0.180492051995,0.166576571043,0.149081855463,0.124944941192,0.063046795979,,,,,,,,0.059450209781,1.201000000000
108240,0.225847729480,0.225186605644,0.223196950650,0.219858822218,0.215135040567,0.208964028580,0.201246545097,0.191820536400,0.180409718579,0.166504277115,0.149021510586,0.124899773808,0.063031933851,,,,,,,,0.059436469437,1.201000000000
108300,0.225729693089,0.225069122463,0.223081126863,0.219745763856,0.215025855361,0.208859831319,0.201148469390,0.191729758366,0.180327504542,0.166432086088,0.148961249525,0.124854666983,0.063017099396,,,,,,,,0.059422758973,1.201000000000
108360,0.225611837373,0.224951818976,0.222965479838,0.219632877385,0.214916835258,0.208755790483,0.201050539562,0.191639113794,0.180245409627,0.166359997743,0.148901072104,0.124809620593,0.063002292544,,,,,,,,0.059409078309,1.201000000000
108420,0.225494161923,0.224834694779,0.222850009176,0.219520162417,0.214807979887,0.208651905725,0.200952755290,0.191548602392,0.180163433575,0.166288011859,0.148840978143,0.124764634514,0.062987513227,,,,,,,,0.059395427368,1.201000000000
108480,0.225376666333,0.224717749467,0.222734714479,0.219407618566,0.214699288881,0.208548176697,0.200855116253,0.191458223866,0.180081576127,0.166216128215,0.148780967467,0.124719708626,0.062972761378,,,,,,,,0.059381806070,1.201000000000
108540,0.225259350196,0.224600982635,0.222619595352,0.219295245449,0.214590761870,0.208444603051,0.200757622130,0.191367977927,0.179999837028,0.166144346594,0.148721039900,0.124674842805,0.062958036927,,,,,,,,0.059368214335,1.201000000000
108600,0.225142213107,0.224484393882,0.222504651399,0.219183042683,0.214482398490,0.208341184444,0.200660272601,0.191277864284,0.179918216020,0.166072666776,0.148661195264,0.124630036930,0.062943339806,,,,,,,,0.059354652086,1.201000000000
108660,0.225025254662,0.224367982805,0.222389882225,0.219071009884,0.214374198373,0.208237920529,0.200563067346,0.191187882648,0.179836712848,0.166001088543,0.148601433386,0.124585290880,0.062928669945,,,,,,,,0.059341119242,1.201000000000
108720,0.224908474460,0.224251749006,0.222275287438,0.218959146671,0.214266161155,0.208134810964,0.200466006047,0.191098032730,0.179755327257,0.165929611679,0.148541754090,0.124540604533,0.062914027275,,,,,,,,0.059327615724,1.201000000000
108780,0.224791872098,0.224135692084,0.222160866646,0.218847452666,0.214158286474,0.208031855406,0.200369088387,0.191008314242,0.179674058993,0.165858235966,0.148482157204,0.124495977769,0.062899411728,,,,,,,,0.059314141452,1.201000000000
108840,0.224675447177,0.224019811642,0.222046619458,0.218735927489,0.214050573965,0.207929053513,0.200272314050,0.190918726897,0.179592907803,0.165786961189,0.148422642552,0.124451410467,0.062884823234,,,,,,,,0.059300696348,1.201000000000
108900,0.224559199296,0.223904107284,0.221932545485,0.218624570761,0.213943023269,0.207826404944,0.200175682720,0.190829270410,0.179511873433,0.165715787131,0.148363209962,0.124406902507,0.062870261724,,,,,,,,0.059287280331,1.201000000000
108960,0.224443128059,0.223788578613,0.221818644338,0.218513382107,0.213835634024,0.207723909361,0.200079194083,0.190739944494,0.179430955631,0.165644713579,0.148303859262,0.124362453769,0.062855727130,,,,,,,,0.059273893324,1.201000000000
109020,0.224327233069,0.223673225236,0.221704915630,0.218402361151,0.213728405872,0.207621566424,0.199982847825,0.190650748866,0.179350154147,0.165573740318,0.148244590280,0.124318064134,0.062841219381,,,,,,,,0.059260535246,1.201000000000
109080,0.224211513929,0.223558046758,0.221591358974,0.218291507518,0.213621338453,0.207519375796,0.199886643633,0.190561683241,0.179269468729,0.165502867134,0.148185402845,0.124273733482,0.062826738409,,,,,,,,0.059247206018,1.201000000000
109140,0.224095970246,0.223443042789,0.221477973986,0.218180820835,0.213514431411,0.207417337140,0.199790581195,0.190472747337,0.179188899127,0.165432093815,0.148126296785,0.124229461693,0.062812284145,,,,,,,,0.059233905562,1.201000000000
109200,0.223980601626,0.223328212937,0.221364760282,0.218070300730,0.213407684389,0.207315450120,0.199694660200,0.190383940871,0.179108445093,0.165361420146,0.148067271930,0.124185248650,0.062797856520,,,,,,,,0.059220633798,1.201000000000
109260,0.223865407677,0.223213556811,0.221251717478,0.217959946830,0.213301097032,0.207213714401,0.199598880338,0.190295263563,0.179028106376,0.165290845918,0.148008328111,0.124141094234,0.062783455466,,,,,,,,0.059207390649,1.201000000000
109320,0.223750388008,0.223099074024,0.221138845193,0.217849758767,0.213194668987,0.207112129650,0.199503241301,0.190206715131,0.178947882731,0.165220370918,0.147949465158,0.124096998326,0.062769080914,,,,,,,,0.059194176035,1.201000000000
109380,0.223635542229,0.222984764188,0.221026143046,0.217739736170,0.213088399898,0.207010695533,0.199407742778,0.190118295296,0.178867773908,0.165149994936,0.147890682903,0.124052960809,0.062754732795,,,,,,,,0.059180989878,1.201000000000
109440,0.223520869951,0.222870626915,0.220913610658,0.217629878672,0.212982289416,0.206909411720,0.199312384464,0.190030003778,0.178787779662,0.165079717762,0.147831981176,0.124008981565,0.062740411042,,,,,,,,0.059167832100,1.201000000000
109500,0.223406370786,0.222756661822,0.220801247649,0.217520185905,0.212876337187,0.206808277878,0.199217166051,0.189941840300,0.178707899747,0.165009539186,0.147773359811,0.123965060477,0.062726115584,,,,,,,,0.059154702623,1.201000000000
109560,0.223292044348,0.222642868523,0.220689053644,0.217410657504,0.212770542862,0.206707293677,0.199122087234,0.189853804584,0.178628133917,0.164939459000,0.147714818639,0.123921197427,0.062711846356,,,,,,,,0.059141601368,1.201000000000
109620,0.223177890251,0.222529246636,0.220577028265,0.217301293103,0.212664906093,0.206606458789,0.199027147707,0.189765896354,0.178548481928,0.164869476994,0.147656357494,0.123877392299,0.062697603288,,,,,,,,0.059128528259,1.201000000000
109680,0.223063908111,0.222415795777,0.220465171136,0.217192092339,0.212559426530,0.206505772886,0.198932347167,0.189678115333,0.178468943537,0.164799592962,0.147597976210,0.123833644976,0.062683386313,,,,,,,,0.059115483217,1.201000000000
109740,0.222950097545,0.222302515567,0.220353481885,0.217083054848,0.212454103826,0.206405235639,0.198837685311,0.189590461247,0.178389518499,0.164729806696,0.147539674621,0.123789955342,0.062669195364,,,,,,,,0.059102466166,1.201000000000
109800,0.222836458170,0.222189405625,0.220241960138,0.216974180270,0.212348937636,0.206304846723,0.198743161835,0.189502933820,0.178310206573,0.164660117989,0.147481452561,0.123746323282,0.062655030372,,,,,,,,0.059089477028,1.201000000000
109860,0.222722989605,0.222076465573,0.220130605522,0.216865468242,0.212243927613,0.206204605812,0.198648776439,0.189415532780,0.178231007516,0.164590526636,0.147423309865,0.123702748679,0.062640891271,,,,,,,,0.059076515726,1.201000000000
109920,0.222609691472,0.221963695033,0.220019417668,0.216756918406,0.212139073415,0.206104512583,0.198554528822,0.189328257854,0.178151921088,0.164521032431,0.147365246369,0.123659231418,0.062626777993,,,,,,,,0.059063582184,1.201000000000
109980,0.222496563389,0.221851093628,0.219908396204,0.216648530403,0.212034374697,0.206004566710,0.198460418685,0.189241108769,0.178072947048,0.164451635169,0.147307261909,0.123615771383,0.062612690471,,,,,,,,0.059050676325,1.201000000000
110040,0.222383604981,0.221738660982,0.219797540762,0.216540303874,0.211929831117,0.205904767872,0.198366445727,0.189154085254,0.177994085156,0.164382334646,0.147249356321,0.123572368461,0.062598628639,,,,,,,,0.059037798072,1.201000000000
110100,0.222270815869,0.221626396722,0.219686850975,0.216432238464,0.211825442334,0.205805115747,0.198272609652,0.189067187040,0.177915335173,0.164313130659,0.147191529442,0.123529022537,0.062584592430,,,,,,,,0.059024947350,1.201000000000
110160,0.222158195679,0.221514300473,0.219576326475,0.216324333816,0.211721208008,0.205705610015,0.198178910162,0.188980413855,0.177836696860,0.164244023004,0.147133781110,0.123485733495,0.062570581778,,,,,,,,0.059012124083,1.201000000000
110220,0.222045744036,0.221402371864,0.219465966897,0.216216589576,0.211617127799,0.205606250354,0.198085346961,0.188893765431,0.177758169980,0.164175011478,0.147076111162,0.123442501223,0.062556596616,,,,,,,,0.058999328195,1.201000000000
110280,0.221933460566,0.221290610523,0.219355771877,0.216109005390,0.211513201369,0.205507036447,0.197991919752,0.188807241499,0.177679754295,0.164106095880,0.147018519436,0.123399325607,0.062542636878,,,,,,,,0.058986559610,1.201000000000
110340,0.221821344897,0.221179016080,0.219245741050,0.216001580905,0.211409428380,0.205407967974,0.197898628241,0.188720841793,0.177601449570,0.164037276008,0.146961005773,0.123356206532,0.062528702499,,,,,,,,0.058973818253,1.201000000000
110400,0.221709396658,0.221067588166,0.219135874054,0.215894315770,0.211305808497,0.205309044620,0.197805472135,0.188634566044,0.177523255567,0.163968551661,0.146903570009,0.123313143887,0.062514793413,,,,,,,,0.058961104050,1.201000000000
110460,0.221597615478,0.220956326412,0.219026170527,0.215787209635,0.211202341382,0.205210266067,0.197712451140,0.188548413988,0.177445172052,0.163899922640,0.146846211986,0.123270137558,0.062500909554,,,,,,,,0.058948416925,1.201000000000
110520,0.221486000988,0.220845230452,0.218916630110,0.215680262149,0.211099026702,0.205111632000,0.197619564964,0.188462385359,0.177367198790,0.163831388743,0.146788931543,0.123227187432,0.062487050857,,,,,,,,0.058935756805,1.201000000000
110580,0.221374552820,0.220734299920,0.218807252442,0.215573472964,0.210995864124,0.205013142105,0.197526813315,0.188376479892,0.177289335548,0.163762949773,0.146731728520,0.123184293397,0.062473217257,,,,,,,,0.058923123613,1.201000000000
110640,0.221263270607,0.220623534450,0.218698037165,0.215466841732,0.210892853314,0.204914796067,0.197434195902,0.188290697323,0.177211582091,0.163694605530,0.146674602759,0.123141455341,0.062459408689,,,,,,,,0.058910517277,1.201000000000
110700,0.221152153982,0.220512933679,0.218588983922,0.215360368107,0.210789993940,0.204816593575,0.197341712437,0.188205037390,0.177133938189,0.163626355816,0.146617554102,0.123098673153,0.062445625088,,,,,,,,0.058897937723,1.201000000000
110760,0.221041202581,0.220402497244,0.218480092356,0.215254051742,0.210687285672,0.204718534317,0.197249362629,0.188119499829,0.177056403607,0.163558200433,0.146560582389,0.123055946721,0.062431866390,,,,,,,,0.058885384876,1.201000000000
110820,0.220930416039,0.220292224783,0.218371362112,0.215147892294,0.210584728181,0.204620617980,0.197157146191,0.188034084379,0.176978978116,0.163490139186,0.146503687463,0.123013275933,0.062418132531,,,,,,,,0.058872858663,1.201000000000
110880,0.220819793993,0.220182115934,0.218262792836,0.215041889417,0.210482321136,0.204522844256,0.197065062835,0.187948790780,0.176901661484,0.163422171877,0.146446869166,0.122970660680,0.062404423446,,,,,,,,0.058860359012,1.201000000000
110940,0.220709336083,0.220072170339,0.218154384173,0.214936042771,0.210380064210,0.204425212834,0.196973112274,0.187863618771,0.176824453481,0.163354298310,0.146390127343,0.122928100849,0.062390739072,,,,,,,,0.058847885849,1.201000000000
111000,0.220599041946,0.219962387639,0.218046135772,0.214830352012,0.210277957076,0.204327723407,0.196881294224,0.187778568092,0.176747353878,0.163286518289,0.146333461836,0.122885596331,0.062377079345,,,,,,,,0.058835439100,1.201000000000
111060,0.220488911222,0.219852767475,0.217938047281,0.214724816800,0.210175999408,0.204230375667,0.196789608397,0.187693638485,0.176670362446,0.163218831621,0.146276872489,0.122843147016,0.062363444201,,,,,,,,0.058823018695,1.201000000000
111120,0.220378943554,0.219743309491,0.217830118350,0.214619436795,0.210074190880,0.204133169307,0.196698054512,0.187608829691,0.176593478957,0.163151238111,0.146220359146,0.122800752793,0.062349833577,,,,,,,,0.058810624560,1.201000000000
111180,0.220269138582,0.219634013332,0.217722348629,0.214514211659,0.209972531169,0.204036104022,0.196606632283,0.187524141454,0.176516703183,0.163083737565,0.146163921654,0.122758413554,0.062336247410,,,,,,,,0.058798256623,1.201000000000
111240,0.220159495951,0.219524878642,0.217614737770,0.214409141052,0.209871019950,0.203939179506,0.196515341428,0.187439573517,0.176440034898,0.163016329789,0.146107559856,0.122716129189,0.062322685637,,,,,,,,0.058785914813,1.201000000000
111300,0.220050015304,0.219415905067,0.217507285426,0.214304224638,0.209769656901,0.203842395455,0.196424181666,0.187355125623,0.176363473875,0.162949014592,0.146051273598,0.122673899589,0.062309148196,,,,,,,,0.058773599057,1.201000000000
111360,0.219940696286,0.219307092256,0.217399991249,0.214199462082,0.209668441700,0.203745751567,0.196333152716,0.187270797518,0.176287019888,0.162881791780,0.145995062726,0.122631724646,0.062295635023,,,,,,,,0.058761309284,1.201000000000
111420,0.219831538544,0.219198439856,0.217292854895,0.214094853048,0.209567374028,0.203649247538,0.196242254296,0.187186588946,0.176210672713,0.162814661162,0.145938927088,0.122589604250,0.062282146057,,,,,,,,0.058749045424,1.201000000000
111480,0.219722541724,0.219089947516,0.217185876020,0.213990397201,0.209466453563,0.203552883068,0.196151486128,0.187102499655,0.176134432125,0.162747622548,0.145882866529,0.122547538294,0.062268681235,,,,,,,,0.058736807405,1.201000000000
111540,0.219613705476,0.218981614887,0.217079054278,0.213886094209,0.209365679987,0.203456657855,0.196060847932,0.187018529391,0.176058297900,0.162680675746,0.145826880897,0.122505526670,0.062255240495,,,,,,,,0.058724595156,1.201000000000
111600,0.219505029448,0.218873441621,0.216972389329,0.213781943739,0.209265052983,0.203360571599,0.195970339431,0.186934677901,0.175982269814,0.162613820566,0.145770970040,0.122463569270,0.062241823777,,,,,,,,0.058712408607,1.201000000000
111660,0.219396513290,0.218765427368,0.216865880830,0.213677945460,0.209164572232,0.203264624002,0.195879960348,0.186850944934,0.175906347646,0.162547056819,0.145715133806,0.122421665987,0.062228431017,,,,,,,,0.058700247687,1.201000000000
111720,0.219288156653,0.218657571782,0.216759528440,0.213574099041,0.209064237419,0.203168814765,0.195789710406,0.186767330239,0.175830531174,0.162480384316,0.145659372043,0.122379816713,0.062215062156,,,,,,,,0.058688112327,1.201000000000
111780,0.219179959189,0.218549874518,0.216653331821,0.213470404154,0.208964048228,0.203073143591,0.195699589329,0.186683833566,0.175754820175,0.162413802868,0.145603684600,0.122338021343,0.062201717131,,,,,,,,0.058676002456,1.201000000000
111840,0.219071920553,0.218442335231,0.216547290633,0.213366860469,0.208864004344,0.202977610183,0.195609596843,0.186600454664,0.175679214429,0.162347312287,0.145548071327,0.122296279769,0.062188395882,,,,,,,,0.058663918005,1.201000000000
111900,0.218964040397,0.218334953577,0.216441404538,0.213263467658,0.208764105455,0.202882214246,0.195519732673,0.186517193285,0.175603713717,0.162280912386,0.145492532073,0.122254591886,0.062175098348,,,,,,,,0.058651858905,1.201000000000
111960,0.218856318376,0.218227729212,0.216335673200,0.213160225396,0.208664351247,0.202786955485,0.195429996546,0.186434049181,0.175528317818,0.162214602977,0.145437066688,0.122212957586,0.062161824468,,,,,,,,0.058639825086,1.201000000000
112020,0.218748754148,0.218120661796,0.216230096283,0.213057133355,0.208564741409,0.202691833605,0.195340388189,0.186351022104,0.175453026513,0.162148383875,0.145381675024,0.122171376765,0.062148574183,,,,,,,,0.058627816479,1.201000000000
112080,0.218641347367,0.218013750986,0.216124673451,0.212954191212,0.208465275630,0.202596848313,0.195250907331,0.186268111806,0.175377839585,0.162082254893,0.145326356930,0.122129849317,0.062135347432,,,,,,,,0.058615833016,1.201000000000
112140,0.218534097694,0.217906996443,0.216019404371,0.212851398642,0.208365953598,0.202501999317,0.195161553699,0.186185318043,0.175302756814,0.162016215845,0.145271112259,0.122088375137,0.062122144155,,,,,,,,0.058603874628,1.201000000000
112200,0.218427004786,0.217800397828,0.215914288710,0.212748755322,0.208266775006,0.202407286326,0.195072327025,0.186102640567,0.175227777985,0.161950266547,0.145215940861,0.122046954120,0.062108964293,,,,,,,,0.058591941247,1.201000000000
112260,0.218320068303,0.217693954802,0.215809326136,0.212646260931,0.208167739545,0.202312709047,0.194983227038,0.186020079135,0.175152902881,0.161884406814,0.145160842590,0.122005586162,0.062095807785,,,,,,,,0.058580032804,1.201000000000
112320,0.218213287907,0.217587667029,0.215704516317,0.212543915145,0.208068846907,0.202218267192,0.194894253469,0.185937633502,0.175078131285,0.161818636463,0.145105817297,0.121964271157,0.062082674573,,,,,,,,0.058568149233,1.201000000000
112380,0.218106663258,0.217481534172,0.215599858923,0.212441717646,0.207970096786,0.202123960471,0.194805406050,0.185855303424,0.175003462982,0.161752955309,0.145050864836,0.121923009002,0.062069564597,,,,,,,,0.058556290464,1.201000000000
112440,0.218000194021,0.217375555896,0.215495353625,0.212339668114,0.207871488875,0.202029788596,0.194716684513,0.185773088659,0.174928897758,0.161687363170,0.144995985059,0.121881799592,0.062056477799,,,,,,,,0.058544456431,1.201000000000
112500,0.217893879857,0.217269731867,0.215391000094,0.212237766230,0.207773022870,0.201935751278,0.194628088593,0.185690988965,0.174854435397,0.161621859863,0.144941177821,0.121840642826,0.062043414119,,,,,,,,0.058532647067,1.201000000000
112560,0.217787720432,0.217164061750,0.215286798002,0.212136011676,0.207674698466,0.201841848232,0.194539618023,0.185609004099,0.174780075687,0.161556445206,0.144886442975,0.121799538598,0.062030373499,,,,,,,,0.058520862304,1.201000000000
112620,0.217681715412,0.217058545214,0.215182747024,0.212034404135,0.207576515361,0.201748079170,0.194451272537,0.185527133820,0.174705818415,0.161491119018,0.144831780376,0.121758486806,0.062017355880,,,,,,,,0.058509102076,1.201000000000
112680,0.217575864462,0.216953181928,0.215078846834,0.211932943292,0.207478473251,0.201654443809,0.194363051871,0.185445377890,0.174631663367,0.161425881118,0.144777189879,0.121717487347,0.062004361205,,,,,,,,0.058497366317,1.201000000000
112740,0.217470167251,0.216847971559,0.214975097106,0.211831628832,0.207380571836,0.201560941862,0.194274955762,0.185363736067,0.174557610332,0.161360731324,0.144722671339,0.121676540119,0.061991389415,,,,,,,,0.058485654959,1.201000000000
112800,0.217364623447,0.216742913779,0.214871497516,0.211730460440,0.207282810814,0.201467573047,0.194186983947,0.185282208114,0.174483659099,0.161295669458,0.144668224612,0.121635645019,0.061978440453,,,,,,,,0.058473967937,1.201000000000
112860,0.217259232718,0.216638008259,0.214768047743,0.211629437802,0.207185189885,0.201374337081,0.194099136162,0.185200793791,0.174409809456,0.161230695339,0.144613849553,0.121594801946,0.061965514260,,,,,,,,0.058462305184,1.201000000000
112920,0.217153994735,0.216533254671,0.214664747463,0.211528560607,0.207087708751,0.201281233682,0.194011412147,0.185119492862,0.174336061194,0.161165808789,0.144559546019,0.121554010797,0.061952610780,,,,,,,,0.058450666636,1.201000000000
112980,0.217048909169,0.216428652688,0.214561596356,0.211427828543,0.206990367113,0.201188262567,0.193923811640,0.185038305088,0.174262414103,0.161101009628,0.144505313867,0.121513271471,0.061939729955,,,,,,,,0.058439052227,1.201000000000
113040,0.216943975692,0.216324201984,0.214458594100,0.211327241299,0.206893164673,0.201095423457,0.193836334382,0.184957230234,0.174188867974,0.161036297679,0.144451152953,0.121472583867,0.061926871728,,,,,,,,0.058427461890,1.201000000000
113100,0.216839193978,0.216219902233,0.214355740378,0.211226798565,0.206796101136,0.201002716072,0.193748980112,0.184876268064,0.174115422598,0.160971672764,0.144397063136,0.121431947884,0.061914036043,,,,,,,,0.058415895562,1.201000000000
113160,0.216734563699,0.216115753112,0.214253034870,0.211126500032,0.206699176204,0.200910140133,0.193661748573,0.184795418344,0.174042077767,0.160907134706,0.144343044273,0.121391363421,0.061901222841,,,,,,,,0.058404353178,1.201000000000
113220,0.216630084531,0.216011754297,0.214150477258,0.211026345393,0.206602389583,0.200817695360,0.193574639506,0.184714680837,0.173968833275,0.160842683328,0.144289096222,0.121350830378,0.061888432068,,,,,,,,0.058392834672,1.201000000000
113280,0.216525756148,0.215907905466,0.214048067227,0.210926334338,0.206505740980,0.200725381478,0.193487652653,0.184634055312,0.173895688914,0.160778318453,0.144235218843,0.121310348654,0.061875663666,,,,,,,,0.058381339981,1.201000000000
113340,0.216421578229,0.215804206296,0.213945804459,0.210826466563,0.206409230100,0.200633198209,0.193400787758,0.184553541534,0.173822644477,0.160714039907,0.144181411993,0.121269918150,0.061862917579,,,,,,,,0.058369869039,1.201000000000
113400,0.216317550450,0.215700656468,0.213843688640,0.210726741762,0.206312856650,0.200541145278,0.193314044565,0.184473139270,0.173749699760,0.160649847513,0.144127675533,0.121229538765,0.061850193752,,,,,,,,0.058358421784,1.201000000000
113460,0.216213672489,0.215597255662,0.213741719456,0.210627159629,0.206216620340,0.200449222408,0.193227422819,0.184392848291,0.173676854557,0.160585741098,0.144074009322,0.121189210401,0.061837492129,,,,,,,,0.058346998151,1.201000000000
113520,0.216109944026,0.215494003558,0.213639896594,0.210527719862,0.206120520878,0.200357429325,0.193140922265,0.184312668362,0.173604108663,0.160521720486,0.144020413219,0.121148932958,0.061824812654,,,,,,,,0.058335598077,1.201000000000
113580,0.216006364740,0.215390899839,0.213538219740,0.210428422156,0.206024557973,0.200265765756,0.193054542650,0.184232599255,0.173531461875,0.160457785503,0.143966887087,0.121108706337,0.061812155271,,,,,,,,0.058324221498,1.201000000000
113640,0.215902934313,0.215287944188,0.213436688584,0.210329266209,0.205928731338,0.200174231428,0.192968283720,0.184152640740,0.173458913988,0.160393935977,0.143913430785,0.121068530440,0.061799519926,,,,,,,,0.058312868351,1.201000000000
113700,0.215799652427,0.215185136288,0.213335302816,0.210230251721,0.205833040682,0.200082826068,0.192882145222,0.184072792586,0.173386464801,0.160330171734,0.143860044174,0.121028405168,0.061786906563,,,,,,,,0.058301538573,1.201000000000
113760,0.215696518765,0.215082475823,0.213234062124,0.210131378390,0.205737485718,0.199991549406,0.192796126905,0.183993054565,0.173314114109,0.160266492602,0.143806727117,0.120988330423,0.061774315128,,,,,,,,0.058290232102,1.201000000000
113820,0.215593533009,0.214979962480,0.213132966200,0.210032645916,0.205642066160,0.199900401169,0.192710228518,0.183913426448,0.173241861713,0.160202898408,0.143753479475,0.120948306107,0.061761745565,,,,,,,,0.058278948874,1.201000000000
113880,0.215490694845,0.214877595945,0.213032014736,0.209934054002,0.205546781720,0.199809381089,0.192624449810,0.183833908009,0.173169707410,0.160139388981,0.143700301110,0.120908332122,0.061749197821,,,,,,,,0.058267688828,1.201000000000
113940,0.215388003958,0.214775375905,0.212931207425,0.209835602348,0.205451632114,0.199718488895,0.192538790532,0.183754499020,0.173097650999,0.160075964151,0.143647191885,0.120868408371,0.061736671840,,,,,,,,0.058256451900,1.201000000000
114000,0.215285460034,0.214673302047,0.212830543961,0.209737290657,0.205356617057,0.199627724320,0.192453250434,0.183675199256,0.173025692280,0.160012623745,0.143594151663,0.120828534757,0.061724167570,,,,,,,,0.058245238030,1.201000000000
114060,0.215183062760,0.214571374062,0.212730024036,0.209639118633,0.205261736265,0.199537087095,0.192367829268,0.183596008489,0.172953831054,0.159949367594,0.143541180307,0.120788711182,0.061711684955,,,,,,,,0.058234047156,1.201000000000
114120,0.215080811824,0.214469591638,0.212629647348,0.209541085980,0.205166989454,0.199446576954,0.192282526786,0.183516926496,0.172882067121,0.159886195529,0.143488277681,0.120748937550,0.061699223942,,,,,,,,0.058222879215,1.201000000000
114180,0.214978706915,0.214367954467,0.212529413592,0.209443192403,0.205072376343,0.199356193630,0.192197342742,0.183437953051,0.172810400283,0.159823107379,0.143435443649,0.120709213765,0.061686784477,,,,,,,,0.058211734146,1.201000000000
114240,0.214876747723,0.214266462239,0.212429322465,0.209345437609,0.204977896650,0.199265936857,0.192112276889,0.183359087931,0.172738830341,0.159760102976,0.143382678075,0.120669539731,0.061674366507,,,,,,,,0.058200611889,1.201000000000
114300,0.214774933938,0.214165114648,0.212329373665,0.209247821303,0.204883550095,0.199175806370,0.192027328980,0.183280330912,0.172667357098,0.159697182152,0.143329980825,0.120629915351,0.061661969978,,,,,,,,0.058189512382,1.201000000000
114360,0.214673265252,0.214063911386,0.212229566890,0.209150343194,0.204789336396,0.199085801906,0.191942498772,0.183201681773,0.172595980357,0.159634344738,0.143277351763,0.120590340529,0.061649594838,,,,,,,,0.058178435565,1.201000000000
114420,0.214571741356,0.213962852148,0.212129901840,0.209053002990,0.204695255275,0.198995923201,0.191857786019,0.183123140289,0.172524699921,0.159571590567,0.143224790755,0.120550815171,0.061637241033,,,,,,,,0.058167381377,1.201000000000
114480,0.214470361945,0.213861936628,0.212030378215,0.208955800399,0.204601306454,0.198906169992,0.191773190478,0.183044706241,0.172453515594,0.159508919471,0.143172297666,0.120511339181,0.061624908512,,,,,,,,0.058156349757,1.201000000000
114540,0.214369126711,0.213761164522,0.211930995716,0.208858735133,0.204507489654,0.198816542017,0.191688711905,0.182966379408,0.172382427181,0.159446331285,0.143119872363,0.120471912464,0.061612597220,,,,,,,,0.058145340646,1.201000000000
114600,0.214268035350,0.213660535526,0.211831754045,0.208761806901,0.204413804599,0.198727039014,0.191604350059,0.182888159568,0.172311434487,0.159383825841,0.143067514712,0.120432534925,0.061600307105,,,,,,,,0.058134353982,1.201000000000
114660,0.214167087557,0.213560049338,0.211732652904,0.208665015415,0.204320251013,0.198637660724,0.191520104698,0.182810046502,0.172240537317,0.159321402975,0.143015224581,0.120393206469,0.061588038117,,,,,,,,0.058123389708,1.201000000000
114720,0.214066283029,0.213459705657,0.211633691998,0.208568360388,0.204226828619,0.198548406885,0.191435975580,0.182732039991,0.172169735477,0.159259062520,0.142963001835,0.120353927004,0.061575790201,,,,,,,,0.058112447762,1.201000000000
114780,0.213965621462,0.213359504180,0.211534871030,0.208471841532,0.204133537144,0.198459277239,0.191351962465,0.182654139817,0.172099028775,0.159196804312,0.142910846343,0.120314696433,0.061563563307,,,,,,,,0.058101528086,1.201000000000
114840,0.213865102555,0.213259444609,0.211436189705,0.208375458561,0.204040376313,0.198370271528,0.191268065113,0.182576345762,0.172028417016,0.159134628185,0.142858757973,0.120275514665,0.061551357382,,,,,,,,0.058090630620,1.201000000000
114900,0.213764726008,0.213159526643,0.211337647730,0.208279211191,0.203947345852,0.198281389493,0.191184283285,0.182498657607,0.171957900009,0.159072533977,0.142806736593,0.120236381604,0.061539172376,,,,,,,,0.058079755305,1.201000000000
114960,0.213664491519,0.213059749984,0.211239244812,0.208183099136,0.203854445491,0.198192630878,0.191100616742,0.182421075137,0.171887477561,0.159010521524,0.142754782071,0.120197297158,0.061527008236,,,,,,,,0.058068902083,1.201000000000
115020,0.213564398788,0.212960114335,0.211140980657,0.208087122112,0.203761674956,0.198103995425,0.191017065247,0.182343598134,0.171817149482,0.158948590661,0.142702894276,0.120158261234,0.061514864911,,,,,,,,0.058058070894,1.201000000000
115080,0.213464447519,0.212860619398,0.211042854974,0.207991279837,0.203669033976,0.198015482880,0.190933628562,0.182266226385,0.171746915580,0.158886741227,0.142651073078,0.120119273739,0.061502742351,,,,,,,,0.058047261681,1.201000000000
115140,0.213364637412,0.212761264878,0.210944867472,0.207895572029,0.203576522282,0.197927092986,0.190850306450,0.182188959672,0.171676775665,0.158824973059,0.142599318346,0.120080334580,0.061490640504,,,,,,,,0.058036474385,1.201000000000
115200,0.213264968171,0.212662050479,0.210847017862,0.207799998405,0.203484139604,0.197838825491,0.190767098676,0.182111797783,0.171606729547,0.158763285995,0.142547629950,0.120041443664,0.061478559319,,,,,,,,0.058025708947,1.201000000000
115260,0.213165439499,0.212562975907,0.210749305853,0.207704558685,0.203391885673,0.197750680139,0.190684005004,0.182034740502,0.171536777037,0.158701679874,0.142496007760,0.120002600901,0.061466498747,,,,,,,,0.058014965310,1.201000000000
115320,0.213066051101,0.212464040868,0.210651731158,0.207609252590,0.203299760221,0.197662656679,0.190601025200,0.181957787617,0.171466917946,0.158640154534,0.142444451647,0.119963806197,0.061454458736,,,,,,,,0.058004243417,1.201000000000
115380,0.212966802683,0.212365245069,0.210554293488,0.207514079839,0.203207762980,0.197574754857,0.190518159028,0.181880938915,0.171397152085,0.158578709815,0.142392961482,0.119925059461,0.061442439236,,,,,,,,0.057993543209,1.201000000000
115440,0.212867693951,0.212266588218,0.210456992557,0.207419040155,0.203115893684,0.197486974423,0.190435406257,0.181804194183,0.171327479267,0.158517345557,0.142341537136,0.119886360602,0.061430440198,,,,,,,,0.057982864630,1.201000000000
115500,0.212768724611,0.212168070024,0.210359828079,0.207324133260,0.203024152067,0.197399315124,0.190352766653,0.181727553210,0.171257899304,0.158456061599,0.142290178480,0.119847709528,0.061418461571,,,,,,,,0.057972207622,1.201000000000
115560,0.212669894372,0.212069690196,0.210262799767,0.207229358877,0.202932537864,0.197311776712,0.190270239984,0.181651015784,0.171188412009,0.158394857783,0.142238885387,0.119809106149,0.061406503305,,,,,,,,0.057961572128,1.201000000000
115620,0.212571202942,0.211971448446,0.210165907338,0.207134716729,0.202841050810,0.197224358935,0.190187826017,0.181574581696,0.171119017196,0.158333733949,0.142187657728,0.119770550373,0.061394565351,,,,,,,,0.057950958091,1.201000000000
115680,0.212472650031,0.211873344482,0.210069150508,0.207040206541,0.202749690641,0.197137061546,0.190105524523,0.181498250735,0.171049714679,0.158272689939,0.142136495377,0.119732042111,0.061382647660,,,,,,,,0.057940365455,1.201000000000
115740,0.212374235348,0.211775378019,0.209972528993,0.206945828039,0.202658457094,0.197049884296,0.190023335271,0.181422022692,0.170980504273,0.158211725594,0.142085398206,0.119693581271,0.061370750181,,,,,,,,0.057929794163,1.201000000000
115800,0.212275958605,0.211677548768,0.209876042511,0.206851580948,0.202567349908,0.196962826937,0.189941258030,0.181345897358,0.170911385793,0.158150840757,0.142034366088,0.119655167764,0.061358872867,,,,,,,,0.057919244160,1.201000000000
115860,0.212177819514,0.211579856442,0.209779690781,0.206757464996,0.202476368819,0.196875889223,0.189859292573,0.181269874524,0.170842359053,0.158090035270,0.141983398896,0.119616801500,0.061347015667,,,,,,,,0.057908715388,1.201000000000
115920,0.212079817786,0.211482300756,0.209683473522,0.206663479909,0.202385513568,0.196789070906,0.189777438669,0.181193953983,0.170773423871,0.158029308977,0.141932496506,0.119578482389,0.061335178534,,,,,,,,0.057898207792,1.201000000000
115980,0.211981953136,0.211384881426,0.209587390453,0.206569625416,0.202294783894,0.196702371742,0.189695696092,0.181118135528,0.170704580063,0.157968661721,0.141881658790,0.119540210342,0.061323361418,,,,,,,,0.057887721317,1.201000000000
116040,0.211884225277,0.211287598166,0.209491441297,0.206475901246,0.202204179537,0.196615791486,0.189614064614,0.181042418951,0.170635827445,0.157908093345,0.141830885624,0.119501985269,0.061311564271,,,,,,,,0.057877255907,1.201000000000
116100,0.211786633925,0.211190450693,0.209395625773,0.206382307129,0.202113700239,0.196529329893,0.189532544009,0.180966804048,0.170567165835,0.157847603695,0.141780176882,0.119463807083,0.061299787044,,,,,,,,0.057866811506,1.201000000000
116160,0.211689178794,0.211093438724,0.209299943604,0.206288842795,0.202023345741,0.196442986719,0.189451134049,0.180891290611,0.170498595052,0.157787192614,0.141729532439,0.119425675693,0.061288029690,,,,,,,,0.057856388059,1.201000000000
116220,0.211591859602,0.210996561978,0.209204394514,0.206195507975,0.201933115786,0.196356761722,0.189369834511,0.180815878437,0.170430114913,0.157726859948,0.141678952171,0.119387591012,0.061276292160,,,,,,,,0.057845985512,1.201000000000
116280,0.211494676065,0.210899820174,0.209108978226,0.206102302401,0.201843010117,0.196270654658,0.189288645168,0.180740567320,0.170361725238,0.157666605542,0.141628435954,0.119349552951,0.061264574406,,,,,,,,0.057835603809,1.201000000000
116340,0.211397627901,0.210803213030,0.209013694464,0.206009225806,0.201753028478,0.196184665288,0.189207565796,0.180665357057,0.170293425845,0.157606429242,0.141577983663,0.119311561422,0.061252876381,,,,,,,,0.057825242896,1.201000000000
116400,0.211300714830,0.210706740267,0.208918542954,0.205916277923,0.201663170613,0.196098793368,0.189126596172,0.180590247444,0.170225216556,0.157546330895,0.141527595175,0.119273616337,0.061241198037,,,,,,,,0.057814902718,1.201000000000
116460,0.211203936570,0.210610401607,0.208823523421,0.205823458486,0.201573436268,0.196013038659,0.189045736072,0.180515238278,0.170157097189,0.157486310347,0.141477270367,0.119235717609,0.061229539326,,,,,,,,0.057804583221,1.201000000000
116520,0.211107292841,0.210514196770,0.208728635593,0.205730767230,0.201483825189,0.195927400921,0.188964985275,0.180440329358,0.170089067566,0.157426367444,0.141427009116,0.119197865150,0.061217900202,,,,,,,,0.057794284350,1.201000000000
116580,0.211010783365,0.210418125481,0.208633879196,0.205638203890,0.201394337123,0.195841879916,0.188884343557,0.180365520480,0.170021127508,0.157366502036,0.141376811299,0.119160058874,0.061206280617,,,,,,,,0.057784006053,1.201000000000
116640,0.210914407864,0.210322187461,0.208539253959,0.205545768202,0.201304971816,0.195756475403,0.188803810699,0.180290811445,0.169953276837,0.157306713969,0.141326676793,0.119122298692,0.061194680524,,,,,,,,0.057773748275,1.201000000000
116700,0.210818166059,0.210226382435,0.208444759611,0.205453459904,0.201215729016,0.195671187146,0.188723386478,0.180216202050,0.169885515375,0.157247003091,0.141276605478,0.119084584518,0.061183099876,,,,,,,,0.057763510962,1.201000000000
116760,0.210722057674,0.210130710128,0.208350395881,0.205361278732,0.201126608473,0.195586014907,0.188643070674,0.180141692097,0.169817842945,0.157187369252,0.141226597230,0.119046916267,0.061171538627,,,,,,,,0.057753294061,1.201000000000
116820,0.210626082434,0.210035170266,0.208256162500,0.205269224426,0.201037609935,0.195500958450,0.188562863069,0.180067281384,0.169750259369,0.157127812299,0.141176651929,0.119009293851,0.061159996730,,,,,,,,0.057743097519,1.201000000000
116880,0.210530240061,0.209939762574,0.208162059198,0.205177296724,0.200948733153,0.195416017538,0.188482763442,0.179992969714,0.169682764472,0.157068332084,0.141126769454,0.118971717184,0.061148474139,,,,,,,,0.057732921282,1.201000000000
116940,0.210434530283,0.209844486779,0.208068085708,0.205085495365,0.200859977877,0.195331191936,0.188402771576,0.179918756886,0.169615358076,0.157008928455,0.141076949683,0.118934186180,0.061136970807,,,,,,,,0.057722765298,1.201000000000
117000,0.210338952825,0.209749342610,0.207974241762,0.204993820090,0.200771343858,0.195246481410,0.188322887253,0.179844642704,0.169548040008,0.156949601263,0.141027192496,0.118896700755,0.061125486689,,,,,,,,0.057712629514,1.201000000000
117060,0.210243507414,0.209654329795,0.207880527093,0.204902270641,0.200682830849,0.195161885725,0.188243110255,0.179770626969,0.169480810092,0.156890350358,0.140977497774,0.118859260822,0.061114021738,,,,,,,,0.057702513877,1.201000000000
117120,0.210148193777,0.209559448063,0.207786941435,0.204810846759,0.200594438602,0.195077404647,0.188163440366,0.179696709485,0.169413668152,0.156831175591,0.140927865395,0.118821866295,0.061102575908,,,,,,,,0.057692418335,1.201000000000
117180,0.210053011644,0.209464697144,0.207693484523,0.204719548186,0.200506166870,0.194993037945,0.188083877368,0.179622890054,0.169346614016,0.156772076814,0.140878295242,0.118784517091,0.061091149154,,,,,,,,0.057682342836,1.201000000000
117240,0.209957960743,0.209370076768,0.207600156092,0.204628374665,0.200418015407,0.194908785385,0.188004421048,0.179549168481,0.169279647509,0.156713053878,0.140828787193,0.118747213124,0.061079741431,,,,,,,,0.057672287327,1.201000000000
117300,0.209863040803,0.209275586667,0.207506955877,0.204537325941,0.200329983968,0.194824646736,0.187925071189,0.179475544570,0.169212768458,0.156654106635,0.140779341131,0.118709954310,0.061068352692,,,,,,,,0.057662251756,1.201000000000
117360,0.209768251556,0.209181226574,0.207413883617,0.204446401757,0.200242072309,0.194740621767,0.187845827578,0.179402018126,0.169145976690,0.156595234938,0.140729956936,0.118672740563,0.061056982893,,,,,,,,0.057652236072,1.201000000000
117420,0.209673592732,0.209086996220,0.207320939048,0.204355601859,0.200154280184,0.194656710247,0.187766690000,0.179328588955,0.169079272033,0.156536438640,0.140680634491,0.118635571801,0.061045631989,,,,,,,,0.057642240223,1.201000000000
117480,0.209579064064,0.208992895339,0.207228121908,0.204264925993,0.200066607351,0.194572911947,0.187687658241,0.179255256862,0.169012654315,0.156477717594,0.140631373676,0.118598447938,0.061034299935,,,,,,,,0.057632264158,1.201000000000
117540,0.209484665284,0.208898923666,0.207135431937,0.204174373905,0.199979053566,0.194489226637,0.187608732090,0.179182021654,0.168946123365,0.156419071653,0.140582174375,0.118561368892,0.061022986685,,,,,,,,0.057622307825,1.201000000000
117600,0.209390396126,0.208805080936,0.207042868873,0.204083945343,0.199891618588,0.194405654088,0.187529911334,0.179108883138,0.168879679011,0.156360500671,0.140533036470,0.118524334578,0.061011692196,,,,,,,,0.057612371174,1.201000000000
117660,0.209296256324,0.208711366883,0.206950432458,0.203993640054,0.199804302175,0.194322194074,0.187451195761,0.179035841121,0.168813321083,0.156302004503,0.140483959844,0.118487344914,0.061000416422,,,,,,,,0.057602454152,1.201000000000
117720,0.209202245612,0.208617781245,0.206858122431,0.203903457787,0.199717104086,0.194238846365,0.187372585160,0.178962895411,0.168747049410,0.156243583004,0.140434944379,0.118450399816,0.060989159320,,,,,,,,0.057592556710,1.201000000000
117780,0.209108363726,0.208524323758,0.206765938535,0.203813398291,0.199630024081,0.194155610736,0.187294079321,0.178890045817,0.168680863824,0.156185236029,0.140385989960,0.118413499200,0.060977920845,,,,,,,,0.057582678797,1.201000000000
117840,0.209014610402,0.208430994161,0.206673880511,0.203723461315,0.199543061920,0.194072486960,0.187215678033,0.178817292148,0.168614764154,0.156126963432,0.140337096469,0.118376642985,0.060966700952,,,,,,,,0.057572820362,1.201000000000
117900,0.208920985377,0.208337792191,0.206581948104,0.203633646612,0.199456217364,0.193989474812,0.187137381088,0.178744634213,0.168548750232,0.156068765070,0.140288263791,0.118339831088,0.060955499599,,,,,,,,0.057562981355,1.201000000000
117960,0.208827488389,0.208244717588,0.206490141056,0.203543953930,0.199369490175,0.193906574066,0.187059188275,0.178672071822,0.168482821890,0.156010640799,0.140239491810,0.118303063427,0.060944316741,,,,,,,,0.057553161726,1.201000000000
118020,0.208734119176,0.208151770091,0.206398459111,0.203454383023,0.199282880115,0.193823784498,0.186981099387,0.178599604785,0.168416978959,0.155952590476,0.140190780411,0.118266339918,0.060933152334,,,,,,,,0.057543361425,1.201000000000
118080,0.208640877477,0.208058949441,0.206306902016,0.203364933644,0.199196386947,0.193741105884,0.186903114217,0.178527232914,0.168351221273,0.155894613957,0.140142129479,0.118229660481,0.060922006335,,,,,,,,0.057533580402,1.201000000000
118140,0.208547763032,0.207966255380,0.206215469515,0.203275605544,0.199110010435,0.193658538001,0.186825232555,0.178454956020,0.168285548663,0.155836711101,0.140093538898,0.118193025034,0.060910878700,,,,,,,,0.057523818607,1.201000000000
118200,0.208454775580,0.207873687648,0.206124161355,0.203186398478,0.199023750342,0.193576080626,0.186747454197,0.178382773915,0.168219960963,0.155778881763,0.140045008554,0.118156433495,0.060899769387,,,,,,,,0.057514075990,1.201000000000
118260,0.208361914864,0.207781245990,0.206032977282,0.203097312200,0.198937606433,0.193493733537,0.186669778935,0.178310686410,0.168154458008,0.155721125803,0.139996538333,0.118119885783,0.060888678351,,,,,,,,0.057504352503,1.201000000000
118320,0.208269180625,0.207688930147,0.205941917046,0.203008346466,0.198851578474,0.193411496513,0.186592206564,0.178238693320,0.168089039630,0.155663443079,0.139948128121,0.118083381816,0.060877605551,,,,,,,,0.057494648096,1.201000000000
118380,0.208176572605,0.207596739864,0.205850980393,0.202919501030,0.198765666231,0.193329369332,0.186514736879,0.178166794458,0.168023705666,0.155605833449,0.139899777804,0.118046921514,0.060866550943,,,,,,,,0.057484962721,1.201000000000
118440,0.208084090547,0.207504674885,0.205760167073,0.202830775651,0.198679869470,0.193247351775,0.186437369675,0.178094989636,0.167958455949,0.155548296773,0.139851487268,0.118010504796,0.060855514484,,,,,,,,0.057475296327,1.201000000000
118500,0.207991734196,0.207412734956,0.205669476836,0.202742170083,0.198594187959,0.193165443621,0.186360104748,0.178023278670,0.167893290315,0.155490832910,0.139803256401,0.117974131581,0.060844496132,,,,,,,,0.057465648866,1.201000000000
118560,0.207899503295,0.207320919823,0.205578909432,0.202653684086,0.198508621465,0.193083644651,0.186282941895,0.177951661375,0.167828208600,0.155433441720,0.139755085090,0.117937801790,0.060833495844,,,,,,,,0.057456020290,1.201000000000
118620,0.207807397591,0.207229229232,0.205488464612,0.202565317418,0.198423169757,0.193001954646,0.186205880912,0.177880137565,0.167763210641,0.155376123063,0.139706973222,0.117901515341,0.060822513578,,,,,,,,0.057446410551,1.201000000000
118680,0.207715416827,0.207137662930,0.205398142128,0.202477069837,0.198337832604,0.192920373389,0.186128921597,0.177808707057,0.167698296274,0.155318876800,0.139658920684,0.117865272156,0.060811549292,,,,,,,,0.057436819599,1.201000000000
118740,0.207623560752,0.207046220666,0.205307941731,0.202388941103,0.198252609775,0.192838900662,0.186052063748,0.177737369666,0.167633465336,0.155261702790,0.139610927365,0.117829072153,0.060800602943,,,,,,,,0.057427247388,1.201000000000
118800,0.207531829113,0.206954902188,0.205217863176,0.202300930976,0.198167501041,0.192757536247,0.185975307164,0.177666125210,0.167568717665,0.155204600897,0.139562993153,0.117792915255,0.060789674490,,,,,,,,0.057417693868,1.201000000000
118860,0.207440221656,0.206863707245,0.205127906215,0.202213039217,0.198082506172,0.192676279930,0.185898651644,0.177594973505,0.167504053098,0.155147570980,0.139515117937,0.117756801381,0.060778763891,,,,,,,,0.057408158992,1.201000000000
118920,0.207348738131,0.206772635588,0.205038070603,0.202125265588,0.197997624940,0.192595131493,0.185822096987,0.177523914370,0.167439471474,0.155090612903,0.139467301605,0.117720730452,0.060767871104,,,,,,,,0.057398642712,1.201000000000
118980,0.207257378287,0.206681686966,0.204948356095,0.202037609850,0.197912857118,0.192514090721,0.185745642993,0.177452947622,0.167374972633,0.155033726527,0.139419544046,0.117684702389,0.060756996087,,,,,,,,0.057389144980,1.201000000000
119040,0.207166141873,0.206590861132,0.204858762447,0.201950071767,0.197828202477,0.192433157400,0.185669289463,0.177382073080,0.167310556412,0.154976911714,0.139371845150,0.117648717113,0.060746138800,,,,,,,,0.057379665750,1.201000000000
119100,0.207075028640,0.206500157836,0.204769289413,0.201862651101,0.197743660791,0.192352331316,0.185593036198,0.177311290563,0.167246222652,0.154920168329,0.139324204806,0.117612774547,0.060735299200,,,,,,,,0.057370204974,1.201000000000
119160,0.206984038340,0.206409576832,0.204679936753,0.201775347616,0.197659231834,0.192271612255,0.185516883000,0.177240599890,0.167181971193,0.154863496233,0.139276622905,0.117576874611,0.060724477247,,,,,,,,0.057360762605,1.201000000000
119220,0.206893170723,0.206319117873,0.204590704222,0.201688161078,0.197574915380,0.192191000004,0.185440829671,0.177170000882,0.167117801874,0.154806895292,0.139229099336,0.117541017227,0.060713672899,,,,,,,,0.057351338596,1.201000000000
119280,0.206802425542,0.206228780713,0.204501591579,0.201601091251,0.197490711204,0.192110494350,0.185364876014,0.177099493358,0.167053714537,0.154750365368,0.139181633990,0.117505202317,0.060702886117,,,,,,,,0.057341932900,1.201000000000
119340,0.206711802551,0.206138565105,0.204412598582,0.201514137901,0.197406619081,0.192030095083,0.185289021832,0.177029077141,0.166989709024,0.154693906326,0.139134226757,0.117469429804,0.060692116858,,,,,,,,0.057332545470,1.201000000000
119400,0.206621301503,0.206048470806,0.204323724992,0.201427300794,0.197322638789,0.191949801989,0.185213266928,0.176958752050,0.166925785175,0.154637518031,0.139086877529,0.117433699610,0.060681365082,,,,,,,,0.057323176260,1.201000000000
119460,0.206530922153,0.205958497571,0.204234970568,0.201340579698,0.197238770103,0.191869614858,0.185137611107,0.176888517909,0.166861942833,0.154581200347,0.139039586198,0.117398011657,0.060670630748,,,,,,,,0.057313825224,1.201000000000
119520,0.206440664255,0.205868645156,0.204146335070,0.201253974380,0.197155012801,0.191789533481,0.185062054173,0.176818374539,0.166798181840,0.154524953141,0.138992352653,0.117362365868,0.060659913817,,,,,,,,0.057304492315,1.201000000000
119580,0.206350527565,0.205778913318,0.204057818261,0.201167484608,0.197071366662,0.191709557647,0.184986595932,0.176748321763,0.166734502039,0.154468776277,0.138945176788,0.117326762166,0.060649214248,,,,,,,,0.057295177487,1.201000000000
119640,0.206260511839,0.205689301816,0.203969419901,0.201081110152,0.196987831462,0.191629687147,0.184911236189,0.176678359403,0.166670903273,0.154412669622,0.138898058494,0.117291200474,0.060638532000,,,,,,,,0.057285880694,1.201000000000
119700,0.206170616835,0.205599810407,0.203881139753,0.200994850779,0.196904406982,0.191549921773,0.184835974751,0.176608487285,0.166607385386,0.154356633042,0.138850997664,0.117255680716,0.060627867035,,,,,,,,0.057276601890,1.201000000000
119760,0.206080842310,0.205510438851,0.203792977581,0.200908706262,0.196821093001,0.191470261316,0.184760811424,0.176538705231,0.166543948221,0.154300666404,0.138803994189,0.117220202814,0.060617219310,,,,,,,,0.057267341030,1.201000000000
119820,0.205991188021,0.205421186907,0.203704933148,0.200822676370,0.196737889299,0.191390705569,0.184685746016,0.176469013067,0.166480591624,0.154244769575,0.138757047964,0.117184766693,0.060606588788,,,,,,,,0.057258098069,1.201000000000
119880,0.205901653729,0.205332054335,0.203617006219,0.200736760874,0.196654795657,0.191311254325,0.184610778333,0.176399410617,0.166417315439,0.154188942422,0.138710158882,0.117149372277,0.060595975428,,,,,,,,0.057248872960,1.201000000000
119940,0.205812239192,0.205243040895,0.203529196558,0.200650959546,0.196571811857,0.191231907376,0.184535908185,0.176329897707,0.166354119511,0.154133184812,0.138663326834,0.117114019489,0.060585379190,,,,,,,,0.057239665659,1.201000000000
120000,0.205722944170,0.205154146351,0.203441503931,0.200565272159,0.196488937680,0.191152664518,0.184461135380,0.176260474162,0.166291003686,0.154077496614,0.138616551716,0.117078708254,0.060574800036,,,,,,,,0.057230476120,1.201000000000
120060,0.205633768425,0.205065370463,0.203353928104,0.200479698485,0.196406172908,0.191073525545,0.184386459727,0.176191139810,0.166227967809,0.154021877697,0.138569833422,0.117043438496,0.060564237925,,,,,,,,0.057221304298,1.201000000000
120120,0.205544711717,0.204976712994,0.203266468845,0.200394238299,0.196323517326,0.190994490252,0.184311881036,0.176121894476,0.166165011728,0.153966327928,0.138523171844,0.117008210140,0.060553692819,,,,,,,,0.057212150150,1.201000000000
120180,0.205455773808,0.204888173707,0.203179125919,0.200308891374,0.196240970715,0.190915558434,0.184237399117,0.176052737987,0.166102135288,0.153910847177,0.138476566879,0.116973023111,0.060543164679,,,,,,,,0.057203013629,1.201000000000
120240,0.205366954461,0.204799752368,0.203091899097,0.200223657485,0.196158532862,0.190836729888,0.184163013781,0.175983670173,0.166039338338,0.153855435313,0.138430018419,0.116937877333,0.060532653465,,,,,,,,0.057193894691,1.201000000000
120300,0.205278253439,0.204711448739,0.203004788145,0.200138536408,0.196076203549,0.190758004409,0.184088724838,0.175914690859,0.165976620724,0.153800092206,0.138383526362,0.116902772732,0.060522159139,,,,,,,,0.057184793293,1.201000000000
120360,0.205189670507,0.204623262586,0.202917792833,0.200053527918,0.195993982563,0.190679381797,0.184014532101,0.175845799876,0.165913982294,0.153744817725,0.138337090601,0.116867709232,0.060511681662,,,,,,,,0.057175709389,1.201000000000
120420,0.205101205427,0.204535193675,0.202830912931,0.199968631792,0.195911869689,0.190600861847,0.183940435381,0.175776997052,0.165851422898,0.153689611742,0.138290711032,0.116832686760,0.060501220996,,,,,,,,0.057166642936,1.201000000000
120480,0.205012857966,0.204447241773,0.202744148210,0.199883847807,0.195829864714,0.190522444358,0.183866434491,0.175708282216,0.165788942382,0.153634474126,0.138244387551,0.116797705242,0.060490777101,,,,,,,,0.057157593889,1.201000000000
120540,0.204924627889,0.204359406646,0.202657498440,0.199799175740,0.195747967425,0.190444129130,0.183792529244,0.175639655198,0.165726540597,0.153579404749,0.138198120054,0.116762764602,0.060480349940,,,,,,,,0.057148562205,1.201000000000
120600,0.204836514962,0.204271688061,0.202570963393,0.199714615370,0.195666177608,0.190365915961,0.183718719453,0.175571115828,0.165664217392,0.153524403481,0.138151908436,0.116727864768,0.060469939474,,,,,,,,0.057139547840,1.201000000000
120660,0.204748518952,0.204184085788,0.202484542841,0.199630166476,0.195584495053,0.190287804651,0.183645004933,0.175502663937,0.165601972616,0.153469470195,0.138105752596,0.116693005665,0.060459545666,,,,,,,,0.057130550751,1.201000000000
120720,0.204660639626,0.204096599594,0.202398236557,0.199545828837,0.195502919547,0.190209795000,0.183571385498,0.175434299356,0.165539806120,0.153414604762,0.138059652428,0.116658187219,0.060449168476,,,,,,,,0.057121570893,1.201000000000
120780,0.204572876754,0.204009229250,0.202312044315,0.199461602233,0.195421450880,0.190131886809,0.183497860962,0.175366021917,0.165477717754,0.153359807055,0.138013607831,0.116623409358,0.060438807868,,,,,,,,0.057112608224,1.201000000000
120840,0.204485230102,0.203921974525,0.202225965887,0.199377486445,0.195340088841,0.190054079880,0.183424431142,0.175297831452,0.165415707370,0.153305076945,0.137967618702,0.116588672008,0.060428463803,,,,,,,,0.057103662700,1.201000000000
120900,0.204397699441,0.203834835189,0.202140001049,0.199293481253,0.195258833221,0.189976374013,0.183351095853,0.175229727792,0.165353774818,0.153250414306,0.137921684937,0.116553975096,0.060418136243,,,,,,,,0.057094734278,1.201000000000
120960,0.204310284539,0.203747811014,0.202054149576,0.199209586439,0.195177683809,0.189898769012,0.183277854912,0.175161710771,0.165291919951,0.153195819012,0.137875806436,0.116519318549,0.060407825152,,,,,,,,0.057085822916,1.201000000000
121020,0.204222985169,0.203660901772,0.201968411244,0.199125801785,0.195096640399,0.189821264680,0.183204708134,0.175093780222,0.165230142619,0.153141290934,0.137829983095,0.116484702295,0.060397530492,,,,,,,,0.057076928570,1.201000000000
121080,0.204135801100,0.203574107235,0.201882785828,0.199042127074,0.195015702781,0.189743860819,0.183131655339,0.175025935978,0.165168442677,0.153086829948,0.137784214813,0.116450126260,0.060387252224,,,,,,,,0.057068051199,1.201000000000
121140,0.204048732105,0.203487427175,0.201797273105,0.198958562090,0.194934870747,0.189666557233,0.183058696342,0.174958177874,0.165106819976,0.153032435928,0.137738501488,0.116415590372,0.060376990313,,,,,,,,0.057059190758,1.201000000000
121200,0.203961777955,0.203400861367,0.201711872854,0.198875106616,0.194854144091,0.189589353727,0.182985830963,0.174890505744,0.165045274369,0.152978108747,0.137692843020,0.116381094560,0.060366744721,,,,,,,,0.057050347207,1.201000000000
121260,0.203874938424,0.203314409584,0.201626584852,0.198791760437,0.194773522606,0.189512250106,0.182913059020,0.174822919422,0.164983805711,0.152923848280,0.137647239307,0.116346638751,0.060356515411,,,,,,,,0.057041520502,1.201000000000
121320,0.203788213284,0.203228071602,0.201541408876,0.198708523337,0.194693006085,0.189435246174,0.182840380332,0.174755418745,0.164922413855,0.152869654403,0.137601690248,0.116312222874,0.060346302346,,,,,,,,0.057032710602,1.201000000000
121380,0.203701602310,0.203141847195,0.201456344708,0.198625395103,0.194612594324,0.189358341738,0.182767794719,0.174688003548,0.164861098654,0.152815526991,0.137556195744,0.116277846856,0.060336105490,,,,,,,,0.057023917464,1.201000000000
121440,0.203615105276,0.203055736139,0.201371392126,0.198542375520,0.194532287116,0.189281536604,0.182695302001,0.174620673666,0.164799859965,0.152761465919,0.137510755693,0.116243510626,0.060325924804,,,,,,,,0.057015141047,1.201000000000
121500,0.203528721958,0.202969738210,0.201286550910,0.198459464375,0.194452084259,0.189204830579,0.182622901998,0.174553428938,0.164738697642,0.152707471063,0.137465369996,0.116209214113,0.060315760254,,,,,,,,0.057006381309,1.201000000000
121560,0.203442452130,0.202883853186,0.201201820842,0.198376661454,0.194371985547,0.189128223469,0.182550594531,0.174486269198,0.164677611539,0.152653542300,0.137420038552,0.116174957246,0.060305611803,,,,,,,,0.056997638208,1.201000000000
121620,0.203356295570,0.202798080845,0.201117201702,0.198293966547,0.194291990777,0.189051715084,0.182478379422,0.174419194286,0.164616601514,0.152599679507,0.137374761263,0.116140739954,0.060295479414,,,,,,,,0.056988911703,1.201000000000
121680,0.203270252054,0.202712420963,0.201032693273,0.198211379440,0.194212099746,0.188975305230,0.182406256492,0.174352204037,0.164555667421,0.152545882559,0.137329538029,0.116106562165,0.060285363051,,,,,,,,0.056980201752,1.201000000000
121740,0.203184321359,0.202626873321,0.200948295337,0.198128899924,0.194132312253,0.188898993717,0.182334225564,0.174285298292,0.164494809117,0.152492151334,0.137284368750,0.116072423809,0.060275262678,,,,,,,,0.056971508314,1.201000000000
121800,0.203098503264,0.202541437696,0.200864007677,0.198046527786,0.194052628094,0.188822780354,0.182262286461,0.174218476888,0.164434026460,0.152438485710,0.137239253329,0.116038324817,0.060265178258,,,,,,,,0.056962831348,1.201000000000
121860,0.203012797548,0.202456113870,0.200779830077,0.197964262817,0.193973047068,0.188746664951,0.182190439005,0.174151739664,0.164373319305,0.152384885565,0.137194191666,0.116004265116,0.060255109757,,,,,,,,0.056954170813,1.201000000000
121920,0.202927203988,0.202370901622,0.200695762321,0.197882104808,0.193893568975,0.188670647317,0.182118683020,0.174085086460,0.164312687512,0.152331350776,0.137149183663,0.115970244638,0.060245057138,,,,,,,,0.056945526668,1.201000000000
121980,0.202841722365,0.202285800733,0.200611804193,0.197800053549,0.193814193614,0.188594727264,0.182047018331,0.174018517115,0.164252130936,0.152277881221,0.137104229223,0.115936263312,0.060235020365,,,,,,,,0.056936898872,1.201000000000
122040,0.202756352460,0.202200810985,0.200527955479,0.197718108832,0.193734920786,0.188518904603,0.181975444761,0.173952031470,0.164191649438,0.152224476781,0.137059328246,0.115902321068,0.060224999403,,,,,,,,0.056928287385,1.201000000000
122100,0.202671094052,0.202115932160,0.200444215965,0.197636270449,0.193655750290,0.188443179145,0.181903962136,0.173885629365,0.164131242874,0.152171137332,0.137014480636,0.115868417837,0.060214994217,,,,,,,,0.056919692166,1.201000000000
122160,0.202585946924,0.202031164041,0.200360585437,0.197554538193,0.193576681928,0.188367550703,0.181832570282,0.173819310641,0.164070911104,0.152117862755,0.136969686295,0.115834553549,0.060205004771,,,,,,,,0.056911113175,1.201000000000
122220,0.202500910857,0.201946506410,0.200277063682,0.197472911855,0.193497715502,0.188292019088,0.181761269023,0.173753075139,0.164010653988,0.152064652930,0.136924945126,0.115800728136,0.060195031029,,,,,,,,0.056902550372,1.201000000000
122280,0.202415985634,0.201861959052,0.200193650487,0.197391391231,0.193418850814,0.188216584115,0.181690058187,0.173686922702,0.163950471384,0.152011507735,0.136880257031,0.115766941527,0.060185072957,,,,,,,,0.056894003715,1.201000000000
122340,0.202331171037,0.201777521751,0.200110345641,0.197309976113,0.193340087667,0.188141245596,0.181618937599,0.173620853171,0.163890363153,0.151958427052,0.136835621915,0.115733193653,0.060175130519,,,,,,,,0.056885473167,1.201000000000
122400,0.202246466852,0.201693194291,0.200027148931,0.197228666298,0.193261425862,0.188066003345,0.181547907088,0.173554866389,0.163830329155,0.151905410760,0.136791039681,0.115699484447,0.060165203682,,,,,,,,0.056876958685,1.201000000000
122460,0.202161872861,0.201608976458,0.199944060148,0.197147461580,0.193182865206,0.187990857178,0.181476966480,0.173488962200,0.163770369250,0.151852458741,0.136746510233,0.115665813839,0.060155292408,,,,,,,,0.056868460232,1.201000000000
122520,0.202077388849,0.201524868038,0.199861079079,0.197066361754,0.193104405501,0.187915806909,0.181406115604,0.173423140445,0.163710483300,0.151799570875,0.136702033474,0.115632181760,0.060145396665,,,,,,,,0.056859977766,1.201000000000
122580,0.201993014601,0.201440868817,0.199778205517,0.196985366616,0.193026046551,0.187840852352,0.181335354288,0.173357400969,0.163650671166,0.151746747043,0.136657609308,0.115598588143,0.060135516417,,,,,,,,0.056851511249,1.201000000000
122640,0.201908749904,0.201356978582,0.199695439250,0.196904475964,0.192947788163,0.187765993325,0.181264682361,0.173291743616,0.163590932709,0.151693987128,0.136613237641,0.115565032919,0.060125651630,,,,,,,,0.056843060641,1.201000000000
122700,0.201824594544,0.201273197121,0.199612780071,0.196823689595,0.192869630141,0.187691229644,0.181194099652,0.173226168231,0.163531267791,0.151641291011,0.136568918377,0.115531516021,0.060115802269,,,,,,,,0.056834625902,1.201000000000
122760,0.201740548306,0.201189524222,0.199530227771,0.196743007307,0.192791572292,0.187616561124,0.181123605991,0.173160674658,0.163471676275,0.151588658574,0.136524651421,0.115498037379,0.060105968300,,,,,,,,0.056826206995,1.201000000000
122820,0.201656610980,0.201105959674,0.199447782143,0.196662428897,0.192713614423,0.187541987585,0.181053201208,0.173095262743,0.163412158024,0.151536089699,0.136480436677,0.115464596927,0.060096149689,,,,,,,,0.056817803879,1.201000000000
122880,0.201572782353,0.201022503266,0.199365442979,0.196581954164,0.192635756340,0.187467508842,0.180982885134,0.173029932331,0.163352712900,0.151483584270,0.136436274052,0.115431194597,0.060086346401,,,,,,,,0.056809416515,1.201000000000
122940,0.201489062213,0.200939154787,0.199283210072,0.196501582908,0.192557997851,0.187393124715,0.180912657600,0.172964683269,0.163293340766,0.151431142170,0.136392163451,0.115397830322,0.060076558403,,,,,,,,0.056801044865,1.201000000000
123000,0.201405450350,0.200855914027,0.199201083216,0.196421314929,0.192480338764,0.187318835021,0.180842518436,0.172899515402,0.163234041487,0.151378763281,0.136348104779,0.115364504035,0.060066785661,,,,,,,,0.056792688891,1.201000000000
123060,0.201321946553,0.200772780778,0.199119062207,0.196341150026,0.192402778888,0.187244639581,0.180772467475,0.172834428578,0.163174814926,0.151326447487,0.136304097943,0.115331215667,0.060057028140,,,,,,,,0.056784348553,1.201000000000
123120,0.201238550611,0.200689754831,0.199037146837,0.196261088001,0.192325318031,0.187170538213,0.180702504550,0.172769422644,0.163115660947,0.151274194673,0.136260142850,0.115297965153,0.060047285808,,,,,,,,0.056776023813,1.201000000000
123180,0.201155262317,0.200606835977,0.198955336904,0.196181128654,0.192247956004,0.187096530738,0.180632629492,0.172704497446,0.163056579416,0.151222004722,0.136216239404,0.115264752426,0.060037558630,,,,,,,,0.056767714632,1.201000000000
123240,0.201072081460,0.200524024010,0.198873632202,0.196101271788,0.192170692616,0.187022616975,0.180562842135,0.172639652835,0.162997570197,0.151169877519,0.136172387514,0.115231577419,0.060027846573,,,,,,,,0.056759420973,1.201000000000
123300,0.200989007833,0.200441318721,0.198792032529,0.196021517206,0.192093527677,0.186948796747,0.180493142312,0.172574888656,0.162938633156,0.151117812948,0.136128587087,0.115198440066,0.060018149603,,,,,,,,0.056751142797,1.201000000000
123360,0.200906041228,0.200358719904,0.198710537680,0.195941864708,0.192016460999,0.186875069873,0.180423529857,0.172510204760,0.162879768158,0.151065810895,0.136084838028,0.115165340300,0.060008467687,,,,,,,,0.056742880067,1.201000000000
123420,0.200823181437,0.200276227353,0.198629147454,0.195862314100,0.191939492393,0.186801436176,0.180354004605,0.172445600995,0.162820975070,0.151013871244,0.136041140246,0.115132278055,0.059998800792,,,,,,,,0.056734632744,1.201000000000
123480,0.200740428254,0.200193840863,0.198547861649,0.195782865184,0.191862621671,0.186727895479,0.180284566390,0.172381077211,0.162762253756,0.150961993881,0.135997493649,0.115099253265,0.059989148885,,,,,,,,0.056726400791,1.201000000000
123540,0.200657781473,0.200111560228,0.198466680063,0.195703517766,0.191785848645,0.186654447603,0.180215215048,0.172316633257,0.162703604085,0.150910178693,0.135953898144,0.115066265865,0.059979511932,,,,,,,,0.056718184169,1.201000000000
123600,0.200575240887,0.200029385244,0.198385602494,0.195624271649,0.191709173127,0.186581092372,0.180145950414,0.172252268984,0.162645025923,0.150858425565,0.135910353639,0.115033315789,0.059969889902,,,,,,,,0.056709982842,1.201000000000
123660,0.200492806293,0.199947315707,0.198304628743,0.195545126639,0.191632594932,0.186507829609,0.180076772323,0.172187984242,0.162586519138,0.150806734383,0.135866860042,0.115000402971,0.059960282760,,,,,,,,0.056701796772,1.201000000000
123720,0.200410477484,0.199865351414,0.198223758609,0.195466082541,0.191556113873,0.186434659138,0.180007680613,0.172123778882,0.162528083596,0.150755105035,0.135823417262,0.114967527346,0.059950690474,,,,,,,,0.056693625921,1.201000000000
123780,0.200328254257,0.199783492161,0.198142991893,0.195387139163,0.191479729764,0.186361580784,0.179938675120,0.172059652755,0.162469719167,0.150703537406,0.135780025208,0.114934688849,0.059941113011,,,,,,,,0.056685470253,1.201000000000
123840,0.200246136409,0.199701737746,0.198062328396,0.195308296310,0.191403442420,0.186288594372,0.179869755681,0.171995605713,0.162411425717,0.150652031385,0.135736683789,0.114901887414,0.059931550339,,,,,,,,0.056677329730,1.201000000000
123900,0.200164123735,0.199620087967,0.197981767919,0.195229553790,0.191327251655,0.186215699727,0.179800922133,0.171931637608,0.162353203117,0.150600586859,0.135693392913,0.114869122977,0.059922002426,,,,,,,,0.056669204315,1.201000000000
123960,0.200082216034,0.199538542622,0.197901310265,0.195150911411,0.191251157287,0.186142896674,0.179732174316,0.171867748292,0.162295051234,0.150549203715,0.135650152490,0.114836395473,0.059912469239,,,,,,,,0.056661093972,1.201000000000
124020,0.200000413104,0.199457101511,0.197820955235,0.195072368980,0.191175159130,0.186070185040,0.179663512066,0.171803937619,0.162236969937,0.150497881841,0.135606962430,0.114803704838,0.059902950745,,,,,,,,0.056652998663,1.201000000000
124080,0.199918714742,0.199375764433,0.197740702632,0.194993926306,0.191099257001,0.185997564651,0.179594935224,0.171740205440,0.162178959098,0.150446621126,0.135563822642,0.114771051006,0.059893446913,,,,,,,,0.056644918353,1.201000000000
124140,0.199837120748,0.199294531189,0.197660552261,0.194915583199,0.191023450717,0.185925035334,0.179526443627,0.171676551610,0.162121018584,0.150395421459,0.135520733037,0.114738433915,0.059883957710,,,,,,,,0.056636853003,1.201000000000
124200,0.199755630922,0.199213401578,0.197580503925,0.194837339468,0.190947740096,0.185852596917,0.179458037116,0.171612975982,0.162063148267,0.150344282728,0.135477693524,0.114705853498,0.059874483105,,,,,,,,0.056628802582,1.201000000000
124260,0.199674242805,0.199132343068,0.197500434114,0.194758917460,0.190871625801,0.185779453148,0.179388533888,0.171547798309,0.162003009288,0.150289942988,0.135429971468,0.114665345197,0.059770502496,,,,,,,,0.056620879572,1.200966666667
124320,0.199592953952,0.199051383350,0.197420461675,0.194680590469,0.190795603235,0.185706396896,0.179319113048,0.171482696975,0.161942939657,0.150235664608,0.135382299633,0.114624877417,0.059665905750,,,,,,,,0.056613005073,1.200933333333
124380,0.199511764180,0.198970522240,0.197340586432,0.194602358322,0.190719672230,0.185633428004,0.179249774448,0.171417671844,0.161882939252,0.150181447482,0.135334679967,0.114584449921,0.059560655365,,,,,,,,0.056605154534,1.200900000000
124440,0.199430673308,0.198889759560,0.197260808205,0.194524220844,0.190643832621,0.185560546312,0.179180517939,0.171352722778,0.161823007948,0.150127291501,0.135287112378,0.114544062766,0.059454684865,,,,,,,,0.056597323235,1.200866666667
124500,0.199349681155,0.198809095127,0.197181126818,0.194446177864,0.190568084241,0.185487751663,0.179111343376,0.171287849643,0.161763145625,0.150073196560,0.135239596778,0.114503715898,0.059348015086,,,,,,,,0.056589509211,1.200833333333
124560,0.199268787539,0.198728528763,0.197101542093,0.194368229208,0.190492426924,0.185415043899,0.179042250609,0.171223052302,0.161703352160,0.150019162550,0.135192133076,0.114463409091,0.059240639772,,,,,,,,0.056581711417,1.200800000000
124620,0.199187992281,0.198648060287,0.197022053854,0.194290374705,0.190416860504,0.185342422864,0.178973239491,0.171158330621,0.161643627432,0.149965189366,0.135144721185,0.114423142461,0.059132543771,,,,,,,,0.056573929217,1.200766666667
124680,0.199107295199,0.198567689492,0.196942661864,0.194212614091,0.190341384689,0.185269888228,0.178904309647,0.171093684149,0.161583970863,0.149911276172,0.135097359574,0.114382915853,0.059023687786,,,,,,,,0.056566162185,1.200733333333
124740,0.199026696114,0.198487416200,0.196863365953,0.194134947201,0.190265999320,0.185197439843,0.178835460941,0.171029112769,0.161524382359,0.149857422900,0.135050048235,0.114342729179,0.058914040492,,,,,,,,0.056558410020,1.200700000000
124800,0.198946194848,0.198407240261,0.196784165999,0.194057373950,0.190190704355,0.185125077719,0.178766693446,0.170964616645,0.161464862229,0.149803630139,0.135002788442,0.114302582494,0.058803622583,,,,,,,,0.056550672493,1.200666666667
124860,0.198865791221,0.198327161497,0.196705061828,0.193979894168,0.190115499631,0.185052801698,0.178698007018,0.170900195644,0.161405410352,0.149749897781,0.134955580105,0.114262475582,0.058692417460,,,,,,,,0.056542949426,1.200633333333
124920,0.198785485054,0.198247179730,0.196626053265,0.193902507685,0.190040384982,0.184980611625,0.178629401509,0.170835849632,0.161346026608,0.149696225721,0.134908423137,0.114222408490,0.058580408053,,,,,,,,0.056535240675,1.200600000000
124980,0.198705276171,0.198167294783,0.196547140137,0.193825214331,0.189965360247,0.184908507347,0.178560876776,0.170771578475,0.161286710877,0.149642613855,0.134861317449,0.114182381194,0.058467513327,,,,,,,,0.056527546119,1.200566666667
125040,0.198625164393,0.198087506480,0.196468322269,0.193748013937,0.189890425262,0.184836488707,0.178492432674,0.170707382041,0.161227463040,0.149589062078,0.134814262954,0.114142393455,0.058353770543,,,,,,,,0.056519865656,1.200533333333
125100,0.198545149543,0.198007814645,0.196389599488,0.193670906335,0.189815579866,0.184764555552,0.178424069058,0.170643260196,0.161168282977,0.149535570277,0.134767257447,0.114102445405,0.058239165601,,,,,,,,0.056512199195,1.200500000000
125160,0.198465231445,0.197928219101,0.196310971620,0.193593891355,0.189740823895,0.184692707728,0.178355785784,0.170579212809,0.161109170509,0.149482136946,0.134720302280,0.114062536907,0.058123679034,,,,,,,,0.056504546658,1.200466666667
125220,0.198385409922,0.197848719674,0.196232438494,0.193516968831,0.189666157190,0.184620945082,0.178287582710,0.170515239747,0.161050124754,0.149428763392,0.134673398047,0.114022667846,0.058007256551,,,,,,,,0.056496907972,1.200433333333
125280,0.198305684799,0.197769316188,0.196153999937,0.193440138594,0.189591579587,0.184549267460,0.178219459691,0.170451340351,0.160991146416,0.149375449512,0.134626544660,0.113982838288,0.057889868617,,,,,,,,0.056489283072,1.200400000000
125340,0.198226055900,0.197690008469,0.196075655778,0.193363400477,0.189517090927,0.184477674710,0.178151416471,0.170387514934,0.160932235379,0.149322195202,0.134579742033,0.113943048030,0.057771532723,,,,,,,,0.056481671898,1.200366666667
125400,0.198146523050,0.197610796343,0.195997405844,0.193286754314,0.189442691049,0.184406166679,0.178083452689,0.170323763448,0.160873391523,0.149269000359,0.134532990082,0.113903297083,0.057652226436,,,,,,,,0.056474074393,1.200333333333
125460,0.198067086074,0.197531679637,0.195919249966,0.193210199937,0.189368379793,0.184334743215,0.178015568534,0.170260085762,0.160814614731,0.149215864879,0.134486288712,0.113863585447,0.057531926542,,,,,,,,0.056466490505,1.200300000000
125520,0.197987744799,0.197452658176,0.195841187972,0.193133737182,0.189294156999,0.184263403834,0.177947763866,0.170196481747,0.160755904885,0.149162788661,0.134439635058,0.113823912854,0.057410527026,,,,,,,,0.056458920183,1.200266666667
125580,0.197908499050,0.197373731788,0.195763219693,0.193057365882,0.189220022508,0.184192148717,0.177880038542,0.170132951271,0.160697261868,0.149109770890,0.134393031823,0.113784279441,0.057288078942,,,,,,,,0.056451363379,1.200233333333
125640,0.197829348655,0.197294900301,0.195685344958,0.192981085872,0.189145976160,0.184120977714,0.177812392422,0.170069494205,0.160638685564,0.149056811471,0.134346478923,0.113744685083,0.057164557669,,,,,,,,0.056443820049,1.200200000000
125700,0.197750293440,0.197216163543,0.195607563599,0.192904896987,0.189072017644,0.184049890674,0.177744825363,0.170006110418,0.160580175303,0.149003911007,0.134299976274,0.113705129630,0.057039936164,,,,,,,,0.056436290147,1.200166666667
125760,0.197671333232,0.197137521342,0.195529875446,0.192828799063,0.188998146862,0.183978887447,0.177677337227,0.169942799783,0.160521731192,0.148951069396,0.134253523790,0.113665613160,0.056914140865,,,,,,,,0.056428773632,1.200133333333
125820,0.197592467860,0.197058973526,0.195452280331,0.192752791936,0.188924363750,0.183907967882,0.177609927872,0.169879562038,0.160463353445,0.148898286537,0.134207121388,0.113626135484,0.056787137829,,,,,,,,0.056421270462,1.200100000000
125880,0.197513697151,0.196980519925,0.195374778086,0.192676875442,0.188850668150,0.183837131831,0.177542597159,0.169816396708,0.160405041946,0.148845562328,0.134160768284,0.113586696577,0.056658941515,,,,,,,,0.056413780597,1.200066666667
125940,0.197435020935,0.196902160369,0.195297368542,0.192601049418,0.188777059904,0.183766379144,0.177475344947,0.169753304143,0.160346796578,0.148792896669,0.134114463000,0.113547296454,0.056529520131,,,,,,,,0.056406303998,1.200033333333
126000,0.197356439041,0.196823894686,0.195220051534,0.192525313701,0.188703538857,0.183695709672,0.177408171097,0.169690284215,0.160288617227,0.148740289458,0.134068207547,0.113507934863,,,,,,,,,0.056398840624,1.200000000000
126060,0.197277953476,0.196745754483,0.195142948096,0.192449940850,0.188630595800,0.183625906397,0.177342238265,0.169628991472,0.160232808611,0.148690958167,0.134026681831,0.113476521264,,,,,,,,,0.056391281336,1.200000000000
126120,0.197199566239,0.196667712107,0.195065940983,0.192374661826,0.188557743078,0.183556188979,0.177276385820,0.169567772637,0.160177066362,0.148641684511,0.133985203519,0.113445142439,,,,,,,,,0.056383702810,1.200000000000
126180,0.197121277145,0.196589767373,0.194989030013,0.192299476451,0.188484980522,0.183486557259,0.177210613615,0.169506627575,0.160121390358,0.148592468385,0.133943772529,0.113413798328,,,,,,,,,0.056376128628,1.200000000000
126240,0.197043086007,0.196511920096,0.194912215005,0.192224384550,0.188412307965,0.183417011076,0.177144921500,0.169445556151,0.160065780481,0.148543309688,0.133902388778,0.113382488869,,,,,,,,,0.056368563245,1.200000000000
126300,0.196964992642,0.196434170094,0.194835495779,0.192149385947,0.188339725237,0.183347550272,0.177079309328,0.169384558230,0.160010236611,0.148494208317,0.133861052184,0.113351214003,,,,,,,,,0.056361008478,1.200000000000
126360,0.196886996864,0.196356517183,0.194758872154,0.192074480468,0.188267232170,0.183278174688,0.177013776952,0.169323633677,0.159954758626,0.148445164170,0.133819762665,0.113319973666,,,,,,,,,0.056353465257,1.200000000000
126420,0.196809098490,0.196278961180,0.194682343951,0.191999667937,0.188194828598,0.183208884166,0.176948324223,0.169262782358,0.159899346410,0.148396177145,0.133778520139,0.113288767798,,,,,,,,,0.056345934126,1.200000000000
126480,0.196731297337,0.196201501902,0.194605910990,0.191924948181,0.188122514354,0.183139678548,0.176882950996,0.169202004140,0.159843999842,0.148347247140,0.133737324524,0.113257596332,,,,,,,,,0.056338415423,1.200000000000
126540,0.196653593222,0.196124139168,0.194529573093,0.191850321026,0.188050289269,0.183070557676,0.176817657123,0.169141298888,0.159788718803,0.148298374054,0.133696175739,0.113226459203,,,,,,,,,0.056330909371,1.200000000000
126600,0.196575985962,0.196046872797,0.194453330081,0.191775786298,0.187978153180,0.183001521393,0.176752442459,0.169080666469,0.159733503176,0.148249557784,0.133655073703,0.113195356342,,,,,,,,,0.056323416121,1.200000000000
126660,0.196498475375,0.195969702606,0.194377181776,0.191701343825,0.187906105919,0.182932569543,0.176687306857,0.169020106751,0.159678352843,0.148200798232,0.133614018334,0.113164287681,,,,,,,,,0.056315935779,1.200000000000
126720,0.196421061279,0.195892628416,0.194301128000,0.191626993433,0.187834147321,0.182863701969,0.176622250172,0.168959619601,0.159623267685,0.148152095294,0.133573009550,0.113133253152,,,,,,,,,0.056308468417,1.200000000000
126780,0.196343743494,0.195815650047,0.194225168577,0.191552734952,0.187762277221,0.182794918515,0.176557272260,0.168899204886,0.159568247585,0.148103448872,0.133532047272,0.113102252688,,,,,,,,,0.056301014084,1.200000000000
126840,0.196266521838,0.195738767319,0.194149303330,0.191478568210,0.187690495455,0.182726219025,0.176492372975,0.168838862475,0.159513292425,0.148054858864,0.133491131418,0.113071286220,,,,,,,,,0.056293572814,1.200000000000
126900,0.196189396131,0.195661980051,0.194073532082,0.191404493034,0.187618801858,0.182657603344,0.176427552172,0.168778592235,0.159458402090,0.148006325172,0.133450261907,0.113040353682,,,,,,,,,0.056286144628,1.200000000000
126960,0.196112366194,0.195585288067,0.193997854658,0.191330509256,0.187547196267,0.182589071317,0.176362809709,0.168718394036,0.159403576462,0.147957847694,0.133409438659,0.113009455008,,,,,,,,,0.056278729538,1.200000000000
127020,0.196035431846,0.195508691187,0.193922270882,0.191256616703,0.187475678519,0.182520622790,0.176298145441,0.168658267747,0.159348815424,0.147909426331,0.133368661592,0.112978590135,,,,,,,,,0.056271327549,1.200000000000
127080,0.195958592910,0.195432189233,0.193846780580,0.191182815206,0.187404248449,0.182452257609,0.176233559224,0.168598213236,0.159294118861,0.147861060984,0.133327930627,0.112947758997,,,,,,,,,0.056263938659,1.200000000000
127140,0.195881849206,0.195355782027,0.193771383577,0.191109104596,0.187332905896,0.182383975619,0.176169050916,0.168538230373,0.159239486656,0.147812751554,0.133287245682,0.112916961533,,,,,,,,,0.056256562862,1.200000000000
127200,0.195805200557,0.195279469394,0.193696079698,0.191035484704,0.187261650697,0.182315776668,0.176104620374,0.168478319029,0.159184918695,0.147764497943,0.133246606678,0.112886197680,,,,,,,,,0.056249200150,1.200000000000
127260,0.195728646784,0.195203251155,0.193620868771,0.190961955360,0.187190482691,0.182247660603,0.176040267456,0.168418479073,0.159130414861,0.147716300050,0.133206013533,0.112855467377,,,,,,,,,0.056241850510,1.200000000000
127320,0.195652187711,0.195127127135,0.193545750621,0.190888516397,0.187119401716,0.182179627270,0.175975992019,0.168358710375,0.159075975040,0.147668157778,0.133165466168,0.112824770563,,,,,,,,,0.056234513927,1.200000000000
127380,0.195575823161,0.195051097159,0.193470725076,0.190815167646,0.187048407611,0.182111676517,0.175911793923,0.168299012808,0.159021599118,0.147620071029,0.133124964503,0.112794107180,,,,,,,,,0.056227190384,1.200000000000
127440,0.195499552957,0.194975161049,0.193395791964,0.190741908940,0.186977500215,0.182043808193,0.175847673025,0.168239386241,0.158967286979,0.147572039704,0.133084508457,0.112763477167,,,,,,,,,0.056219879864,1.200000000000
127500,0.195423376923,0.194899318633,0.193320951113,0.190668740113,0.186906679369,0.181976022146,0.175783629184,0.168179830547,0.158913038509,0.147524063706,0.133044097950,0.112732880466,,,,,,,,,0.056212582346,1.200000000000
127560,0.195347294885,0.194823569735,0.193246202351,0.190595660996,0.186835944912,0.181908318225,0.175719662261,0.168120345597,0.158858853595,0.147476142938,0.133003732904,0.112702317020,,,,,,,,,0.056205297809,1.200000000000
127620,0.195271306666,0.194747914180,0.193171545507,0.190522671425,0.186765296685,0.181840696278,0.175655772115,0.168060931263,0.158804732122,0.147428277301,0.132963413238,0.112671786769,,,,,,,,,0.056198026232,1.200000000000
127680,0.195195412093,0.194672351796,0.193096980410,0.190449771232,0.186694734528,0.181773156157,0.175591958605,0.168001587418,0.158750673978,0.147380466698,0.132923138872,0.112641289658,,,,,,,,,0.056190767591,1.200000000000
127740,0.195119610990,0.194596882410,0.193022506889,0.190376960254,0.186624258284,0.181705697709,0.175528221593,0.167942313933,0.158696679049,0.147332711034,0.132882909729,0.112610825629,,,,,,,,,0.056183521863,1.200000000000
127800,0.195043903185,0.194521505847,0.192948124776,0.190304238324,0.186553867793,0.181638320787,0.175464560938,0.167883110683,0.158642747223,0.147285010210,0.132842725727,0.112580394625,,,,,,,,,0.056176289024,1.200000000000
127860,0.194968288504,0.194446221937,0.192873833900,0.190231605278,0.186483562897,0.181571025239,0.175400976503,0.167823977540,0.158588878386,0.147237364131,0.132802586790,0.112549996591,,,,,,,,,0.056169069049,1.200000000000
127920,0.194892766774,0.194371030506,0.192799634093,0.190159060952,0.186413343440,0.181503810918,0.175337468147,0.167764914379,0.158535072427,0.147189772700,0.132762492837,0.112519631471,,,,,,,,,0.056161861912,1.200000000000
127980,0.194817337822,0.194295931384,0.192725525185,0.190086605181,0.186343209264,0.181436677675,0.175274035734,0.167705921072,0.158481329233,0.147142235821,0.132722443790,0.112489299208,,,,,,,,,0.056154667588,1.200000000000
128040,0.194742001476,0.194220924400,0.192651507009,0.190014237803,0.186273160212,0.181369625361,0.175210679124,0.167646997494,0.158427648693,0.147094753398,0.132682439571,0.112458999747,,,,,,,,,0.056147486052,1.200000000000
128100,0.194666757565,0.194146009381,0.192577579397,0.189941958654,0.186203196128,0.181302653828,0.175147398181,0.167588143519,0.158374030695,0.147047325335,0.132642480102,0.112428733034,,,,,,,,,0.056140317277,1.200000000000
128160,0.194591605917,0.194071186159,0.192503742180,0.189869767572,0.186133316855,0.181235762930,0.175084192767,0.167529359023,0.158320475128,0.146999951537,0.132602565305,0.112398499014,,,,,,,,,0.056133161236,1.200000000000
128220,0.194516546362,0.193996454563,0.192429995193,0.189797664394,0.186063522238,0.181168952517,0.175021062745,0.167470643881,0.158266981880,0.146952631909,0.132562695102,0.112368297630,,,,,,,,,0.056126017903,1.200000000000
128280,0.194441578728,0.193921814424,0.192356338268,0.189725648958,0.185993812122,0.181102222445,0.174958007978,0.167411997967,0.158213550842,0.146905366355,0.132522869416,0.112338128830,,,,,,,,,0.056118887250,1.200000000000
128340,0.194366702847,0.193847265573,0.192282771239,0.189653721103,0.185924186352,0.181035572565,0.174895028331,0.167353421157,0.158160181901,0.146858154781,0.132483088168,0.112307992558,,,,,,,,,0.056111769252,1.200000000000
128400,0.194291918547,0.193772807840,0.192209293941,0.189581880668,0.185854644773,0.180969002733,0.174832123666,0.167294913328,0.158106874949,0.146810997092,0.132443351282,0.112277888761,,,,,,,,,0.056104663880,1.200000000000
128460,0.194217225661,0.193698441058,0.192135906207,0.189510127492,0.185785187231,0.180902512802,0.174769293849,0.167236474355,0.158053629876,0.146763893193,0.132403658682,0.112247817383,,,,,,,,,0.056097571108,1.200000000000
128520,0.194142624019,0.193624165060,0.192062607874,0.189438461414,0.185715813571,0.180836102626,0.174706538743,0.167178104115,0.158000446570,0.146716842990,0.132364010289,0.112217778372,,,,,,,,,0.056090490908,1.200000000000
128580,0.194068113453,0.193549979676,0.191989398776,0.189366882275,0.185646523642,0.180769772061,0.174643858215,0.167119802486,0.157947324924,0.146669846390,0.132324406028,0.112187771673,,,,,,,,,0.056083423252,1.200000000000
128640,0.193993693795,0.193475884741,0.191916278748,0.189295389915,0.185577317289,0.180703520961,0.174581252129,0.167061569343,0.157894264827,0.146622903298,0.132284845822,0.112157797234,,,,,,,,,0.056076368114,1.200000000000
128700,0.193919364877,0.193401880088,0.191843247628,0.189223984176,0.185508194360,0.180637349183,0.174518720350,0.167003404565,0.157841266171,0.146576013620,0.132245329596,0.112127854999,,,,,,,,,0.056069325465,1.200000000000
128760,0.193845126532,0.193327965550,0.191770305252,0.189152664897,0.185439154703,0.180571256582,0.174456262746,0.166945308029,0.157788328847,0.146529177264,0.132205857272,0.112097944916,,,,,,,,,0.056062295277,1.200000000000
128820,0.193770978594,0.193254140961,0.191697451456,0.189081431920,0.185370198165,0.180505243014,0.174393879181,0.166887279614,0.157735452746,0.146482394136,0.132166428776,0.112068066932,,,,,,,,,0.056055277525,1.200000000000
128880,0.193696920895,0.193180406157,0.191624686078,0.189010285089,0.185301324595,0.180439308337,0.174331569523,0.166829319196,0.157682637761,0.146435664143,0.132127044031,0.112038220994,,,,,,,,,0.056048272178,1.200000000000
128940,0.193622953271,0.193106760972,0.191552008956,0.188939224244,0.185232533842,0.180373452406,0.174269333638,0.166771426656,0.157629883783,0.146388987192,0.132087702963,0.112008407048,,,,,,,,,0.056041279211,1.200000000000
129000,0.193549075554,0.193033205241,0.191479419928,0.188868249229,0.185163825754,0.180307675079,0.174207171394,0.166713601872,0.157577190704,0.146342363191,0.132048405496,0.111978625042,,,,,,,,,0.056034298595,1.200000000000
129060,0.193475287581,0.192959738801,0.191406918831,0.188797359887,0.185095200182,0.180241976215,0.174145082658,0.166655844722,0.157524558417,0.146295792048,0.132009151555,0.111948874922,,,,,,,,,0.056027330303,1.200000000000
129120,0.193401589186,0.192886361486,0.191334505507,0.188726556061,0.185026656974,0.180176355670,0.174083067297,0.166598155087,0.157471986815,0.146249273669,0.131969941065,0.111919156637,,,,,,,,,0.056020374306,1.200000000000
129180,0.193327980206,0.192813073135,0.191262179792,0.188655837594,0.184958195982,0.180110813302,0.174021125181,0.166540532846,0.157419475791,0.146202807964,0.131930773952,0.111889470134,,,,,,,,,0.056013430578,1.200000000000
129240,0.193254460475,0.192739873583,0.191189941528,0.188585204332,0.184889817056,0.180045348972,0.173959256177,0.166482977880,0.157367025238,0.146156394841,0.131891650141,0.111859815359,,,,,,,,,0.056006499091,1.200000000000
129300,0.193181029831,0.192666762668,0.191117790554,0.188514656119,0.184821520046,0.179979962537,0.173897460155,0.166425490067,0.157314635049,0.146110034207,0.131852569557,0.111830192262,,,,,,,,,0.055999579816,1.200000000000
129360,0.193107688110,0.192593740229,0.191045726710,0.188444192799,0.184753304804,0.179914653857,0.173835736982,0.166368069289,0.157262305118,0.146063725972,0.131813532128,0.111800600790,,,,,,,,,0.055992672728,1.200000000000
129420,0.193034435149,0.192520806101,0.190973749838,0.188373814219,0.184685171181,0.179849422792,0.173774086529,0.166310715427,0.157210035340,0.146017470044,0.131774537779,0.111771040890,,,,,,,,,0.055985777797,1.200000000000
129480,0.192961270786,0.192447960126,0.190901859778,0.188303520223,0.184617119030,0.179784269201,0.173712508666,0.166253428362,0.157157825607,0.145971266333,0.131735586436,0.111741512511,,,,,,,,,0.055978894996,1.200000000000
129540,0.192888194859,0.192375202140,0.190830056372,0.188233310658,0.184549148203,0.179719192944,0.173651003261,0.166196207975,0.157105675816,0.145925114749,0.131696678026,0.111712015600,,,,,,,,,0.055972024299,1.200000000000
129600,0.192815207207,0.192302531984,0.190758339463,0.188163185370,0.184481258552,0.179654193883,0.173589570186,0.166139054147,0.157053585860,0.145879015199,0.131657812475,0.111682550107,,,,,,,,,0.055965165677,1.200000000000
129660,0.192742307667,0.192229949497,0.190686708892,0.188093144206,0.184413449930,0.179589271878,0.173528209311,0.166081966762,0.157001555635,0.145832967595,0.131618989710,0.111653115979,,,,,,,,,0.055958319104,1.200000000000
129720,0.192669496080,0.192157454519,0.190615164502,0.188023187014,0.184345722191,0.179524426791,0.173466920508,0.166024945700,0.156949585035,0.145786971846,0.131580209659,0.111623713164,,,,,,,,,0.055951484551,1.200000000000
129780,0.192596772284,0.192085046890,0.190543706136,0.187953313640,0.184278075189,0.179459658483,0.173405703646,0.165967990844,0.156897673956,0.145741027862,0.131541472248,0.111594341613,,,,,,,,,0.055944661991,1.200000000000
129840,0.192524136119,0.192012726452,0.190472333638,0.187883523932,0.184210508777,0.179394966816,0.173344558598,0.165911102078,0.156845822294,0.145695135553,0.131502777405,0.111565001272,,,,,,,,,0.055937851398,1.200000000000
129900,0.192451587427,0.191940493045,0.190401046851,0.187813817739,0.184143022810,0.179330351653,0.173283485236,0.165854279284,0.156794029944,0.145649294831,0.131464125058,0.111535692090,,,,,,,,,0.055931052744,1.200000000000
129960,0.192379126046,0.191868346511,0.190329845620,0.187744194910,0.184075617142,0.179265812855,0.173222483431,0.165797522345,0.156742296803,0.145603505606,0.131425515133,0.111506414018,,,,,,,,,0.055924266002,1.200000000000
130020,0.192306751820,0.191796286692,0.190258729789,0.187674655293,0.184008291629,0.179201350286,0.173161553056,0.165740831145,0.156690622768,0.145557767788,0.131386947559,0.111477167003,,,,,,,,,0.055917491145,1.200000000000
130080,0.192234464588,0.191724313430,0.190187699203,0.187605198737,0.183941046127,0.179136963809,0.173100693984,0.165684205568,0.156639007733,0.145512081290,0.131348422265,0.111447950995,,,,,,,,,0.055910728146,1.200000000000
130140,0.192162264192,0.191652426568,0.190116753708,0.187535825093,0.183873880490,0.179072653288,0.173039906088,0.165627645497,0.156587451598,0.145466446022,0.131309939178,0.111418765942,,,,,,,,,0.055903976977,1.200000000000
130200,0.192090150476,0.191580625949,0.190045893149,0.187466534210,0.183806794575,0.179008418587,0.172979189241,0.165571150818,0.156535954258,0.145420861896,0.131271498226,0.111389611795,,,,,,,,,0.055897237612,1.200000000000
130260,0.192018123281,0.191508911416,0.189975117372,0.187397325939,0.183739788239,0.178944259568,0.172918543316,0.165514721415,0.156484515611,0.145375328823,0.131233099339,0.111360488502,,,,,,,,,0.055890510024,1.200000000000
130320,0.191946182450,0.191437282813,0.189904426223,0.187328200131,0.183672861337,0.178880176099,0.172857968187,0.165458357172,0.156433135555,0.145329846717,0.131194742444,0.111331396013,,,,,,,,,0.055883794186,1.200000000000
130380,0.191874327827,0.191365739985,0.189833819550,0.187259156636,0.183606013729,0.178816168042,0.172797463730,0.165402057976,0.156381813987,0.145284415488,0.131156427472,0.111302334277,,,,,,,,,0.055877090072,1.200000000000
130440,0.191802559255,0.191294282775,0.189763297199,0.187190195306,0.183539245270,0.178752235263,0.172737029817,0.165345823710,0.156330550805,0.145239035050,0.131118154350,0.111273303245,,,,,,,,,0.055870397655,1.200000000000
130500,0.191730876578,0.191222911029,0.189692859018,0.187121315993,0.183472555818,0.178688377628,0.172676666325,0.165289654262,0.156279345907,0.145193705314,0.131079923009,0.111244302866,,,,,,,,,0.055863716907,1.200000000000
130560,0.191659279641,0.191151624591,0.189622504855,0.187052518549,0.183405945233,0.178624595002,0.172616373127,0.165233549517,0.156228199193,0.145148426194,0.131041733378,0.111215333089,,,,,,,,,0.055857047803,1.200000000000
130620,0.191587768288,0.191080423308,0.189552234558,0.186983802826,0.183339413371,0.178560887252,0.172556150099,0.165177509361,0.156177110561,0.145103197603,0.131003585385,0.111186393866,,,,,,,,,0.055850390316,1.200000000000
130680,0.191516342365,0.191009307026,0.189482047976,0.186915168678,0.183272960093,0.178497254244,0.172495997118,0.165121533681,0.156126079909,0.145058019454,0.130965478962,0.111157485146,,,,,,,,,0.055843744419,1.200000000000
130740,0.191445001716,0.190938275591,0.189411944957,0.186846615957,0.183206585257,0.178433695844,0.172435914058,0.165065622363,0.156075107137,0.145012891660,0.130927414037,0.111128606878,,,,,,,,,0.055837110087,1.200000000000
130800,0.191373746189,0.190867328849,0.189341925350,0.186778144518,0.183140288722,0.178370211920,0.172375900797,0.165009775294,0.156024192145,0.144967814134,0.130889390542,0.111099759015,,,,,,,,,0.055830487292,1.200000000000
130860,0.191302575629,0.190796466648,0.189271989006,0.186709754213,0.183074070349,0.178306802339,0.172315957210,0.164953992362,0.155973334831,0.144922786792,0.130851408405,0.111070941505,,,,,,,,,0.055823876009,1.200000000000
130920,0.191231489883,0.190725688836,0.189202135775,0.186641444898,0.183007929997,0.178243466968,0.172256083174,0.164898273455,0.155922535096,0.144877809546,0.130813467558,0.111042154300,,,,,,,,,0.055817276212,1.200000000000
130980,0.191160488797,0.190654995259,0.189132365507,0.186573216426,0.182941867527,0.178180205677,0.172196278567,0.164842618459,0.155871792840,0.144832882310,0.130775567931,0.111013397349,,,,,,,,,0.055810687873,1.200000000000
131040,0.191089572220,0.190584385766,0.189062678052,0.186505068653,0.182875882801,0.178117018332,0.172136543265,0.164787027264,0.155821107964,0.144788005000,0.130737709454,0.110984670605,,,,,,,,,0.055804110968,1.200000000000
131100,0.191018739998,0.190513860206,0.188993073261,0.186437001434,0.182809975678,0.178053904802,0.172076877147,0.164731499757,0.155770480367,0.144743177530,0.130699892060,0.110955974016,,,,,,,,,0.055797545470,1.200000000000
131160,0.190947991980,0.190443418428,0.188923550986,0.186369014624,0.182744146020,0.177990864957,0.172017280091,0.164676035827,0.155719909951,0.144698399814,0.130662115677,0.110927307536,,,,,,,,,0.055790991353,1.200000000000
131220,0.190877328014,0.190373060281,0.188854111080,0.186301108080,0.182678393689,0.177927898665,0.171957751974,0.164620635362,0.155669396616,0.144653671768,0.130624380239,0.110898671114,,,,,,,,,0.055784448591,1.200000000000
131280,0.190806747949,0.190302785614,0.188784753393,0.186233281658,0.182612718548,0.177865005796,0.171898292675,0.164565298252,0.155618940264,0.144608993306,0.130586685676,0.110870064701,,,,,,,,,0.055777917159,1.200000000000
131340,0.190736251634,0.190232594277,0.188715477778,0.186165535214,0.182547120458,0.177802186221,0.171838902073,0.164510024387,0.155568540797,0.144564364344,0.130549031919,0.110841488249,,,,,,,,,0.055771397031,1.200000000000
131400,0.190665838919,0.190162486121,0.188646284088,0.186097868605,0.182481599282,0.177739439808,0.171779580047,0.164454813655,0.155518198116,0.144519784798,0.130511418901,0.110812941709,,,,,,,,,0.055764888180,1.200000000000
131460,0.190595509653,0.190092460996,0.188577172177,0.186030281689,0.182416154884,0.177676766428,0.171720326476,0.164399665946,0.155467912122,0.144475254582,0.130473846552,0.110784425033,,,,,,,,,0.055758390583,1.200000000000
131520,0.190525263687,0.190022518754,0.188508141897,0.185962774323,0.182350787126,0.177614165952,0.171661141241,0.164344581152,0.155417682718,0.144430773615,0.130436314806,0.110755938172,,,,,,,,,0.055751904212,1.200000000000
131580,0.190455100870,0.189952659245,0.188439193103,0.185895346366,0.182285495873,0.177551638252,0.171602024219,0.164289559161,0.155367509807,0.144386341810,0.130398823593,0.110727481077,,,,,,,,,0.055745429043,1.200000000000
131640,0.190385021055,0.189882882322,0.188370325649,0.185827997674,0.182220280988,0.177489183198,0.171542975293,0.164234599864,0.155317393291,0.144341959085,0.130361372847,0.110699053701,,,,,,,,,0.055738965050,1.200000000000
131700,0.190315024092,0.189813187836,0.188301539389,0.185760728108,0.182155142335,0.177426800661,0.171483994342,0.164179703153,0.155267333073,0.144297625356,0.130323962500,0.110670655995,,,,,,,,,0.055732512207,1.200000000000
131760,0.190245109832,0.189743575640,0.188232834178,0.185693537526,0.182090079781,0.177364490515,0.171425081248,0.164124868919,0.155217329055,0.144253340540,0.130286592484,0.110642287911,,,,,,,,,0.055726070490,1.200000000000
131820,0.190175278129,0.189674045587,0.188164209872,0.185626425787,0.182025093188,0.177302252630,0.171366235890,0.164070097052,0.155167381141,0.144209104553,0.130249262732,0.110613949401,,,,,,,,,0.055719639873,1.200000000000
131880,0.190105528833,0.189604597530,0.188095666325,0.185559392752,0.181960182423,0.177240086881,0.171307458151,0.164015387444,0.155117489235,0.144164917314,0.130211973177,0.110585640418,,,,,,,,,0.055713220331,1.200000000000
131940,0.190035861798,0.189535231321,0.188027203394,0.185492438279,0.181895347351,0.177177993138,0.171248747912,0.163960739988,0.155067653240,0.144120778738,0.130174723752,0.110557360913,,,,,,,,,0.055706811840,1.200000000000
132000,0.189966276876,0.189465946816,0.187958820935,0.185425562229,0.181830587838,0.177115971276,0.171190105054,0.163906154575,0.155017873060,0.144076688744,0.130137514390,0.110529110838,,,,,,,,,0.055700414373,1.200000000000
132060,0.189896773921,0.189396743867,0.187890518805,0.185358764463,0.181765903750,0.177054021168,0.171131529461,0.163851631097,0.154968148599,0.144032647249,0.130100345024,0.110500890147,,,,,,,,,0.055694027906,1.200000000000
132120,0.189827352787,0.189327622331,0.187822296860,0.185292044841,0.181701294954,0.176992142687,0.171073021013,0.163797169448,0.154918479762,0.143988654170,0.130063215588,0.110472698792,,,,,,,,,0.055687652414,1.200000000000
132180,0.189758013328,0.189258582060,0.187754154958,0.185225403226,0.181636761317,0.176930335707,0.171014579595,0.163742769519,0.154868866452,0.143944709427,0.130026126016,0.110444536725,,,,,,,,,0.055681287873,1.200000000000
132240,0.189688755397,0.189189622911,0.187686092956,0.185158839477,0.181572302705,0.176868600104,0.170956205088,0.163688431205,0.154819308576,0.143900812937,0.129989076240,0.110416403898,,,,,,,,,0.055674934257,1.200000000000
132300,0.189619578850,0.189120744739,0.187618110712,0.185092353458,0.181507918987,0.176806935750,0.170897897376,0.163634154398,0.154769806037,0.143856964618,0.129952066196,0.110388300266,,,,,,,,,0.055668591542,1.200000000000
132360,0.189550483542,0.189051947400,0.187550208085,0.185025945031,0.181443610029,0.176745342522,0.170839656342,0.163579938991,0.154720358742,0.143813164389,0.129915095817,0.110360225780,,,,,,,,,0.055662259703,1.200000000000
132420,0.189481469327,0.188983230750,0.187482384932,0.184959614057,0.181379375701,0.176683820294,0.170781481870,0.163525784880,0.154670966594,0.143769412169,0.129878165038,0.110332180395,,,,,,,,,0.055655938716,1.200000000000
132480,0.189412536062,0.188914594646,0.187414641114,0.184893360401,0.181315215869,0.176622368941,0.170723373845,0.163471691957,0.154621629501,0.143725707876,0.129841273792,0.110304164062,,,,,,,,,0.055649628556,1.200000000000
132540,0.189343683603,0.188846038943,0.187346976488,0.184827183924,0.181251130404,0.176560988340,0.170665332149,0.163417660117,0.154572347368,0.143682051431,0.129804422014,0.110276176735,,,,,,,,,0.055643329199,1.200000000000
132600,0.189274911806,0.188777563500,0.187279390914,0.184761084492,0.181187119174,0.176499678366,0.170607356669,0.163363689254,0.154523120100,0.143638442751,0.129767609639,0.110248218367,,,,,,,,,0.055637040620,1.200000000000
132660,0.189206220528,0.188709168174,0.187211884254,0.184695061966,0.181123182048,0.176438438896,0.170549447288,0.163309779264,0.154473947605,0.143594881757,0.129730836601,0.110220288912,,,,,,,,,0.055630762795,1.200000000000
132720,0.189137609625,0.188640852823,0.187144456365,0.184629116212,0.181059318895,0.176377269805,0.170491603891,0.163255930040,0.154424829789,0.143551368368,0.129694102837,0.110192388324,,,,,,,,,0.055624495701,1.200000000000
132780,0.189069078956,0.188572617305,0.187077107110,0.184563247093,0.180995529587,0.176316170972,0.170433826364,0.163202141479,0.154375766558,0.143507902504,0.129657408279,0.110164516555,,,,,,,,,0.055618239311,1.200000000000
132840,0.189000628378,0.188504461478,0.187009836349,0.184497454476,0.180931813992,0.176255142273,0.170376114593,0.163148413476,0.154326757819,0.143464484085,0.129620752865,0.110136673559,,,,,,,,,0.055611993604,1.200000000000
132900,0.188932257748,0.188436385202,0.186942643943,0.184431738224,0.180868171981,0.176194183585,0.170318468462,0.163094745927,0.154277803479,0.143421113031,0.129584136529,0.110108859292,,,,,,,,,0.055605758554,1.200000000000
132960,0.188863966926,0.188368388335,0.186875529753,0.184366098203,0.180804603426,0.176133294787,0.170260887859,0.163041138727,0.154228903446,0.143377789263,0.129547559206,0.110081073705,,,,,,,,,0.055599534137,1.200000000000
133020,0.188795755770,0.188300470737,0.186808493642,0.184300534278,0.180741108197,0.176072475755,0.170203372670,0.162987591773,0.154180057628,0.143334512701,0.129511020833,0.110053316753,,,,,,,,,0.055593320330,1.200000000000
133080,0.188727624139,0.188232632267,0.186741535471,0.184235046317,0.180677686166,0.176011726369,0.170145922781,0.162934104961,0.154131265931,0.143291283266,0.129474521344,0.110025588391,,,,,,,,,0.055587117109,1.200000000000
133140,0.188659571892,0.188164872787,0.186674655103,0.184169634184,0.180614337203,0.175951046507,0.170088538079,0.162880678188,0.154082528264,0.143248100878,0.129438060677,0.109997888572,,,,,,,,,0.055580924451,1.200000000000
133200,0.188591598889,0.188097192155,0.186607852402,0.184104297747,0.180551061182,0.175890436048,0.170031218451,0.162827311350,0.154033844536,0.143204965460,0.129401638767,0.109970217251,,,,,,,,,0.055574742330,1.200000000000
133260,0.188523704990,0.188029590234,0.186541127228,0.184039036873,0.180487857975,0.175829894870,0.169973963784,0.162774004345,0.153985214654,0.143161876931,0.129365255550,0.109942574382,,,,,,,,,0.055568570724,1.200000000000
133320,0.188455890056,0.187962066883,0.186474479447,0.183973851428,0.180424727453,0.175769422854,0.169916773967,0.162720757070,0.153936638526,0.143118835214,0.129328910962,0.109914959919,,,,,,,,,0.055562409609,1.200000000000
133380,0.188388153946,0.187894621966,0.186407908922,0.183908741280,0.180361669490,0.175709019878,0.169859648887,0.162667569423,0.153888116063,0.143075840230,0.129292604941,0.109887373817,,,,,,,,,0.055556258962,1.200000000000
133440,0.188320496523,0.187827255342,0.186341415517,0.183843706298,0.180298683960,0.175648685823,0.169802588432,0.162614441301,0.153839647172,0.143032891901,0.129256337422,0.109859816032,,,,,,,,,0.055550118758,1.200000000000
133500,0.188252917647,0.187759966875,0.186274999097,0.183778746349,0.180235770734,0.175588420569,0.169745592491,0.162561372603,0.153791231763,0.142989990149,0.129220108343,0.109832286516,,,,,,,,,0.055543988976,1.200000000000
133560,0.188185417180,0.187692756426,0.186208659525,0.183713861302,0.180172929688,0.175528223997,0.169688660951,0.162508363227,0.153742869745,0.142947134895,0.129183917640,0.109804785226,,,,,,,,,0.055537869591,1.200000000000
133620,0.188117994983,0.187625623859,0.186142396667,0.183649051025,0.180110160695,0.175468095986,0.169631793703,0.162455413070,0.153694561028,0.142904326063,0.129147765250,0.109777312116,,,,,,,,,0.055531760579,1.200000000000
133680,0.188050650920,0.187558569037,0.186076210388,0.183584315388,0.180047463630,0.175408036419,0.169574990635,0.162402522033,0.153646305522,0.142861563575,0.129111651111,0.109749867142,,,,,,,,,0.055525661919,1.200000000000
133740,0.187983384852,0.187491591822,0.186010100554,0.183519654259,0.179984838366,0.175348045176,0.169518251637,0.162349690014,0.153598103137,0.142818847353,0.129075575160,0.109722450258,,,,,,,,,0.055519573586,1.200000000000
133800,0.187916196643,0.187424692078,0.185944067031,0.183455067509,0.179922284780,0.175288122139,0.169461576598,0.162296916912,0.153549953782,0.142776177320,0.129039537334,0.109695061419,,,,,,,,,0.055513495559,1.200000000000
133860,0.187849086156,0.187357869670,0.185878109685,0.183390555008,0.179859802745,0.175228267189,0.169404965408,0.162244202626,0.153501857368,0.142733553400,0.129003537571,0.109667700581,,,,,,,,,0.055507427812,1.200000000000
133920,0.187782053254,0.187291124462,0.185812228382,0.183326116625,0.179797392138,0.175168480210,0.169348417958,0.162191547057,0.153453813807,0.142690975514,0.128967575809,0.109640367700,,,,,,,,,0.055501370325,1.200000000000
133980,0.187715097801,0.187224456317,0.185746422990,0.183261752231,0.179735052835,0.175108761082,0.169291934137,0.162138950104,0.153405823007,0.142648443588,0.128931651985,0.109613062731,,,,,,,,,0.055495323073,1.200000000000
134040,0.187648219661,0.187157865102,0.185680693375,0.183197461698,0.179672784710,0.175049109690,0.169235513837,0.162086411667,0.153357884882,0.142605957543,0.128895766038,0.109585785629,,,,,,,,,0.055489286034,1.200000000000
134100,0.187581418699,0.187091350681,0.185615039404,0.183133244896,0.179610587642,0.174989525915,0.169179156948,0.162033931646,0.153309999341,0.142563517305,0.128859917905,0.109558536350,,,,,,,,,0.055483259185,1.200000000000
134160,0.187514694779,0.187024912920,0.185549460946,0.183069101696,0.179548461505,0.174930009640,0.169122863361,0.161981509942,0.153262166296,0.142521122796,0.128824107525,0.109531314850,,,,,,,,,0.055477242503,1.200000000000
134220,0.187448047767,0.186958551684,0.185483957869,0.183005031971,0.179486406177,0.174870560751,0.169066632968,0.161929146456,0.153214385659,0.142478773941,0.128788334836,0.109504121084,,,,,,,,,0.055471235966,1.200000000000
134280,0.187381477528,0.186892266840,0.185418530041,0.182941035592,0.179424421536,0.174811179129,0.169010465661,0.161876841089,0.153166657342,0.142436470663,0.128752599777,0.109476955010,,,,,,,,,0.055465239552,1.200000000000
134340,0.187314983928,0.186826058255,0.185353177330,0.182877112432,0.179362507458,0.174751864658,0.168954361331,0.161824593742,0.153118981256,0.142394212888,0.128716902286,0.109449816582,,,,,,,,,0.055459253237,1.200000000000
134400,0.187248566832,0.186759925794,0.185287899606,0.182813262363,0.179300663821,0.174692617225,0.168898319870,0.161772404316,0.153071357314,0.142352000539,0.128681242303,0.109422705757,,,,,,,,,0.055453276999,1.200000000000
134460,0.187182226107,0.186693869325,0.185222696738,0.182749485259,0.179238890503,0.174633436711,0.168842341171,0.161720272713,0.153023785428,0.142309833542,0.128645619765,0.109395622491,,,,,,,,,0.055447310816,1.200000000000
134520,0.187115961620,0.186627888716,0.185157568595,0.182685780992,0.179177187383,0.174574323003,0.168786425127,0.161668198835,0.152976265510,0.142267711821,0.128610034613,0.109368566741,,,,,,,,,0.055441354666,1.200000000000
134580,0.187049773237,0.186561983834,0.185092515047,0.182622149436,0.179115554339,0.174515275985,0.168730571629,0.161616182583,0.152928797474,0.142225635301,0.128574486786,0.109341538462,,,,,,,,,0.055435408525,1.200000000000
134640,0.186983660826,0.186496154546,0.185027535965,0.182558590464,0.179053991250,0.174456295543,0.168674780573,0.161564223862,0.152881381232,0.142183603908,0.128538976221,0.109314537612,,,,,,,,,0.055429472373,1.200000000000
134700,0.186917624255,0.186430400722,0.184962631218,0.182495103952,0.178992497995,0.174397381562,0.168619051849,0.161512322571,0.152834016698,0.142141617566,0.128503502860,0.109287564147,,,,,,,,,0.055423546186,1.200000000000
134760,0.186851663390,0.186364722230,0.184897800678,0.182431689772,0.178931074453,0.174338533927,0.168563385353,0.161460478616,0.152786703784,0.142099676201,0.128468066642,0.109260618024,,,,,,,,,0.055417629943,1.200000000000
134820,0.186785778101,0.186299118938,0.184833044215,0.182368347800,0.178869720505,0.174279752526,0.168507780978,0.161408691898,0.152739442405,0.142057779740,0.128432667506,0.109233699199,,,,,,,,,0.055411723621,1.200000000000
134880,0.186719968256,0.186233590717,0.184768361701,0.182305077911,0.178808436028,0.174221037244,0.168452238619,0.161356962320,0.152692232474,0.142015928107,0.128397305393,0.109206807630,,,,,,,,,0.055405827199,1.200000000000
134940,0.186654233723,0.186168137434,0.184703753008,0.182241879979,0.178747220905,0.174162387967,0.168396758168,0.161305289787,0.152645073904,0.141974121228,0.128361980242,0.109179943273,,,,,,,,,0.055399940655,1.200000000000
135000,0.186588574372,0.186102758961,0.184639218007,0.182178753881,0.178686075016,0.174103804583,0.168341339522,0.161253674201,0.152597966611,0.141932359031,0.128326691993,0.109153106085,,,,,,,,,0.055394063966,1.200000000000
135060,0.186522990071,0.186037455167,0.184574756571,0.182115699492,0.178624998240,0.174045286979,0.168285982574,0.161202115467,0.152550910508,0.141890641440,0.128291440586,0.109126296024,,,,,,,,,0.055388197112,1.200000000000
135120,0.186457480691,0.185972225922,0.184510368572,0.182052716688,0.178563990460,0.173986835041,0.168230687219,0.161150613488,0.152503905510,0.141848968383,0.128256225963,0.109099513047,,,,,,,,,0.055382340070,1.200000000000
135180,0.186392046102,0.185907071097,0.184446053882,0.181989805345,0.178503051557,0.173928448658,0.168175453354,0.161099168169,0.152456951532,0.141807339787,0.128221048063,0.109072757110,,,,,,,,,0.055376492818,1.200000000000
135240,0.186326686173,0.185841990564,0.184381812376,0.181926965341,0.178442181411,0.173870127717,0.168120280873,0.161047779415,0.152410048488,0.141765755577,0.128185906827,0.109046028173,,,,,,,,,0.055370655335,1.200000000000
135300,0.186261400775,0.185776984193,0.184317643926,0.181864196551,0.178381379905,0.173811872107,0.168065169672,0.160996447129,0.152363196293,0.141724215682,0.128150802196,0.109019326191,,,,,,,,,0.055364827599,1.200000000000
135360,0.186196189780,0.185712051856,0.184253548406,0.181801498854,0.178320646921,0.173753681715,0.168010119647,0.160945171217,0.152316394863,0.141682720027,0.128115734110,0.108992651123,,,,,,,,,0.055359009589,1.200000000000
135420,0.186131053058,0.185647193424,0.184189525690,0.181738872126,0.178259982341,0.173695556430,0.167955130694,0.160893951584,0.152269644114,0.141641268541,0.128080702511,0.108966002926,,,,,,,,,0.055353201284,1.200000000000
135480,0.186065990480,0.185582408770,0.184125575652,0.181676316245,0.178199386048,0.173637496142,0.167900202709,0.160842788135,0.152222943959,0.141599861151,0.128045707340,0.108939381558,,,,,,,,,0.055347402661,1.200000000000
135540,0.186001001919,0.185517697767,0.184061698167,0.181613831089,0.178138857924,0.173579500739,0.167845335590,0.160791680775,0.152176294317,0.141558497784,0.128010748538,0.108912786977,,,,,,,,,0.055341613700,1.200000000000
135600,0.185936087245,0.185453060286,0.183997893109,0.181551416537,0.178078397853,0.173521570110,0.167790529233,0.160740629412,0.152129695102,0.141517178368,0.127975826047,0.108886219141,,,,,,,,,0.055335834380,1.200000000000
135660,0.185871246333,0.185388496202,0.183934160354,0.181489072467,0.178018005719,0.173463704145,0.167735783535,0.160689633949,0.152083146230,0.141475902831,0.127940939807,0.108859678007,,,,,,,,,0.055330064678,1.200000000000
135720,0.185806479054,0.185324005386,0.183870499777,0.181426798759,0.177957681404,0.173405902734,0.167681098393,0.160638694295,0.152036647619,0.141434671102,0.127906089761,0.108833163535,,,,,,,,,0.055324304574,1.200000000000
135780,0.185741785280,0.185259587713,0.183806911253,0.181364595290,0.177897424793,0.173348165768,0.167626473705,0.160587810354,0.151990199184,0.141393483107,0.127871275850,0.108806675682,,,,,,,,,0.055318554048,1.200000000000
135840,0.185677164886,0.185195243057,0.183743394659,0.181302461940,0.177837235770,0.173290493135,0.167571909369,0.160536982033,0.151943800842,0.141352338777,0.127836498016,0.108780214406,,,,,,,,,0.055312813076,1.200000000000
135900,0.185612617745,0.185130971292,0.183679949870,0.181240398590,0.177777114219,0.173232884727,0.167517405283,0.160486209240,0.151897452511,0.141311238038,0.127801756202,0.108753779666,,,,,,,,,0.055307081640,1.200000000000
135960,0.185548143730,0.185066772292,0.183616576763,0.181178405118,0.177717060025,0.173175340435,0.167462961345,0.160435491881,0.151851154107,0.141270180821,0.127767050348,0.108727371421,,,,,,,,,0.055301359717,1.200000000000
136020,0.185483742715,0.185002645931,0.183553275216,0.181116481406,0.177657073073,0.173117860150,0.167408577453,0.160384829863,0.151804905547,0.141229167053,0.127732380399,0.108700989628,,,,,,,,,0.055295647287,1.200000000000
136080,0.185419414575,0.184938592086,0.183490045104,0.181054627333,0.177597153249,0.173060443762,0.167354253506,0.160334223095,0.151758706749,0.141188196664,0.127697746295,0.108674634247,,,,,,,,,0.055289944330,1.200000000000
136140,0.185355159185,0.184874610631,0.183426886306,0.180992842781,0.177537300437,0.173003091164,0.167299989404,0.160283671482,0.151712557631,0.141147269583,0.127663147979,0.108648305236,,,,,,,,,0.055284250823,1.200000000000
136200,0.185290976418,0.184810701441,0.183363798698,0.180931127630,0.177477514523,0.172945802248,0.167245785044,0.160233174934,0.151666458110,0.141106385739,0.127628585395,0.108622002554,,,,,,,,,0.055278566747,1.200000000000
136260,0.185226866151,0.184746864393,0.183300782160,0.180869481761,0.177417795394,0.172888576904,0.167191640327,0.160182733358,0.151620408105,0.141065545062,0.127594058484,0.108595726160,,,,,,,,,0.055272892081,1.200000000000
136320,0.185162828258,0.184683099362,0.183237836568,0.180807905057,0.177358142936,0.172831415026,0.167137555152,0.160132346662,0.151574407533,0.141024747480,0.127559567190,0.108569476013,,,,,,,,,0.055267226804,1.200000000000
136380,0.185098862616,0.184619406226,0.183174961802,0.180746397398,0.177298557034,0.172774316507,0.167083529419,0.160082014755,0.151528456313,0.140983992925,0.127525111456,0.108543252072,,,,,,,,,0.055261570896,1.200000000000
136440,0.185034969101,0.184555784860,0.183112157739,0.180684958668,0.177239037577,0.172717281238,0.167029563028,0.160031737546,0.151482554364,0.140943281326,0.127490691224,0.108517054296,,,,,,,,,0.055255924336,1.200000000000
136500,0.184971147588,0.184492235142,0.183049424260,0.180623588748,0.177179584450,0.172660309113,0.166975655880,0.159981514942,0.151436701603,0.140902612613,0.127456306439,0.108490882644,,,,,,,,,0.055250287104,1.200000000000
136560,0.184907397954,0.184428756949,0.182986761243,0.180562287520,0.177120197542,0.172603400025,0.166921807873,0.159931346854,0.151390897951,0.140861986716,0.127421957042,0.108464737076,,,,,,,,,0.055244659179,1.200000000000
136620,0.184843720077,0.184365350158,0.182924168567,0.180501054869,0.177060876739,0.172546553867,0.166868018911,0.159881233190,0.151345143326,0.140821403566,0.127387642978,0.108438617551,,,,,,,,,0.055239040541,1.200000000000
136680,0.184780113833,0.184302014647,0.182861646114,0.180439890676,0.177001621929,0.172489770534,0.166814288892,0.159831173860,0.151299437647,0.140780863093,0.127353364191,0.108412524029,,,,,,,,,0.055233431170,1.200000000000
136740,0.184716579099,0.184238750294,0.182799193761,0.180378794826,0.176942433001,0.172433049919,0.166760617719,0.159781168774,0.151253780834,0.140740365227,0.127319120624,0.108386456468,,,,,,,,,0.055227831046,1.200000000000
136800,0.184653115754,0.184175556978,0.182736811391,0.180317767201,0.176883309843,0.172376391915,0.166707005293,0.159731217841,0.151208172806,0.140699909900,0.127284912220,0.108360414830,,,,,,,,,0.055222240148,1.200000000000
136860,0.184589723674,0.184112434577,0.182674498883,0.180256807687,0.176824252343,0.172319796419,0.166653451514,0.159681320971,0.151162613483,0.140659497043,0.127250738924,0.108334399073,,,,,,,,,0.055216658456,1.200000000000
136920,0.184526402740,0.184049382971,0.182612256119,0.180195916166,0.176765260390,0.172263263324,0.166599956286,0.159631478074,0.151117102785,0.140619126586,0.127216600681,0.108308409158,,,,,,,,,0.055211085950,1.200000000000
136980,0.184463152828,0.183986402037,0.182550082979,0.180135092524,0.176706333872,0.172206792525,0.166546519510,0.159581689061,0.151071640632,0.140578798462,0.127182497433,0.108282445043,,,,,,,,,0.055205522610,1.200000000000
137040,0.184399973818,0.183923491656,0.182487979345,0.180074336644,0.176647472680,0.172150383918,0.166493141089,0.159531953843,0.151026226945,0.140538512600,0.127148429125,0.108256506690,,,,,,,,,0.055199968417,1.200000000000
137100,0.184336865588,0.183860651707,0.182425945099,0.180013648413,0.176588676703,0.172094037397,0.166439820924,0.159482272330,0.150980861644,0.140498268933,0.127114395703,0.108230594058,,,,,,,,,0.055194423350,1.200000000000
137160,0.184273828019,0.183797882070,0.182363980122,0.179953027715,0.176529945830,0.172037752858,0.166386558918,0.159432644433,0.150935544649,0.140458067393,0.127080397110,0.108204707108,,,,,,,,,0.055188887389,1.200000000000
137220,0.184210860989,0.183735182626,0.182302084297,0.179892474436,0.176471279951,0.171981530197,0.166333354975,0.159383070064,0.150890275881,0.140417907912,0.127046433290,0.108178845800,,,,,,,,,0.055183360515,1.200000000000
137280,0.184147964378,0.183672553255,0.182240257506,0.179831988461,0.176412678958,0.171925369310,0.166280208997,0.159333549133,0.150845055262,0.140377790421,0.127012504190,0.108153010093,,,,,,,,,0.055177842708,1.200000000000
137340,0.184085138067,0.183609993837,0.182178499632,0.179771569676,0.176354142739,0.171869270094,0.166227120887,0.159284081553,0.150799882712,0.140337714852,0.126978609753,0.108127199949,,,,,,,,,0.055172333948,1.200000000000
137400,0.184022381936,0.183547504255,0.182116810558,0.179711217967,0.176295671186,0.171813232444,0.166174090550,0.159234667234,0.150754758153,0.140297681138,0.126944749924,0.108101415328,,,,,,,,,0.055166834215,1.200000000000
137460,0.183959695865,0.183485084388,0.182055190167,0.179650933222,0.176237264190,0.171757256258,0.166121117889,0.159185306090,0.150709681506,0.140257689212,0.126910924650,0.108075656190,,,,,,,,,0.055161343491,1.200000000000
137520,0.183897079736,0.183422734119,0.181993638342,0.179590715327,0.176178921642,0.171701341432,0.166068202807,0.159135998032,0.150664652693,0.140217739005,0.126877133874,0.108049922496,,,,,,,,,0.055155861754,1.200000000000
137580,0.183834533430,0.183360453329,0.181932154968,0.179530564168,0.176120643434,0.171645487864,0.166015345209,0.159086742973,0.150619671636,0.140177830451,0.126843377543,0.108024214207,,,,,,,,,0.055150388987,1.200000000000
137640,0.183772056827,0.183298241901,0.181870739928,0.179470479633,0.176062429456,0.171589695450,0.165962544999,0.159037540825,0.150574738257,0.140137963483,0.126809655601,0.107998531284,,,,,,,,,0.055144925170,1.200000000000
137700,0.183709649811,0.183236099717,0.181809393106,0.179410461609,0.176004279602,0.171533964090,0.165909802082,0.158988391500,0.150529852477,0.140098138033,0.126775967995,0.107972873687,,,,,,,,,0.055139470282,1.200000000000
137760,0.183647312262,0.183174026659,0.181748114388,0.179350509984,0.175946193763,0.171478293680,0.165857116363,0.158939294913,0.150485014220,0.140058354034,0.126742314670,0.107947241378,,,,,,,,,0.055134024305,1.200000000000
137820,0.183585044063,0.183112022610,0.181686903658,0.179290624647,0.175888171832,0.171422684118,0.165804487746,0.158890250975,0.150440223407,0.140018611421,0.126708695572,0.107921634317,,,,,,,,,0.055128587220,1.200000000000
137880,0.183522845097,0.183050087454,0.181625760801,0.179230805485,0.175830213702,0.171367135303,0.165751916137,0.158841259600,0.150395479962,0.139978910126,0.126675110646,0.107896052466,,,,,,,,,0.055123159007,1.200000000000
137940,0.183460715246,0.182988221074,0.181564685702,0.179171052386,0.175772319264,0.171311647134,0.165699401441,0.158792320702,0.150350783807,0.139939250083,0.126641559840,0.107870495785,,,,,,,,,0.055117739647,1.200000000000
138000,0.183398654393,0.182926423354,0.181503678247,0.179111365240,0.175714488413,0.171256219509,0.165646943564,0.158743434194,0.150306134865,0.139899631225,0.126608043098,0.107844964237,,,,,,,,,0.055112329121,1.200000000000
138060,0.183336662421,0.182864694177,0.181442738322,0.179051743936,0.175656721041,0.171200852327,0.165594542411,0.158694599990,0.150261533060,0.139860053487,0.126574560368,0.107819457782,,,,,,,,,0.055106927410,1.200000000000
138120,0.183274739215,0.182803033427,0.181381865812,0.178992188362,0.175599017043,0.171145545487,0.165542197889,0.158645818005,0.150216978314,0.139820516803,0.126541111595,0.107793976383,,,,,,,,,0.055101534495,1.200000000000
138180,0.183212884658,0.182741440990,0.181321060605,0.178932698408,0.175541376312,0.171090298889,0.165489909903,0.158597088151,0.150172470552,0.139781021106,0.126507696727,0.107768519999,,,,,,,,,0.055096150357,1.200000000000
138240,0.183151098634,0.182679916749,0.181260322586,0.178873273964,0.175483798742,0.171035112432,0.165437678361,0.158548410345,0.150128009696,0.139741566331,0.126474315709,0.107743088594,,,,,,,,,0.055090774977,1.200000000000
138300,0.183089381027,0.182618460590,0.181199651642,0.178813914920,0.175426284227,0.170979986017,0.165385503168,0.158499784500,0.150083595672,0.139702152413,0.126440968488,0.107717682129,,,,,,,,,0.055085408336,1.200000000000
138360,0.183027731722,0.182557072398,0.181139047661,0.178754621166,0.175368832663,0.170924919543,0.165333384232,0.158451210531,0.150039228402,0.139662779285,0.126407655012,0.107692300565,,,,,,,,,0.055080050415,1.200000000000
138420,0.182966150603,0.182495752058,0.181078510530,0.178695392592,0.175311443943,0.170869912910,0.165281321459,0.158402688354,0.149994907810,0.139623446883,0.126374375227,0.107666943864,,,,,,,,,0.055074701196,1.200000000000
138480,0.182904637556,0.182434499457,0.181018040137,0.178636229089,0.175254117963,0.170814966020,0.165229314758,0.158354217883,0.149950633823,0.139584155142,0.126341129080,0.107641611989,,,,,,,,,0.055069360659,1.200000000000
138540,0.182843192467,0.182373314479,0.180957636368,0.178577130548,0.175196854618,0.170760078772,0.165177364035,0.158305799033,0.149906406362,0.139544903996,0.126307916519,0.107616304901,,,,,,,,,0.055064028787,1.200000000000
138600,0.182781815220,0.182312197012,0.180897299113,0.178518096861,0.175139653804,0.170705251068,0.165125469197,0.158257431721,0.149862225354,0.139505693381,0.126274737490,0.107591022562,,,,,,,,,0.055058705560,1.200000000000
138660,0.182720505701,0.182251146941,0.180837028260,0.178459127917,0.175082515415,0.170650482809,0.165073630154,0.158209115862,0.149818090724,0.139466523231,0.126241591941,0.107565764935,,,,,,,,,0.055053390960,1.200000000000
138720,0.182659263798,0.182190164154,0.180776823697,0.178400223610,0.175025439349,0.170595773897,0.165021846812,0.158160851371,0.149774002395,0.139427393483,0.126208479820,0.107540531981,,,,,,,,,0.055048084968,1.200000000000
138780,0.182598089395,0.182129248537,0.180716685313,0.178341383831,0.174968425500,0.170541124232,0.164970119080,0.158112638165,0.149729960294,0.139388304072,0.126175401074,0.107515323663,,,,,,,,,0.055042787566,1.200000000000
138840,0.182536982380,0.182068399978,0.180656612997,0.178282608472,0.174911473767,0.170486533718,0.164918446867,0.158064476161,0.149685964345,0.139349254933,0.126142355650,0.107490139944,,,,,,,,,0.055037498736,1.200000000000
138900,0.182475942639,0.182007618363,0.180596606638,0.178223897426,0.174854584044,0.170432002255,0.164866830081,0.158016365274,0.149642014474,0.139310246003,0.126109343497,0.107464980786,,,,,,,,,0.055032218459,1.200000000000
138960,0.182414970060,0.181946903582,0.180536666126,0.178165250584,0.174797756229,0.170377529746,0.164815268631,0.157968305421,0.149598110607,0.139271277216,0.126076364563,0.107439846151,,,,,,,,,0.055026946717,1.200000000000
139020,0.182354064529,0.181886255521,0.180476791351,0.178106667841,0.174740990220,0.170323116093,0.164763762427,0.157920296519,0.149554252669,0.139232348510,0.126043418796,0.107414736002,,,,,,,,,0.055021683491,1.200000000000
139080,0.182293225936,0.181825674069,0.180416982203,0.178048149088,0.174684285912,0.170268761200,0.164712311376,0.157872338485,0.149510440586,0.139193459820,0.126010506143,0.107389650302,,,,,,,,,0.055016428763,1.200000000000
139140,0.182232454166,0.181765159115,0.180357238571,0.177989694220,0.174627643205,0.170214464969,0.164660915389,0.157824431236,0.149466674285,0.139154611083,0.125977626553,0.107364589013,,,,,,,,,0.055011182516,1.200000000000
139200,0.182171749109,0.181704710547,0.180297560347,0.177931303129,0.174571061995,0.170160227303,0.164609574375,0.157776574689,0.149422953691,0.139115802236,0.125944779974,0.107339552098,,,,,,,,,0.055005944730,1.200000000000
139260,0.182111110653,0.181644328254,0.180237947422,0.177872975710,0.174514542180,0.170106048105,0.164558288245,0.157728768763,0.149379278731,0.139077033214,0.125911966356,0.107314539521,,,,,,,,,0.055000715388,1.200000000000
139320,0.182050538686,0.181584012125,0.180178399686,0.177814711857,0.174458083659,0.170051927279,0.164507056907,0.157681013374,0.149335649332,0.139038303955,0.125879185645,0.107289551243,,,,,,,,,0.054995494472,1.200000000000
139380,0.181990033098,0.181523762049,0.180118917030,0.177756511463,0.174401686330,0.169997864729,0.164455880273,0.157633308440,0.149292065420,0.138999614396,0.125846437792,0.107264587229,,,,,,,,,0.054990281964,1.200000000000
139440,0.181929593777,0.181463577917,0.180059499346,0.177698374423,0.174345350091,0.169943860359,0.164404758253,0.157585653880,0.149248526922,0.138960964473,0.125813722745,0.107239647442,,,,,,,,,0.054985077846,1.200000000000
139500,0.181869220612,0.181403459619,0.180000146526,0.177640300632,0.174289074842,0.169889914072,0.164353690757,0.157538049612,0.149205033765,0.138922354124,0.125781040452,0.107214731844,,,,,,,,,0.054979882099,1.200000000000
139560,0.181808913493,0.181343407044,0.179940858461,0.177582289986,0.174232860482,0.169836025774,0.164302677697,0.157490495554,0.149161585877,0.138883783286,0.125748390863,0.107189840399,,,,,,,,,0.054974694707,1.200000000000
139620,0.181748672311,0.181283420082,0.179881635045,0.177524342377,0.174176706909,0.169782195368,0.164251718982,0.157442991625,0.149118183184,0.138845251896,0.125715773926,0.107164973070,,,,,,,,,0.054969515651,1.200000000000
139680,0.181688496954,0.181223498625,0.179822476168,0.177466457704,0.174120614023,0.169728422759,0.164200814525,0.157395537742,0.149074825615,0.138806759892,0.125683189592,0.107140129820,,,,,,,,,0.054964344914,1.200000000000
139740,0.181628387314,0.181163642564,0.179763381725,0.177408635860,0.174064581725,0.169674707853,0.164149964236,0.157348133827,0.149031513096,0.138768307212,0.125650637809,0.107115310614,,,,,,,,,0.054959182477,1.200000000000
139800,0.181568343281,0.181103851789,0.179704351607,0.177350876742,0.174008609914,0.169621050555,0.164099168028,0.157300779796,0.148988245556,0.138729893793,0.125618118527,0.107090515415,,,,,,,,,0.054954028323,1.200000000000
139860,0.181508364745,0.181044126191,0.179645385708,0.177293180246,0.173952698489,0.169567450770,0.164048425812,0.157253475571,0.148945022922,0.138691519574,0.125585631695,0.107065744186,,,,,,,,,0.054948882435,1.200000000000
139920,0.181448451598,0.180984465664,0.179586483922,0.177235546268,0.173896847352,0.169513908403,0.163997737500,0.157206221069,0.148901845123,0.138653184492,0.125553177263,0.107040996892,,,,,,,,,0.054943744795,1.200000000000
139980,0.181388603731,0.180924870097,0.179527646141,0.177177974704,0.173841056403,0.169460423360,0.163947103004,0.157159016211,0.148858712087,0.138614888486,0.125520755181,0.107016273495,,,,,,,,,0.054938615385,1.200000000000
140040,0.181328821036,0.180865339384,0.179468872260,0.177120465452,0.173785325543,0.169406995548,0.163896522236,0.157111860917,0.148815623743,0.138576631493,0.125488365398,0.106991573960,,,,,,,,,0.054933494188,1.200000000000
140100,0.181269103403,0.180805873417,0.179410162173,0.177063018408,0.173729654673,0.169353624872,0.163845995109,0.157064755106,0.148772580018,0.138538413453,0.125456007864,0.106966898251,,,,,,,,,0.054928381187,1.200000000000
140160,0.181209450725,0.180746472087,0.179351515774,0.177005633470,0.173674043694,0.169300311240,0.163795521536,0.157017698699,0.148729580842,0.138500234304,0.125423682530,0.106942246332,,,,,,,,,0.054923276364,1.200000000000
140220,0.181149862895,0.180687135289,0.179292932958,0.176948310535,0.173618492507,0.169247054557,0.163745101429,0.156970691616,0.148686626143,0.138462093985,0.125391389346,0.106917618166,,,,,,,,,0.054918179701,1.200000000000
140280,0.181090339805,0.180627862915,0.179234413618,0.176891049500,0.173563001015,0.169193854730,0.163694734702,0.156923733776,0.148643715850,0.138423992434,0.125359128261,0.106893013719,,,,,,,,,0.054913091182,1.200000000000
140340,0.181030881346,0.180568654858,0.179175957652,0.176833850263,0.173507569118,0.169140711666,0.163644421268,0.156876825102,0.148600849894,0.138385929591,0.125326899227,0.106868432954,,,,,,,,,0.054908010789,1.200000000000
140400,0.180971487413,0.180509511012,0.179117564952,0.176776712724,0.173452196720,0.169087625274,0.163594161040,0.156829965514,0.148558028202,0.138347905394,0.125294702193,0.106843875836,,,,,,,,,0.054902938505,1.200000000000
140460,0.180912157899,0.180450431270,0.179059235416,0.176719636779,0.173396883722,0.169034595459,0.163543953932,0.156783154932,0.148515250705,0.138309919783,0.125262537110,0.106819342329,,,,,,,,,0.054897874313,1.200000000000
140520,0.180852892696,0.180391415527,0.179000968938,0.176662622327,0.173341630028,0.168981622130,0.163493799858,0.156736393278,0.148472517331,0.138271972698,0.125230403930,0.106794832398,,,,,,,,,0.054892818195,1.200000000000
140580,0.180793691699,0.180332463676,0.178942765415,0.176605669267,0.173286435539,0.168928705194,0.163443698731,0.156689680474,0.148429828012,0.138234064077,0.125198302601,0.106770346006,,,,,,,,,0.054887770136,1.200000000000
140640,0.180734554801,0.180273575612,0.178884624742,0.176548777499,0.173231300158,0.168875844560,0.163393650467,0.156643016440,0.148387182676,0.138196193860,0.125166233077,0.106745883119,,,,,,,,,0.054882730116,1.200000000000
140700,0.180675481896,0.180214751230,0.178826546817,0.176491946920,0.173176223789,0.168823040135,0.163343654979,0.156596401098,0.148344581254,0.138158361987,0.125134195306,0.106721443701,,,,,,,,,0.054877698121,1.200000000000
140760,0.180616472878,0.180155990424,0.178768531534,0.176435177432,0.173121206336,0.168770291829,0.163293712181,0.156549834370,0.148302023676,0.138120568398,0.125102189241,0.106697027718,,,,,,,,,0.054872674131,1.200000000000
140820,0.180557527643,0.180097293090,0.178710578793,0.176378468932,0.173066247701,0.168717599549,0.163243821989,0.156503316179,0.148259509872,0.138082813033,0.125070214833,0.106672635133,,,,,,,,,0.054867658132,1.200000000000
140880,0.180498646085,0.180038659122,0.178652688488,0.176321821322,0.173011347788,0.168664963204,0.163193984318,0.156456846445,0.148217039772,0.138045095832,0.125038272033,0.106648265912,,,,,,,,,0.054862650106,1.200000000000
140940,0.180439828098,0.179980088418,0.178594860518,0.176265234501,0.172956506502,0.168612382704,0.163144199082,0.156410425092,0.148174613309,0.138007416735,0.125006360792,0.106623920020,,,,,,,,,0.054857650035,1.200000000000
141000,0.180381073579,0.179921580871,0.178537094781,0.176208708369,0.172901723747,0.168559857957,0.163094466197,0.156364052042,0.148132230411,0.137969775682,0.124974481062,0.106599597422,,,,,,,,,0.054852657904,1.200000000000
141060,0.180322382422,0.179863136378,0.178479391173,0.176152242827,0.172846999426,0.168507388874,0.163044785579,0.156317727218,0.148089891011,0.137932172614,0.124942632794,0.106575298082,,,,,,,,,0.054847673695,1.200000000000
141120,0.180263754523,0.179804754836,0.178421749592,0.176095837776,0.172792333445,0.168454975363,0.162995157142,0.156271450542,0.148047595039,0.137894607472,0.124910815939,0.106551021966,,,,,,,,,0.054842697393,1.200000000000
141180,0.180205189778,0.179746436141,0.178364169938,0.176039493116,0.172737725708,0.168402617334,0.162945580803,0.156225221938,0.148005342426,0.137857080197,0.124879030451,0.106526769040,,,,,,,,,0.054837728979,1.200000000000
141240,0.180146688084,0.179688180190,0.178306652107,0.175983208749,0.172683176121,0.168350314698,0.162896056479,0.156179041327,0.147963133104,0.137819590728,0.124847276280,0.106502539268,,,,,,,,,0.054832768439,1.200000000000
141300,0.180088249336,0.179629986878,0.178249196000,0.175926984575,0.172628684589,0.168298067364,0.162846584084,0.156132908635,0.147920967005,0.137782139008,0.124815553379,0.106478332616,,,,,,,,,0.054827815754,1.200000000000
141360,0.180029873431,0.179571856105,0.178191801513,0.175870820498,0.172574251016,0.168245875243,0.162797163535,0.156086823784,0.147878844059,0.137744724977,0.124783861699,0.106454149049,,,,,,,,,0.054822870909,1.200000000000
141420,0.179971560265,0.179513787766,0.178134468548,0.175814716417,0.172519875309,0.168193738246,0.162747794749,0.156040786698,0.147836764200,0.137707348576,0.124752201193,0.106429988534,,,,,,,,,0.054817933887,1.200000000000
141480,0.179913309737,0.179455781760,0.178077197001,0.175758672236,0.172465557373,0.168141656282,0.162698477643,0.155994797300,0.147794727358,0.137670009747,0.124720571813,0.106405851035,,,,,,,,,0.054813004672,1.200000000000
141540,0.179855121743,0.179397837984,0.178019986775,0.175702687857,0.172411297115,0.168089629264,0.162649212134,0.155948855515,0.147752733466,0.137632708431,0.124688973511,0.106381736517,,,,,,,,,0.054808083247,1.200000000000
141600,0.179796996180,0.179339956337,0.177962837767,0.175646763181,0.172357094440,0.168037657101,0.162599998138,0.155902961266,0.147710782455,0.137595444570,0.124657406240,0.106357644948,,,,,,,,,0.054803169596,1.200000000000
141660,0.179738932947,0.179282136716,0.177905749877,0.175590898112,0.172302949256,0.167985739706,0.162550835573,0.155857114479,0.147668874260,0.137558218106,0.124625869952,0.106333576293,,,,,,,,,0.054798263703,1.200000000000
141720,0.179680931941,0.179224379020,0.177848723007,0.175535092552,0.172248861468,0.167933876990,0.162501724356,0.155811315076,0.147627008811,0.137521028980,0.124594364600,0.106309530516,,,,,,,,,0.054793365551,1.200000000000
141780,0.179622993060,0.179166683148,0.177791757055,0.175479346404,0.172194830984,0.167882068865,0.162452664404,0.155765562984,0.147585186042,0.137483877134,0.124562890137,0.106285507586,,,,,,,,,0.054788475124,1.200000000000
141840,0.179565116202,0.179109048998,0.177734851923,0.175423659572,0.172140857711,0.167830315242,0.162403655637,0.155719858126,0.147543405885,0.137446762511,0.124531446515,0.106261507466,,,,,,,,,0.054783592406,1.200000000000
141900,0.179507301267,0.179051476470,0.177678007512,0.175368031959,0.172086941555,0.167778616033,0.162354697971,0.155674200428,0.147501668274,0.137409685052,0.124500033688,0.106237530124,,,,,,,,,0.054778717382,1.200000000000
141960,0.179449548153,0.178993965462,0.177621223721,0.175312463469,0.172033082424,0.167726971152,0.162305791325,0.155628589814,0.147459973141,0.137372644700,0.124468651608,0.106213575526,,,,,,,,,0.054773850034,1.200000000000
142020,0.179391856759,0.178936515876,0.177564500454,0.175256954005,0.171979280226,0.167675380509,0.162256935616,0.155583026210,0.147418320419,0.137335641397,0.124437300229,0.106189643638,,,,,,,,,0.054768990347,1.200000000000
142080,0.179334226983,0.178879127609,0.177507837610,0.175201503471,0.171925534869,0.167623844019,0.162208130764,0.155537509541,0.147376710042,0.137298675086,0.124405979504,0.106165734425,,,,,,,,,0.054764138305,1.200000000000
142140,0.179276658727,0.178821800563,0.177451235091,0.175146111773,0.171871846261,0.167572361593,0.162159376687,0.155492039732,0.147335141944,0.137261745709,0.124374689385,0.106141847855,,,,,,,,,0.054759293891,1.200000000000
142200,0.179219151889,0.178764534637,0.177394692800,0.175090778814,0.171818214309,0.167520933144,0.162110673304,0.155446616710,0.147293616058,0.137224853210,0.124343429827,0.106117983894,,,,,,,,,0.054754457090,1.200000000000
142260,0.179161706369,0.178707329732,0.177338210638,0.175035504499,0.171764638923,0.167469558587,0.162062020534,0.155401240400,0.147252132318,0.137187997530,0.124312200783,0.106094142508,,,,,,,,,0.054749627887,1.200000000000
142320,0.179104322067,0.178650185748,0.177281788507,0.174980288733,0.171711120010,0.167418237834,0.162013418296,0.155355910729,0.147210690658,0.137151178614,0.124281002207,0.106070323664,,,,,,,,,0.054744806264,1.200000000000
142380,0.179046998883,0.178593102587,0.177225426310,0.174925131420,0.171657657480,0.167366970798,0.161964866509,0.155310627621,0.147169291011,0.137114396404,0.124249834052,0.106046527328,,,,,,,,,0.054739992207,1.200000000000
142440,0.178989736719,0.178536080149,0.177169123950,0.174870032467,0.171604251242,0.167315757394,0.161916365093,0.155265391004,0.147127933312,0.137077650844,0.124218696272,0.106022753467,,,,,,,,,0.054735185700,1.200000000000
142500,0.178932535474,0.178479118335,0.177112881329,0.174814991779,0.171550901205,0.167264597535,0.161867913967,0.155220200804,0.147086617496,0.137040941876,0.124187588820,0.105999002048,,,,,,,,,0.054730386726,1.200000000000
142560,0.178875395050,0.178422217048,0.177056698351,0.174760009262,0.171497607278,0.167213491135,0.161819513052,0.155175056948,0.147045343496,0.137004269445,0.124156511652,0.105975273038,,,,,,,,,0.054725595271,1.200000000000
142620,0.178818315347,0.178365376188,0.177000574918,0.174705084820,0.171444369371,0.167162438109,0.161771162267,0.155129959362,0.147004111247,0.136967633494,0.124125464721,0.105951566403,,,,,,,,,0.054720811318,1.200000000000
142680,0.178761296268,0.178308595658,0.176944510934,0.174650218361,0.171391187393,0.167111438372,0.161722861533,0.155084907973,0.146962920685,0.136931033966,0.124094447980,0.105927882110,,,,,,,,,0.054716034852,1.200000000000
142740,0.178704337714,0.178251875359,0.176888506303,0.174595409791,0.171338061255,0.167060491837,0.161674610769,0.155039902709,0.146921771744,0.136894470806,0.124063461385,0.105904220127,,,,,,,,,0.054711265858,1.200000000000
142800,0.178647439586,0.178195215195,0.176832560929,0.174540659016,0.171284990866,0.167009598420,0.161626409897,0.154994943497,0.146880664358,0.136857943957,0.124032504890,0.105880580420,,,,,,,,,0.054706504319,1.200000000000
142860,0.178590601786,0.178138615066,0.176776674716,0.174485965943,0.171231976138,0.166958758035,0.161578258836,0.154950030263,0.146839598463,0.136821453363,0.124001578449,0.105856962957,,,,,,,,,0.054701750221,1.200000000000
142920,0.178533824217,0.178082074878,0.176720847568,0.174431330479,0.171179016980,0.166907970599,0.161530157509,0.154905162936,0.146798573995,0.136784998970,0.123970682016,0.105833367705,,,,,,,,,0.054697003548,1.200000000000
142980,0.178477106781,0.178025594531,0.176665079389,0.174376752531,0.171126113303,0.166857236025,0.161482105835,0.154860341443,0.146757590889,0.136748580720,0.123939815547,0.105809794630,,,,,,,,,0.054692264284,1.200000000000
143040,0.178420449381,0.177969173929,0.176609370084,0.174322232006,0.171073265018,0.166806554230,0.161434103737,0.154815565712,0.146716649079,0.136712198558,0.123908978995,0.105786243701,,,,,,,,,0.054687532415,1.200000000000
143100,0.178363851920,0.177912812976,0.176553719559,0.174267768812,0.171020472037,0.166755925130,0.161386151135,0.154770835671,0.146675748503,0.136675852430,0.123878172316,0.105762714884,,,,,,,,,0.054682807924,1.200000000000
143160,0.178307314300,0.177856511575,0.176498127718,0.174213362856,0.170967734270,0.166705348639,0.161338247950,0.154726151248,0.146634889095,0.136639542278,0.123847395465,0.105739208148,,,,,,,,,0.054678090797,1.200000000000
143220,0.178250836425,0.177800269631,0.176442594466,0.174159014046,0.170915051629,0.166654824675,0.161290394106,0.154681512371,0.146594070792,0.136603268049,0.123816648397,0.105715723459,,,,,,,,,0.054673381019,1.200000000000
143280,0.178194418198,0.177744087046,0.176387119710,0.174104722291,0.170862424026,0.166604353154,0.161242589522,0.154636918969,0.146553293529,0.136567029687,0.123785931066,0.105692260786,,,,,,,,,0.054668678573,1.200000000000
143340,0.178138059523,0.177687963725,0.176331703354,0.174050487499,0.170809851372,0.166553933992,0.161194834122,0.154592370971,0.146512557244,0.136530827137,0.123755243428,0.105668820095,,,,,,,,,0.054663983446,1.200000000000
143400,0.178081760303,0.177631899572,0.176276345305,0.173996309577,0.170757333580,0.166503567105,0.161147127828,0.154547868304,0.146471861871,0.136494660344,0.123724585438,0.105645401355,,,,,,,,,0.054659295621,1.200000000000
143460,0.178025520444,0.177575894493,0.176221045469,0.173942188435,0.170704870561,0.166453252411,0.161099470561,0.154503410899,0.146431207348,0.136458529254,0.123693957051,0.105622004534,,,,,,,,,0.054654615085,1.200000000000
143520,0.177969339849,0.177519948391,0.176165803752,0.173888123982,0.170652462229,0.166402989826,0.161051862245,0.154458998683,0.146390593612,0.136422433810,0.123663358223,0.105598629598,,,,,,,,,0.054649941821,1.200000000000
143580,0.177913218422,0.177464061172,0.176110620060,0.173834116126,0.170600108496,0.166352779268,0.161004302801,0.154414631587,0.146350020598,0.136386373960,0.123632788910,0.105575276517,,,,,,,,,0.054645275815,1.200000000000
143640,0.177857156068,0.177408232741,0.176055494301,0.173780164778,0.170547809274,0.166302620653,0.160956792154,0.154370309539,0.146309488245,0.136350349649,0.123602249067,0.105551945257,,,,,,,,,0.054640617051,1.200000000000
143700,0.177801152692,0.177352463003,0.176000426381,0.173726269845,0.170495564476,0.166252513900,0.160909330225,0.154326032469,0.146268996488,0.136314360821,0.123571738649,0.105528635788,,,,,,,,,0.054635965515,1.200000000000
143760,0.177745208200,0.177296751864,0.175945416207,0.173672431239,0.170443374016,0.166202458926,0.160861916938,0.154281800307,0.146228545265,0.136278407423,0.123541257613,0.105505348077,,,,,,,,,0.054631321193,1.200000000000
143820,0.177689322496,0.177241099230,0.175890463687,0.173618648868,0.170391237807,0.166152455648,0.160814552216,0.154237612982,0.146188134513,0.136242489401,0.123510805914,0.105482082092,,,,,,,,,0.054626684068,1.200000000000
143880,0.177633495486,0.177185505007,0.175835568728,0.173564922643,0.170339155763,0.166102503985,0.160767235983,0.154193470424,0.146147764169,0.136206606701,0.123480383508,0.105458837801,,,,,,,,,0.054622054126,1.200000000000
143940,0.177577727075,0.177129969100,0.175780731238,0.173511252475,0.170287127796,0.166052603855,0.160719968162,0.154149372563,0.146107434172,0.136170759269,0.123449990352,0.105435615173,,,,,,,,,0.054617431353,1.200000000000
144000,0.177522017170,0.177074491416,0.175725951125,0.173457638272,0.170235153822,0.166002755176,0.160672748678,0.154105319330,0.146067144458,0.136134947050,0.123419626401,0.105412414177,,,,,,,,,0.054612815734,1.200000000000
144060,0.177466365677,0.177019071863,0.175671228296,0.173404079946,0.170183233754,0.165952957867,0.160625577453,0.154061310655,0.146026894966,0.136099169992,0.123389291612,0.105389234780,,,,,,,,,0.054608207254,1.200000000000
144120,0.177410772502,0.176963710346,0.175616562661,0.173350577408,0.170131367506,0.165903211846,0.160578454412,0.154017346467,0.145986685633,0.136063428041,0.123358985940,0.105366076951,,,,,,,,,0.054603605898,1.200000000000
144180,0.177355237550,0.176908406772,0.175561954126,0.173297130569,0.170079554992,0.165853517032,0.160531379480,0.153973426699,0.145946516397,0.136027721142,0.123328709344,0.105342940658,,,,,,,,,0.054599011652,1.200000000000
144240,0.177299760730,0.176853161049,0.175507402602,0.173243739339,0.170027796128,0.165803873345,0.160484352580,0.153929551280,0.145906387197,0.135992049243,0.123298461778,0.105319825870,,,,,,,,,0.054594424500,1.200000000000
144300,0.177244341948,0.176797973084,0.175452907997,0.173190403631,0.169976090828,0.165754280703,0.160437373637,0.153885720142,0.145866297970,0.135956412291,0.123268243199,0.105296732556,,,,,,,,,0.054589844430,1.200000000000
144360,0.177188981110,0.176742842785,0.175398470220,0.173137123355,0.169924439007,0.165704739026,0.160390442576,0.153841933215,0.145826248656,0.135920810232,0.123238053565,0.105273660685,,,,,,,,,0.054585271425,1.200000000000
144420,0.177133678124,0.176687770059,0.175344089181,0.173083898423,0.169872840580,0.165655248233,0.160343559323,0.153798190431,0.145786239191,0.135885243014,0.123207892832,0.105250610224,,,,,,,,,0.054580705472,1.200000000000
144480,0.177078432899,0.176632754815,0.175289764788,0.173030728747,0.169821295463,0.165605808244,0.160296723801,0.153754491721,0.145746269517,0.135849710582,0.123177760956,0.105227581144,,,,,,,,,0.054576146556,1.200000000000
144540,0.177023245340,0.176577796960,0.175235496951,0.172977614240,0.169769803571,0.165556418979,0.160249935936,0.153710837016,0.145706339570,0.135814212886,0.123147657895,0.105204573413,,,,,,,,,0.054571594663,1.200000000000
144600,0.176968115357,0.176522896403,0.175181285581,0.172924554813,0.169718364819,0.165507080358,0.160203195653,0.153667226249,0.145666449290,0.135778749871,0.123117583606,0.105181586999,,,,,,,,,0.054567049778,1.200000000000
144660,0.176913042857,0.176468053052,0.175127130586,0.172871550379,0.169666979123,0.165457792301,0.160156502879,0.153623659351,0.145626598615,0.135743321485,0.123087538045,0.105158621872,,,,,,,,,0.054562511887,1.200000000000
144720,0.176858027748,0.176413266816,0.175073031878,0.172818600851,0.169615646400,0.165408554728,0.160109857537,0.153580136253,0.145586787486,0.135707927675,0.123057521171,0.105135678001,,,,,,,,,0.054557980975,1.200000000000
144780,0.176803069939,0.176358537605,0.175018989367,0.172765706141,0.169564366566,0.165359367560,0.160063259556,0.153536656889,0.145547015841,0.135672568390,0.123027532939,0.105112755355,,,,,,,,,0.054553457029,1.200000000000
144840,0.176748169338,0.176303865326,0.174965002963,0.172712866162,0.169513139536,0.165310230718,0.160016708859,0.153493221189,0.145507283620,0.135637243577,0.122997573308,0.105089853903,,,,,,,,,0.054548940034,1.200000000000
144900,0.176693325855,0.176249249890,0.174911072577,0.172660080828,0.169461965229,0.165261144122,0.159970205374,0.153449829087,0.145467590762,0.135601953183,0.122967642235,0.105066973615,,,,,,,,,0.054544429976,1.200000000000
144960,0.176638539398,0.176194691206,0.174857198120,0.172607350052,0.169410843559,0.165212107694,0.159923749027,0.153406480515,0.145427937207,0.135566697157,0.122937739678,0.105044114460,,,,,,,,,0.054539926841,1.200000000000
145020,0.176583809877,0.176140189183,0.174803379504,0.172554673747,0.169359774445,0.165163121355,0.159877339744,0.153363175405,0.145388322894,0.135531475447,0.122907865593,0.105021276406,,,,,,,,,0.054535430615,1.200000000000
145080,0.176529137200,0.176085743732,0.174749616638,0.172502051827,0.169308757802,0.165114185026,0.159830977451,0.153319913690,0.145348747764,0.135496288000,0.122878019940,0.104998459424,,,,,,,,,0.054530941283,1.200000000000
145140,0.176474521278,0.176031354763,0.174695909436,0.172449484207,0.169257793549,0.165065298628,0.159784662076,0.153276695303,0.145309211757,0.135461134765,0.122848202675,0.104975663484,,,,,,,,,0.054526458831,1.200000000000
145200,0.176419962020,0.175977022185,0.174642257808,0.172396970799,0.169206881603,0.165016462083,0.159738393545,0.153233520178,0.145269714811,0.135426015690,0.122818413756,0.104952888554,,,,,,,,,0.054521983247,1.200000000000
145260,0.176365459337,0.175922745909,0.174588661666,0.172344511518,0.169156021882,0.164967675314,0.159692171785,0.153190388246,0.145230256869,0.135390930724,0.122788653142,0.104930134604,,,,,,,,,0.054517514514,1.200000000000
145320,0.176311013137,0.175868525846,0.174535120923,0.172292106280,0.169105214302,0.164918938241,0.159645996724,0.153147299442,0.145190837870,0.135355879815,0.122758920789,0.104907401604,,,,,,,,,0.054513052621,1.200000000000
145380,0.176256623333,0.175814361907,0.174481635491,0.172239754998,0.169054458783,0.164870250788,0.159599868288,0.153104253699,0.145151457755,0.135320862912,0.122729216658,0.104884689524,,,,,,,,,0.054508597551,1.200000000000
145440,0.176202289833,0.175760254003,0.174428205282,0.172187457587,0.169003755242,0.164821612876,0.159553786406,0.153061250950,0.145112116463,0.135285879963,0.122699540705,0.104861998333,,,,,,,,,0.054504149293,1.200000000000
145500,0.176148012550,0.175706202044,0.174374830209,0.172135213962,0.168953103597,0.164773024428,0.159507751004,0.153018291129,0.145072813937,0.135250930918,0.122669892889,0.104839328001,,,,,,,,,0.054499707832,1.200000000000
145560,0.176093791393,0.175652205942,0.174321510185,0.172083024038,0.168902503767,0.164724485367,0.159461762012,0.152975374171,0.145033550117,0.135216015725,0.122640273168,0.104816678498,,,,,,,,,0.054495273154,1.200000000000
145620,0.176039626274,0.175598265610,0.174268245122,0.172030887731,0.168851955671,0.164675995616,0.159415819355,0.152932500008,0.144994324943,0.135181134333,0.122610681501,0.104794049795,,,,,,,,,0.054490845245,1.200000000000
145680,0.175985517104,0.175544380957,0.174215034934,0.171978804956,0.168801459227,0.164627555097,0.159369922964,0.152889668575,0.144955138358,0.135146286692,0.122581117846,0.104771441860,,,,,,,,,0.054486424092,1.200000000000
145740,0.175931463795,0.175490551898,0.174161879533,0.171926775629,0.168751014354,0.164579163733,0.159324072765,0.152846879807,0.144915990302,0.135111472750,0.122551582162,0.104748854665,,,,,,,,,0.054482009680,1.200000000000
145800,0.175877466258,0.175436778342,0.174108778835,0.171874799665,0.168700620971,0.164530821448,0.159278268687,0.152804133637,0.144876880716,0.135076692458,0.122522074407,0.104726288179,,,,,,,,,0.054477601997,1.200000000000
145860,0.175823524405,0.175383060204,0.174055732751,0.171822876981,0.168650278998,0.164482528165,0.159232510659,0.152761430000,0.144837809542,0.135041945764,0.122492594541,0.104703742373,,,,,,,,,0.054473201029,1.200000000000
145920,0.175769638149,0.175329397395,0.174002741197,0.171771007493,0.168599988354,0.164434283809,0.159186798610,0.152718768831,0.144798776721,0.135007232618,0.122463142521,0.104681217216,,,,,,,,,0.054468806762,1.200000000000
145980,0.175715807400,0.175275789827,0.173949804086,0.171719191117,0.168549748959,0.164386088302,0.159141132468,0.152676150065,0.144759782196,0.134972552969,0.122433718308,0.104658712680,,,,,,,,,0.054464419182,1.200000000000
146040,0.175662032072,0.175222237415,0.173896921332,0.171667427770,0.168499560732,0.164337941568,0.159095512161,0.152633573636,0.144720825907,0.134937906768,0.122404321860,0.104636228734,,,,,,,,,0.054460038276,1.200000000000
146100,0.175608312078,0.175168740070,0.173844092851,0.171615717369,0.168449423593,0.164289843532,0.159049937620,0.152591039479,0.144681907798,0.134903293965,0.122374953136,0.104613765348,,,,,,,,,0.054455664030,1.200000000000
146160,0.175554647329,0.175115297707,0.173791318555,0.171564059829,0.168399337463,0.164241794118,0.159004408774,0.152548547530,0.144643027809,0.134868714508,0.122345612095,0.104591322495,,,,,,,,,0.054451296431,1.200000000000
146220,0.175501037739,0.175061910238,0.173738598361,0.171512455070,0.168349302261,0.164193793250,0.158958925551,0.152506097724,0.144604185883,0.134834168349,0.122316298696,0.104568900142,,,,,,,,,0.054446935466,1.200000000000
146280,0.175447483222,0.175008577576,0.173685932183,0.171460903006,0.168299317909,0.164145840853,0.158913487882,0.152463689996,0.144565381963,0.134799655438,0.122287012900,0.104546498263,,,,,,,,,0.054442581121,1.200000000000
146340,0.175393983689,0.174955299637,0.173633319936,0.171409403557,0.168249384326,0.164097936851,0.158868095695,0.152421324283,0.144526615991,0.134765175724,0.122257754664,0.104524116826,,,,,,,,,0.054438233383,1.200000000000
146400,0.175340539055,0.174902076333,0.173580761535,0.171357956640,0.168199501434,0.164050081169,0.158822748922,0.152379000518,0.144487887908,0.134730729158,0.122228523950,0.104501755804,,,,,,,,,0.054433892238,1.200000000000
146460,0.175287149234,0.174848907579,0.173528256897,0.171306562172,0.168149669153,0.164002273733,0.158777447491,0.152336718640,0.144449197659,0.134696315690,0.122199320715,0.104479415165,,,,,,,,,0.054429557673,1.200000000000
146520,0.175233814138,0.174795793289,0.173475805936,0.171255220071,0.168099887405,0.163954514467,0.158732191333,0.152294478582,0.144410545185,0.134661935271,0.122170144921,0.104457094883,,,,,,,,,0.054425229675,1.200000000000
146580,0.175180533683,0.174742733377,0.173423408569,0.171203930256,0.168050156111,0.163906803297,0.158686980379,0.152252280282,0.144371930429,0.134627587853,0.122140996526,0.104434794926,,,,,,,,,0.054420908231,1.200000000000
146640,0.175127307783,0.174689727759,0.173371064712,0.171152692645,0.168000475191,0.163859140148,0.158641814558,0.152210123676,0.144333353335,0.134593273384,0.122111875491,0.104412515267,,,,,,,,,0.054416593327,1.200000000000
146700,0.175074136351,0.174636776348,0.173318774279,0.171101507155,0.167950844569,0.163811524946,0.158596693801,0.152168008700,0.144294813845,0.134558991817,0.122082781775,0.104390255876,,,,,,,,,0.054412284951,1.200000000000
146760,0.175021019302,0.174583879060,0.173266537189,0.171050373707,0.167901264165,0.163763957616,0.158551618039,0.152125935290,0.144256311903,0.134524743102,0.122053715338,0.104368016724,,,,,,,,,0.054407983088,1.200000000000
146820,0.174967956551,0.174531035811,0.173214353358,0.170999292217,0.167851733902,0.163716438085,0.158506587202,0.152083903383,0.144217847452,0.134490527190,0.122024676140,0.104345797782,,,,,,,,,0.054403687727,1.200000000000
146880,0.174914948013,0.174478246515,0.173162222701,0.170948262607,0.167802253701,0.163668966279,0.158461601222,0.152041912916,0.144179420435,0.134456344032,0.121995664142,0.104323599022,,,,,,,,,0.054399398853,1.200000000000
146940,0.174861993603,0.174425511087,0.173110145137,0.170897284793,0.167752823484,0.163621542123,0.158416660030,0.151999963826,0.144141030796,0.134422193580,0.121966679304,0.104301420414,,,,,,,,,0.054395116455,1.200000000000
147000,0.174809093236,0.174372829445,0.173058120582,0.170846358697,0.167703443175,0.163574165544,0.158371763556,0.151958056049,0.144102678479,0.134388075785,0.121937721586,0.104279261931,,,,,,,,,0.054390840518,1.200000000000
147060,0.174756246828,0.174320201502,0.173006148953,0.170795484237,0.167654112696,0.163526836469,0.158326911733,0.151916189523,0.144064363426,0.134353990598,0.121908790948,0.104257123542,,,,,,,,,0.054386571030,1.200000000000
147120,0.174703454294,0.174267627177,0.172954230168,0.170744661332,0.167604831968,0.163479554825,0.158282104492,0.151874364185,0.144026085583,0.134319937971,0.121879887350,0.104235005220,,,,,,,,,0.054382307979,1.200000000000
147180,0.174650715550,0.174215106384,0.172902364144,0.170693889903,0.167555600916,0.163432320537,0.158237341763,0.151832579972,0.143987844894,0.134285917856,0.121851010754,0.104212906937,,,,,,,,,0.054378051350,1.200000000000
147240,0.174598030512,0.174162639040,0.172850550799,0.170643169870,0.167506419463,0.163385133534,0.158192623481,0.151790836822,0.143949641301,0.134251930203,0.121822161120,0.104190828663,,,,,,,,,0.054373801132,1.200000000000
147300,0.174545399096,0.174110225062,0.172798790050,0.170592501152,0.167457287530,0.163337993742,0.158147949575,0.151749134673,0.143911474750,0.134217974966,0.121793338408,0.104168770369,,,,,,,,,0.054369557311,1.200000000000
147360,0.174492821218,0.174057864366,0.172747081817,0.170541883670,0.167408205043,0.163290901088,0.158103319978,0.151707473462,0.143873345185,0.134184052095,0.121764542579,0.104146732029,,,,,,,,,0.054365319874,1.200000000000
147420,0.174440296795,0.174005556870,0.172695426017,0.170491317344,0.167359171923,0.163243855501,0.158058734623,0.151665853127,0.143835252549,0.134150161544,0.121735773594,0.104124713613,,,,,,,,,0.054361088810,1.200000000000
147480,0.174387825743,0.173953302490,0.172643822568,0.170440802095,0.167310188095,0.163196856907,0.158014193442,0.151624273605,0.143797196789,0.134116303263,0.121707031414,0.104102715093,,,,,,,,,0.054356864104,1.200000000000
147540,0.174335407980,0.173901101143,0.172592271389,0.170390337844,0.167261253483,0.163149905234,0.157969696367,0.151582734836,0.143759177848,0.134082477205,0.121678316000,0.104080736440,,,,,,,,,0.054352645745,1.200000000000
147600,0.174283043421,0.173848952748,0.172540772399,0.170339924511,0.167212368011,0.163103000410,0.157925243330,0.151541236758,0.143721195671,0.134048683323,0.121649627312,0.104058777627,,,,,,,,,0.054348433719,1.200000000000
147660,0.174230731985,0.173796857221,0.172489325517,0.170289562018,0.167163531602,0.163056142363,0.157880834266,0.151499779308,0.143683250203,0.134014921568,0.121620965313,0.104036838626,,,,,,,,,0.054344228014,1.200000000000
147720,0.174178473589,0.173744814481,0.172437930661,0.170239250286,0.167114744182,0.163009331022,0.157836469105,0.151458362425,0.143645341389,0.133981191894,0.121592329963,0.104014919408,,,,,,,,,0.054340028618,1.200000000000
147780,0.174126268150,0.173692824445,0.172386587752,0.170188989236,0.167066005673,0.162962566314,0.157792147783,0.151416986049,0.143607469175,0.133947494253,0.121563721223,0.103993019945,,,,,,,,,0.054335835517,1.200000000000
147840,0.174074115585,0.173640887031,0.172335296707,0.170138778789,0.167017316002,0.162915848169,0.157747870231,0.151375650116,0.143569633504,0.133913828597,0.121535139055,0.103971140209,,,,,,,,,0.054331648700,1.200000000000
147900,0.174022015813,0.173589002158,0.172284057448,0.170088618869,0.166968675093,0.162869176513,0.157703636383,0.151334354568,0.143531834323,0.133880194879,0.121506583421,0.103949280173,,,,,,,,,0.054327468153,1.200000000000
147960,0.173969968752,0.173537169744,0.172232869893,0.170038509395,0.166920082870,0.162822551277,0.157659446172,0.151293099342,0.143494071578,0.133846593052,0.121478054281,0.103927439808,,,,,,,,,0.054323293864,1.200000000000
148020,0.173917974319,0.173485389708,0.172181733963,0.169988450291,0.166871539258,0.162775972390,0.157615299533,0.151251884377,0.143456345212,0.133813023069,0.121449551597,0.103905619087,,,,,,,,,0.054319125822,1.200000000000
148080,0.173866032433,0.173433661968,0.172130649577,0.169938441479,0.166823044184,0.162729439779,0.157571196398,0.151210709613,0.143418655173,0.133779484883,0.121421075331,0.103883817982,,,,,,,,,0.054314964012,1.200000000000
148140,0.173814143013,0.173381986443,0.172079616656,0.169888482880,0.166774597572,0.162682953375,0.157527136702,0.151169574989,0.143381001406,0.133745978448,0.121392625445,0.103862036466,,,,,,,,,0.054310808423,1.200000000000
148200,0.173762305978,0.173330363053,0.172028635121,0.169838574418,0.166726199347,0.162636513107,0.157483120378,0.151128480445,0.143343383857,0.133712503715,0.121364201900,0.103840274509,,,,,,,,,0.054306659043,1.200000000000
148260,0.173710521245,0.173278791717,0.171977704891,0.169788716015,0.166677849436,0.162590118904,0.157439147361,0.151087425920,0.143305802471,0.133679060639,0.121335804658,0.103818532086,,,,,,,,,0.054302515859,1.200000000000
148320,0.173658788734,0.173227272353,0.171926825887,0.169738907594,0.166629547764,0.162543770696,0.157395217585,0.151046411354,0.143268257195,0.133645649174,0.121307433682,0.103796809168,,,,,,,,,0.054298378859,1.200000000000
148380,0.173607108365,0.173175804883,0.171875998031,0.169689149078,0.166581294257,0.162497468412,0.157351330984,0.151005436686,0.143230747976,0.133612269271,0.121279088933,0.103775105728,,,,,,,,,0.054294248030,1.200000000000
148440,0.173555480056,0.173124389225,0.171825221243,0.169639440391,0.166533088841,0.162451211983,0.157307487492,0.150964501857,0.143193274758,0.133578920886,0.121250770373,0.103753421739,,,,,,,,,0.054290123360,1.200000000000
148500,0.173503903727,0.173073025299,0.171774495444,0.169589781454,0.166484931442,0.162405001338,0.157263687045,0.150923606807,0.143155837489,0.133545603972,0.121222477965,0.103731757172,,,,,,,,,0.054286004838,1.200000000000
148560,0.173452379298,0.173021713026,0.171723820556,0.169540172193,0.166436821987,0.162358836407,0.157219929577,0.150882751476,0.143118436115,0.133512318482,0.121194211670,0.103710112001,,,,,,,,,0.054281892450,1.200000000000
148620,0.173400906689,0.172970452325,0.171673196501,0.169490612530,0.166388760403,0.162312717122,0.157176215023,0.150841935804,0.143081070583,0.133479064371,0.121165971451,0.103688486199,,,,,,,,,0.054277786185,1.200000000000
148680,0.173349485819,0.172919243118,0.171622623200,0.169441102389,0.166340746616,0.162266643412,0.157132543318,0.150801159732,0.143043740840,0.133445841591,0.121137757271,0.103666879737,,,,,,,,,0.054273686031,1.200000000000
148740,0.173298116608,0.172868085324,0.171572100574,0.169391641694,0.166292780552,0.162220615208,0.157088914398,0.150760423200,0.143006446831,0.133412650098,0.121109569092,0.103645292590,,,,,,,,,0.054269591975,1.200000000000
148800,0.173246798978,0.172816978865,0.171521628546,0.169342230370,0.166244862140,0.162174632440,0.157045328196,0.150719726149,0.142969188505,0.133379489846,0.121081406875,0.103623724730,,,,,,,,,0.054265504006,1.200000000000
148860,0.173195532848,0.172765923661,0.171471207039,0.169292868340,0.166196991305,0.162128695040,0.157001784650,0.150679068519,0.142931965808,0.133346360788,0.121053270585,0.103602176129,,,,,,,,,0.054261422111,1.200000000000
148920,0.173144318139,0.172714919633,0.171420835973,0.169243555529,0.166149167976,0.162082802939,0.156958283694,0.150638450253,0.142894778688,0.133313262879,0.121025160184,0.103580646761,,,,,,,,,0.054257346278,1.200000000000
148980,0.173093154772,0.172663966703,0.171370515273,0.169194291861,0.166101392080,0.162036956067,0.156914825264,0.150597871289,0.142857627090,0.133280196074,0.120997075633,0.103559136598,,,,,,,,,0.054253276495,1.200000000000
149040,0.173042042668,0.172613064792,0.171320244859,0.169145077261,0.166053663544,0.161991154357,0.156871409296,0.150557331571,0.142820510964,0.133247160326,0.120969016897,0.103537645615,,,,,,,,,0.054249212751,1.200000000000
149100,0.172990981748,0.172562213821,0.171270024656,0.169095911655,0.166005982296,0.161945397738,0.156828035725,0.150516831038,0.142783430256,0.133214155591,0.120940983938,0.103516173783,,,,,,,,,0.054245155034,1.200000000000
149160,0.172939971933,0.172511413713,0.171219854586,0.169046794966,0.165958348263,0.161899686144,0.156784704489,0.150476369633,0.142746384914,0.133181181822,0.120912976719,0.103494721076,,,,,,,,,0.054241103330,1.200000000000
149220,0.172889013145,0.172460664388,0.171169734572,0.168997727121,0.165910761375,0.161854019505,0.156741415522,0.150435947297,0.142709374885,0.133148238976,0.120884995203,0.103473287467,,,,,,,,,0.054237057630,1.200000000000
149280,0.172838105305,0.172409965770,0.171119664537,0.168948708043,0.165863221559,0.161808397754,0.156698168762,0.150395563971,0.142672400118,0.133115327006,0.120857039353,0.103451872930,,,,,,,,,0.054233017920,1.200000000000
149340,0.172787248335,0.172359317780,0.171069644406,0.168899737660,0.165815728744,0.161762820823,0.156654964145,0.150355219597,0.142635460560,0.133082445867,0.120829109132,0.103430477438,,,,,,,,,0.054228984190,1.200000000000
149400,0.172736442158,0.172308720340,0.171019674100,0.168850815896,0.165768282857,0.161717288643,0.156611801607,0.150314914117,0.142598556158,0.133049595515,0.120801204504,0.103409100964,,,,,,,,,0.054224956426,1.200000000000
149460,0.172685686694,0.172258173374,0.170969753545,0.168801942677,0.165720883828,0.161671801146,0.156568681086,0.150274647474,0.142561686862,0.133016775905,0.120773325431,0.103387743482,,,,,,,,,0.054220934618,1.200000000000
149520,0.172634981866,0.172207676803,0.170919882664,0.168753117930,0.165673531585,0.161626358266,0.156525602517,0.150234419608,0.142524852619,0.132983986992,0.120745471878,0.103366404965,,,,,,,,,0.054216918754,1.200000000000
149580,0.172584327597,0.172157230551,0.170870061381,0.168704341579,0.165626226057,0.161580959935,0.156482565838,0.150194230463,0.142488053378,0.132951228730,0.120717643807,0.103345085386,,,,,,,,,0.054212908822,1.200000000000
149640,0.172533723810,0.172106834540,0.170820289620,0.168655613552,0.165578967174,0.161535606085,0.156439570986,0.150154079980,0.142451289086,0.132918501076,0.120689841182,0.103323784719,,,,,,,,,0.054208904810,1.200000000000
149700,0.172483170426,0.172056488694,0.170770567305,0.168606933774,0.165531754863,0.161490296650,0.156396617898,0.150113968102,0.142414559693,0.132885803985,0.120662063968,0.103302502938,,,,,,,,,0.054204906707,1.200000000000
149760,0.172432667369,0.172006192935,0.170720894361,0.168558302173,0.165484589056,0.161445031561,0.156353706511,0.150073894771,0.142377865146,0.132853137412,0.120634312126,0.103281240017,,,,,,,,,0.054200914501,1.200000000000
149820,0.172382214562,0.171955947188,0.170671270713,0.168509718675,0.165437469680,0.161399810753,0.156310836764,0.150033859931,0.142341205396,0.132820501313,0.120606585622,0.103259995929,,,,,,,,,0.054196928181,1.200000000000
149880,0.172331811928,0.171905751375,0.170621696286,0.168461183206,0.165390396666,0.161354634158,0.156268008592,0.149993863523,0.142304580389,0.132787895644,0.120578884418,0.103238770648,,,,,,,,,0.054192947735,1.200000000000
149940,0.172281459390,0.171855605421,0.170572171003,0.168412695694,0.165343369944,0.161309501710,0.156225221935,0.149953905491,0.142267990076,0.132755320361,0.120551208479,0.103217564147,,,,,,,,,0.054188973151,1.200000000000
150000,0.172231156872,0.171805509250,0.170522694791,0.168364256065,0.165296389443,0.161264413341,0.156182476730,0.149913985778,0.142231434404,0.132722775419,0.120523557769,0.103196376401,,,,,,,,,0.054185004418,1.200000000000
150060,0.172180904298,0.171755462785,0.170473267575,0.168315864248,0.165249455093,0.161219368987,0.156139772915,0.149874104326,0.142194913324,0.132690260774,0.120495932252,0.103175207384,,,,,,,,,0.054181041525,1.200000000000
150120,0.172130701590,0.171705465951,0.170423889280,0.168267520169,0.165202566825,0.161174368580,0.156097110428,0.149834261080,0.142158426785,0.132657776382,0.120468331892,0.103154057069,,,,,,,,,0.054177084459,1.200000000000
150180,0.172080548674,0.171655518671,0.170374559831,0.168219223755,0.165155724568,0.161129412054,0.156054489207,0.149794455981,0.142121974735,0.132625322200,0.120440756652,0.103132925430,,,,,,,,,0.054173133211,1.200000000000
150240,0.172030445473,0.171605620872,0.170325279155,0.168170974935,0.165108928254,0.161084499344,0.156011909190,0.149754688975,0.142085557124,0.132592898184,0.120413206498,0.103111812442,,,,,,,,,0.054169187767,1.200000000000
150300,0.171980391912,0.171555772476,0.170276047177,0.168122773637,0.165062177813,0.161039630383,0.155969370317,0.149714960003,0.142049173901,0.132560504289,0.120385681392,0.103090718079,,,,,,,,,0.054165248117,1.200000000000
150360,0.171930387915,0.171505973410,0.170226863823,0.168074619787,0.165015473175,0.160994805106,0.155926872525,0.149675269011,0.142012825017,0.132528140473,0.120358181301,0.103069642314,,,,,,,,,0.054161314250,1.200000000000
150420,0.171880433406,0.171456223597,0.170177729019,0.168026513315,0.164968814271,0.160950023447,0.155884415753,0.149635615941,0.141976510420,0.132495806692,0.120330706188,0.103048585122,,,,,,,,,0.054157386154,1.200000000000
150480,0.171830528311,0.171406522963,0.170128642692,0.167978454149,0.164922201033,0.160905285340,0.155841999940,0.149596000738,0.141940230060,0.132463502902,0.120303256017,0.103027546478,,,,,,,,,0.054153463818,1.200000000000
150540,0.171780672553,0.171356871434,0.170079604767,0.167930442217,0.164875633392,0.160860590721,0.155799625025,0.149556423345,0.141903983888,0.132431229061,0.120275830754,0.103006526355,,,,,,,,,0.054149547231,1.200000000000
150600,0.171730866059,0.171307268934,0.170030615173,0.167882477447,0.164829111278,0.160815939523,0.155757290946,0.149516883707,0.141867771853,0.132398985124,0.120248430362,0.102985524728,,,,,,,,,0.054145636382,1.200000000000
150660,0.171681108753,0.171257715390,0.169981673834,0.167834559768,0.164782634624,0.160771331683,0.155714997644,0.149477381768,0.141831593905,0.132366771048,0.120221054807,0.102964541571,,,,,,,,,0.054141731258,1.200000000000
150720,0.171631400560,0.171208210727,0.169932780679,0.167786689110,0.164736203360,0.160726767134,0.155672745058,0.149437917471,0.141795449995,0.132334586791,0.120193704053,0.102943576859,,,,,,,,,0.054137831850,1.200000000000
150780,0.171581741407,0.171158754870,0.169883935634,0.167738865401,0.164689817419,0.160682245812,0.155630533126,0.149398490763,0.141759340072,0.132302432310,0.120166378065,0.102922630567,,,,,,,,,0.054133938145,1.200000000000
150840,0.171532131218,0.171109347747,0.169835138626,0.167691088570,0.164643476732,0.160637767653,0.155588361788,0.149359101586,0.141723264088,0.132270307560,0.120139076808,0.102901702668,,,,,,,,,0.054130050134,1.200000000000
150900,0.171482569919,0.171059989282,0.169786389583,0.167643358546,0.164597181231,0.160593332592,0.155546230984,0.149319749886,0.141687221992,0.132238212501,0.120111800247,0.102880793137,,,,,,,,,0.054126167804,1.200000000000
150960,0.171433057437,0.171010679402,0.169737688432,0.167595675259,0.164550930849,0.160548940564,0.155504140654,0.149280435607,0.141651213734,0.132206147088,0.120084548347,0.102859901949,,,,,,,,,0.054122291145,1.200000000000
151020,0.171383593698,0.170961418035,0.169689035101,0.167548038639,0.164504725517,0.160504591504,0.155462090738,0.149241158695,0.141615239267,0.132174111279,0.120057321073,0.102839029079,,,,,,,,,0.054118420145,1.200000000000
151080,0.171334178626,0.170912205105,0.169640429518,0.167500448614,0.164458565168,0.160460285350,0.155420081175,0.149201919094,0.141579298540,0.132142105032,0.120030118389,0.102818174501,,,,,,,,,0.054114554795,1.200000000000
151140,0.171284812150,0.170863040541,0.169591871609,0.167452905116,0.164412449734,0.160416022037,0.155378111905,0.149162716749,0.141543391504,0.132110128304,0.120002940263,0.102797338190,,,,,,,,,0.054110695082,1.200000000000
151200,0.171235494196,0.170813924269,0.169543361305,0.167405408073,0.164366379148,0.160371801500,0.155336182870,0.149123551606,0.141507518110,0.132078181052,0.119975786657,0.102776520121,,,,,,,,,0.054106840995,1.200000000000
151260,0.171186224689,0.170764856215,0.169494898532,0.167357957416,0.164320353343,0.160327623676,0.155294294009,0.149084423610,0.141471678309,0.132046263234,0.119948657539,0.102755720269,,,,,,,,,0.054102992524,1.200000000000
151320,0.171137003558,0.170715836308,0.169446483218,0.167310553075,0.164274372252,0.160283488502,0.155252445263,0.149045332705,0.141435872052,0.132014374808,0.119921552873,0.102734938609,,,,,,,,,0.054099149659,1.200000000000
151380,0.171087830728,0.170666864474,0.169398115294,0.167263194981,0.164228435808,0.160239395913,0.155210636572,0.149006278839,0.141400099291,0.131982515731,0.119894472625,0.102714175115,,,,,,,,,0.054095312387,1.200000000000
151440,0.171038706127,0.170617940642,0.169349794686,0.167215883064,0.164182543943,0.160195345846,0.155168867877,0.148967261955,0.141364359976,0.131950685962,0.119867416761,0.102693429764,,,,,,,,,0.054091480698,1.200000000000
151500,0.170989629683,0.170569064738,0.169301521324,0.167168617254,0.164136696592,0.160151338239,0.155127139119,0.148928282001,0.141328654059,0.131918885459,0.119840385245,0.102672702528,,,,,,,,,0.054087654582,1.200000000000
151560,0.170940601322,0.170520236690,0.169253295137,0.167121397483,0.164090893687,0.160107373027,0.155085450239,0.148889338921,0.141292981492,0.131887114179,0.119813378044,0.102651993385,,,,,,,,,0.054083834027,1.200000000000
151620,0.170891620972,0.170471456426,0.169205116053,0.167074223681,0.164045135162,0.160063450148,0.155043801177,0.148850432663,0.141257342227,0.131855372080,0.119786395123,0.102631302309,,,,,,,,,0.054080019023,1.200000000000
151680,0.170842688561,0.170422723875,0.169156984003,0.167027095780,0.163999420951,0.160019569539,0.155002191876,0.148811563171,0.141221736213,0.131823659121,0.119759436449,0.102610629274,,,,,,,,,0.054076209559,1.200000000000
151740,0.170793804016,0.170374038964,0.169108898915,0.166980013710,0.163953750988,0.159975731136,0.154960622276,0.148772730391,0.141186163405,0.131791975260,0.119732501987,0.102589974258,,,,,,,,,0.054072405624,1.200000000000
151800,0.170744967266,0.170325401622,0.169060860718,0.166932977404,0.163908125207,0.159931934878,0.154919092319,0.148733934271,0.141150623753,0.131760320455,0.119705591702,0.102569337233,,,,,,,,,0.054068607208,1.200000000000
151860,0.170696178239,0.170276811778,0.169012869343,0.166885986791,0.163862543541,0.159888180702,0.154877601945,0.148695174757,0.141115117209,0.131728694666,0.119678705562,0.102548718177,,,,,,,,,0.054064814299,1.200000000000
151920,0.170647436863,0.170228269359,0.168964924719,0.166839041805,0.163817005925,0.159844468545,0.154836151098,0.148656451794,0.141079643726,0.131697097849,0.119651843531,0.102528117065,,,,,,,,,0.054061026888,1.200000000000
151980,0.170598743066,0.170179774295,0.168917026775,0.166792142377,0.163771512293,0.159800798345,0.154794739718,0.148617765330,0.141044203255,0.131665529964,0.119625005577,0.102507533871,,,,,,,,,0.054057244964,1.200000000000
152040,0.170550096776,0.170131326515,0.168869175443,0.166745288438,0.163726062581,0.159757170039,0.154753367748,0.148579115310,0.141008795750,0.131633990970,0.119598191665,0.102486968571,,,,,,,,,0.054053468515,1.200000000000
152100,0.170501497924,0.170082925947,0.168821370652,0.166698479922,0.163680656721,0.159713583566,0.154712035129,0.148540501683,0.140973421161,0.131602480825,0.119571401762,0.102466421141,,,,,,,,,0.054049697532,1.200000000000
152160,0.170452946436,0.170034572522,0.168773612332,0.166651716759,0.163635294650,0.159670038864,0.154670741804,0.148501924395,0.140938079442,0.131570999488,0.119544635834,0.102445891556,,,,,,,,,0.054045932004,1.200000000000
152220,0.170404442243,0.169986266167,0.168725900414,0.166604998882,0.163589976301,0.159626535871,0.154629487714,0.148463383392,0.140902770545,0.131539546918,0.119517893847,0.102425379793,,,,,,,,,0.054042171921,1.200000000000
152280,0.170355985273,0.169938006813,0.168678234829,0.166558326223,0.163544701610,0.159583074525,0.154588272802,0.148424878622,0.140867494422,0.131508123074,0.119491175768,0.102404885825,,,,,,,,,0.054038417271,1.200000000000
152340,0.170307575456,0.169889794389,0.168630615506,0.166511698716,0.163499470513,0.159539654764,0.154547097011,0.148386410032,0.140832251027,0.131476727915,0.119464481563,0.102384409631,,,,,,,,,0.054034668045,1.200000000000
152400,0.170259212721,0.169841628825,0.168583042378,0.166465116293,0.163454282944,0.159496276527,0.154505960283,0.148347977569,0.140797040312,0.131445361401,0.119437811198,0.102363951184,,,,,,,,,0.054030924231,1.200000000000
152460,0.170210896997,0.169793510051,0.168535515375,0.166418578886,0.163409138838,0.159452939754,0.154464862560,0.148309581180,0.140761862229,0.131414023489,0.119411164642,0.102343510460,,,,,,,,,0.054027185821,1.200000000000
152520,0.170162628214,0.169745437997,0.168488034427,0.166372086429,0.163364038132,0.159409644381,0.154423803786,0.148271220814,0.140726716733,0.131382714141,0.119384541859,0.102323087437,,,,,,,,,0.054023452802,1.200000000000
152580,0.170114406303,0.169697412594,0.168440599467,0.166325638854,0.163318980760,0.159366390349,0.154382783903,0.148232896417,0.140691603776,0.131351433314,0.119357942817,0.102302682089,,,,,,,,,0.054019725165,1.200000000000
152640,0.170066231192,0.169649433770,0.168393210426,0.166279236095,0.163273966659,0.159323177597,0.154341802854,0.148194607938,0.140656523311,0.131320180969,0.119331367483,0.102282294392,,,,,,,,,0.054016002900,1.200000000000
152700,0.170018102812,0.169601501457,0.168345867235,0.166232878086,0.163228995764,0.159280006063,0.154300860582,0.148156355324,0.140621475291,0.131288957065,0.119304815823,0.102261924323,,,,,,,,,0.054012285996,1.200000000000
152760,0.169970021094,0.169553615586,0.168298569826,0.166186564759,0.163184068012,0.159236875686,0.154259957031,0.148118138522,0.140586459670,0.131257761561,0.119278287805,0.102241571856,,,,,,,,,0.054008574443,1.200000000000
152820,0.169921985967,0.169505776086,0.168251318131,0.166140296049,0.163139183338,0.159193786407,0.154219092144,0.148079957482,0.140551476401,0.131226594418,0.119251783396,0.102221236970,,,,,,,,,0.054004868230,1.200000000000
152880,0.169873997362,0.169457982890,0.168204112082,0.166094071888,0.163094341679,0.159150738165,0.154178265864,0.148041812151,0.140516525437,0.131195455595,0.119225302562,0.102200919638,,,,,,,,,0.054001167348,1.200000000000
152940,0.169826055210,0.169410235928,0.168156951610,0.166047892212,0.163049542972,0.159107730899,0.154137478134,0.148003702477,0.140481606733,0.131164345051,0.119198845270,0.102180619838,,,,,,,,,0.053997471785,1.200000000000
153000,0.169778159441,0.169362535130,0.168109836648,0.166001756953,0.163004787152,0.159064764548,0.154096728900,0.147965628408,0.140446720241,0.131133262747,0.119172411489,0.102160337546,,,,,,,,,0.053993781533,1.200000000000
153060,0.169730309986,0.169314880429,0.168062767129,0.165955666046,0.162960074156,0.159021839054,0.154056018103,0.147927589894,0.140411865916,0.131102208643,0.119146001184,0.102140072738,,,,,,,,,0.053990096580,1.200000000000
153120,0.169682506777,0.169267271756,0.168015742984,0.165909619426,0.162915403922,0.158978954355,0.154015345688,0.147889586881,0.140377043712,0.131071182699,0.119119614324,0.102119825390,,,,,,,,,0.053986416917,1.200000000000
153180,0.169634749744,0.169219709042,0.167968764147,0.165863617026,0.162870776385,0.158936110392,0.153974711600,0.147851619320,0.140342253581,0.131040184875,0.119093250876,0.102099595479,,,,,,,,,0.053982742534,1.200000000000
153240,0.169587038819,0.169172192219,0.167921830550,0.165817658782,0.162826191484,0.158893307105,0.153934115781,0.147813687159,0.140307495480,0.131009215131,0.119066910807,0.102079382981,,,,,,,,,0.053979073420,1.200000000000
153300,0.169539373934,0.169124721218,0.167874942126,0.165771744627,0.162781649154,0.158850544435,0.153893558177,0.147775790345,0.140272769360,0.130978273427,0.119040594085,0.102059187871,,,,,,,,,0.053975409565,1.200000000000
153360,0.169491755019,0.169077295972,0.167828098808,0.165725874497,0.162737149334,0.158807822321,0.153853038731,0.147737928830,0.140238075178,0.130947359724,0.119014300677,0.102039010128,,,,,,,,,0.053971750959,1.200000000000
153420,0.169444182007,0.169029916413,0.167781300529,0.165680048327,0.162692691961,0.158765140704,0.153812557389,0.147700102560,0.140203412886,0.130916473983,0.118988030551,0.102018849727,,,,,,,,,0.053968097593,1.200000000000
153480,0.169396654829,0.168982582473,0.167734547222,0.165634266051,0.162648276972,0.158722499526,0.153772114094,0.147662311486,0.140168782440,0.130885616163,0.118961783674,0.101998706644,,,,,,,,,0.053964449455,1.200000000000
153540,0.169349173418,0.168935294084,0.167687838821,0.165588527605,0.162603904305,0.158679898726,0.153731708790,0.147624555556,0.140134183794,0.130854786225,0.118935560015,0.101978580857,,,,,,,,,0.053960806537,1.200000000000
153600,0.169301737705,0.168888051179,0.167641175260,0.165542832924,0.162559573897,0.158637338245,0.153691341424,0.147586834720,0.140099616902,0.130823984130,0.118909359541,0.101958472341,,,,,,,,,0.053957168828,1.200000000000
153660,0.169254347624,0.168840853690,0.167594556471,0.165497181943,0.162515285687,0.158594818026,0.153651011940,0.147549148927,0.140065081719,0.130793209839,0.118883182219,0.101938381074,,,,,,,,,0.053953536319,1.200000000000
153720,0.169207003105,0.168793701551,0.167547982389,0.165451574598,0.162471039612,0.158552338007,0.153610720282,0.147511498127,0.140030578200,0.130762463312,0.118857028019,0.101918307032,,,,,,,,,0.053949908999,1.200000000000
153780,0.169159704082,0.168746594693,0.167501452948,0.165406010825,0.162426835611,0.158509898132,0.153570466395,0.147473882269,0.139996106300,0.130731744511,0.118830896907,0.101898250193,,,,,,,,,0.053946286858,1.200000000000
153840,0.169112450487,0.168699533050,0.167454968082,0.165360490559,0.162382673621,0.158467498342,0.153530250226,0.147436301303,0.139961665973,0.130701053396,0.118804788852,0.101878210531,,,,,,,,,0.053942669887,1.200000000000
153900,0.169065242253,0.168652516555,0.167408527724,0.165315013737,0.162338553582,0.158425138576,0.153490071718,0.147398755179,0.139927257175,0.130670389928,0.118778703822,0.101858188026,,,,,,,,,0.053939058076,1.200000000000
153960,0.169018079313,0.168605545141,0.167362131810,0.165269580293,0.162294475431,0.158382818779,0.153449930818,0.147361243846,0.139892879860,0.130639754069,0.118752641785,0.101838182653,,,,,,,,,0.053935451415,1.200000000000
154020,0.168970961601,0.168558618743,0.167315780273,0.165224190166,0.162250439107,0.158340538890,0.153409827471,0.147323767254,0.139858533984,0.130609145779,0.118726602710,0.101818194389,,,,,,,,,0.053931849894,1.200000000000
154080,0.168923889048,0.168511737292,0.167269473049,0.165178843290,0.162206444549,0.158298298852,0.153369761623,0.147286325354,0.139824219501,0.130578565020,0.118700586563,0.101798223211,,,,,,,,,0.053928253503,1.200000000000
154140,0.168876861589,0.168464900723,0.167223210071,0.165133539602,0.162162491696,0.158256098607,0.153329733218,0.147248918095,0.139789936368,0.130548011754,0.118674593315,0.101778269097,,,,,,,,,0.053924662233,1.200000000000
154200,0.168829879157,0.168418108970,0.167176991275,0.165088279039,0.162118580486,0.158213938096,0.153289742204,0.147211545429,0.139755684540,0.130517485941,0.118648622933,0.101758332022,,,,,,,,,0.053921076074,1.200000000000
154260,0.168782941686,0.168371361967,0.167130816595,0.165043061538,0.162074710859,0.158171817262,0.153249788525,0.147174207304,0.139721463972,0.130486987542,0.118622675386,0.101738411966,,,,,,,,,0.053917495017,1.200000000000
154320,0.168736049109,0.168324659647,0.167084685968,0.164997887034,0.162030882754,0.158129736048,0.153209872128,0.147136903672,0.139687274619,0.130456516521,0.118596750642,0.101718508903,,,,,,,,,0.053913919050,1.200000000000
154380,0.168689201360,0.168278001944,0.167038599327,0.164952755466,0.161987096110,0.158087694395,0.153169992959,0.147099634483,0.139653116438,0.130426072837,0.118570848669,0.101698622812,,,,,,,,,0.053910348166,1.200000000000
154440,0.168642398373,0.168231388794,0.166992556608,0.164907666770,0.161943350866,0.158045692245,0.153130150964,0.147062399688,0.139618989384,0.130395656454,0.118544969437,0.101678753670,,,,,,,,,0.053906782354,1.200000000000
154500,0.168595640082,0.168184820131,0.166946557747,0.164862620883,0.161899646963,0.158003729543,0.153090346090,0.147025199237,0.139584893413,0.130365267332,0.118519112914,0.101658901454,,,,,,,,,0.053903221605,1.200000000000
154560,0.168548926421,0.168138295888,0.166900602680,0.164817617743,0.161855984339,0.157961806229,0.153050578282,0.146988033082,0.139550828481,0.130334905433,0.118493279069,0.101639066141,,,,,,,,,0.053899665908,1.200000000000
154620,0.168502257325,0.168091816001,0.166854691341,0.164772657287,0.161812362935,0.157919922248,0.153010847488,0.146950901172,0.139516794544,0.130304570719,0.118467467870,0.101619247709,,,,,,,,,0.053896115255,1.200000000000
154680,0.168455632728,0.168045380405,0.166808823667,0.164727739452,0.161768782690,0.157878077541,0.152971153653,0.146913803460,0.139482791558,0.130274263153,0.118441679287,0.101599446135,,,,,,,,,0.053892569637,1.200000000000
154740,0.168409052565,0.167998989034,0.166762999594,0.164682864176,0.161725243544,0.157836272052,0.152931496725,0.146876739896,0.139448819479,0.130243982696,0.118415913288,0.101579661396,,,,,,,,,0.053889029042,1.200000000000
154800,0.168362516770,0.167952641824,0.166717219057,0.164638031397,0.161681745438,0.157794505725,0.152891876651,0.146839710431,0.139414878263,0.130213729311,0.118390169842,0.101559893470,,,,,,,,,0.053885493463,1.200000000000
154860,0.168316025278,0.167906338709,0.166671481994,0.164593241053,0.161638288312,0.157752778502,0.152852293377,0.146802715017,0.139380967867,0.130183502959,0.118364448919,0.101540142334,,,,,,,,,0.053881962888,1.200000000000
154920,0.168269578025,0.167860079626,0.166625788339,0.164548493082,0.161594872105,0.157711090326,0.152812746850,0.146765753605,0.139347088247,0.130153303602,0.118338750487,0.101520407966,,,,,,,,,0.053878437310,1.200000000000
154980,0.168223174945,0.167813864509,0.166580138031,0.164503787421,0.161551496760,0.157669441141,0.152773237018,0.146728826146,0.139313239360,0.130123131204,0.118313074515,0.101500690344,,,,,,,,,0.053874916719,1.200000000000
155040,0.168176815974,0.167767693294,0.166534531005,0.164459124010,0.161508162215,0.157627830892,0.152733763828,0.146691932592,0.139279421161,0.130092985727,0.118287420973,0.101480989444,,,,,,,,,0.053871401104,1.200000000000
155100,0.168130501046,0.167721565916,0.166488967198,0.164414502786,0.161464868412,0.157586259520,0.152694327227,0.146655072895,0.139245633609,0.130062867132,0.118261789830,0.101461305245,,,,,,,,,0.053867890457,1.200000000000
155160,0.168084230098,0.167675482312,0.166443446547,0.164369923688,0.161421615291,0.157544726971,0.152654927162,0.146618247007,0.139211876659,0.130032775383,0.118236181056,0.101441637725,,,,,,,,,0.053864384769,1.200000000000
155220,0.168038003065,0.167629442418,0.166397968988,0.164325386654,0.161378402795,0.157503233187,0.152615563581,0.146581454878,0.139178150269,0.130002710442,0.118210594618,0.101421986860,,,,,,,,,0.053860884030,1.200000000000
155280,0.167991819883,0.167583446169,0.166352534459,0.164280891624,0.161335230862,0.157461778114,0.152576236432,0.146544696462,0.139144454394,0.129972672271,0.118185030488,0.101402352629,,,,,,,,,0.053857388230,1.200000000000
155340,0.167945680488,0.167537493502,0.166307142898,0.164236438536,0.161292099435,0.157420361695,0.152536945663,0.146507971709,0.139110788994,0.129942660834,0.118159488635,0.101382735010,,,,,,,,,0.053853897361,1.200000000000
155400,0.167899584815,0.167491584353,0.166261794240,0.164192027329,0.161249008456,0.157378983874,0.152497691220,0.146471280573,0.139077154023,0.129912676094,0.118133969027,0.101363133980,,,,,,,,,0.053850411413,1.200000000000
155460,0.167853532800,0.167445718659,0.166216488425,0.164147657942,0.161205957864,0.157337644596,0.152458473052,0.146434623005,0.139043549440,0.129882718013,0.118108471635,0.101343549517,,,,,,,,,0.053846930377,1.200000000000
155520,0.167807524381,0.167399896355,0.166171225388,0.164103330314,0.161162947602,0.157296343805,0.152419291108,0.146397998958,0.139009975201,0.129852786553,0.118082996428,0.101323981600,,,,,,,,,0.053843454243,1.200000000000
155580,0.167761559493,0.167354117380,0.166126005069,0.164059044385,0.161119977612,0.157255081446,0.152380145335,0.146361408384,0.138976431265,0.129822881679,0.118057543376,0.101304430206,,,,,,,,,0.053839983003,1.200000000000
155640,0.167715638073,0.167308381668,0.166080827405,0.164014800094,0.161077047835,0.157213857463,0.152341035681,0.146324851235,0.138942917588,0.129793003353,0.118032112449,0.101284895313,,,,,,,,,0.053836516647,1.200000000000
155700,0.167669760057,0.167262689158,0.166035692333,0.163970597381,0.161034158213,0.157172671801,0.152301962095,0.146288327465,0.138909434128,0.129763151539,0.118006703617,0.101265376899,,,,,,,,,0.053833055166,1.200000000000
155760,0.167623925382,0.167217039787,0.165990599791,0.163926436185,0.160991308687,0.157131524405,0.152262924526,0.146251837025,0.138875980842,0.129733326199,0.117981316848,0.101245874943,,,,,,,,,0.053829598551,1.200000000000
155820,0.167578133985,0.167171433491,0.165945549719,0.163882316446,0.160948499200,0.157090415220,0.152223922921,0.146215379868,0.138842557688,0.129703527296,0.117955952114,0.101226389422,,,,,,,,,0.053826146793,1.200000000000
155880,0.167532385803,0.167125870209,0.165900542053,0.163838238104,0.160905729695,0.157049344190,0.152184957229,0.146178955948,0.138809164624,0.129673754795,0.117930609384,0.101206920314,,,,,,,,,0.053822699882,1.200000000000
155940,0.167486680773,0.167080349876,0.165855576734,0.163794201099,0.160863000113,0.157008311262,0.152146027400,0.146142565216,0.138775801607,0.129644008659,0.117905288629,0.101187467599,,,,,,,,,0.053819257810,1.200000000000
156000,0.167441018832,0.167034872432,0.165810653698,0.163750205370,0.160820310396,0.156967316380,0.152107133381,0.146106207627,0.138742468596,0.129614288851,0.117879989818,0.101168031253,,,,,,,,,0.053815820567,1.200000000000
156060,0.167395399917,0.166989437813,0.165765772884,0.163706250859,0.160777660488,0.156926359490,0.152068275122,0.146069883133,0.138709165548,0.129584595334,0.117854712921,0.101148611256,,,,,,,,,0.053812388145,1.200000000000
156120,0.167349823967,0.166944045957,0.165720934232,0.163662337506,0.160735050330,0.156885440537,0.152029452572,0.146033591688,0.138675892421,0.129554928073,0.117829457909,0.101129207585,,,,,,,,,0.053808960534,1.200000000000
156180,0.167304290918,0.166898696803,0.165676137681,0.163618465251,0.160692479866,0.156844559467,0.151990665679,0.145997333244,0.138642649174,0.129525287031,0.117804224751,0.101109820220,,,,,,,,,0.053805537726,1.200000000000
156240,0.167258800708,0.166853390288,0.165631383168,0.163574634034,0.160649949038,0.156803716225,0.151951914394,0.145961107754,0.138609435764,0.129495672171,0.117779013420,0.101090449137,,,,,,,,,0.053802119711,1.200000000000
156300,0.167213353275,0.166808126350,0.165586670634,0.163530843797,0.160607457790,0.156762910758,0.151913198665,0.145924915174,0.138576252150,0.129466083459,0.117753823883,0.101071094317,,,,,,,,,0.053798706481,1.200000000000
156360,0.167167948558,0.166762904928,0.165542000017,0.163487094480,0.160565006064,0.156722143011,0.151874518442,0.145888755455,0.138543098290,0.129436520856,0.117728656113,0.101051755737,,,,,,,,,0.053795298026,1.200000000000
156420,0.167122586493,0.166717725960,0.165497371257,0.163443386024,0.160522593803,0.156681412930,0.151835873674,0.145852628552,0.138509974143,0.129406984328,0.117703510079,0.101032433375,,,,,,,,,0.053791894338,1.200000000000
156480,0.167077267019,0.166672589384,0.165452784293,0.163399718370,0.160480220951,0.156640720461,0.151797264310,0.145816534418,0.138476879667,0.129377473839,0.117678385752,0.101013127211,,,,,,,,,0.053788495407,1.200000000000
156540,0.167031990075,0.166627495139,0.165408239065,0.163356091459,0.160437887450,0.156600065551,0.151758690302,0.145780473006,0.138443814820,0.129347989352,0.117653283102,0.100993837223,,,,,,,,,0.053785101225,1.200000000000
156600,0.166986755599,0.166582443164,0.165363735512,0.163312505233,0.160395593246,0.156559448145,0.151720151597,0.145744444272,0.138410779562,0.129318530831,0.117628202100,0.100974563390,,,,,,,,,0.053781711783,1.200000000000
156660,0.166941563529,0.166537433398,0.165319273575,0.163268959633,0.160353338280,0.156518868191,0.151681648146,0.145708448169,0.138377773850,0.129289098242,0.117603142718,0.100955305689,,,,,,,,,0.053778327073,1.200000000000
156720,0.166896413804,0.166492465780,0.165274853193,0.163225454600,0.160311122497,0.156478325634,0.151643179900,0.145672484650,0.138344797645,0.129259691548,0.117578104925,0.100936064101,,,,,,,,,0.053774947084,1.200000000000
156780,0.166851306363,0.166447540248,0.165230474306,0.163181990077,0.160268945841,0.156437820422,0.151604746808,0.145636553671,0.138311850904,0.129230310713,0.117553088692,0.100916838603,,,,,,,,,0.053771571810,1.200000000000
156840,0.166806241145,0.166402656741,0.165186136855,0.163138566003,0.160226808255,0.156397352501,0.151566348820,0.145600655184,0.138278933586,0.129200955703,0.117528093990,0.100897629174,,,,,,,,,0.053768201239,1.200000000000
156900,0.166761218089,0.166357815200,0.165141840779,0.163095182323,0.160184709684,0.156356921817,0.151527985886,0.145564789145,0.138246045652,0.129171626481,0.117503120791,0.100878435794,,,,,,,,,0.053764835365,1.200000000000
156960,0.166716237133,0.166313015564,0.165097586019,0.163051838976,0.160142650071,0.156316528319,0.151489657957,0.145528955509,0.138213187059,0.129142323012,0.117478169064,0.100859258441,,,,,,,,,0.053761474178,1.200000000000
157020,0.166671298217,0.166268257772,0.165053372515,0.163008535907,0.160100629361,0.156276171952,0.151451364984,0.145493154228,0.138180357766,0.129113045260,0.117453238781,0.100840097093,,,,,,,,,0.053758117670,1.200000000000
157080,0.166626401280,0.166223541764,0.165009200209,0.162965273055,0.160058647498,0.156235852664,0.151413106916,0.145457385258,0.138147557734,0.129083793191,0.117428329914,0.100820951731,,,,,,,,,0.053754765832,1.200000000000
157140,0.166581546263,0.166178867479,0.164965069040,0.162922050365,0.160016704427,0.156195570402,0.151374883705,0.145421648554,0.138114786922,0.129054566770,0.117403442432,0.100801822332,,,,,,,,,0.053751418654,1.200000000000
157200,0.166536733104,0.166134234857,0.164920978950,0.162878867778,0.159974800091,0.156155325113,0.151336695301,0.145385944070,0.138082045288,0.129025365960,0.117378576308,0.100782708877,,,,,,,,,0.053748076129,1.200000000000
157260,0.166491961742,0.166089643839,0.164876929879,0.162835725237,0.159932934437,0.156115116746,0.151298541654,0.145350271762,0.138049332793,0.128996190726,0.117353731512,0.100763611343,,,,,,,,,0.053744738248,1.200000000000
157320,0.166447232119,0.166045094365,0.164832921769,0.162792622684,0.159891107408,0.156074945246,0.151260422717,0.145314631583,0.138016649395,0.128967041035,0.117328908016,0.100744529710,,,,,,,,,0.053741405002,1.200000000000
157380,0.166402544174,0.166000586375,0.164788954561,0.162749560062,0.159849318949,0.156034810563,0.151222338439,0.145279023489,0.137983995055,0.128937916850,0.117304105791,0.100725463957,,,,,,,,,0.053738076383,1.200000000000
157440,0.166357897846,0.165956119808,0.164745028195,0.162706537314,0.159807569006,0.155994712643,0.151184288772,0.145243447436,0.137951369732,0.128908818137,0.117279324808,0.100706414064,,,,,,,,,0.053734752382,1.200000000000
157500,0.166313293077,0.165911694606,0.164701142614,0.162663554382,0.159765857523,0.155954651435,0.151146273668,0.145207903377,0.137918773386,0.128879744861,0.117254565039,0.100687380008,,,,,,,,,0.053731432990,1.200000000000
157560,0.166268729805,0.165867310710,0.164657297759,0.162620611210,0.159724184445,0.155914626886,0.151108293076,0.145172391269,0.137886205978,0.128850696987,0.117229826455,0.100668361771,,,,,,,,,0.053728118200,1.200000000000
157620,0.166224207973,0.165822968059,0.164613493571,0.162577707742,0.159682549718,0.155874638945,0.151070346949,0.145136911067,0.137853667465,0.128821674480,0.117205109028,0.100649359330,,,,,,,,,0.053724808002,1.200000000000
157680,0.166179727519,0.165778666595,0.164569729992,0.162534843919,0.159640953287,0.155834687559,0.151032435239,0.145101462726,0.137821157810,0.128792677306,0.117180412730,0.100630372666,,,,,,,,,0.053721502387,1.200000000000
157740,0.166135288385,0.165734406259,0.164526006964,0.162492019686,0.159599395098,0.155794772677,0.150994557896,0.145066046201,0.137788676971,0.128763705431,0.117155737531,0.100611401757,,,,,,,,,0.053718201349,1.200000000000
157800,0.166090890512,0.165690186991,0.164482324430,0.162449234986,0.159557875097,0.155754894247,0.150956714872,0.145030661449,0.137756224910,0.128734758818,0.117131083404,0.100592446582,,,,,,,,,0.053714904877,1.200000000000
157860,0.166046533840,0.165646008733,0.164438682330,0.162406489762,0.159516393228,0.155715052217,0.150918906119,0.144995308425,0.137723801585,0.128705837435,0.117106450320,0.100573507123,,,,,,,,,0.053711612964,1.200000000000
157920,0.166002218311,0.165601871426,0.164395080607,0.162363783959,0.159474949437,0.155675246537,0.150881131589,0.144959987084,0.137691406959,0.128676941247,0.117081838251,0.100554583356,,,,,,,,,0.053708325601,1.200000000000
157980,0.165957943864,0.165557775011,0.164351519204,0.162321117519,0.159433543672,0.155635477153,0.150843391233,0.144924697382,0.137659040990,0.128648070218,0.117057247170,0.100535675263,,,,,,,,,0.053705042779,1.200000000000
158040,0.165913710442,0.165513719431,0.164307998063,0.162278490388,0.159392175877,0.155595744016,0.150805685005,0.144889439276,0.137626703639,0.128619224316,0.117032677047,0.100516782823,,,,,,,,,0.053701764491,1.200000000000
158100,0.165869517986,0.165469704625,0.164264517126,0.162235902508,0.159350845998,0.155556047074,0.150768012855,0.144854212721,0.137594394867,0.128590403506,0.117008127854,0.100497906015,,,,,,,,,0.053698490728,1.200000000000
158160,0.165825366437,0.165425730537,0.164221076335,0.162193353824,0.159309553982,0.155516386276,0.150730374736,0.144819017673,0.137562114635,0.128561607753,0.116983599565,0.100479044819,,,,,,,,,0.053695221482,1.200000000000
158220,0.165781255737,0.165381797107,0.164177675634,0.162150844280,0.159268299776,0.155476761571,0.150692770600,0.144783854089,0.137529862902,0.128532837023,0.116959092150,0.100460199215,,,,,,,,,0.053691956744,1.200000000000
158280,0.165737185827,0.165337904279,0.164134314966,0.162108373821,0.159227083325,0.155437172907,0.150655200400,0.144748721924,0.137497639631,0.128504091283,0.116934605582,0.100441369181,,,,,,,,,0.053688696506,1.200000000000
158340,0.165693156649,0.165294051993,0.164090994273,0.162065942391,0.159185904576,0.155397620235,0.150617664087,0.144713621136,0.137465444781,0.128475370498,0.116910139832,0.100422554698,,,,,,,,,0.053685440760,1.200000000000
158400,0.165649168145,0.165250240192,0.164047713498,0.162023549933,0.159144763476,0.155358103503,0.150580161615,0.144678551679,0.137433278313,0.128446674635,0.116885694874,0.100403755746,,,,,,,,,0.053682189497,1.200000000000
158460,0.165605220257,0.165206468819,0.164004472585,0.161981196394,0.159103659971,0.155318622661,0.150542692937,0.144643513512,0.137401140189,0.128418003659,0.116861270679,0.100384972304,,,,,,,,,0.053678942709,1.200000000000
158520,0.165561312926,0.165162737815,0.163961271477,0.161938881718,0.159062594008,0.155279177657,0.150505258004,0.144608506590,0.137369030370,0.128389357538,0.116836867220,0.100366204353,,,,,,,,,0.053675700389,1.200000000000
158580,0.165517446096,0.165119047123,0.163918110116,0.161896605849,0.159021565534,0.155239768443,0.150467856769,0.144573530869,0.137336948816,0.128360736236,0.116812484468,0.100347451871,,,,,,,,,0.053672462527,1.200000000000
158640,0.165473619707,0.165075396686,0.163874988447,0.161854368733,0.158980574496,0.155200394967,0.150430489186,0.144538586308,0.137304895488,0.128332139721,0.116788122397,0.100328714839,,,,,,,,,0.053669229116,1.200000000000
158700,0.165429833704,0.165031786446,0.163831906414,0.161812170315,0.158939620841,0.155161057179,0.150393155208,0.144503672862,0.137272870349,0.128303567958,0.116763780978,0.100309993237,,,,,,,,,0.053666000147,1.200000000000
158760,0.165386088027,0.164988216347,0.163788863959,0.161770010539,0.158898704517,0.155121755029,0.150355854786,0.144468790488,0.137240873359,0.128275020915,0.116739460184,0.100291287044,,,,,,,,,0.053662775612,1.200000000000
158820,0.165342382621,0.164944686330,0.163745861026,0.161727889350,0.158857825470,0.155082488467,0.150318587876,0.144433939144,0.137208904479,0.128246498558,0.116715159989,0.100272596242,,,,,,,,,0.053659555504,1.200000000000
158880,0.165298717427,0.164901196339,0.163702897560,0.161685806696,0.158816983648,0.155043257443,0.150281354429,0.144399118786,0.137176963671,0.128218000853,0.116690880363,0.100253920808,,,,,,,,,0.053656339813,1.200000000000
158940,0.165255092388,0.164857746317,0.163659973505,0.161643762520,0.158776178998,0.155004061906,0.150244154400,0.144364329371,0.137145050898,0.128189527767,0.116666621280,0.100235260725,,,,,,,,,0.053653128533,1.200000000000
159000,0.165211507447,0.164814336208,0.163617088803,0.161601756768,0.158735411469,0.154964901808,0.150206987741,0.144329570857,0.137113166119,0.128161079266,0.116642382713,0.100216615971,,,,,,,,,0.053649921654,1.200000000000
159060,0.165167962548,0.164770965954,0.163574243401,0.161559789386,0.158694681008,0.154925777099,0.150169854406,0.144294843201,0.137081309297,0.128132655318,0.116618164633,0.100197986527,,,,,,,,,0.053646719169,1.200000000000
159120,0.165124457633,0.164727635500,0.163531437242,0.161517860320,0.158653987562,0.154886687728,0.150132754348,0.144260146360,0.137049480393,0.128104255889,0.116593967015,0.100179372374,,,,,,,,,0.053643521070,1.200000000000
159180,0.165080992646,0.164684344788,0.163488670270,0.161475969515,0.158613331079,0.154847633647,0.150095687522,0.144225480292,0.137017679370,0.128075880946,0.116569789831,0.100160773490,,,,,,,,,0.053640327348,1.200000000000
159240,0.165037567530,0.164641093762,0.163445942430,0.161434116918,0.158572711508,0.154808614805,0.150058653881,0.144190844953,0.136985906189,0.128047530456,0.116545633053,0.100142189857,,,,,,,,,0.053637137996,1.200000000000
159300,0.164994182228,0.164597882366,0.163403253667,0.161392302475,0.158532128796,0.154769631155,0.150021653379,0.144156240303,0.136954160812,0.128019204386,0.116521496655,0.100123621455,,,,,,,,,0.053633953006,1.200000000000
159360,0.164950836684,0.164554710545,0.163360603925,0.161350526131,0.158491582892,0.154730682645,0.149984685970,0.144121666297,0.136922443202,0.127990902703,0.116497380609,0.100105068264,,,,,,,,,0.053630772369,1.200000000000
159420,0.164907530842,0.164511578241,0.163317993149,0.161308787833,0.158451073744,0.154691769228,0.149947751607,0.144087122895,0.136890753319,0.127962625374,0.116473284889,0.100086530264,,,,,,,,,0.053627596078,1.200000000000
159480,0.164864264646,0.164468485399,0.163275421284,0.161267087528,0.158410601301,0.154652890854,0.149910850245,0.144052610054,0.136859091127,0.127934372366,0.116449209467,0.100068007436,,,,,,,,,0.053624424125,1.200000000000
159540,0.164821038039,0.164425431963,0.163232888275,0.161225425162,0.158370165510,0.154614047475,0.149873981838,0.144018127731,0.136827456588,0.127906143647,0.116425154317,0.100049499759,,,,,,,,,0.053621256502,1.200000000000
159600,0.164777850965,0.164382417878,0.163190394068,0.161183800680,0.158329766321,0.154575239040,0.149837146340,0.143983675885,0.136795849663,0.127877939184,0.116401119412,0.100031007216,,,,,,,,,0.053618093201,1.200000000000
159660,0.164734703369,0.164339443087,0.163147938607,0.161142214032,0.158289403681,0.154536465502,0.149800343706,0.143949254474,0.136764270316,0.127849758943,0.116377104725,0.100012529785,,,,,,,,,0.053614934214,1.200000000000
159720,0.164691595195,0.164296507536,0.163105521838,0.161100665161,0.158249077541,0.154497726812,0.149763573890,0.143914863456,0.136732718508,0.127821602894,0.116353110229,0.099994067448,,,,,,,,,0.053611779533,1.200000000000
159780,0.164648526386,0.164253611168,0.163063143706,0.161059154017,0.158208787848,0.154459022922,0.149726836847,0.143880502789,0.136701194203,0.127793471002,0.116329135898,0.099975620185,,,,,,,,,0.053608629151,1.200000000000
159840,0.164605496888,0.164210753929,0.163020804157,0.161017680545,0.158168534551,0.154420353782,0.149690132531,0.143846172431,0.136669697362,0.127765363235,0.116305181704,0.099957187976,,,,,,,,,0.053605483059,1.200000000000
159900,0.164562506645,0.164167935763,0.162978503136,0.160976244694,0.158128317601,0.154381719344,0.149653460896,0.143811872341,0.136638227948,0.127737279562,0.116281247622,0.099938770803,,,,,,,,,0.053602341250,1.200000000000
159960,0.164519555601,0.164125156616,0.162936240590,0.160934846409,0.158088136944,0.154343119560,0.149616821898,0.143777602477,0.136606785924,0.127709219950,0.116257333625,0.099920368645,,,,,,,,,0.053599203715,1.200000000000
160020,0.164476643702,0.164082416432,0.162894016464,0.160893485638,0.158047992532,0.154304554383,0.149580215492,0.143743362798,0.136575371253,0.127681184366,0.116233439685,0.099901981484,,,,,,,,,0.053596070448,1.200000000000
160080,0.164433770892,0.164039715156,0.162851830703,0.160852162328,0.158007884314,0.154266023762,0.149543641632,0.143709153262,0.136543983898,0.127653172778,0.116209565778,0.099883609300,,,,,,,,,0.053592941441,1.200000000000
160140,0.164390937116,0.163997052734,0.162809683255,0.160810876428,0.157967812238,0.154227527652,0.149507100273,0.143674973828,0.136512623821,0.127625185154,0.116185711875,0.099865252074,,,,,,,,,0.053589816685,1.200000000000
160200,0.164348142319,0.163954429110,0.162767574065,0.160769627884,0.157927776254,0.154189066002,0.149470591370,0.143640824454,0.136481290986,0.127597221462,0.116161877952,0.099846909787,,,,,,,,,0.053586696173,1.200000000000
160260,0.164305386446,0.163911844231,0.162725503080,0.160728416645,0.157887776312,0.154150638767,0.149434114880,0.143606705100,0.136449985355,0.127569281669,0.116138063981,0.099828582419,,,,,,,,,0.053583579897,1.200000000000
160320,0.164262669442,0.163869298042,0.162683470245,0.160687242657,0.157847812362,0.154112245897,0.149397670756,0.143572615724,0.136418706891,0.127541365744,0.116114269936,0.099810269951,,,,,,,,,0.053580467850,1.200000000000
160380,0.164219991254,0.163826790488,0.162641475508,0.160646105870,0.157807884353,0.154073887346,0.149361258954,0.143538556286,0.136387455559,0.127513473656,0.116090495792,0.099791972365,,,,,,,,,0.053577360024,1.200000000000
160440,0.164177351825,0.163784321516,0.162599518815,0.160605006230,0.157767992235,0.154035563065,0.149324879430,0.143504526743,0.136356231320,0.127485605371,0.116066741521,0.099773689640,,,,,,,,,0.053574256411,1.200000000000
160500,0.164134751103,0.163741891070,0.162557600112,0.160563943686,0.157728135959,0.153997273007,0.149288532139,0.143470527056,0.136325034139,0.127457760858,0.116043007098,0.099755421759,,,,,,,,,0.053571157004,1.200000000000
160560,0.164092189031,0.163699499098,0.162515719346,0.160522918185,0.157688315473,0.153959017124,0.149252217037,0.143436557184,0.136293863978,0.127429940085,0.116019292497,0.099737168701,,,,,,,,,0.053568061794,1.200000000000
160620,0.164049665557,0.163657145544,0.162473876465,0.160481929677,0.157648530730,0.153920795370,0.149215934079,0.143402617085,0.136262720801,0.127402143021,0.115995597691,0.099718930448,,,,,,,,,0.053564970775,1.200000000000
160680,0.164007180626,0.163614830355,0.162432071415,0.160440978110,0.157608781678,0.153882607697,0.149179683221,0.143368706719,0.136231604572,0.127374369633,0.115971922655,0.099700706982,,,,,,,,,0.053561883939,1.200000000000
160740,0.163964734184,0.163572553478,0.162390304143,0.160400063431,0.157569068268,0.153844454057,0.149143464420,0.143334826046,0.136200515254,0.127346619891,0.115948267362,0.099682498282,,,,,,,,,0.053558801278,1.200000000000
160800,0.163922326177,0.163530314858,0.162348574596,0.160359185590,0.157529390450,0.153806334405,0.149107277630,0.143300975025,0.136169452810,0.127318893762,0.115924631788,0.099664304331,,,,,,,,,0.053555722785,1.200000000000
160860,0.163879956551,0.163488114443,0.162306882722,0.160318344535,0.157489748176,0.153768248691,0.149071122808,0.143267153615,0.136138417205,0.127291191216,0.115901015904,0.099646125109,,,,,,,,,0.053552648452,1.200000000000
160920,0.163837625253,0.163445952178,0.162265228467,0.160277540215,0.157450141395,0.153730196871,0.149034999910,0.143233361777,0.136107408402,0.127263512220,0.115877419687,0.099627960597,,,,,,,,,0.053549578271,1.200000000000
160980,0.163795332228,0.163403828010,0.162223611780,0.160236772579,0.157410570059,0.153692178896,0.148998908892,0.143199599470,0.136076426366,0.127235856744,0.115853843110,0.099609810777,,,,,,,,,0.053546512236,1.200000000000
161040,0.163753077424,0.163361741886,0.162182032608,0.160196041574,0.157371034117,0.153654194721,0.148962849710,0.143165866653,0.136045471059,0.127208224755,0.115830286148,0.099591675629,,,,,,,,,0.053543450338,1.200000000000
161100,0.163710860786,0.163319693753,0.162140490899,0.160155347152,0.157331533522,0.153616244298,0.148926822322,0.143132163286,0.136014542446,0.127180616223,0.115806748774,0.099573555136,,,,,,,,,0.053540392570,1.200000000000
161160,0.163668682262,0.163277683557,0.162098986599,0.160114689260,0.157292068224,0.153578327581,0.148890826682,0.143098489330,0.135983640490,0.127153031117,0.115783230963,0.099555449278,,,,,,,,,0.053537338925,1.200000000000
161220,0.163626541798,0.163235711247,0.162057519658,0.160074067848,0.157252638174,0.153540444523,0.148854862747,0.143064844745,0.135952765157,0.127125469405,0.115759732690,0.099537358037,,,,,,,,,0.053534289396,1.200000000000
161280,0.163584439341,0.163193776768,0.162016090023,0.160033482865,0.157213243324,0.153502595078,0.148818930475,0.143031229489,0.135921916410,0.127097931056,0.115736253929,0.099519281394,,,,,,,,,0.053531243974,1.200000000000
161340,0.163542374838,0.163151880068,0.161974697642,0.159992934260,0.157173883624,0.153464779200,0.148783029821,0.142997643525,0.135891094213,0.127070416039,0.115712794654,0.099501219331,,,,,,,,,0.053528202653,1.200000000000
161400,0.163500348236,0.163110021094,0.161933342463,0.159952421983,0.157134559026,0.153426996843,0.148747160743,0.142964086811,0.135860298531,0.127042924323,0.115689354841,0.099483171828,,,,,,,,,0.053525165424,1.200000000000
161460,0.163458359483,0.163068199794,0.161892024434,0.159911945984,0.157095269481,0.153389247959,0.148711323197,0.142930559308,0.135829529327,0.127015455878,0.115665934462,0.099465138868,,,,,,,,,0.053522132282,1.200000000000
161520,0.163416408524,0.163026416116,0.161850743505,0.159871506212,0.157056014941,0.153351532504,0.148675517140,0.142897060977,0.135798786567,0.126988010672,0.115642533495,0.099447120431,,,,,,,,,0.053519103217,1.200000000000
161580,0.163374495309,0.162984670006,0.161809499622,0.159831102617,0.157016795358,0.153313850431,0.148639742529,0.142863591777,0.135768070215,0.126960588674,0.115619151912,0.099429116500,,,,,,,,,0.053516078224,1.200000000000
161640,0.163332619783,0.162942961413,0.161768292735,0.159790735149,0.156977610683,0.153276201695,0.148603999321,0.142830151670,0.135737380235,0.126933189854,0.115595789688,0.099411127056,,,,,,,,,0.053513057295,1.200000000000
161700,0.163290781896,0.162901290285,0.161727122792,0.159750403757,0.156938460868,0.153238586249,0.148568287474,0.142796740616,0.135706716592,0.126905814180,0.115572446799,0.099393152080,,,,,,,,,0.053510040422,1.200000000000
161760,0.163248981593,0.162859656568,0.161685989742,0.159710108392,0.156899345865,0.153201004047,0.148532606943,0.142763358575,0.135676079251,0.126878461623,0.115549123219,0.099375191554,,,,,,,,,0.053507027598,1.200000000000
161820,0.163207218824,0.162818060212,0.161644893534,0.159669849003,0.156860265626,0.153163455045,0.148496957687,0.142730005508,0.135645468176,0.126851132152,0.115525818923,0.099357245460,,,,,,,,,0.053504018816,1.200000000000
161880,0.163165493536,0.162776501165,0.161603834117,0.159629625542,0.156821220102,0.153125939196,0.148461339663,0.142696681377,0.135614883332,0.126823825735,0.115502533886,0.099339313779,,,,,,,,,0.053501014068,1.200000000000
161940,0.163123805676,0.162734979374,0.161562811439,0.159589437958,0.156782209247,0.153088456456,0.148425752829,0.142663386141,0.135584324684,0.126796542343,0.115479268083,0.099321396493,,,,,,,,,0.053498013348,1.200000000000
162000,0.163082155194,0.162693494787,0.161521825450,0.159549286202,0.156743233012,0.153051006778,0.148390197141,0.142630119762,0.135553792197,0.126769281946,0.115456021488,0.099303493584,,,,,,,,,0.053495016648,1.200000000000
162060,0.163040542036,0.162652047354,0.161480876098,0.159509170224,0.156704291350,0.153013590117,0.148354672557,0.142596882201,0.135523285836,0.126742044511,0.115432794078,0.099285605034,,,,,,,,,0.053492023961,1.200000000000
162120,0.162998966151,0.162610637023,0.161439963334,0.159469089975,0.156665384213,0.152976206429,0.148319179036,0.142563673419,0.135492805566,0.126714830011,0.115409585826,0.099267730824,,,,,,,,,0.053489035280,1.200000000000
162180,0.162957427488,0.162569263742,0.161399087106,0.159429045405,0.156626511553,0.152938855667,0.148283716534,0.142530493376,0.135462351351,0.126687638413,0.115386396708,0.099249870937,,,,,,,,,0.053486050597,1.200000000000
162240,0.162915925995,0.162527927460,0.161358247365,0.159389036465,0.156587673323,0.152901537788,0.148248285010,0.142497342035,0.135431923158,0.126660469688,0.115363226700,0.099232025353,,,,,,,,,0.053483069905,1.200000000000
162300,0.162874461621,0.162486628125,0.161317444058,0.159349063107,0.156548869476,0.152864252745,0.148212884422,0.142464219356,0.135401520951,0.126633323805,0.115340075775,0.099214194055,,,,,,,,,0.053480093198,1.200000000000
162360,0.162833034313,0.162445365687,0.161276677137,0.159309125280,0.156510099965,0.152827000494,0.148177514726,0.142431125301,0.135371144696,0.126606200736,0.115316943911,0.099196377025,,,,,,,,,0.053477120468,1.200000000000
162420,0.162791644021,0.162404140095,0.161235946550,0.159269222937,0.156471364742,0.152789780991,0.148142175882,0.142398059832,0.135340794358,0.126579100448,0.115293831081,0.099178574246,,,,,,,,,0.053474151708,1.200000000000
162480,0.162750290693,0.162362951297,0.161195252248,0.159229356027,0.156432663761,0.152752594190,0.148106867848,0.142365022909,0.135310469902,0.126552022913,0.115270737261,0.099160785697,,,,,,,,,0.053471186911,1.200000000000
162540,0.162708974279,0.162321799243,0.161154594181,0.159189524503,0.156393996974,0.152715440047,0.148071590582,0.142332014494,0.135280171294,0.126524968100,0.115247662427,0.099143011363,,,,,,,,,0.053468226070,1.200000000000
162600,0.162667694726,0.162280683881,0.161113972298,0.159149728316,0.156355364334,0.152678318517,0.148036344041,0.142299034548,0.135249898500,0.126497935980,0.115224606554,0.099125251225,,,,,,,,,0.053465269178,1.200000000000
162660,0.162626451986,0.162239605162,0.161073386550,0.159109967416,0.156316765795,0.152641229556,0.148001128185,0.142266083035,0.135219651484,0.126470926522,0.115201569618,0.099107505264,,,,,,,,,0.053462316227,1.200000000000
162720,0.162585246005,0.162198563034,0.161032836887,0.159070241756,0.156278201310,0.152604173119,0.147965942971,0.142233159914,0.135189430214,0.126443939697,0.115178551593,0.099089773464,,,,,,,,,0.053459367211,1.200000000000
162780,0.162544076735,0.162157557448,0.160992323258,0.159030551287,0.156239670832,0.152567149162,0.147930788358,0.142200265149,0.135159234653,0.126416975475,0.115155552455,0.099072055806,,,,,,,,,0.053456422123,1.200000000000
162840,0.162502944123,0.162116588352,0.160951845615,0.158990895961,0.156201174315,0.152530157640,0.147895664306,0.142167398701,0.135129064769,0.126390033826,0.115132572181,0.099054352272,,,,,,,,,0.053453480955,1.200000000000
162900,0.162461848120,0.162075655697,0.160911403909,0.158951275729,0.156162711712,0.152493198511,0.147860570771,0.142134560532,0.135098920527,0.126363114721,0.115109610746,0.099036662845,,,,,,,,,0.053450543702,1.200000000000
162960,0.162420788675,0.162034759431,0.160870998088,0.158911690544,0.156124282977,0.152456271728,0.147825507714,0.142101750603,0.135068801893,0.126336218130,0.115086668124,0.099018987507,,,,,,,,,0.053447610355,1.200000000000
163020,0.162379765738,0.161993899506,0.160830628105,0.158872140356,0.156085888064,0.152419377249,0.147790475093,0.142068968878,0.135038708833,0.126309344023,0.115063744293,0.099001326239,,,,,,,,,0.053444680907,1.200000000000
163080,0.162338779258,0.161953075871,0.160790293909,0.158832625119,0.156047526925,0.152382515030,0.147755472866,0.142036215318,0.135008641312,0.126282492371,0.115040839228,0.098983679025,,,,,,,,,0.053441755353,1.200000000000
163140,0.162297829185,0.161912288476,0.160749995453,0.158793144784,0.156009199517,0.152345685026,0.147720500993,0.142003489886,0.134978599298,0.126255663145,0.115017952904,0.098966045847,,,,,,,,,0.053438833685,1.200000000000
163200,0.162256915469,0.161871537271,0.160709732686,0.158753699304,0.155970905791,0.152308887194,0.147685559432,0.141970792543,0.134948582756,0.126228856315,0.114995085297,0.098948426687,,,,,,,,,0.053435915895,1.200000000000
163260,0.162216038061,0.161830822207,0.160669505559,0.158714288630,0.155932645702,0.152272121491,0.147650648144,0.141938123252,0.134918591652,0.126202071851,0.114972236384,0.098930821527,,,,,,,,,0.053433001978,1.200000000000
163320,0.162175196909,0.161790143234,0.160629314024,0.158674912715,0.155894419205,0.152235387871,0.147615767086,0.141905481976,0.134888625952,0.126175309725,0.114949406140,0.098913230350,,,,,,,,,0.053430091926,1.200000000000
163380,0.162134391965,0.161749500301,0.160589158032,0.158635571512,0.155856226253,0.152198686293,0.147580916218,0.141872868677,0.134858685624,0.126148569908,0.114926594542,0.098895653138,,,,,,,,,0.053427185732,1.200000000000
163440,0.162093623178,0.161708893361,0.160549037534,0.158596264973,0.155818066801,0.152162016713,0.147546095500,0.141840283318,0.134828770633,0.126121852369,0.114903801564,0.098878089874,,,,,,,,,0.053424283390,1.200000000000
163500,0.162052890499,0.161668322362,0.160508952482,0.158556993051,0.155779940803,0.152125379086,0.147511304890,0.141807725861,0.134798880946,0.126095157080,0.114881027184,0.098860540540,,,,,,,,,0.053421384893,1.200000000000
163560,0.162012193879,0.161627787257,0.160468902826,0.158517755698,0.155741848214,0.152088773370,0.147476544349,0.141775196269,0.134769016529,0.126068484012,0.114858271377,0.098843005118,,,,,,,,,0.053418490233,1.200000000000
163620,0.161971533267,0.161587287996,0.160428888519,0.158478552867,0.155703788988,0.152052199522,0.147441813836,0.141742694505,0.134739177348,0.126041833135,0.114835534119,0.098825483592,,,,,,,,,0.053415599405,1.200000000000
163680,0.161930908615,0.161546824529,0.160388909512,0.158439384511,0.155665763079,0.152015657499,0.147407113309,0.141710220531,0.134709363372,0.126015204422,0.114812815387,0.098807975944,,,,,,,,,0.053412712401,1.200000000000
163740,0.161890319873,0.161506396808,0.160348965757,0.158400250583,0.155627770444,0.151979147257,0.147372442730,0.141677774311,0.134679574565,0.125988597842,0.114790115157,0.098790482157,,,,,,,,,0.053409829214,1.200000000000
163800,0.161849766993,0.161466004784,0.160309057205,0.158361151036,0.155589811035,0.151942668753,0.147337802057,0.141645355807,0.134649810895,0.125962013367,0.114767433405,0.098773002212,,,,,,,,,0.053406949838,1.200000000000
163860,0.161809249924,0.161425648408,0.160269183809,0.158322085823,0.155551884808,0.151906221945,0.147303191251,0.141612964983,0.134620072329,0.125935450968,0.114744770107,0.098755536094,,,,,,,,,0.053404074267,1.200000000000
163920,0.161768768618,0.161385327630,0.160229345520,0.158283054897,0.155513991719,0.151869806790,0.147268610272,0.141580601801,0.134590358833,0.125908910617,0.114722125240,0.098738083784,,,,,,,,,0.053401202492,1.200000000000
163980,0.161728323026,0.161345042403,0.160189542291,0.158244058212,0.155476131721,0.151833423244,0.147234059079,0.141548266225,0.134560670375,0.125882392284,0.114699498779,0.098720645265,,,,,,,,,0.053398334508,1.200000000000
164040,0.161687913099,0.161304792678,0.160149774074,0.158205095722,0.155438304771,0.151797071266,0.147199537632,0.141515958219,0.134531006921,0.125855895940,0.114676890703,0.098703220520,,,,,,,,,0.053395470308,1.200000000000
164100,0.161647538788,0.161264578406,0.160110040820,0.158166167378,0.155400510823,0.151760750812,0.147165045891,0.141483677744,0.134501368439,0.125829421558,0.114654300986,0.098685809532,,,,,,,,,0.053392609886,1.200000000000
164160,0.161607200046,0.161224399539,0.160070342483,0.158127273136,0.155362749832,0.151724461841,0.147130583818,0.141451424765,0.134471754895,0.125802969109,0.114631729606,0.098668412284,,,,,,,,,0.053389753233,1.200000000000
164220,0.161566896822,0.161184256029,0.160030679014,0.158088412948,0.155325021755,0.151688204309,0.147096151371,0.141419199245,0.134442166256,0.125776538564,0.114609176538,0.098651028758,,,,,,,,,0.053386900345,1.200000000000
164280,0.161526629069,0.161144147827,0.159991050366,0.158049586769,0.155287326546,0.151651978174,0.147061748511,0.141387001148,0.134412602491,0.125750129894,0.114586641760,0.098633658937,,,,,,,,,0.053384051214,1.200000000000
164340,0.161486396738,0.161104074885,0.159951456493,0.158010794552,0.155249664160,0.151615783394,0.147027375199,0.141354830437,0.134383063566,0.125723743072,0.114564125249,0.098616302805,,,,,,,,,0.053381205834,1.200000000000
164400,0.161446199782,0.161064037155,0.159911897345,0.157972036251,0.155212034555,0.151579619927,0.146993031395,0.141322687076,0.134353549448,0.125697378068,0.114541626980,0.098598960344,,,,,,,,,0.053378364197,1.200000000000
164460,0.161406038151,0.161024034590,0.159872372877,0.157933311820,0.155174437684,0.151543487731,0.146958717059,0.141290571028,0.134324060105,0.125671034855,0.114519146930,0.098581631537,,,,,,,,,0.053375526298,1.200000000000
164520,0.161365911797,0.160984067140,0.159832883040,0.157894621213,0.155136873504,0.151507386763,0.146924432153,0.141258482257,0.134294595504,0.125644713404,0.114496685077,0.098564316368,,,,,,,,,0.053372692130,1.200000000000
164580,0.161325820673,0.160944134759,0.159793427789,0.157855964384,0.155099341971,0.151471316982,0.146890176636,0.141226420728,0.134265155613,0.125618413686,0.114474241397,0.098547014818,,,,,,,,,0.053369861686,1.200000000000
164640,0.161285764731,0.160904237399,0.159754007075,0.157817341288,0.155061843041,0.151435278345,0.146855950470,0.141194386403,0.134235740399,0.125592135675,0.114451815866,0.098529726872,,,,,,,,,0.053367034960,1.200000000000
164700,0.161245743923,0.160864375012,0.159714620852,0.157778751878,0.155024376669,0.151399270811,0.146821753616,0.141162379247,0.134206349830,0.125565879341,0.114429408462,0.098512452512,,,,,,,,,0.053364211945,1.200000000000
164760,0.161205758200,0.160824547550,0.159675269074,0.157740196110,0.154986942812,0.151363294338,0.146787586033,0.141130399224,0.134176983874,0.125539644657,0.114407019162,0.098495191722,,,,,,,,,0.053361392635,1.200000000000
164820,0.161165807516,0.160784754966,0.159635951693,0.157701673937,0.154949541426,0.151327348885,0.146753447684,0.141098446298,0.134147642498,0.125513431593,0.114384647942,0.098477944484,,,,,,,,,0.053358577023,1.200000000000
164880,0.161125891822,0.160744997213,0.159596668662,0.157663185315,0.154912172467,0.151291434409,0.146719338528,0.141066520432,0.134118325670,0.125487240124,0.114362294780,0.098460710781,,,,,,,,,0.053355765102,1.200000000000
164940,0.161086011071,0.160705274244,0.159557419936,0.157624730197,0.154874835891,0.151255550869,0.146685258528,0.141034621593,0.134089033358,0.125461070220,0.114339959652,0.098443490598,,,,,,,,,0.053352956867,1.200000000000
165000,0.161046165216,0.160665586011,0.159518205468,0.157586308539,0.154837531655,0.151219698223,0.146651207644,0.141002749742,0.134059765530,0.125434921853,0.114317642536,0.098426283917,,,,,,,,,0.053350152310,1.200000000000
165060,0.161006354209,0.160625932466,0.159479025211,0.157547920295,0.154800259715,0.151183876431,0.146617185838,0.140970904846,0.134030522154,0.125408794996,0.114295343408,0.098409090721,,,,,,,,,0.053347351426,1.200000000000
165120,0.160966578004,0.160586313564,0.159439879119,0.157509565420,0.154763020027,0.151148085451,0.146583193071,0.140939086867,0.134001303197,0.125382689622,0.114273062246,0.098391910994,,,,,,,,,0.053344554207,1.200000000000
165180,0.160926836552,0.160546729257,0.159400767145,0.157471243869,0.154725812550,0.151112325242,0.146549229304,0.140907295772,0.133972108628,0.125356605701,0.114250799027,0.098374744719,,,,,,,,,0.053341760648,1.200000000000
165240,0.160887129807,0.160507179499,0.159361689245,0.157432955597,0.154688637238,0.151076595762,0.146515294499,0.140875531523,0.133942938415,0.125330543207,0.114228553729,0.098357591879,,,,,,,,,0.053338970742,1.200000000000
165300,0.160847457721,0.160467664241,0.159322645371,0.157394700560,0.154651494049,0.151040896970,0.146481388617,0.140843794086,0.133913792526,0.125304502111,0.114206326327,0.098340452458,,,,,,,,,0.053336184482,1.200000000000
165360,0.160807820248,0.160428183439,0.159283635477,0.157356478712,0.154614382939,0.151005228826,0.146447511619,0.140812083426,0.133884670929,0.125278482387,0.114184116800,0.098323326439,,,,,,,,,0.053333401863,1.200000000000
165420,0.160768217342,0.160388737044,0.159244659518,0.157318290008,0.154577303867,0.150969591288,0.146413663468,0.140780399507,0.133855573593,0.125252484006,0.114161925125,0.098306213806,,,,,,,,,0.053330622877,1.200000000000
165480,0.160728648954,0.160349325012,0.159205717448,0.157280134405,0.154540256787,0.150933984316,0.146379844125,0.140748742293,0.133826500486,0.125226506942,0.114139751280,0.098289114541,,,,,,,,,0.053327847519,1.200000000000
165540,0.160689115039,0.160309947294,0.159166809221,0.157242011857,0.154503241659,0.150898407869,0.146346053551,0.140717111750,0.133797451576,0.125200551166,0.114117595241,0.098272028629,,,,,,,,,0.053325075782,1.200000000000
165600,0.160649615550,0.160270603845,0.159127934792,0.157203922321,0.154466258438,0.150862861905,0.146312291710,0.140685507843,0.133768426832,0.125174616652,0.114095456987,0.098254956053,,,,,,,,,0.053322307660,1.200000000000
165660,0.160610150440,0.160231294620,0.159089094114,0.157165865751,0.154429307083,0.150827346385,0.146278558562,0.140653930537,0.133739426222,0.125148703371,0.114073336494,0.098237896796,,,,,,,,,0.053319543146,1.200000000000
165720,0.160570719664,0.160192019570,0.159050287143,0.157127842103,0.154392387549,0.150791861267,0.146244854069,0.140622379795,0.133710449715,0.125122811297,0.114051233740,0.098220850842,,,,,,,,,0.053316782235,1.200000000000
165780,0.160531323173,0.160152778650,0.159011513833,0.157089851334,0.154355499796,0.150756406511,0.146211178194,0.140590855585,0.133681497280,0.125096940402,0.114029148703,0.098203818174,,,,,,,,,0.053314024919,1.200000000000
165840,0.160491960924,0.160113571815,0.158972774139,0.157051893398,0.154318643779,0.150720982078,0.146177530899,0.140559357870,0.133652568884,0.125071090659,0.114007081361,0.098186798777,,,,,,,,,0.053311271193,1.200000000000
165900,0.160452632868,0.160074399018,0.158934068014,0.157013968252,0.154281819458,0.150685587925,0.146143912145,0.140527886616,0.133623664498,0.125045262041,0.113985031690,0.098169792634,,,,,,,,,0.053308521050,1.200000000000
165960,0.160413338961,0.160035260214,0.158895395416,0.156976075852,0.154245026788,0.150650224014,0.146110321895,0.140496441788,0.133594784088,0.125019454520,0.113962999669,0.098152799728,,,,,,,,,0.053305774485,1.200000000000
166020,0.160374079155,0.159996155356,0.158856756297,0.156938216154,0.154208265729,0.150614890303,0.146076760112,0.140465023352,0.133565927626,0.124993668071,0.113940985276,0.098135820043,,,,,,,,,0.053303031490,1.200000000000
166080,0.160334853406,0.159957084399,0.158818150613,0.156900389113,0.154171536238,0.150579586753,0.146043226758,0.140433631272,0.133537095078,0.124967902664,0.113918988487,0.098118853563,,,,,,,,,0.053300292060,1.200000000000
166140,0.160295661667,0.159918047297,0.158779578320,0.156862594687,0.154134838272,0.150544313323,0.146009721794,0.140402265515,0.133508286415,0.124942158275,0.113897009282,0.098101900272,,,,,,,,,0.053297556188,1.200000000000
166200,0.160256503893,0.159879044006,0.158741039372,0.156824832832,0.154098171790,0.150509069974,0.145976245185,0.140370926046,0.133479501605,0.124916434875,0.113875047637,0.098084960153,,,,,,,,,0.053294823869,1.200000000000
166260,0.160217380037,0.159840074478,0.158702533725,0.156787103504,0.154061536749,0.150473856666,0.145942796891,0.140339612830,0.133450740618,0.124890732438,0.113853103530,0.098068033191,,,,,,,,,0.053292095096,1.200000000000
166320,0.160178290055,0.159801138670,0.158664061333,0.156749406659,0.154024933108,0.150438673358,0.145909376876,0.140308325833,0.133422003422,0.124865050936,0.113831176940,0.098051119368,,,,,,,,,0.053289369863,1.200000000000
166380,0.160139233900,0.159762236535,0.158625622153,0.156711742254,0.153988360824,0.150403520011,0.145875985103,0.140277065021,0.133393289986,0.124839390344,0.113809267845,0.098034218669,,,,,,,,,0.053286648163,1.200000000000
166440,0.160100211528,0.159723368029,0.158587216140,0.156674110245,0.153951819857,0.150368396585,0.145842621535,0.140245830359,0.133364600280,0.124813750634,0.113787376222,0.098017331078,,,,,,,,,0.053283929991,1.200000000000
166500,0.160061222893,0.159684533106,0.158548843249,0.156636510590,0.153915310164,0.150333303041,0.145809286133,0.140214621813,0.133335934273,0.124788131779,0.113765502049,0.098000456579,,,,,,,,,0.053281215341,1.200000000000
166560,0.160022267949,0.159645731721,0.158510503436,0.156598943245,0.153878831703,0.150298239339,0.145775978861,0.140183439349,0.133307291934,0.124762533753,0.113743645305,0.097983595155,,,,,,,,,0.053278504206,1.200000000000
166620,0.159983346652,0.159606963830,0.158472196657,0.156561408166,0.153842384434,0.150263205438,0.145742699683,0.140152282933,0.133278673233,0.124736956530,0.113721805967,0.097966746791,,,,,,,,,0.053275796580,1.200000000000
166680,0.159944458957,0.159568229387,0.158433922867,0.156523905312,0.153805968313,0.150228201301,0.145709448560,0.140121152531,0.133250078139,0.124711400082,0.113699984014,0.097949911471,,,,,,,,,0.053273092458,1.200000000000
166740,0.159905604817,0.159529528348,0.158395682023,0.156486434638,0.153769583302,0.150193226887,0.145676225457,0.140090048109,0.133221506622,0.124685864383,0.113678179424,0.097933089178,,,,,,,,,0.053270391833,1.200000000000
166800,0.159866784189,0.159490860668,0.158357474080,0.156448996102,0.153733229356,0.150158282158,0.145643030336,0.140058969634,0.133192958651,0.124660349407,0.113656392174,0.097916279896,,,,,,,,,0.053267694698,1.200000000000
166860,0.159827997028,0.159452226302,0.158319298995,0.156411589661,0.153696906437,0.150123367073,0.145609863160,0.140027917070,0.133164434195,0.124634855127,0.113634622244,0.097899483611,,,,,,,,,0.053265001049,1.200000000000
166920,0.159789243288,0.159413625206,0.158281156723,0.156374215273,0.153660614502,0.150088481594,0.145576723894,0.139996890385,0.133135933225,0.124609381517,0.113612869612,0.097882700305,,,,,,,,,0.053262310879,1.200000000000
166980,0.159750522926,0.159375057335,0.158243047220,0.156336872894,0.153624353509,0.150053625682,0.145543612499,0.139965889545,0.133107455710,0.124583928551,0.113591134255,0.097865929963,,,,,,,,,0.053259624182,1.200000000000
167040,0.159711835895,0.159336522645,0.158204970444,0.156299562482,0.153588123419,0.150018799297,0.145510528940,0.139934914515,0.133079001619,0.124558496201,0.113569416152,0.097849172569,,,,,,,,,0.053256940951,1.200000000000
167100,0.159673182153,0.159298021091,0.158166926350,0.156262283994,0.153551924191,0.149984002400,0.145477473180,0.139903965263,0.133050570923,0.124533084443,0.113547715282,0.097832428107,,,,,,,,,0.053254261182,1.200000000000
167160,0.159634561654,0.159259552630,0.158128914894,0.156225037389,0.153515755782,0.149949234954,0.145444445182,0.139873041755,0.133022163592,0.124507693249,0.113526031622,0.097815696562,,,,,,,,,0.053251584868,1.200000000000
167220,0.159595974353,0.159221117216,0.158090936034,0.156187822623,0.153479618153,0.149914496918,0.145411444911,0.139842143958,0.132993779594,0.124482322593,0.113504365152,0.097798977917,,,,,,,,,0.053248912003,1.200000000000
167280,0.159557420208,0.159182714807,0.158052989725,0.156150639654,0.153443511262,0.149879788255,0.145378472330,0.139811271837,0.132965418901,0.124456972450,0.113482715850,0.097782272157,,,,,,,,,0.053246242580,1.200000000000
167340,0.159518899173,0.159144345357,0.158015075925,0.156113488440,0.153407435070,0.149845108924,0.145345527402,0.139780425360,0.132937081482,0.124431642793,0.113461083695,0.097765579266,,,,,,,,,0.053243576595,1.200000000000
167400,0.159480411204,0.159106008824,0.157977194590,0.156076368939,0.153371389534,0.149810458889,0.145312610091,0.139749604493,0.132908767307,0.124406333596,0.113439468664,0.097748899229,,,,,,,,,0.053240914041,1.200000000000
167460,0.159441956257,0.159067705163,0.157939345677,0.156039281109,0.153335374616,0.149775838110,0.145279720362,0.139718809203,0.132880476347,0.124381044833,0.113417870737,0.097732232030,,,,,,,,,0.053238254913,1.200000000000
167520,0.159403534288,0.159029434330,0.157901529143,0.156002224908,0.153299390274,0.149741246548,0.145246858178,0.139688039457,0.132852208571,0.124355776479,0.113396289891,0.097715577652,,,,,,,,,0.053235599203,1.200000000000
167580,0.159365145254,0.158991196282,0.157863744944,0.155965200293,0.153263436467,0.149706684166,0.145214023503,0.139657295222,0.132823963950,0.124330528507,0.113374726107,0.097698936082,,,,,,,,,0.053232946908,1.200000000000
167640,0.159326789110,0.158952990974,0.157825993039,0.155928207223,0.153227513156,0.149672150924,0.145181216302,0.139626576464,0.132795742453,0.124305300891,0.113353179363,0.097682307302,,,,,,,,,0.053230298019,1.200000000000
167700,0.159288465813,0.158914818365,0.157788273383,0.155891245657,0.153191620301,0.149637646785,0.145148436537,0.139595883151,0.132767544052,0.124280093606,0.113331649636,0.097665691297,,,,,,,,,0.053227652533,1.200000000000
167760,0.159250175318,0.158876678409,0.157750585934,0.155854315551,0.153155757861,0.149603171711,0.145115684175,0.139565215249,0.132739368717,0.124254906626,0.113310136907,0.097649088053,,,,,,,,,0.053225010442,1.200000000000
167820,0.159211917583,0.158838571064,0.157712930650,0.155817416866,0.153119925795,0.149568725662,0.145082959177,0.139534572726,0.132711216417,0.124229739925,0.113288641153,0.097632497552,,,,,,,,,0.053222371742,1.200000000000
167880,0.159173692564,0.158800496286,0.157675307487,0.155780549559,0.153084124065,0.149534308602,0.145050261510,0.139503955549,0.132683087124,0.124204593477,0.113267162354,0.097615919781,,,,,,,,,0.053219736425,1.200000000000
167940,0.159135500217,0.158762454033,0.157637716404,0.155743713588,0.153048352629,0.149499920492,0.145017591138,0.139473363684,0.132654980808,0.124179467258,0.113245700489,0.097599354722,,,,,,,,,0.053217104487,1.200000000000
168000,0.159097340499,0.158724444260,0.157600157357,0.155706908913,0.153012611449,0.149465561294,0.144984948024,0.139442797100,0.132626897440,0.124154361240,0.113224255537,0.097582802362,,,,,,,,,0.053214475922,1.200000000000
168060,0.159059213367,0.158686466925,0.157562630304,0.155670135491,0.152976900484,0.149431230970,0.144952332133,0.139412255764,0.132598836989,0.124129275399,0.113202827475,0.097566262684,,,,,,,,,0.053211850723,1.200000000000
168120,0.159021118777,0.158648521985,0.157525135203,0.155633393282,0.152941219694,0.149396929483,0.144919743430,0.139381739642,0.132570799428,0.124104209709,0.113181416284,0.097549735673,,,,,,,,,0.053209228886,1.200000000000
168180,0.158983056686,0.158610609397,0.157487672012,0.155596682245,0.152905569040,0.149362656794,0.144887181880,0.139351248703,0.132542784726,0.124079164145,0.113160021943,0.097533221314,,,,,,,,,0.053206610403,1.200000000000
168240,0.158945027051,0.158572729117,0.157450240688,0.155560002338,0.152869948482,0.149328412866,0.144854647447,0.139320782914,0.132514792854,0.124054138681,0.113138644430,0.097516719592,,,,,,,,,0.053203995270,1.200000000000
168300,0.158907029830,0.158534881104,0.157412841189,0.155523353520,0.152834357980,0.149294197662,0.144822140096,0.139290342242,0.132486823783,0.124029133292,0.113117283725,0.097500230490,,,,,,,,,0.053201383481,1.200000000000
168360,0.158869064979,0.158497065315,0.157375473473,0.155486735750,0.152798797496,0.149260011143,0.144789659791,0.139259926655,0.132458877484,0.124004147952,0.113095939807,0.097483753994,,,,,,,,,0.053198775030,1.200000000000
168420,0.158831132455,0.158459281706,0.157338137498,0.155450148988,0.152763266989,0.149225853273,0.144757206498,0.139229536120,0.132430953928,0.123979182637,0.113074612654,0.097467290089,,,,,,,,,0.053196169911,1.200000000000
168480,0.158793232216,0.158421530236,0.157300833222,0.155413593191,0.152727766421,0.149191724013,0.144724780181,0.139199170606,0.132403053086,0.123954237320,0.113053302247,0.097450838759,,,,,,,,,0.053193568119,1.200000000000
168540,0.158755364219,0.158383810862,0.157263560604,0.155377068321,0.152692295751,0.149157623327,0.144692380806,0.139168830080,0.132375174929,0.123929311977,0.113032008564,0.097434399989,,,,,,,,,0.053190969647,1.200000000000
168600,0.158717528421,0.158346123541,0.157226319601,0.155340574336,0.152656854941,0.149123551177,0.144660008337,0.139138514510,0.132347319428,0.123904406583,0.113010731584,0.097417973764,,,,,,,,,0.053188374491,1.200000000000
168660,0.158679724780,0.158308468231,0.157189110173,0.155304111195,0.152621443952,0.149089507525,0.144627662740,0.139108223863,0.132319486553,0.123879521112,0.112989471287,0.097401560069,,,,,,,,,0.053185782644,1.200000000000
168720,0.158641953253,0.158270844890,0.157151932276,0.155267678857,0.152586062745,0.149055492336,0.144595343979,0.139077958109,0.132291676277,0.123854655539,0.112968227653,0.097385158888,,,,,,,,,0.053183194101,1.200000000000
168780,0.158604213798,0.158233253475,0.157114785870,0.155231277283,0.152550711280,0.149021505571,0.144563052020,0.139047717214,0.132263888570,0.123829809840,0.112947000660,0.097368770206,,,,,,,,,0.053180608857,1.200000000000
168840,0.158566506373,0.158195693945,0.157077670914,0.155194906432,0.152515389518,0.148987547194,0.144530786829,0.139017501146,0.132236123404,0.123804983989,0.112925790289,0.097352394010,,,,,,,,,0.053178026905,1.200000000000
168900,0.158528830935,0.158158166258,0.157040587365,0.155158566263,0.152480097421,0.148953617167,0.144498548370,0.138987309875,0.132208380749,0.123780177961,0.112904596517,0.097336030282,,,,,,,,,0.053175448240,1.200000000000
168960,0.158491187442,0.158120670371,0.157003535183,0.155122256737,0.152444834950,0.148919715454,0.144466336609,0.138957143367,0.132180660578,0.123755391732,0.112883419326,0.097319679008,,,,,,,,,0.053172872856,1.200000000000
169020,0.158453575853,0.158083206243,0.156966514325,0.155085977813,0.152409602067,0.148885842018,0.144434151511,0.138927001592,0.132152962862,0.123730625276,0.112862258694,0.097303340174,,,,,,,,,0.053170300748,1.200000000000
169080,0.158415996124,0.158045773831,0.156929524752,0.155049729450,0.152374398732,0.148851996822,0.144401993042,0.138896884517,0.132125287571,0.123705878569,0.112841114601,0.097287013764,,,,,,,,,0.053167731910,1.200000000000
169140,0.158378448214,0.158008373095,0.156892566422,0.155013511609,0.152339224906,0.148818179829,0.144369861168,0.138866792110,0.132097634679,0.123681151585,0.112819987027,0.097270699764,,,,,,,,,0.053165166337,1.200000000000
169200,0.158340932082,0.157971003992,0.156855639294,0.154977324250,0.152304080552,0.148784391003,0.144337755854,0.138836724341,0.132070004155,0.123656444301,0.112798875950,0.097254398157,,,,,,,,,0.053162604023,1.200000000000
169260,0.158303447685,0.157933666481,0.156818743327,0.154941167333,0.152268965631,0.148750630307,0.144305677065,0.138806681177,0.132042395973,0.123631756691,0.112777781352,0.097238108930,,,,,,,,,0.053160044962,1.200000000000
169320,0.158265994981,0.157896360521,0.156781878480,0.154905040818,0.152233880105,0.148716897704,0.144273624768,0.138776662587,0.132014810102,0.123607088731,0.112756703211,0.097221832068,,,,,,,,,0.053157489150,1.200000000000
169380,0.158228573930,0.157859086069,0.156745044712,0.154868944666,0.152198823934,0.148683193159,0.144241598929,0.138746668540,0.131987246516,0.123582440397,0.112735641507,0.097205567555,,,,,,,,,0.053154936579,1.200000000000
169440,0.158191184489,0.157821843084,0.156708241982,0.154832878835,0.152163797082,0.148649516634,0.144209599513,0.138716699004,0.131959705186,0.123557811662,0.112714596220,0.097189315377,,,,,,,,,0.053152387246,1.200000000000
169500,0.158153826616,0.157784631526,0.156671470250,0.154796843288,0.152128799509,0.148615868093,0.144177626486,0.138686753947,0.131932186083,0.123533202504,0.112693567330,0.097173075519,,,,,,,,,0.053149841144,1.200000000000
169560,0.158116500272,0.157747451353,0.156634729475,0.154760837984,0.152093831177,0.148582247501,0.144145679814,0.138656833339,0.131904689180,0.123508612897,0.112672554816,0.097156847967,,,,,,,,,0.053147298268,1.200000000000
169620,0.158079205413,0.157710302523,0.156598019617,0.154724862884,0.152058892050,0.148548654820,0.144113759464,0.138626937148,0.131877214448,0.123484042817,0.112651558659,0.097140632704,,,,,,,,,0.053144758612,1.200000000000
169680,0.158041941999,0.157673184996,0.156561340635,0.154688917948,0.152023982087,0.148515090015,0.144081865400,0.138597065343,0.131849761859,0.123459492240,0.112630578838,0.097124429717,,,,,,,,,0.053142222172,1.200000000000
169740,0.158004709989,0.157636098731,0.156524692489,0.154653003137,0.151989101252,0.148481553050,0.144049997591,0.138567217893,0.131822331386,0.123434961141,0.112609615333,0.097108238992,,,,,,,,,0.053139688940,1.200000000000
169800,0.157967509341,0.157599043686,0.156488075138,0.154617118411,0.151954249507,0.148448043888,0.144018156001,0.138537394766,0.131794923000,0.123410449496,0.112588668125,0.097092060512,,,,,,,,,0.053137158913,1.200000000000
169860,0.157930340014,0.157562019821,0.156451488542,0.154581263732,0.151919426814,0.148414562494,0.143986340597,0.138507595932,0.131767536673,0.123385957281,0.112567737192,0.097075894264,,,,,,,,,0.053134632085,1.200000000000
169920,0.157893201968,0.157525027096,0.156414932661,0.154545439061,0.151884633134,0.148381108831,0.143954551345,0.138477821360,0.131740172378,0.123361484471,0.112546822515,0.097059740233,,,,,,,,,0.053132108449,1.200000000000
169980,0.157856095161,0.157488065468,0.156378407455,0.154509644357,0.151849868431,0.148347682864,0.143922788212,0.138448071019,0.131712830087,0.123337031042,0.112525924075,0.097043598404,,,,,,,,,0.053129588002,1.200000000000
170040,0.157819019553,0.157451134899,0.156341912884,0.154473879583,0.151815132667,0.148314284557,0.143891051165,0.138418344877,0.131685509772,0.123312596970,0.112505041851,0.097027468763,,,,,,,,,0.053127070737,1.200000000000
170100,0.157781975102,0.157414235346,0.156305448907,0.154438144698,0.151780425805,0.148280913875,0.143859340169,0.138388642904,0.131658211404,0.123288182231,0.112484175823,0.097011351295,,,,,,,,,0.053124556648,1.200000000000
170160,0.157744961769,0.157377366770,0.156269015486,0.154402439665,0.151745747806,0.148247570781,0.143827655191,0.138358965070,0.131630934957,0.123263786801,0.112463325971,0.096995245985,,,,,,,,,0.053122045732,1.200000000000
170220,0.157707979511,0.157340529130,0.156232612579,0.154366764445,0.151711098633,0.148214255240,0.143795996198,0.138329311343,0.131603680403,0.123239410655,0.112442492277,0.096979152819,,,,,,,,,0.053119537981,1.200000000000
170280,0.157671028290,0.157303722385,0.156196240148,0.154331118998,0.151676478250,0.148180967217,0.143764363157,0.138299681692,0.131576447715,0.123215053770,0.112421674719,0.096963071783,,,,,,,,,0.053117033392,1.200000000000
170340,0.157634108064,0.157266946496,0.156159898152,0.154295503286,0.151641886618,0.148147706676,0.143732756035,0.138270076088,0.131549236864,0.123190716122,0.112400873278,0.096947002862,,,,,,,,,0.053114531958,1.200000000000
170400,0.157597218792,0.157230201422,0.156123586552,0.154259917270,0.151607323701,0.148114473581,0.143701174797,0.138240494500,0.131522047823,0.123166397686,0.112380087934,0.096930946041,,,,,,,,,0.053112033674,1.200000000000
170460,0.157560360435,0.157193487123,0.156087305309,0.154224360912,0.151572789461,0.148081267898,0.143669619412,0.138210936897,0.131494880564,0.123142098440,0.112359318669,0.096914901307,,,,,,,,,0.053109538535,1.200000000000
170520,0.157523532953,0.157156803559,0.156051054382,0.154188834174,0.151538283861,0.148048089591,0.143638089845,0.138181403248,0.131467735062,0.123117818358,0.112338565461,0.096898868644,,,,,,,,,0.053107046536,1.200000000000
170580,0.157486736304,0.157120150690,0.156014833733,0.154153337016,0.151503806865,0.148014938624,0.143606586064,0.138151893524,0.131440611287,0.123093557418,0.112317828291,0.096882848038,,,,,,,,,0.053104557671,1.200000000000
170640,0.157449970449,0.157083528476,0.155978643322,0.154117869401,0.151469358434,0.147981814963,0.143575108036,0.138122407693,0.131413509213,0.123069315595,0.112297107141,0.096866839475,,,,,,,,,0.053102071935,1.200000000000
170700,0.157413235347,0.157046936877,0.155942483110,0.154082431290,0.151434938534,0.147948718573,0.143543655729,0.138092945726,0.131386428812,0.123045092865,0.112276401989,0.096850842941,,,,,,,,,0.053099589323,1.200000000000
170760,0.157376530959,0.157010375853,0.155906353057,0.154047022645,0.151400547126,0.147915649418,0.143512229108,0.138063507592,0.131359370057,0.123020889206,0.112255712818,0.096834858421,,,,,,,,,0.053097109829,1.200000000000
170820,0.157339857245,0.156973845364,0.155870253124,0.154011643427,0.151366184173,0.147882607464,0.143480828142,0.138034093261,0.131332332921,0.122996704593,0.112235039606,0.096818885900,,,,,,,,,0.053094633449,1.200000000000
170880,0.157303214165,0.156937345371,0.155834183273,0.153976293600,0.151331849640,0.147849592675,0.143449452797,0.138004702704,0.131305317377,0.122972539003,0.112214382335,0.096802925366,,,,,,,,,0.053092160176,1.200000000000
170940,0.157266601678,0.156900875834,0.155798143465,0.153940973124,0.151297543489,0.147816605016,0.143418103041,0.137975335889,0.131278323398,0.122948392412,0.112193740986,0.096786976803,,,,,,,,,0.053089690006,1.200000000000
171000,0.157230019746,0.156864436714,0.155762133659,0.153905681962,0.151263265684,0.147783644454,0.143386778842,0.137945992786,0.131251350957,0.122924264796,0.112173115538,0.096771040196,,,,,,,,,0.053087222933,1.200000000000
171060,0.157193468329,0.156828027971,0.155726153818,0.153870420075,0.151229016188,0.147750710952,0.143355480166,0.137916673367,0.131224400026,0.122900156133,0.112152505973,0.096755115533,,,,,,,,,0.053084758953,1.200000000000
171120,0.157156947386,0.156791649566,0.155690203903,0.153835187427,0.151194794965,0.147717804477,0.143324206981,0.137887377600,0.131197470579,0.122876066398,0.112131912271,0.096739202799,,,,,,,,,0.053082298060,1.200000000000
171180,0.157120456879,0.156755301459,0.155654283874,0.153799983979,0.151160601978,0.147684924994,0.143292959255,0.137858105456,0.131170562589,0.122851995569,0.112111334413,0.096723301979,,,,,,,,,0.053079840249,1.200000000000
171240,0.157083996768,0.156718983611,0.155618393694,0.153764809693,0.151126437192,0.147652072468,0.143261736955,0.137828856905,0.131143676029,0.122827943621,0.112090772379,0.096707413059,,,,,,,,,0.053077385515,1.200000000000
171300,0.157047567014,0.156682695982,0.155582533324,0.153729664532,0.151092300569,0.147619246865,0.143230540049,0.137799631918,0.131116810872,0.122803910532,0.112070226151,0.096691536026,,,,,,,,,0.053074933852,1.200000000000
171360,0.157011167576,0.156646438535,0.155546702724,0.153694548459,0.151058192074,0.147586448150,0.143199368505,0.137770430464,0.131089967091,0.122779896278,0.112049695709,0.096675670865,,,,,,,,,0.053072485255,1.200000000000
171420,0.156974798417,0.156610211229,0.155510901857,0.153659461435,0.151024111671,0.147553676288,0.143168222290,0.137741252513,0.131063144661,0.122755900836,0.112029181034,0.096659817562,,,,,,,,,0.053070039720,1.200000000000
171480,0.156938459497,0.156574014026,0.155475130684,0.153624403423,0.150990059323,0.147520931247,0.143137101372,0.137712098037,0.131036343553,0.122731924183,0.112008682107,0.096643976103,,,,,,,,,0.053067597241,1.200000000000
171540,0.156902150776,0.156537846887,0.155439389167,0.153589374387,0.150956034994,0.147488212990,0.143106005720,0.137682967005,0.131009563741,0.122707966296,0.111988198908,0.096628146474,,,,,,,,,0.053065157812,1.200000000000
171600,0.156865872215,0.156501709773,0.155403677267,0.153554374288,0.150922038649,0.147455521485,0.143074935300,0.137653859388,0.130982805199,0.122684027150,0.111967731419,0.096612328662,,,,,,,,,0.053062721430,1.200000000000
171660,0.156829623777,0.156465602644,0.155367994947,0.153519403089,0.150888070251,0.147422856696,0.143043890081,0.137624775157,0.130956067901,0.122660106724,0.111947279620,0.096596522651,,,,,,,,,0.053060288088,1.200000000000
171720,0.156793405421,0.156429525463,0.155332342167,0.153484460754,0.150854129765,0.147390218590,0.143012870031,0.137595714282,0.130929351819,0.122636204995,0.111926843493,0.096580728428,,,,,,,,,0.053057857783,1.200000000000
171780,0.156757217108,0.156393478191,0.155296718891,0.153449547245,0.150820217155,0.147357607133,0.142981875118,0.137566676733,0.130902656928,0.122612321938,0.111906423019,0.096564945980,,,,,,,,,0.053055430507,1.200000000000
171840,0.156721058801,0.156357460789,0.155261125080,0.153414662525,0.150786332385,0.147325022290,0.142950905310,0.137537662482,0.130875983200,0.122588457531,0.111886018178,0.096549175292,,,,,,,,,0.053053006257,1.200000000000
171900,0.156684930460,0.156321473218,0.155225560696,0.153379806557,0.150752475419,0.147292464029,0.142919960576,0.137508671498,0.130849330610,0.122564611752,0.111865628951,0.096533416350,,,,,,,,,0.053050585028,1.200000000000
171960,0.156648832047,0.156285515440,0.155190025701,0.153344979303,0.150718646223,0.147259932314,0.142889040883,0.137479703754,0.130822699131,0.122540784577,0.111845255321,0.096517669140,,,,,,,,,0.053048166814,1.200000000000
172020,0.156612763522,0.156249587417,0.155154520057,0.153310180728,0.150684844760,0.147227427112,0.142858146200,0.137450759218,0.130796088737,0.122516975984,0.111824897267,0.096501933649,,,,,,,,,0.053045751611,1.200000000000
172080,0.156576724849,0.156213689111,0.155119043727,0.153275410795,0.150651070995,0.147194948390,0.142827276495,0.137421837863,0.130769499401,0.122493185949,0.111804554771,0.096486209863,,,,,,,,,0.053043339412,1.200000000000
172140,0.156540715987,0.156177820482,0.155083596672,0.153240669466,0.150617324892,0.147162496113,0.142796431736,0.137392939660,0.130742931098,0.122469414450,0.111784227814,0.096470497768,,,,,,,,,0.053040930215,1.200000000000
172200,0.156504736899,0.156141981493,0.155048178856,0.153205956705,0.150583606416,0.147130070248,0.142765611893,0.137364064578,0.130716383801,0.122445661463,0.111763916378,0.096454797350,,,,,,,,,0.053038524012,1.200000000000
172260,0.156468787546,0.156106172106,0.155012790241,0.153171272476,0.150549915533,0.147097670762,0.142734816933,0.137335212590,0.130689857484,0.122421926967,0.111743620443,0.096439108596,,,,,,,,,0.053036120800,1.200000000000
172320,0.156432867890,0.156070392283,0.154977430789,0.153136616741,0.150516252206,0.147065297621,0.142704046826,0.137306383665,0.130663352122,0.122398210939,0.111723339991,0.096423431491,,,,,,,,,0.053033720573,1.200000000000
172380,0.156396977893,0.156034641985,0.154942100462,0.153101989464,0.150482616400,0.147032950791,0.142673301539,0.137277577777,0.130636867687,0.122374513356,0.111703075004,0.096407766022,,,,,,,,,0.053031323326,1.200000000000
172440,0.156361117517,0.155998921175,0.154906799224,0.153067390610,0.150449008081,0.147000630239,0.142642581042,0.137248794894,0.130610404155,0.122350834194,0.111682825462,0.096392112175,,,,,,,,,0.053028929055,1.200000000000
172500,0.156325286723,0.155963229814,0.154871527037,0.153032820141,0.150415427214,0.146968335931,0.142611885302,0.137220034989,0.130583961499,0.122327173433,0.111662591347,0.096376469937,,,,,,,,,0.053026537754,1.200000000000
172560,0.156289485474,0.155927567866,0.154836283864,0.152998278021,0.150381873762,0.146936067836,0.142581214290,0.137191298033,0.130557539693,0.122303531049,0.111642372641,0.096360839294,,,,,,,,,0.053024149419,1.200000000000
172620,0.156253713732,0.155891935292,0.154801069667,0.152963764214,0.150348347692,0.146903825918,0.142550567973,0.137162583997,0.130531138712,0.122279907019,0.111622169324,0.096345220232,,,,,,,,,0.053021764044,1.200000000000
172680,0.156217971459,0.155856332054,0.154765884410,0.152929278684,0.150314848969,0.146871610145,0.142519946321,0.137133892853,0.130504758529,0.122256301321,0.111601981378,0.096329612738,,,,,,,,,0.053019381625,1.200000000000
172740,0.156182258616,0.155820758116,0.154730728055,0.152894821394,0.150281377557,0.146839420484,0.142489349302,0.137105224571,0.130478399119,0.122232713934,0.111581808786,0.096314016798,,,,,,,,,0.053017002157,1.200000000000
172800,0.156146575167,0.155785213439,0.154695600565,0.152860392309,0.150247933422,0.146807256902,0.142458776886,0.137076579124,0.130452060456,0.122209144833,0.111561651527,0.096298432399,,,,,,,,,0.053014625634,1.200000000000
172860,0.156110921074,0.155749697985,0.154660501904,0.152825991393,0.150214516530,0.146775119365,0.142428229042,0.137047956483,0.130425742515,0.122185593998,0.111541509585,0.096282859527,,,,,,,,,0.053012252053,1.200000000000
172920,0.156075296299,0.155714211719,0.154625432035,0.152791618609,0.150181126845,0.146743007841,0.142397705738,0.137019356618,0.130399445270,0.122162061405,0.111521382939,0.096267298168,,,,,,,,,0.053009881407,1.200000000000
172980,0.156039700804,0.155678754601,0.154590390921,0.152757273922,0.150147764333,0.146710922297,0.142367206944,0.136990779503,0.130373168695,0.122138547033,0.111501271573,0.096251748309,,,,,,,,,0.053007513692,1.200000000000
173040,0.156004134552,0.155643326595,0.154555378524,0.152722957297,0.150114428959,0.146678862700,0.142336732629,0.136962225108,0.130346912764,0.122115050859,0.111481175468,0.096236209936,,,,,,,,,0.053005148904,1.200000000000
173100,0.155968597505,0.155607927664,0.154520394810,0.152688668696,0.150081120690,0.146646829018,0.142306282762,0.136933693405,0.130320677453,0.122091572861,0.111461094604,0.096220683037,,,,,,,,,0.053002787037,1.200000000000
173160,0.155933089627,0.155572557770,0.154485439739,0.152654408085,0.150047839491,0.146614821216,0.142275857312,0.136905184366,0.130294462736,0.122068113016,0.111441028965,0.096205167597,,,,,,,,,0.053000428087,1.200000000000
173220,0.155897610880,0.155537216876,0.154450513278,0.152620175427,0.150014585326,0.146582839264,0.142245456250,0.136876697962,0.130268268587,0.122044671303,0.111420978532,0.096189663603,,,,,,,,,0.052998072048,1.200000000000
173280,0.155862161226,0.155501904946,0.154415615387,0.152585970688,0.149981358163,0.146550883127,0.142215079543,0.136848234166,0.130242094980,0.122021247700,0.111400943286,0.096174171042,,,,,,,,,0.052995718917,1.200000000000
173340,0.155826740629,0.155466621942,0.154380746033,0.152551793832,0.149948157967,0.146518952774,0.142184727162,0.136819792949,0.130215941892,0.121997842184,0.111380923210,0.096158689901,,,,,,,,,0.052993368687,1.200000000000
173400,0.155791349052,0.155431367827,0.154345905177,0.152517644823,0.149914984703,0.146487048173,0.142154399077,0.136791374283,0.130189809296,0.121974454733,0.111360918284,0.096143220165,,,,,,,,,0.052991021355,1.200000000000
173460,0.155755986456,0.155396142565,0.154311092783,0.152483523626,0.149881838338,0.146455169290,0.142124095256,0.136762978141,0.130163697166,0.121951085326,0.111340928492,0.096127761823,,,,,,,,,0.052988676915,1.200000000000
173520,0.155720652806,0.155360946118,0.154276308817,0.152449430206,0.149848718837,0.146423316093,0.142093815670,0.136734604493,0.130137605479,0.121927733940,0.111320953815,0.096112314859,,,,,,,,,0.052986335363,1.200000000000
173580,0.155685348065,0.155325778451,0.154241553240,0.152415364527,0.149815626167,0.146391488549,0.142063560287,0.136706253313,0.130111534208,0.121904400554,0.111300994234,0.096096879262,,,,,,,,,0.052983996694,1.200000000000
173640,0.155650072195,0.155290639526,0.154206826018,0.152381326554,0.149782560294,0.146359686628,0.142033329078,0.136677924571,0.130085483329,0.121881085145,0.111281049732,0.096081455018,,,,,,,,,0.052981660904,1.200000000000
173700,0.155614825160,0.155255529306,0.154172127113,0.152347316252,0.149749521183,0.146327910295,0.142003122013,0.136649618241,0.130059452816,0.121857787693,0.111261120291,0.096066042113,,,,,,,,,0.052979327986,1.200000000000
173760,0.155579606923,0.155220447756,0.154137456491,0.152313333586,0.149716508801,0.146296159520,0.141972939061,0.136621334295,0.130033442645,0.121834508174,0.111241205892,0.096050640534,,,,,,,,,0.052976997937,1.200000000000
173820,0.155544417448,0.155185394838,0.154102814114,0.152279378521,0.149683523114,0.146264434270,0.141942780192,0.136593072704,0.130007452790,0.121811246567,0.111221306519,0.096035250269,,,,,,,,,0.052974670752,1.200000000000
173880,0.155509256698,0.155150370517,0.154068199948,0.152245451022,0.149650564088,0.146232734512,0.141912645376,0.136564833442,0.129981483227,0.121788002851,0.111201422152,0.096019871304,,,,,,,,,0.052972346427,1.200000000000
173940,0.155474124635,0.155115374755,0.154033613956,0.152211551054,0.149617631690,0.146201060216,0.141882534583,0.136536616479,0.129955533930,0.121764777003,0.111181552773,0.096004503626,,,,,,,,,0.052970024956,1.200000000000
174000,0.155439021225,0.155080407517,0.153999056103,0.152177678582,0.149584725886,0.146169411348,0.141852447783,0.136508421789,0.129929604875,0.121741569003,0.111161698366,0.095989147221,,,,,,,,,0.052967706334,1.200000000000
174060,0.155403946430,0.155045468767,0.153964526353,0.152143833571,0.149551846643,0.146137787877,0.141822384946,0.136480249345,0.129903696036,0.121718378828,0.111141858912,0.095973802077,,,,,,,,,0.052965390558,1.200000000000
174120,0.155368900214,0.155010558467,0.153930024670,0.152110015987,0.149518993927,0.146106189771,0.141792346043,0.136452099118,0.129877807390,0.121695206457,0.111122034393,0.095958468180,,,,,,,,,0.052963077622,1.200000000000
174180,0.155333882541,0.154975676583,0.153895551019,0.152076225795,0.149486167705,0.146074616999,0.141762331042,0.136423971081,0.129851938910,0.121672051868,0.111102224792,0.095943145518,,,,,,,,,0.052960767522,1.200000000000
174240,0.155298893375,0.154940823078,0.153861105365,0.152042462960,0.149453367943,0.146043069528,0.141732339915,0.136395865207,0.129826090574,0.121648915039,0.111082430090,0.095927834076,,,,,,,,,0.052958460253,1.200000000000
174300,0.155263932679,0.154905997916,0.153826687671,0.152008727448,0.149420594608,0.146011547327,0.141702372632,0.136367781467,0.129800262355,0.121625795950,0.111062650271,0.095912533844,,,,,,,,,0.052956155810,1.200000000000
174360,0.155229000417,0.154871201061,0.153792297902,0.151975019224,0.149387847667,0.145980050363,0.141672429163,0.136339719836,0.129774454229,0.121602694579,0.111042885315,0.095897244806,,,,,,,,,0.052953854189,1.200000000000
174420,0.155194096553,0.154836432477,0.153757936023,0.151941338254,0.149355127086,0.145948578607,0.141642509478,0.136311680285,0.129748666172,0.121579610904,0.111023135206,0.095881966951,,,,,,,,,0.052951555385,1.200000000000
174480,0.155159221052,0.154801692129,0.153723602000,0.151907684503,0.149322432833,0.145917132025,0.141612613548,0.136283662788,0.129722898159,0.121556544904,0.111003399926,0.095866700265,,,,,,,,,0.052949259394,1.200000000000
174540,0.155124373877,0.154766979980,0.153689295795,0.151874057937,0.149289764874,0.145885710587,0.141582741344,0.136255667316,0.129697150165,0.121533496557,0.110983679457,0.095851444735,,,,,,,,,0.052946966210,1.200000000000
174600,0.155089554993,0.154732295995,0.153655017375,0.151840458522,0.149257123176,0.145854314261,0.141552892835,0.136227693844,0.129671422167,0.121510465843,0.110963973782,0.095836200349,,,,,,,,,0.052944675830,1.200000000000
174660,0.155054764363,0.154697640139,0.153620766705,0.151806886224,0.149224507706,0.145822943016,0.141523067992,0.136199742343,0.129645714139,0.121487452739,0.110944282883,0.095820967093,,,,,,,,,0.052942388248,1.200000000000
174720,0.155020001952,0.154663012376,0.153586543749,0.151773341008,0.149191918432,0.145791596819,0.141493266787,0.136171812786,0.129620026058,0.121464457226,0.110924606743,0.095805744955,,,,,,,,,0.052940103461,1.200000000000
174780,0.154985267724,0.154628412669,0.153552348472,0.151739822841,0.149159355321,0.145760275641,0.141463489189,0.136143905147,0.129594357898,0.121441479281,0.110904945343,0.095790533921,,,,,,,,,0.052937821462,1.200000000000
174840,0.154950561644,0.154593840985,0.153518180839,0.151706331688,0.149126818339,0.145728979450,0.141433735169,0.136116019399,0.129568709636,0.121418518883,0.110885298667,0.095775333979,,,,,,,,,0.052935542249,1.200000000000
174900,0.154915883676,0.154559297288,0.153484040816,0.151672867515,0.149094307454,0.145697708214,0.141404004699,0.136088155515,0.129543081247,0.121395576011,0.110865666697,0.095760145117,,,,,,,,,0.052933265816,1.200000000000
174960,0.154881233785,0.154524781541,0.153449928368,0.151639430288,0.149061822633,0.145666461903,0.141374297748,0.136060313467,0.129517472707,0.121372650644,0.110846049416,0.095744967320,,,,,,,,,0.052930992159,1.200000000000
175020,0.154846611934,0.154490293710,0.153415843460,0.151606019974,0.149029363844,0.145635240485,0.141344614288,0.136032493228,0.129491883992,0.121349742761,0.110826446806,0.095729800577,,,,,,,,,0.052928721273,1.200000000000
175080,0.154812018090,0.154455833760,0.153381786057,0.151572636539,0.148996931054,0.145604043929,0.141314954289,0.136004694773,0.129466315078,0.121326852341,0.110806858850,0.095714644874,,,,,,,,,0.052926453154,1.200000000000
175140,0.154777452216,0.154421401656,0.153347756124,0.151539279948,0.148964524230,0.145572872205,0.141285317723,0.135976918074,0.129440765940,0.121303979363,0.110787285530,0.095699500199,,,,,,,,,0.052924187797,1.200000000000
175200,0.154742914277,0.154386997362,0.153313753628,0.151505950169,0.148932143340,0.145541725281,0.141255704561,0.135949163105,0.129415236555,0.121281123806,0.110767726829,0.095684366539,,,,,,,,,0.052921925197,1.200000000000
175260,0.154708404238,0.154352620843,0.153279778533,0.151472647167,0.148899788352,0.145510603127,0.141226114773,0.135921429838,0.129389726899,0.121258285649,0.110748182730,0.095669243882,,,,,,,,,0.052919665351,1.200000000000
175320,0.154673922063,0.154318272065,0.153245830806,0.151439370910,0.148867459233,0.145479505712,0.141196548331,0.135893718248,0.129364236946,0.121235464870,0.110728653216,0.095654132215,,,,,,,,,0.052917408253,1.200000000000
175380,0.154639467719,0.154283950992,0.153211910411,0.151406121363,0.148835155951,0.145448433004,0.141167005205,0.135866028307,0.129338766675,0.121212661450,0.110709138269,0.095639031524,,,,,,,,,0.052915153899,1.200000000000
175440,0.154605041169,0.154249657591,0.153178017315,0.151372898493,0.148802878473,0.145417384974,0.141137485367,0.135838359989,0.129313316060,0.121189875367,0.110689637873,0.095623941798,,,,,,,,,0.052912902285,1.200000000000
175500,0.154570642379,0.154215391824,0.153144151482,0.151339702266,0.148770626768,0.145386361591,0.141107988789,0.135810713267,0.129287885077,0.121167106601,0.110670152009,0.095608863023,,,,,,,,,0.052910653407,1.200000000000
175560,0.154536271314,0.154181153660,0.153110312880,0.151306532650,0.148738400803,0.145355362823,0.141078515441,0.135783088116,0.129262473704,0.121144355131,0.110650680661,0.095593795188,,,,,,,,,0.052908407259,1.200000000000
175620,0.154501927938,0.154146943061,0.153076501473,0.151273389611,0.148706200546,0.145324388641,0.141049065295,0.135755484508,0.129237081915,0.121121620935,0.110631223812,0.095578738279,,,,,,,,,0.052906163837,1.200000000000
175680,0.154467612218,0.154112759995,0.153042717228,0.151240273115,0.148674025965,0.145293439014,0.141019638322,0.135727902417,0.129211709688,0.121098903993,0.110611781444,0.095563692284,,,,,,,,,0.052903923137,1.200000000000
175740,0.154433324118,0.154078604425,0.153008960111,0.151207183130,0.148641877028,0.145262513911,0.140990234493,0.135700341817,0.129186356999,0.121076204286,0.110592353541,0.095548657190,,,,,,,,,0.052901685154,1.200000000000
175800,0.154399063604,0.154044476319,0.152975230087,0.151174119622,0.148609753703,0.145231613303,0.140960853781,0.135672802681,0.129161023823,0.121053521791,0.110572940085,0.095533632986,,,,,,,,,0.052899449885,1.200000000000
175860,0.154364830642,0.154010375641,0.152941527123,0.151141082558,0.148577655958,0.145200737158,0.140931496156,0.135645284984,0.129135710137,0.121030856488,0.110553541060,0.095518619657,,,,,,,,,0.052897217324,1.200000000000
175920,0.154330625195,0.153976302357,0.152907851185,0.151108071906,0.148545583762,0.145169885446,0.140902161590,0.135617788699,0.129110415919,0.121008208357,0.110534156448,0.095503617192,,,,,,,,,0.052894987467,1.200000000000
175980,0.154296447231,0.153942256432,0.152874202239,0.151075087632,0.148513537082,0.145139058138,0.140872850055,0.135590313799,0.129085141143,0.120985577378,0.110514786233,0.095488625579,,,,,,,,,0.052892760309,1.200000000000
176040,0.154262296715,0.153908237833,0.152840580250,0.151042129703,0.148481515887,0.145108255202,0.140843561522,0.135562860260,0.129059885787,0.120962963529,0.110495430397,0.095473644805,,,,,,,,,0.052890535847,1.200000000000
176100,0.154228173612,0.153874246525,0.152806985187,0.151009198087,0.148449520145,0.145077476610,0.140814295963,0.135535428054,0.129034649826,0.120940366790,0.110476088923,0.095458674857,,,,,,,,,0.052888314077,1.200000000000
176160,0.154194077888,0.153840282474,0.152773417014,0.150976292750,0.148417549824,0.145046722329,0.140785053350,0.135508017156,0.129009433239,0.120917787141,0.110456761796,0.095443715723,,,,,,,,,0.052886094992,1.200000000000
176220,0.154160009508,0.153806345646,0.152739875698,0.150943413660,0.148385604894,0.145015992332,0.140755833655,0.135480627539,0.128984236000,0.120895224561,0.110437448997,0.095428767390,,,,,,,,,0.052883878590,1.200000000000
176280,0.154125968439,0.153772436006,0.152706361207,0.150910560784,0.148353685322,0.144985286587,0.140726636849,0.135453259178,0.128959058087,0.120872679031,0.110418150510,0.095413829847,,,,,,,,,0.052881664866,1.200000000000
176340,0.154091954646,0.153738553522,0.152672873505,0.150877734090,0.148321791077,0.144954605064,0.140697462904,0.135425912047,0.128933899477,0.120850150528,0.110398866319,0.095398903081,,,,,,,,,0.052879453815,1.200000000000
176400,0.154057968095,0.153704698158,0.152639412560,0.150844933545,0.148289922127,0.144923947734,0.140668311793,0.135398586119,0.128908760146,0.120827639035,0.110379596405,0.095383987079,,,,,,,,,0.052877245433,1.200000000000
176460,0.154024008753,0.153670869881,0.152605978339,0.150812159117,0.148258078442,0.144893314567,0.140639183487,0.135371281370,0.128883640070,0.120805144529,0.110360340754,0.095369081829,,,,,,,,,0.052875039717,1.200000000000
176520,0.153990076585,0.153637068658,0.152572570807,0.150779410772,0.148226259989,0.144862705533,0.140610077958,0.135343997773,0.128858539228,0.120782666991,0.110341099347,0.095354187320,,,,,,,,,0.052872836660,1.200000000000
176580,0.153956171557,0.153603294454,0.152539189933,0.150746688479,0.148194466738,0.144832120602,0.140580995179,0.135316735303,0.128833457594,0.120760206400,0.110321872169,0.095339303537,,,,,,,,,0.052870636260,1.200000000000
176640,0.153922293635,0.153569547236,0.152505835682,0.150713992205,0.148162698657,0.144801559745,0.140551935121,0.135289493933,0.128808395147,0.120737762737,0.110302659202,0.095324430471,,,,,,,,,0.052868438512,1.200000000000
176700,0.153888442786,0.153535826970,0.152472508021,0.150681321917,0.148130955716,0.144771022931,0.140522897756,0.135262273638,0.128783351863,0.120715335981,0.110283460430,0.095309568107,,,,,,,,,0.052866243412,1.200000000000
176760,0.153854618975,0.153502133622,0.152439206918,0.150648677585,0.148099237882,0.144740510132,0.140493883058,0.135235074393,0.128758327720,0.120692926112,0.110264275837,0.095294716434,,,,,,,,,0.052864050954,1.200000000000
176820,0.153820822170,0.153468467160,0.152405932340,0.150616059174,0.148067545126,0.144710021318,0.140464890997,0.135207896172,0.128733322693,0.120670533111,0.110245105405,0.095279875440,,,,,,,,,0.052861861136,1.200000000000
176880,0.153787052336,0.153434827548,0.152372684252,0.150583466654,0.148035877416,0.144679556458,0.140435921547,0.135180738949,0.128708336760,0.120648156956,0.110225949118,0.095265045112,,,,,,,,,0.052859673953,1.200000000000
176940,0.153753309440,0.153401214755,0.152339462623,0.150550899992,0.148004234720,0.144649115524,0.140406974680,0.135153602700,0.128683369898,0.120625797628,0.110206806960,0.095250225438,,,,,,,,,0.052857489400,1.200000000000
177000,0.153719593449,0.153367628747,0.152306267420,0.150518359156,0.147972617009,0.144618698487,0.140378050367,0.135126487397,0.128658422085,0.120603455107,0.110187678914,0.095235416407,,,,,,,,,0.052855307473,1.200000000000
177060,0.153685904328,0.153334069490,0.152273098610,0.150485844114,0.147941024252,0.144588305316,0.140349148582,0.135099393017,0.128633493296,0.120581129373,0.110168564963,0.095220618005,,,,,,,,,0.052853128169,1.200000000000
177120,0.153652242045,0.153300536951,0.152239956159,0.150453354834,0.147909456416,0.144557935983,0.140320269298,0.135072319534,0.128608583510,0.120558820406,0.110149465092,0.095205830222,,,,,,,,,0.052850951482,1.200000000000
177180,0.153618606566,0.153267031097,0.152206840035,0.150420891284,0.147877913473,0.144527590458,0.140291412485,0.135045266921,0.128583692704,0.120536528186,0.110130379283,0.095191053044,,,,,,,,,0.052848777409,1.200000000000
177240,0.153584997857,0.153233551895,0.152173750207,0.150388453432,0.147846395390,0.144497268712,0.140262578118,0.135018235155,0.128558820854,0.120514252693,0.110111307521,0.095176286459,,,,,,,,,0.052846605945,1.200000000000
177300,0.153551415886,0.153200099311,0.152140686640,0.150356041247,0.147814902138,0.144466970716,0.140233766169,0.134991224210,0.128533967939,0.120491993908,0.110092249788,0.095161530457,,,,,,,,,0.052844437086,1.200000000000
177360,0.153517860619,0.153166673314,0.152107649302,0.150323654697,0.147783433686,0.144436696441,0.140204976610,0.134964234060,0.128509133934,0.120469751810,0.110073206069,0.095146785024,,,,,,,,,0.052842270828,1.200000000000
177420,0.153484332023,0.153133273868,0.152074638162,0.150291293750,0.147751990003,0.144406445857,0.140176209414,0.134937264681,0.128484318818,0.120447526381,0.110054176347,0.095132050148,,,,,,,,,0.052840107167,1.200000000000
177480,0.153450830066,0.153099900943,0.152041653186,0.150258958374,0.147720571059,0.144376218936,0.140147464554,0.134910316047,0.128459522569,0.120425317599,0.110035160606,0.095117325818,,,,,,,,,0.052837946099,1.200000000000
177540,0.153417354713,0.153066554504,0.152008694342,0.150226648538,0.147689176823,0.144346015648,0.140118742003,0.134883388133,0.128434745163,0.120403125446,0.110016158829,0.095102612022,,,,,,,,,0.052835787618,1.200000000000
177600,0.153383905933,0.153033234519,0.151975761598,0.150194364211,0.147657807265,0.144315835966,0.140090041733,0.134856480915,0.128409986577,0.120380949902,0.109997171001,0.095087908747,,,,,,,,,0.052833631723,1.200000000000
177660,0.153350483691,0.152999940956,0.151942854921,0.150162105361,0.147626462355,0.144285679858,0.140061363717,0.134829594366,0.128385246790,0.120358790947,0.109978197105,0.095073215982,,,,,,,,,0.052831478407,1.200000000000
177720,0.153317087956,0.152966673781,0.151909974280,0.150129871956,0.147595142061,0.144255547298,0.140032707929,0.134802728463,0.128360525779,0.120336648561,0.109959237124,0.095058533714,,,,,,,,,0.052829327667,1.200000000000
177780,0.153283718694,0.152933432962,0.151877119641,0.150097663965,0.147563846355,0.144225438256,0.140004074341,0.134775883180,0.128335823521,0.120314522725,0.109940291044,0.095043861932,,,,,,,,,0.052827179498,1.200000000000
177840,0.153250375873,0.152900218466,0.151844290974,0.150065481357,0.147532575206,0.144195352703,0.139975462926,0.134749058493,0.128311139994,0.120292413420,0.109921358847,0.095029200625,,,,,,,,,0.052825033898,1.200000000000
177900,0.153217059460,0.152867030262,0.151811488246,0.150033324100,0.147501328583,0.144165290611,0.139946873658,0.134722254376,0.128286475175,0.120270320625,0.109902440517,0.095014549779,,,,,,,,,0.052822890861,1.200000000000
177960,0.153183769422,0.152833868315,0.151778711424,0.150001192164,0.147470106457,0.144135251951,0.139918306509,0.134695470805,0.128261829043,0.120248244322,0.109883536038,0.094999909383,,,,,,,,,0.052820750383,1.200000000000
178020,0.153150505726,0.152800732594,0.151745960477,0.149969085516,0.147438908798,0.144105236694,0.139889761452,0.134668707755,0.128237201575,0.120226184490,0.109864645395,0.094985279426,,,,,,,,,0.052818612461,1.200000000000
178080,0.153117268341,0.152767623066,0.151713235374,0.149937004127,0.147407735575,0.144075244812,0.139861238461,0.134641965201,0.128212592748,0.120204141111,0.109845768571,0.094970659895,,,,,,,,,0.052816477089,1.200000000000
178140,0.153084057233,0.152734539700,0.151680536081,0.149904947965,0.147376586759,0.144045276277,0.139832737510,0.134615243119,0.128188002541,0.120182114166,0.109826905550,0.094956050779,,,,,,,,,0.052814344265,1.200000000000
178200,0.153050872371,0.152701482462,0.151647862568,0.149872916999,0.147345462319,0.144015331059,0.139804258570,0.134588541484,0.128163430930,0.120160103633,0.109808056316,0.094941452066,,,,,,,,,0.052812213984,1.200000000000
178260,0.153017713721,0.152668451321,0.151615214802,0.149840911197,0.147314362226,0.143985409130,0.139775801616,0.134561860271,0.128138877895,0.120138109496,0.109789220854,0.094926863743,,,,,,,,,0.052810086242,1.200000000000
178320,0.152984581252,0.152635446244,0.151582592752,0.149808930530,0.147283286450,0.143955510463,0.139747366622,0.134535199456,0.128114343413,0.120116131733,0.109770399146,0.094912285801,,,,,,,,,0.052807961034,1.200000000000
178380,0.152951474931,0.152602467200,0.151549996387,0.149776974966,0.147252234962,0.143925635028,0.139718953559,0.134508559015,0.128089827462,0.120094170326,0.109751591178,0.094897718226,,,,,,,,,0.052805838358,1.200000000000
178440,0.152918394726,0.152569514155,0.151517425674,0.149745044474,0.147221207731,0.143895782798,0.139690562402,0.134481938922,0.128065330019,0.120072225256,0.109732796933,0.094883161006,,,,,,,,,0.052803718208,1.200000000000
178500,0.152885340605,0.152536587079,0.151484880582,0.149713139024,0.147190204727,0.143865953743,0.139662193125,0.134455339153,0.128040851063,0.120050296503,0.109714016395,0.094868614131,,,,,,,,,0.052801600581,1.200000000000
178560,0.152852312535,0.152503685939,0.151452361080,0.149681258585,0.147159225923,0.143836147837,0.139633845701,0.134428759685,0.128016390571,0.120028384048,0.109695249549,0.094854077589,,,,,,,,,0.052799485472,1.200000000000
178620,0.152819310485,0.152470810704,0.151419867136,0.149649403126,0.147128271287,0.143806365050,0.139605520102,0.134402200492,0.127991948523,0.120006487872,0.109676496379,0.094839551368,,,,,,,,,0.052797372879,1.200000000000
178680,0.152786334423,0.152437961341,0.151387398718,0.149617572617,0.147097340790,0.143776605355,0.139577216304,0.134375661550,0.127967524895,0.119984607956,0.109657756869,0.094825035455,,,,,,,,,0.052795262795,1.200000000000
178740,0.152753384316,0.152405137818,0.151354955796,0.149585767027,0.147066434403,0.143746868724,0.139548934280,0.134349142836,0.127943119666,0.119962744281,0.109639031003,0.094810529841,,,,,,,,,0.052793155219,1.200000000000
178800,0.152720460133,0.152372340104,0.151322538339,0.149553986326,0.147035552096,0.143717155128,0.139520674003,0.134322644324,0.127918732814,0.119940896828,0.109620318765,0.094796034512,,,,,,,,,0.052791050145,1.200000000000
178860,0.152687561842,0.152339568168,0.151290146314,0.149522230482,0.147004693840,0.143687464540,0.139492435447,0.134296165990,0.127894364318,0.119919065577,0.109601620140,0.094781549458,,,,,,,,,0.052788947569,1.200000000000
178920,0.152654689411,0.152306821977,0.151257779691,0.149490499467,0.146973859606,0.143657796932,0.139464218586,0.134269707811,0.127870014155,0.119897250510,0.109582935112,0.094767074667,,,,,,,,,0.052786847488,1.200000000000
178980,0.152621842808,0.152274101500,0.151225438438,0.149458793249,0.146943049364,0.143628152276,0.139436023394,0.134243269763,0.127845682303,0.119875451608,0.109564263666,0.094752610127,,,,,,,,,0.052784749898,1.200000000000
179040,0.152589022001,0.152241406705,0.151193122525,0.149427111797,0.146912263085,0.143598530543,0.139407849845,0.134216851820,0.127821368742,0.119853668852,0.109545605785,0.094738155827,,,,,,,,,0.052782654795,1.200000000000
179100,0.152556226960,0.152208737561,0.151160831920,0.149395455083,0.146881500741,0.143568931707,0.139379697912,0.134190453960,0.127797073449,0.119831902222,0.109526961454,0.094723711755,,,,,,,,,0.052780562174,1.200000000000
179160,0.152523457652,0.152176094037,0.151128566593,0.149363823075,0.146850762301,0.143539355739,0.139351567570,0.134164076157,0.127772796403,0.119810151701,0.109508330657,0.094709277900,,,,,,,,,0.052778472032,1.200000000000
179220,0.152490714045,0.152143476100,0.151096326513,0.149332215744,0.146820047737,0.143509802612,0.139323458792,0.134137718389,0.127748537581,0.119788417268,0.109489713379,0.094694854250,,,,,,,,,0.052776384365,1.200000000000
179280,0.152457996109,0.152110883721,0.151064111648,0.149300633059,0.146789357019,0.143480272298,0.139295371553,0.134111380630,0.127724296964,0.119766698906,0.109471109605,0.094680440794,,,,,,,,,0.052774299168,1.200000000000
179340,0.152425303812,0.152078316866,0.151031921968,0.149269074990,0.146758690120,0.143450764770,0.139267305827,0.134085062859,0.127700074528,0.119744996596,0.109452519318,0.094666037521,,,,,,,,,0.052772216439,1.200000000000
179400,0.152392637122,0.152045775506,0.150999757442,0.149237541508,0.146728047009,0.143421280000,0.139239261587,0.134058765049,0.127675870253,0.119723310318,0.109433942503,0.094651644418,,,,,,,,,0.052770136172,1.200000000000
179460,0.152359996009,0.152013259609,0.150967618039,0.149206032582,0.146697427658,0.143391817960,0.139211238808,0.134032487178,0.127651684117,0.119701640054,0.109415379145,0.094637261475,,,,,,,,,0.052768058365,1.200000000000
179520,0.152327380440,0.151980769144,0.150935503729,0.149174548182,0.146666832038,0.143362378623,0.139183237465,0.134006229222,0.127627516098,0.119679985786,0.109396829228,0.094622888680,,,,,,,,,0.052765983012,1.200000000000
179580,0.152294790385,0.151948304079,0.150903414481,0.149143088279,0.146636260120,0.143332961962,0.139155257531,0.133979991157,0.127603366175,0.119658347494,0.109378292737,0.094608526021,,,,,,,,,0.052763910112,1.200000000000
179640,0.152262225812,0.151915864385,0.150871350265,0.149111652842,0.146605711876,0.143303567948,0.139127298981,0.133953772959,0.127579234327,0.119636725160,0.109359769656,0.094594173488,,,,,,,,,0.052761839658,1.200000000000
179700,0.152229686690,0.151883450029,0.150839311049,0.149080241842,0.146575187277,0.143274196556,0.139099361788,0.133927574605,0.127555120533,0.119615118766,0.109341259971,0.094579831069,,,,,,,,,0.052759771648,1.200000000000
179760,0.152197172989,0.151851060981,0.150807296804,0.149048855250,0.146544686294,0.143244847757,0.139071445929,0.133901396071,0.127531024771,0.119593528293,0.109322763664,0.094565498753,,,,,,,,,0.052757706077,1.200000000000
179820,0.152164684677,0.151818697209,0.150775307499,0.149017493035,0.146514208898,0.143215521525,0.139043551376,0.133875237333,0.127506947020,0.119571953722,0.109304280723,0.094551176528,,,,,,,,,0.052755642943,1.200000000000
179880,0.152132221723,0.151786358684,0.150743343104,0.148986155168,0.146483755061,0.143186217831,0.139015678104,0.133849098369,0.127482887258,0.119550395034,0.109285811130,0.094536864384,,,,,,,,,0.052753582240,1.200000000000
179940,0.152099784096,0.151754045374,0.150711403588,0.148954841619,0.146453324755,0.143156936650,0.138987826089,0.133822979153,0.127458845465,0.119528852212,0.109267354870,0.094522562308,,,,,,,,,0.052751523965,1.200000000000
180000,0.152067371765,0.151721757249,0.150679488921,0.148923552359,0.146422917951,0.143127677953,0.138959995303,0.133796879664,0.127434821619,0.119507325237,0.109248911929,0.094508270290,,,,,,,,,0.052749468114,1.200000000000
180060,0.152034984700,0.151689494278,0.150647599072,0.148892287359,0.146392534620,0.143098441714,0.138932185723,0.133770799877,0.127410815699,0.119485814090,0.109230482291,0.094493988318,,,,,,,,,0.052747414684,1.200000000000
180120,0.152002622870,0.151657256430,0.150615734013,0.148861046588,0.146362174734,0.143069227906,0.138904397322,0.133744739769,0.127386827684,0.119464318752,0.109212065941,0.094479716381,,,,,,,,,0.052745363670,1.200000000000
180180,0.151970286244,0.151625043674,0.150583893712,0.148829830018,0.146331838265,0.143040036501,0.138876630075,0.133718699317,0.127362857553,0.119442839207,0.109193662864,0.094465454468,,,,,,,,,0.052743315069,1.200000000000
180240,0.151937974791,0.151592855981,0.150552078139,0.148798637619,0.146301525185,0.143010867473,0.138848883958,0.133692678497,0.127338905285,0.119421375434,0.109175273044,0.094451202568,,,,,,,,,0.052741268876,1.200000000000
180300,0.151905688481,0.151560693320,0.150520287264,0.148767469361,0.146271235465,0.142981720795,0.138821158944,0.133666677286,0.127314970859,0.119399927417,0.109156896467,0.094436960669,,,,,,,,,0.052739225089,1.200000000000
180360,0.151873427283,0.151528555659,0.150488521059,0.148736325217,0.146240969077,0.142952596440,0.138793455008,0.133640695661,0.127291054254,0.119378495136,0.109138533116,0.094422728760,,,,,,,,,0.052737183703,1.200000000000
180420,0.151841191166,0.151496442970,0.150456779491,0.148705205156,0.146210725993,0.142923494381,0.138765772126,0.133614733598,0.127267155449,0.119357078573,0.109120182978,0.094408506831,,,,,,,,,0.052735144714,1.200000000000
180480,0.151808980101,0.151464355221,0.150425062532,0.148674109149,0.146180506185,0.142894414592,0.138738110272,0.133588791075,0.127243274423,0.119335677710,0.109101846037,0.094394294870,,,,,,,,,0.052733108120,1.200000000000
180540,0.151776794056,0.151432292382,0.150393370152,0.148643037168,0.146150309624,0.142865357045,0.138710469421,0.133562868068,0.127219411155,0.119314292530,0.109083522278,0.094380092867,,,,,,,,,0.052731073914,1.200000000000
180600,0.151744633002,0.151400254424,0.150361702321,0.148611989182,0.146120136284,0.142836321714,0.138682849549,0.133536964554,0.127195565625,0.119292923012,0.109065211685,0.094365900808,,,,,,,,,0.052729042096,1.200000000000
180660,0.151712496907,0.151368241315,0.150330059008,0.148580965164,0.146089986135,0.142807308573,0.138655250629,0.133511080511,0.127171737812,0.119271569141,0.109046914245,0.094351718685,,,,,,,,,0.052727012659,1.200000000000
180720,0.151680385742,0.151336253026,0.150298440186,0.148549965084,0.146059859150,0.142778317594,0.138627672637,0.133485215914,0.127147927694,0.119250230897,0.109028629941,0.094337546486,,,,,,,,,0.052724985601,1.200000000000
180780,0.151648299477,0.151304289526,0.150266845823,0.148518988913,0.146029755301,0.142749348752,0.138600115548,0.133459370741,0.127124135251,0.119228908262,0.109010358759,0.094323384199,,,,,,,,,0.052722960918,1.200000000000
180840,0.151616238081,0.151272350786,0.150235275891,0.148488036623,0.145999674560,0.142720402019,0.138572579338,0.133433544969,0.127100360463,0.119207601218,0.108992100684,0.094309231814,,,,,,,,,0.052720938606,1.200000000000
180900,0.151584201524,0.151240436776,0.150203730359,0.148457108184,0.145969616899,0.142691477369,0.138545063981,0.133407738576,0.127076603309,0.119186309747,0.108973855701,0.094295089320,,,,,,,,,0.052718918661,1.200000000000
180960,0.151552189776,0.151208547465,0.150172209198,0.148426203568,0.145939582291,0.142662574777,0.138517569452,0.133381951538,0.127052863767,0.119165033832,0.108955623796,0.094280956706,,,,,,,,,0.052716901080,1.200000000000
181020,0.151520202807,0.151176682824,0.150140712379,0.148395322746,0.145909570707,0.142633694214,0.138490095727,0.133356183832,0.127029141818,0.119143773453,0.108937404952,0.094266833960,,,,,,,,,0.052714885859,1.200000000000
181080,0.151488240586,0.151144842823,0.150109239873,0.148364465689,0.145879582121,0.142604835656,0.138462642782,0.133330435435,0.127005437441,0.119122528594,0.108919199156,0.094252721072,,,,,,,,,0.052712872994,1.200000000000
181140,0.151456303085,0.151113027431,0.150077791649,0.148333632370,0.145849616505,0.142575999075,0.138435210590,0.133304706326,0.126981750616,0.119101299237,0.108901006393,0.094238618031,,,,,,,,,0.052710862481,1.200000000000
181200,0.151424390273,0.151081236621,0.150046367679,0.148302822758,0.145819673831,0.142547184446,0.138407799128,0.133278996480,0.126958081321,0.119080085362,0.108882826647,0.094224524826,,,,,,,,,0.052708854317,1.200000000000
181260,0.151392502121,0.151049470360,0.150014967933,0.148272036826,0.145789754071,0.142518391742,0.138380408372,0.133253305876,0.126934429536,0.119058886953,0.108864659904,0.094210441446,,,,,,,,,0.052706848499,1.200000000000
181320,0.151360638598,0.151017728621,0.149983592383,0.148241274546,0.145759857198,0.142489620937,0.138353038295,0.133227634490,0.126910795242,0.119037703992,0.108846506149,0.094196367881,,,,,,,,,0.052704845022,1.200000000000
181380,0.151328799674,0.150986011374,0.149952240999,0.148210535888,0.145729983185,0.142460872005,0.138325688875,0.133201982300,0.126887178417,0.119016536461,0.108828365368,0.094182304118,,,,,,,,,0.052702843882,1.200000000000
181440,0.151296985321,0.150954318588,0.149920913751,0.148179820824,0.145700132004,0.142432144921,0.138298360086,0.133176349284,0.126863579041,0.118995384341,0.108810237546,0.094168250148,,,,,,,,,0.052700845077,1.200000000000
181500,0.151265195508,0.150922650234,0.149889610611,0.148149129326,0.145670303627,0.142403439656,0.138271051905,0.133150735419,0.126839997094,0.118974247616,0.108792122667,0.094154205960,,,,,,,,,0.052698848602,1.200000000000
181560,0.151233430206,0.150891006283,0.149858331550,0.148118461366,0.145640498029,0.142374756187,0.138243764305,0.133125140682,0.126816432556,0.118953126268,0.108774020718,0.094140171542,,,,,,,,,0.052696854453,1.200000000000
181620,0.151201689385,0.150859386706,0.149827076539,0.148087816915,0.145610715180,0.142346094486,0.138216497264,0.133099565051,0.126792885406,0.118932020278,0.108755931684,0.094126146884,,,,,,,,,0.052694862628,1.200000000000
181680,0.151169973015,0.150827791472,0.149795845549,0.148057195946,0.145580955055,0.142317454529,0.138189250757,0.133074008503,0.126769355623,0.118910929630,0.108737855549,0.094112131975,,,,,,,,,0.052692873123,1.200000000000
181740,0.151138281068,0.150796220554,0.149764638551,0.148026598429,0.145551217626,0.142288836288,0.138162024760,0.133048471016,0.126745843189,0.118889854305,0.108719792300,0.094098126805,,,,,,,,,0.052690885933,1.200000000000
181800,0.151106613514,0.150764673921,0.149733455515,0.147996024338,0.145521502865,0.142260239739,0.138134819247,0.133022952567,0.126722348082,0.118868794286,0.108701741922,0.094084131362,,,,,,,,,0.052688901055,1.200000000000
181860,0.151074970324,0.150733151544,0.149702296414,0.147965473643,0.145491810746,0.142231664855,0.138107634196,0.132997453135,0.126698870282,0.118847749555,0.108683704400,0.094070145637,,,,,,,,,0.052686918486,1.200000000000
181920,0.151043351467,0.150701653394,0.149671161219,0.147934946316,0.145462141242,0.142203111610,0.138080469581,0.132971972696,0.126675409769,0.118826720095,0.108665679720,0.094056169617,,,,,,,,,0.052684938222,1.200000000000
181980,0.151011756915,0.150670179442,0.149640049900,0.147904442331,0.145432494325,0.142174579980,0.138053325380,0.132946511230,0.126651966524,0.118805705889,0.108647667868,0.094042203293,,,,,,,,,0.052682960259,1.200000000000
182040,0.150980186639,0.150638729659,0.149608962430,0.147873961658,0.145402869969,0.142146069937,0.138026201566,0.132921068712,0.126628540526,0.118784706917,0.108629668828,0.094028246653,,,,,,,,,0.052680984594,1.200000000000
182100,0.150948640610,0.150607304016,0.149577898779,0.147843504270,0.145373268147,0.142117581458,0.137999098118,0.132895645122,0.126605131754,0.118763723165,0.108611682586,0.094014299688,,,,,,,,,0.052679011223,1.200000000000
182160,0.150917118798,0.150575902484,0.149546858920,0.147813070140,0.145343688832,0.142089114515,0.137972015010,0.132870240436,0.126581740190,0.118742754612,0.108593709128,0.094000362386,,,,,,,,,0.052677040142,1.200000000000
182220,0.150885621174,0.150544525033,0.149515842822,0.147782659238,0.145314131996,0.142060669083,0.137944952218,0.132844854634,0.126558365813,0.118721801243,0.108575748439,0.093986434737,,,,,,,,,0.052675071349,1.200000000000
182280,0.150854147709,0.150513171636,0.149484850459,0.147752271538,0.145284597614,0.142032245138,0.137917909719,0.132819487692,0.126535008603,0.118700863040,0.108557800506,0.093972516729,,,,,,,,,0.052673104839,1.200000000000
182340,0.150822698375,0.150481842262,0.149453881802,0.147721907011,0.145255085659,0.142003842653,0.137890887488,0.132794139588,0.126511668540,0.118679939986,0.108539865313,0.093958608354,,,,,,,,,0.052671140609,1.200000000000
182400,0.150791273141,0.150450536884,0.149422936821,0.147691565631,0.145225596103,0.141975461603,0.137863885502,0.132768810302,0.126488345605,0.118659032062,0.108521942846,0.093944709599,,,,,,,,,0.052669178655,1.200000000000
182460,0.150759871980,0.150419255473,0.149392015490,0.147661247369,0.145196128921,0.141947101962,0.137836903737,0.132743499809,0.126465039777,0.118638139253,0.108504033091,0.093930820455,,,,,,,,,0.052667218974,1.200000000000
182520,0.150728494863,0.150387997999,0.149361117779,0.147630952197,0.145166684085,0.141918763706,0.137809942169,0.132718208090,0.126441751037,0.118617261540,0.108486136034,0.093916940910,,,,,,,,,0.052665261562,1.200000000000
182580,0.150697141761,0.150356764435,0.149330243660,0.147600680089,0.145137261569,0.141890446809,0.137783000774,0.132692935121,0.126418479364,0.118596398906,0.108468251660,0.093903070954,,,,,,,,,0.052663306416,1.200000000000
182640,0.150665812644,0.150325554751,0.149299393106,0.147570431017,0.145107861346,0.141862151245,0.137756079529,0.132667680881,0.126395224740,0.118575551334,0.108450379955,0.093889210578,,,,,,,,,0.052661353532,1.200000000000
182700,0.150634507484,0.150294368919,0.149268566087,0.147540204953,0.145078483391,0.141833876990,0.137729178410,0.132642445348,0.126371987145,0.118554718807,0.108432520904,0.093875359769,,,,,,,,,0.052659402907,1.200000000000
182760,0.150603226254,0.150263206911,0.149237762576,0.147510001870,0.145049127676,0.141805624018,0.137702297393,0.132617228499,0.126348766557,0.118533901307,0.108414674494,0.093861518518,,,,,,,,,0.052657454537,1.200000000000
182820,0.150571968923,0.150232068697,0.149206982546,0.147479821740,0.145019794175,0.141777392304,0.137675436454,0.132592030314,0.126325562960,0.118513098818,0.108396840711,0.093847686814,,,,,,,,,0.052655508418,1.200000000000
182880,0.150540735463,0.150200954250,0.149176225966,0.147449664536,0.144990482862,0.141749181823,0.137648595571,0.132566850771,0.126302376331,0.118492311323,0.108379019539,0.093833864647,,,,,,,,,0.052653564547,1.200000000000
182940,0.150509525847,0.150169863542,0.149145492811,0.147419530231,0.144961193710,0.141720992550,0.137621774719,0.132541689847,0.126279206652,0.118471538803,0.108361210966,0.093820052006,,,,,,,,,0.052651622921,1.200000000000
183000,0.150478340044,0.150138796543,0.149114783052,0.147389418798,0.144931926694,0.141692824459,0.137594973875,0.132516547522,0.126256053904,0.118450781242,0.108343414976,0.093806248881,,,,,,,,,0.052649683536,1.200000000000
183060,0.150447178028,0.150107753225,0.149084096660,0.147359330210,0.144902681786,0.141664677527,0.137568193015,0.132491423773,0.126232918066,0.118430038624,0.108325631556,0.093792455261,,,,,,,,,0.052647746389,1.200000000000
183120,0.150416039769,0.150076733561,0.149053433609,0.147329264438,0.144873458961,0.141636551727,0.137541432116,0.132466318578,0.126209799120,0.118409310930,0.108307860691,0.093778671136,,,,,,,,,0.052645811476,1.200000000000
183180,0.150384925239,0.150045737522,0.149022793870,0.147299221457,0.144844258193,0.141608447036,0.137514691155,0.132441231917,0.126186697045,0.118388598144,0.108290102368,0.093764896495,,,,,,,,,0.052643878794,1.200000000000
183240,0.150353834411,0.150014765080,0.148992177415,0.147269201239,0.144815079455,0.141580363427,0.137487970108,0.132416163767,0.126163611823,0.118367900249,0.108272356572,0.093751131329,,,,,,,,,0.052641948338,1.200000000000
183300,0.150322767254,0.149983816206,0.148961584218,0.147239203756,0.144785922722,0.141552300877,0.137461268952,0.132391114108,0.126140543433,0.118347217229,0.108254623289,0.093737375627,,,,,,,,,0.052640020107,1.200000000000
183360,0.150291723743,0.149952890873,0.148931014249,0.147209228983,0.144756787967,0.141524259360,0.137434587664,0.132366082917,0.126117491857,0.118326549065,0.108236902506,0.093723629378,,,,,,,,,0.052638094096,1.200000000000
183420,0.150260703847,0.149921989053,0.148900467482,0.147179276892,0.144727675164,0.141496238852,0.137407926220,0.132341070173,0.126094457075,0.118305895742,0.108219194208,0.093709892572,,,,,,,,,0.052636170302,1.200000000000
183480,0.150229707540,0.149891110717,0.148869943889,0.147149347456,0.144698584288,0.141468239328,0.137381284597,0.132316075855,0.126071439068,0.118285257241,0.108201498382,0.093696165198,,,,,,,,,0.052634248721,1.200000000000
183540,0.150198734792,0.149860255838,0.148839443443,0.147119440649,0.144669515313,0.141440260763,0.137354662772,0.132291099942,0.126048437817,0.118264633548,0.108183815013,0.093682447248,,,,,,,,,0.052632329350,1.200000000000
183600,0.150167785577,0.149829424388,0.148808966115,0.147089556443,0.144640468212,0.141412303133,0.137328060722,0.132266142411,0.126025453301,0.118244024644,0.108166144087,0.093668738709,,,,,,,,,0.052630412186,1.200000000000
183660,0.150136859865,0.149798616339,0.148778511879,0.147059694812,0.144611442960,0.141384366413,0.137301478424,0.132241203242,0.126002485503,0.118223430512,0.108148485591,0.093655039573,,,,,,,,,0.052628497225,1.200000000000
183720,0.150105957630,0.149767831663,0.148748080707,0.147029855729,0.144582439530,0.141356450579,0.137274915855,0.132216282413,0.125979534402,0.118202851137,0.108130839511,0.093641349828,,,,,,,,,0.052626584463,1.200000000000
183780,0.150075078843,0.149737070332,0.148717672572,0.147000039167,0.144553457899,0.141328555605,0.137248372991,0.132191379904,0.125956599980,0.118182286501,0.108113205832,0.093627669464,,,,,,,,,0.052624673898,1.200000000000
183840,0.150044223476,0.149706332319,0.148687287447,0.146970245100,0.144524498039,0.141300681468,0.137221849809,0.132166495692,0.125933682218,0.118161736588,0.108095584541,0.093613998472,,,,,,,,,0.052622765526,1.200000000000
183900,0.150013391501,0.149675617596,0.148656925303,0.146940473502,0.144495559924,0.141272828143,0.137195346288,0.132141629757,0.125910781095,0.118141201380,0.108077975625,0.093600336841,,,,,,,,,0.052620859344,1.200000000000
183960,0.149982582892,0.149644926135,0.148626586114,0.146910724344,0.144466643530,0.141244995606,0.137168862403,0.132116782078,0.125887896594,0.118120680862,0.108060379068,0.093586684560,,,,,,,,,0.052618955348,1.200000000000
184020,0.149951797619,0.149614257909,0.148596269854,0.146880997602,0.144437748831,0.141217183831,0.137142398132,0.132091952632,0.125865028696,0.118100175016,0.108042794858,0.093573041620,,,,,,,,,0.052617053534,1.200000000000
184080,0.149921035656,0.149583612891,0.148565976493,0.146851293248,0.144408875802,0.141189392796,0.137115953452,0.132067141401,0.125842177380,0.118079683826,0.108025222981,0.093559408011,,,,,,,,,0.052615153900,1.200000000000
