time_s,r=0.0cm,r=0.1cm,r=0.2cm,r=0.3cm,r=0.4cm,r=0.5cm,r=0.6cm,r=0.7cm,r=0.8cm,r=0.9cm,r=1.0cm,r=1.1cm,r=1.2cm,r=1.3cm,r=1.4cm,r=1.5cm,r=1.6cm,r=1.7cm,r=1.8cm,r=1.9cm,surface,radius_cm
60,2.550000000000,2.550000000000,2.550000000000,2.550000000000,2.550000000000,2.550000000000,2.550000000000,2.550000000000,2.550000000000,2.550000000000,2.550000000000,2.550000000000,2.550000000000,2.550000000000,2.550000000000,2.550000000000,2.550000000000,2.550000000000,2.549999996171,2.548637500737,2.079427449527,1.995766666667
120,2.550000000000,2.550000000000,2.550000000000,2.550000000000,2.550000000000,2.550000000000,2.550000000000,2.550000000000,2.550000000000,2.550000000000,2.550000000000,2.550000000000,2.550000000000,2.550000000000,2.550000000000,2.550000000000,2.550000000000,2.549999999073,2.549971341297,2.526868532260,1.923000947252,1.991533333333
180,2.550000000000,2.550000000000,2.550000000000,2.550000000000,2.550000000000,2.550000000000,2.550000000000,2.550000000000,2.550000000000,2.550000000000,2.550000000000,2.550000000000,2.550000000000,2.550000000000,2.550000000000,2.550000000000,2.549999999951,2.549999355804,2.549302000452,2.479205266642,1.815833892044,1.987300000000
240,2.550000000000,2.550000000000,2.550000000000,2.550000000000,2.550000000000,2.550000000000,2.550000000000,2.550000000000,2.550000000000,2.550000000000,2.550000000000,2.550000000000,2.550000000000,2.550000000000,2.550000000000,2.549999999998,2.549999985077,2.549980984943,2.546196817637,2.416238986711,1.733187780388,1.983066666667
300,2.550000000000,2.550000000000,2.550000000000,2.550000000000,2.550000000000,2.550000000000,2.550000000000,2.550000000000,2.550000000000,2.550000000000,2.550000000000,2.550000000000,2.550000000000,2.550000000000,2.550000000000,2.549999999649,2.549999503388,2.549845549620,2.538886012567,2.345512369020,1.666113639713,1.978833333333
360,2.550000000000,2.550000000000,2.550000000000,2.550000000000,2.550000000000,2.550000000000,2.550000000000,2.550000000000,2.550000000000,2.550000000000,2.550000000000,2.550000000000,2.550000000000,2.550000000000,2.549999999992,2.549999987312,2.549994621972,2.549349578077,2.526464293490,2.271203620404,1.609822320969,1.974600000000
420,2.550000000000,2.550000000000,2.550000000000,2.550000000000,2.550000000000,2.550000000000,2.550000000000,2.550000000000,2.550000000000,2.550000000000,2.550000000000,2.550000000000,2.550000000000,2.550000000000,2.549999999680,2.549999829449,2.549969543062,2.548131154574,2.508799090859,2.195797185407,1.561342676524,1.970366666667
480,2.550000000000,2.550000000000,2.550000000000,2.550000000000,2.550000000000,2.550000000000,2.550000000000,2.550000000000,2.550000000000,2.550000000000,2.550000000000,2.550000000000,2.550000000000,2.549999999992,2.549999994917,2.549998771060,2.549885568123,2.545790792953,2.486217724364,2.120710974785,1.518779267301,1.966133333333
540,2.550000000000,2.550000000000,2.550000000000,2.550000000000,2.550000000000,2.550000000000,2.550000000000,2.550000000000,2.550000000000,2.550000000000,2.550000000000,2.550000000000,2.550000000000,2.549999999855,2.549999955335,2.549994178457,2.549674023513,2.541965287603,2.459271507339,2.046758405012,1.481093844936,1.961900000000
600,2.550000000000,2.550000000000,2.550000000000,2.550000000000,2.550000000000,2.550000000000,2.550000000000,2.550000000000,2.550000000000,2.550000000000,2.550000000000,2.550000000000,2.549999999996,2.549999998497,2.549999741593,2.549979490682,2.549236719233,2.536365822459,2.428553021786,1.974361216026,1.447491925947,1.957666666667
660,2.550000000000,2.550000000000,2.550000000000,2.550000000000,2.550000000000,2.550000000000,2.550000000000,2.550000000000,2.550000000000,2.550000000000,2.550000000000,2.550000000000,2.549999999952,2.549999989656,2.549998898697,2.549941829077,2.548452521273,2.528790305754,2.394645825339,1.903824075905,1.417353401426,1.953433333333
720,2.550000000000,2.550000000000,2.550000000000,2.550000000000,2.550000000000,2.550000000000,2.550000000000,2.550000000000,2.550000000000,2.550000000000,2.550000000000,2.549999999999,2.549999999618,2.549999947740,2.549996272306,2.549859933298,2.547186560853,2.519116820603,2.358080001877,1.835340724519,1.390043469586,1.949200000000
780,2.550000000000,2.550000000000,2.550000000000,2.550000000000,2.550000000000,2.550000000000,2.550000000000,2.550000000000,2.550000000000,2.550000000000,2.550000000000,2.549999999987,2.549999997752,2.549999792024,2.549989441609,2.549702947915,2.545300913210,2.507299039077,2.319363539710,1.769024966300,1.365120520128,1.944966666667
840,2.550000000000,2.550000000000,2.550000000000,2.550000000000,2.550000000000,2.550000000000,2.550000000000,2.550000000000,2.550000000000,2.550000000000,2.550000000000,2.549999999911,2.549999989628,2.549999314404,2.549974023650,2.549430253544,2.542663085828,2.493348378675,2.278937526034,1.704898927575,1.342238399509,1.940733333333
900,2.550000000000,2.550000000000,2.550000000000,2.550000000000,2.550000000000,2.550000000000,2.550000000000,2.550000000000,2.550000000000,2.550000000000,2.549999999997,2.549999999528,2.549999960637,2.549998057721,2.549942945686,2.548992435693,2.539153036481,2.477327196256,2.237208273704,1.642938791420,1.321054235759,1.936500000000
960,2.550000000000,2.550000000000,2.550000000000,2.550000000000,2.550000000000,2.550000000000,2.550000000000,2.550000000000,2.550000000000,2.550000000000,2.549999999980,2.549999997960,2.549999872607,2.549995138359,2.549885801648,2.548332981225,2.534667596047,2.459330680211,2.194506096118,1.583058929557,1.301543758509,1.932266666667
1020,2.550000000000,2.550000000000,2.550000000000,2.550000000000,2.550000000000,2.550000000000,2.550000000000,2.550000000000,2.550000000000,2.549999999999,2.549999999903,2.549999992518,2.549999638693,2.549989016716,2.549788364517,2.547390130396,2.529121387424,2.439469184805,2.151099264322,1.525273302880,1.283417995264,1.928033333333
1080,2.550000000000,2.550000000000,2.550000000000,2.550000000000,2.550000000000,2.550000000000,2.550000000000,2.550000000000,2.550000000000,2.549999999996,2.549999999600,2.549999976103,2.549999082455,2.549977230315,2.549632319600,2.546099492749,2.522449395039,2.417876415349,2.107239806118,1.469489607312,1.266728767845,1.923800000000
1140,2.550000000000,2.550000000000,2.550000000000,2.550000000000,2.550000000000,2.550000000000,2.550000000000,2.550000000000,2.550000000000,2.549999999980,2.549999998569,2.549999932092,2.549997877574,2.549956107770,2.549395226116,2.544395398215,2.514602215614,2.394675306383,2.063097037448,1.415799081988,1.251274047104,1.919566666667
1200,2.550000000000,2.550000000000,2.550000000000,2.550000000000,2.550000000000,2.550000000000,2.550000000000,2.550000000000,2.549999999999,2.549999999921,2.549999995472,2.549999825322,2.549995466905,2.549920481557,2.549050645129,2.542213538533,2.505549170480,2.370006851294,2.018879682431,1.364046631855,1.236837933767,1.915333333333
1260,2.550000000000,2.550000000000,2.550000000000,2.550000000000,2.550000000000,2.550000000000,2.550000000000,2.550000000000,2.549999999996,2.549999999724,2.549999987097,2.549999587580,2.549990959668,2.549863435104,2.548568572606,2.539492371998,2.495277545823,2.344016435555,1.974756605223,1.314128081349,1.223216669884,1.911100000000
1320,2.550000000000,2.550000000000,2.550000000000,2.550000000000,2.550000000000,2.550000000000,2.550000000000,2.550000000000,2.549999999984,2.549999999132,2.549999966418,2.549999095989,2.549983013206,2.549776111930,2.547916114738,2.536175776781,2.483791583316,2.316852287814,1.930868311419,1.265973484009,1.210529332653,1.906866666667
1380,2.550000000000,2.550000000000,2.550000000000,2.550000000000,2.550000000000,2.550000000000,2.550000000000,2.549999999999,2.549999999946,2.549999997518,2.549999919256,2.549998142942,2.549969700228,2.549647573072,2.547058014466,2.532211983217,2.471102242711,2.288633642077,1.887286177673,1.219705866837,1.198748921565,1.902633333333
1440,2.550000000000,2.550000000000,2.550000000000,2.550000000000,2.550000000000,2.550000000000,2.550000000000,2.549999999997,2.549999999831,2.549999993469,2.549999818908,2.549996396569,2.549948369460,2.549464704857,2.545957236214,2.527555052672,2.457234063873,2.259497068935,1.844139473827,,1.187555548473,1.898400000000
1500,2.550000000000,2.550000000000,2.550000000000,2.550000000000,2.550000000000,2.550000000000,2.550000000000,2.549999999989,2.549999999516,2.549999984037,2.549999618069,2.549993351504,2.549915508173,2.549212258057,2.544575982773,2.522167593443,2.442226170695,2.229582265036,1.801535898291,,1.176816935627,1.894166666667
1560,2.550000000000,2.550000000000,2.550000000000,2.550000000000,2.550000000000,2.550000000000,2.549999999999,2.549999999967,2.549999998712,2.549999963453,2.549999237311,2.549988270787,2.549866621861,2.548872992037,2.542876856638,2.516020427966,2.426130215604,2.199022279513,1.759535236612,,1.166651296277,1.889933333333
1620,2.550000000000,2.550000000000,2.550000000000,2.550000000000,2.550000000000,2.550000000000,2.549999999998,2.549999999904,2.549999996804,2.549999921074,2.549998549539,2.549980120759,2.549796129087,2.548427861391,2.540823357542,2.509091251492,2.408995764097,2.167922171247,1.718146821817,,1.157004336125,1.885700000000
1680,2.550000000000,2.550000000000,2.550000000000,2.550000000000,2.550000000000,2.550000000000,2.549999999993,2.549999999742,2.549999992545,2.549999838266,2.549997359788,2.549967499820,2.549697286537,2.547856193506,2.538380159599,2.501365163059,2.390882068298,2.136391979726,1.677425903395,,1.147824629254,1.881466666667
1740,2.550000000000,2.550000000000,2.550000000000,2.550000000000,2.550000000000,2.550000000000,2.549999999980,2.549999999350,2.549999983552,2.549999683882,2.549995380478,2.549948564290,2.549562113153,2.547136029307,2.535513979509,2.492833249182,2.371845519430,2.104510835469,1.637359255481,,1.139310588565,1.877233333333
1800,2.550000000000,2.550000000000,2.550000000000,2.550000000000,2.550000000000,2.549999999999,2.549999999947,2.549999998457,2.549999965495,2.549999407996,2.549992201412,2.549920953731,2.549381398901,2.546244230231,2.532193287055,2.483488689982,2.351935642707,2.072342626860,1.597983152638,,1.131342802824,1.873000000000
1860,2.550000000000,2.550000000000,2.550000000000,2.550000000000,2.550000000000,2.549999999996,2.549999999867,2.549999996595,2.549999932230,2.549998955224,2.549987513683,2.549884070561,2.549160961878,2.545243724398,2.528745339832,2.474467877639,2.334036983399,2.045537583149,1.568214004834,,1.123701327700,1.870366666667
1920,2.550000000000,2.550000000000,2.550000000000,2.550000000000,2.550000000000,2.549999999989,2.549999999686,2.549999992839,2.549999872264,2.549998218984,2.549980573408,2.549833892416,2.548882848648,2.544062146939,2.524898166641,2.464869894443,2.315708766922,2.018886893013,1.539258489664,,1.116227754258,1.867733333333
1980,2.550000000000,2.550000000000,2.550000000000,2.550000000000,2.549999999999,2.549999999973,2.549999999293,2.549999985589,2.549999768095,2.549997058130,2.549970555490,2.549767002548,2.548537447125,2.542683183431,2.520642373955,2.454717195983,2.297013545685,1.992456304116,1.511078069556,,1.108945541377,1.865100000000
2040,2.550000000000,2.550000000000,2.550000000000,2.550000000000,2.549999999998,2.549999999934,2.549999998482,2.549999972137,2.549999593146,2.549995278773,2.549956426091,2.549679478869,2.548114693172,2.541091502063,2.515971175668,2.444034643798,2.277998296165,1.966263117526,1.483589366908,,1.102007205661,1.862466666667
2100,2.550000000000,2.550000000000,2.550000000000,2.550000000000,2.549999999994,2.549999999849,2.549999996876,2.549999948073,2.549999308283,2.549992621116,2.549936915944,2.549566881326,2.547604088335,2.539272417289,2.510880203425,2.432843887733,2.258703910323,1.940325040821,1.456790582379,,1.095302473651,1.859833333333
2160,2.550000000000,2.550000000000,2.550000000000,2.549999999999,2.549999999986,2.549999999669,2.549999993817,2.549999906448,2.549998857457,2.549988744861,2.549910498444,2.549424284918,2.546994819612,2.537212261969,2.505367178987,2.421170979406,2.239178171704,1.914670880319,1.430662202417,,1.088813730577,1.857200000000
2220,2.550000000000,2.550000000000,2.550000000000,2.549999999999,2.549999999966,2.549999999305,2.549999988195,2.549999836627,2.549998162413,2.549983213655,2.549875359599,2.549246281273,2.546275947581,2.534898621961,2.499432935968,2.409043284249,2.219459238125,1.889305913752,1.405158468300,,1.082691747532,1.854566666667
2280,2.550000000000,2.550000000000,2.550000000000,2.549999999997,2.549999999925,2.549999998594,2.549999978200,2.549999722801,2.549997116458,2.549975478456,2.549829395507,2.549026985057,2.545436437527,2.532320058341,2.493078950366,2.396482971420,2.199574477330,1.864229764719,1.380297776240,,1.076802352273,1.851933333333
2340,2.550000000000,2.550000000000,2.550000000000,2.549999999992,2.549999999840,2.549999997254,2.549999960970,2.549999542074,2.549995577220,2.549964861089,2.549770173943,2.548760111108,2.544465231609,2.529466307938,2.486308427798,2.383516347398,2.179560787807,1.839462903317,1.356049076075,,1.071152161553,1.849300000000
2400,2.550000000000,2.550000000000,2.549999999999,2.549999999982,2.549999999669,2.549999994812,2.549999932097,2.549999262045,2.549993358445,2.549950537444,2.549694949115,2.548438983176,2.543351442356,2.526328380901,2.479126974352,2.370167171828,2.159440602324,1.815002235420,1.332406462500,,1.065739262600,1.846666666667
2460,2.550000000000,2.550000000000,2.549999999998,2.549999999961,2.549999999340,2.549999990493,2.549999884975,2.549998837827,2.549990220926,2.549931520428,2.549600629006,2.548056553885,2.542084350545,2.522898429849,2.471540465132,2.356461883578,2.139247569772,1.790868941910,1.309348817786,,1.060563681467,1.844033333333
2520,2.550000000000,2.550000000000,2.549999999995,2.549999999918,2.549999998726,2.549999983068,2.549999809933,2.549998208625,2.549985862633,2.549906644358,2.549483800939,2.547605514507,2.540653630899,2.519169911758,2.463557798515,2.342422691840,2.119001572025,1.767058731558,1.286877934491,,1.055595048542,1.841400000000
2580,2.550000000000,2.549999999999,2.549999999990,2.549999999833,2.549999997614,2.549999970634,2.549999693131,2.549997293519,2.549979908241,2.549874548691,2.549340711021,2.547078335951,2.539049305861,2.515137652358,2.455187714622,2.328077345471,2.098736365593,1.743601403797,1.264965105282,,1.050655896324,1.838766666667
2640,2.550000000000,2.549999999999,2.549999999978,2.549999999672,2.549999995656,2.549999950319,2.549999515162,2.549995986713,2.549971898220,2.549833671842,2.549167303272,2.546467360148,2.537262187719,2.510798931189,2.446444657429,2.313456914772,2.078484529369,1.720504736918,1.243527139001,,1.045925632846,1.836133333333
2700,2.549999999999,2.549999999997,2.549999999954,2.549999999373,2.549999992298,2.549999917883,2.549999249364,2.549994152133,2.549961278291,2.549782239455,2.548959229982,2.545764862036,2.535283763831,2.506151774048,2.437339098536,2.298579974034,2.058251962795,1.697739054742,1.222615240446,,1.041415117563,1.833500000000
2760,2.549999999999,2.549999999993,2.549999999908,2.549999998835,2.549999986679,2.549999867198,2.549998859740,2.549991617866,2.549947388470,2.549718255467,2.548711868270,2.544963064351,2.533105805092,2.501194289660,2.427883065471,2.283468940414,2.038064345469,1.675327440470,1.202197382080,,1.036922205074,1.830866666667
2820,2.549999999997,2.549999999985,2.549999999822,2.549999997891,2.549999977489,2.549999789582,2.549998298573,2.549988169406,2.549929451952,2.549639491167,2.548420327439,2.544054266491,2.530721114679,2.495927537387,2.418092434662,2.268155826790,2.017955104696,1.653289247150,1.182183875564,,1.032460770827,1.828233333333
2880,2.549999999993,2.549999999969,2.549999999662,2.549999996275,2.549999962784,2.549999672966,2.549997503540,2.549983543002,2.549906566283,2.549543507538,2.548079554986,2.543031021703,2.528123704088,2.490354578015,2.407984952597,2.252665155304,1.997937182380,1.631599187277,1.162575864166,,1.028197982754,1.825600000000
2940,2.549999999986,2.549999999939,2.549999999376,2.549999993572,2.549999939730,2.549999500875,2.549996394622,2.549977418353,2.549877695687,2.549427646093,2.547684306327,2.541886031753,2.525308072189,2.484477851599,2.397572292602,2.237012299427,1.978014672187,1.610241987270,1.143424183948,,1.024022507331,1.822966666667
3000,2.549999999971,2.549999999882,2.549999998877,2.549999989151,2.549999904278,2.549999251189,2.549994870453,2.549969412522,2.549841662375,2.549289024958,2.547229220146,2.540612160240,2.522269405338,2.478300854875,2.386872441287,2.221224537726,1.958217133121,1.589242667389,1.124594444732,,1.019826714954,1.820333333333
3060,2.549999999942,2.549999999778,2.549999998024,2.549999982064,2.549999850748,2.549998894641,2.549992804431,2.549959071695,2.549797141070,2.549124563364,2.546708804159,2.539202809976,2.519004302421,2.471830038858,2.375902105223,2.205322991128,1.938551522675,1.568578309059,1.106127141769,,1.015760763505,1.817700000000
3120,2.549999999888,2.549999999593,2.549999996598,2.549999970926,2.549999771307,2.549998393176,2.549990040542,2.549945864877,2.549742656774,2.548931008384,2.546117629104,2.537651710917,2.515510012213,2.465071420889,2.364677407101,2.189324965034,1.919022268698,1.548225701725,1.088058613669,,1.011919780996,1.815066666667
3180,2.549999999789,2.549999999269,2.549999994265,2.549999953740,2.549999655327,2.549997697960,2.549986388750,2.549929176791,2.549676581479,2.548704924884,2.545450106763,2.535952840172,2.511783939204,2.458029090662,2.353207444112,2.173233590259,1.899612803858,1.528157111550,1.070495007836,,1.008306824456,1.812433333333
3240,2.549999999611,2.549999998717,2.549999990522,2.549999927687,2.549999488609,2.549996747138,2.549981620620,2.549908301364,2.549597127866,2.548442673733,2.544700691093,2.534100191319,2.507823437386,2.450707817152,2.341504325192,2.157065856438,1.880342288474,1.508412810545,1.053278557054,,1.004725394159,1.809800000000
3300,2.549999999300,2.549999997796,2.549999984628,2.549999888843,2.549999252459,2.549995463292,2.549975463298,2.549882435479,2.549502346745,2.548140490367,2.543863748287,2.532088273704,2.503627379227,2.443115156564,2.329584721128,2.140839911755,1.861221262162,1.488991667372,1.036398071726,,1.001224874314,1.807166666667
3360,2.549999998768,2.549999996287,2.549999975509,2.549999831838,2.549998922584,2.549993750847,2.549967596016,2.549850672880,2.549390134003,2.547794473337,2.542933835830,2.529912277093,2.499195515845,2.435258421310,2.317462589997,2.124571046912,1.842260925607,1.469893731971,1.019770103496,,0.997703003100,1.804533333333
3420,2.549999997877,2.549999993862,2.549999961637,2.549999749418,2.549998467833,2.549991492944,2.549957642512,2.549812000622,2.549258235963,2.547400589958,2.541905649247,2.527567916929,2.494528598160,2.427147499228,2.305156452909,2.108279888190,1.823478714939,1.451115899130,1.003379132390,,0.994208684932,1.801900000000
3480,2.549999996413,2.549999990035,2.549999940871,2.549999631941,2.549997848751,2.549988548098,2.549945170020,2.549765295950,2.549104260555,2.546954810782,2.540774057039,2.525051638172,2.489628569975,2.418792321813,2.292681554236,2.091979908677,1.804877011186,1.432636857473,,,0.990696720099,1.799266666667
3540,2.549999994052,2.549999984096,2.549999910253,2.549999466749,2.549997015960,2.549984747439,2.549929680472,2.549709324995,2.548925688125,2.546453052435,2.539534301935,2.522360444511,2.484498055548,2.410203063164,2.280054933403,2.075690806072,1.786470759404,1.414455629554,,,0.987179575101,1.796633333333
3600,2.549999990314,2.549999975028,2.549999865760,2.549999237444,2.549995908383,2.549979891011,2.549910610767,2.549642746916,2.548719886106,2.545891191416,2.538181792738,2.519492132769,2.479140717927,2.401391364885,2.267291889538,2.059421145699,1.768248069778,1.396524357152,,,0.983840886467,1.794000000000
3660,2.549999984491,2.549999961378,2.549999801826,2.549998921748,2.549994443016,2.549973698367,2.549887108753,2.549563207463,2.548480827001,2.545254753327,2.536682913069,2.516371796735,2.473399793633,2.392052864170,2.253856693673,2.042321973859,1.748994764369,1.377290106483,,,0.980651125655,1.790966666667
3720,2.549999975566,2.549999941140,2.549999711287,2.549998493258,2.549992531608,2.549965915263,2.549858572066,2.549469670823,2.548207851214,2.544547195188,2.535056439657,2.513058227574,2.467417575143,2.382479991898,2.240272956824,2.025226331508,1.729906694902,1.358337873318,,,0.977493086160,1.787933333333
3780,2.549999962097,2.549999911551,2.549999584664,2.549997918150,2.549990062821,2.549956216757,2.549824181131,2.549360374692,2.547897802171,2.543764083444,2.533297859789,2.509549426578,2.461197864868,2.372682923968,2.226554435960,2.008144370516,1.710982949011,1.339649728978,,,0.974459453518,1.784900000000
3840,2.549999942068,2.549999868869,2.549999409698,2.549997154456,2.549986904040,2.549944231551,2.549783029890,2.549233436520,2.547547455487,2.542901041179,2.531402973659,2.505843777408,2.454744345474,2.362670375570,2.212710903651,1.991081894461,1.692224853500,1.321230477309,,,0.971441433673,1.781866666667
3900,2.549999912700,2.549999808084,2.549999170677,2.549996150623,2.549982898708,2.549929535217,2.549734123111,2.549086864601,2.547153506068,2.541953734501,2.529367843470,2.501940415927,2.448060840609,2.352452356262,2.198756425735,1.974052881498,1.673646036107,1.303083086104,,,0.968406203711,1.778833333333
3960,2.549999870218,2.549999722571,2.549998847707,2.549994843931,2.549977863401,2.549911650960,2.549676374984,2.548918558654,2.546712574847,2.540917908897,2.527188980530,2.497839003957,2.441153132746,2.342040269089,2.184705324032,1.957069381628,1.655250918885,1.285184085522,,,0.965413802204,1.775800000000
4020,2.549999809554,2.549999603676,2.549998415869,2.549993158778,2.549971585009,2.549890040567,2.549608609632,2.548726321431,2.546221299314,2.539789559022,2.524863306806,2.493539976523,2.434027050529,2.331444794608,2.170569343849,1.940139229179,1.637040516632,1.267527956617,,,0.962382984204,1.772766666667
4080,2.549999723991,2.549999440219,2.549997844181,2.549991004855,2.549963817723,2.549864109643,2.549529560397,2.548507868646,2.545676248046,2.538564830031,2.522388218650,2.489044482586,2.426688781588,2.320677646074,2.156362861026,1.923277392654,1.619024441817,1.250103078340,,,0.959283282101,1.769733333333
4140,2.549999604736,2.549999217905,2.549997094651,2.549988275231,2.549954281212,2.549833196818,2.549437875844,2.548260841919,2.545074096192,2.537240104467,2.519761653595,2.484354073960,2.419145999532,2.309751419111,2.142100123690,1.906492088750,1.601195453228,1.232866946571,,,0.956306299972,1.766700000000
4200,2.549999440401,2.549998918657,2.549996120976,2.549984844367,2.549942657271,2.549796580884,2.549332123185,2.547982820709,2.544411471753,2.535812003344,2.516981941625,2.479471110276,2.411405054784,2.298674017435,2.127784620674,1.889776032094,1.583531385362,1.215834682006,,,0.953389705694,1.763666666667
4260,2.549999216417,2.549998519862,2.549994867281,2.549980566115,2.549928587689,2.549753472843,2.549210788610,2.547671328679,2.543685139096,2.534277216343,2.514047420738,2.474396954183,2.403471402846,2.287453724123,2.113425551303,1.873138412797,1.566040418792,1.199014341846,,,0.950491725022,1.760633333333
4320,2.549998914330,2.549997993477,2.549993266854,2.549975271584,2.549911670835,2.549703018285,2.549072278269,2.547323843543,2.542891765064,2.532632705879,2.510956828825,2.469133981448,2.395351075000,2.276099080783,2.099029401389,1.856575731077,1.548706884602,1.182384458475,,,0.947766738772,1.757600000000
4380,2.549998511013,2.549997305044,2.549991240402,2.549968766982,2.549891461833,2.549644296653,2.548914923186,2.546937796438,2.542028207957,2.530875539924,2.507708989058,2.463683967148,2.387048829977,2.264614994174,2.084597367057,1.840085028651,1.531531948028,1.165996049531,,,0.944985789808,1.754566666667
4440,2.549997977756,2.549996412658,2.549988694685,2.549960831408,2.549867468062,2.549576314507,2.548736979093,2.546510571738,2.541091203208,2.529002890719,2.504302934642,2.458049262866,2.378571556891,2.253013278711,2.070147785037,1.823691915216,1.514551365976,1.149801267285,,,0.942067284274,1.751533333333
4500,2.549997279240,2.549995265694,2.549985520757,2.549951214590,2.549839147343,2.549498018112,2.548536635000,2.546039534406,2.540077780611,2.527012431120,2.500738757717,2.452234570185,2.369929101410,2.241307633995,2.055693033815,1.807400451594,1.497749781719,1.133741349589,,,0.939219463855,1.748500000000
4560,2.549996372405,2.549993803444,2.549981591872,2.549939634954,2.549805906838,2.549408280563,2.548312033528,2.545522090763,2.538985050047,2.524902243463,2.497017098378,2.446243869893,2.361128482959,2.229504780699,2.041234137392,1.791202518766,1.481103527310,1.117851996097,,,0.936461030343,1.745466666667
4620,2.549995205228,2.549991953936,2.549976762527,2.549925777936,2.549767106217,2.549305925506,2.548061271097,2.544955680663,2.537810324599,2.522670450324,2.493138339885,2.440080620694,2.352174997950,2.217610281450,2.026774480839,1.775096528643,1.464606876048,1.102140834566,,,0.933780641814,1.742433333333
4680,2.549993715394,2.549989632309,2.549970866107,2.549909294462,2.549722052923,2.549189710310,2.547782405314,2.544337735276,2.536550910160,2.520315362073,2.489102857259,2.433747693067,2.343073765438,2.205628403882,2.012314086579,1.759076956256,1.448254256019,1.086632628721,,,0.931178320449,1.739400000000
4740,2.549991828857,2.549986739140,2.549963712902,2.549889798752,2.549670000241,2.549058330405,2.547473444950,2.543665680479,2.535204202668,2.517835317579,2.484911035793,2.427248252353,2.333830085696,2.193565728531,1.997860390502,1.743151042524,1.432058708436,1.071310166134,,,0.928600143485,1.736366666667
4800,2.549989458269,2.549983159099,2.549955089128,2.549866866508,2.549610149879,2.548910431765,2.547132359162,2.542936944749,2.533767749422,2.515228925071,2.480563624566,2.420585964614,2.324450090275,2.181428819174,1.983416778864,1.727318140370,1.416017722253,1.056161470556,,,0.926007456372,1.733333333333
4860,2.549986501312,2.549978758904,2.549944753864,2.549840033329,2.549541651380,2.548744590227,2.546757090174,2.542149047431,2.532239139323,2.512495028107,2.476061775167,2.413764737244,2.314940124013,2.169225120623,1.968992193780,1.711588885685,1.400144561611,1.041140783720,,,0.923335822343,1.730300000000
4920,2.549982838956,2.549973385361,2.549932437630,2.549808793463,2.549463599810,2.548559347175,2.546345563586,2.541299546311,2.530616319585,2.509632860533,2.471407340889,2.406789799852,2.305308463953,2.156965072813,1.954595732085,1.695968833937,1.384428865136,1.026231857750,,,0.920741508790,1.727266666667
4980,2.549978333672,2.549966864074,2.549917841528,2.549772599074,2.549375037143,2.548353197414,2.545895709981,2.540386082831,2.528897315537,2.506642043004,2.466602443423,2.399665658933,2.295561102272,2.144652844682,1.940226631857,1.680450553373,1.368856805878,1.011489742311,,,0.918104565833,1.724233333333
5040,2.549972827650,2.549958997357,2.549900634282,2.549730860091,2.549274964377,2.548124588025,2.545405467112,2.539406386802,2.527080412440,2.503522277510,2.461649004594,2.392397452984,2.285705608924,2.132299214935,1.925900486166,1.665055642533,1.353455791061,0.996773911486,,,0.915327041802,1.721200000000
5100,2.549966141002,2.549949562163,2.549880451921,2.549682943776,2.549162332875,2.547871958439,2.544872792245,2.538358345685,2.525164180167,2.500273925852,2.456550393248,2.384991740850,2.275751827793,2.119914480874,1.911623682877,1.649779627912,1.338194023991,0.982129786889,,,0.912588368226,1.718166666667
5160,2.549958069984,2.549938309243,2.549856897222,2.549628175739,2.549036046971,2.547593716320,2.544295699705,2.537239999049,2.523147390286,2.496897690727,2.451309939435,2.377454220044,2.265705644009,2.107501541515,1.897392199865,1.634606393944,1.323038025791,0.967655657753,,,0.910014305236,1.715133333333
5220,2.549948385427,2.549924961354,2.549829537248,2.549565841501,2.548894987109,2.547288259242,2.543672244882,2.536049423187,2.521029062734,2.493393997538,2.445929758657,2.369787826552,2.255568359253,2.095057117420,1.883195090156,1.619518407762,1.307985698501,0.953387383717,,,0.907498276945,1.712100000000
5280,2.549936831155,2.549909211232,2.549797904463,2.549495186029,2.548737991149,2.546953979459,2.543000480475,2.534784786935,2.518807930038,2.489762856360,2.440411149111,2.361994925744,2.245343611034,2.082586642264,1.869042744784,1.604533956747,1.293081994484,0.939138429812,,,0.904850628492,1.709066666667
5340,2.549923122089,2.549890721011,2.549761494900,2.549415411696,2.548563846716,2.546589221456,2.542278462732,2.533444267439,2.516482912482,2.486004858628,2.434757292300,2.354081653937,2.235040030685,2.070100370372,1.854944492960,1.589658248043,1.278309703706,0.924991009209,,,0.902269839518,1.706033333333
5400,2.549906942322,2.549869119832,2.549719764546,2.549325679292,2.548371321061,2.546192333250,2.541504318833,2.532026168098,2.514053459588,2.482121158083,2.428971554402,2.346053075795,2.224662679311,2.057600420517,1.840895063022,1.574880092461,1.263649945158,0.910928558851,,,0.899661108581,1.703000000000
5460,2.549887949000,2.549844032713,2.549672284445,2.549225653682,2.548160803177,2.545766183440,2.540687322098,2.530554017442,2.511570737572,2.478211951373,2.423232655767,2.338203721136,2.214663097878,2.045734260967,1.827768961056,1.561314209578,1.250460587724,0.898616912910,,,0.897122146001,1.700400000000
5520,2.549865769402,2.549815014363,2.549618356963,2.549114070968,2.547929820914,2.545305666689,2.539816752292,2.529005326536,2.508989150833,2.474189181120,2.417381135439,2.330263937797,2.204616150881,2.033875925216,1.814703051988,1.547842487703,1.237372638210,,,,0.894622090102,1.697800000000
5580,2.549839993762,2.549781598105,2.549557340781,2.548990018446,2.547677131435,2.544809305553,2.538891086783,2.527379007921,2.506308509806,2.470054035913,2.411419372162,2.322236760617,2.194524849534,2.022029174521,1.801704330560,1.534478670509,1.224415703373,,,,0.892011892146,1.695200000000
5640,2.549810178005,2.549743281666,2.549488564910,2.548852551630,2.547401475450,2.544275584350,2.537908869672,2.525674058452,2.503528844304,2.465807968524,2.405350782355,2.314127321126,2.184395399159,2.010199871818,1.788776955610,1.521223749758,1.211568416832,,,,0.889409472994,1.692600000000
5700,2.549775842708,2.549699526204,2.549411316805,2.548700696737,2.547101588044,2.543703047385,2.536868721365,2.523889667604,2.500650573554,2.461453142380,2.399179040756,2.305940455888,2.174232653729,1.998391331036,1.775920570784,1.508071482684,1.198813606271,,,,0.886849673973,1.690000000000
5760,2.549736472841,2.549649759377,2.549324855033,2.548533453526,2.546776199852,2.543090265153,2.535769331266,2.522025165887,2.497674110332,2.456991311358,2.392907272685,2.297679463660,2.164038300931,1.986601895825,1.763129120791,1.495011625262,1.186153180826,,,,0.884320926854,1.687400000000
5820,2.549691517847,2.549593372771,2.549228404182,2.548349802105,2.546424040808,2.542435836802,2.534609479587,2.520079921738,2.494599813597,2.452424173034,2.386538207162,2.289347621708,2.153816368736,1.974836734190,1.750410892853,1.482058083832,1.173609857595,,,,0.881659941128,1.684800000000
5880,2.549640391328,2.549529721014,2.549121154972,2.548148701227,2.546043838677,2.541738407841,2.533388023428,2.518053436224,2.491428449915,2.447754072755,2.380075895327,2.280950880984,2.143573799590,1.963103152121,1.737771554373,1.469211868772,1.161154225450,,,,0.879023985541,1.682200000000
5940,2.549582470963,2.549458126461,2.549002274264,2.547929091843,2.545634327758,2.540996652842,2.532103947491,2.515945466356,2.488160991164,2.442983477051,2.373524506306,2.272494027101,2.133314207142,1.951400437059,1.725202669952,1.456451499931,1.148754614031,,,,0.876545317541,1.679600000000
6000,2.549517099897,2.549377878298,2.548870893107,2.547689905789,2.545194268491,2.540209363058,2.530756322169,2.513755849865,2.484798341573,2.438114457462,2.366886055031,2.263977294592,2.123033244711,1.939717134243,1.712684483456,1.443751645319,1.136435824810,,,,0.874219649033,1.677000000000
6060,2.549443587940,2.549288232619,2.548726128948,2.547430063333,2.544722433275,2.539375272401,2.529344181088,2.511484183024,2.481340857436,2.433147711663,2.360160978876,2.255400047770,2.112730051211,1.928054555740,1.700224935345,1.431136003580,1.124253613983,,,,0.871801936395,1.674400000000
6120,2.549361209902,2.549188411843,2.548567061942,2.547148461462,2.544217570174,2.538493167582,2.527866543092,2.509130016353,2.477788793695,2.428084473541,2.353352007610,2.246766939069,2.102411530720,1.916422185830,1.687836317855,1.418624185097,1.112185730443,,,,0.869238260188,1.671800000000
6180,2.549269203379,2.549077605386,2.548392742215,2.546843976768,2.543678428622,2.537561788849,2.526322539067,2.506693229899,2.474143317884,2.422927605397,2.346463667859,2.238084396364,2.092085173891,1.904827825704,1.675524232317,1.406213470893,1.100174112267,,,,0.866773915874,1.669200000000
6240,2.549166770806,2.548954968071,2.548202202296,2.546515482229,2.543103791745,2.536580084799,2.524711510895,2.504174021808,2.470405922521,2.417679923227,2.339499529909,2.229355035215,2.081750250979,1.893262877711,1.663270606840,1.393873312740,1.088235024227,,,,0.864389257444,1.666600000000
6300,2.549053084247,2.548819623394,2.547994444417,2.546161853075,2.542492470943,2.535546959058,2.523032813675,2.501572505404,2.466577405692,2.412342753978,2.332460976394,2.220579330567,2.071406426482,1.881729084538,1.651083059471,1.381620488990,1.076400302269,,,,0.861950944467,1.664000000000
6360,2.548927286885,2.548670676932,2.547768471779,2.545781966301,2.541843311095,2.534461441950,2.521285847734,2.498888768293,2.462658938012,2.406918233358,2.325351069755,2.211761575358,2.061058943414,1.870231993229,1.638966678005,1.369460397985,1.064644990996,,,,0.859414772939,1.661400000000
6420,2.548788491822,2.548507203189,2.547523255582,2.545374694941,2.541155166592,2.533322501836,2.519470127251,2.496123125991,2.458651791340,2.401409060245,2.318173636260,2.202906496630,2.050713136624,1.858777406289,1.626927354925,1.357397008963,1.052942518738,,,,0.856836902350,1.658800000000
6480,2.548635784733,2.548328248621,2.547257757507,2.544938920968,2.540426938198,2.532129332465,2.517585328390,2.493276158317,2.454557827395,2.395818278379,2.310932946399,2.194018751034,2.040373576143,1.847368953706,1.614966296153,1.345423464381,1.041284005512,,,,0.854201388448,1.656200000000
6540,2.548468229049,2.548132847633,2.546970943774,2.544473548406,2.539657581547,2.530881118148,2.515631298200,2.490348654322,2.450379013737,2.390148938750,2.303632912925,2.185102530891,2.030043175015,1.836006207233,1.603076671518,1.333519326993,1.029647330988,,,,0.851753550922,1.653600000000
6600,2.548284871369,2.547920022571,2.546661764170,2.543977509682,2.538846112252,2.529577256759,2.513607963482,2.487341420103,2.446116974129,2.384403380848,2.296275167405,2.176156989952,2.019716101805,1.824676534891,1.591238476106,1.321662505912,1.018113700999,,,,0.849324745065,1.651000000000
6660,2.548084744344,2.547688781331,2.546329194206,2.543449755757,2.537991597067,2.528217035327,2.511515143108,2.484254873748,2.441772728317,2.378582504818,2.288860212430,2.167182162520,2.009394149920,1.813387085984,1.579468412202,1.309890867923,1.006655237254,,,,0.846785595896,1.648400000000
6720,2.547866862630,2.547438117522,2.545972185797,2.542889233987,2.537093082011,2.526799818014,2.509352676466,2.481089521852,2.437347487472,2.372688807067,2.281392061144,2.158184131650,1.999084872275,1.802145081762,1.567770332785,1.298201495501,0.995228592078,,,,0.844248725229,1.645800000000
6780,2.547630220819,2.547167014162,2.545589682670,2.542294905964,2.536149664669,2.525325011415,2.507120620203,2.477846283036,2.432843507950,2.366725274268,2.273874273311,2.149165772675,1.988788868130,1.790946620954,1.556134458332,1.286573539432,0.983846710501,,,,0.841792393802,1.643200000000
6840,2.547373802387,2.546874442458,2.545180653914,2.541665768585,2.535160487822,2.523792180708,2.504819126710,2.474526125417,2.428262215507,2.360693971153,2.266308333844,2.140126973022,1.978503510167,1.779786812981,1.544555734586,1.275006199021,0.972543538492,,,,0.839306644971,1.640600000000
6900,2.547096585190,2.546559366632,2.544744054719,2.541000842871,2.534124769379,2.522200872618,2.502448284445,2.471129776045,2.423605111580,2.354596594986,2.258696165255,2.131070217482,1.968232199933,1.768670610899,1.533040336367,1.263506578168,0.961276719709,,,,0.836910722300,1.638000000000
6960,2.546797539018,2.546220760371,2.544278864629,2.540299164105,2.533041736398,2.520550662801,2.500008239928,2.467658088137,2.418873597254,2.348435176941,2.251039606399,2.121995439368,1.957971378273,1.757587872111,1.521569862015,1.252051103678,0.950120966097,,,,0.834600172631,1.635400000000
7020,2.546475626368,2.545857586236,2.543784064813,2.539559782376,2.531910641687,2.518841190372,2.497499054751,2.464111659475,2.414068694318,2.342210290198,2.243338593612,2.112901958147,1.947719851142,1.746540311038,1.510153321900,1.240665717925,0.939033192817,,,,0.832230811363,1.632800000000
7080,2.546129801255,2.545468788866,2.543258613822,2.538781754959,2.530730700253,2.517071961773,2.494920768560,2.460491001824,2.409191342675,2.335923623952,2.235595345347,2.103792631055,1.937481820748,1.735532947924,1.498797047763,1.229357865259,0.927981039908,,,,0.829806059534,1.630200000000
7140,2.545759005273,2.545053323735,2.542701502185,2.537964144393,2.529501193532,2.515242683845,2.492273559067,2.456796948421,2.404243318651,2.329577676465,2.227813081936,2.094671541745,1.927261959291,1.724570782955,1.487506201103,1.218123415874,0.916949865801,,,,0.827402537981,1.627600000000
7200,2.545362175238,2.544610136849,2.542111705055,2.537106047686,2.528221472855,2.513353032258,2.489557805992,2.453030712805,2.399226476049,2.323175103578,2.219994674334,2.085540823382,1.917060160568,1.713650150497,1.476272624380,1.206944670581,0.905967771126,,,,0.824988432716,1.625000000000
7260,2.544938632197,2.544140008459,2.541495300698,2.536225487606,2.526933316705,2.511488438181,2.486933224758,2.449470650151,2.394596836484,2.317421547478,2.213176600986,2.077849758821,1.908812925972,1.705253091067,1.468162115356,1.199506012122,0.899383255410,,,,0.822524833283,1.623800000000
7320,2.544487806189,2.543641189816,2.540846194369,2.535306267805,2.525599804555,2.509572828069,2.484255182536,2.445860139859,2.389926795398,2.311644882726,2.206358207252,2.070183235985,1.900612785583,1.696919516416,1.460122525067,1.192131938453,0.892784579379,,,,0.819932623413,1.622600000000
7380,2.544008815372,2.543112837074,2.540163662595,2.534347886152,2.524220734902,2.507606428874,2.481524477794,2.442200496434,2.385218106535,2.305847070935,2.199541977633,2.062544935173,1.892465188503,1.688657116849,1.452162218388,1.184820818628,0.886147786607,,,,0.817345395018,1.621400000000
7440,2.543500798347,2.542554126553,2.539447003782,2.533349842479,2.522796045638,2.505589664198,2.478742119315,2.438493398290,2.380473042599,2.300030932690,2.192730649837,2.054935834861,1.884368270715,1.680458570505,1.444266142700,1.177547100740,0.879546529172,,,,0.814728434987,1.620200000000
7500,2.542962925807,2.541964271149,2.538695545885,2.532311775525,2.521325653710,2.503523037612,2.475909121651,2.434740364459,2.375693291160,2.294198017491,2.185924819094,2.047356415048,1.876322102796,1.672325315938,1.436436431017,1.170317341103,0.872944765074,,,,0.812158654987,1.619000000000
7560,2.542394405314,2.541342523105,2.537908702811,2.531233285619,2.519809639357,2.501407039893,2.473026497788,2.430942828718,2.370880579084,2.288349696993,2.179125540985,2.039805523021,1.868322613790,1.664248032429,1.428657197268,1.163114715507,0.866418814631,,,,0.809621976644,1.617800000000
7620,2.541794476343,2.540688168123,2.537085904650,2.530114095952,2.518248009815,2.499242072178,2.470095133796,2.427101895917,2.366035894462,2.282486431824,2.172331957567,2.032281970989,1.860369119334,1.656228517272,1.420935896144,1.155963606152,0.859872710158,,,,0.806999000879,1.616600000000
7680,2.541162402207,2.540000509273,2.536226585302,2.528953867521,2.516640789048,2.497028611246,2.467115822466,2.423218667640,2.361160550827,2.276609806695,2.165546247261,2.024788329957,1.852464719966,1.648269898680,1.413275393715,1.148860657392,0.853327867544,,,,0.804382438857,1.615400000000
7740,2.540497463995,2.539278876188,2.535330221583,2.527752331580,2.514988071168,2.494767151780,2.464089526357,2.419294552169,2.356256306650,2.270721634981,2.158769885262,2.017325392127,1.844608698157,1.640368381219,1.405667448054,1.141787252930,0.846845862338,,,,0.801856808349,1.614200000000
7800,2.539798972824,2.538522632643,2.534396334481,2.526509257437,2.513289923718,2.492458242549,2.461017243203,2.415330855222,2.351324405558,2.264822673157,2.152002521803,2.009890446778,1.836794786522,1.632514497236,1.398101517202,1.134745073062,0.840406473741,,,,0.799295208689,1.613000000000
7860,2.539066275684,2.537731175450,2.533424464537,2.525224424940,2.511546539874,2.490102319927,2.457899728105,2.411328412366,2.346365482186,2.258913172909,2.145243661489,2.002483390071,1.829024652187,1.624712984662,1.390586057722,1.127745753567,0.834000450239,,,,0.796820880852,1.611800000000
7920,2.538298739957,2.536903919801,2.532414154063,2.523897655127,2.509757961774,2.487699866358,2.454737716507,2.407288170850,2.341380567312,2.252993760870,2.138493360040,1.995101950035,1.821292241262,1.616951943199,1.383104181809,1.120771951897,0.827702294969,,,,0.794391968119,1.610600000000
7980,2.537495747743,2.536040295205,2.531364994901,2.522528696783,2.507924297421,2.485251259763,2.451531784380,2.403210692452,2.336369873084,2.247063967587,2.131750372792,1.987745465491,1.813599201580,1.609239568898,1.375675449705,1.113864057753,0.821342636605,,,,0.791847317137,1.609400000000
8040,2.536656690080,2.535139737604,2.530276555459,2.521117382733,2.506045600490,2.482756795702,2.448282489246,2.399096832255,2.331334604202,2.241125730277,2.125017670764,1.980417975334,1.805950632415,1.601580700883,1.368302232432,1.107003112677,0.814995279905,,,,0.789327200592,1.608200000000
8100,2.535780968286,2.534201683804,2.529148395012,2.519663473481,2.504121950404,2.480216969909,2.444990807970,2.394947957783,2.326276458354,2.235180759052,2.118296544702,1.973119601451,1.798344493004,1.593970796778,1.360978872095,1.100181725005,0.808671121927,,,,0.786789375773,1.607000000000
8160,2.534868024841,2.533225635181,2.527980179582,2.518166907495,2.502153633462,2.477632421086,2.441657696449,2.390765296250,2.321196710221,2.229230381765,2.111588450074,1.965852325915,1.790783979252,1.586415066904,1.353709697569,1.093397969247,0.802391071595,,,,0.784322099132,1.605800000000
8220,2.533917351787,2.532211136932,2.526771610546,2.516627596815,2.500140863094,2.475003805302,2.438284191111,2.386550188467,2.316096881826,2.223275749972,2.104892968209,1.958612356059,1.783259900130,1.578896479569,1.346469675230,1.086630430357,0.796203452633,,,,0.781902099587,1.604600000000
8280,2.532928490541,2.531157782411,2.525522415824,2.515045543527,2.498083955168,2.472331639999,2.434870984659,2.382303160583,2.310976932114,2.217315721874,2.098208165363,1.951398122425,1.775773482368,1.571423421686,1.339277558424,1.079917702679,0.790019184798,,,,0.779477875464,1.603400000000
8340,2.531901005253,2.530065182351,2.524232339503,2.513420692856,2.495983095283,2.469616327373,2.431418653794,2.378024912126,2.305837674009,2.211351346430,2.091535382191,1.944211179931,1.768325677550,1.563994914497,1.332131018549,1.073251800336,0.783782133112,,,,0.776963483876,1.602200000000
8400,2.530834463949,2.528932950744,2.522901146885,2.511752985135,2.493838455776,2.466858407078,2.427927965634,2.373716439667,2.300680286252,2.205384158231,2.084876643284,1.937054713389,1.760922687524,1.556621089218,1.325044061209,1.066635856436,0.777544501773,,,,0.774452234792,1.601000000000
8460,2.529728461049,2.527760727683,2.521528616713,2.510042465842,2.491650418013,2.464058552151,2.424399998259,2.369379263038,2.295506618762,2.199416264458,2.078233933672,1.929929382237,1.753561027652,1.549291643470,1.317996481832,1.060034813831,,,,,0.772011086274,1.599800000000
8520,2.528582648257,2.526548206263,2.520114581104,2.508289189398,2.489419336029,2.461217486072,2.420835786255,2.365014487143,2.290317570118,2.193447645826,2.071605736430,1.922831952201,1.746236411597,1.542002651610,1.310984915378,1.053460335512,,,,,0.769636425661,1.598600000000
8580,2.527396735548,2.525295159063,2.518658975294,2.506493339985,2.487145624349,2.458335796113,2.417235999830,2.360622686475,2.285113304833,2.187477796198,2.064990388089,1.915759287333,1.738944381034,1.534748563997,1.304004629714,1.046920948586,,,,,0.767253265774,1.597400000000
8640,2.526170450948,2.524001358353,2.517161696815,2.504654919989,2.484829556453,2.455413937144,2.413601078253,2.356204150036,2.279893803043,2.181506224748,2.058387714367,1.908712643440,1.731689105486,1.527538730277,1.297072843507,1.040437982266,,,,,0.764831968890,1.596200000000
8700,2.524903513151,2.522666563224,2.515622583249,2.502774044009,2.482471322182,2.452452346538,2.409931671591,2.351759733550,2.274660255622,2.175534827793,2.051800263507,1.901695314361,1.724474249985,1.520375726634,1.290190344016,1.033996250544,,,,,0.762357474557,1.595000000000
8760,2.523595650628,2.521290545941,2.514041562366,2.500850755714,2.480071352421,2.449451648323,2.406228758018,2.347290732573,2.269414140278,2.169565408324,2.045229851205,1.894708836344,1.717301044418,1.513260351905,1.283356311981,1.027585454249,,,,,0.759892760070,1.593800000000
8820,2.522246647189,2.519873138239,2.512418612949,2.498885286956,2.477630053463,2.446412623533,2.402493430314,2.342798476463,2.264156984266,2.163599017434,2.038677171046,1.887752984265,1.710167253505,1.506187734287,1.276560949383,1.021192517923,,,,,0.757448885059,1.592600000000
8880,2.520856357437,2.518414233170,2.510753755167,2.496877875769,2.475147990321,2.443336096445,2.398726651944,2.338283935047,2.258889475787,2.157635890729,2.032141189055,1.880825174992,1.703068954931,1.499153055468,1.269798833833,1.014823156951,,,,,0.755069267818,1.591400000000
8940,2.519424688127,2.516913782991,2.509047070027,2.494828792769,2.472625643500,2.440222700823,2.394929107695,2.333747667523,2.253611851502,2.151675768066,2.025621309232,1.873925009712,1.696007018502,1.492159849460,1.263078222462,1.008498730721,,,,,0.752601923112,1.590200000000
9000,2.517951561508,2.515371758953,2.507298654345,2.492738288127,2.470063369262,2.437072994404,2.391101499412,2.329190466585,2.248325001680,2.145719800686,2.019119539627,1.867055545514,1.688985268751,1.485210992378,1.256398117467,1.002194111399,,,,,0.750256747394,1.589000000000
9060,2.516436879930,2.513787990794,2.505508074486,2.490605383223,2.467459339651,2.433883451838,2.387237861624,2.324602766168,2.243014240946,2.139746533069,2.012604685456,1.860173057191,1.681943866110,1.478227540220,1.249660095057,0.995812768679,,,,,0.748080779735,1.587766666667
9120,2.514880581160,2.512162561983,2.503675845025,2.488431484598,2.464816136245,2.430658576230,2.383345095338,2.319994589928,2.237693547792,2.133774481814,2.006101763730,1.853310884552,1.674928884331,1.471274221086,1.242956015721,0.989504242966,,,,,0.745755397963,1.586533333333
9180,2.513282620056,2.510495455667,2.501802059792,2.486216677698,2.462133967368,2.427398538885,2.379423258308,2.315365884026,2.232363013937,2.127804679881,1.999613598068,1.846475964062,1.667952060745,1.464367328657,1.236306092233,0.983245212354,,,,,0.743364490944,1.585300000000
9240,2.511642896343,2.508786598252,2.499886724011,2.483961165418,2.459413171749,2.424103856404,2.375473189106,2.310717929902,2.227024549116,2.121839710481,1.993143043574,1.839669427922,1.661010556945,1.457497840682,1.229693745379,0.977000965763,,,,,0.741000431738,1.584066666667
9300,2.509961347629,2.507035946395,2.497929882671,2.481665135503,2.456654165998,2.420775227736,2.371495846255,2.306051799576,2.221679026012,2.115879993333,1.986690015690,1.832891294339,1.654105663256,1.450670035626,1.223123163343,0.970781261508,,,,,0.738706488649,1.582833333333
9360,2.508237992999,2.505243578935,2.495931753836,2.479329015348,2.453857554275,2.417413408409,2.367492089544,2.301368444933,2.216327395477,2.109926207830,1.980254193228,1.826139165060,1.647231588499,1.443873480225,1.216578491920,0.964585812707,,,,,0.736399179315,1.581600000000
9420,2.506472908680,2.503409608335,2.493892551763,2.476953065982,2.451023841389,2.414019024667,2.363462509732,2.296668219870,2.210969557585,2.103977480334,1.973834574644,1.819412800511,1.640390552914,1.437114628308,1.210071715258,0.958424865747,,,,,0.734114533592,1.580366666667
9480,2.504666187879,2.501534157660,2.491812429443,2.474537697903,2.448153390114,2.410592588979,2.359407664123,2.291951680001,2.205605982614,2.098034467200,1.967431267925,1.812711365261,1.633579331284,1.430385750732,1.203590150530,0.952283709989,,,,,0.731905067949,1.579133333333
9540,2.502817923145,2.499617348575,2.489691634097,2.472083140760,2.445246708890,2.407134595055,2.355328011711,2.287219076797,2.200236484299,2.092096182259,1.961042691348,1.806032422611,1.626795862366,1.423686641175,1.197137646890,0.946182331226,,,,,0.729698869132,1.577900000000
9600,2.500928204246,2.497659295427,2.487530351448,2.469589730732,2.442304083021,2.403645315343,2.351223816525,2.282470512949,2.194861034388,2.086162424474,1.954668578124,1.799376690445,1.620042207943,1.417021945999,1.190724801734,0.940130809585,,,,,0.727415095194,1.576666666667
9660,2.498997096724,2.495660065865,2.485328683997,2.467057632705,2.439325812329,2.400125201075,2.347095542346,2.277706593572,2.189480570367,2.080234936546,1.948312152871,1.792749239070,1.613325717231,1.410400406586,1.184357733769,0.934099389440,,,,,0.725185516564,1.575433333333
9720,2.497024672280,2.493619771702,2.483086840608,2.464487207889,2.436312434085,2.396574955623,2.342944160723,2.272928580374,2.184096419480,2.074314730360,1.941973137854,1.786146715995,1.606637485223,1.403806227976,1.178013771235,0.928088416547,,,,,0.722921576337,1.574200000000
9780,2.495011077709,2.491538598710,2.480805107093,2.461878814237,2.433264417481,2.392995203095,2.338770243953,2.268136743038,2.178708455659,2.068401260985,1.935650904115,1.779570264207,1.599983957715,1.397254998045,1.171719318938,0.922118452458,,,,,0.720585981960,1.572966666667
9840,2.492956501024,2.489416759364,2.478483724648,2.459232858128,2.430182278001,2.389386527993,2.334574542795,2.263332140955,2.173318354230,2.062496941359,1.929349315886,1.773024406542,1.593368374516,1.390744755468,1.165460976992,0.916148552616,,,,,0.718338526432,1.571733333333
9900,2.490861164559,2.487254507234,2.476123050746,2.456549806138,2.427066731377,2.385749783072,2.330358187089,2.258516045515,2.167927147822,2.056602181466,1.923066573290,1.766504397630,1.586781654968,1.384261918683,1.159221153325,0.910196312659,,,,,0.716105969531,1.570500000000
9960,2.488725378834,2.485052183598,2.473723536300,2.453830212574,2.423918323881,2.382085691471,2.326121684993,2.253688551185,2.162534137761,2.050715390143,1.916800721561,1.760008260023,1.580223501661,1.377809101291,1.153006967902,0.904268956157,,,,,0.713964357285,1.569266666667
10020,2.486549464345,2.482810112697,2.471285533568,2.451074503873,2.420737589888,2.378394648566,2.321865288417,2.248849675090,2.157139142424,2.044835902437,1.910550314279,1.753533468105,1.573689371448,1.371378616444,1.146809773550,0.898376414254,,,,,0.711845998353,1.568033333333
10080,2.484333688870,2.480528573636,2.468809351593,2.448283015831,2.417524855147,2.374676900238,2.317589038067,2.243999103931,2.151741359874,2.038962438680,1.904313868134,1.747079193202,1.567180693099,1.364976753476,1.140646482170,0.892534862657,,,,,0.709680684670,1.566800000000
10140,2.482078251862,2.478207789524,2.466295251299,2.445455999433,2.414280268588,2.370932624173,2.313293067172,2.239137013918,2.146341174842,2.033096182847,1.898094208450,1.740650306320,1.560704331953,1.358611330251,1.134522733387,0.886713274727,,,,,0.707549991590,1.565566666667
10200,2.479783308765,2.475847930646,2.463743420287,2.442593713813,2.411004298189,2.367162274568,2.308978084189,2.234264342875,2.140939731367,2.027238183147,1.891891007513,1.734244172542,1.554253457659,1.352271050608,1.128423301310,0.880921795188,,,,,0.705394903192,1.564333333333
10260,2.477449064803,2.473449223508,2.461154125667,2.439696557713,2.407697360338,2.363366404587,2.304644520224,2.229381303484,2.135537009355,2.021387996678,1.885704692060,1.727862967179,1.547834721132,1.345969504162,1.122367946171,0.875153981551,,,,,0.703168327097,1.563100000000
10320,2.475075762934,2.471011927292,2.458527714549,2.436764859156,2.404359861164,2.359545553263,2.300293063576,2.224488830520,2.130134340511,2.015547693019,1.879537254345,1.721507995995,1.541446969356,1.339700648372,1.116342555381,0.869392774261,,,,,0.700998378430,1.561866666667
10380,2.472663691113,2.468536343178,2.455864541899,2.433799138608,2.400992467343,2.355700441574,2.295924525018,2.219587767863,2.124732292048,2.009717359777,1.873388490106,1.715178795432,1.535089687572,1.333463959817,1.110343192445,0.863644395710,,,,,0.698877707650,1.560633333333
10440,2.470213209793,2.466022837139,2.453165012961,2.430799857712,2.397595722667,2.351831710050,2.291539516525,2.214678562450,2.119331018419,2.003896407706,1.867256277762,1.708870833139,1.528755379736,1.327249074368,1.104361103493,0.857932572023,,,,,0.696735697151,1.559400000000
10500,2.467724707972,2.463471834640,2.450429613318,2.427767539548,2.394170072539,2.347939654461,2.287138159657,2.209760988185,2.113929956414,1.998084181041,1.861141076131,1.702587958289,1.522454024441,1.321074537896,1.098425852255,0.852247164390,,,,,0.694479239432,1.558166666667
10560,2.465198530089,2.460883687271,2.447658698254,2.424702507923,2.390715998524,2.344024820876,2.282721157246,2.204836184225,2.108530908336,1.992283804304,1.855047084384,1.696334254825,1.516187345142,1.314935647616,1.092520066549,0.846549350908,,,,,0.692341454149,1.556933333333
10620,2.462635041476,2.458258782466,2.444852675948,2.421605404583,2.387234157965,2.340088137466,2.278289608363,2.199905309712,2.103134853142,1.986495143057,1.848972241643,1.690104385258,1.509945368679,1.308817187326,1.086620972911,0.840873186314,,,,,0.690330534793,1.555700000000
10680,2.460034715732,2.455597613939,2.442012152530,2.418476754488,2.383725211717,2.336130153976,2.273843761865,2.194967960623,2.097740292082,1.980715071309,1.842911260654,1.683891296697,1.503719950892,1.302711734927,1.080729482772,0.835254559073,,,,,0.688400822706,1.554466666667
10740,2.457398004972,2.452900627425,2.439137552562,2.415317019238,2.380189416506,2.332150787856,2.269383055708,2.190022888224,2.092345309884,1.974941435050,1.836862634124,1.677695241822,1.497515138141,1.296629135804,1.074868542720,0.829695772678,,,,,0.686402231810,1.553233333333
10800,2.454725189022,2.450168063773,2.436229043770,2.412126244700,2.376626705702,2.328149869548,2.264907224521,2.185069916989,2.086950034177,1.969175095337,1.830828432404,1.671519789447,1.491335448137,1.290574336312,1.069043354072,0.824152701952,,,,,0.684372724622,1.552000000000
10860,2.452016131256,2.447398812954,2.433282433653,2.408894701610,2.373018824648,2.324097110201,2.260369885858,2.180041984391,2.081461774422,1.963292339205,1.824648619124,1.665163441000,1.484933196618,1.284249777599,1.062896962294,0.818207770196,,,,,0.682380461882,1.550600000000
10920,2.449270696629,2.444593716993,2.430301577432,2.405631620042,2.369383425583,2.320022007281,2.255816520279,2.175005232333,2.075972167225,1.957415914577,1.818481971636,1.658825963948,1.478554243079,1.277953099769,1.056783346698,0.812294875421,,,,,0.680344429163,1.549200000000
10980,2.446489085433,2.441752985509,2.427286675135,2.402337324835,2.365720807292,2.315924902812,2.251247521778,2.169960073907,2.070482179999,1.951546994242,1.812330808827,1.652511280912,1.472204828792,1.271692786168,1.050711004742,0.806391821787,,,,,0.678271169099,1.547800000000
11040,2.443671544057,2.438876878066,2.424238088010,2.399012159306,2.362031379472,2.311806438573,2.246663787812,2.164907833101,2.064993381751,1.945688000801,1.806197747317,1.646221711762,1.465885651701,1.265465519610,1.044666265906,0.800488572368,,,,,0.676279277029,1.546400000000
11100,2.440818431173,2.435965747990,2.421156204416,2.395656670318,2.358315915257,2.307667479754,2.242066315430,2.159849542388,2.059506633403,1.939838708138,1.800080775443,1.639952476006,1.459588462388,1.259259020807,1.038634237003,0.794620573219,,,,,0.674304960258,1.545000000000
11160,2.437930230368,2.433020105558,2.418041587594,2.392271481017,2.354575001634,2.303508528114,2.237455359283,2.154784926368,2.054020865210,1.933997423853,1.793978008563,1.633702513687,1.453314915144,1.253079579527,1.032631391844,0.788777908380,,,,,0.672303592953,1.543600000000
11220,2.435007413468,2.430040437673,2.414894735721,2.388856949917,2.350809009138,2.299329865325,2.232831107561,2.149714163081,2.048536674034,1.928165263813,1.787891653800,1.627475763907,1.447070738091,1.246933973129,1.026665563350,0.782938867540,,,,,0.670194692414,1.542200000000
11280,2.432050392326,2.427027160674,2.411715985429,2.385413631635,2.347018376528,2.295132094760,2.228194306091,2.144638413389,2.043055399264,1.922344306283,1.781824136437,1.621274521257,1.440856626634,1.240819501073,1.020722959168,0.777078702439,,,,,0.668226055425,1.540800000000
11340,2.429059628728,2.423980752882,2.408505954517,2.381942027102,2.343203890300,2.290916047938,2.223545893029,2.139558462756,2.037577639642,1.916533798536,1.775772719014,1.615092721708,1.434662435331,1.234722164384,1.014788006233,0.771285477662,,,,,0.666282262425,1.539400000000
11400,2.426035672529,2.420901758522,2.405265193435,2.378442816641,2.339366096401,2.286682119104,2.218885951219,2.134473828697,2.032102131701,1.910732263048,1.769736304607,1.608931135852,1.428492679472,1.228650870191,1.008878235973,0.765500111811,,,,,0.664373704989,1.538000000000
11460,2.422979022515,2.417790654550,2.401994140194,2.374916371550,2.335505343383,2.282430555386,2.214214624525,2.129384661585,2.026629059188,1.904939490185,1.763713793417,1.602786725865,1.422340893944,1.222595468637,1.002984579288,0.759766857815,,,,,0.662438638608,1.536600000000
11520,2.419890094347,2.414647883065,2.398693255936,2.371363064543,2.331621836613,2.278161496264,2.209531836544,2.124290576923,2.021157679476,1.899155166949,1.757706190394,1.596663730489,1.416217045536,1.216574756350,0.997135480027,0.754015154337,,,,,0.660407510512,1.535200000000
11580,2.416769229209,2.411473781338,2.395362797585,2.367783231923,2.327715966616,2.273875337410,2.204838213431,2.119192633411,2.015690124734,1.893382158101,1.751717241219,1.590565368303,1.410121175234,1.210581467525,0.991305005194,0.748249672255,,,,,0.658465624718,1.533800000000
11640,2.413616804211,2.408268741685,2.392003242851,2.364177333152,2.323788380527,2.269572862878,2.200134627180,2.114091681095,2.010226376611,1.887619322081,1.745743141142,1.584484201681,1.404042209046,1.204602869633,0.985482416504,0.742538825875,,,,,0.656528523391,1.532400000000
11700,2.410433309862,2.405033257523,2.388615122950,2.360545959676,2.319839505734,2.265254312449,2.195420936290,2.108987077870,2.004765532526,1.881865635242,1.739784161905,1.578424002120,1.397990189200,1.198656882165,0.979697152159,0.736810467828,,,,,0.654518506835,1.531000000000
11760,2.407219180963,2.401767714343,2.385198753354,2.356889364057,2.315869612410,2.260920024657,2.190697628173,2.103879624422,1.999308995875,1.876123408926,1.733843207072,1.572386942301,1.391963897280,1.192735083723,0.973926882625,0.731096407033,,,,,0.652628791112,1.529600000000
11820,2.403974841169,2.398472589111,2.381754689195,2.353208156446,2.311879322908,2.256570650723,2.185965403215,2.098769934537,1.993856844137,1.870391449122,1.727917036008,1.566366970792,1.385954107658,1.186825569422,0.968159550433,0.725458810689,,,,,0.650854419653,1.528200000000
11880,2.400700780599,2.395148373636,2.378283372406,2.349502741532,2.307869022728,2.252206342872,2.181224015573,2.093657074595,1.988407246512,1.864667106237,1.722002272032,1.560360980749,1.379959811169,1.180932394018,0.962417802893,0.719864542371,,,,,0.648983150278,1.526800000000
11940,2.397397395453,2.391795446155,2.374785113423,2.345773337821,2.303838742203,2.247826912970,2.176473049284,2.088540521826,1.982960122854,1.858951397623,1.716102308243,1.554376103218,1.373992799311,1.175072524344,0.956720926893,0.714224891611,,,,,0.647059141049,1.525400000000
12000,2.394064934361,2.388414047451,2.371260190329,2.342020188041,2.299788692704,2.243432748972,2.171713219419,2.083421642782,1.977517468604,1.853246858774,1.710219666599,1.548413022069,1.368049285793,1.169234960471,0.951037737398,0.708602497438,,,,,0.645210573621,1.524000000000
12060,2.390703712877,2.385004464607,2.367708888991,2.338243669644,2.295719425948,2.239024500102,2.166945171057,2.078300762682,1.972078937793,1.847551833051,1.704350376765,1.542464926211,1.362119846681,1.163408726260,0.945358185937,0.703055961752,,,,,0.643489725816,1.522600000000
12120,2.387314157638,2.381567160756,2.364131705775,2.334444263782,2.291631249263,2.234602191224,2.162168437984,2.073176817885,1.966642709073,1.841863677750,1.698491453361,1.536529614862,1.356204954288,1.157599301066,0.939704622780,0.697542765418,,,,,0.641679267402,1.521200000000
12180,2.383896591638,2.378102445082,2.360528861603,2.330621985622,2.287524100248,2.230165543620,2.157382611128,2.068049390139,1.961208575728,1.836183355943,1.692645991010,1.530613520455,1.350315617753,1.151822636594,0.934097303939,0.691965792399,,,,,0.639760032821,1.519800000000
12240,2.380451189741,2.374610483802,2.356900454019,2.326777043704,2.283398144568,2.225714876923,2.152588368186,2.062919720663,1.955779002163,1.830514368437,1.686818818818,1.524722171388,1.344456728528,1.146081556344,0.928521836391,0.686358752935,,,,,0.637829230913,1.518400000000
12300,2.376978212354,2.371091557499,2.353246906875,2.322909882866,2.279253995461,2.221251175507,2.147787083628,2.057789643622,1.950355908203,1.824858879200,1.681011368268,1.518855512935,1.338625609563,1.140369122848,0.922959241254,0.680769638108,,,,,0.635957415448,1.517000000000
12360,2.373478177464,2.367546173147,2.349568763177,2.319021219380,2.275092602300,2.216775444806,2.142979800069,2.052660089262,1.944939852806,1.819216299115,1.675221537530,1.513009503564,1.332816345699,1.134676465732,0.917404185755,0.675206395462,,,,,0.634089557747,1.515600000000
12420,2.369951775021,2.363975049734,2.345866782463,2.315111846334,2.270914647106,2.212288239197,2.138166809305,2.047530798782,1.939530013644,1.813585378019,1.669447719349,1.507182607190,1.327027696883,1.129001527360,0.911858404934,0.669661544430,,,,,0.632278689865,1.514200000000
12480,2.366399668989,2.360378857013,2.342141602185,2.311182192148,2.266720561574,2.207789801799,2.133348015319,2.042401459726,1.934125498945,1.807964216143,1.663686937890,1.501370325377,1.321253310972,1.123337992350,0.906323250687,0.664174808690,,,,,0.630490295107,1.512800000000
12540,2.362822393519,2.356758110677,2.338393598624,2.307232721491,2.262510468770,2.203280023153,2.128523035338,2.037271289556,1.928725368739,1.802352456452,1.657940270510,1.495576788877,1.315501821462,1.117699436418,0.900818522160,0.658657064981,,,,,0.628668477877,1.511400000000
12600,2.359220306066,2.353113151208,2.334623158792,2.303263585275,2.258284526401,2.198759053722,2.123692121096,2.032140693655,1.923330438509,1.796751067885,1.652208086526,1.489800101867,1.309766799215,1.112073767342,0.895320742974,0.653236908820,,,,,0.626983141966,1.510000000000
12660,2.355594442876,2.349447442655,2.330841210084,2.299298695589,2.254085488678,2.194294946486,2.118955682992,2.027149905884,1.918128023824,1.791401755224,1.646793661715,1.484412222296,1.304496649214,1.106996637283,0.890476938839,0.648617917468,,,,,0.625274330385,1.508900000000
12720,2.351945837623,2.345759598208,2.327038956245,2.295316461714,2.249873036445,2.189822041472,2.114215475553,2.022160490651,1.912931925254,1.786063243235,1.641393919633,1.479042345120,1.299247364014,1.101944128454,0.885670440466,0.643918035471,,,,,0.623446984515,1.507800000000
12780,2.348274705358,2.342049840821,2.323216604544,2.291317015877,2.245647156878,2.185340371421,2.109471675290,2.017172945207,1.907743220434,1.780737470038,1.636012047755,1.473694622066,1.294023116426,1.096918724132,0.880884211721,0.639234856154,,,,,0.621679739011,1.506700000000
12840,2.344581266606,2.338318395842,2.319374375899,2.287300598063,2.241408319340,2.180850415764,2.104724938566,2.012188000940,1.902562388268,1.775424197929,1.630645618862,1.468363209369,1.288813590869,1.091905128450,0.876098709368,0.634642744600,,,,,0.619990719682,1.505600000000
12900,2.340865864438,2.334565609395,2.315512575921,2.283267612959,2.237156721692,2.176352320772,2.099975013621,2.007204846060,1.897387961176,1.770121160967,1.625292527880,1.463047197315,1.283621455431,1.086910533529,0.871338235327,0.630082866743,,,,,0.618327774554,1.504500000000
12960,2.337128806008,2.330791770804,2.311631504861,2.279218105331,2.232892379486,2.171845923996,2.095221612511,2.002223189703,1.892219878470,1.764828893959,1.619954013295,1.457749225405,1.278450542291,1.081940708852,0.866612790145,0.625428776523,,,,,0.616535264988,1.503400000000
13020,2.333370297125,2.326997074159,2.307731328966,2.275152325534,2.228615472972,2.167331401362,2.090465076280,1.997243722224,1.887059508092,1.759549944095,1.614634439350,1.452475772215,1.273309712167,1.077006557659,0.861920765864,0.620711278331,,,,,0.614693771480,1.502300000000
13080,2.329590592496,2.323181744487,2.303812269088,2.271070532294,2.224326440792,2.162809516076,2.085706635025,1.992268204694,1.881909051771,1.754286600000,1.609335276234,1.447225836408,1.268192841648,1.072092791499,0.857222779206,0.616129249312,,,,,0.612997595747,1.501200000000
13140,2.325790180266,2.319346334790,2.299874989382,2.266973539697,2.220026167924,2.158281142861,2.080946956460,1.987296783354,1.876767507707,1.749035799359,1.604050360672,1.441989574337,1.263087174828,1.067185385140,0.852526915560,0.611573243309,,,,,0.611312305209,1.500100000000
13200,2.321969674947,2.315491449062,2.295920050956,2.262861668263,2.215714856860,2.153746121441,2.076185295752,1.982328004941,1.871632906051,1.743795698449,1.598779720762,1.436771435675,1.258004111991,1.062304173621,0.847869095400,,,,,,0.609519360534,1.499000000000
13260,2.318129485799,2.311617467621,2.291947671947,2.258735208234,2.211392492901,2.149204439225,2.071421774836,1.977362450983,1.866506665697,1.738568940947,1.593526935368,1.431574869134,1.252944608305,1.057445774455,0.843223792777,,,,,,0.607809872928,1.497900000000
13320,2.314269927779,2.307724706785,2.287958241593,2.254594416129,2.207059592040,2.144656614895,2.066657049984,1.972400814422,1.861389221802,1.733355368188,1.588290591672,1.426396397634,1.247902871270,1.052602059501,0.838585059393,,,,,,0.606123892933,1.496800000000
13380,2.310391415454,2.303813583816,2.283952195910,2.250439788794,2.202716457774,2.140102871057,2.061891146438,1.967442718402,1.856279679759,1.728153194478,1.583068119745,1.421232956419,1.242875454307,1.047769415146,0.833957358433,,,,,,0.604517241428,1.495700000000
13440,2.306494349825,2.299884454413,2.279929809596,2.246271503505,2.198363194435,2.135543116197,2.057123598254,1.962487298907,1.851176735592,1.722960836461,1.577857753475,1.416082996774,1.237862267793,1.042952175879,0.829358563228,,,,,,0.602844495003,1.494600000000
13500,2.302578985609,2.295937564559,2.275891274151,2.242089653421,2.193999747388,2.130977087744,2.052354052513,1.957534316009,1.846080652782,1.717779712483,1.572663104854,1.410953309708,1.232873329450,1.038162476426,0.824788148908,,,,,,0.601186599467,1.493500000000
13560,2.298645464943,2.291973066261,2.271836748475,2.237894343831,2.189626212273,2.126405148481,2.047583154083,1.952584761624,1.840992601614,1.712610767356,1.567483607293,1.405840029701,1.227900492747,1.033389145816,0.820232087662,,,,,,0.599491589075,1.492400000000
13620,2.294694033936,2.287991213832,2.267766462568,2.233685893587,2.185242999549,2.121827559393,2.042811120849,1.947638737724,1.835912826632,1.707454779298,1.562321890819,1.400749623687,1.222955749706,1.028648608421,0.815703371447,,,,,,0.597733622075,1.491300000000
13680,2.290725023378,2.283992341908,2.263680764636,2.229464694952,2.180850589168,2.117244991804,2.038038928417,1.942697618427,1.830843017576,1.702313161809,1.557177705574,1.395677766975,1.218027756208,1.023919570119,0.811164019940,,,,,,0.596098814871,1.490200000000
13740,2.286738914674,2.279976943929,2.259580228337,2.225231291285,2.176449461795,2.112657942409,2.033266730939,1.937760950482,1.825781650841,1.697183327611,1.552047624031,1.390621481396,1.213116768025,1.019207866390,0.806647777536,,,,,,0.594391862388,1.489100000000
13800,2.282736214392,2.275945494315,2.255465258159,2.220986051328,2.172039899670,2.108066403004,2.028494366499,1.932828602681,1.820729062842,1.692066626581,1.546935044727,1.385587144358,1.208231860333,1.014524158169,0.802155951936,,,,,,0.592643242392,1.488000000000
13860,2.278717319112,2.271898367395,2.251336198549,2.216729302511,2.167622280040,2.103470947889,2.023722698266,1.927901862808,1.815687028643,1.686965109387,1.541841429807,1.380574113503,1.203368202109,1.009857671198,0.797661773486,,,,,,0.590947696166,1.486900000000
13920,2.274682720068,2.267836097367,2.247193651594,2.212461700043,2.163197231051,2.098872197463,2.018952291410,1.922980949573,1.810655022502,1.681876848586,1.536763017549,1.375576356110,1.198517138634,1.005196437084,0.793162678462,,,,,,0.589383507608,1.485800000000
13980,2.270632993021,2.263759251093,2.243038130381,2.208183615516,2.158765097044,2.094270134473,2.014182578977,1.918064511687,1.805630543793,1.676798265965,1.531694950810,1.370588151901,1.193673491038,1.000538826694,0.788684987239,,,,,,0.587830427083,1.484700000000
14040,2.266568527939,2.259668181316,2.238869812425,2.203895167226,2.154325521188,2.089664099215,2.009412444272,1.913151102953,1.800612264771,1.671728687269,1.526638561289,1.365614127640,1.188846040959,0.995899459335,0.784241180505,,,,,,0.586276028052,1.483600000000
14100,2.262489397968,2.255562930974,2.234688734606,2.199596096492,2.149878281016,2.085053808164,2.004641722521,1.908240857511,1.795600740560,1.666668944594,1.521594282913,1.360653337470,1.184031090936,0.991273155361,0.779816277622,,,,,,0.584747264660,1.482500000000
14160,2.258395583760,2.251443472370,2.230494853427,2.195286468163,2.145423351483,2.080439174450,1.999870284574,1.903333542075,1.790595658750,1.661618862292,1.516562514993,1.355707494123,1.179233613669,0.986670079159,0.775424725051,,,,,,0.583155837473,1.481400000000
14220,2.254287088388,2.247309764350,2.226288077875,2.190966142499,2.140960638558,2.075820233339,1.995098399987,1.898429819901,1.785598280052,1.656580584248,1.511546465971,1.350780756741,1.174458066159,0.982092482477,0.771048616383,,,,,,0.581579046436,1.480300000000
14280,2.250164005897,2.243161957587,2.222068645686,2.186635487278,2.136490589128,2.071197564646,1.990326845766,1.893530657458,1.780609588029,1.651554663534,1.506545481246,1.345870707573,1.169700596880,0.977535437080,0.766689339073,,,,,,0.579918769317,1.479200000000
14340,2.246026626154,2.239000353787,2.217836891188,2.182294729557,2.132013630399,2.066571632341,1.985556068981,1.888636579579,1.775630403570,1.646542619819,1.501563102648,1.340984165169,1.164972231474,0.973012080826,0.762345330521,,,,,,0.578198340504,1.478100000000
14400,2.241875364748,2.234825379172,2.213593181692,2.177944560421,2.127530347103,2.061943370928,1.980787398449,1.883749389529,1.770662867678,1.641546771482,1.496600159662,1.336118684078,1.160263857207,0.968501251397,0.757978838410,,,,,,0.576621828262,1.477000000000
14460,2.237711140292,2.230638931259,2.209342464357,2.173594673619,2.123057722665,2.057338758992,1.976057866171,1.878918995863,1.765771382547,1.636647119867,1.491754138399,1.331391054920,1.155715386401,0.964171617956,0.753836816661,,,,,,0.575060460323,1.476000000000
14520,2.233534941247,2.226441026757,2.205081806329,2.169237235955,2.118580534535,2.052733013375,1.971330887651,1.874094623269,1.760889011499,1.631759131291,1.486921769401,1.326678906135,1.151183428668,0.959856274663,0.749718132851,,,,,,0.573491878890,1.475000000000
14580,2.229347200905,2.222232035653,2.200811448902,2.164872318064,2.114098759706,2.048126047921,1.966606239352,1.869276137132,1.756015865950,1.626883286643,1.482103906819,1.321982883235,1.146667728396,0.955556221744,0.745615439622,,,,,,0.571926358146,1.474000000000
14640,2.225148172957,2.218012211982,2.196531623925,2.160500117273,2.109612562532,2.043517936891,1.961883980382,1.864463606334,1.751152035633,1.622019632713,1.477300521797,1.317302876500,1.142168215789,0.951272044023,0.741527107464,,,,,,0.570365315801,1.473000000000
14700,2.220938082604,2.213781790930,2.192242567142,2.156120808638,2.105121981923,2.038908793985,1.957164214183,1.859657112025,1.746297538029,1.617168234164,1.472511757251,1.312638882927,1.137684881655,0.947003790873,0.737452444842,,,,,,0.568809363033,1.472000000000
14760,2.216717164247,2.209541002733,2.187944472467,2.151734560782,2.100627314984,2.034298705657,1.952447052190,1.854856731876,1.741452444421,1.612329148527,1.467737465302,1.307990798811,1.133217769624,0.942751349148,0.733391077815,,,,,,0.567258822169,1.471000000000
14820,2.212485664491,2.205290089708,2.183637526359,2.147341648129,2.096128661706,2.029687891765,1.947732605094,1.850062537093,1.736616803995,1.607502309670,1.462977685930,1.303358453554,1.128766833941,0.938514537034,0.729342767226,,,,,,0.565713885927,1.470000000000
14880,2.208243838774,2.201029302689,2.179322033052,2.142942184300,2.091626237646,2.025076500785,1.943020980927,1.845274593076,1.731790640111,1.602687709832,1.458232266435,1.298741848658,1.124331999251,0.934293218370,0.725307337470,,,,,,0.564174678096,1.469000000000
14940,2.203991947707,2.196758897417,2.174998233857,2.138536507602,2.087120257754,2.020464653720,1.938312252568,1.840492960663,1.726973969594,1.597885369286,1.453501204645,1.294140833164,1.119913107221,0.930087242348,0.721284645872,,,,,,0.562641280139,1.468000000000
15000,2.199730254271,2.192479091377,2.170666289908,2.134124711879,2.082610819396,2.015852466501,1.933606551859,1.835717697160,1.722166785587,1.593095193533,1.448784365412,1.289555310198,1.115510109217,0.925896463952,0.717274568945,,,,,,0.561113744717,1.467000000000
15060,2.195459021858,2.188190178098,2.166326515658,2.129707124522,2.078098216335,2.011240141259,1.928903983034,1.830948857080,1.717369072730,1.588317159871,1.444081723586,1.284985241429,1.111122900837,0.921720746808,0.713276990945,,,,,,0.559592103633,1.466000000000
15120,2.191178512962,2.183892419856,2.161979163048,2.125283886501,2.073582541671,2.006627820567,1.924204644398,1.826186489294,1.712580879974,1.583551277124,1.439393162136,1.280430445917,1.106751367712,0.917559962011,0.709291800266,,,,,,0.558076373066,1.465000000000
15180,2.186888988317,2.179586072145,2.157624422958,2.120855254412,2.069064026273,2.002015611370,1.919508632301,1.821430636329,1.707802211536,1.578797438568,1.434718641050,1.275890881391,1.102395379417,0.913413986830,0.705318886724,,,,,,0.556566557268,1.464000000000
15240,2.182590706344,2.175271388141,2.153262538620,2.116421431716,2.064542860994,1.997403637718,1.914816041224,1.816681357533,1.703033070278,1.574055630959,1.430058057148,1.271366477464,1.098054787638,0.909282703511,0.701358140036,,,,,,0.555062651284,1.463000000000
15300,2.178283922791,2.170948618367,2.148893788435,2.111982604325,2.060019148448,1.992792084728,1.910126963859,1.811938700014,1.698273449751,1.569325855470,1.425411361414,1.266857033295,1.093729531730,0.905165998277,0.697409448701,,,,,,0.553564643004,1.462000000000
15360,2.173968890512,2.166618001849,2.144518387271,2.107539035659,2.055493163498,1.988181086714,1.905441491156,1.807202709528,1.693523304565,1.564607993695,1.420778459580,1.262362551433,1.089419501499,0.901063760515,0.693472700587,,,,,,0.552072514711,1.461000000000
15420,2.169645859333,2.162279754359,2.140136506262,2.103090842019,2.050964985879,1.983570740714,1.900759712379,1.802473430589,1.688782689964,1.559902055038,1.416159299053,1.257882927908,1.085124588830,0.896975882139,0.689547781721,,,,,,0.550586244268,1.460000000000
15480,2.165315075973,2.157934154878,2.135748447328,2.098638340093,2.046434840624,1.978961167582,1.896081705446,1.797750906557,1.684051605890,1.555208029967,1.411553789586,1.253417988694,1.080844668686,0.892902257090,0.685634576547,,,,,,0.549105806035,1.459000000000
15540,2.160976784008,2.153581441897,2.131354433921,2.094181592267,2.041902902787,1.974352540558,1.891407544557,1.793035179707,1.679330051856,1.550525784734,1.406961880249,1.248967733233,1.076579613897,0.888842780962,0.681732967885,,,,,,0.547631171570,1.458000000000
15600,2.156631223852,2.149221850784,2.126954606245,2.089720926970,2.037369264323,1.969744985706,1.886737336222,1.788326291284,1.674618016067,1.545855361593,1.402383480006,1.244532046609,1.072329365656,0.884797350707,0.677842837036,,,,,,0.546162310185,1.457000000000
15660,2.152278632761,2.144855613797,2.122549248734,2.085256435903,2.032834186128,1.965138595585,1.882071163334,1.783624281553,1.669915454943,1.541196729257,1.397818544649,1.240110783315,1.068093823658,0.880765864426,0.673964064543,,,,,,0.544699189377,1.456000000000
15720,2.147919244846,2.140482960093,2.118138589114,2.080788381631,2.028297740421,1.960533477554,1.877409107284,1.778929189836,1.665222420327,1.536549754315,1.393266977608,1.235703933202,1.063872889282,0.876748221196,0.670096529519,,,,,,0.543241775166,1.455000000000
15780,2.143553291092,2.136104090313,2.113722787789,2.076316910013,2.023760133081,1.955929798591,1.872751247992,1.774241054546,1.660538910430,1.531914501252,1.388728746258,1.231311381506,1.059666462486,0.872744320957,0.666240109982,,,,,,0.541790032376,1.454000000000
15840,2.139180999379,2.131719231654,2.109302061895,2.071842219531,2.019221536524,1.951327676884,1.868097663942,1.769559913220,1.655864923206,1.527290900865,1.384203743803,1.226932998623,1.055474397131,0.868754064411,0.662394682945,,,,,,0.540343924847,1.453000000000
15900,2.134802594516,2.127328625289,2.104876659871,2.067364508606,2.014682019422,1.946727206116,1.863448432208,1.764885802546,1.651200430271,1.522678870882,1.379691953886,1.222568771042,1.051296653607,0.864777352961,0.658560124483,,,,,,0.538903415621,1.452000000000
15960,2.130418298262,2.122932488218,2.100446761379,2.062883913463,2.010141835654,1.942128470205,1.858803628485,1.760218758391,1.646545415972,1.518078451882,1.375193254857,1.218218589919,1.047133138977,0.860814084091,0.654736307992,,,,,,0.537468467091,1.451000000000
16020,2.126028329362,2.118531034471,2.096012518857,2.058400683473,2.005601057013,1.937531635513,1.854163327121,1.755558815821,1.641899916888,1.513489546468,1.370707651152,1.213882328996,1.042983761514,0.856864160700,0.650923109383,,,,,,0.536039041118,1.450000000000
16080,2.121632903573,2.114124475141,2.091574200526,2.053914894465,2.001059857909,1.932936812818,1.849527601137,1.750906009129,1.637263930118,1.508912132156,1.366235001708,1.209559977172,1.038848430635,0.852927491385,0.647120402288,,,,,,0.534615099141,1.449000000000
16140,2.117232233699,2.109713018412,2.087132000952,2.049426839971,1.996518421698,1.928344102470,1.844896511945,1.746260371855,1.632637452584,1.504346221371,1.361775336145,1.205251436968,1.034727036536,0.849003979943,0.643328057932,,,,,,0.533196602262,1.448000000000
16200,2.112826529623,2.105296824211,2.082686020846,2.044936552782,1.991976781650,1.923753555229,1.840270124713,1.741621927505,1.628020427903,1.499791684408,1.357328489513,1.200956573226,1.030619480279,0.845093530707,0.639545948914,,,,,,0.531783511231,1.447000000000
16260,2.108416709807,2.100879285722,2.078246992233,2.040466998468,1.987475041786,1.919227269457,1.835737390056,1.737111252826,1.623569626667,1.495445643612,1.353135934100,1.196965351509,1.026869497513,0.841603201232,0.636269021910,,,,,,0.530367680476,1.446233333333
16320,2.104003692314,2.096458887715,2.073806092935,2.035997092719,1.982974888550,1.914704940479,1.831211019157,1.732609254425,1.619129597366,1.491112068936,1.348957020485,1.192988284772,1.023133557153,0.838126014715,0.632999633625,,,,,,0.528951523199,1.445466666667
16380,2.099587681839,2.092035829820,2.069363507697,2.031526977501,1.978476580098,1.910186589973,1.826691064663,1.728115956593,1.614700317007,1.486790908208,1.344791673141,1.189025313592,1.019411626729,0.834661441902,0.629737799324,,,,,,0.527537569933,1.444700000000
16440,2.095168879893,2.087610308550,2.064919346128,2.027056875391,1.973980098961,1.905672409541,1.822177491850,1.723631373789,1.610281750429,1.482482109869,1.340639770491,1.185076373868,1.015703454852,0.831209280784,0.626483842556,,,,,,0.526126679426,1.443933333333
16500,2.090747484854,2.083182517340,2.060473858919,2.022586879057,1.969485714970,1.901162387837,1.817670442137,1.719155519959,1.605873892629,1.478185622964,1.336501283972,1.181141350615,1.012009004989,0.827769118659,0.623237994505,,,,,,0.524719321943,1.443166666667
16560,2.086323691996,2.078752646592,2.056027222595,2.018117158627,1.964993425531,1.896656688362,1.813169966168,1.714688398749,1.601476722562,1.473901397107,1.332376142342,1.177220108750,1.008328045172,0.824340813039,0.620000403893,,,,,,0.523315795831,1.442400000000
16620,2.081897693540,2.074320883707,2.051579610418,2.013647911063,1.960503459761,1.892155378129,1.808676059632,1.710229990796,1.597090219263,1.469629382403,1.328264271977,1.173312604549,1.004660427196,0.820924222389,0.616771167695,,,,,,0.521916305250,1.441633333333
16680,2.077469678686,2.069887385889,2.047131138304,2.009179202620,1.956015846603,1.887658507222,1.804188790704,1.705780351345,1.592714361838,1.465369529286,1.324165598267,1.169418730393,1.001006035949,0.817519236461,0.613550340967,,,,,,0.520520996200,1.440866666667
16740,2.073039833657,2.065452352808,2.042682010376,2.004711233766,1.951530776059,1.883166239573,1.799708241888,1.701339492417,1.588349129434,1.461121788303,1.320080026798,1.165538301494,0.997364642949,0.814125764658,0.610337954199,,,,,,0.519129975863,1.440100000000
16800,2.068608341735,2.061015972211,2.038232409905,2.000244175233,1.947048307272,1.878678542592,1.795234444893,1.696907425582,1.583994501192,1.456886109913,1.316007467714,1.161671276844,0.993736225088,0.810743726207,0.607134011799,,,,,,0.517743324047,1.439333333333
16860,2.064175383306,2.056578419911,2.033782499281,1.995778066291,1.942568592725,1.874195600953,1.790767388025,1.692484161951,1.579650456178,1.452662444325,1.311947874308,1.157817555537,0.990120565755,0.807373049154,0.603938507391,,,,,,0.516361100449,1.438566666667
16920,2.059741135891,2.052139868917,2.029332400028,1.991313139885,1.938091720424,1.869717446320,1.786307188577,1.688069693333,1.575316973313,1.448450724794,1.307901168009,1.153976981749,0.986517620661,0.804013665601,0.600751416323,,,,,,0.514983349517,1.437800000000
16980,2.055305774189,2.047700489475,2.024882272949,1.986849526734,1.933617806917,1.865244147522,1.781853890143,1.683664018324,1.570994031306,1.444250915321,1.303867270144,1.150149470230,0.982927263601,0.800665509328,0.597572707248,,,,,,0.513610103847,1.437033333333
17040,2.050869470114,2.043260449103,2.020432307317,1.982387278076,1.929146967734,1.860775846465,1.777407475558,1.679267177624,1.566681608603,1.440062967180,1.299846102324,1.146334953809,0.979349371880,0.797328518105,0.594402339471,,,,,,0.512241386629,1.436266666667
17100,2.046432392834,2.038819912631,2.015982655237,1.977926621901,1.924679285070,1.856312495753,1.772968021432,1.674879180391,1.562379683355,1.435886829423,1.295837536637,1.142533306962,0.975783919808,0.794002627581,0.591240262072,,,,,,0.510877213467,1.435500000000
17160,2.041994708804,2.034379030612,2.011533443097,1.973467653054,1.920214900641,1.851854290987,1.768535594211,1.670500035248,1.558088233403,1.431722451004,1.291841545964,1.138744410712,0.972230706634,0.790687777382,0.588086423292,,,,,,0.509517593762,1.434733333333
17220,2.037556581809,2.029937949379,2.007084791654,1.969010459495,1.915753863859,1.847401239488,1.764110217013,1.666129750271,1.553807236280,1.427569780886,1.287858054830,1.134968228699,0.968689766283,0.787383904038,0.584940763593,,,,,,0.508162531782,1.433966666667
17280,2.033118172996,2.025496850782,2.002636895390,1.964555240986,1.911296341282,1.842953419323,1.759691878826,1.661768314626,1.549536669229,1.423428768160,1.283886988559,1.131204661756,0.965160922137,0.784090947232,0.581803216750,,,,,,0.506812027507,1.433200000000
17340,2.028679640913,2.021055889261,1.998189896694,1.960102063479,1.906842351103,1.838510950596,1.755280685103,1.657415725254,1.545276509232,1.419299362139,1.279928273758,1.127453563862,0.961644155059,0.780808843441,0.578673717400,,,,,,0.505466077306,1.432433333333
17400,2.024241141544,2.016615216748,1.993743926032,1.955651053698,1.902392083377,1.834073792802,1.750876672953,1.653072017493,1.541026733041,1.415181512459,1.275981797392,1.123714924440,0.958139365586,0.777537532296,0.575552194594,,,,,,0.504124674482,1.431666666667
17460,2.019802828345,2.012174982700,1.989299067397,1.951202382567,1.897945526624,1.829642126814,1.746479823988,1.648737197180,1.536787317223,1.411075169149,1.272047519576,1.119988662983,0.954646460872,0.774276949936,0.572438574079,,,,,,0.502787809729,1.430900000000
17520,2.015364852277,2.007735334139,1.984855519651,1.946756086586,1.893502893055,1.825215951379,1.742090201222,1.644411269605,1.532558238194,1.406980282702,1.268125381241,1.116274619965,0.951165421138,0.771027035365,0.569332777987,,,,,,0.501455471497,1.430133333333
17580,2.010927361847,2.003296415680,1.980413416008,1.942312333220,1.889064143047,1.820795344384,1.737707866643,1.640094239533,1.528339472265,1.402896804128,1.264215314431,1.112572797690,0.947696082842,0.767787725321,0.566234729088,,,,,,0.500127646308,1.429366666667
17640,2.006490503136,1.998858369568,1.975972887471,1.937871263958,1.884629504261,1.816380414338,1.733332845996,1.635786102398,1.524130985926,1.398824684995,1.260317252528,1.108883124155,0.944238485342,0.764558957111,0.563144346337,,,,,,0.498804319020,1.428600000000
17700,2.002054419836,1.994421300542,1.971533992700,1.933432885284,1.880198926541,1.811971118279,1.728965107246,1.631486835317,1.519932764678,1.394763866430,1.256431089813,1.105205455232,0.940792444963,0.761340668633,0.560061546752,,,,,,0.497485473050,1.427833333333
17760,1.997619253285,1.989985380054,1.967096925911,1.928997407329,1.875772629836,1.807567627612,1.724604755325,1.627196477610,1.515744785553,1.390714301506,1.252556791199,1.101539778148,0.937357991466,0.758132795662,0.556986245583,,,,,,0.496171090565,1.427066666667
17820,1.993185142497,1.985550744803,1.962661814376,1.924564920463,1.871350577525,1.803169937655,1.720251821168,1.622915032123,1.511567024795,1.386675954225,1.248694305371,1.097886035952,0.933934991103,0.754935276153,0.553918355913,,,,,,0.494861152647,1.426300000000
17880,1.988752224197,1.981117527890,1.958228780563,1.920135463853,1.866932964014,1.798778116909,1.715906296114,1.618642501278,1.507399458708,1.382648778632,1.244843570695,1.094244095359,0.930523410835,0.751748047160,0.550857789892,,,,,,0.493555639436,1.425533333333
17940,1.984320632856,1.976685860207,1.953797885688,1.915709228905,1.862519771339,1.794392272180,1.711568208687,1.614378887098,1.503242063682,1.378632729411,1.241004526675,1.090613934526,0.927123181520,0.748571044505,0.547804458779,,,,,,0.492254530255,1.424766666667
18000,1.979890500714,1.972255870469,1.949369293775,1.911286270501,1.858111169839,1.790012348959,1.707237627607,1.610124191221,1.499094816208,1.374627761891,1.237177065923,1.086995507191,0.923734210913,0.745404205767,0.544758271883,,,,,,0.490957804104,1.424000000000
18060,1.975461543210,1.967825843349,1.944937011760,1.906853439503,1.853684026043,1.785602771475,1.702863624194,1.605809784930,1.494869139779,1.370523171572,1.233226311498,1.083227276545,0.920165116435,0.742019224121,0.541434559723,,,,,,0.489669846087,1.423100000000
18120,1.971033474124,1.963396917096,1.940506453868,1.902423319157,1.849260830908,1.781198526665,1.698496419197,1.601503605846,1.490652957204,1.366429085017,1.229286716925,1.079470413952,0.916607036538,0.738644196734,0.538119903911,,,,,,0.488389299819,1.422200000000
18180,1.966606420085,1.958969174419,1.936077653115,1.897995888020,1.844841541775,1.776799593779,1.694136010561,1.597205662165,1.486446231520,1.362345411890,1.225358145126,1.075724761307,0.913059848664,0.735279304888,0.534813395803,,,,,,0.487114745123,1.421300000000
18240,1.962180505758,1.954542778747,1.931650805346,1.893571368149,1.840426355695,1.772406102444,1.689782459927,1.592915961724,1.482248976978,1.358272181600,1.221440644964,1.071990354355,0.909523586682,0.731924653343,0.531514501490,,,,,,0.485845670695,1.420400000000
18300,1.957755853871,1.950117849735,1.927226021185,1.889149768450,1.836015273485,1.768018112784,1.685435804650,1.588634512012,1.478061178681,1.354209360347,1.217534091432,1.068267087130,0.905998252348,0.728580260798,0.528222845445,,,,,,0.484581775972,1.419500000000
18360,1.953332585237,1.945694505163,1.922803365022,1.884731231302,1.831608406263,1.763635642288,1.681096075413,1.584361320192,1.473882821824,1.350156872014,1.213638488438,1.064554934490,0.902483806235,0.725246093237,0.524938129033,,,,,,0.483322853489,1.418600000000
18420,1.948910818782,1.941272860962,1.918382947652,1.880315844338,1.827205835941,1.759258735892,1.676763302208,1.580096393112,1.469713891701,1.346114697445,1.209753776424,1.060853873462,0.898980213899,0.721922093511,0.521660097243,,,,,,0.482068746704,1.417700000000
18480,1.944490671570,1.936853031236,1.913964915442,1.875903662795,1.822807586784,1.754887490766,1.672437514352,1.575839737320,1.465554373716,1.342082833954,1.205879894199,1.057163813198,0.895487505352,0.718608190417,0.518388522240,,,,,,0.480819330481,1.416800000000
18540,1.940072258824,1.932435126896,1.909549369346,1.871494854374,1.818413817447,1.750521957874,1.668118740504,1.571591359081,1.461404243814,1.338061239843,1.202016853030,1.053484798634,0.892005651555,0.715304304849,0.515123194158,,,,,,0.479574500648,1.415900000000
18600,1.935655693952,1.928019218386,1.905136331686,1.867089389137,1.814024480677,1.746162114078,1.663806978464,1.567351264390,1.457263468471,1.334049832914,1.198164531311,1.049816702468,0.888534553570,0.712010356558,0.511863915496,,,,,,0.478334167822,1.415000000000
18660,1.931241088571,1.923605456014,1.900725985525,1.862687476986,1.809639758576,1.741808075594,1.659502278626,1.563119458994,1.453132062379,1.330048646061,1.194322987531,1.046159569283,0.885074219072,0.708726262526,0.508610497458,,,,,,0.477098253518,1.414100000000
18720,1.926828552531,1.919193946821,1.896318429644,1.858289112959,1.805259651212,1.737459897144,1.655204675506,1.558895948416,1.449010011754,1.326057650794,1.190492098509,1.042513326146,0.881624619953,0.705451938186,0.505362756348,,,,,,0.475866687541,1.413200000000
18780,1.922418193935,1.914784796135,1.891913713546,1.853894435998,1.800884250381,1.733117598834,1.650914195293,1.554680737974,1.444897303117,1.322076764029,1.186671899544,1.038877932590,0.878185699760,0.702187301494,0.502120514023,,,,,,0.474639406187,1.412300000000
18840,1.918010119165,1.910378107599,1.887511943090,1.849503513664,1.796513642108,1.728781203260,1.646630863603,1.550473832815,1.440793923319,1.318105997000,1.182862315074,1.035253398844,0.874757349301,0.698932269755,0.498883596164,,,,,,0.473416350940,1.411400000000
18900,1.913604432903,1.905973983188,1.883113249883,1.845116403555,1.792147827036,1.724450807230,1.642354705499,1.546275237935,1.436699859554,1.314145341397,1.179063326391,1.031639595815,0.871339585841,0.695686760972,0.495651829779,,,,,,0.472197467519,1.410500000000
18960,1.909201238152,1.901572518877,1.878717717747,1.840733248068,1.787786961271,1.720126455265,1.638085745514,1.542084958204,1.432615069702,1.310194739760,1.175274911770,1.028036580064,0.867932356360,0.692450693597,0.492425042433,,,,,,0.470982705149,1.409600000000
19020,1.904800636263,1.897173779306,1.874325369953,1.836354025418,1.783431004059,1.715808135062,1.633823996525,1.537902998383,1.428539560913,1.306254158111,1.171497002047,1.024444251133,0.864535582893,0.689223987372,0.489203061076,,,,,,0.469772016010,1.408700000000
19080,1.900402726950,1.892777900099,1.869936372521,1.831978926455,1.779080103112,1.711495925508,1.629569469719,1.533729363142,1.424473331636,1.302323613723,1.167729624633,1.020862588094,0.861149183859,0.686006563196,0.485985717152,,,,,,0.468565354796,1.407800000000
19140,1.896007608318,1.888384976793,1.865550813442,1.827607925710,1.774734278912,1.707189889234,1.625322212144,1.529564057064,1.420416370330,1.298403069869,1.163972663694,1.017291577848,0.857773155431,0.682798342427,0.482772838722,,,,,,0.467362678370,1.406900000000
19200,1.891615376878,1.883995103366,1.861168723243,1.823241175025,1.770393584716,1.702890061983,1.621082246399,1.525407084657,1.416368665710,1.294492454767,1.160226182048,1.013731102544,0.854407442083,0.679599247229,0.479564250657,,,,,,0.466163945485,1.406000000000
19260,1.887226127574,1.879608372259,1.856790214251,1.818878707543,1.766058131598,1.698596420541,1.616849594643,1.521258450353,1.412330206713,1.290591806473,1.156490049184,1.010181206537,0.851051959521,0.676409200542,0.476359783396,,,,,,0.464969116551,1.405100000000
19320,1.882839953803,1.875224874400,1.852415399115,1.814520599477,1.761727877589,1.694309074464,1.612624278613,1.517118158507,1.408300957348,1.286701101985,1.152764321244,1.006641789347,0.847706636964,0.673228126044,0.473159259060,,,,,,0.463778153455,1.404200000000
19380,1.878456947433,1.870844689308,1.848044340438,1.810166953647,1.757402987127,1.690028062731,1.608406319630,1.512986213394,1.404280915749,1.282820246337,1.149048895923,1.003112826486,0.844371462890,0.670055948111,0.469962502909,,,,,,0.462591019400,1.403300000000
19440,1.874077198826,1.866467882093,1.843677073773,1.805817772583,1.753083436691,1.685753396618,1.604195738614,1.508862619202,1.400270087546,1.278949286711,1.145343791102,0.999594309139,0.841046381685,0.666892591782,0.466769335843,,,,,,0.461407678776,1.402400000000
19500,1.869700796858,1.862094572111,1.839313743900,1.801473221392,1.748769320876,1.681485094819,1.599992545735,1.504747380028,1.396268462280,1.275088202947,1.141648940573,0.996086107706,0.837731315059,0.663737982714,0.463579577170,,,,,,0.460228097047,1.401500000000
19560,1.865327828940,1.857724844434,1.834954429030,1.797133247658,1.744460701027,1.677223240692,1.595796750386,1.500640499866,1.392276029574,1.271236911388,1.137964327931,0.992588269099,0.834426183720,0.660592047156,0.460393043781,,,,,,0.459052240660,1.400600000000
19620,1.860958381039,1.853358782722,1.830599136714,1.792798031981,1.740157573370,1.672967870427,1.591608393917,1.496541982603,1.388292779113,1.267395437128,1.134289919191,0.989100707065,0.831130980101,0.657454711904,,,,,,,0.457880076964,1.399700000000
19680,1.856592537696,1.848996469240,1.826247996817,1.788467559187,1.735860074774,1.668718975618,1.587427495709,1.492451832007,1.384318666849,1.263563771654,1.130625667587,0.985623370445,0.827845649471,0.654325904272,,,,,,,0.456711574139,1.398800000000
19740,1.852230382048,1.844637984882,1.821901098936,1.784141939853,1.731568160785,1.664476608036,1.583254074774,1.488370051719,1.380353707366,1.259741838685,1.126971567559,0.982156265904,0.824570130869,0.651205552062,,,,,,,0.455546701137,1.397900000000
19800,1.847871995848,1.840283391214,1.817558480477,1.779821223422,1.727281956280,1.660240829618,1.579088149756,1.484296645247,1.376397899291,1.255929648629,1.123327545851,0.978699274059,0.821304315995,0.648093583078,,,,,,,0.454385427541,1.397000000000
19860,1.843517874866,1.835934623720,1.813226387216,1.775518788733,1.723024714426,1.656047436791,1.574980518382,1.480299697324,1.372538741998,1.252236139924,1.119826048774,0.975410826247,0.818236650186,0.645217696562,,,,,,,0.453223501184,1.396233333333
19920,1.839168511854,1.831590744670,1.808899562223,1.771222218016,1.718774025263,1.651861370562,1.570881082664,1.476311743873,1.368689231163,1.248552751493,1.116334881017,0.972132611759,0.815178770921,0.642350039307,,,,,,,0.452062172331,1.395466666667
19980,1.834823981957,1.827251826946,1.804578071777,1.766931477346,1.714529933736,1.647682741702,1.566789851378,1.472332781314,1.364849349633,1.244879454434,1.112854008194,0.968864658548,0.812130592978,0.639490206693,,,,,,,0.450902750764,1.394700000000
20040,1.830484358928,1.822917942078,1.800261943291,1.762646695245,1.710292477177,1.643511531618,1.562706868873,1.468362796937,1.361019080273,1.241216198084,1.109383418658,0.965606862510,0.809092021291,0.636638008420,,,,,,,0.449745675990,1.393933333333
20100,1.826149715151,1.818589160261,1.795951244245,1.758367920047,1.706061703439,1.639347758367,1.558632145883,1.464401776493,1.357198405965,1.237562966394,1.105923073485,0.962359185214,0.806062915864,0.633793356994,,,,,,,0.448591185857,1.393166666667
20160,1.821820121664,1.814265550377,1.791646071357,1.754095142092,1.701837642980,1.635191500573,1.554565670859,1.460449735844,1.353387309592,1.233919739787,1.102472890458,0.959121602309,0.803043198631,0.630956200151,,,,,,,0.447439429296,1.392400000000
20220,1.817495648182,1.809947180018,1.787346486023,1.749828497311,1.697620347787,1.631042711065,1.550507436590,1.456506670875,1.349585774033,1.230286489550,1.099032854642,0.955893960987,0.800032732483,0.628126503414,,,,,,,0.446290506741,1.391633333333
20280,1.813176363111,1.805634094931,1.783052507688,1.745567976083,1.693409840340,1.626901461231,1.546457492583,1.452572577327,1.345793782143,1.226663186780,1.095602940497,0.952676286901,0.797031484986,0.625304233169,,,,,,,0.445144488838,1.390866666667
20340,1.808862333580,1.801326365376,1.778764205720,1.741313643239,1.689206177964,1.622767798786,1.542415848218,1.448647450788,1.342011316714,1.223049802233,1.092183104395,0.949468469797,0.794039318043,0.622489360257,,,,,,,0.444001426474,1.390100000000
20400,1.804553625453,1.797024070683,1.774481668756,1.737065592752,1.685009374068,1.618641653022,1.538382501872,1.444731286687,1.338238360430,1.219446306216,1.088773243407,0.946270443413,0.791056241325,0.619681851472,,,,,,,0.442861356694,1.389333333333
20460,1.800250303351,1.792727273487,1.770204953621,1.732823772994,1.680819492506,1.614523141657,1.534357423944,1.440824080281,1.334474895812,1.215852650466,1.085373368973,0.943082194815,0.788082103460,0.616881675435,,,,,,,0.441724306452,1.388566666667
20520,1.795952430677,1.788436035234,1.765934070920,1.728588324500,1.676636536529,1.610412261499,1.530340672338,1.436925826632,1.330720905172,1.212268808183,1.081983437254,0.939903573540,0.785116953254,0.614088795627,,,,,,,0.440590295111,1.387800000000
20580,1.791660069631,1.784150416198,1.761669094603,1.724359264694,1.672460577695,1.606308989770,1.526332255080,1.433036510421,1.326976370578,1.208694762460,1.078603384772,0.936734611555,0.782160616479,0.611303177741,,,,,,,0.439459336182,1.387033333333
20640,1.787373281233,1.779870475504,1.757410104319,1.720136602175,1.668291608024,1.602213417107,1.522332179850,1.429156121101,1.323241273833,1.205130481919,1.075233142177,0.933575211596,0.779213172187,0.608524782108,,,,,,,0.438331438577,1.386266666667
20700,1.783092125338,1.775596271146,1.753157152622,1.715920451739,1.664129707931,1.598125516672,1.518340399560,1.425284668780,1.319515596474,1.201575934955,1.071872707301,0.930425317407,0.776274442417,0.605753570842,,,,,,,0.437206607532,1.385500000000
20760,1.778816660661,1.771327834433,1.748910240400,1.711710781771,1.659974857144,1.594045309594,1.514356972442,1.421422147562,1.315799319776,1.198031089837,1.068522036209,0.927284926330,0.773344500722,0.602989503065,,,,,,,0.436084845308,1.384733333333
20820,1.774546944790,1.767065236615,1.744669448809,1.707507679695,1.655827146073,1.589972861511,1.510381908828,1.417568551280,1.312092424775,1.194495914795,1.065181043339,0.924153896598,0.770423201611,0.600232536298,,,,,,,0.434966151729,1.383966666667
20880,1.770283034211,1.762808542619,1.740434847612,1.703311205115,1.651686541099,1.585908123967,1.506415214963,1.413723873483,1.308394892288,1.190970350109,1.061849709803,0.921032274878,0.767510580499,0.597482629025,,,,,,,0.433850524606,1.383200000000
20940,1.766024984318,1.758557806094,1.736206485362,1.699121317665,1.647553143751,1.581851158026,1.502456861156,1.409888107442,1.304706702946,1.187454386592,1.058528012575,0.917919960284,0.764606536565,0.594739736762,,,,,,,0.432737960077,1.382433333333
21000,1.761772849438,1.754313079651,1.731984352362,1.694938149859,1.643426906021,1.577802006358,1.498506867902,1.406061246149,1.301027837225,1.183947998252,1.055215901291,0.914816921500,0.761711062060,0.592003814673,,,,,,,0.431628452872,1.381666666667
21060,1.757526682844,1.750074414873,1.727768539520,1.690761687039,1.639307941653,1.573760600867,1.494565261432,1.402243282324,1.297358275472,1.180451153828,1.051913292894,0.911723141560,0.758824104479,0.589274818343,,,,,,,0.430521996540,1.380900000000
21120,1.753286536775,1.745841862334,1.723559105817,1.686591970677,1.635196187222,1.569727038638,1.490632046491,1.398434208423,1.293697997939,1.176963822301,1.048620200090,0.908638509981,0.755945608139,0.586552701700,,,,,,,0.429418583628,1.380133333333
21180,1.749052462450,1.741615471620,1.719356096056,1.682429088468,1.631091769772,1.565701329386,1.486707213628,1.394634001236,1.290046984810,1.173485972918,1.045336584079,0.905563067122,0.753075572802,0.583837416816,,,,,,,0.428318205836,1.379366666667
21240,1.744824510087,1.737395258464,1.715159489087,1.678272981015,1.626994609440,1.561683423251,1.482790739758,1.390842661149,1.286405216225,1.170017558969,1.042062364919,0.902496698885,0.750213890201,0.581128917679,,,,,,,0.427220854141,1.378600000000
21300,1.740602728917,1.733181300890,1.710969388043,1.674123772612,1.622904847638,1.557673413562,1.478882669936,1.387060187264,1.282772672303,1.166558548148,1.038797526627,0.899439413837,0.747360616526,0.578427156609,,,,,,,0.426126518905,1.377833333333
21360,1.736387167202,1.728973648208,1.706785840230,1.669981470142,1.618822387055,1.553671287392,1.474983007424,1.383286571101,1.279149327878,1.163108928903,1.035542052672,0.896391160056,0.744515586311,0.575732085380,,,,,,,0.425035189965,1.377066666667
21420,1.732177872247,1.724772346188,1.702608882899,1.665846076088,1.614747376823,1.549677025928,1.471091755125,1.379521803979,1.275535165868,1.159668671684,1.032295890958,0.893351873820,0.741678889631,0.573043655159,,,,,,,0.423946856714,1.376300000000
21480,1.727974890420,1.720577439684,1.698438494660,1.661717691556,1.610679724302,1.545690704091,1.467208873012,1.375765877032,1.271930168743,1.156237747257,1.029058974724,0.890321576442,0.738850379794,0.570361816392,,,,,,,0.422861508164,1.375533333333
21540,1.723778267161,1.716388972647,1.694274781188,1.657596269919,1.606619562417,1.541712293754,1.463334395671,1.372018781214,1.268334316717,1.152816126699,1.025831315664,0.887300134912,0.736030097647,0.567686520421,,,,,,,0.421779133006,1.374766666667
21600,1.719588047000,1.712206988138,1.690117781251,1.653481899279,1.602566815482,1.537741803446,1.459468335716,1.368280507320,1.264747590062,1.149403766695,1.022612879110,0.884287608822,0.733217958382,0.565017717479,,,,,,,0.420699719582,1.374000000000
21660,1.715404780607,1.708033817660,1.685975150356,1.649391047563,1.598550169146,1.533823166156,1.455672816573,1.364634130030,1.261276520073,1.146133046853,1.019564412625,0.881476565396,0.730644595914,0.562639596165,,,,,,,0.419618210851,1.373400000000
21720,1.711229014369,1.703868188283,1.681840230790,1.645308185564,1.594541865535,1.529913256029,1.451886390920,1.360997142130,1.257815013697,1.142871897147,1.016525310280,0.878674404489,0.728079308497,0.560267428697,,,,,,,0.418536130717,1.372800000000
21780,1.707060785017,1.699710161981,1.677713106307,1.641233415098,1.590542020765,1.526012197209,1.448109142743,1.357369589375,1.254363081739,1.139620297759,1.013495529870,0.875881104407,0.725522059372,0.557900771318,,,,,,,0.417455067191,1.372200000000
21840,1.702900128368,1.695559773534,1.673593807803,1.637166760648,1.586550595832,1.522119875978,1.444341024094,1.353751454518,1.250920697474,1.136378214524,1.010475036014,0.873096623865,0.722972720386,0.555539560565,,,,,,,0.416375566603,1.371600000000
21900,1.698747079343,1.691417056413,1.669482364508,1.633108187793,1.582567611285,1.518236411423,1.440582019541,1.350142685260,1.247487834334,1.133145613617,1.007463789862,0.870320909020,0.720431163472,0.553183815575,,,,,,,0.415297933415,1.371000000000
21960,1.694601671981,1.687282043228,1.665378800378,1.629057752787,1.578593120529,1.514361697520,1.436832172100,1.346543270711,1.244064465901,1.129922461478,1.004461751549,0.867553898751,0.717897252573,0.550833568751,,,,,,,0.414222365089,1.370400000000
22020,1.690463939450,1.683154765741,1.661283098034,1.625015499583,1.574627050282,1.510495841622,1.433091395973,1.342953222512,1.240650541611,1.126708724647,1.001468879496,0.864795528620,0.715370896748,0.548488849683,,,,,,,0.413149000482,1.369800000000
22080,1.686333914062,1.679035254881,1.657195334070,1.620981412650,1.570669507624,1.506638748177,1.429359750504,1.339372521392,1.237246045514,1.123504369536,0.998485130314,0.862045734261,0.712852067145,0.546149682835,,,,,,,0.412077942252,1.369200000000
22140,1.682211627287,1.674923540754,1.653115534604,1.616955504657,1.566720438391,1.502790512081,1.425637214909,1.335801090861,1.233850965986,1.120309362235,0.995510459171,0.859304453416,0.710340708997,0.543816084304,,,,,,,0.411009268884,1.368600000000
22200,1.678097109767,1.670819652659,1.649043725004,1.612937838177,1.562779882752,1.498951049033,1.421923741531,1.332238974708,1.230465276937,1.117123668396,0.992544820354,0.856571604133,0.707836770724,0.541488062097,,,,,,,0.409943041801,1.368000000000
22260,1.673990391327,1.666723613604,1.644979919042,1.608928415729,1.558847867596,1.495120440767,1.418219386848,1.328686155330,1.227088952216,1.113947253218,0.989588167834,0.853847146606,0.705340151800,0.539165621877,,,,,,,0.408879309874,1.367400000000
22320,1.669891500987,1.662635435197,1.640924108784,1.604927208355,1.554924342228,1.491298615001,1.414524082694,1.325142585294,1.223721963034,1.110780081502,0.986640455730,0.851131034884,0.702850881714,0.536848762291,,,,,,,0.407818112441,1.366800000000
22380,1.665800466979,1.658555166095,1.636876360331,1.600934296401,1.551009398023,1.487485639604,1.410837851742,1.321608245062,1.220364250876,1.107622117753,0.983701638671,0.848423219539,0.700368927774,0.534537476507,,,,,,,0.406759481408,1.366200000000
22440,1.661717316752,1.654482832482,1.632836696168,1.596949696486,1.547102965594,1.483681455067,1.407160708105,1.318083148749,1.217015824133,1.104473318832,0.980771672042,0.845723653928,0.697894259514,0.532231757382,,,,,,,0.405703442772,1.365600000000
22500,1.657642076991,1.650418459799,1.628805138090,1.592973349338,1.543205108814,1.479886114699,1.403492566721,1.314567278318,1.213676656048,1.101333649253,0.977850512140,0.843032293878,0.695426790255,0.529931591652,,,,,,,0.404650017743,1.365000000000
22560,1.653574773625,1.646362072747,1.624781688961,1.589005342858,1.539315824450,1.476099572504,1.399833500255,1.311060560742,1.210346719723,1.098203080864,0.974938116267,0.840349097387,0.692966534341,0.527636964327,,,,,,,0.403599223601,1.364400000000
22620,1.649515431839,1.642313695302,1.620766352595,1.585045695012,1.535435088415,1.472321866540,1.396183460734,1.307563027431,1.207025988140,1.095081578191,0.972034442769,0.837674018972,0.690513480086,0.525347859352,,,,,,,0.402551074359,1.363800000000
22680,1.645464076086,1.638273350728,1.616759183858,1.581094363312,1.531562974685,1.468552965036,1.392542429001,1.304074665459,1.203714420644,1.091969106015,0.969139451046,0.835006999971,0.688067601189,0.523064254815,,,,,,,0.401505581285,1.363200000000
22740,1.641420730097,1.634241061584,1.612760201879,1.577151397198,1.527699397009,1.464792890114,1.388910443136,1.300595438102,1.200411981647,1.088865629438,0.966253101528,0.832348028800,0.685628827548,0.520786132040,,,,,,,0.400462753317,1.362600000000
22800,1.637385416897,1.630216849739,1.608769425147,1.573216831129,1.523844446884,1.461041624935,1.385287423462,1.297125303571,1.197118666363,1.085771113935,0.963375355644,0.829697069727,0.683197146526,0.518513466185,,,,,,,0.399422597406,1.362000000000
22860,1.633358158809,1.626200722911,1.604786844915,1.569290638596,1.519998087461,1.457299175004,1.381673413355,1.293664284440,1.193834447670,1.082685525393,0.960506175780,0.827054088131,0.680772563434,0.516246234036,,,,,,,0.398385118790,1.361400000000
22920,1.629338977469,1.622192701889,1.600812478961,1.565372832442,1.516160325096,1.453565539101,1.378068403395,1.290212361634,1.190559298510,1.079608830136,0.957645525227,0.824419050365,0.678355053015,0.513984409189,,,,,,,0.397350321224,1.360800000000
22980,1.625327893838,1.618192819831,1.596846370195,1.561463462805,1.512331205518,1.449840705447,1.374472327594,1.286769476975,1.187293191916,1.076540994944,0.954793368134,0.821791923644,0.675944554172,0.511727964956,,,,,,,0.396318207173,1.360200000000
23040,1.621324928208,1.614201095946,1.592888534644,1.557562518351,1.508510651572,1.446124689125,1.370885244834,1.283335631337,1.184036082116,1.073481987058,0.951949669458,0.819172675942,0.673541036144,0.509476873359,,,,,,,0.395288777975,1.359600000000
23100,1.617330100218,1.610217548799,1.588938987744,1.553669977159,1.504698758529,1.442417460419,1.367307100096,1.279910824658,1.180787946167,1.070431774188,0.949114394907,0.816561244150,0.671144514799,0.507231105280,,,,,,,0.394262033977,1.359000000000
23160,1.613343428858,1.606242196329,1.584997708453,1.549785904235,1.500895461714,1.438719051388,1.363737885822,1.276495037256,1.177548773005,1.067390324505,0.946287510902,0.813957628348,0.668754965043,0.504990630957,,,,,,,0.393237974655,1.358400000000
23220,1.609364932486,1.602275055854,1.581064730627,1.545910302625,1.497100801587,1.435029413740,1.360177630142,1.273088193114,1.174318536246,1.064357606643,0.943468984525,0.811361799068,0.666372328701,0.502755419796,,,,,,,0.392216598710,1.357800000000
23280,1.605394628832,1.598316144082,1.577140084517,1.542043117444,1.493314784240,1.431348597180,1.356626250068,1.269690329959,1.171097209691,1.061333589683,0.940658783479,0.808773726592,0.663996567254,0.500525439922,,,,,,,0.391197904164,1.357200000000
23340,1.601432535011,1.594365477120,1.573223783283,1.538184427764,1.489537369331,1.427676534217,1.353083793359,1.266301428244,1.167884767334,1.058318234262,0.937856876047,0.806193381648,0.661627701438,0.498300660162,,,,,,,0.390181888429,1.356600000000
23400,1.597478667529,1.590423070482,1.569315839530,1.534334241578,1.485768630175,1.424013292860,1.349550243598,1.262921451193,1.164681164535,1.055311516318,0.935063231054,0.803620735362,0.659265706105,0.496081046099,,,,,,,0.389168548598,1.356000000000
23460,1.593532945410,1.586488472479,1.565414744107,1.530489323636,1.482002965716,1.420350328140,1.346013578679,1.259534383276,1.161465913440,1.052287981489,0.932246903186,0.801018584967,0.656865633736,0.493809875799,,,,,,,0.388158841851,1.355366666667
23520,1.589595287885,1.582561970236,1.561521839098,1.526652740419,1.478245808025,1.416696031521,1.342485674834,1.256156105479,1.158259383554,1.049272970437,0.929438730106,0.798424042703,0.654472345365,0.491543964604,,,,,,,0.387152470430,1.354733333333
23580,1.585665710908,1.578643581742,1.557637142635,1.522824508425,1.474497105230,1.413050306969,1.338966502324,1.252786599593,1.155061550933,1.046266455402,0.926638697367,0.795837111050,0.652085877500,0.489283319023,,,,,,,0.386149124631,1.354100000000
23640,1.581744229866,1.574733321456,1.553760666455,1.519004565084,1.470756885931,1.409413231448,1.335456013254,1.249425847421,1.151872391831,1.043268408990,0.923846779608,0.793257764677,0.649706177126,0.487027879186,,,,,,,0.385148693289,1.353466666667
23700,1.577830859589,1.570831203292,1.549892401805,1.515192977496,1.467025152351,1.405784742878,1.331954250790,1.246073786445,1.148691882705,1.040278804154,0.921062948978,0.790685980628,0.647333234110,0.484777578604,,,,,,,0.384151111028,1.352833333333
23760,1.573925614357,1.566937240628,1.546032345038,1.511389762357,1.463301878216,1.402164869536,1.328461183292,1.242730441349,1.145520000205,1.037297614205,0.918287178356,0.788121700218,0.644967089730,0.482532356941,,,,,,,0.383156332571,1.352200000000
23820,1.570028507911,1.563051446312,1.542180540982,1.507594857027,1.459587118506,1.398553597192,1.324976766480,1.239395795946,1.142356721183,1.034324812832,0.915519441448,0.785564928003,0.642607678487,0.480292156225,,,,,,,0.382164323549,1.351566666667
23880,1.566139553457,1.559173832674,1.538336999393,1.503808325222,1.455880793461,1.394950905074,1.321501040635,1.236069832156,1.139202019992,1.031360374137,0.912759712749,0.783015655560,0.640254967002,0.478056919299,,,,,,,0.381175056255,1.350933333333
23940,1.562258763675,1.555304411529,1.534501729546,1.500030183198,1.452182995032,1.391356827221,1.318033973502,1.232752509722,1.136055857646,1.028404272658,0.910007967411,0.780473861976,0.637908991568,0.475826595009,,,,,,,0.380188507381,1.350300000000
24000,1.558386150729,1.551443170662,1.530674693814,1.496260367630,1.448493634714,1.387771293452,1.314575522026,1.229443810277,1.132918230847,1.025456483372,0.907264181090,0.777939514190,0.635569679456,0.473601128325,,,,,,,0.379204656688,1.349666666667
24060,1.554521726273,1.547590140669,1.526855939597,1.492498940272,1.444812786007,1.384194378862,1.311125724900,1.226143738885,1.129789117299,1.022516981684,0.904528316325,0.775412562705,0.633236991104,0.471380471184,,,,,,,0.378223486166,1.349033333333
24120,1.550665501457,1.543745335727,1.523045482397,1.488745916321,1.441140399721,1.380625986385,1.307684550509,1.222852277665,1.126668494942,1.019585743390,0.901800354084,0.772893024080,0.630910961582,0.469164571036,,,,,,,0.377244979483,1.348400000000
24180,1.546817486938,1.539908765674,1.519243329655,1.485001231164,1.437476498019,1.377066192127,1.304251954676,1.219569408803,1.123556341946,1.016662744643,0.899080279500,0.770380875497,0.628591512199,0.466953380425,,,,,,,0.376269121597,1.347766666667
24240,1.542977692883,1.536080439873,1.515449468445,1.481264945989,1.433821081143,1.373514932138,1.300827975771,1.216295072517,1.120452636712,1.013747961917,0.896368069161,0.767876093805,0.626278607960,0.464746848287,,,,,,,0.375295898488,1.347133333333
24300,1.539146128981,1.532260367216,1.511663891665,1.477537074330,1.430174121265,1.369972231028,1.297412584047,1.213029291816,1.117357357865,1.010841371965,0.893663699739,0.765378613663,0.623972281292,0.462544927869,,,,,,,0.374325296953,1.346500000000
24360,1.535322804448,1.528448556136,1.507886639279,1.473817549692,1.426535666777,1.366438075740,1.294005731909,1.209772050868,1.114270484243,1.007942951788,0.890967147973,0.762888443116,0.621672445226,0.460347568225,,,,,,,0.373357304462,1.345866666667
24420,1.531507728031,1.524645014609,1.504117717006,1.470106434072,1.422905641191,1.362912439060,1.290607458644,1.206523332163,1.111191994882,1.005052678607,0.888278390646,0.760405568371,0.619379078001,0.458154723671,,,,,,,0.372391909041,1.345233333333
24480,1.527700908023,1.520849750168,1.500357130152,1.466403738746,1.419284129844,1.359395359196,1.287217737571,1.203283103010,1.108121852266,1.002170529834,0.885597404588,0.757929965528,0.617092206349,0.455966342241,,,,,,,0.371429099184,1.344600000000
24540,1.523902352263,1.517062745587,1.496604835636,1.462709394761,1.415671038703,1.355886756795,1.283836515421,1.200051334168,1.105060049834,0.999296483053,0.882924164455,0.755461585082,0.614811731573,0.453782378700,,,,,,,0.370468863785,1.343966666667
24600,1.520112068145,1.513284029303,1.492860880938,1.459023466265,1.412066446021,1.352386707232,1.280463833608,1.196828035902,1.102006570118,0.996430516002,0.880258627898,0.753000400831,0.612537653343,0.451602782302,,,,,,,0.369511192081,1.343333333333
24660,1.516330062628,1.509513610201,1.489125275402,1.455345961699,1.408470290390,1.348895122089,1.277099669673,1.193613191013,1.098961392834,0.993572606562,0.877600793210,0.750546416202,0.610269989067,0.449427505131,,,,,,,0.368556073608,1.342700000000
24720,1.512556342240,1.505751494093,1.485398022754,1.451676809082,1.404882603428,1.345412058771,1.273743962460,1.190406782373,1.095924497835,0.990722732738,0.874950637394,0.748099607167,0.608008624405,0.447256499087,,,,,,,0.367603498168,1.342066666667
24780,1.508790913087,1.501997686382,1.481679102494,1.448016076036,1.401303368728,1.341937470269,1.270396756670,1.187208764718,1.092895865106,0.987880872657,0.872308137510,0.745659936363,0.605753588683,0.445089712434,,,,,,,0.366653455794,1.341433333333
24840,1.505033780855,1.498252192063,1.477968512608,1.444363767594,1.397732572559,1.338471359889,1.267058035192,1.184019136387,1.089875474751,0.985047004555,0.869673270670,0.743227352175,0.603504886057,0.442927098495,,,,,,,0.365705936731,1.340800000000
24900,1.501284950826,1.494515015735,1.474266284773,1.440719808196,1.394170242286,1.335013734306,1.263727726795,1.180837893686,1.086863306986,0.982221106776,0.867046014053,0.740801871424,0.601262382386,0.440768606809,,,,,,,0.364760931411,1.340166666667
24960,1.497544427878,1.490786161605,1.470572421244,1.437084270226,1.390616320103,1.331564542439,1.260405880592,1.177665019734,1.083859342133,0.979403157304,0.864426344900,0.738383470251,0.599026145049,0.438614186002,,,,,,,0.363818430441,1.339533333333
25020,1.493812216492,1.487065632989,1.466886922916,1.433457153281,1.387070875924,1.328123842674,1.257092483274,1.174500497699,1.080863560609,0.976593132479,0.861814236374,0.735972119452,0.596796151891,0.436463787780,,,,,,,0.362878424585,1.338900000000
25080,1.490088320762,1.483353407806,1.463209740990,1.429838382101,1.383533809130,1.324691536135,1.253787459275,1.171344273595,1.077875928508,0.973791013424,0.859209649092,0.733567750651,0.594572271450,0.434317361281,,,,,,,0.361940904753,1.338266666667
25140,1.486372744402,1.479649515285,1.459540928283,1.426228030673,1.380005212150,1.321267700964,1.250490855325,1.168196365328,1.074896437874,0.970996778859,0.856612581292,0.731170390018,0.592354590975,0.432174853198,,,,,,,0.361005861989,1.337633333333
25200,1.482665490748,1.475953958137,1.455880485685,1.422626091308,1.376484999273,1.317852268680,1.247202660653,1.165056759129,1.071925072603,0.968210407594,0.854023010513,0.728780014007,0.590143049219,0.430036214405,,,,,,,0.360073287447,1.337000000000
25260,1.478966839098,1.472268015730,1.452232670498,1.419041670999,1.372989149608,1.314469680139,1.243957307900,1.161971519478,1.069020843258,0.965505278337,0.851530348435,0.726504614172,0.588069600210,0.428074140115,,,,,,,0.359140417225,1.336466666667
25320,1.475277065812,1.468590956782,1.448593735895,1.415466157349,1.369502174064,1.311095898552,1.240720699995,1.158894799457,1.066124925567,0.962808099483,0.849045201490,0.724236149007,0.586002239451,0.426115054327,,,,,,,0.358208090698,1.335933333333
25380,1.471596169285,1.464922779090,1.444963664442,1.411899543753,1.366024037074,1.307730941584,1.237492784361,1.155826619003,1.063237297133,0.960118861075,0.846567545086,0.721974592206,0.583940867284,0.424159055647,,,,,,,0.357277174323,1.335400000000
25440,1.467924147560,1.461263480118,1.441342480700,1.408341784853,1.362554783045,1.304374755692,1.234273550336,1.152766969683,1.060357898147,0.957437539381,0.844097354610,0.719719911840,0.581885378180,0.422206277142,,,,,,,0.356347964587,1.334866666667
25500,1.464260998343,1.457613057001,1.437730180147,1.404792886849,1.359094341296,1.301027376200,1.231063004329,1.149715782433,1.057486738980,0.954764110759,0.841634604909,0.717472064135,0.579835694573,0.420256799936,,,,,,,0.355420625856,1.334333333333
25560,1.460606719005,1.453971506549,1.434126757973,1.401252867923,1.355642739934,1.297688731958,1.227861076597,1.146673073318,1.054623802729,0.952098551589,0.839179269627,0.715231004002,0.577791762299,0.418310675206,,,,,,,0.354495264169,1.333800000000
25620,1.456961306590,1.450338822511,1.430532203665,1.397721712569,1.352199980212,1.294358875129,1.224667818441,1.143638835653,1.051769067327,0.949440838144,0.836731320954,0.712996696423,0.575753512619,0.416367928040,,,,,,,0.353571953684,1.333266666667
25680,1.453324757822,1.446714984639,1.426946479435,1.394199365475,1.348765989921,1.291037717791,1.221483143477,1.140613003792,1.048922486254,0.946790941509,0.834290729850,0.710769100839,0.573720936149,0.414428574817,,,,,,,0.352650748922,1.332733333333
25740,1.449697069113,1.443100008104,1.423369617686,1.390685874414,1.345340830172,1.287725328127,1.218307089746,1.137595588152,1.046084044938,0.944148823142,0.831857466492,0.708548179261,0.571694007919,0.412492614505,,,,,,,0.351731691320,1.332200000000
25800,1.446078236568,1.439493888496,1.419801612516,1.387181231171,1.341924447104,1.284421602271,1.215139615438,1.134586584640,1.043253738729,0.941514477698,0.829431500726,0.706333896354,0.569672708253,0.410560045666,,,,,,,0.350814813113,1.331666666667
25860,1.442468255991,1.435896621113,1.416242457763,1.383685385836,1.338516833602,1.281126620218,1.211980698256,1.131585931823,1.040431545518,0.938887880129,0.827012796139,0.704126219235,0.567657016547,0.408630853119,,,,,,,0.349900139775,1.331133333333
25920,1.438867122893,1.432308200974,1.412692147013,1.380198349909,1.335118017273,1.277840273180,1.208830356683,1.128593632677,1.037617433092,0.936269005126,0.824601328666,0.701925117179,0.565646916181,0.406705024342,,,,,,,0.348987691667,1.330600000000
25980,1.435274832498,1.428728622818,1.409150633856,1.376720136210,1.331727911297,1.274562638084,1.205688508021,1.125609686458,1.034811358384,0.933657827202,0.822197069675,0.699730561305,0.563642389144,0.404782535950,,,,,,,0.348077485173,1.330066666667
26040,1.431691379750,1.425157881114,1.405617948225,1.373250723182,1.328346573765,1.271293617040,1.202555208746,1.122634036655,1.032013330040,0.931054320788,0.819799990400,0.697542524292,0.561643419015,0.402863367251,,,,,,,0.347169533517,1.329533333333
26100,1.428116759316,1.421595970066,1.402094086097,1.369790064127,1.324973971529,1.268033271898,1.199430382700,1.119666677001,1.029223325540,0.928458460313,0.817410062699,0.695360980125,0.559649989366,0.400947490187,,,,,,,0.346263847377,1.329000000000
26160,1.424550965595,1.418042883619,1.398579040103,1.366338199949,1.321610066514,1.264781519141,1.196314049205,1.116707610829,1.026441322289,0.925870204937,0.815027259068,0.693185903888,0.557662082786,0.399034877097,,,,,,,0.345360435340,1.328466666667
26220,1.420993992724,1.414498615465,1.395072802648,1.362895121063,1.318254900400,1.261538406329,1.193206185395,1.113756787274,1.023667263632,0.923289537267,0.812651552629,0.691017271577,0.555679683716,0.397125497678,,,,,,,0.344459304262,1.327933333333
26280,1.417445834581,1.410963142875,1.391575334019,1.359460770947,1.314908400585,1.258303863534,1.190106748963,1.110814189119,1.020901155232,0.920716439656,0.810282917112,0.688855059960,0.553702774358,0.395219317620,,,,,,,0.343560459541,1.327400000000
26340,1.413906484794,1.407436469965,1.388086647713,1.356035171219,1.311570595510,1.255077924796,1.187015775059,1.107879824570,1.018142980365,0.918150887098,0.807921326818,0.686699246453,0.551731338333,0.393316305644,,,,,,,0.342663905347,1.326866666667
26400,1.410375936743,1.403918595059,1.384606746056,1.352618327261,1.308241478997,1.251860533003,1.183933169993,1.104953649202,1.015392716360,0.915592854809,0.805566756589,0.684549809017,0.549765358918,0.391416422401,,,,,,,0.341769644796,1.326333333333
26460,1.406854183571,1.400409510888,1.381135620599,1.349210209441,1.304920986112,1.248651709433,1.180858989028,1.102035633262,1.012650324769,0.913042318248,0.803219181767,0.682406725903,0.547804817509,0.389519633619,,,,,,,0.340877680102,1.325800000000
26520,1.403341218180,1.396909209958,1.377673262691,1.345810784357,1.301609170638,1.245451409027,1.177793173386,1.099125790681,1.009915775760,0.910499253124,0.800878578159,0.680269960571,0.545849697950,0.387625900383,,,,,,,0.339988012697,1.325266666667
26580,1.399837033248,1.393417684552,1.374219638390,1.342420084003,1.298305972251,1.242259641054,1.174735715559,1.096224084315,1.007189070201,0.907963635401,0.798544922004,0.678139507499,0.543899982453,0.385735180930,,,,,,,0.339100643330,1.324733333333
26640,1.396341621224,1.389934926738,1.370774746971,1.339038097615,1.295011393758,1.239076371754,1.171686619330,1.093330470361,1.004470185673,0.905435423624,0.796218189938,0.676015346135,0.541955652224,0.383847437316,,,,,,,0.338215572157,1.324200000000
26700,1.392854974337,1.386460928369,1.367338596176,1.335664760064,1.291725452041,1.235901599134,1.168645814404,1.090444969344,1.001759099854,0.902914608245,0.793898358962,0.673897456178,0.540016690393,0.381962625837,,,,,,,0.337332798810,1.323666666667
26760,1.389377084602,1.382995681093,1.363911176584,1.332300107615,1.288448059258,1.232735299993,1.165613348308,1.087567552239,0.999055756151,0.900401169880,0.791585406416,0.671785817547,0.538083078817,0.380080702900,,,,,,,0.336452322459,1.323133333333
26820,1.385907943823,1.379539176353,1.360492478596,1.328944136198,1.285179279368,1.229577461816,1.162589144492,1.084698159729,0.996360163376,0.897895085491,0.789279309953,0.669680410356,0.536154798152,0.378201626451,,,,,,,0.335574141866,1.322600000000
26880,1.382447543597,1.376091395605,1.357082473131,1.325596806148,1.281919062427,1.226428071233,1.159573224955,1.081836819775,0.993672303300,0.895396332277,0.786980047515,0.667581214885,0.534231830988,0.376325349988,,,,,,,0.334698255431,1.322066666667
26940,1.378995875320,1.372652328448,1.353681147369,1.322258101745,1.278667389493,1.223287105938,1.156565564036,1.078983512160,0.990992154058,0.892904887661,0.784687597310,0.665488211566,0.532314158843,0.374451826390,,,,,,,0.333824661229,1.321533333333
27000,1.375552930189,1.369221977080,1.350288513549,1.318928044101,1.275424289281,1.220154561682,1.153566119934,1.076138161001,0.988319681201,0.890420729292,0.782401937794,0.663401380967,0.530401762616,0.372581010706,,,,,,,0.332953356967,1.321000000000
27060,1.372119218413,1.365802762151,1.346912680108,1.315624102313,1.272220057022,1.217076956405,1.150640705965,1.073388686697,0.985767517484,0.888084122032,0.780294541727,0.661529130420,0.528753025176,0.371066768803,,,,,,,0.332079085725,1.320666666667
27120,1.368695244436,1.362393263471,1.343546496820,1.312329677719,1.269025183934,1.214008486598,1.147724093582,1.070647612712,0.983223335276,0.885754916615,0.778193856834,0.659662921936,0.527109371726,0.369552840096,,,,,,,0.331203474596,1.320333333333
27180,1.365280990531,1.358993463032,1.340189944859,1.309044749286,1.265839655809,1.210949105715,1.144816256084,1.067914968440,0.980687053336,0.883433084159,0.776099923545,0.657802657921,0.525470592801,0.368040153517,,,,,,,0.330328191471,1.320000000000
27240,1.361876438820,1.355603342676,1.336843005271,1.305769316317,1.262663450932,1.207898778405,1.141917203279,1.065190657928,0.978158695959,0.881118584116,0.774012694087,0.655948373041,0.523836509341,0.366529175912,,,,,,,0.329453814825,1.319666666667
27300,1.358481571268,1.352222884099,1.333505639433,1.302503358525,1.259496510536,1.204857516728,1.139026859134,1.062474719826,0.975638189550,0.878811422637,0.771932124861,0.654100014161,0.522207019904,0.365020181685,,,,,,,0.328580670437,1.319333333333
27360,1.355096369693,1.348852068854,1.330177841717,1.299246855528,1.256338838483,1.201825289641,1.136145234249,1.059767088801,0.973125551627,0.876511524685,0.769858231911,0.652257451435,0.520582071197,0.363513351066,,,,,,,0.327708972394,1.319000000000
27420,1.351720815767,1.345490878357,1.326859598880,1.295999785204,1.253190424397,1.198802030953,1.133272316754,1.057067753733,0.970620715801,0.874218926821,0.767790927667,0.650420697860,0.518961635091,0.362008810015,,,,,,,0.326838873625,1.318666666667
27480,1.348354891021,1.342139293885,1.323550891472,1.292762093001,1.250051246320,1.195787767887,1.130408021153,1.054376699049,0.968123693112,0.871933530724,0.765730220014,0.648589706205,0.517345700352,0.360506649786,,,,,,,0.325970489306,1.318333333333
27540,1.344998576848,1.338797296586,1.320251699931,1.289533794074,1.246921249288,1.192782476986,1.127552386588,1.051693864660,0.965634423783,0.869655376645,0.763676074344,0.646764365527,0.515734262391,0.359006937936,,,,,,,0.325103909389,1.318000000000
27600,1.341651854506,1.335464867479,1.316962004580,1.286314867680,1.243800429303,1.189786084552,1.124705366536,1.049019279550,0.963152912498,0.867384386946,0.761628413793,0.644944694217,0.514127319728,0.357509725273,,,,,,,0.324239206019,1.317666666667
27660,1.338314705125,1.332141987456,1.313681785636,1.283105292991,1.240688779380,1.186798610204,1.121866913814,1.046352848493,0.960679105399,0.865120564950,0.759587259632,0.643130666708,0.512524875103,0.356015049619,,,,,,,0.323376438219,1.317333333333
27720,1.334987109704,1.328828637290,1.310411023209,1.279905049099,1.237586277362,1.183820037893,1.119037048349,1.043694611526,0.958213000942,0.862863867635,0.757552534819,0.641322192740,0.510926930070,0.354522938939,,,,,,,0.322515655039,1.317000000000
27780,1.331669049121,1.325524789764,1.307149681785,1.276714092273,1.234492871660,1.180850308797,1.116215704880,1.041044501965,0.955754550636,0.860614261879,0.755524221998,0.639519290183,0.509333486775,0.353033413380,,,,,,,0.321656897732,1.316666666667
27840,1.328360504131,1.322230428459,1.303897747275,1.273532410248,1.231408551391,1.177889413095,1.113402874498,1.038402511781,0.953303747030,0.858371740083,0.753502315693,0.637721949660,0.507744547899,0.351546486769,,,,,,,0.320800201335,1.316333333333
27900,1.325061455375,1.318945538691,1.300655209134,1.270359996030,1.228333312539,1.174937349270,1.110598557872,1.035768621894,0.950860546648,0.856136233231,0.751486717109,0.635930096128,0.506160113399,0.350062167719,,,,,,,0.319945595836,1.316000000000
27960,1.321771883375,1.315670100777,1.297422047079,1.267196828417,1.225267132784,1.171994072881,1.107802670943,1.033142776928,0.948424936618,0.853907769140,0.749477465861,0.634143739974,0.504580184881,0.348580460478,,,,,,,0.319093107060,1.315666666667
28020,1.318491768545,1.312404094927,1.294198240735,1.264042886141,1.222209963494,1.169059545661,1.105015242993,1.030525002954,0.945996878245,0.851686245423,0.747474505177,0.632362884067,0.503004761849,0.347101365591,,,,,,,0.318242757351,1.315333333333
28080,1.315221091192,1.309147501249,1.290983769640,1.260898140386,1.219161787847,1.166133780118,1.102236241984,1.027915202905,0.943576353786,0.849471706174,0.745477795125,0.630587465457,0.501433842621,0.345624880418,,,,,,,0.317394566119,1.315000000000
28140,1.311959831515,1.305900299749,1.287778613245,1.257762548408,1.216122604367,1.163216745682,1.099465605139,1.025313420998,0.941163329138,0.847264068982,0.743487350623,0.628817482440,0.499867426476,0.344150999525,,,,,,,0.316548550265,1.314666666667
28200,1.308707969612,1.302662470337,1.284582750921,1.254636117771,1.213092390598,1.160308376602,1.096703359708,1.022719584949,0.938757782227,0.845063342021,0.741503090999,0.627052948321,0.498305509487,0.342679714780,,,,,,,0.315704724533,1.314333333333
28260,1.305465485484,1.299433992831,1.281396149490,1.251518826962,1.210071100438,1.157408698894,1.093949448373,1.020133692729,0.936359683336,0.842869480531,0.739525033195,0.625293810931,0.496748089370,0.341211016451,,,,,,,0.314863101797,1.314000000000
28320,1.302232359035,1.296214846955,1.278218788514,1.248410654413,1.207058712020,1.154517689000,1.091203847377,1.017555717864,0.933969006574,0.840682456726,0.737553154729,0.623540053336,0.495195161789,0.339744892622,,,,,,,0.314023693299,1.313666666667
28380,1.299008570073,1.293005012346,1.275050659374,1.245311578500,1.204055225977,1.151635273698,1.088466564148,1.014985612889,0.931585726368,0.838502263652,0.735587388897,0.621791698687,0.493646721704,0.338281329642,,,,,,,0.313186508844,1.313333333333
28440,1.295794098320,1.289804468555,1.271891741135,1.242221548503,1.201060619719,1.148761472945,1.085737522039,1.012423396450,0.929209813476,0.836328837446,0.733627769597,0.620048705259,0.492102764911,0.336820312287,,,,,,,0.312351556971,1.313000000000
28500,1.292588923409,1.286613195049,1.268742012791,1.239140565020,1.198074849245,1.145896269479,1.083016736299,1.009868976454,0.926841246195,0.834162207889,0.731674236285,0.618311038522,0.490563283877,0.335361823890,,,,,,,0.311518845093,1.312666666667
28560,1.289393024888,1.283431171216,1.265601453269,1.236068613169,1.195097888501,1.143039603298,1.080304187189,1.007322396674,0.924479992361,0.832002278377,0.729726776213,0.616578731510,0.489028273996,0.333905846460,,,,,,,0.310688379619,1.312333333333
28620,1.286206382221,1.280258376366,1.262470041428,1.233005671120,1.192129739803,1.140191468075,1.077599800971,1.004783579109,0.922126033835,0.829849094403,0.727785398472,0.614851753120,0.487497727248,0.332452360779,,,,,,,0.309860166059,1.312000000000
28680,1.283028974796,1.277094789732,1.259347756063,1.229951716993,1.189170380424,1.137351859435,1.074903609730,1.002252531622,0.919779335924,0.827702580384,0.725850018547,0.613130049257,0.485971636963,0.331001346482,,,,,,,0.309034209115,1.311666666667
28740,1.279860781921,1.273940385240,1.256234565580,1.226906713723,1.186219768046,1.134520730139,1.072215561709,0.999729217663,0.917439883731,0.825562744744,0.723920675935,0.611413663210,0.484449995312,0.329552782131,,,,,,,0.308210512759,1.311333333333
28800,1.276701782830,1.270795140209,1.253130445165,1.223870634224,1.183277873272,1.131698048526,1.069535623108,0.997213601588,0.915107640397,0.823429550497,0.721997334494,0.609702574951,0.482932793776,0.328106645276,,,,,,,0.307389080318,1.311000000000
28860,1.273551796736,1.267658281731,1.250032844834,1.220837998930,1.180335185696,1.128869237164,1.066843183686,0.994678112690,0.912747193007,0.821258796971,0.720025770987,0.607930421045,0.481336609840,0.326542748564,,,,,,,0.306571577299,1.310600000000
28920,1.270410644607,1.264530234105,1.246943985182,1.217813984879,1.177400947197,1.126048612355,1.064158600094,0.992150130186,0.910393836586,0.819094623487,0.718060189972,0.606163576300,0.479744909246,0.324982013668,,,,,,,0.305757485759,1.310200000000
28980,1.267278308196,1.261410978931,1.243863847364,1.214798572528,1.174475091882,1.123236153306,1.061481918532,0.989629663213,0.908047515688,0.816936977557,0.716100573271,0.604402028977,0.478157753485,0.323423961306,,,,,,,0.304946278260,1.309800000000
29040,1.264154769181,1.258300497736,1.240792412472,1.211791712126,1.171557635838,1.120431871338,1.058813066271,0.987116664055,0.905708255934,0.814785846693,0.714146879338,0.602645772339,0.476575183805,0.321868381098,,,,,,,0.304137772174,1.309400000000
29100,1.261040009161,1.255198771972,1.237729661527,1.208793402368,1.168648567708,1.117635691151,1.056152053769,0.984611127535,0.903375985697,0.812641232168,0.712199093256,0.600894804101,0.474997213613,0.320315132418,,,,,,,0.303331864438,1.309000000000
29160,1.257934009660,1.252105783019,1.234675561646,1.205803635570,1.165747840710,1.114847633739,1.053498843818,0.982113020846,0.901050716769,0.810503085127,0.710257220734,0.599149099145,0.473423840526,0.318764103223,,,,,,,0.302528486906,1.308600000000
29220,1.254836752129,1.249021512186,1.231630092897,1.202822391978,1.162855432686,1.112067679748,1.050853411899,0.979622324236,0.898732423971,0.808371388935,0.708321246958,0.597408661697,0.471855053948,0.317215207717,,,,,,,0.301727590376,1.308200000000
29280,1.251748217949,1.245945940714,1.228593250930,1.199849641145,1.159971351101,1.109295761722,1.048215755604,0.977139020086,0.896421057586,0.806246148331,0.706391132553,0.595673505526,0.470290839003,0.315668366200,,,,,,,0.300929137212,1.307800000000
29340,1.248668388429,1.242879049776,1.225565016520,1.196885342863,1.157095567695,1.106531913969,1.045585816188,0.974663073813,0.894116641459,0.804127319118,0.704466870259,0.593943624689,0.468731178586,0.314123503600,,,,,,,0.300133097407,1.307400000000
29400,1.245597244812,1.239820820481,1.222545370382,1.193929508448,1.154228023313,1.103776084335,1.042963625326,0.972194483264,0.891819104430,0.802014879827,0.702548466459,0.592219011444,0.467176054456,0.312580551030,,,,,,,0.299339446264,1.307000000000
29460,1.242534768272,1.236771233872,1.219534293179,1.190982117963,1.151368743653,1.101028248199,1.040349090789,0.969733198780,0.889528461688,0.799908839481,0.700635908080,0.590499656511,0.465625447838,0.311039445411,,,,,,,0.298548162937,1.306600000000
29520,1.239480939921,1.233730270929,1.216531765515,1.188043151429,1.148517708012,1.098288418267,1.037742263215,0.967279233965,0.887244687291,0.797809159053,0.698729156053,0.588785511620,0.464079339756,0.309500123232,,,,,,,0.297759229460,1.306200000000
29580,1.236435740805,1.230697901058,1.213537745230,1.185112555525,1.145674852615,1.095556521250,1.035143060865,0.964832523849,0.884967734535,0.795715810790,0.696828204388,0.587076599426,0.462537711222,0.307962519888,,,,,,,0.296972630075,1.305800000000
29640,1.233399151909,1.227674113932,1.210552230204,1.182190335676,1.142840189668,1.092832575409,1.032551507598,0.962393098076,0.882697627229,0.793628808074,0.694933058067,0.585372911073,0.461000543338,0.306426574508,,,,,,,0.296188350754,1.305400000000
29700,1.230371154158,1.224658893129,1.207575206365,1.179276479823,1.140013708810,1.090116562725,1.029967552721,0.959960876135,0.880434296321,0.791548117041,0.693043703199,0.583674433511,0.459467817352,0.304892228116,,,,,,,0.295406378847,1.305000000000
29760,1.227351728419,1.221652219399,1.204606654117,1.176370967844,1.137195363945,1.087408416237,1.027391187561,0.957535903760,0.878177757602,0.789473701994,0.691160100624,0.581981153168,0.457939514684,0.303359419954,,,,,,,0.294626702816,1.304600000000
29820,1.224340855500,1.218654073433,1.201646553819,1.173473764451,1.134385132128,1.084708169692,1.024822393944,0.955118085301,0.875927987232,0.787405580741,0.689282242022,0.580293049554,0.456415616933,0.301828088200,,,,,,,0.293849312034,1.304200000000
29880,1.221338516156,1.215664435872,1.198694885785,1.170584838922,1.131583020395,1.082015771013,1.022261131380,0.952707473996,0.873684938481,0.785343724708,0.687410131812,0.578610080578,0.454896105884,0.300298169574,,,,,,,0.293074196625,1.303800000000
29940,1.218344691087,1.212683287307,1.195751625955,1.167704196933,1.128788999773,1.079331197108,1.019707413530,0.950303983569,0.871448636292,0.783288088811,0.685543755157,0.576932265948,0.453380963492,0.298769605670,,,,,,,0.292301347346,1.303400000000
30000,1.215359360943,1.209710608279,1.192816735502,1.164831818256,1.126003013353,1.076654459730,1.017161168792,0.947907650315,0.869219014748,0.781238695563,0.683683074208,0.575259590867,0.451870171883,0.297242334363,,,,,,,0.291530755481,1.303000000000
30060,1.212382506322,1.206746379281,1.189890218154,1.161967682643,1.123225085014,1.073985485283,1.014622437965,0.945518405613,0.866996087004,0.779195522019,0.681828075934,0.573592040380,0.450363713337,0.295716292842,,,,,,,0.290762412762,1.302600000000
30120,1.209414107774,1.203790580762,1.186972054070,1.159111731550,1.120455194014,1.071324294563,1.012091131060,0.943136268553,0.864779833679,0.777158512461,0.679978765794,0.571929599402,0.448861570282,0.294191416231,,,,,,,0.289996311308,1.302200000000
30180,1.206454145803,1.200843193128,1.184062223377,1.156263980940,1.117693275680,1.068670866109,1.009567292215,0.940761188378,0.862570204774,0.775127694545,0.678135128331,0.570272240465,0.447363725278,0.292667638752,,,,,,,0.289232443567,1.301800000000
30240,1.203502600869,1.197904196744,1.181160706167,1.153424412743,1.114939345156,1.066025138591,1.007050850991,0.938393166709,0.860367227346,0.773103051195,0.676297128634,0.568619932624,0.445870161013,0.291144897467,,,,,,,0.288470802271,1.301400000000
30300,1.200559453389,1.194973571932,1.178267482507,1.150593006653,1.112193390086,1.063387142943,1.004541821270,0.936032170859,0.858170839578,0.771084515584,0.674464746689,0.566972688566,0.444380860289,0.289623125822,,,,,,,0.287711380403,1.301000000000
30360,1.197624683737,1.192051291590,1.175382517855,1.147769720970,1.109455362137,1.060756824931,1.002040162908,0.933678184721,0.855981048884,0.769072120369,0.672637990595,0.565330492942,0.442895806013,0.288102256115,,,,,,,0.286954171161,1.300600000000
30420,1.194698272251,1.189137336927,1.172505794111,1.144954538136,1.106725244221,1.058134168019,0.999545860191,0.931331193885,0.853797842757,0.767065848679,0.670816844559,0.563693330376,0.441414981190,0.286582219419,,,,,,,0.286199167933,1.300200000000
30480,1.191780199232,1.186231694664,1.169637304092,1.142147456635,1.104003040041,1.055519180767,0.997058902597,0.928991164258,0.851621164917,0.765065640702,0.669001278152,0.562061185476,0.439938368885,,,,,,,,0.285446364278,1.299800000000
30540,1.188870444943,1.183334344986,1.166777027768,1.139348456139,1.101288717070,1.052911787037,0.994579245470,0.926658099911,0.849451045665,0.763071515442,0.667191262022,0.560434029105,0.438465951903,,,,,,,,0.284695753899,1.299400000000
30600,1.185968989617,1.180445268051,1.163924945088,1.136557511064,1.098582227112,1.050312015062,0.992106907240,0.924331948522,0.847287428398,0.761083462639,0.665386808413,0.558811833590,0.436997713872,,,,,,,,0.283947330611,1.299000000000
30660,1.183076109965,1.177565870018,1.161085825371,1.133784911709,1.095901550345,1.047747395809,0.989680807879,0.922064897560,0.845197411310,0.759185362983,0.663691314199,0.557322161270,0.435697157686,,,,,,,,0.283197918581,1.298733333333
30720,1.180192079161,1.174695285973,1.158255414882,1.131020846787,1.093229162848,1.045190714813,0.987262301099,0.919804977264,0.843114003611,0.757293364910,0.662001263297,0.555837349982,0.434400608607,,,,,,,,0.282448510877,1.298466666667
30780,1.177316872112,1.171833490798,1.155433688458,1.128265291117,1.090565039559,1.042641978879,0.984851362972,0.917552145196,0.841037222282,0.755407378979,0.660316705754,0.554357326080,0.433107892216,,,,,,,,0.281700111236,1.298200000000
30840,1.174450463724,1.168980459383,1.152620604755,1.125518219557,1.087909124732,1.040101168364,0.982447926802,0.915306415635,0.838966991644,0.753527456346,0.658637554073,0.552882138601,0.431818902784,,,,,,,,0.280953064146,1.297933333333
30900,1.171592828910,1.166136166626,1.149816153214,1.122779607001,1.085261421073,1.037568258746,0.980052007384,0.913067739645,0.836903339773,0.751653521061,0.656963861202,0.551411643312,0.430533593311,,,,,,,,0.280207561525,1.297666666667
30960,1.168743942591,1.163300587436,1.147020310451,1.120049428383,1.082621906965,1.035043187608,0.977663585627,0.910836094294,0.834846225241,0.749785597064,0.655295532331,0.549945904849,0.429251944780,,,,,,,,0.279463728020,1.297400000000
31020,1.165903779696,1.160473696735,1.144233051384,1.117327642634,1.079990557589,1.032525965898,0.975282609012,0.908611484330,0.832795619713,0.747923635218,0.653632621328,0.548484809471,0.427973950869,,,,,,,,0.278721651562,1.297133333333
31080,1.163072315165,1.157655469458,1.141454350956,1.114614230874,1.077367348183,1.030016572199,0.972909065071,0.906393851547,0.830751536322,0.746067631752,0.651975025632,0.547028373706,0.426699610889,,,,,,,,0.277981397482,1.296866666667
31140,1.160249523951,1.154845880558,1.138684184136,1.111909178233,1.074752221388,1.027514982306,0.970542948608,0.904183192613,0.828713895936,0.744217563520,0.650322802058,0.545576547534,0.425428926413,,,,,,,,0.277243016069,1.296600000000
31200,1.157435381023,1.152044905008,1.135922525923,1.109212459816,1.072145184452,1.025021132168,0.968184220876,0.901979502641,0.826682734398,0.742373399157,0.648675842400,0.544129299308,0.424161899584,,,,,,,,0.276506547031,1.296333333333
31260,1.154629861366,1.149252517799,1.133169351346,1.106524050770,1.069546213749,1.022535037315,0.965832842887,0.899782714032,0.824658001910,0.740535141145,0.647034207281,0.542686641474,0.422898532047,,,,,,,,0.275772022309,1.296066666667
31320,1.151832939985,1.146468693945,1.130424635465,1.103843926288,1.066955284768,1.020056674312,0.963488822932,0.897592843090,0.822639678612,0.738702731188,0.645397788701,0.541248491289,0.421638825594,,,,,,,,0.275039467963,1.295800000000
31380,1.149044591905,1.143693408044,1.127688352506,1.101172060338,1.064372371406,1.017586017265,0.961152135632,0.895409872512,0.820627769628,0.736876197403,0.643766646409,0.539814915266,0.420382780864,,,,,,,,0.274308905475,1.295533333333
31440,1.146264792174,1.140926627181,1.124960461854,1.098508405105,1.061797419369,1.015123006235,0.958822716191,0.893233732957,0.818622200019,0.735055455372,0.642140678373,0.538385797140,0.419130397665,,,,,,,,0.273580352690,1.295266666667
31500,1.143493515864,1.138168334913,1.122240955378,1.095852960438,1.059230436058,1.012667655760,0.956500585966,0.891064452524,0.816623005004,0.733240549498,0.640519939860,0.536961214346,0.417881674977,,,,,,,,0.272853824514,1.295000000000
31560,1.140730738072,1.135418506361,1.119529808279,1.093205701723,1.056671397212,1.010219942147,0.954185722060,0.888901996536,0.814630127919,0.731431398067,0.638904336287,0.535541088110,0.416636610985,,,,,,,,0.272129333433,1.294733333333
31620,1.137976433925,1.132677116675,1.116826995798,1.090566604398,1.054120278628,1.007779837031,0.951878065945,0.886746315998,0.812643558250,0.729628030307,0.637293918077,0.534125439919,0.415395203118,,,,,,,,0.271406889926,1.294466666667
31680,1.135230578577,1.129944141037,1.114132493216,1.087935643950,1.051577051647,1.005347286591,0.949577620229,0.884597428639,0.810663290476,0.727830386952,0.635688598206,0.532714250042,0.414157448109,,,,,,,,0.270686502777,1.294200000000
31740,1.132493147213,1.127219554662,1.111446275852,1.085312795917,1.049041668400,1.002922302505,0.947284372602,0.882455289688,0.808689260229,0.726038472238,0.634088421783,0.531307482822,0.412923342044,,,,,,,,0.269968179333,1.293933333333
31800,1.129764115052,1.124503332803,1.108768319069,1.082698023190,1.046514133333,1.000504861321,0.944998277314,0.880319870608,0.806721496989,0.724252252527,0.632493309414,0.529905177661,0.411692880063,,,,,,,,0.269251925709,1.293666666667
31860,1.127043457343,1.121795450744,1.106098598273,1.080091301608,1.043994422478,0.998094931957,0.942719311998,0.878191178739,0.804759938950,0.722471707514,0.630903300414,0.528507240800,0.410466057224,,,,,,,,0.268537746953,1.293400000000
31920,1.124331149373,1.119095883809,1.103437088911,1.077492619494,1.041482511926,0.995692467063,0.940447476848,0.876069159213,0.802804586556,0.720696828850,0.629318323096,0.527113753955,0.409242868200,,,,,,,,0.267825647185,1.293133333333
31980,1.121627166464,1.116404607360,1.100783762458,1.074901952588,1.038978370178,0.993297475215,0.938182738520,0.873953804113,0.800855423223,0.718927572079,0.627738410529,0.525724615723,0.408023306983,,,,,,,,0.267115629715,1.292866666667
32040,1.118931483974,1.113721596798,1.098138585430,1.072319276685,1.036481956282,0.990909933160,0.935925050376,0.871845110411,0.798912396707,0.717163953771,0.626163498839,0.524339886404,0.406807367146,,,,,,,,0.266407697136,1.292600000000
32100,1.116244077301,1.111046827564,1.095501546538,1.069744567629,1.033993271441,0.988529806867,0.933674424762,0.869743013162,0.796975530759,0.715405905668,0.624593614428,0.522959511850,0.405595041877,,,,,,,,0.265701851407,1.292333333333
32160,1.113564921882,1.108380275140,1.092872621409,1.067177801315,1.031512291958,0.986157055814,0.931430839132,0.867647525242,0.795044758382,0.713653466956,0.623028701371,0.521583492578,0.404386324014,,,,,,,,0.264998093926,1.292066666667
32220,1.110893993195,1.105721915051,1.090251785717,1.064618929506,1.029038994183,0.983791685256,0.929194227088,0.865558631190,0.793120092341,0.711906551663,0.621468779010,0.520211834744,0.403181206070,,,,,,,,0.264296425588,1.291800000000
32280,1.108231266757,1.103071722864,1.087639015182,1.062067951808,1.026573343508,0.981433672119,0.926964609002,0.863476262256,0.791201504329,0.710165205526,0.619913799537,0.518844478416,0.401979679750,,,,,,,,0.263596846833,1.291533333333
32340,1.105576718129,1.100429674189,1.085034285571,1.059524844963,1.024115306350,0.979082979221,0.924741963719,0.861400446010,0.789288955446,0.708429356837,0.618363774864,0.517481489254,0.400781737312,,,,,,,,0.262899357699,1.291266666667
32400,1.102930322913,1.097795744681,1.082437572697,1.056989585062,1.021664880408,0.976739573233,0.922526236843,0.859331148155,0.787382463443,0.706699027935,0.616818665488,0.516122750242,0.399587370629,,,,,,,,0.262203957866,1.291000000000
32460,1.100291920722,1.095169246894,1.079846615122,1.054457316799,1.019213638612,0.974390553630,0.920299149816,0.857243834006,0.785450406904,0.704934590149,0.615229498536,0.514707449398,0.398317012972,,,,,,,,0.261512153958,1.290666666667
32520,1.097661352852,1.092550553279,1.077263371498,1.051932612741,1.016769752703,0.972048624386,0.918078832125,0.855162914743,0.783524314436,0.703175626371,0.613645272407,0.513296505355,0.397050279202,,,,,,,,0.260823465540,1.290333333333
32580,1.095038597493,1.089939631818,1.074687799938,1.049415421713,1.014333162977,0.969713718083,0.915865209317,0.853088309124,0.781604103029,0.701422062205,0.612065917634,0.511889847547,0.395787242423,,,,,,,,0.260137410944,1.290000000000
32640,1.092423632866,1.087336470717,1.072119898440,1.046905751087,1.011903885592,0.967385859020,0.913658313337,0.851020056813,0.779689820275,0.699673940389,0.610491478063,0.510487538465,0.394527933412,,,,,,,,0.259453822381,1.289666666667
32700,1.089816437223,1.084741048603,1.069559646067,1.044403580420,1.009481900657,0.965065027912,0.911458105145,0.848958093410,0.777781380334,0.697931201488,0.608921923090,0.509089577661,0.393272352762,,,,,,,,0.258772604490,1.289333333333
32760,1.087216988848,1.082153343793,1.067007021241,1.041908888314,1.007067184288,0.962751163438,0.909264549896,0.846902429639,0.775878830482,0.696193851209,0.607357211621,0.507695915563,0.392020489445,,,,,,,,0.258093693712,1.289000000000
32820,1.084625266055,1.079573334639,1.064462002418,1.039421653406,1.004659681482,0.960444278329,0.907077662468,0.844853030085,0.773982090435,0.694461873457,0.605797376575,0.506306576792,0.390772327589,,,,,,,,0.257417043770,1.288666666667
32880,1.082041247192,1.077000999520,1.061924568086,1.036941830963,1.002259408002,0.958144359114,0.904897380008,0.842809877062,0.772091199933,0.692735228787,0.604242377272,0.504921580351,0.389527848157,,,,,,,,0.256742618962,1.288333333333
32940,1.079464910639,1.074436316854,1.059394696768,1.034469416307,0.999866342814,0.955851350272,0.902723712555,0.840772963630,0.770206086851,0.691013943872,0.602692200034,0.503540900558,0.388287030614,,,,,,,,0.256070390576,1.288000000000
33000,1.076896234808,1.071879265086,1.056872363338,1.032004395114,0.997480457915,0.953565253596,0.900556642756,0.838742244219,0.768326783210,0.689297945046,0.601146866039,0.502164497519,0.387049856579,,,,,,,,0.255400334786,1.287666666667
33060,1.074335198143,1.069329822698,1.054357533253,1.029546746157,0.995101707335,0.951286061135,0.898396115386,0.836717739858,0.766453225342,0.687587271467,0.599606322924,0.500792414608,0.385816306626,,,,,,,,0.254732431323,1.287333333333
33120,1.071781779123,1.066787968204,1.051850202055,1.027096448247,0.992730102363,0.949013722870,0.896242155684,0.834699377632,0.764585437364,0.685881876937,0.598070581230,0.499424641935,0.384586360770,,,,,,,,0.254066662588,1.287000000000
33180,1.069235956258,1.064253680151,1.049350348400,1.024653462544,0.990365622119,0.946748230282,0.894094711468,0.832687196749,0.762723364321,0.684181754675,0.596539649315,0.498061107218,0.383360000697,,,,,,,,0.253403013043,1.286666666667
33240,1.066697708092,1.061726937120,1.046857950980,1.022217773433,0.988008234260,0.944489580641,0.891953772872,0.830681125373,0.760867022195,0.682486905212,0.595013462600,0.496701849912,0.382137208686,,,,,,,,0.252741468770,1.286333333333
33300,1.064167013204,1.059207717725,1.044372988522,1.019789372162,0.985657902316,0.942237729145,0.889819342346,0.828681188452,0.759016364954,0.680797275538,0.593492054135,0.495346868675,0.380917966854,,,,,,,,0.252082017154,1.286000000000
33360,1.061643850204,1.056696000614,1.041895439786,1.017368237684,0.983314632889,0.939992657574,0.887691346261,0.826687337214,0.757171400174,0.679112900799,0.591975416473,0.493996121228,0.379702256449,,,,,,,,0.251424646633,1.285666666667
33420,1.059128197738,1.054191764471,1.039425283568,1.014954348992,0.980978405264,0.937754368136,0.885569819319,0.824699569932,0.755332090922,0.677433717640,0.590463483005,0.492649582811,0.378490061359,,,,,,,,0.250769346516,1.285333333333
33480,1.056620034483,1.051694983700,1.036962490189,1.012547672612,0.978649182552,0.935522820963,0.883454719116,0.822717864705,0.753498436089,0.675759748291,0.588956298552,0.491307282598,0.377281364876,,,,,,,,0.250116106839,1.285000000000
33540,1.054119339154,1.049205635490,1.034507035428,1.010148183074,0.976326938234,0.933297988735,0.881346017846,0.820742193619,0.751670408007,0.674090965102,0.587453836341,0.489969207585,0.376076150398,,,,,,,,0.249464918247,1.284666666667
33600,1.051626090497,1.046723704553,1.032058909889,1.007755876675,0.974011674022,0.931079878323,0.879243727466,0.818772561143,0.749847996602,0.672427343188,0.585956050795,0.488635275203,0.374874400364,,,,,,,,0.248815771902,1.284333333333
33660,1.049140267294,1.044249169709,1.029618092512,1.005370732561,0.971703369382,0.928868454515,0.877147783287,0.816808913654,0.748031183648,0.670768902002,0.584462975283,0.487305538918,0.373676099755,,,,,,,,0.248168659409,1.284000000000
33720,1.046661848363,1.041782009814,1.027184562272,1.002992729919,0.969401982681,0.926663681486,0.875058203167,0.814851281481,0.746219949835,0.669115569425,0.582974572438,0.485979988010,0.372481232780,,,,,,,,0.247523572756,1.283666666667
33780,1.044190812555,1.039322203760,1.024758298184,1.000621840139,0.967107497792,0.924465570492,0.872974962073,0.812899585761,0.744414286560,0.667467389686,0.581490816818,0.484658573407,0.371289783712,,,,,,,,0.246880504259,1.283333333333
33840,1.041727138757,1.036869730475,1.022339279298,0.998258028944,0.964819911342,0.922274090707,0.870898016118,0.810953869793,0.742614165024,0.665824310543,0.580011731064,0.483341281125,0.370101736162,,,,,,,,0.246239446526,1.283000000000
33900,1.039270805893,1.034424568921,1.019927484705,0.995901297179,0.962539202995,0.920089198373,0.868827385646,0.809014067099,0.740819586435,0.664186332489,0.578537267918,0.482028133940,0.368917075133,,,,,,,,0.245600392415,1.282666666667
33960,1.036821792920,1.031986698099,1.017522879752,0.993551624199,0.960265326185,0.917910908858,0.866763014660,0.807080196351,0.739030512259,0.662553449652,0.577067421141,0.480719117472,0.367735785796,,,,,,,,0.244963335008,1.282333333333
34020,1.034380078834,1.029556097046,1.015125451436,0.991208989406,0.957998275601,0.915739195451,0.864704905317,0.805152216111,0.737246953716,0.660925614666,0.575602203323,0.479414148347,0.366557853014,,,,,,,,0.244328267585,1.282000000000
34080,1.031945642666,1.027132744837,1.012735185016,0.988873368567,0.955738042600,0.913574007020,0.862653048362,0.803230120361,0.735468862305,0.659302858887,0.574141557972,0.478113283973,0.365383261697,,,,,,,,0.243695183601,1.281666666667
34140,1.029518463487,1.024716620584,1.010352059738,0.986544719616,0.953484607055,0.911415362769,0.860607385580,0.801313892385,0.733696259453,0.657685118771,0.572685497080,0.476816510981,0.364211995884,,,,,,,,0.243064076668,1.281333333333
34200,1.027098520401,1.022307703438,1.007976054893,0.984223047466,0.951237917284,0.909263239830,0.858567944782,0.799403501933,0.731929086469,0.656072417728,0.571234023817,0.475523779029,0.363044041880,,,,,,,,0.242434940493,1.281000000000
34260,1.024685917924,1.019906593781,1.005609252068,0.981912875959,0.949005889020,0.907129734261,0.856551911594,0.797522081474,0.730197216646,0.654502283646,0.569833781225,0.474293713547,0.361957873179,,,,,,,,0.241806329355,1.280733333333
34320,1.022280759088,1.017512895149,1.003249762796,0.979609856732,0.946780789828,0.905002875528,0.854542165060,0.795646536959,0.728470807887,0.652937162970,0.568438082519,0.473067674305,0.360874930446,,,,,,,,0.241178699317,1.280466666667
34380,1.019883020843,1.015126584558,1.000897564305,0.977313967376,0.944562597854,0.902882642559,0.852538708341,0.793776897522,0.726749859891,0.651377024667,0.567046855060,0.471845538588,0.359795114851,,,,,,,,0.240552503808,1.280200000000
34440,1.017492680191,1.012747637110,0.998552629987,0.975025179828,0.942351283887,0.900769005356,0.850541510999,0.791913132779,0.725034361020,0.649821877400,0.565660135474,0.470627392485,0.358718382157,,,,,,,,0.239927895648,1.279933333333
34500,1.015109714188,1.010376026016,0.996214929449,0.972743460438,0.940146811451,0.898661925092,0.848550532290,0.790055200250,0.723324266589,0.648271672323,0.564277864521,0.469413139929,0.357644714626,,,,,,,,0.239304958267,1.279666666667
34560,1.012734099944,1.008011734382,0.993884451791,0.970468804182,0.937949181226,0.896561407989,0.846565783950,0.788203117489,0.721619601008,0.646726435716,0.562900063379,0.468202792209,0.356574104344,,,,,,,,0.238683744586,1.279400000000
34620,1.010365814622,1.005654739443,0.991561174470,0.968201188903,0.935758371630,0.894467433268,0.844587244068,0.786356841719,0.719920300333,0.645186101092,0.561526685553,0.466996328665,0.355506546717,,,,,,,,0.238064290922,1.279133333333
34680,1.008004835441,1.003305018490,0.989245074997,0.965940592503,0.933574361148,0.892379965469,0.842614855701,0.784516355490,0.718226386314,0.643650710962,0.560157736546,0.465793690265,0.354442039984,,,,,,,,0.237446623403,1.278866666667
34740,1.005651139676,1.000962548869,0.986936130946,0.963686992949,0.931397114979,0.890298977862,0.840648638870,0.782681663935,0.716537825117,0.642120183860,0.558793183711,0.464594932199,0.353380581275,,,,,,,,0.236830761402,1.278600000000
34800,1.003304704655,0.998627307986,0.984634319949,0.961440368270,0.929226609193,0.888224470880,0.838688574031,0.780852712124,0.714854594825,0.640594567914,0.557433017675,0.463399932455,0.352322166589,,,,,,,,0.236216719555,1.278333333333
34860,1.000965507765,0.996299273300,0.982339619697,0.959200677239,0.927062838526,0.886156424016,0.836734606183,0.779029507638,0.713176704967,0.639073790783,0.556077220799,0.462208778102,0.351266791752,,,,,,,,0.235604509037,1.278066666667
34920,0.998633526446,0.993978422329,0.980052007941,0.956967914253,0.924905781731,0.884094796224,0.834786745741,0.777212041463,0.711504090417,0.637557883256,0.554725769201,0.461021390105,0.350214453114,,,,,,,,0.234994138409,1.277800000000
34980,0.996308738199,0.991664732649,0.977771462493,0.954742060724,0.922755417629,0.882039573086,0.832844979207,0.775400251501,0.709836785476,0.636046789768,0.553378660897,0.459837781560,0.349165145510,,,,,,,,0.234385614208,1.277533333333
35040,0.993991120579,0.989358181894,0.975497951054,0.952523094935,0.920611705677,0.879990749115,0.830909259753,0.773594165300,0.708174736472,0.634540524255,0.552035857429,0.458657950901,0.348118861989,,,,,,,,0.233778941371,1.277266666667
35100,0.991680651200,0.987058747757,0.973231456764,0.950310995233,0.918474634766,0.877948304067,0.828979582189,0.771793750392,0.706517944748,0.633039047787,0.550697372807,0.457481835820,0.347075597026,,,,,,,,0.233174123544,1.277000000000
35160,0.989377307735,0.984766407988,0.970971962656,0.948105740027,0.916344193542,0.875912191177,0.827055940944,0.769998970249,0.704866395896,0.631542357897,0.549363153720,0.456309503146,0.346035344361,,,,,,,,0.232571163319,1.276733333333
35220,0.987081067915,0.982481140399,0.968719446785,0.945907297046,0.914220361086,0.873882408546,0.825138297073,0.768209839586,0.703220048861,0.630050432099,0.548033230383,0.455140841758,0.344998096602,,,,,,,,0.231970062414,1.276466666667
35280,0.984791909528,0.980202922859,0.966473887267,0.943715644203,0.912103116541,0.871858944639,0.823226630291,0.766426313368,0.701578925578,0.628563251919,0.546707534289,0.453975929807,0.343963844981,,,,,,,,0.231370821815,1.276200000000
35340,0.982509810423,0.977931733298,0.964235262278,0.941530771576,0.909992413476,0.869841779454,0.821320942668,0.764648380648,0.699942960510,0.627080811073,0.545386112033,0.452814704804,0.342932583133,,,,,,,,0.230773441889,1.275933333333
35400,0.980234748507,0.975667549706,0.962003550055,0.939352657828,0.907888253861,0.867830860378,0.819421202856,0.762876043299,0.698312179144,0.625603075427,0.544068879556,0.451657167207,0.341904302910,,,,,,,,0.230177922476,1.275666666667
35460,0.977966701750,0.973410350131,0.959778728900,0.937181281683,0.905790620105,0.865826198221,0.817527375987,0.761109243724,0.696686542670,0.624130054627,0.542755897181,0.450503333111,0.340878994636,,,,,,,,0.229584262959,1.275400000000
35520,0.975705648177,0.971160112686,0.957560777172,0.935016621928,0.903699491600,0.863827775275,0.815639471495,0.759347996589,0.695066035027,0.622661699198,0.541447073422,0.449353124415,0.339856650305,,,,,,,,0.228992462330,1.275133333333
35580,0.973451565876,0.968916814586,0.955349671413,0.932858654644,0.901614844197,0.861835567383,0.813757465365,0.757592285071,0.693450658883,0.621198034422,0.540142468526,0.448206617653,0.338837261618,,,,,,,,0.228402519239,1.274866666667
35640,0.971204432996,0.966680428460,0.953145379032,0.930707342450,0.899536636230,0.859849529080,0.811881308656,0.755842056644,0.691840357137,0.619738995779,0.538842002629,0.447063711750,0.337820818878,,,,,,,,0.227814432032,1.274600000000
35700,0.968964227743,0.964450939195,0.950947891607,0.928562683486,0.897464872184,0.857869670954,0.810011017907,0.754097334013,0.690235159892,0.618284623888,0.537545719413,0.445924466639,0.336807312146,,,,,,,,0.227228198795,1.274333333333
35760,0.966730928387,0.962228325143,0.948757187743,0.926424656787,0.895399531688,0.855895973375,0.808146574336,0.752358080508,0.688635010255,0.616834839470,0.536253556228,0.444788840267,0.335796733296,,,,,,,,0.226643817376,1.274066666667
35820,0.964504513257,0.960012564719,0.946573246110,0.924293241445,0.893340594425,0.853928405796,0.806287920977,0.750624269834,0.687039917979,0.615389691504,0.534965539879,0.443656812319,0.334789072647,,,,,,,,0.226061285418,1.273800000000
35880,0.962284960743,0.957803636396,0.944396045435,0.922168416613,0.891288029744,0.851966936457,0.804435075692,0.748895911634,0.685449860150,0.613949106236,0.533681625154,0.442528421452,0.333784318751,,,,,,,,0.225480600378,1.273533333333
35940,0.960072249296,0.955601518710,0.942225564508,0.920050161504,0.889241810184,0.850011569238,0.802588021675,0.747172956451,0.683864806240,0.612513120125,0.532401821675,0.441403566317,0.332782463656,,,,,,,,0.224901759547,1.273266666667
36000,0.957866357427,0.953406190258,0.940061782179,0.917938438464,0.887201933387,0.848062284712,0.800746709019,0.745455404251,0.682284773354,0.611081673608,0.531126101897,0.440282335478,0.331783497445,,,,,,,,0.224324760066,1.273000000000
36060,0.955667321204,0.951217919842,0.937905660818,0.915835368644,0.885172086425,0.846124749498,0.798919235996,0.743754126383,0.680723765586,0.609672552391,0.529876668513,0.439192787079,0.330826079862,,,,,,,,0.223748911316,1.272766666667
36120,0.953475176032,0.949036508546,0.935756303229,0.913738905374,0.883148629149,0.844193314590,0.797097554266,0.742058233734,0.679167761371,0.608267957898,0.528631272800,0.438106797013,0.329871496030,,,,,,,,0.223174433459,1.272533333333
36180,0.951289899542,0.946861934094,0.933613683832,0.911649027130,0.881131533805,0.842267976250,0.795281634874,0.740367734784,0.677616731009,0.606867873373,0.527389922000,0.437024291922,0.328919691883,,,,,,,,0.222601542857,1.272300000000
36240,0.949111469427,0.944694174274,0.931477775197,0.909565712447,0.879120769029,0.840348714434,0.793471443687,0.738682618214,0.676070637531,0.605472308236,0.526152569118,0.435945314298,0.327970648485,,,,,,,,0.222030311816,1.272066666667
36300,0.946939863448,0.942533206941,0.929348564614,0.907488939925,0.877116331575,0.838435505775,0.791666986560,0.737002836834,0.674529497541,0.604081199579,0.524919247205,0.434869794323,0.327024354339,,,,,,,,0.221460779330,1.271833333333
36360,0.944775059434,0.940379010019,0.927226030286,0.905418688228,0.875118200733,0.836528307704,0.789868244477,0.735328391408,0.672993267864,0.602694584464,0.523689882940,0.433797765629,0.326080805877,,,,,,,,0.220892969703,1.271600000000
36420,0.942617035281,0.938231561496,0.925110150482,0.903354923645,0.873126355856,0.834627126503,0.788075175426,0.733659274647,0.671461938751,0.601312409918,0.522464530557,0.432729167436,0.325139997560,,,,,,,,0.220326899203,1.271366666667
36480,0.940465768949,0.936090839427,0.923000903533,0.901297631375,0.871140776355,0.832731942358,0.786287772368,0.731995443415,0.669935513390,0.599934680170,0.521243102480,0.431664027196,0.324201925824,,,,,,,,0.219762579148,1.271133333333
36540,0.938321238468,0.933956821933,0.920898267839,0.899246796390,0.869161420882,0.830842735510,0.784506027795,0.730336891130,0.668413935397,0.598561383666,0.520025653711,0.430602294350,0.323266585939,,,,,,,,0.219200017548,1.270900000000
36600,0.936183421931,0.931829487202,0.918802221861,0.897202397604,0.867188286699,0.828959463361,0.782729920727,0.728683614351,0.666897222209,0.597192478943,0.518812113248,0.429543989446,0.322333972358,,,,,,,,0.218639220074,1.270666666667
36660,0.934052297500,0.929708813486,0.916712744126,0.895164413994,0.865221356601,0.827082123023,0.780959402745,0.727035573815,0.665385356041,0.595827992172,0.517602510959,0.428489071947,0.321404080676,,,,,,,,0.218080190679,1.270433333333
36720,0.931927843400,0.927594779103,0.914629813226,0.893132824596,0.863260610236,0.825210701186,0.779194487215,0.725392755939,0.663878289723,0.594467859701,0.516396801272,0.427437554461,0.320476903116,,,,,,,,0.217522932004,1.270200000000
36780,0.929810037924,0.925487362437,0.912553407814,0.891107608512,0.861306027314,0.823345178325,0.777435155526,0.723755160940,0.662376045344,0.593112107257,0.515194989346,0.426389406375,0.319552435704,,,,,,,,0.216967445664,1.269966666667
36840,0.927698859427,0.923386539034,0.910483500878,0.889088736464,0.859357576619,0.821485521597,0.775681373450,0.722122753234,0.660878585465,0.591760701466,0.513997054848,0.425344631507,0.318630668733,,,,,,,,0.216413732457,1.269733333333
36900,0.925594286333,0.921292286964,0.908420070318,0.887076186377,0.857415236288,0.819631709529,0.773933120065,0.720495512570,0.659385890506,0.590413623155,0.512802978518,0.424303209269,0.317711597965,,,,,,,,0.215861792513,1.269500000000
36960,0.923496297127,0.919204588178,0.906363101654,0.885069947364,0.855478999000,0.817783738339,0.772190395181,0.718873442631,0.657897968813,0.589070883871,0.511612764983,0.423265134016,0.316795213972,,,,,,,,0.215311625413,1.269266666667
37020,0.921404870360,0.917123421318,0.904312573793,0.883069998770,0.853548844703,0.815941588735,0.770453180417,0.717256511325,0.656414769436,0.587732419965,0.510426370795,0.422230395417,0.315881510370,,,,,,,,0.214763230276,1.269033333333
37080,0.919319984649,0.915048765088,0.902268465706,0.881076320003,0.851624753405,0.814105237274,0.768721428347,0.715644692069,0.654936300411,0.586398268993,0.509243825235,0.421198977792,0.314970478907,,,,,,,,0.214216605833,1.268800000000
37140,0.917241618671,0.912980598257,0.900230756425,0.879088890529,0.849706703553,0.812274644609,0.766995145416,0.714037991831,0.653462553246,0.585068378915,0.508065060884,0.420170881391,0.314062111022,,,,,,,,0.213671750479,1.268566666667
37200,0.915169751171,0.910918899655,0.898199425045,0.877107689878,0.847794655091,0.810449816130,0.765274317934,0.712436381841,0.651993472884,0.583742753853,0.506890130711,0.419146079981,0.313156399885,,,,,,,,0.213128662324,1.268333333333
37260,0.913104360955,0.908863648178,0.896174450725,0.875132692733,0.845888610120,0.808630732775,0.763558918598,0.710839829521,0.650529085633,0.582421382510,0.505718945512,0.418124584761,0.312253334700,,,,,,,,0.212587339228,1.268100000000
37320,0.911045426894,0.906814822783,0.894155812683,0.873163870667,0.843988548885,0.806817375540,0.761848914249,0.709248344967,0.649069358584,0.581104225199,0.504551568481,0.417106358462,0.311352909593,,,,,,,,0.212047778832,1.267866666667
37380,0.908992927920,0.904772402492,0.892143490201,0.871201216466,0.842094451690,0.805009701719,0.760144311164,0.707661902564,0.647614264787,0.579791307973,0.503387923088,0.416091423636,0.310455113512,,,,,,,,0.211509978585,1.267633333333
37440,0.906946843029,0.902736366387,0.890137462622,0.869244709900,0.840206298897,0.803207711703,0.758445091343,0.706080464083,0.646163816658,0.578482567505,0.502228049005,0.415079731510,0.309559939281,,,,,,,,0.210973935767,1.267400000000
37500,0.904907151281,0.900706693614,0.888137701070,0.867294330802,0.838324055037,0.801411391262,0.756751214095,0.704504042587,0.644717967612,0.577178031975,0.501071893411,0.414071316407,0.308667377406,,,,,,,,0.210439647505,1.267166666667
37560,0.902873831798,0.898683363382,0.886144189555,0.865350059064,0.836447709301,0.799620721621,0.755062673982,0.702932615463,0.643276718823,0.575877666513,0.499919472692,0.413066117594,0.307777418301,,,,,,,,0.209907110793,1.266933333333
37620,0.900846863762,0.896666354961,0.884156911402,0.863411874639,0.834577249520,0.797835668992,0.753379463598,0.701366139168,0.641840068819,0.574581456097,0.498770757447,0.412064181601,0.306890054560,,,,,,,,0.209376322503,1.266700000000
37680,0.898826226421,0.894655647682,0.882175846201,0.861479755715,0.832712656291,0.796056216824,0.751701561756,0.699804629574,0.640407957349,0.573289409167,0.497625741019,0.411065435279,0.306005274067,,,,,,,,0.208847279400,1.266466666667
37740,0.896811899082,0.892651220940,0.880200973603,0.859553668399,0.830853910268,0.794282359587,0.750028924657,0.698248066916,0.638980413712,0.572001467856,0.496484417146,0.410069937805,0.305123070491,,,,,,,,0.208319978148,1.266233333333
37800,0.894803861116,0.890653054190,0.878232273317,0.857633608700,0.829000984979,0.792514078730,0.748361564246,0.696696402664,0.637557408546,0.570717667920,0.495346756374,0.409077603164,0.304243432663,,,,,,,,0.207794415304,1.266000000000
37860,0.892802144576,0.888661396961,0.876270644866,0.855721549218,0.827157326542,0.790756696823,0.746707059181,0.695159881659,0.636152171516,0.569454754775,0.494233888111,0.408115525024,0.303404557922,,,,,,,,0.207269929719,1.265800000000
37920,0.890806780917,0.886676061764,0.874315246404,0.853815567880,0.825319536911,0.789004898877,0.745057837523,0.693628292914,0.634751468849,0.568195931585,0.493124618089,0.407156571797,0.302568191803,,,,,,,,0.206746734001,1.265600000000
37980,0.888817748703,0.884697027262,0.872366056875,0.851915644095,0.823487596139,0.787258686977,0.743413868832,0.692101597249,0.633355275855,0.566941199887,0.492018992656,0.406200769397,0.301734285985,,,,,,,,0.206225034778,1.265400000000
38040,0.886835026569,0.882724272183,0.870423055288,0.850021757338,0.821661484344,0.785518042051,0.741775155247,0.690579789730,0.631963556946,0.565690503699,0.490916959201,0.405248098981,0.300902822926,,,,,,,,0.205704900521,1.265200000000
38100,0.884858593215,0.880757775321,0.868486220721,0.848133887149,0.819841181703,0.783782945088,0.740141678733,0.689062863754,0.630576325721,0.564443865904,0.489818520093,0.404298518338,0.300073795944,,,,,,,,0.205186367833,1.265000000000
38160,0.882888427412,0.878797514977,0.866555531200,0.846252011490,0.818026666319,0.782053374524,0.738513418240,0.687550798927,0.629193562502,0.563201272593,0.488723681012,0.403352072201,0.299247202771,,,,,,,,0.204669459289,1.264800000000
38220,0.880924507995,0.876843466124,0.864630958112,0.844376098501,0.816217903465,0.780329293128,0.736890334277,0.686043553439,0.627815222401,0.561962673242,0.487632377658,0.402408655056,0.298423040607,,,,,,,,0.204154189823,1.264600000000
38280,0.878966813867,0.874895612305,0.862712489721,0.842506141164,0.814414890780,0.778610703146,0.735272433771,0.684541139340,0.626441323861,0.560728095877,0.486544655663,0.401468358918,0.297601306358,,,,,,,,0.203640569667,1.264400000000
38340,0.877015323999,0.872953932581,0.860800105369,0.840642119278,0.812617608699,0.776897585815,0.733659698935,0.683043539994,0.625071851577,0.559497510845,0.485460461485,0.400531072664,0.296781995957,,,,,,,,0.203128605923,1.264200000000
38400,0.875070017427,0.871018406084,0.858893784460,0.838784012707,0.810826037717,0.775189922435,0.732052112045,0.681550721472,0.623706753031,0.558270888713,0.484379796850,0.399596865130,0.295965104646,,,,,,,,0.202618303491,1.264000000000
38460,0.873130873254,0.869089012008,0.856993506467,0.836931801379,0.809040158393,0.773487691672,0.730449629365,0.680062670031,0.622346049914,0.557048246804,0.483302666727,0.398665677099,0.295150628757,,,,,,,,0.202109665651,1.263800000000
38520,0.871197870651,0.867165729615,0.855099250927,0.835085465286,0.807259951351,0.771790857022,0.728852258029,0.678579383916,0.620989727504,0.555829544874,0.482229007518,0.397737514559,0.294338563106,,,,,,,,0.201602694458,1.263600000000
38580,0.869270988853,0.865248538233,0.853210997443,0.833244984485,0.805485380734,0.770099420705,0.727259981950,0.677100846723,0.619637738053,0.554614774753,0.481158864869,0.396812382707,0.293528902090,,,,,,,,0.201097391008,1.263400000000
38640,0.867350207161,0.863337417256,0.851328725681,0.831410339096,0.803716441396,0.768413364268,0.725672783646,0.675627011035,0.618290094177,0.553403943111,0.480092185266,0.395890224342,0.292721639628,,,,,,,,0.200593755635,1.263200000000
38700,0.865435504943,0.861432346141,0.849452415374,0.829581497818,0.801953116678,0.766732669324,0.724090624140,0.674157891004,0.616946785765,0.552196999192,0.479028972236,0.394971108729,0.291916768171,,,,,,,,0.200091788057,1.263000000000
38760,0.863526861633,0.859533304415,0.847582046320,0.827758449386,0.800195387453,0.765057314585,0.722513501982,0.672693471117,0.615607769681,0.550993956314,0.477969230061,0.394054915295,0.291114282481,,,,,,,,0.199591487483,1.262800000000
38820,0.861624256729,0.857640271666,0.845717598379,0.825941177183,0.798443234658,0.763387264629,0.720941405626,0.671233722011,0.614273049786,0.549794809591,0.476912897552,0.393141749576,0.290314175719,,,,,,,,0.199092852695,1.262600000000
38880,0.859727669796,0.855753227549,0.843859051478,0.824129661584,0.796696639292,0.761722521470,0.719374317826,0.669778622306,0.612942620443,0.548599500671,0.475860020180,0.392231510298,0.289516440824,,,,,,,,0.198595882120,1.262400000000
38940,0.857837080462,0.853872151784,0.842006379380,0.822323883028,0.794955570436,0.760063066964,0.717812204132,0.668328174411,0.611616443001,0.547408061653,0.474810544024,0.391324252334,0.288721070539,,,,,,,,0.198100573879,1.262200000000
39000,0.855952468421,0.851997024155,0.840159564860,0.820523822018,0.793220014442,0.758408883026,0.716255054931,0.666882362272,0.610294512896,0.546220467155,0.473764475378,0.390419933371,0.287928056573,,,,,,,,0.197606925829,1.262000000000
39060,0.854073813434,0.850127824513,0.838318591594,0.818729459118,0.791489959341,0.756759948237,0.714702862994,0.665441142894,0.608976828842,0.545036680899,0.472721816638,0.389518545435,0.287137391637,,,,,,,,0.197114935602,1.261800000000
39120,0.852201095323,0.848264532770,0.836483439764,0.816940774959,0.789765386380,0.755116228593,0.713155611297,0.664004523002,0.607663356545,0.543856724195,0.471682509843,0.388620109147,0.286349068570,,,,,,,,0.196624600632,1.261600000000
39180,0.850334293977,0.846407128905,0.834654089617,0.815157743231,0.788046276869,0.753477725724,0.711613269698,0.662572491126,0.606354083339,0.542680560968,0.470646599547,0.387724553698,0.285563079523,,,,,,,,0.196135918177,1.261400000000
39240,0.848473389350,0.844555592961,0.832830521463,0.813380344460,0.786332612178,0.751844421783,0.710075820837,0.661145021841,0.605049012156,0.541508177116,0.469614030677,0.386831960592,0.284779416540,,,,,,,,0.195648885344,1.261200000000
39300,0.846618361458,0.842709905043,0.831012715677,0.811608566763,0.784624365969,0.750216298981,0.708543261586,0.659722087321,0.603748112930,0.540339583105,0.468584813105,0.385942202166,0.283998071560,,,,,,,,0.195163499102,1.261000000000
39360,0.844769190382,0.840870045324,0.829200652695,0.809842391019,0.782921516781,0.748593335591,0.707015575140,0.658303693541,0.602451365197,0.539174732103,0.467558946109,0.385055385560,0.283219035230,,,,,,,,0.194679756301,1.260800000000
39420,0.842925856269,0.839035994036,0.827394313019,0.808081798171,0.781224056981,0.746975499350,0.705492735452,0.656889824809,0.601158775972,0.538013632275,0.466536375803,0.384171415984,0.282442300345,,,,,,,,0.194197653681,1.260600000000
39480,0.841088339327,0.837207731479,0.825593677212,0.806326769223,0.779531968183,0.745362791333,0.703974717831,0.655480441982,0.599870319274,0.536856283177,0.465517145142,0.383290338482,0.281667858781,,,,,,,,0.193717187886,1.260400000000
39540,0.839256619829,0.835385238014,0.823798725902,0.804577285240,0.777845232061,0.743755193982,0.702461523043,0.654075545560,0.598585967136,0.535702627152,0.464501197238,0.382412120341,0.280895702168,,,,,,,,0.193238355473,1.260200000000
39600,0.837430678113,0.833568494066,0.822009439778,0.802833327351,0.776163830349,0.742152689799,0.700953134502,0.652675127559,0.597305730515,0.534552694717,0.463488546441,0.381536744559,0.280125822074,,,,,,,,0.192761152944,1.260000000000
39660,0.835610446499,0.831757227127,0.820224937580,0.801093009821,0.774484489227,0.740550246575,0.699442400973,0.651269554070,0.596017095326,0.533390588778,0.462459129128,0.380638285875,0.279320389089,,,,,,,,0.192286206588,1.259766666667
39720,0.833795857975,0.829951572926,0.818445965097,0.799358087565,0.772810359539,0.738952784301,0.697936374718,0.649868375104,0.594732507597,0.532232154268,0.461432983023,0.379742667002,0.278517243407,,,,,,,,0.191813302825,1.259533333333
39780,0.831986893965,0.828151516758,0.816672511569,0.797628553781,0.771141438410,0.737360304014,0.696435060790,0.648471600155,0.593451982466,0.531077415055,0.460410133702,0.378849919572,0.277716414147,,,,,,,,0.191342236349,1.259300000000
39840,0.830183535949,0.826357040180,0.814904558791,0.795904390650,0.769477708561,0.735772789117,0.694938443413,0.647079204013,0.592175477753,0.529926307079,0.459390524366,0.377960007423,0.276917895071,,,,,,,,0.190872934466,1.259066666667
39900,0.828385765464,0.824568124811,0.813142088613,0.794185580413,0.767819152769,0.734190221074,0.693446482835,0.645691156952,0.590902994335,0.528778867886,0.458374199934,0.377072945991,0.276121673053,,,,,,,,0.190405354940,1.258833333333
39960,0.826593564107,0.822784752322,0.811385082941,0.792472105364,0.766165753528,0.732612561522,0.691959180931,0.644307469757,0.589634532041,0.527635054721,0.457361085173,0.376188719663,0.275327733210,,,,,,,,0.189939468863,1.258600000000
40020,0.824806913529,0.821006904442,0.809633523740,0.790763947852,0.764517473310,0.731039818008,0.690476528694,0.642928118553,0.588370036303,0.526494866772,0.456351240998,0.375307322781,0.274536057266,,,,,,,,0.189475254545,1.258366666667
40080,0.823025795436,0.819234562959,0.807887393027,0.789061086276,0.762874315901,0.729471974147,0.688998502982,0.641553071586,0.587109535481,0.525358299792,0.455344584254,0.374428758279,0.273746630964,,,,,,,,0.189012694704,1.258133333333
40140,0.821250191595,0.817467709713,0.806146672878,0.787363495048,0.761236264292,0.727909013605,0.687525073047,0.640182340799,0.585853000697,0.524225315005,0.454341175267,0.373552998379,0.272959440024,,,,,,,,0.188551774964,1.257900000000
40200,0.819480083824,0.815706326603,0.804411345421,0.785671168811,0.759603301528,0.726350898664,0.686056246358,0.638815903520,0.584600407295,0.523095940724,0.453340943627,0.372680065425,0.272174467631,,,,,,,,0.188092482978,1.257666666667
40260,0.817715454002,0.813950395583,0.802681392843,0.783984090133,0.757975410708,0.724797630420,0.684592007501,0.637453726233,0.583351768852,0.521970117512,0.452343931265,0.371809909583,0.271391701546,,,,,,,,0.187634807873,1.257433333333
40320,0.815956284061,0.812199898663,0.800956789628,0.782302241636,0.756352560016,0.723249196926,0.683132319432,0.636095821911,0.582107041923,0.520847875781,0.451350085957,0.370942573666,0.270611128857,,,,,,,,0.187178739884,1.257200000000
40380,0.814202555989,0.810454817909,0.799237522818,0.780625605997,0.754734741810,0.721705582058,0.681677180091,0.634742168963,0.580866231771,0.519729180742,0.450359431347,0.370077985727,0.269832734096,,,,,,,,0.186724270102,1.256966666667
40440,0.812454251832,0.808715135443,0.797523577828,0.778954165946,0.753121945260,0.720166754454,0.680226582782,0.633392732375,0.579629334199,0.518614025311,0.449371933084,0.369216209928,0.269056506218,,,,,,,,0.186271390288,1.256733333333
40500,0.810711353690,0.806980833440,0.795814937061,0.777287901246,0.751514153674,0.718632703317,0.678780506568,0.632047526033,0.578396300278,0.517502412255,0.448387596749,0.368357151965,0.268282433303,,,,,,,,0.185820092744,1.256500000000
40560,0.808973843718,0.805251894134,0.794111582981,0.775626784971,0.749911350418,0.717103422863,0.677338917779,0.630706529304,0.577167156096,0.516394297267,0.447406405616,0.367500898082,0.267510500915,,,,,,,,0.185370370212,1.256266666667
40620,0.807241704127,0.803528299811,0.792413498101,0.773970812879,0.748313510052,0.715578897176,0.675901825693,0.629369705942,0.575941870783,0.515289711934,0.446428347475,0.366647331255,0.266740698435,,,,,,,,0.184922215797,1.256033333333
40680,0.805514917184,0.801810032814,0.790720664991,0.772319967915,0.746720613187,0.714059100987,0.674469215267,0.628037070620,0.574720425648,0.514188600142,0.445453423008,0.365796560457,0.265973014743,,,,,,,,0.184475622905,1.255800000000
40740,0.803793465211,0.800097075541,0.789033066277,0.770674233079,0.745132655158,0.712544012136,0.673041051564,0.626708603540,0.573502831819,0.513090986849,0.444481602493,0.364948445508,0.265207436309,,,,,,,,0.184030585200,1.255566666667
40800,0.802077330584,0.798389410444,0.787350684636,0.769033591426,0.743549619540,0.711033630738,0.671617329813,0.625384267468,0.572289043654,0.511996842749,0.443512903808,0.364103108614,0.264443952324,,,,,,,,0.183587096561,1.255333333333
40860,0.800366495734,0.796687020029,0.785673502802,0.767398026063,0.741971489961,0.709527941089,0.670198045038,0.624064077739,0.571079072647,0.510906156059,0.442547279997,0.363260416245,0.263682552426,,,,,,,,0.183145151056,1.255100000000
40920,0.798660943148,0.794989886052,0.784001501963,0.765767517790,0.740398247015,0.708026923751,0.668783177923,0.622748015254,0.569872908656,0.509818934098,0.441584765920,0.362420472220,0.262923223992,,,,,,,,0.182704742915,1.254866666667
40980,0.796960655366,0.793297987420,0.782334657617,0.764142038975,0.738829860247,0.706530545723,0.667372693072,0.621436042034,0.568670510122,0.508735128656,0.440625297665,0.361583164983,0.262165955492,,,,,,,,0.182265866507,1.254633333333
41040,0.795265614984,0.791611311345,0.780672961653,0.762521586169,0.737266330816,0.705038812763,0.665966600994,0.620128173937,0.567471899807,0.507654773267,0.439668926848,0.360748574524,0.261410737370,,,,,,,,0.181828516325,1.254400000000
41100,0.793575804651,0.789929840552,0.779016397019,0.760906142691,0.735707642564,0.703551709378,0.664564887023,0.618824392435,0.566277043776,0.506577813884,0.438715572869,0.359916613460,0.260657557995,,,,,,,,0.181392686973,1.254166666667
41160,0.791891207073,0.788253557820,0.777364946718,0.759295691917,0.734153779383,0.702069220129,0.663167517744,0.617524659033,0.565085930950,0.505504271827,0.437765298990,0.359087337426,0.259906404617,,,,,,,,0.180958373149,1.253933333333
41220,0.790211805006,0.786582445982,0.775718593807,0.757690217274,0.732604725220,0.700591306422,0.661774486846,0.616228989981,0.563898568917,0.504434121149,0.436818022857,0.358260683764,0.259157268601,,,,,,,,0.180525569637,1.253700000000
41280,0.788537581264,0.784916487925,0.774077321395,0.756089702244,0.731060446258,0.699117974662,0.660385790485,0.614937367189,0.562714908759,0.503367347274,0.435873801288,0.357436683219,0.258410139059,,,,,,,,0.180094271302,1.253466666667
41340,0.786868518712,0.783255666589,0.772441112646,0.754494128358,0.729520942108,0.697649211148,0.659001410388,0.613649751877,0.561534969845,0.502303960047,0.434932564881,0.356615298410,0.257665002668,,,,,,,,0.179664473074,1.253233333333
41400,0.785204600272,0.781599964968,0.770809950777,0.752903467873,0.727986199224,0.696185000652,0.657621310554,0.612366160557,0.560358734141,0.501243909310,0.433994354346,0.355796534645,0.256921850735,,,,,,,,0.179236169897,1.253000000000
41460,0.783545897032,0.779949836358,0.769185429212,0.751321215953,0.726462308032,0.694734733176,0.656258925121,0.611104705663,0.559209790980,0.500217350876,0.433097406554,0.355030486390,0.256256551548,,,,,,,,0.178808146138,1.252833333333
41520,0.781892479033,0.778304965957,0.767566085186,0.749744008642,0.724943278388,0.693289090603,0.654900898429,0.609847279957,0.558064554350,0.499194122014,0.432203399992,0.354267018192,0.255593160195,,,,,,,,0.178380806609,1.252666666667
41580,0.780244327708,0.776665335290,0.765951900497,0.748171828191,0.723429093170,0.691848063317,0.653547215136,0.608593882917,0.556923011245,0.498174196872,0.431312344926,0.353506015533,0.254931602293,,,,,,,,0.177954534361,1.252500000000
41640,0.778601424555,0.775030925946,0.764342852032,0.746604656911,0.721919725696,0.690411635064,0.652197845931,0.607344505797,0.555785128900,0.497157589529,0.430424193491,0.352747567137,0.254271868219,,,,,,,,0.177529456633,1.252333333333
41700,0.776963751137,0.773401719579,0.762738924347,0.745042477179,0.720415164062,0.688979789648,0.650852782995,0.606099134472,0.554650904820,0.496144286622,0.429538954242,0.351991619340,0.253613962900,,,,,,,,0.177105641989,1.252166666667
41760,0.775331289079,0.771777697904,0.761140101810,0.743485271433,0.718915395933,0.687552510934,0.649512017857,0.604857740858,0.553520335564,0.495134242345,0.428656633501,0.351238121495,0.252957893128,,,,,,,,0.176683133345,1.252000000000
41820,0.773704020075,0.770158842705,0.759546366472,0.741933022176,0.717420404435,0.686129770065,0.648175535395,0.603620314730,0.552393408198,0.494127480738,0.427777178993,0.350487128476,0.252303664536,,,,,,,,0.176261959738,1.251833333333
41880,0.772081925879,0.768545135827,0.757957700450,0.740385711970,0.715930172756,0.684711559313,0.646843320545,0.602386852395,0.551270080962,0.493123989988,0.426900604670,0.349738555612,0.251651280573,,,,,,,,0.175842141737,1.251666666667
41940,0.770464988310,0.766936559180,0.756374085923,0.738843315090,0.714444684146,0.683297867286,0.645515342326,0.601157339916,0.550150370145,0.492123729229,0.426026912717,0.348992426753,0.251000744470,,,,,,,,0.175423694323,1.251500000000
42000,0.768853189251,0.765333094736,0.754795505132,0.737305820245,0.712963921915,0.681888678085,0.644191597277,0.599931754234,0.549034262958,0.491126707302,0.425156047102,0.348248766222,0.250352057314,,,,,,,,0.175006628580,1.251333333333
42060,0.767246510650,0.763734724531,0.753221940382,0.735773212571,0.711487864795,0.680483975866,0.642872075045,0.598710075767,0.547921737028,0.490132920438,0.424288028634,0.347507457310,0.249705218992,,,,,,,,0.174590952758,1.251166666667
42120,0.765644934517,0.762141430667,0.751653374043,0.734245474880,0.710016491541,0.679083744841,0.641556760775,0.597492305684,0.546812769879,0.489142337400,0.423422856409,0.346768597032,0.249060228378,,,,,,,,0.174176672981,1.251000000000
42180,0.764048442926,0.760553195307,0.750089788544,0.732722590046,0.708549795022,0.677687954486,0.640245639664,0.596278430210,0.545707368132,0.488154947358,0.422560471400,0.346032141160,0.248417083494,,,,,,,,0.173763793729,1.250833333333
42240,0.762457018014,0.758970000675,0.748531166378,0.731204541006,0.707087758787,0.676296601663,0.638938678957,0.595068431111,0.544605519021,0.487170756213,0.421700902082,0.345298044791,0.247775781640,,,,,,,,0.173352318188,1.250666666667
42300,0.760870641981,0.757391829063,0.746977490102,0.729691310756,0.705630366447,0.674909673089,0.637635879712,0.593862279768,0.543507190669,0.486189742394,0.420844144642,0.344566371243,0.247136319508,,,,,,,,0.172942248511,1.250500000000
42360,0.759289297090,0.755818662821,0.745428742333,0.728182882355,0.704177601668,0.673527153202,0.636337229591,0.592659982002,0.542412379840,0.485211875908,0.419990137053,0.343837041018,0.246498693265,,,,,,,,0.172533586003,1.250333333333
42420,0.757712965666,0.754250484365,0.743884905751,0.726679238921,0.702729448179,0.672149026493,0.635042713986,0.591461524166,0.541321083491,0.484237172345,0.419138915695,0.343110081399,0.245862898632,,,,,,,,0.172126331276,1.250166666667
42480,0.756141630100,0.752687276171,0.742345963097,0.725180363635,0.701285889764,0.670775277509,0.633752318329,0.590266892648,0.540233288904,0.483265619795,0.418290473649,0.342385520500,0.245228930944,,,,,,,,0.171720484359,1.250000000000
42540,0.754575272841,0.751129017199,0.740811890081,0.723686229245,0.699846896516,0.669405873939,0.632466007981,0.589076050118,0.539148954755,0.482297169527,0.417444745653,0.341663242818,0.244596784182,,,,,,,,0.171316044794,1.249833333333
42600,0.753013876403,0.749575693648,0.739282676695,0.722196829591,0.698412466149,0.668040817421,0.631183788668,0.587889006858,0.538068097107,0.481331846756,0.416601776102,0.340943348251,0.243966454054,,,,,,,,0.170913011704,1.249666666667
42660,0.751457423362,0.748027288180,0.737758305866,0.720712148034,0.696982582622,0.666680092660,0.629905645959,0.586705749349,0.536990703332,0.480369639790,0.415761550805,0.340225792587,0.243337935012,,,,,,,,0.170511383860,1.249500000000
42720,0.749905896354,0.746483783521,0.736238760579,0.719232167993,0.695557229948,0.665323684412,0.628631565461,0.585526264104,0.535916751155,0.479410509558,0.414924012743,0.339510533058,0.242711221286,,,,,,,,0.170111159722,1.249333333333
42780,0.748359278079,0.744945162458,0.734724023882,0.717756872945,0.694136392199,0.663971577485,0.627361530426,0.584350518400,0.534846218943,0.478454462722,0.414089202714,0.338797633481,0.242086306906,,,,,,,,0.169712337487,1.249166666667
42840,0.746817551298,0.743411407837,0.733214078884,0.716286246428,0.692720053502,0.662623754307,0.626095511430,0.583178513858,0.533779113057,0.477501497170,0.413257102812,0.338087012846,0.241463185727,,,,,,,,0.169314915118,1.249000000000
42900,0.745280698834,0.741882502569,0.731708908752,0.714820272038,0.691308198038,0.661280187949,0.624833511814,0.582010241424,0.532715421041,0.476551583341,0.412427664397,0.337378701841,0.240841851449,,,,,,,,0.168918890374,1.248833333333
42960,0.743748703569,0.740358429623,0.730208496715,0.713358933429,0.689900800797,0.659940877710,0.623575517359,0.580845687758,0.531655111119,0.475604709642,0.411600924461,0.336672725734,0.240222297634,,,,,,,,0.168524260835,1.248666666667
43020,0.742221548448,0.738839172031,0.728712826062,0.711902214312,0.688497851077,0.658605808595,0.622321513886,0.579684824598,0.530598181387,0.474660883377,0.410776861178,0.335968972272,0.239604517718,,,,,,,,0.168131023923,1.248500000000
43080,0.740699216477,0.737324712882,0.727221880139,0.710450095919,0.687099337528,0.657274965662,0.621071482376,0.578527645261,0.529544628548,0.473720084330,0.409955434459,0.335267540374,0.238988504864,,,,,,,,0.167739176917,1.248333333333
43140,0.739181690721,0.735815035330,0.725735642355,0.709002556905,0.685705244551,0.655948334014,0.619825398783,0.577374145012,0.528494439508,0.472782282935,0.409136677306,0.334568382951,0.238374251432,,,,,,,,0.167348716974,1.248166666667
43200,0.737668954308,0.734310122586,0.724254096175,0.707559588913,0.684315556598,0.654625893853,0.618583263984,0.576224310681,0.527447575541,0.471847495745,0.408320563800,0.333871462222,0.237761751564,,,,,,,,0.166959641121,1.248000000000
43260,0.736161030636,0.732810176876,0.722777977467,0.706122812305,0.682933117388,0.653312040779,0.617351364247,0.575086645392,0.526415184854,0.470929956368,0.407525270290,0.333200926533,0.237188865550,,,,,,,,0.166571364477,1.247866666667
43320,0.734657942653,0.731315041190,0.721306592218,0.704690643048,0.681555111977,0.652002403537,0.616123421464,0.573952629113,0.525386128277,0.470015376098,0.406732588557,0.332532600394,0.236617678901,,,,,,,,0.166184084353,1.247733333333
43380,0.733159672902,0.729824698163,0.719839923339,0.703263064506,0.680181524343,0.650696966857,0.614899421236,0.572822260882,0.524360393465,0.469103758648,0.405942509076,0.331866454838,0.236048155719,,,,,,,,0.165797984124,1.247600000000
43440,0.731666203992,0.728339130498,0.718377949831,0.701840060103,0.678812330801,0.649395715524,0.613679337871,0.571695527316,0.523337951853,0.468195100248,0.405154990693,0.331202533278,0.235480291028,,,,,,,,0.165413123673,1.247466666667
43500,0.730177518596,0.726858320958,0.716920657222,0.700421613323,0.677447520276,0.648098634373,0.612463164165,0.570572415081,0.522318801374,0.467289389945,0.404370043545,0.330540818533,0.234914088663,,,,,,,,0.165029534567,1.247333333333
43560,0.728693599451,0.725382252372,0.715468030123,0.699007707711,0.676087079850,0.646805708296,0.611250890176,0.569452908678,0.521302936027,0.466386596521,0.403587669902,0.329881223859,0.234349550397,,,,,,,,0.164647235990,1.247200000000
43620,0.727214429360,0.723910907634,0.714020051698,0.697598326872,0.674730993726,0.645516921206,0.610042501703,0.568336980895,0.520290343683,0.465486720733,0.402807856435,0.329223820707,0.233786674096,,,,,,,,0.164266240410,1.247066666667
43680,0.725739991188,0.722444269699,0.712576705171,0.696193454470,0.673379246165,0.644232247149,0.608837984594,0.567224634823,0.519281008530,0.464589760485,0.402030556436,0.328568599544,0.233225462099,,,,,,,,0.163886556185,1.246933333333
43740,0.724270267864,0.720982321587,0.711137973829,0.694793074228,0.672031821482,0.642951683205,0.607637324751,0.566115857331,0.518274903743,0.463695704933,0.401255800095,0.327915485309,0.232665913622,,,,,,,,0.163508188953,1.246800000000
43800,0.722805242382,0.719525046380,0.709703841019,0.693397164731,0.670688704050,0.641675214473,0.606440498086,0.565010635344,0.517272035950,0.462804524438,0.400483577413,0.327264514126,0.232108025106,,,,,,,,0.163131142443,1.246666666667
43860,0.721344897797,0.718072427222,0.708274290151,0.692005712243,0.669349878296,0.640402826107,0.605247495271,0.563908955835,0.516272393213,0.461916216874,0.399713859506,0.326615699591,0.231551793727,,,,,,,,0.162755418994,1.246533333333
43920,0.719889217227,0.716624447321,0.706849304695,0.690618703476,0.668015328703,0.639134503312,0.604058307791,0.562810789113,0.515275963632,0.461030781587,0.398946630941,0.325968995009,0.230997218108,,,,,,,,0.162381019888,1.246400000000
43980,0.718438183853,0.715181089945,0.705428868180,0.689236122387,0.666685033396,0.637870231344,0.602872921751,0.561716137472,0.514282721730,0.460148207783,0.398181906611,0.325324382610,0.230444294326,,,,,,,,0.162007945592,1.246266666667
44040,0.716991780919,0.713742338426,0.704012964199,0.687857952993,0.665358979397,0.636609995516,0.601691323305,0.560624989587,0.513292660807,0.459268467302,0.397419676891,0.324681904105,0.229893015469,,,,,,,,0.161636195925,1.246133333333
44100,0.715549991729,0.712308176154,0.702601576400,0.686484179367,0.664037155389,0.635353771009,0.600513498658,0.559537332624,0.512305777634,0.458391555430,0.396659897718,0.324041540444,0.229343380358,,,,,,,,0.161265770183,1.246000000000
44160,0.714112799650,0.710878586584,0.701194688496,0.685114785640,0.662719546074,0.634101550835,0.599339425182,0.558453153795,0.511322060457,0.457517472943,0.395902585350,0.323403219565,0.228795384371,,,,,,,,0.160896667232,1.245866666667
44220,0.712680188110,0.709453553230,0.699792284256,0.683749756001,0.661406136212,0.632853323103,0.598169091719,0.557372427399,0.510341496117,0.456646209212,0.395147739422,0.322767010857,0.228249020066,,,,,,,,0.160528885583,1.245733333333
44280,0.711252140598,0.708033059665,0.698394347509,0.682389074695,0.660096910617,0.631609073335,0.597002491035,0.556295148593,0.509364053832,0.455777737552,0.394395343901,0.322132907163,0.227704283946,,,,,,,,0.160162423445,1.245600000000
44340,0.709828640663,0.706617089526,0.697000862144,0.681032726026,0.658791854156,0.630368787103,0.595839609534,0.555221309890,0.508389742595,0.454912050976,0.393645359821,0.321500828266,0.227161171737,,,,,,,,0.159797278777,1.245466666667
44400,0.708409671915,0.705205626506,0.695611812107,0.679680694352,0.657490951753,0.629132450032,0.594680433670,0.554150898679,0.507418550818,0.454049151656,0.392897814805,0.320870824789,0.226619676615,,,,,,,,0.159433449316,1.245333333333
44460,0.706995218025,0.703798654361,0.694227181404,0.678332964091,0.656194188384,0.627900047799,0.593524949945,0.553083902395,0.506450466956,0.453189029183,0.392152699852,0.320242905046,0.226079792219,,,,,,,,0.159070932616,1.245200000000
44520,0.705585262723,0.702396155522,0.692846951358,0.676989515654,0.654901543746,0.626671559546,0.592373137032,0.552020299155,0.505485468097,0.452331658276,0.391409983387,0.319617015680,0.225541515089,,,,,,,,0.158709726066,1.245066666667
44580,0.704179789798,0.700998113987,0.691471106334,0.675650333931,0.653613003396,0.625446971635,0.591224982223,0.550960077301,0.504523543780,0.451477029919,0.390669658445,0.318993153448,0.225004839150,,,,,,,,0.158349826911,1.244933333333
44640,0.702778783101,0.699604514959,0.690099633035,0.674315407244,0.652328557384,0.624226275957,0.590080479411,0.549903233016,0.503564693088,0.450625147582,0.389931736989,0.318371353751,0.224469755422,,,,,,,,0.157991232275,1.244800000000
44700,0.701382226540,0.698215342430,0.688732515698,0.672984720233,0.651048190903,0.623009458394,0.588939615291,0.548849753917,0.502608904664,0.449776001077,0.389196210239,0.317751590001,0.223936261345,,,,,,,,0.157633939170,1.244666666667
44760,0.699990104081,0.696830580450,0.687369738618,0.671658257595,0.649771889198,0.621796504880,0.587802376606,0.547799627665,0.501656167197,0.448929566417,0.388463030921,0.317133805187,0.223404350896,,,,,,,,0.157277944511,1.244533333333
44820,0.698602399752,0.695450213126,0.686011286146,0.670336004082,0.648499637570,0.620587401397,0.586668750148,0.546752836033,0.500706448093,0.448085832757,0.387732224152,0.316518061727,0.222874014944,,,,,,,,0.156923245125,1.244400000000
44880,0.697219097637,0.694074224625,0.684657142692,0.669017944502,0.647231421372,0.619382133981,0.585538715747,0.545709360884,0.499759757136,0.447244804747,0.387003786090,0.315904352541,0.222345249593,,,,,,,,0.156569837764,1.244266666667
44940,0.695840181877,0.692702599170,0.683307292722,0.667704063717,0.645967226010,0.618180685484,0.584412259415,0.544669201913,0.498816083564,0.446406472401,0.386277696871,0.315292588538,0.221818049398,,,,,,,,0.156217719109,1.244133333333
45000,0.694465636675,0.691335321043,0.681961720756,0.666394346644,0.644707036943,0.616983036090,0.583289376032,0.543632346971,0.497875416258,0.445570812899,0.385553927147,0.314682837518,0.221292406008,,,,,,,,0.155866885781,1.244000000000
45060,0.693095446288,0.689972374583,0.680620411375,0.665088778257,0.643450835205,0.615789181224,0.582170052581,0.542598783955,0.496937734506,0.444737813764,0.384832500472,0.314075099593,0.220768313432,,,,,,,,0.155517334344,1.243866666667
45120,0.691729595032,0.688613744186,0.679283349213,0.663787343581,0.642198605310,0.614599107120,0.581054276094,0.541568498140,0.496003025004,0.443907480696,0.384113408338,0.313469312060,0.220245767109,,,,,,,,0.155169061312,1.243733333333
45180,0.690368067281,0.687259414304,0.677950518960,0.662490027697,0.640950338447,0.613412800066,0.579942033649,0.540541465226,0.495071288770,0.443079803895,0.383396614873,0.312865489702,0.219724759457,,,,,,,,0.154822063153,1.243600000000
45240,0.689010847464,0.685909369448,0.676621905362,0.661196812521,0.639706020286,0.612230246396,0.578833306101,0.539517688273,0.494142514876,0.442254761581,0.382682123209,0.312263659275,0.219205282541,,,,,,,,0.154476336298,1.243466666667
45300,0.687657920069,0.684563594183,0.675297493223,0.659907682126,0.638465636545,0.611051432498,0.577728078447,0.538497155367,0.493216692441,0.441432339837,0.381969940811,0.311663784406,0.218687332668,,,,,,,,0.154131877136,1.243333333333
45360,0.686309269639,0.683222073133,0.673977267399,0.658622626127,0.637229172998,0.609876344693,0.576626346423,0.537479854640,0.492293790985,0.440612545290,0.381260058882,0.311065826992,0.218170902995,,,,,,,,0.153788682026,1.243200000000
45420,0.684964880774,0.681884790975,0.672661212802,0.657341629822,0.635996615470,0.608704957445,0.575528097300,0.536465774271,0.491373817602,0.439795368311,0.380552426663,0.310469840379,0.217655983789,,,,,,,,0.153446747297,1.243066666667
45480,0.683624738130,0.680551732444,0.671349314401,0.656064678559,0.634767949835,0.607537269477,0.574433318398,0.535454885447,0.490456763375,0.438980788035,0.379847078689,0.309875814464,0.217142572193,,,,,,,,0.153106069248,1.242933333333
45540,0.682288826421,0.679222882330,0.670041557217,0.654791757744,0.633543162021,0.606373267374,0.573341997085,0.534447193095,0.489542617603,0.438168789302,0.379144006648,0.309283658391,0.216630661704,,,,,,,,0.152766644155,1.242800000000
45600,0.680957130412,0.677898225479,0.668737924366,0.653522852832,0.632322234185,0.605212937770,0.572254115106,0.533442685982,0.488631361338,0.437359379547,0.378443185485,0.308693452040,0.216120242023,,,,,,,,0.152428468273,1.242666666667
45660,0.679629634930,0.676577746792,0.667438399870,0.652257949333,0.631105150187,0.604056267349,0.571169656703,0.532441352473,0.487722979244,0.436552549295,0.377744597347,0.308105188377,0.215611309999,,,,,,,,0.152091537835,1.242533333333
45720,0.678306324851,0.675261431224,0.666142972009,0.650997032810,0.629891902144,0.602903242842,0.570088618338,0.531443180979,0.486817473835,0.435748278488,0.377048260434,0.307518793356,0.215103859451,,,,,,,,0.151755849055,1.242400000000
45780,0.676987185110,0.673949263786,0.664851626020,0.649740088878,0.628682476189,0.601753851034,0.569010987568,0.530448146021,0.485914834585,0.434946550909,0.376354166534,0.306934303902,0.214597880662,,,,,,,,0.151421398133,1.242266666667
45840,0.675672200697,0.672641229543,0.663564347198,0.648487103205,0.627476858504,0.600608069453,0.567936752000,0.529456246689,0.485015051010,0.434147374692,0.375662274248,0.306351736152,0.214093369134,,,,,,,,0.151088181252,1.242133333333
45900,0.674361356655,0.671337313616,0.662281120888,0.647238061510,0.626275035322,0.599465891551,0.566865899288,0.528467474943,0.484118094299,0.433350740505,0.374972598782,0.305771041956,0.213590319358,,,,,,,,0.150756194583,1.242000000000
45960,0.673054638082,0.670037501179,0.661001932492,0.645992946911,0.625076992928,0.598327307039,0.565798411939,0.527481819375,0.483223969640,0.432556628983,0.374285141915,0.305192206274,0.213088722141,,,,,,,,0.150425434285,1.241866666667
46020,0.671752030132,0.668741777459,0.659726767462,0.644751743182,0.623882717657,0.597192302894,0.564734273685,0.526499268624,0.482332669521,0.431765023052,0.373599888858,0.304615271401,0.212588571785,,,,,,,,0.150095896505,1.241733333333
46080,0.670453518010,0.667450127739,0.658455611305,0.643514440938,0.622692195893,0.596060866144,0.563673481588,0.525519800388,0.481444183623,0.430975931431,0.372916801813,0.304040215024,0.212089863399,,,,,,,,0.149767577382,1.241600000000
46140,0.669159086979,0.666162537356,0.657188449580,0.642281026107,0.621505410709,0.594932983864,0.562616023487,0.524543408213,0.480558494320,0.430189344927,0.372235909167,0.303466970271,0.211592588248,,,,,,,,0.149440473045,1.241466666667
46200,0.667868722353,0.664878991698,0.655925267899,0.641051484668,0.620322345687,0.593808643178,0.561561887270,0.523570087095,0.479675585013,0.429405244759,0.371557202879,0.302895605537,0.211096739591,,,,,,,,0.149114579619,1.241333333333
46260,0.666582409499,0.663599476207,0.654666051928,0.639825802653,0.619142993672,0.592687824799,0.560511060873,0.522599825850,0.478795459276,0.428623613186,0.370880651587,0.302326113895,0.210602313088,,,,,,,,0.148789893218,1.241200000000
46320,0.665300133841,0.662323976382,0.653410787384,0.638603966142,0.617967341247,0.591570516993,0.559463527438,0.521632613336,0.477918106950,0.427844459412,0.370206250993,0.301758407938,0.210109300397,,,,,,,,0.148466409953,1.241066666667
46380,0.664021880852,0.661052477769,0.652159460035,0.637385961270,0.616795375049,0.590456712491,0.558419270422,0.520668430278,0.477043517915,0.427067774373,0.369534012841,0.301192550941,0.209617693888,,,,,,,,0.148144125932,1.240933333333
46440,0.662747636062,0.659784965971,0.650912055705,0.636171774220,0.615627081762,0.589346398609,0.557378287360,0.519707264956,0.476171664595,0.426293539768,0.368863929181,0.300628546402,0.209127489706,,,,,,,,0.147823037254,1.240800000000
46500,0.661477385050,0.658521426643,0.649668560265,0.634961391228,0.614462448119,0.588239562710,0.556340566370,0.518749115257,0.475302551036,0.425521737387,0.368195952005,0.300066332362,0.208638679829,,,,,,,,0.147503140020,1.240666666667
46560,0.660211113451,0.657261845490,0.648428959642,0.633754798579,0.613301460903,0.587136192206,0.555306095614,0.517793970212,0.474436170700,0.424752376809,0.367530110665,0.299505921066,0.208151255900,,,,,,,,0.147184430326,1.240533333333
46620,0.658948806952,0.656006208274,0.647193239813,0.632551982610,0.612144106946,0.586036274555,0.554274863301,0.516841818890,0.473572513621,0.423985449098,0.366866400184,0.298947341726,0.207665214478,,,,,,,,0.146866904264,1.240400000000
46680,0.657690451290,0.654754500009,0.645961385228,0.631352927364,0.610990370045,0.584939793440,0.553246853086,0.515892644897,0.472711563079,0.423220936333,0.366204798718,0.298390557762,0.207180547782,,,,,,,,0.146550557930,1.240266666667
46740,0.656436032256,0.653506705716,0.644733380290,0.630157616792,0.609840233850,0.583846732349,0.552222048377,0.514946431522,0.471853301951,0.422458820021,0.365545283500,0.297835530532,0.206697246896,,,,,,,,0.146235387413,1.240133333333
46800,0.655185535694,0.652262812960,0.643509214407,0.628966042242,0.608693691745,0.582757086819,0.551200447059,0.514003179395,0.470997734462,0.421699110022,0.364887875718,0.297282314892,0.206215308715,,,,,,,,0.145921388806,1.240000000000
46860,0.653938947498,0.651022807708,0.642288873761,0.627778190252,0.607550730759,0.581670844497,0.550182037521,0.513062877755,0.470144850794,0.420941797520,0.364232567587,0.296730899576,0.205734725619,,,,,,,,0.145608558200,1.239866666667
46920,0.652696253615,0.649786675977,0.641072344585,0.626594047408,0.606411337966,0.580587993075,0.549166808194,0.512125515880,0.469294641164,0.420186864873,0.363579320394,0.296181195197,0.205255488305,,,,,,,,0.145296891688,1.239733333333
46980,0.651457440043,0.648554403838,0.639859613161,0.625413600345,0.605275500490,0.579508520294,0.548154747552,0.511191080106,0.468447078823,0.419434293502,0.362928145465,0.295633282190,0.204777593928,,,,,,,,0.144986385363,1.239600000000
47040,0.650222492830,0.647325977411,0.638650665824,0.624236835750,0.604143205503,0.578432413938,0.547145839642,0.510259549006,0.467602167407,0.418684093440,0.362279047048,0.295087153824,0.204301034935,,,,,,,,0.144677035320,1.239466666667
47100,0.648991398078,0.646101382868,0.637445488958,0.623063740358,0.603014440224,0.577359660449,0.546140068038,0.509330925807,0.466759900959,0.417936255996,0.361632012302,0.294542732232,0.203825801821,,,,,,,,0.144368837655,1.239333333333
47160,0.647764141939,0.644880606432,0.636244068996,0.621894300952,0.601889191920,0.576290238930,0.545137430862,0.508405199951,0.465920269838,0.417190763706,0.360987001016,0.294000061239,0.203351891912,,,,,,,,0.144061788467,1.239200000000
47220,0.646540710614,0.643663634375,0.635046392424,0.620728504367,0.600767444928,0.575224147517,0.544137916763,0.507482360916,0.465083257837,0.416447598091,0.360344043314,0.293459154872,0.202879297638,,,,,,,,0.143755883858,1.239066666667
47280,0.645321090357,0.642450453021,0.633852445776,0.619566337484,0.599649183295,0.574161374180,0.543141514432,0.506562397634,0.464248848028,0.415706769265,0.359703131576,0.292919960173,0.202408009472,,,,,,,,0.143451119930,1.238933333333
47340,0.644105267472,0.641241048745,0.632662215635,0.618407787233,0.598534400765,0.573101906932,0.542148212604,0.505645284216,0.463417044901,0.414968268656,0.359064235870,0.292382471042,0.201938024827,,,,,,,,0.143147492793,1.238800000000
47400,0.642893228313,0.640035407971,0.631475688636,0.617252838334,0.597423084796,0.572045733832,0.541157995600,0.504731026355,0.462587838956,0.414232078882,0.358427350523,0.291846726684,0.201469336013,,,,,,,,0.142844998555,1.238666666667
47460,0.641684959284,0.638833517173,0.630292851460,0.616101475348,0.596315222890,0.570992842984,0.540170847371,0.503819613685,0.461761220729,0.413498181751,0.357792488496,0.291312698975,0.201001933685,,,,,,,,0.142543633332,1.238533333333
47520,0.640480446841,0.637635362875,0.629113690842,0.614953690109,0.595210802598,0.569943222539,0.539186766157,0.502911035884,0.460937163914,0.412766587363,0.357159642262,0.290780332038,0.200535815242,,,,,,,,0.142243393243,1.238400000000
47580,0.639279677487,0.636440931651,0.627938193561,0.613809469742,0.594109811517,0.568896850134,0.538205740863,0.502005282664,0.460115672451,0.412037287262,0.356528764730,0.290249690183,0.200070972777,,,,,,,,0.141944274408,1.238266666667
47640,0.638082637777,0.635250210126,0.626766346449,0.612668801417,0.593012237290,0.567853723761,0.537227760435,0.501102328954,0.459296740580,0.411310264055,0.355899884907,0.289720766858,0.199607397329,,,,,,,,0.141646272956,1.238133333333
47700,0.636889314314,0.634063184970,0.625598136385,0.611531672355,0.591918067607,0.566813832550,0.536252813859,0.500202177755,0.458480358971,0.410585500021,0.355272998518,0.289193466135,0.199145086187,,,,,,,,0.141349385018,1.238000000000
47760,0.635699693753,0.632879842908,0.624433548745,0.610398069823,0.590827287167,0.565777164828,0.535280885616,0.499304820567,0.457666511556,0.409863005150,0.354648083912,0.288667867778,0.198684031118,,,,,,,,0.141053606731,1.237866666667
47820,0.634513762795,0.631700170709,0.623272568963,0.609267981135,0.589739880724,0.564743708964,0.534311960237,0.498410247256,0.456855182298,0.409142771103,0.354025119428,0.288143968487,0.198224223757,,,,,,,,0.140758934236,1.237733333333
47880,0.633331508192,0.630524155195,0.622115187178,0.608141393654,0.588655842208,0.563713453372,0.533346035972,0.497518447726,0.456046375583,0.408424780379,0.353404126233,0.287621696751,0.197765661180,,,,,,,,0.140465363680,1.237600000000
47940,0.632152916746,0.629351783235,0.620961390463,0.607018294788,0.587575159494,0.562686386511,0.532383101974,0.496629399352,0.455240082216,0.407709015913,0.352785096970,0.287101083397,0.197308334718,,,,,,,,0.140172891215,1.237466666667
48000,0.630977975306,0.628183041745,0.619811165938,0.605898671993,0.586497820499,0.561662488530,0.531423147433,0.495743100933,0.454436293037,0.406995487492,0.352167992607,0.286582149815,0.196852236825,,,,,,,,0.139881513001,1.237333333333
48060,0.629806670770,0.627017917692,0.618664500773,0.604782512772,0.585423813187,0.560641753467,0.530466161584,0.494859546287,0.453634981814,0.406284186892,0.351552826599,0.286064848840,0.196397364253,,,,,,,,0.139591225199,1.237200000000
48120,0.628638990085,0.625856398090,0.617521382182,0.603669802279,0.584353125567,0.559624172811,0.529512128959,0.493978725469,0.452836153484,0.405575096412,0.350939602664,0.285549162512,0.195943707781,,,,,,,,0.139302023982,1.237066666667
48180,0.627474920246,0.624698470003,0.616381797431,0.602560526090,0.583285745693,0.558609735192,0.528561034863,0.493100628567,0.452039802118,0.404868199823,0.350328306924,0.285035136837,0.195491260912,,,,,,,,0.139013905523,1.236933333333
48240,0.626314448297,0.623544120540,0.615245733830,0.601454676291,0.582221661662,0.557598429282,0.527612877449,0.492225235272,0.451245918689,0.404163506618,0.349718902738,0.284522748920,0.195040019965,,,,,,,,0.138726866005,1.236800000000
48300,0.625157561328,0.622393336860,0.614113178737,0.600352240572,0.581160858370,0.556590243796,0.526667646111,0.491352540428,0.450454486906,0.403461008686,0.349111418982,0.284011932166,0.194589975039,,,,,,,,0.138440901618,1.236666666667
48360,0.624004246480,0.621246106169,0.612984119557,0.599253206667,0.580103321564,0.555585167491,0.525725330280,0.490482540044,0.449665492301,0.402760688036,0.348505848464,0.283502757124,0.194141120933,,,,,,,,0.138156008556,1.236533333333
48420,0.622854490939,0.620102415721,0.611858543743,0.598157562355,0.579049045201,0.554583182838,0.524785919429,0.489615224356,0.448878938800,0.402062529453,0.347902159709,0.282995217494,0.193693453410,,,,,,,,0.137872183021,1.236400000000
48480,0.621708281941,0.618962252816,0.610736438794,0.597065295462,0.577998017557,0.553584280274,0.523849398038,0.488750583634,0.448094817504,0.401366542044,0.347300351627,0.282489220991,0.193246961763,,,,,,,,0.137589421221,1.236266666667
48540,0.620565606766,0.617825604803,0.609617792255,0.595976393858,0.576950226952,0.552588453459,0.522915752374,0.487888599757,0.447313119546,0.400672717811,0.346700435427,0.281984839842,0.192801642339,,,,,,,,0.137307719373,1.236133333333
48600,0.619426452745,0.616692459077,0.608502591718,0.594890845461,0.575905661748,0.551595691318,0.521984980392,0.487029263858,0.446533818415,0.399981038382,0.346102404010,0.281482075402,0.192357490220,,,,,,,,0.137027073664,1.236000000000
48660,0.618290837832,0.615562980337,0.607391441409,0.593809983357,0.574866668862,0.550609636782,0.521062306757,0.486179694826,0.445766286547,0.399303599274,0.345521937110,0.281002367507,0.191952834028,,,,,,,,0.136746959251,1.235900000000
48720,0.617158779650,0.614437038592,0.606283769212,0.592732502306,0.573830923381,0.549626661619,0.520142512868,0.485332777682,0.445001154477,0.398628288551,0.344943314235,0.280524189425,0.191549308384,,,,,,,,0.136467563610,1.235800000000
48780,0.616030265103,0.613314620815,0.605179562318,0.591658389849,0.572798413333,0.548646754465,0.519225588076,0.484488502588,0.444238413255,0.397955098193,0.344366528795,0.280047566112,0.191146883809,,,,,,,,0.136189050457,1.235700000000
48840,0.614905281146,0.612195714033,0.604078807964,0.590587633575,0.571769126789,0.547669903996,0.518311521773,0.483646859745,0.443478053962,0.397284020206,0.343791573719,0.279572489746,0.190745571363,,,,,,,,0.135911471499,1.235600000000
48900,0.613783814783,0.611080304964,0.602981492727,0.589520220065,0.570743050468,0.546696097194,0.517400301289,0.482807836852,0.442720064550,0.396615042360,0.343218435146,0.279098936916,0.190345367670,,,,,,,,0.135634853133,1.235500000000
48960,0.612665853069,0.609968379769,0.601887602025,0.588456134149,0.569720168766,0.545725318130,0.516491910421,0.481971417324,0.441964427619,0.395948145184,0.342647087607,0.278626858798,0.189946283436,,,,,,,,0.135359210829,1.235400000000
49020,0.611551383111,0.608859926954,0.600797125891,0.587395367496,0.568700475090,0.544757562080,0.515586346502,0.481137600918,0.441211146110,0.395283336615,0.342077548978,0.278156303195,0.189548313099,,,,,,,,0.135084554220,1.235300000000
49080,0.610440392063,0.607754933747,0.599710051761,0.586337907888,0.567683957697,0.543792817895,0.514683599089,0.480306377982,0.440460211237,0.394620608754,0.341509811940,0.277687262823,0.189151463512,,,,,,,,0.134810889419,1.235200000000
49140,0.609332867131,0.606653387422,0.598626367120,0.585283743152,0.566670604889,0.542831074471,0.513783657777,0.479477738905,0.439711614247,0.393959953711,0.340943869146,0.277219730838,0.188755727892,,,,,,,,0.134538220241,1.235100000000
49200,0.608228795570,0.605555275305,0.597546059501,0.584232861166,0.565660405013,0.541872320746,0.512886512201,0.478651674109,0.438965346417,0.393301363605,0.340379699140,0.276753638744,0.188361110208,,,,,,,,0.134266548919,1.235000000000
49260,0.607128164685,0.604460584769,0.596469116485,0.583185249852,0.564653346463,0.540916545702,0.511992152039,0.477828174056,0.438221395323,0.392644812291,0.339817291089,0.276289033712,0.187967603414,,,,,,,,0.133995876546,1.234900000000
49320,0.606030961829,0.603369303237,0.595395525701,0.582140897181,0.563649417676,0.539963738362,0.511100567005,0.477007224491,0.437479745000,0.391990308502,0.339256655448,0.275825918418,0.187575209197,,,,,,,,0.133726203369,1.234800000000
49380,0.604937174405,0.602281418181,0.594325274828,0.581099791169,0.562648607136,0.539013887793,0.510211744247,0.476188813639,0.436740397880,0.391337846101,0.338697785031,0.275364287007,0.187183920843,,,,,,,,0.133457528990,1.234700000000
49440,0.603846789865,0.601196917122,0.593258351592,0.580061919881,0.561650903369,0.538066983104,0.509325669031,0.475372939163,0.436003345350,0.390687417252,0.338140672723,0.274904095122,0.186793738075,,,,,,,,0.133189852504,1.234600000000
49500,0.602759795709,0.600115787629,0.592194743765,0.579027271425,0.560656294949,0.537123007991,0.508442338363,0.474559591663,0.435268578820,0.390039014142,0.337585289933,0.274445343553,0.186404654887,,,,,,,,0.132923172612,1.234500000000
49560,0.601676179487,0.599038017318,0.591134439169,0.577995833959,0.559664770492,0.536181954550,0.507561742116,0.473748761773,0.434536089727,0.389392616642,0.337031641094,0.273988058967,0.186016669193,,,,,,,,0.132657487688,1.234400000000
49620,0.600595928794,0.597963593856,0.590077425672,0.576967595684,0.558676316745,0.535243814600,0.506683870201,0.472940440160,0.433805865165,0.388748221833,0.336479729491,0.273532235835,0.185629775960,,,,,,,,0.132392795847,1.234300000000
49680,0.599519031278,0.596892504955,0.589023691189,0.575942544849,0.557690919834,0.534308577418,0.505808712567,0.472134617527,0.433077890724,0.388105829545,0.335929548276,0.273077853326,0.185243971358,,,,,,,,0.132129094988,1.234200000000
49740,0.598445474631,0.595824738377,0.587973223682,0.574920669746,0.556708573028,0.533376232321,0.504936259201,0.471331277611,0.432352168238,0.387465432087,0.335381090662,0.272624865680,0.184859251527,,,,,,,,0.131866382827,1.234100000000
49800,0.597375246594,0.594760281929,0.586926011161,0.573901958715,0.555729265118,0.532446768669,0.504066500128,0.470530413500,0.431628689253,0.386827021807,0.334834320856,0.272173323170,0.184475610905,,,,,,,,0.131604656931,1.234000000000
49860,0.596308334957,0.593699123469,0.585882041681,0.572886398544,0.554752984940,0.531520175860,0.503199422217,0.469732020707,0.430907445346,0.386190584524,0.334289258690,0.271723220380,0.184093046969,,,,,,,,0.131343914738,1.233900000000
49920,0.595244727556,0.592641250898,0.584841303343,0.571873976054,0.553779721374,0.530596443336,0.502335012351,0.468936090065,0.430188428124,0.385556106025,0.333745900133,0.271274551910,0.183711552402,,,,,,,,0.131084153579,1.233800000000
49980,0.594184412275,0.591586652167,0.583803784298,0.570864682945,0.552809463340,0.529675560578,0.501473267111,0.468142612438,0.429471624143,0.384923592014,0.333204238597,0.270827249055,0.183331126160,,,,,,,,0.130825370691,1.233700000000
50040,0.593127377043,0.590535315272,0.582769472738,0.569858507736,0.551842199805,0.528757515840,0.500614176673,0.467351578724,0.428757020717,0.384293034987,0.332664262464,0.270381361996,0.182951759130,,,,,,,,0.130567563231,1.233600000000
50100,0.592073609838,0.589487228258,0.581738356903,0.568855438992,0.550877919775,0.527842293340,0.499757731245,0.466562979854,0.428044619031,0.383664427479,0.332125943785,0.269936893206,0.182573451874,,,,,,,,0.130310728288,1.233500000000
50160,0.591023098686,0.588442379213,0.580710425081,0.567855465321,0.549916612300,0.526929889321,0.498903921073,0.465776797513,0.427334410822,0.383037761130,0.331589302660,0.269493837334,0.182196193424,,,,,,,,0.130054862890,1.233400000000
50220,0.589975831655,0.587400756275,0.579685665601,0.566858575373,0.548958266473,0.526020293424,0.498052736441,0.464993029720,0.426626387858,0.382413010730,0.331054332654,0.269052148607,0.181819986067,,,,,,,,0.129799964016,1.233300000000
50280,0.588931796865,0.586362347626,0.578664066841,0.565864757847,0.548002871428,0.525113495330,0.497204167667,0.464211669802,0.425920541940,0.381790187717,0.330521027367,0.268611831293,0.181444816913,,,,,,,,0.129546028598,1.233200000000
50340,0.587890982477,0.585327141493,0.577645615929,0.564874001481,0.547050413793,0.524209484758,0.496358201248,0.463432708823,0.425216859035,0.381169284771,0.329989367604,0.268172910971,0.181070689583,,,,,,,,0.129293053529,1.233100000000
50400,0.586853376701,0.584295126151,0.576630300747,0.563886295060,0.546100881633,0.523308251467,0.495514825827,0.462656137883,0.424515328341,0.380550294605,0.329459341171,0.267735382328,0.180697590705,,,,,,,,0.129041035689,1.233000000000
50460,0.585818939870,0.583266124197,0.575617533087,0.562900365152,0.545152051895,0.522406350234,0.494669108263,0.461875234236,0.423807097571,0.379921728783,0.328915971355,0.267278508150,0.180286912850,,,,,,,,0.128790475262,1.232866666667
50520,0.584787632703,0.582240235128,0.574607828251,0.561917415495,0.544206088671,0.521507172352,0.493825943780,0.461096681075,0.423101008981,0.379295047459,0.328374265531,0.266823001699,0.179877265273,,,,,,,,0.128541179671,1.232733333333
50580,0.583759444055,0.581217447857,0.573601175326,0.560937435459,0.543262981723,0.520610702975,0.492985323196,0.460320470196,0.422397054728,0.378670267774,0.327834196809,0.266368911950,0.179468658977,,,,,,,,0.128292983982,1.232600000000
50640,0.582734362822,0.580197751338,0.572597563439,0.559960414454,0.542322720851,0.519716932256,0.492147237358,0.459546600591,0.421695215484,0.378047382690,0.327295758426,0.265916216116,0.179061079439,,,,,,,,0.128045831925,1.232466666667
50700,0.581712377942,0.579181134566,0.571596981756,0.558986341192,0.541385295891,0.518825855780,0.491311675664,0.458775063777,0.420995487417,0.377426382108,0.326758965613,0.265464853099,0.178654504466,,,,,,,,0.127799691643,1.232333333333
50760,0.580693478393,0.578167586579,0.570599419487,0.558015200418,0.540450696717,0.517937463899,0.490478619504,0.458005851306,0.420297870404,0.376807239214,0.326223812356,0.265014896265,0.178248926299,,,,,,,,0.127554541757,1.232200000000
50820,0.579677653196,0.577157096452,0.569604865878,0.557046987170,0.539518913242,0.517051747004,0.489648070886,0.457238948324,0.419602356728,0.376189970066,0.325690253636,0.264566341869,0.177844329351,,,,,,,,0.127310366462,1.232066666667
50880,0.578664891411,0.576149653305,0.568613310218,0.556081691016,0.538589934154,0.516168695519,0.488820020794,0.456474344179,0.418908935781,0.375574567764,0.325158320014,0.264119093575,0.177440700474,,,,,,,,0.127067153301,1.231933333333
50940,0.577655182140,0.575145246296,0.567624741834,0.555119301560,0.537663743767,0.515288299903,0.487994460244,0.455712039270,0.418217586743,0.374961021152,0.324628008606,0.263673235508,0.177038033711,,,,,,,,0.126824891988,1.231800000000
51000,0.576648514526,0.574143864624,0.566639150094,0.554159808448,0.536740339071,0.514410546818,0.487171380285,0.454952025274,0.417528318137,0.374349306076,0.324099297988,0.263228766517,0.176636314020,,,,,,,,0.126583573734,1.231666666667
51060,0.575644877752,0.573145497528,0.565656524406,0.553203201361,0.535819710126,0.513535424273,0.486350769641,0.454194293901,0.416841122375,0.373739437479,0.323572172086,0.262785611560,0.176235535426,,,,,,,,0.126343190822,1.231533333333
51120,0.574644261041,0.572150134288,0.564676854215,0.552249470022,0.534901847027,0.512662929228,0.485532611773,0.453438831715,0.416155991903,0.373131408640,0.323046651464,0.262343809543,0.175835691113,,,,,,,,0.126103736330,1.231400000000
51180,0.573646653656,0.571157764223,0.563700129007,0.551298604188,0.533986739908,0.511793052280,0.484716907889,0.452685625821,0.415472905780,0.372525207296,0.322522730453,0.261903381276,0.175436765868,,,,,,,,0.125865203944,1.231266666667
51240,0.572652044902,0.570168376692,0.562726338308,0.550350593657,0.533074378939,0.510925784065,0.483903649170,0.451934677922,0.414791864487,0.371920812119,0.322000368974,0.261464273434,0.175038759012,,,,,,,,0.125627587824,1.231133333333
51300,0.571660424121,0.569181961094,0.561755471681,0.549405428265,0.532164754324,0.510061115251,0.483092826831,0.451185979860,0.414112866089,0.371318236833,0.321479588283,0.261026480300,0.174641659736,,,,,,,,0.125390882505,1.231000000000
51360,0.570671780696,0.568198506868,0.560787518729,0.548463097883,0.531257856308,0.509199036541,0.482284432122,0.450439523505,0.413435903171,0.370717474860,0.320960390174,0.260590044875,0.174245458913,,,,,,,,0.125155082827,1.230866666667
51420,0.569686104050,0.567218002937,0.559822467994,0.547523590782,0.530353672993,0.508339535959,0.481478453017,0.449695296738,0.412760963282,0.370118512697,0.320442757639,0.260154935711,0.173850153927,,,,,,,,0.124920183880,1.230733333333
51480,0.568703383646,0.566240437878,0.558860307279,0.546586894117,0.529452190993,0.507482599645,0.480674875195,0.448953284628,0.412088030416,0.369521331941,0.319926665653,0.259721102829,0.173455731496,,,,,,,,0.124686180961,1.230600000000
51540,0.567723608984,0.565265802749,0.557901029296,0.545653002331,0.528553406564,0.506628225791,0.479873698988,0.448213490089,0.411417111045,0.368925944969,0.319412139100,0.259288611472,0.173062188728,,,,,,,,0.124453069541,1.230466666667
51600,0.566746769606,0.564294087146,0.556944623801,0.544721905446,0.527657310094,0.505776405238,0.479074915779,0.447475905126,0.410748197889,0.368332345292,0.318899172224,0.258857452077,0.172669519432,,,,,,,,0.124220845240,1.230333333333
51660,0.565772855089,0.563325280701,0.555991080590,0.543793593519,0.526763892003,0.504927128861,0.478278516980,0.446740521775,0.410081283696,0.367740518051,0.318387729134,0.258427530662,0.172277710857,,,,,,,,0.123989503803,1.230200000000
51720,0.564801855053,0.562359373087,0.555040389493,0.542868056648,0.525873142748,0.504080387567,0.477484494038,0.446007329135,0.409416345639,0.367150447888,0.317877822566,0.257998934681,0.171886763210,,,,,,,,0.123759041086,1.230066666667
51780,0.563833759155,0.561396354014,0.554092540381,0.541945284965,0.524985052822,0.503236172302,0.476692834110,0.445276310437,0.408753389063,0.366562145726,0.317369458477,0.257571658775,0.171496665361,,,,,,,,0.123529453041,1.229933333333
51840,0.562868557089,0.560436213231,0.553147523162,0.541025268638,0.524099612751,0.502394472309,0.475903525233,0.444547469705,0.408092409926,0.365975605150,0.316862623833,0.257145618060,0.171107411130,,,,,,,,0.123300735703,1.229800000000
51900,0.561906238589,0.559478940525,0.552205327781,0.540107997874,0.523216813100,0.501555272129,0.475116566797,0.443820799103,0.407433401092,0.365390809848,0.316357285676,0.256720869243,0.170718997824,,,,,,,,0.123072885181,1.229666666667
51960,0.560946793428,0.558524525720,0.551265944221,0.539193462914,0.522336641278,0.500718571050,0.474331950381,0.443096290830,0.406776347958,0.364807747653,0.315853472841,0.256297424668,0.170331410916,,,,,,,,0.122845897651,1.229533333333
52020,0.559990211414,0.557572958679,0.550329362501,0.538281654036,0.521459086385,0.499884360149,0.473549667595,0.442373935098,0.406121239826,0.364226427954,0.315351179603,0.255875220916,0.169944651250,,,,,,,,0.122619769348,1.229400000000
52080,0.559036482396,0.556624229302,0.549395572679,0.537372561556,0.520584143843,0.499052630541,0.472769710084,0.441653713486,0.405468080798,0.363646844402,0.314850373907,0.255454271691,0.169558709859,,,,,,,,0.122394496560,1.229266666667
52140,0.558085596260,0.555678327528,0.548464564848,0.536466173148,0.519711804354,0.498223373370,0.471992064110,0.440935631025,0.404816863842,0.363068979159,0.314351061027,0.255034611100,0.169173577664,,,,,,,,0.122170075624,1.229133333333
52200,0.557137542928,0.554735243332,0.547536329139,0.535562478623,0.518842058656,0.497396579818,0.471216720211,0.440219680033,0.404167581953,0.362492823400,0.313853250721,0.254616197102,0.168789253865,,,,,,,,0.121946502880,1.229000000000
52260,0.556192337960,0.553795122240,0.546611399651,0.534662661871,0.517976987084,0.496575484167,0.470448337372,0.439512212578,0.403528616429,0.361929323353,0.313371291339,0.254219068221,0.168445370567,,,,,,,,0.121723287586,1.228900000000
52320,0.555249996643,0.552857848840,0.545689270216,0.533765566612,0.517114528707,0.495756859577,0.469682269142,0.438806874133,0.402891573701,0.361367524484,0.312890775445,0.253823173988,0.168102290764,,,,,,,,0.121500614248,1.228800000000
52380,0.554310508555,0.551923412765,0.544769930635,0.532871182925,0.516254673990,0.494940701235,0.468918507042,0.438103652074,0.402256447136,0.360807420432,0.312411715341,0.253428508971,0.167759991747,,,,,,,,0.121278635810,1.228700000000
52440,0.553373863312,0.550991803688,0.543853370750,0.531979500931,0.515397413432,0.494127001698,0.468157042624,0.437402537286,0.401623229657,0.360248991691,0.311934112052,0.253035051286,0.167418490953,,,,,,,,0.121057399534,1.228600000000
52500,0.552440050572,0.550063011322,0.542939580443,0.531090510785,0.514542737573,0.493315751982,0.467397867478,0.436703528171,0.400991914217,0.359692239210,0.311457959908,0.252642752063,0.167077785744,,,,,,,,0.120836929117,1.228500000000
52560,0.551509060031,0.549137025421,0.542028549430,0.530204202685,0.513690636583,0.492506943139,0.466640972606,0.436006616997,0.400362492836,0.359137162623,0.310983251040,0.252251662523,0.166737886205,,,,,,,,0.120617238206,1.228400000000
52620,0.550580881428,0.548213835778,0.541120265137,0.529320566864,0.512841096059,0.491700566256,0.465886341996,0.435311796064,0.399734946635,0.358583755643,0.310509952782,0.251861776369,0.166398789552,,,,,,,,0.120398335136,1.228300000000
52680,0.549655504538,0.547293432226,0.540214720313,0.528439593594,0.511994112091,0.490896612456,0.465133975650,0.434619057703,0.399109281515,0.358032012000,0.310038088441,0.251473087697,0.166060498497,,,,,,,,0.120180225076,1.228200000000
52740,0.548732919179,0.546375804636,0.539311904995,0.527561273185,0.511149675364,0.490095072898,0.464383865289,0.433928394272,0.398485490528,0.357481916882,0.309567652184,0.251085522787,0.165723012037,,,,,,,,0.119962911151,1.228100000000
52800,0.547813115206,0.545460942919,0.538411809258,0.526685595984,0.510307776601,0.489295938772,0.463636002664,0.433239790554,0.397863566748,0.356933462162,0.309098638179,0.250699139165,0.165386326816,,,,,,,,0.119746395095,1.228000000000
52860,0.546896082515,0.544548837025,0.537514423218,0.525812552375,0.509468406557,0.488499198734,0.462890379562,0.432553243371,0.397243503275,0.356386652063,0.308631029534,0.250313937225,0.165050444833,,,,,,,,0.119530677647,1.227900000000
52920,0.545981811038,0.543639476945,0.536619737026,0.524942132782,0.508631556028,0.487704841969,0.462146987798,0.431868748404,0.396625290797,0.355841480346,0.308164811492,0.249929912086,0.164715357248,,,,,,,,0.119315758821,1.227800000000
52980,0.545070290751,0.542732852705,0.535727740873,0.524074327664,0.507797215844,0.486912864450,0.461405819222,0.431186298131,0.396008913636,0.355297940784,0.307699998446,0.249547011610,0.164381069775,,,,,,,,0.119101638081,1.227700000000
53040,0.544161511665,0.541828954372,0.534838424990,0.523209126589,0.506965376869,0.486123257507,0.460666863826,0.430505885053,0.395394376246,0.354756023097,0.307236584719,0.249165252184,0.164047568317,,,,,,,,0.118888314465,1.227600000000
53100,0.543255463830,0.540927772051,0.533951779642,0.522346517634,0.506136030007,0.485336012504,0.459930108522,0.429827501700,0.394781671813,0.354215710322,0.306774564684,0.248784655646,0.163714860428,,,,,,,,0.118675786682,1.227500000000
53160,0.542352137337,0.540029295887,0.533067795134,0.521486494774,0.505309166194,0.484551120839,0.459195552175,0.429151140632,0.394170793542,0.353677011158,0.306313912692,0.248405217473,0.163382933833,,,,,,,,0.118464053174,1.227400000000
53220,0.541451522313,0.539133516059,0.532186461808,0.520629048616,0.504484776402,0.483768573943,0.458463186759,0.428476784002,0.393561734659,0.353139919446,0.305854632303,0.248026906472,0.163051791144,,,,,,,,0.118253112173,1.227300000000
53280,0.540553608924,0.538240422789,0.531307770046,0.519774169804,0.503662849979,0.482988363283,0.457733004282,0.427804434592,0.392954484445,0.352604429055,0.305396729092,0.247649697728,0.162721424513,,,,,,,,0.118042961734,1.227200000000
53340,0.539658387374,0.537350006333,0.530431710263,0.518921849018,0.502843375605,0.482210480357,0.457004996778,0.427134085337,0.392349030520,0.352070533877,0.304940197634,0.247273634102,0.162391831506,,,,,,,,0.117833599772,1.227100000000
53400,0.538765847905,0.536462256988,0.529558272915,0.518072076976,0.502026348404,0.481434916697,0.456279156316,0.426465728901,0.391745375831,0.351538209310,0.304485032543,0.246898711204,0.162063008974,,,,,,,,0.117625024083,1.227000000000
53460,0.537875980798,0.535577165086,0.528687448494,0.517224844431,0.501211759491,0.480661657194,0.455555474993,0.425799357974,0.391143513693,0.351007467572,0.304031199332,0.246524918493,0.161734949325,,,,,,,,0.117417232365,1.226900000000
53520,0.536988776370,0.534694720999,0.527819227527,0.516380142172,0.500399600013,0.479890699709,0.454833941719,0.425134965275,0.390543437444,0.350478302933,0.303578719993,0.246152189873,0.161407654354,,,,,,,,0.117210222232,1.226800000000
53580,0.536104224977,0.533814915134,0.526953600580,0.515537961024,0.499589861152,0.479122036310,0.454114546425,0.424472540880,0.389945140448,0.349950709400,0.303127591166,0.245780589013,0.161081111165,,,,,,,,0.117003991230,1.226700000000
53640,0.535222317011,0.532937737936,0.526090558257,0.514698291847,0.498782534125,0.478355658658,0.453397286771,0.423812072283,0.389348610539,0.349424681005,0.302677807619,0.245410111591,0.160755325464,,,,,,,,0.116798536846,1.226600000000
53700,0.534343042903,0.532063179889,0.525230091195,0.513861125539,0.497977610183,0.477591558449,0.452682154975,0.423153560257,0.388753838754,0.348900197606,0.302229356842,0.245040753299,0.160430282683,,,,,,,,0.116593856517,1.226500000000
53760,0.533466393119,0.531191231511,0.524372190070,0.513026453031,0.497175080610,0.476829727410,0.451969143281,0.422496997624,0.388160826496,0.348377263004,0.301782217309,0.244672449801,0.160105987388,,,,,,,,0.116389947639,1.226400000000
53820,0.532592358163,0.530321883359,0.523516845593,0.512194265291,0.496374936727,0.476070157299,0.451258243964,0.421842377235,0.387569567230,0.347855875858,0.301336407608,0.244305242694,0.159782428870,,,,,,,,0.116186807571,1.226300000000
53880,0.531720928578,0.529455126026,0.522664048512,0.511364553321,0.495577169885,0.475312839907,0.450549449329,0.421189691964,0.386980054444,0.347336030316,0.300891922627,0.243939141949,0.159459606230,,,,,,,,0.115984433642,1.226200000000
53940,0.530852094941,0.528590950142,0.521813789610,0.510537308158,0.494781771471,0.474557767057,0.449842751708,0.420538934713,0.386392281654,0.346817720554,0.300448757286,0.243574143306,0.159137514218,,,,,,,,0.115782823156,1.226100000000
54000,0.529985847866,0.527729345616,0.520966058202,0.509712518628,0.493988729916,0.473804926850,0.449138138868,0.419890092768,0.385806235208,0.346300930768,0.300006889925,0.243210202578,0.158816146282,,,,,,,,0.115581973392,1.226000000000
54060,0.529122178005,0.526870303258,0.520120845357,0.508890176156,0.493198037097,0.473054311700,0.448435603847,0.419243159875,0.385221909678,0.345785656583,0.299566317810,0.242847321010,0.158495502846,,,,,,,,0.115381881616,1.225900000000
54120,0.528261076044,0.526013814462,0.519278143269,0.508070273830,0.492409687086,0.472305916773,0.447735143042,0.418598133903,0.384639304883,0.345271900915,0.299127050295,0.242485528915,0.158175571508,,,,,,,,0.115182545074,1.225800000000
54180,0.527402532707,0.525159870000,0.518437942863,0.507252802826,0.491623671404,0.471559734015,0.447036748903,0.417955007861,0.384058414446,0.344759658052,0.298689082397,0.242124822076,0.157856357607,,,,,,,,0.114983961001,1.225700000000
54240,0.526546538753,0.524308460685,0.517600235102,0.506437754355,0.490839981601,0.470815755405,0.446340413906,0.417313774785,0.383479232011,0.344248922305,0.298252409158,0.241765176334,0.157537845630,,,,,,,,0.114786126621,1.225600000000
54300,0.525693084979,0.523459577361,0.516765010983,0.505625119661,0.490058609264,0.470073972951,0.445646130556,0.416674427739,0.382901751252,0.343739682082,0.297816999673,0.241406552833,0.157220041006,,,,,,,,0.114589039150,1.225500000000
54360,0.524842162215,0.522613210910,0.515932261537,0.504814890024,0.489279546009,0.469334378692,0.444953891388,0.416036959811,0.382325956985,0.343231925057,0.297382870124,0.241049002100,0.156902932180,,,,,,,,0.114392695797,1.225400000000
54420,0.523993761329,0.521769352249,0.515101977830,0.504007056755,0.488502783486,0.468596964700,0.444263688965,0.415401355482,0.381751847419,0.342725658281,0.296950020542,0.240692519971,0.156586518487,,,,,,,,0.114197093766,1.225300000000
54480,0.523147873222,0.520927992331,0.514274150964,0.503201611201,0.487728313377,0.467861723073,0.443575509857,0.414767614786,0.381179420743,0.342220876170,0.296518446056,0.240337102187,0.156270794547,,,,,,,,0.114002230255,1.225200000000
54540,0.522304488832,0.520089122143,0.513448772075,0.502398544742,0.486956127395,0.467128644920,0.442889350296,0.414135732672,0.380608670733,0.341717573163,0.296088137230,0.239982670043,0.155955753381,,,,,,,,0.113808102461,1.225100000000
54600,0.521463599133,0.519252732708,0.512625832332,0.501597848791,0.486186217288,0.466397717579,0.442205205368,0.413505702340,0.380039591193,0.341215741756,0.295659067580,0.239629294165,0.155641396016,,,,,,,,0.113614707581,1.225000000000
54660,0.520625195132,0.518418815083,0.511805322942,0.500799514794,0.485418574832,0.465668939112,0.441523067749,0.412877517014,0.379472175953,0.340715361894,0.295231258587,0.239276970436,0.155327708926,,,,,,,,0.113422042808,1.224900000000
54720,0.519789267873,0.517587360361,0.510987235142,0.500003534231,0.484653187460,0.464942301740,0.440842930144,0.412251169944,0.378906408241,0.340216444641,0.294804705461,0.238925694757,0.155014698159,,,,,,,,0.113230105337,1.224800000000
54780,0.518955808434,0.516758359668,0.510171560205,0.499209898616,0.483890050342,0.464217797714,0.440164785286,0.411626653070,0.378342290004,0.339718984534,0.294379403431,0.238575407696,0.154702348288,,,,,,,,0.113038892364,1.224700000000
54840,0.518124807926,0.515931804165,0.509358289439,0.498418599493,0.483129156420,0.463495419316,0.439488625935,0.411003952065,0.377779817742,0.339222976130,0.293955333583,0.238226140983,0.154390663906,,,,,,,,0.112848401087,1.224600000000
54900,0.517296257498,0.515107685049,0.508547414183,0.497629628441,0.482370497600,0.462775158856,0.438814444881,0.410383069263,0.377218985389,0.338728414012,0.293532488762,0.237877910179,0.154079634579,,,,,,,,0.112658628704,1.224500000000
54960,0.516470148330,0.514285993548,0.507738925811,0.496842973425,0.481614065816,0.462057008673,0.438142227446,0.409763998022,0.376659786898,0.338235276261,0.293110880897,0.237530711238,0.153769258060,,,,,,,,0.112469572420,1.224400000000
55020,0.515646471638,0.513466720928,0.506932815732,0.496058629335,0.480859853035,0.461340961138,0.437471973146,0.409146731725,0.376102216252,0.337743572192,0.292690505294,0.237184504192,0.153459530869,,,,,,,,0.112281229439,1.224300000000
55080,0.514825218672,0.512649858486,0.506129075385,0.495276588263,0.480107851255,0.460627008650,0.436803675706,0.408531263782,0.375546255041,0.337253298335,0.292271357279,0.236839281817,0.153150443672,,,,,,,,0.112093596972,1.224200000000
55140,0.514006380717,0.511835397553,0.505327696245,0.494496841916,0.479358052504,0.459915138396,0.436137328026,0.407917587632,0.374991909036,0.336764449363,0.291853408381,0.236495079332,0.152842000199,,,,,,,,0.111906672234,1.224100000000
55200,0.513189949089,0.511023329494,0.504528669820,0.493719382035,0.478610448842,0.459205346576,0.435472923034,0.407305692268,0.374439173003,0.336277019971,0.291436670915,0.236151892747,0.152534183768,,,,,,,,0.111720452443,1.224000000000
55260,0.512375915139,0.510213645710,0.503731987648,0.492944200392,0.477865032357,0.458497627201,0.434810453688,0.406695569915,0.373888041021,0.335790992159,0.291021147181,0.235809701428,0.152227002236,,,,,,,,0.111534934823,1.223900000000
55320,0.511564270254,0.509406337631,0.502937641304,0.492171288790,0.477121795172,0.457791972788,0.434149912970,0.406087219854,0.373338507194,0.335306367813,0.290606832579,0.235468459460,0.151920441349,,,,,,,,0.111350116603,1.223800000000
55380,0.510755005852,0.508601396723,0.502145622140,0.491400639066,0.476380728936,0.457088375882,0.433491293117,0.405480635624,0.372790564427,0.334823147306,0.290193719653,0.235128221590,0.151614502775,,,,,,,,0.111165995020,1.223700000000
55440,0.509948113383,0.507798814485,0.501355919624,0.490632243085,0.475641821505,0.456386829056,0.432834580478,0.404875810793,0.372244196288,0.334341325423,0.289781778927,0.234788983886,0.151309179399,,,,,,,,0.110982567314,1.223600000000
55500,0.509143584333,0.506998582448,0.500568527859,0.489866092748,0.474905069938,0.455687324913,0.432179775610,0.404272738953,0.371699408794,0.333860896966,0.289371033699,0.234450742428,0.151004465198,,,,,,,,0.110799830732,1.223500000000
55560,0.508341410220,0.506200692176,0.499783438549,0.489102179984,0.474170466476,0.454989856086,0.431526871606,0.403671413722,0.371156196145,0.333381847739,0.288961479443,0.234113420345,0.150700360885,,,,,,,,0.110617782528,1.223400000000
55620,0.507541582594,0.505405135267,0.499000643427,0.488340496753,0.473438003390,0.454294415234,0.430875861585,0.403071821131,0.370614552566,0.332904172415,0.288553111649,0.233777084309,0.150396852462,,,,,,,,0.110436419962,1.223300000000
55680,0.506744093039,0.504611903350,0.498220134262,0.487581035050,0.472707672982,0.453600992277,0.430226738695,0.402473959980,0.370074472302,0.332427875101,0.288145913088,0.233441732939,0.150093946663,,,,,,,,0.110255740302,1.223200000000
55740,0.505948933172,0.503820988087,0.497441902851,0.486823786896,0.471979467583,0.452909578829,0.429579496109,0.401877826475,0.369535946422,0.331952950685,0.287739874174,0.233107362374,0.149791627504,,,,,,,,0.110075740821,1.223100000000
55800,0.505156094640,0.503032381172,0.496665941026,0.486068744346,0.471253379556,0.452220171532,0.428934127029,0.401283414338,0.368998962685,0.331479394075,0.287335008360,0.232773914625,0.149489899621,,,,,,,,0.109896418740,1.223000000000
55860,0.504365590639,0.502246211165,0.495892723392,0.485316956304,0.470531261936,0.451535658744,0.428294793171,0.400696427451,0.368471105937,0.331017125799,0.286944475276,0.232460211736,0.149230455811,,,,,,,,0.109717315085,1.222933333333
55920,0.503577434143,0.501462375055,0.495121799041,0.484567392029,0.469811278150,0.450853163299,0.427657332594,0.400111159622,0.367944790616,0.330556194119,0.286555084790,0.232147441804,0.148971590097,,,,,,,,0.109538613310,1.222866666667
55980,0.502791616520,0.500680864260,0.494353159537,0.483820045698,0.469093420338,0.450172677755,0.427021743239,0.399527604466,0.367420010957,0.330096604835,0.286166832490,0.231835600853,0.148713308032,,,,,,,,0.109360456758,1.222800000000
56040,0.502008129172,0.499901670231,0.493586796481,0.483074909283,0.468377680673,0.449494194700,0.426388018460,0.398945755621,0.366896761220,0.329638353485,0.285779701507,0.231524684342,0.148455621160,,,,,,,,0.109182888871,1.222733333333
56100,0.501226963536,0.499124784455,0.492822701503,0.482331974660,0.467664051357,0.448817706751,0.425756151366,0.398365602677,0.366375035687,0.329181435015,0.285393692063,0.231214687331,0.148198529865,,,,,,,,0.109005931186,1.222666666667
56160,0.500448111083,0.498350198451,0.492060866271,0.481591233732,0.466952524627,0.448143206556,0.425126135092,0.397787140828,0.365854828667,0.328725844389,0.285008807646,0.230905569493,0.147942045173,,,,,,,,0.108829596016,1.222600000000
56220,0.499671563320,0.497577903775,0.491301282483,0.480852678440,0.466243092370,0.447470686790,0.424497962804,0.397210366389,0.365336133559,0.328271576591,0.284625043822,0.230597346522,0.147686171520,,,,,,,,0.108653890850,1.222533333333
56280,0.498897311786,0.496807892014,0.490543941873,0.480116300752,0.465535744179,0.446800140162,0.423871627691,0.396635273105,0.364818938037,0.327818626624,0.284242396124,0.230290029107,0.147430907045,,,,,,,,0.108478820331,1.222466666667
56340,0.498125348054,0.496040154791,0.489788836207,0.479382092674,0.464830475478,0.446131559406,0.423247122974,0.396061854746,0.364303244113,0.327366987544,0.283860860073,0.229983613107,0.147176249274,,,,,,,,0.108304387279,1.222400000000
56400,0.497355663734,0.495274683761,0.489035957284,0.478650046238,0.464127278626,0.445464937289,0.422624441901,0.395490105108,0.363789046189,0.326916646293,0.283480431189,0.229678094593,0.146922203874,,,,,,,,0.108130593283,1.222333333333
56460,0.496588250464,0.494511470614,0.488285296936,0.477920153513,0.463426146013,0.444800263975,0.422003577745,0.394920018012,0.363276338686,0.326467607987,0.283101092702,0.229373469799,0.146668769913,,,,,,,,0.107957439060,1.222266666667
56520,0.495823099922,0.493750507073,0.487536847028,0.477192406598,0.462727070059,0.444137533223,0.421384523809,0.394351587305,0.362765116050,0.326019867682,0.282722844524,0.229069725843,0.146415937846,,,,,,,,0.107784924692,1.222200000000
56580,0.495060203815,0.492991784893,0.486790599458,0.476466797624,0.462030043216,0.443476739598,0.420767271971,0.393784806860,0.362255372747,0.325573420442,0.282345690229,0.228766846132,0.146163712783,,,,,,,,0.107613049780,1.222133333333
56640,0.494299553885,0.492235295863,0.486046546155,0.475743318752,0.461335057965,0.442817875981,0.420151813176,0.393219670572,0.361747103263,0.325128261347,0.281969625442,0.228464841110,0.145912094074,,,,,,,,0.107441813561,1.222066666667
56700,0.493541141906,0.491481031806,0.485304679083,0.475021962177,0.460642106818,0.442160935282,0.419538144688,0.392656168382,0.361240302105,0.324684385493,0.281594645826,0.228163708143,0.145661076045,,,,,,,,0.107271214986,1.222000000000
56760,0.492784959687,0.490728984575,0.484564990236,0.474302720124,0.459951182317,0.441505910441,0.418926259919,0.392094295641,0.360734960792,0.324241787993,0.281220747080,0.227863443556,0.145410653752,,,,,,,,0.107101252778,1.221933333333
56820,0.492030999068,0.489979146060,0.483827471641,0.473585584849,0.459262277034,0.440852794427,0.418316152305,0.391534048916,0.360231071444,0.323800459401,0.280847924943,0.227564043868,0.145160830784,,,,,,,,0.106931925477,1.221866666667
56880,0.491279251922,0.489231508179,0.483092115357,0.472870548641,0.458575383571,0.440201580235,0.417707815311,0.390975422201,0.359728634087,0.323360392108,0.280476162948,0.227265506385,0.144911604572,,,,,,,,0.106763231477,1.221800000000
56940,0.490529710157,0.488486062885,0.482358913476,0.472157603817,0.457890494560,0.439552260891,0.417101242427,0.390418409514,0.359227643310,0.322921588652,0.280105461215,0.226967826748,0.144662964040,,,,,,,,0.106595169049,1.221733333333
57000,0.489782365709,0.487742802163,0.481627858119,0.471446742728,0.457207602662,0.438904829447,0.416496427169,0.389863004898,0.358728093720,0.322484044228,0.279735823553,0.226671002912,0.144414913434,,,,,,,,0.106427736366,1.221666666667
57060,0.489037210551,0.487001718030,0.480898941440,0.470737957754,0.456526700568,0.438259278984,0.415893363082,0.389309202417,0.358229979947,0.322047754053,0.279367245837,0.226375030555,0.144167451282,,,,,,,,0.106260931514,1.221600000000
57120,0.488294236685,0.486262802535,0.480172155627,0.470031241305,0.455847780999,0.437615602613,0.415292043733,0.388756996161,0.357733296641,0.321612713367,0.278999723970,0.226079907186,0.143920571266,,,,,,,,0.106094752513,1.221533333333
57180,0.487553436146,0.485526047759,0.479447492895,0.469326585823,0.455170836706,0.436973793468,0.414692462717,0.388206380241,0.357238038474,0.321178917434,0.278633253885,0.225785629283,0.143674267475,,,,,,,,0.105929197323,1.221466666667
57240,0.486814801002,0.484791445814,0.478724945493,0.468623983781,0.454495860466,0.436333844716,0.414094613656,0.387657348792,0.356744200138,0.320746361542,0.278267831541,0.225492193439,0.143428543337,,,,,,,,0.105764263854,1.221400000000
57300,0.486078323352,0.484058988331,0.478004504676,0.467923426145,0.453822843040,0.435695746963,0.413498487005,0.387109892016,0.356251771238,0.320315033767,0.277903440630,0.225199597089,0.143183395875,,,,,,,,0.105599949977,1.221333333333
57360,0.485343995325,0.483328667675,0.477286163131,0.467224906013,0.453151778019,0.435059494378,0.412904077607,0.386564005544,0.355760748381,0.319884932088,0.277540081648,0.224907835900,0.142938813763,,,,,,,,0.105436253525,1.221266666667
57420,0.484611809085,0.482600476382,0.476569913855,0.466528416927,0.452482659576,0.434425081858,0.412311381194,0.386019686109,0.355271129586,0.319456056478,0.277177758466,0.224616907918,0.142694800514,,,,,,,,0.105273172303,1.221200000000
57480,0.483881756825,0.481874406689,0.475855749219,0.465833951478,0.451815480606,0.433792502679,0.411720391491,0.385476927939,0.354782909636,0.319028402317,0.276816467140,0.224326808923,0.142451354769,,,,,,,,0.105110704090,1.221133333333
57540,0.483153830770,0.481150450866,0.475143661625,0.465141502289,0.451150234031,0.433161750141,0.411131102243,0.384935725284,0.354296083332,0.318601965010,0.276456203744,0.224037536407,0.142208470402,,,,,,,,0.104948846644,1.221066666667
57600,0.482428023175,0.480428601214,0.474433643508,0.464451062010,0.450486912805,0.432532817572,0.410543507223,0.384396072420,0.353810645499,0.318176739982,0.276096964373,0.223749086988,0.141966140266,,,,,,,,0.104787597706,1.221000000000
57660,0.481704326329,0.479708850064,0.473725687330,0.463762623324,0.449825509906,0.431905698328,0.409957600230,0.383857963644,0.353326590986,0.317752722681,0.275738745143,0.223461457225,0.141724368310,,,,,,,,0.104626955000,1.220933333333
57720,0.480982732550,0.478991189778,0.473019785586,0.463076178940,0.449166018343,0.431280385788,0.409373375084,0.383321393276,0.352843914659,0.317329908578,0.275381529744,0.223174644702,0.141483151436,,,,,,,,0.104466916240,1.220866666667
57780,0.480263234185,0.478275612749,0.472315930798,0.462391721599,0.448508431153,0.430656873363,0.408790825633,0.382786355660,0.352362611412,0.316908283237,0.275025319200,0.222888645039,0.141242478650,,,,,,,,0.104307479129,1.220800000000
57840,0.479545823615,0.477562111401,0.471614115522,0.461709244068,0.447852741400,0.430035154486,0.408209945749,0.382252845164,0.351882668923,0.316487850296,0.274670117294,0.222603456389,0.141002352229,,,,,,,,0.104148641359,1.220733333333
57900,0.478830493250,0.476850678187,0.470914332341,0.461028739147,0.447198942176,0.429415222619,0.407630729328,0.381720852173,0.351404088340,0.316068607120,0.274315920213,0.222319074650,0.140762771457,,,,,,,,0.103990400621,1.220666666667
57960,0.478117235530,0.476141305591,0.470216573868,0.460350199662,0.446547026602,0.428797071248,0.407053170291,0.381190372734,0.350926865666,0.315650549265,0.273962724166,0.222035497250,0.140523730913,,,,,,,,0.103832754595,1.220600000000
58020,0.477406042926,0.475433986127,0.469520832747,0.459673618469,0.445896987824,0.428180693887,0.406477257645,0.380661403673,0.350450995881,0.315233672310,0.273610525375,0.221752720996,0.140285221595,,,,,,,,0.103675700960,1.220533333333
58080,0.476696907939,0.474728712340,0.468827101650,0.458998988452,0.445248819020,0.427566084076,0.405902990129,0.380133939449,0.349976473987,0.314817971850,0.273259320082,0.221470742366,0.140047248458,,,,,,,,0.103519237394,1.220466666667
58140,0.475989823101,0.474025476803,0.468135373280,0.458326302525,0.444602513390,0.426953232751,0.405330361924,0.379607974544,0.349503295006,0.314403443505,0.272909091837,0.221189559150,0.139809808378,,,,,,,,0.103363361569,1.220400000000
58200,0.475284780972,0.473324272121,0.467445640367,0.457655553627,0.443958064164,0.426342134641,0.404759367049,0.379083503462,0.349031453985,0.313990081920,0.272559842383,0.220909166896,0.139572891154,,,,,,,,0.103208071160,1.220333333333
58260,0.474581774143,0.472625090926,0.466757895673,0.456986734730,0.443315464601,0.425732784869,0.404189999546,0.378560520731,0.348560945989,0.313577873064,0.272211575283,0.220629563873,0.139336497130,,,,,,,,0.103053363840,1.220266666667
58320,0.473880795234,0.471927925881,0.466072131987,0.456319838831,0.442674707510,0.425125177077,0.403622253481,0.378039020901,0.348091764911,0.313166823321,0.271864286841,0.220350746147,0.139100626684,,,,,,,,0.102899237285,1.220200000000
58380,0.473181836896,0.471232769680,0.465388342126,0.455654858956,0.442035783905,0.424519304934,0.403056122947,0.377518998546,0.347623900064,0.312756928385,0.271517973379,0.220072711031,0.138865275560,,,,,,,,0.102745689170,1.220133333333
58440,0.472484891809,0.470539615043,0.464706518939,0.454991788159,0.441398689907,0.423915162134,0.402491602058,0.377000448261,0.347157353592,0.312348183974,0.271172631232,0.219795455590,0.138630432129,,,,,,,,0.102592717173,1.220066666667
58500,0.471789952680,0.469848454721,0.464026655301,0.454330619521,0.440763418881,0.423312742395,0.401928684954,0.376483360545,0.346692120648,0.311940585821,0.270828256754,0.219518976174,0.138396102812,,,,,,,,0.102440318976,1.220000000000
58560,0.471097012248,0.469159281494,0.463348744117,0.453671346153,0.440129964218,0.422712039462,0.401367365796,0.375967731992,0.346228196403,0.311534129680,0.270484833240,0.219243270739,0.138162284493,,,,,,,,0.102288492262,1.219933333333
58620,0.470406063280,0.468472088171,0.462672778320,0.453013961191,0.439498319335,0.422113047104,0.400807638772,0.375453559448,0.345765576051,0.311128811323,0.270142363346,0.218968335016,0.137928968220,,,,,,,,0.102137234720,1.219866666667
58680,0.469717098572,0.467786867589,0.461998750870,0.452358457003,0.438868477676,0.421515759117,0.400249496420,0.374940837600,0.345304254807,0.310724622694,0.269800850302,0.218694167129,0.137696151580,,,,,,,,0.101986544040,1.219800000000
58740,0.469030110949,0.467103612615,0.461326654757,0.451704825976,0.438240432713,0.420920169319,0.399692931291,0.374429561154,0.344844227904,0.310321555712,0.269460290521,0.218420763443,0.137463836505,,,,,,,,0.101836417920,1.219733333333
58800,0.468345093265,0.466422316143,0.460656482998,0.451053062940,0.437614177942,0.420326271557,0.399137941013,0.373919724840,0.344385490598,0.309919613966,0.269120680430,0.218148121108,0.137232019895,,,,,,,,0.101686854058,1.219666666667
58860,0.467662038402,0.465742971097,0.459988228639,0.450403161142,0.436989706885,0.419734059698,0.398584519867,0.373411323409,0.343928034709,0.309518793302,0.268782016471,0.217876237509,0.137000688039,,,,,,,,0.101537850161,1.219600000000
58920,0.466980939270,0.465065570427,0.459321884753,0.449755113856,0.436367013091,0.419143527637,0.398032662158,0.372904351635,0.343471854343,0.309119089581,0.268444295100,0.217605108821,0.136769847870,,,,,,,,0.101389403940,1.219533333333
58980,0.466301788809,0.464390107115,0.458657444441,0.449108914382,0.435746090135,0.418554666537,0.397482362212,0.372398804312,0.343016949482,0.308720498685,0.268107499250,0.217334733199,0.136539496777,,,,,,,,0.101241513111,1.219466666667
59040,0.465624579986,0.463716574167,0.457994900832,0.448464556047,0.435126931618,0.417967471829,0.396933614381,0.371894676257,0.342563315462,0.308323016512,0.267771632690,0.217065106589,0.136309627529,,,,,,,,0.101094175397,1.219400000000
59100,0.464949305797,0.463044964620,0.457334247081,0.447822032205,0.434509531166,0.417381938764,0.396386413039,0.371391958012,0.342110947636,0.307926638977,0.267436698210,0.216796226918,0.136080234033,,,,,,,,0.100947388524,1.219333333333
59160,0.464275959265,0.462375271536,0.456675476373,0.447181336237,0.433893882430,0.416798061333,0.395840752581,0.370890646832,0.341659841381,0.307531355276,0.267102692327,0.216528090912,0.135851320260,,,,,,,,0.100801150228,1.219266666667
59220,0.463604533442,0.461707488009,0.456018581917,0.446542461550,0.433279979088,0.416215833554,0.395296627428,0.370390739516,0.341209992090,0.307137163339,0.266769611567,0.216260695509,0.135622883141,,,,,,,,0.100655458248,1.219200000000
59280,0.462935021406,0.461041607156,0.455363556952,0.445905401578,0.432667814842,0.415635249466,0.394754032022,0.369892230969,0.340761395179,0.306744063918,0.266437452475,0.215994038470,0.135394910776,,,,,,,,0.100510310332,1.219133333333
59340,0.462267416264,0.460377622124,0.454710394742,0.445270149780,0.432057383421,0.415056303134,0.394212960829,0.369395116114,0.340314046081,0.306352052996,0.266106211608,0.215728115743,0.135167406243,,,,,,,,0.100365704232,1.219066666667
59400,0.461601711152,0.459715526087,0.454059087460,0.444636699643,0.431448676329,0.414478988648,0.393673404805,0.368899389895,0.339867934513,0.305961126575,0.265775871431,0.215462925714,0.134940369065,,,,,,,,0.100221637684,1.219000000000
59460,0.460937917356,0.459055433209,0.453410058759,0.444005987422,0.430843351575,0.413905891312,0.393139103289,0.368410187847,0.339429913580,0.305580308444,0.265458521283,0.215216022739,0.134757318395,,,,,,,,0.100077681520,1.218966666667
59520,0.460276045984,0.458397251195,0.452762906411,0.443377094580,0.430239767567,0.413334435496,0.392606324797,0.367922372541,0.338993126956,0.305200557729,0.265142059179,0.214969817874,0.134574705137,,,,,,,,0.099934018177,1.218933333333
59580,0.459616089941,0.457740972994,0.452117623494,0.442750014403,0.429637917881,0.412764615138,0.392075063702,0.367435938840,0.338557570054,0.304821870435,0.264826481740,0.214724308622,0.134392534162,,,,,,,,0.099790781008,1.218900000000
59640,0.458958042163,0.457086591585,0.451474203113,0.442124740208,0.429037796119,0.412196424204,0.391545314396,0.366950881633,0.338123238307,0.304444242585,0.264511785596,0.214479491709,0.134210822759,,,,,,,,0.099648009305,1.218866666667
59700,0.458301895615,0.456434099973,0.450832638401,0.441501265335,0.428439395910,0.411629856683,0.391017071299,0.366467195827,0.337690127168,0.304067670219,0.264197967392,0.214235363547,0.134029579636,,,,,,,,0.099505722187,1.218833333333
59760,0.457647643291,0.455783491197,0.450192922521,0.440879583155,0.427842710912,0.411064906590,0.390490328853,0.365984876353,0.337258232109,0.303692149391,0.263885023764,0.213991920092,0.133848810193,,,,,,,,0.099363930417,1.218800000000
59820,0.456995278213,0.455134758321,0.449555048664,0.440259687066,0.427247734805,0.410501567965,0.389965081524,0.365503918163,0.336827548622,0.303317672244,0.263572951338,0.213749158055,0.133668517706,,,,,,,,0.099222640455,1.218766666667
59880,0.456344793435,0.454487894439,0.448919010049,0.439641570493,0.426654461298,0.409939834874,0.389441323799,0.365024316231,0.336398072218,0.302944237043,0.263261746722,0.213507074405,0.133488704048,,,,,,,,0.099081856251,1.218733333333
59940,0.455696182036,0.453842892672,0.448284799922,0.439025226887,0.426062884127,0.409379701406,0.388919050191,0.364546064090,0.335969798429,0.302571841658,0.262951406514,0.213265666054,0.133309369491,,,,,,,,0.098941580173,1.218700000000
60000,0.455049437125,0.453199746173,0.447652411559,0.438410649729,0.425472997051,0.408821161676,0.388398255236,0.364069156640,0.335542722803,0.302200482204,0.262641927310,0.213024930068,0.133130509626,,,,,,,,0.098801813524,1.218666666667
60060,0.454404551841,0.452558448120,0.447021838262,0.437797832524,0.424884793858,0.408264209823,0.387878933491,0.363593590506,0.335116840909,0.301830154805,0.262333305714,0.212784863050,0.132952129426,,,,,,,,0.098662556870,1.218633333333
60120,0.453761519349,0.451918991720,0.446393073362,0.437186768807,0.424298268360,0.407708840010,0.387361079539,0.363119360747,0.334692148334,0.301460855601,0.262025538343,0.212545462795,0.132774228248,,,,,,,,0.098523810235,1.218600000000
60180,0.453120332844,0.451281370209,0.445766110217,0.436577452137,0.423713414396,0.407155045447,0.386844687982,0.362646462443,0.334268640682,0.301092580739,0.261718616926,0.212306726752,0.132596805165,,,,,,,,0.098385573245,1.218566666667
60240,0.452480985548,0.450645576850,0.445140942212,0.435969876101,0.423130225829,0.406602820358,0.386329753449,0.362174890693,0.333846313576,0.300725326380,0.261412538177,0.212068652342,0.132419859032,,,,,,,,0.098247845225,1.218533333333
60300,0.451843470711,0.450011604935,0.444517562761,0.435364034313,0.422548696549,0.406052159954,0.385816270588,0.361704640619,0.333425162655,0.300359088696,0.261107303659,0.211831236954,0.132243388527,,,,,,,,0.098110625262,1.218500000000
60360,0.451207781612,0.449379447783,0.443895965303,0.434759920412,0.421968820470,0.405503058495,0.385304234071,0.361235707362,0.333005183489,0.299993863876,0.260802910089,0.211594477562,0.132067392193,,,,,,,,0.097973912257,1.218466666667
60420,0.450573911558,0.448749098739,0.443276143306,0.434157528064,0.421390591534,0.404955510266,0.384793638594,0.360768086085,0.332586367994,0.299629648120,0.260499354208,0.211358372286,0.131891863261,,,,,,,,0.097837704968,1.218433333333
60480,0.449941853881,0.448120551179,0.442658090264,0.433556850964,0.420814003705,0.404409509576,0.384284478872,0.360301771969,0.332168715716,0.299266437644,0.260196632784,0.211122918669,0.131716804411,,,,,,,,0.097702002030,1.218400000000
60540,0.449311601943,0.447493798504,0.442041799699,0.432957882828,0.420239050974,0.403865050757,0.383776749644,0.359836760217,0.331752222362,0.298904228682,0.259894742611,0.210888114271,0.131542214733,,,,,,,,0.097566801984,1.218366666667
60600,0.448683149133,0.446868834142,0.441427265158,0.432360617402,0.419665727356,0.403322128165,0.383270445672,0.359373046050,0.331336883656,0.298543017483,0.259593680506,0.210653956434,0.131368092434,,,,,,,,0.097432103291,1.218333333333
60660,0.448056488867,0.446245651549,0.440814480216,0.431765048456,0.419094026892,0.402780736180,0.382765561738,0.358910624710,0.330922695342,0.298182800314,0.259293443313,0.210420442525,0.131194435673,,,,,,,,0.097297904346,1.218300000000
60720,0.447431614588,0.445624244208,0.440203438475,0.431171169534,0.418523943647,0.402240869205,0.382262092113,0.358449491458,0.330509653177,0.297823572204,0.258994027894,0.210187570579,0.131021242565,,,,,,,,0.097164203492,1.218266666667
60780,0.446808519767,0.445004605630,0.439594133562,0.430578973838,0.417955471711,0.401702521666,0.381760030307,0.357989641574,0.330097752937,0.297465326359,0.258695431136,0.209955338196,0.130848511196,,,,,,,,0.097030999026,1.218233333333
60840,0.446187197900,0.444386729350,0.438986559131,0.429988456092,0.417388605198,0.401165688013,0.381259373025,0.357531070359,0.329686990417,0.297108063462,0.258397649945,0.209723742982,0.130676235940,,,,,,,,0.096898289208,1.218200000000
60900,0.445567642512,0.443770608932,0.438380708863,0.429399610170,0.416823338247,0.400630362719,0.380760115137,0.357073773132,0.329277361426,0.296751779850,0.258100681246,0.209492782171,0.130504416020,,,,,,,,0.096766072265,1.218166666667
60960,0.444949847154,0.443156237966,0.437776576464,0.428812429970,0.416259665021,0.400096540279,0.380262251534,0.356617745231,0.328868861795,0.296396471880,0.257804521984,0.209262453471,0.130333051901,,,,,,,,0.096634346401,1.218133333333
61020,0.444333805402,0.442543610068,0.437174155667,0.428226909417,0.415697579707,0.399564215213,0.379765777125,0.356162982014,0.328461487368,0.296042135925,0.257509163447,0.209032754798,0.130162141579,,,,,,,,0.096503109795,1.218100000000
61080,0.443719510862,0.441932718881,0.436573440229,0.427643042459,0.415137076518,0.399033382062,0.379270686846,0.355709478859,0.328055234010,0.295688768377,0.257214604291,0.208803683784,0.129991683041,,,,,,,,0.096372360609,1.218066666667
61140,0.443106957162,0.441323558074,0.435974423935,0.427060823071,0.414578149688,0.398504035390,0.378776975650,0.355257229387,0.327650097603,0.295336365646,0.256920845527,0.208575238068,0.129821674263,,,,,,,,0.096242096992,1.218033333333
61200,0.442496137960,0.440716121342,0.435377100595,0.426480245251,0.414020793477,0.397976169784,0.378284638510,0.354806229606,0.327246074046,0.294984924157,0.256627884166,0.208347414768,0.129652113213,,,,,,,,0.096112317106,1.218000000000
61260,0.441887030293,0.440110288697,0.434781058868,0.425900411930,0.413463430971,0.397447327216,0.377790124012,0.354351595346,0.326836643409,0.294625831625,0.256324150984,0.208103281770,0.129439196165,,,,,,,,0.095983431480,1.217933333333
61320,0.441279611410,0.439506135039,0.434186666880,0.425322180049,0.412907602267,0.396919935198,0.377296959464,0.353898195266,0.326428314882,0.294267701597,0.256021227717,0.207859793251,0.129226726492,,,,,,,,0.095855254594,1.217866666667
61380,0.440673875323,0.438903654417,0.433593918781,0.424745543930,0.412353300832,0.396393988583,0.376805140070,0.353446024968,0.326021081672,0.293910530592,0.255719111411,0.207616945574,0.129014696466,,,,,,,,0.095727654311,1.217800000000
61440,0.440069816068,0.438302840901,0.433002808747,0.424170497918,0.411800523284,0.395869482243,0.376314661049,0.352995080068,0.325614945125,0.293554310875,0.255417799132,0.207374738070,0.128803088213,,,,,,,,0.095600589559,1.217733333333
61500,0.439467427707,0.437703688586,0.432413330974,0.423597036379,0.411249264222,0.395346411071,0.375825517643,0.352545356201,0.325209901313,0.293199036457,0.255117287960,0.207133168218,0.128591876064,,,,,,,,0.095474038544,1.217666666667
61560,0.438866704324,0.437106191590,0.431825479683,0.423025153702,0.410699518269,0.394824766826,0.375337705112,0.352096849021,0.324805946325,0.292844710741,0.254817558817,0.206892234656,0.128381062575,,,,,,,,0.095347987387,1.217600000000
61620,0.438267640024,0.436510344055,0.431239249117,0.422454844301,0.410151280068,0.394304547008,0.374851218733,0.351649554198,0.324403076268,0.292491330310,0.254518621979,0.206651935904,0.128170639795,,,,,,,,0.095222426253,1.217533333333
61680,0.437670228941,0.435916140147,0.430654633544,0.421886102607,0.409604544282,0.393785747172,0.374366051362,0.351203467421,0.324001287263,0.292138891765,0.254220477707,0.206412269320,0.127960596570,,,,,,,,0.095097347654,1.217466666667
61740,0.437074465227,0.435323574052,0.430071627253,0.421318923079,0.409059305600,0.393268362294,0.373882198548,0.350758584396,0.323600575449,0.291787391723,0.253923123212,0.206173233952,0.127750923175,,,,,,,,0.094972745577,1.217400000000
61800,0.436480343061,0.434732639983,0.429490224556,0.420753300194,0.408515558726,0.392752387367,0.373399657850,0.350314895768,0.323200936983,0.291436826820,0.253626555731,0.205934826600,0.127541622878,,,,,,,,0.094848614993,1.217333333333
61860,0.435887856643,0.434143332174,0.428910419787,0.420189228452,0.407973298391,0.392237817406,0.372918424623,0.349872401611,0.322802363225,0.291087193711,0.253330772526,0.205697045873,0.127332691047,,,,,,,,0.094724951565,1.217266666667
61920,0.435297000197,0.433555644882,0.428332207305,0.419626702377,0.407432519343,0.391724647447,0.372438494238,0.349431098446,0.322404852355,0.290738481746,0.253035770866,0.205459889200,0.127124114418,,,,,,,,0.094601751450,1.217200000000
61980,0.434707767970,0.432969572387,0.427755581489,0.419065716511,0.406893216352,0.391212872542,0.371959862088,0.348990982048,0.322008403418,0.290390691262,0.252741530897,0.205223354006,0.126915893618,,,,,,,,0.094479011182,1.217133333333
62040,0.434120154232,0.432385108993,0.427180536741,0.418506265422,0.406355384211,0.390702487767,0.371482523583,0.348552048211,0.321613012638,0.290043822675,0.252448065012,0.204987438708,0.126708029014,,,,,,,,0.094356727577,1.217066666667
62100,0.433534153274,0.431802249025,0.426607067487,0.417948343697,0.405819017731,0.390193488215,0.371006474150,0.348114292747,0.321218676255,0.289697872713,0.252155372563,0.204752139602,0.126500516920,,,,,,,,0.094234897673,1.217000000000
62160,0.432949759412,0.431220986831,0.426035168172,0.417391945945,0.405284111744,0.389685869001,0.370531709237,0.347677711483,0.320825390525,0.289352838122,0.251863450839,0.204517455614,0.126293340458,,,,,,,,0.094113518686,1.216933333333
62220,0.432366966984,0.430641316782,0.425464833265,0.416837066797,0.404750661105,0.389179625256,0.370058224309,0.347242300266,0.320433151724,0.289008715665,0.251572297131,0.204283383548,0.126086509465,,,,,,,,0.093992587974,1.216866666667
62280,0.431785770350,0.430063233271,0.424896057258,0.416283700905,0.404218660687,0.388674752135,0.369586014849,0.346808054958,0.320041956142,0.288665502119,0.251281908732,0.204049921257,0.125880020621,,,,,,,,0.093872103015,1.216800000000
62340,0.431206163893,0.429486730713,0.424328834664,0.415731842942,0.403688105384,0.388171244808,0.369115076361,0.346374971441,0.319651800089,0.288323194275,0.250992282935,0.203817066627,0.125673866379,,,,,,,,0.093752061380,1.216733333333
62400,0.430628142017,0.428911802866,0.423763158656,0.415181485560,0.403158987368,0.387669094975,0.368645400007,0.345943040131,0.319262672689,0.287981778530,0.250703398854,0.203584816437,0.125468038424,,,,,,,,0.093632460725,1.216666666667
62460,0.430051699150,0.428338444836,0.423199025087,0.414632625419,0.402631304185,0.387168301168,0.368176985470,0.345512262155,0.318874577127,0.287641261591,0.250415271057,0.203353169377,0.125262542892,,,,,,,,0.093513298776,1.216600000000
62520,0.429476829742,0.427766651142,0.422636428604,0.414085257362,0.402105050932,0.386668858801,0.367709828533,0.345082633730,0.318487510135,0.287301640832,0.250127897795,0.203122122041,0.125057376698,,,,,,,,0.093394573317,1.216533333333
62580,0.428903528262,0.427196416285,0.422075363806,0.413539376147,0.401580222585,0.386170763121,0.367243924770,0.344654150805,0.318101468087,0.286962913095,0.249841276374,0.202891672798,0.124852528191,,,,,,,,0.093276282185,1.216466666667
62640,0.428331789206,0.426627734793,0.421515825316,0.412994976552,0.401056814139,0.385674009397,0.366779269774,0.344226809349,0.317716447373,0.286625075235,0.249555404107,0.202661819110,0.124647997519,,,,,,,,0.093158423264,1.216400000000
62700,0.427761607089,0.426060601211,0.420957807775,0.412452053377,0.400534820610,0.385178592916,0.366315859156,0.343800605343,0.317332444397,0.286288124118,0.249270278311,0.202432558272,0.124443786962,,,,,,,,0.093040994475,1.216333333333
62760,0.427192976446,0.425495010109,0.420401305848,0.411910601441,0.400014237033,0.384684508983,0.365853688545,0.343375534789,0.316949455581,0.285952056621,0.248985896048,0.202203888800,0.124239893554,,,,,,,,0.092923993777,1.216266666667
62820,0.426625891837,0.424930956077,0.419846314218,0.411370615586,0.399495058463,0.384191752925,0.365392753587,0.342951593704,0.316567477359,0.285616866986,0.248702236109,0.201975807122,0.124036301421,,,,,,,,0.092807419161,1.216200000000
62880,0.426060347843,0.424368433726,0.419292827592,0.410832090672,0.398977279975,0.383700320083,0.364933049946,0.342528778123,0.316186504078,0.285282546534,0.248419314667,0.201748312121,0.123833019162,,,,,,,,0.092691268645,1.216133333333
62940,0.425496339065,0.423807437691,0.418740840697,0.410295021582,0.398460896664,0.383210205822,0.364474573305,0.342107083854,0.315806528913,0.284949100427,0.248137129068,0.201521400876,0.123630045109,,,,,,,,0.092575540277,1.216066666667
63000,0.424933860126,0.423247962626,0.418190348282,0.409759403216,0.397945903643,0.382721405520,0.364017319363,0.341686501757,0.315427553757,0.284616525585,0.247855676666,0.201295071186,0.123427373552,,,,,,,,0.092460232125,1.216000000000
63060,0.424372905670,0.422690003206,0.417641345114,0.409225230498,0.397432296046,0.382233914580,0.363561282068,0.341267033380,0.315049575104,0.284284818942,0.247574954824,0.201069321267,0.123224992758,,,,,,,,0.092345342282,1.215933333333
63120,0.423813470365,0.422133554128,0.417093825983,0.408692498370,0.396920069025,0.381747728418,0.363106456191,0.340848674824,0.314672589461,0.283953977443,0.247294960913,0.200844147830,0.123022911352,,,,,,,,0.092230868859,1.215866666667
63180,0.423255548896,0.421578610110,0.416547785700,0.408161201794,0.396409217754,0.381262842175,0.362652840231,0.340431422205,0.314296593351,0.283623998044,0.247015690753,0.200619549815,0.122821126476,,,,,,,,0.092116809988,1.215800000000
63240,0.422699135971,0.421025165892,0.416003219096,0.407631335754,0.395899737425,0.380779248303,0.362200429958,0.340015271656,0.313921583311,0.283294877711,0.246737125857,0.200395524093,0.122619628384,,,,,,,,0.092003163817,1.215733333333
63300,0.422144226320,0.420473216232,0.415460121022,0.407102895251,0.395391623246,0.380296945586,0.361749221158,0.339600219323,0.313547555892,0.282966607553,0.246459281094,0.200172068934,0.122418413212,,,,,,,,0.091889928514,1.215666666667
63360,0.421590814693,0.419922755912,0.414918486350,0.406575875307,0.394884870450,0.379815929516,0.361299209636,0.339186261372,0.313174507656,0.282639185496,0.246182153875,0.199949182213,0.122217485862,,,,,,,,0.091777102258,1.215600000000
63420,0.421038895860,0.419373779732,0.414378309971,0.406050270967,0.394379472548,0.379336195602,0.360850391213,0.338773393981,0.312802430585,0.282312613493,0.245905741616,0.199726861102,0.122016843504,,,,,,,,0.091664683246,1.215533333333
63480,0.420488464612,0.418826282514,0.413839586800,0.405526077290,0.393875425481,0.378857739372,0.360402761727,0.338361613346,0.312431323041,0.281986888556,0.245630041748,0.199505104401,0.121816472311,,,,,,,,0.091552669688,1.215466666667
63540,0.419939515762,0.418280259101,0.413302311767,0.405003289359,0.393372725609,0.378380556371,0.359956317034,0.337950914863,0.312061184474,0.281662007708,0.245355051709,0.199283908851,0.121616376315,,,,,,,,0.091441059809,1.215400000000
63600,0.419392044143,0.417735704355,0.412766479826,0.404481902274,0.392871368238,0.377904642165,0.359511053005,0.337541290769,0.311692011501,0.281337967981,0.245080765997,0.199063273164,0.121416556662,,,,,,,,0.091329851845,1.215333333333
63660,0.418846044606,0.417192613160,0.412232085950,0.403961911157,0.392371348692,0.377429992333,0.359066965529,0.337132742124,0.311323800755,0.281014766420,0.244807169039,0.198843194898,0.121217010540,,,,,,,,0.091219044046,1.215266666667
63720,0.418301512027,0.416650980419,0.411699125131,0.403443311148,0.391872662314,0.376956602477,0.358624050512,0.336725265185,0.310956548879,0.280692400083,0.244534274321,0.198623671653,0.121017720009,,,,,,,,0.091108634671,1.215200000000
63780,0.417758441298,0.416110801054,0.411167592381,0.402926095652,0.391375304466,0.376484468212,0.358182300114,0.336318856225,0.310590252533,0.280370856921,0.244262079321,0.198404702100,0.120818697014,,,,,,,,0.090998621994,1.215133333333
63840,0.417216827333,0.415572070012,0.410637482734,0.402410261294,0.390879270529,0.376013585174,0.357741713373,0.335913511529,0.310224908388,0.280050141515,0.243990581531,0.198186282862,0.120619938930,,,,,,,,0.090889004298,1.215066666667
63900,0.416676665067,0.415034782253,0.410108791241,0.401895803586,0.390384555901,0.375543949015,0.357302286921,0.335509227401,0.309860513127,0.279730252590,0.243719778450,0.197968413060,0.120421439342,,,,,,,,0.090779779877,1.215000000000
63960,0.416137949454,0.414498932763,0.409581512974,0.401382717745,0.389891155999,0.375075555405,0.356864016727,0.335106000157,0.309497056344,0.279411187247,0.243449667588,0.197751089959,0.120223186993,,,,,,,,0.090670947037,1.214933333333
64020,0.415600675468,0.413964516546,0.409055643024,0.400870999007,0.389399066259,0.374608399204,0.356426898780,0.334703826127,0.309134541610,0.279092942599,0.243180242036,0.197534311557,0.120025190938,,,,,,,,0.090562504092,1.214866666667
64080,0.415064838103,0.413431528623,0.408531176501,0.400360642627,0.388908282134,0.374142474252,0.355990929083,0.334302701659,0.308772965910,0.278775515768,0.242911489319,0.197318076289,0.119827448372,,,,,,,,0.090454449367,1.214800000000
64140,0.414530432372,0.412899964038,0.408008108536,0.399851643877,0.388418799096,0.373677778974,0.355556103657,0.333902621678,0.308412325981,0.278458903891,0.242643421448,0.197102381022,0.119629949082,,,,,,,,0.090346781196,1.214733333333
64200,0.413997453309,0.412369817854,0.407486434278,0.399343998052,0.387930612635,0.373214309108,0.355122418537,0.333503579880,0.308052618572,0.278143102400,0.242376035977,0.196887224904,0.119432689035,,,,,,,,0.090239497924,1.214666666667
64260,0.413465895968,0.411841085153,0.406966148895,0.398837700461,0.387443718260,0.372752060411,0.354689869776,0.333105576784,0.307693840446,0.277828101204,0.242109330467,0.196672605049,0.119235673847,,,,,,,,0.090132597903,1.214600000000
64320,0.412935755421,0.411313761036,0.406447247575,0.398332746434,0.386958111495,0.372291028656,0.354258453440,0.332708608795,0.307335988377,0.277513906456,0.241843302492,0.196458519822,0.119038900709,,,,,,,,0.090026079496,1.214533333333
64380,0.412407026760,0.410787840624,0.405929725525,0.397829131321,0.386473787885,0.371831209632,0.353828165614,0.332312672331,0.306979059154,0.277200515336,0.241577949635,0.196244967399,0.118842355603,,,,,,,,0.089919941075,1.214466666667
64440,0.411879705097,0.410263319058,0.405413577541,0.397326850487,0.385990742120,0.371372599147,0.353399001004,0.331917763825,0.306623047247,0.276887925037,0.241313263486,0.196031945003,0.118646041703,,,,,,,,0.089814181018,1.214400000000
64500,0.411353785563,0.409740191496,0.404898798381,0.396825899317,0.385508968794,0.370915193024,0.352970954150,0.331523879725,0.306267946833,0.276576132759,0.241049234849,0.195819451678,0.118449961194,,,,,,,,0.089708797714,1.214333333333
64560,0.410829263308,0.409218453119,0.404385384230,0.396326273216,0.385028465370,0.370458987104,0.352544024162,0.331131016493,0.305913759720,0.276265135718,0.240785874172,0.195607484448,0.118254111259,,,,,,,,0.089603789561,1.214266666667
64620,0.410306133501,0.408698099123,0.403873330369,0.395827967605,0.384549227461,0.370003977244,0.352118207186,0.330739170602,0.305560482748,0.275954931138,0.240523179080,0.195396042011,0.118058474065,,,,,,,,0.089499154963,1.214200000000
64680,0.409784391332,0.408179124724,0.403362632100,0.395330977924,0.384071250698,0.369550159317,0.351693499384,0.330348338544,0.305208112767,0.275645511169,0.240261147208,0.195185122314,0.117863059977,,,,,,,,0.089394892335,1.214133333333
64740,0.409264032006,0.407661525160,0.402853284742,0.394835299632,0.383594530732,0.369097529213,0.351269896933,0.329958514723,0.304856646640,0.275336872627,0.239999776199,0.194974722902,0.117667867758,,,,,,,,0.089291000098,1.214066666667
64800,0.408745050751,0.407145295683,0.402345283632,0.394340928203,0.383119063229,0.368646082839,0.350847396024,0.329569694371,0.304506081244,0.275029018310,0.239739063709,0.194764842729,0.117472892776,,,,,,,,0.089187476648,1.214000000000
64860,0.408227457005,0.406630533349,0.401838989115,0.393848662548,0.382646264723,0.368198036724,0.350429211947,0.329186321770,0.304162370982,0.274729861157,0.239489726782,0.194571458328,0.117325574384,,,,,,,,0.089083935145,1.213966666667
64920,0.407711260073,0.406117159439,0.401334057963,0.393357718863,0.382174731007,0.367751181752,0.350012134013,0.328803955714,0.303819555464,0.274431475637,0.239241020035,0.194378566470,0.117178502514,,,,,,,,0.088980555485,1.213933333333
64980,0.407196455013,0.405605169039,0.400830485353,0.392868092474,0.381704457615,0.367305514810,0.349596158323,0.328422592660,0.303477631535,0.274133859007,0.238992947110,0.194186165422,0.117031693644,,,,,,,,0.088877456109,1.213900000000
65040,0.406683036899,0.405094557256,0.400328266482,0.392379778730,0.381235440098,0.366861032028,0.349181280997,0.328042229077,0.303136596052,0.273837008541,0.238745507434,0.193994253080,0.116885162516,,,,,,,,0.088774670244,1.213866666667
65100,0.406171000831,0.404585319218,0.399827396568,0.391892772995,0.380767674027,0.366417729234,0.348767498170,0.327662861449,0.302796444573,0.273540921519,0.238498698719,0.193802827135,0.116738917693,,,,,,,,0.088672213601,1.213833333333
65160,0.405660341923,0.404077450070,0.399327870847,0.391407070654,0.380301154993,0.365975602274,0.348354805993,0.327284486276,0.302457172996,0.273245595237,0.238252518681,0.193611884695,0.116592964257,,,,,,,,0.088570094845,1.213800000000
65220,0.405151055314,0.403570944981,0.398829684576,0.390922667111,0.379835878600,0.365534647011,0.347943200633,0.326907100070,0.302118780520,0.272951027000,0.238006965035,0.193421423856,0.116447305249,,,,,,,,0.088468319101,1.213766666667
65280,0.404643136160,0.403065799137,0.398332833031,0.390439557789,0.379371840476,0.365094859324,0.347532678273,0.326530699359,0.301781264054,0.272657214124,0.237762035489,0.193231442546,0.116301937254,,,,,,,,0.088366889474,1.213733333333
65340,0.404136579637,0.402562007743,0.397837311505,0.389957738130,0.378909036262,0.364656235110,0.347123235109,0.326155280685,0.301444620518,0.272364153935,0.237517727748,0.193041938682,0.116156862848,,,,,,,,0.088265807818,1.213700000000
65400,0.403631380942,0.402059566026,0.397343115314,0.389477203591,0.378447461619,0.364218770283,0.346714867357,0.325780840603,0.301108846845,0.272071843770,0.237274039514,0.192852910283,0.116012085849,,,,,,,,0.088165075166,1.213666666667
65460,0.403127535290,0.401558469231,0.396850239791,0.388997949054,0.377987112226,0.363782460774,0.346307569949,0.325407375684,0.300773939982,0.271780277782,0.237030968492,0.192664354870,0.115867606197,,,,,,,,0.088064691981,1.213633333333
65520,0.402625037917,0.401058712622,0.396358680288,0.388519970230,0.377527983780,0.363347302528,0.345901339594,0.325034882512,0.300439896887,0.271489454468,0.236788512395,0.192476271128,0.115723423533,,,,,,,,0.087964658325,1.213600000000
65580,0.402123884078,0.400560291484,0.395868432177,0.388043263023,0.377070071994,0.362913291510,0.345496173391,0.324663357685,0.300106714530,0.271199373250,0.236546668945,0.192288657347,0.115579537271,,,,,,,,0.087864973963,1.213566666667
65640,0.401624069045,0.400063201120,0.395379490847,0.387567822965,0.376613372600,0.362480423700,0.345092067615,0.324292797814,0.299774389894,0.270910031498,0.236305435878,0.192101511790,0.115435946655,,,,,,,,0.087765638436,1.213533333333
65700,0.401125588114,0.399567436852,0.394891851708,0.387093645610,0.376157881347,0.362048695095,0.344689018556,0.323923199526,0.299442919974,0.270621426590,0.236064810893,0.191914832751,0.115292650797,,,,,,,,0.087666651118,1.213500000000
65760,0.400628436597,0.399072994022,0.394405510188,0.386620726527,0.375703594001,0.361618101707,0.344287022520,0.323554559460,0.299112301776,0.270333555917,0.235824782575,0.191728617916,0.115149640142,,,,,,,,0.087568011249,1.213466666667
65820,0.400132609824,0.398579867991,0.393920461733,0.386149061305,0.375250506346,0.361188639565,0.343886075829,0.323186874178,0.298782532317,0.270046416875,0.235585357958,0.191542866242,0.115006921769,,,,,,,,0.087469717964,1.213433333333
65880,0.399638103148,0.398088054137,0.393436701809,0.385678645550,0.374798614182,0.360760304716,0.343486174818,0.322820137849,0.298453608628,0.269760006873,0.235346534839,0.191357576099,0.114864494868,,,,,,,,0.087371770318,1.213400000000
65940,0.399144911937,0.397597547859,0.392954225898,0.385209474886,0.374347913329,0.360333093220,0.343087315837,0.322454349748,0.298125527749,0.269474323327,0.235108311034,0.191172745851,0.114722358241,,,,,,,,0.087274167297,1.213366666667
66000,0.398653031580,0.397108344575,0.392473029503,0.384741544955,0.373898399620,0.359907001157,0.342689495254,0.322089506570,0.297798286732,0.269189363667,0.234870684375,0.190988373841,0.114580510647,,,,,,,,0.087176907835,1.213333333333
66060,0.398162457485,0.396620439718,0.391993108145,0.384274851417,0.373450068908,0.359482024618,0.342292709448,0.321725605021,0.297471882643,0.268905125333,0.234633652709,0.190804457877,0.114438950807,,,,,,,,0.087079990820,1.213300000000
66120,0.397673185077,0.396133828745,0.391514457361,0.383809389951,0.373002916926,0.359058159714,0.341896954814,0.321362641823,0.297146312185,0.268621605774,0.234397213895,0.190620996963,0.114297677415,,,,,,,,0.086983415106,1.213266666667
66180,0.397185209801,0.395648507128,0.391037072708,0.383345156250,0.372556938528,0.358635402571,0.341502227763,0.321000613707,0.296821569646,0.268338802453,0.234161365811,0.190437989496,0.114156686365,,,,,,,,0.086887179517,1.213233333333
66240,0.396698527120,0.395164470357,0.390560949762,0.382882146028,0.372112130789,0.358213749330,0.341108524719,0.320639517420,0.296497655303,0.268056712843,0.233926106344,0.190255433883,0.114015972707,,,,,,,,0.086791282851,1.213200000000
66300,0.396213132516,0.394681713942,0.390086084115,0.382420355014,0.371668489627,0.357793196147,0.340715842121,0.320279349723,0.296174566266,0.267775334430,0.233691433397,0.190073328451,0.113875541374,,,,,,,,0.086695723889,1.213166666667
66360,0.395729021488,0.394200233412,0.389612471377,0.381959778958,0.371226010980,0.357373739196,0.340324176422,0.319920107386,0.295852299655,0.267494663305,0.233457344886,0.189891671132,0.113735390983,,,,,,,,0.086600501393,1.213133333333
66420,0.395246189556,0.393720024312,0.389140107178,0.381500413622,0.370784690799,0.356955374665,0.339933524091,0.319561787196,0.295530852606,0.267214694615,0.233223838738,0.189710460911,0.113595520143,,,,,,,,0.086505614112,1.213100000000
66480,0.394764632254,0.393241082206,0.388668987164,0.381042254790,0.370344525054,0.356538098757,0.339543881609,0.319204385951,0.295210222263,0.266935429656,0.232990912891,0.189529696211,0.113455927451,,,,,,,,0.086411060787,1.213066666667
66540,0.394284345139,0.392763402676,0.388199106999,0.380585298261,0.369905509729,0.356121907352,0.339155245473,0.318847900461,0.294890405782,0.266656865960,0.232758563404,0.189349375461,0.113316611499,,,,,,,,0.086316840145,1.213033333333
66600,0.393805323783,0.392286981322,0.387730462364,0.380129539850,0.369467640826,0.355706795712,0.338767612192,0.318492327551,0.294571400332,0.266379001071,0.232526782824,0.189169496972,0.113177570872,,,,,,,,0.086222950911,1.213000000000
66660,0.393327563776,0.391811813763,0.387263048960,0.379674975392,0.369030914364,0.355292761404,0.338380978293,0.318137664057,0.294253203093,0.266101832543,0.232295576444,0.188990058785,0.113038798299,,,,,,,,0.086129391800,1.212966666667
66720,0.392851060726,0.391337895633,0.386796862502,0.379221600736,0.368595326376,0.354879800693,0.337995340313,0.317783906829,0.293935811258,0.265825357942,0.232064942248,0.188811059863,0.112900294651,,,,,,,,0.086036161527,1.212933333333
66780,0.392375810261,0.390865222587,0.386331898724,0.378769411750,0.368160872913,0.354467909859,0.337610694804,0.317431052729,0.293619222029,0.265549574846,0.231834878229,0.188632498655,0.112762061987,,,,,,,,0.085943258800,1.212900000000
66840,0.391901808024,0.390393790295,0.385868153379,0.378318404318,0.367727550040,0.354057085197,0.337227037079,0.317079098631,0.293303432623,0.265274480842,0.231605382387,0.188454373612,0.112624098879,,,,,,,,0.085850682327,1.212866666667
66900,0.391429049678,0.389923594446,0.385405622234,0.377868574340,0.367295353840,0.353647323017,0.336844364166,0.316728041423,0.292988440267,0.265000073532,0.231376452737,0.188276683029,0.112486403899,,,,,,,,0.085758430814,1.212833333333
66960,0.390957530901,0.389454630746,0.384944301076,0.377419917732,0.366864280410,0.353238619644,0.336462673471,0.316377878006,0.292674242199,0.264726350524,0.231148087298,0.188099425052,0.112348975621,,,,,,,,0.085666502967,1.212800000000
67020,0.390487247390,0.388986894918,0.384484185708,0.376972430430,0.366434325865,0.352830971418,0.336081961602,0.316028604442,0.292360835670,0.264453309441,0.230920284102,0.187922598627,0.112211812615,,,,,,,,0.085574897492,1.212766666667
67080,0.390018194859,0.388520382704,0.384025271949,0.376526108384,0.366005486335,0.352424374694,0.335702225182,0.315680216742,0.292048217942,0.264180947916,0.230693041189,0.187746202225,0.112074913456,,,,,,,,0.085483613095,1.212733333333
67140,0.389550369042,0.388055089861,0.383567555635,0.376080947559,0.365577757963,0.352018825841,0.335323460844,0.315332713614,0.291736386289,0.263909263592,0.230466356608,0.187570234325,0.111938267824,,,,,,,,0.085392648482,1.212700000000
67200,0.389083765685,0.387591012165,0.383111032622,0.375636943938,0.365151136912,0.351614321244,0.334945665237,0.314986092009,0.291425334998,0.263638254122,0.230240228416,0.187394693212,0.111801882395,,,,,,,,0.085302002364,1.212666666667
67260,0.388618380555,0.387128145408,0.382655698779,0.375194093522,0.364725619357,0.351210857300,0.334568835025,0.314640348889,0.291115063893,0.263367917171,0.230014654680,0.187219577127,0.111665756460,,,,,,,,0.085211673451,1.212633333333
67320,0.388154209437,0.386666485398,0.382201549993,0.374752392325,0.364301201491,0.350808430423,0.334192966881,0.314295481229,0.290805570760,0.263098245577,0.229789633475,0.187044885006,0.111529888599,,,,,,,,0.085121660456,1.212600000000
67380,0.387691248129,0.386206027964,0.381748582169,0.374311836379,0.363877879519,0.350407037041,0.333818057497,0.313951486017,0.290496852919,0.262829241602,0.229565159091,0.186870615348,0.111394277391,,,,,,,,0.085031962094,1.212566666667
67440,0.387229492449,0.385746768947,0.381296791226,0.373872421731,0.363455649666,0.350006673596,0.333444103573,0.313608360253,0.290188907702,0.262560903212,0.229341228093,0.186696766655,0.111258921422,,,,,,,,0.084942577084,1.212533333333
67500,0.386768938232,0.385288704208,0.380846173102,0.373434144445,0.363034508168,0.349607336544,0.333071101827,0.313266100948,0.289881732450,0.262293228112,0.229117843918,0.186523337209,0.111123819277,,,,,,,,0.084853504148,1.212500000000
67560,0.386309581329,0.384831829623,0.380396723749,0.372997000600,0.362614451278,0.349209022356,0.332699048986,0.312924705127,0.289575324517,0.262026214017,0.228895004672,0.186350325343,0.110988967551,,,,,,,,0.084764742011,1.212466666667
67620,0.385851417606,0.384376141086,0.379948439138,0.372560986292,0.362195475265,0.348811727517,0.332327941793,0.312584169826,0.289269681267,0.261759858654,0.228672708474,0.186177729985,0.110854358939,,,,,,,,0.084676289400,1.212433333333
67680,0.385394442950,0.383921634507,0.379501315253,0.372126097631,0.361777576411,0.348415448525,0.331957777005,0.312244492094,0.288964800077,0.261494159757,0.228450953447,0.186005549663,0.110719999847,,,,,,,,0.084588145049,1.212400000000
67740,0.384938653260,0.383468305812,0.379055348098,0.371692330744,0.361360751014,0.348020181895,0.331588551388,0.311905668991,0.288660678333,0.261229115072,0.228229737723,0.185833782906,0.110585888874,,,,,,,,0.084500307691,1.212366666667
67800,0.384484044455,0.383016150944,0.378610533690,0.371259681773,0.360944995387,0.347625924153,0.331220261726,0.311567697591,0.288357313432,0.260964722354,0.228009059444,0.185662427995,0.110452024621,,,,,,,,0.084412776068,1.212333333333
67860,0.384030612469,0.382565165863,0.378166868064,0.370828146876,0.360530305859,0.347232671840,0.330852904812,0.311230574977,0.288054702784,0.260700979368,0.227788916758,0.185491483349,0.110318405694,,,,,,,,0.084325548923,1.212300000000
67920,0.383578353251,0.382115346543,0.377724347269,0.370397722227,0.360116678771,0.346840421512,0.330486477455,0.310894298248,0.287752843809,0.260437883888,0.227569307821,0.185320947895,0.110185030701,,,,,,,,0.084238625003,1.212266666667
67980,0.383127262769,0.381666688976,0.377282967373,0.369968404013,0.359704110481,0.346449169738,0.330120976475,0.310558864511,0.287451733936,0.260175433699,0.227350230798,0.185150820187,0.110051898256,,,,,,,,0.084152003062,1.212233333333
68040,0.382677337006,0.381219189171,0.376842724456,0.369540188439,0.359292597361,0.346058913100,0.329756398705,0.310224270886,0.287151370608,0.259913626593,0.227131683859,0.184981098785,0.109919002337,,,,,,,,0.084065681855,1.212200000000
68100,0.382228571962,0.380772843151,0.376403614617,0.369113071724,0.358882135796,0.345669648195,0.329392740991,0.309890514507,0.286851751276,0.259652460375,0.226913665184,0.184811781972,0.109786340654,,,,,,,,0.083979660143,1.212166666667
68160,0.381780963650,0.380327646956,0.375965633969,0.368687050103,0.358472722189,0.345281371633,0.329030000194,0.309557592518,0.286552873402,0.259391932855,0.226696172961,0.184642868246,0.109653917292,,,,,,,,0.083893936691,1.212133333333
68220,0.381334508103,0.379883596451,0.375528778255,0.368262119243,0.358064352168,0.344894079027,0.328668171908,0.309225500447,0.286254732288,0.259132038648,0.226479199631,0.184474356537,0.109521730876,,,,,,,,0.083808510270,1.212100000000
68280,0.380889201369,0.379440687788,0.375093043786,0.367838275660,0.357657022502,0.344507767453,0.328307253571,0.308894236165,0.285957326355,0.258872776968,0.226262745873,0.184306245428,0.109389780038,,,,,,,,0.083723379654,1.212066666667
68340,0.380445039509,0.378998917167,0.374658426945,0.367415515968,0.357250730086,0.344122434138,0.327947242808,0.308563797781,0.285660654340,0.258614147488,0.226046813188,0.184138533505,0.109258063412,,,,,,,,0.083638543622,1.212033333333
68400,0.380002018604,0.378558280691,0.374224923906,0.366993836461,0.356845471380,0.343738075749,0.327588136528,0.308234182486,0.285364713748,0.258356148058,0.225831399793,0.183971219062,0.109126579636,,,,,,,,0.083554000958,1.212000000000
68460,0.379560134747,0.378118774479,0.373792530859,0.366573233449,0.356441242855,0.343354688962,0.327229931655,0.307905387481,0.285069502093,0.258098776536,0.225616503913,0.183804300667,0.108995327352,,,,,,,,0.083469750450,1.211966666667
68520,0.379119384050,0.377680394664,0.373361244013,0.366153703255,0.356038040999,0.342972270468,0.326872625121,0.307577409980,0.284775016902,0.257842030788,0.225402123780,0.183637777257,0.108864298008,,,,,,,,0.083385790892,1.211933333333
68580,0.378679762639,0.377243137397,0.372931059586,0.365735242219,0.355635862312,0.342590816973,0.326516213874,0.307250247208,0.284481255710,0.257585908691,0.225188257633,0.183471647442,0.108733494159,,,,,,,,0.083302121082,1.211900000000
68640,0.378241266654,0.376806998844,0.372501973817,0.365317846695,0.355234703310,0.342210325195,0.326160694874,0.306923896402,0.284188216064,0.257330408130,0.224974903719,0.183305909840,0.108602917661,,,,,,,,0.083218739822,1.211866666667
68700,0.377803892254,0.376371975184,0.372073982957,0.364901513051,0.354834560521,0.341830791863,0.325806065091,0.306598354808,0.283895895518,0.257075526997,0.224762060292,0.183140562752,0.108472567171,,,,,,,,0.083135645921,1.211833333333
68760,0.377367635610,0.375938062615,0.371647083273,0.364486237670,0.354435430488,0.341452213723,0.325452321511,0.306273619686,0.283604291640,0.256821263196,0.224549725612,0.182975604814,0.108342441350,,,,,,,,0.083052838191,1.211800000000
68820,0.376932492910,0.375505257348,0.371221271045,0.364072016948,0.354037309768,0.341074587531,0.325099461127,0.305949688306,0.283313402006,0.256567614638,0.224337897948,0.182811034971,0.108212538861,,,,,,,,0.082970315450,1.211766666667
68880,0.376498460358,0.375073555609,0.370796542571,0.363658847299,0.353640194932,0.340697910057,0.324747480949,0.305626557948,0.283023224202,0.256314579242,0.224126575576,0.182646851863,0.108082858374,,,,,,,,0.082888076520,1.211733333333
68940,0.376065534172,0.374642953640,0.370372894162,0.363246725147,0.353244082563,0.340322178086,0.324396377997,0.305304225906,0.282733755825,0.256062154937,0.223915756778,0.182483054135,0.107953398560,,,,,,,,0.082806120227,1.211700000000
69000,0.375633710584,0.374213447697,0.369950322143,0.362835646934,0.352848969260,0.339947388412,0.324046149302,0.304982689482,0.282444994479,0.255810339661,0.223705439845,0.182319640105,0.107824148430,,,,,,,,0.082724445405,1.211666666667
69060,0.375202985844,0.373785034052,0.369528822856,0.362425609114,0.352454851634,0.339573537845,0.323696791910,0.304661945990,0.282156937783,0.255559131358,0.223495615299,0.182156608464,0.107695115183,,,,,,,,0.082643050890,1.211633333333
69120,0.374773356216,0.373357708992,0.369108392657,0.362016608156,0.352061726310,0.339200623207,0.323348302876,0.304341992756,0.281869583361,0.255308526300,0.223286288044,0.181993958172,0.107566298555,,,,,,,,0.082561935524,1.211600000000
69180,0.374344817976,0.372931468818,0.368689027914,0.361608640543,0.351669589926,0.338828641332,0.323000679268,0.304022827116,0.281582928848,0.255058520846,0.223077457580,0.181831687896,0.107437697232,,,,,,,,0.082481098155,1.211566666667
69240,0.373917367420,0.372506309846,0.368270725012,0.361201702771,0.351278439136,0.338457589067,0.322653918167,0.303704446417,0.281296970459,0.254809116263,0.222869122224,0.181669796309,0.107309309903,,,,,,,,0.082400537633,1.211533333333
69300,0.373491000854,0.372082228407,0.367853480351,0.360795791353,0.350888270604,0.338087463272,0.322308016662,0.303386848015,0.281011705361,0.254560310530,0.222661280303,0.181508281748,0.107181135265,,,,,,,,0.082320252815,1.211500000000
69360,0.373065714602,0.371659220847,0.367437290344,0.360390902812,0.350499081008,0.337718260820,0.321962971859,0.303070029281,0.280727133146,0.254312101636,0.222453930146,0.181347142954,0.107053172012,,,,,,,,0.082240242564,1.211466666667
69420,0.372641505001,0.371237283525,0.367022151417,0.359987033688,0.350110867042,0.337349978595,0.321618780871,0.302753985172,0.280443251486,0.254064487575,0.222247070094,0.181186378903,0.106925417868,,,,,,,,0.082160505745,1.211433333333
69480,0.372218368403,0.370816412817,0.366608060014,0.359584180533,0.349723625410,0.336982613495,0.321275440826,0.302438715430,0.280160058066,0.253817466353,0.222040698492,0.181025988290,0.106797862448,,,,,,,,0.082081041230,1.211400000000
69540,0.371796301175,0.370396605111,0.366195012589,0.359182339914,0.349337352830,0.336616162431,0.320932948861,0.302124217529,0.279877550578,0.253571035981,0.221834813692,0.180865969817,0.106670514431,,,,,,,,0.082001847896,1.211366666667
69600,0.371375299698,0.369977856811,0.365783005614,0.358781508410,0.348952046035,0.336250622323,0.320591300778,0.301810488881,0.279595726725,0.253325194480,0.221629414053,0.180706321841,0.106543372529,,,,,,,,0.081922924622,1.211333333333
69660,0.370955360368,0.369560164335,0.365372035572,0.358381682616,0.348567701768,0.335885990107,0.320250494495,0.301497526907,0.279314584219,0.253079939879,0.221424497942,0.180547043146,0.106416435457,,,,,,,,0.081844270296,1.211300000000
69720,0.370536479595,0.369143524115,0.364962098962,0.357982859138,0.348184316787,0.335522262729,0.319910527782,0.301185329038,0.279034120781,0.252835270215,0.221220063730,0.180388132727,0.106289701932,,,,,,,,0.081765883809,1.211266666667
69780,0.370118653802,0.368727932596,0.364553192295,0.357585034597,0.347801887863,0.335159437149,0.319571397821,0.300873892717,0.278754334141,0.252591183532,0.221016109798,0.180229589307,0.106163170677,,,,,,,,0.081687764055,1.211233333333
69840,0.369701879428,0.368313386241,0.364145312098,0.357188205628,0.347420411779,0.334797510171,0.319233101809,0.300563215397,0.278475222038,0.252347677882,0.220812633563,0.180071411616,0.106036840418,,,,,,,,0.081609909937,1.211200000000
69900,0.369286152926,0.367899881522,0.363738454910,0.356792368878,0.347039885331,0.334436477586,0.318895636951,0.300253294539,0.278196782223,0.252104751328,0.220609626472,0.179913598033,0.105910707006,,,,,,,,0.081532320359,1.211166666667
69960,0.368871470763,0.367487414929,0.363332617286,0.356397521008,0.346660305329,0.334076337752,0.318559000465,0.299944127617,0.277919012451,0.251862401937,0.220407094854,0.179756147380,0.105784763530,,,,,,,,0.081454994231,1.211133333333
70020,0.368457829419,0.367075982964,0.362927795792,0.356003658692,0.346281668592,0.333717087677,0.318223189580,0.299635712114,0.277641910492,0.251620627526,0.220205037115,0.179599058674,0.105659017142,,,,,,,,0.081377930469,1.211100000000
70080,0.368045225389,0.366665582143,0.362523987010,0.355610778619,0.345903971957,0.333358724380,0.317888201536,0.299328045523,0.277365474120,0.251379421790,0.220003451666,0.179442330664,0.105533466580,,,,,,,,0.081301127992,1.211066666667
70140,0.367633655181,0.366256208997,0.362121187534,0.355218877487,0.345527212270,0.333001244893,0.317554033584,0.299021125348,0.277089701120,0.251138787480,0.219802336928,0.179285962107,0.105408110585,,,,,,,,0.081224585726,1.211033333333
70200,0.367223115319,0.365847860070,0.361719393972,0.354827952013,0.345151386390,0.332644646259,0.317220682986,0.298714949102,0.276814589288,0.250898722696,0.219601691325,0.179129951411,0.105282947902,,,,,,,,0.081148302600,1.211000000000
70260,0.366813602339,0.365440531919,0.361318602946,0.354437998921,0.344776490915,0.332288925532,0.316888147015,0.298409514309,0.276540135655,0.250659225546,0.219401513290,0.178974297424,0.105157977278,,,,,,,,0.081072277548,1.210966666667
70320,0.366405112790,0.365034221115,0.360918811090,0.354049014952,0.344402522104,0.331934079779,0.316556422955,0.298104818502,0.276266336280,0.250420294144,0.219201801262,0.178818999188,0.105033197463,,,,,,,,0.080996509510,1.210933333333
70380,0.365997643236,0.364628924245,0.360520015053,0.353660996858,0.344029477757,0.331580106078,0.316225508100,0.297800859224,0.275993191515,0.250181926614,0.219002553685,0.178664055481,0.104908602595,,,,,,,,0.080920997428,1.210900000000
70440,0.365591190256,0.364224637906,0.360122211497,0.353273941406,0.343657354783,0.331227001519,0.315895399756,0.297497634028,0.275720699189,0.249944121087,0.218803769010,0.178509465085,0.104784188905,,,,,,,,0.080845740252,1.210866666667
70500,0.365185750439,0.363821358710,0.359725397096,0.352887845374,0.343286150104,0.330874763204,0.315566095240,0.297195140478,0.275448857140,0.249706875700,0.218605445697,0.178355226437,0.104659962188,,,,,,,,0.080770736935,1.210833333333
70560,0.364781320391,0.363419083283,0.359329568539,0.352502705553,0.342915860652,0.330523388246,0.315237591878,0.296893375354,0.275177663215,0.249470188600,0.218407582208,0.178201338407,0.104535921204,,,,,,,,0.080695986434,1.210800000000
70620,0.364377896728,0.363017808264,0.358934722526,0.352118518747,0.342546483375,0.330172873769,0.314909887008,0.296592335386,0.274907115270,0.249234057940,0.218210177014,0.178047800066,0.104412064720,,,,,,,,0.080621487712,1.210766666667
70680,0.363975476083,0.362617530304,0.358540855771,0.351735281772,0.342178015229,0.329823216909,0.314582977979,0.296292019816,0.274637211169,0.248998481880,0.218013225410,0.177894610216,0.104288391504,,,,,,,,0.080547239737,1.210733333333
70740,0.363574055101,0.362218246069,0.358147965003,0.351352991459,0.341810453185,0.329474414813,0.314256862149,0.295992426247,0.274367948785,0.248763458590,0.217816723438,0.177741767666,0.104164900325,,,,,,,,0.080473241481,1.210700000000
70800,0.363173630438,0.361819952238,0.357756046961,0.350971644648,0.341443794224,0.329126464641,0.313931536888,0.295693552291,0.274099325999,0.248528986244,0.217620675224,0.177589270887,0.104041589958,,,,,,,,0.080399491919,1.210666666667
70860,0.362774198766,0.361422645502,0.357365098398,0.350591238194,0.341078035341,0.328779363561,0.313606999576,0.295395395567,0.273831340702,0.248295063026,0.217425079264,0.177437118761,0.103918452993,,,,,,,,0.080325990033,1.210633333333
70920,0.362375756770,0.361026322566,0.356975116080,0.350211768963,0.340713173542,0.328433108756,0.313283247603,0.295097953706,0.273563990792,0.248061687125,0.217229934059,0.177285310390,0.103795488440,,,,,,,,0.080252734808,1.210600000000
70980,0.361978301147,0.360630980147,0.356586096786,0.349833233170,0.340349205843,0.328087697418,0.312960276897,0.294801224350,0.273297274175,0.247828852955,0.217035238117,0.177133844602,0.103672700923,,,,,,,,0.080179725236,1.210566666667
71040,0.361581828607,0.360236614978,0.356198037307,0.349455628187,0.339986129276,0.327743126750,0.312638085931,0.294505205146,0.273031188766,0.247596561450,0.216840989952,0.176982720232,0.103550089225,,,,,,,,0.080106960311,1.210533333333
71100,0.361186335873,0.359843223800,0.355810934447,0.349078951104,0.339623940880,0.327399393967,0.312316672543,0.294209893753,0.272765732491,0.247364811887,0.216647188083,0.176831935785,0.103427652132,,,,,,,,0.080034439031,1.210500000000
71160,0.360791819683,0.359450803372,0.355424785023,0.348703198839,0.339262637709,0.327056496294,0.311996034164,0.293915287841,0.272500903279,0.247133602485,0.216453831038,0.176681490150,0.103305388434,,,,,,,,0.079962160402,1.210466666667
71220,0.360398276785,0.359059350461,0.355039585865,0.348328368318,0.338902216828,0.326714430969,0.311676168236,0.293621385085,0.272236699072,0.246902931472,0.216260917346,0.176531382464,0.103183296920,,,,,,,,0.079890123432,1.210433333333
71280,0.360005703941,0.358668861850,0.354655333813,0.347954456483,0.338542675312,0.326373195238,0.311357072210,0.293328183173,0.271973117634,0.246672797080,0.216068445548,0.176381611579,0.103061376387,,,,,,,,0.079818327133,1.210400000000
71340,0.359614097927,0.358279334335,0.354272025723,0.347581460285,0.338184010251,0.326032786361,0.311038743549,0.293035679801,0.271710154050,0.246443197550,0.215876414186,0.176232176353,0.102939618067,,,,,,,,0.079746770523,1.210366666667
71400,0.359223455529,0.357890764721,0.353889658460,0.347209376689,0.337826218742,0.325693201606,0.310721179725,0.292743872673,0.271447809346,0.246214131131,0.215684821812,0.176083075333,0.102818023342,,,,,,,,0.079675452624,1.210333333333
71460,0.358833773547,0.357503149830,0.353508228905,0.346838202673,0.337469297897,0.325354438254,0.310404378221,0.292452759505,0.271186081497,0.245985596078,0.215493666979,0.175934307405,0.102696595872,,,,,,,,0.079604372462,1.210300000000
71520,0.358445048796,0.357116486493,0.353127733947,0.346467935222,0.337113244837,0.325016492678,0.310088336527,0.292162338018,0.270924968483,0.245757590652,0.215302942804,0.175785871742,0.102575334460,,,,,,,,0.079533529068,1.210266666667
71580,0.358057278100,0.356730771556,0.352748170492,0.346098571340,0.336758056697,0.324679362547,0.309773052147,0.291872605945,0.270664468293,0.245530113123,0.215112650020,0.175637767222,0.102454237912,,,,,,,,0.079462921476,1.210233333333
71640,0.357670458296,0.356346001877,0.352369535454,0.345730108036,0.336403730622,0.324343045728,0.309458522592,0.291583561028,0.270404578924,0.245303161766,0.214922790496,0.175489992727,0.102333305032,,,,,,,,0.079392548727,1.210200000000
71700,0.357284586236,0.355962174324,0.351991825761,0.345362542335,0.336050263766,0.324007539543,0.309144745385,0.291295201017,0.270145298381,0.245076734865,0.214733362811,0.175342546843,0.102212534632,,,,,,,,0.079322409865,1.210166666667
71760,0.356899658781,0.355579285780,0.351615038353,0.344995871272,0.335697653298,0.323672841325,0.308831718056,0.291007522000,0.269886624677,0.244850830709,0.214544365550,0.175195428451,0.102091925521,,,,,,,,0.079252503936,1.210133333333
71820,0.356515672807,0.355197333139,0.351239170183,0.344630091895,0.335345896396,0.323338948420,0.308519438148,0.290720522705,0.269628555834,0.244625447594,0.214355797305,0.175048636761,0.101971467796,,,,,,,,0.079182829995,1.210100000000
71880,0.356132625201,0.354816313307,0.350864218214,0.344265201262,0.334994990250,0.323005858181,0.308207903210,0.290434201625,0.269371089880,0.244400581328,0.214167656672,0.174902170676,0.101851164745,,,,,,,,0.079113387098,1.210066666667
71940,0.355750512863,0.354436223204,0.350490179423,0.343901196444,0.334644932060,0.322673567973,0.307897110805,0.290148556546,0.269114224850,0.244176230430,0.213979942253,0.174756029101,0.101731019303,,,,,,,,0.079044174305,1.210033333333
72000,0.355369332703,0.354057059761,0.350117050796,0.343538074522,0.334295719038,0.322342075171,0.307587058503,0.289863585263,0.268857958791,0.243952395512,0.213792652656,0.174610210668,0.101611030289,,,,,,,,0.078975190683,1.210000000000
72060,0.354989081647,0.353678819919,0.349744829333,0.343175832590,0.333947348406,0.322011377161,0.307277743883,0.289579285579,0.268602289754,0.243729074900,0.213605786496,0.174464714239,0.101491196522,,,,,,,,0.078906435301,1.209966666667
72120,0.354609756630,0.353301500634,0.349373512047,0.342814467753,0.333599817398,0.321681471339,0.306969164535,0.289295655305,0.268347215799,0.243506266922,0.213419342392,0.174319539069,0.101371516826,,,,,,,,0.078837907233,1.209933333333
72180,0.354231354599,0.352925098872,0.349003095960,0.342453977126,0.333253123258,0.321352355111,0.306661318058,0.289012692263,0.268092734994,0.243283969917,0.213233318968,0.174174684084,0.101251990024,,,,,,,,0.078769605557,1.209900000000
72240,0.353853872515,0.352549611613,0.348633578107,0.342094357837,0.332907263242,0.321024025893,0.306354202061,0.288730394281,0.267838845413,0.243062182229,0.213047714856,0.174030148211,0.101132614941,,,,,,,,0.078701529355,1.209866666667
72300,0.353477307350,0.352175035846,0.348264955533,0.341735607025,0.332562234616,0.320696481112,0.306047814161,0.288448759196,0.267585545141,0.242840902206,0.212862528691,0.173885930130,0.101013380776,,,,,,,,0.078633677714,1.209833333333
72360,0.353101656086,0.351801368574,0.347897224811,0.341377721840,0.332218033653,0.320369718204,0.305742150342,0.288167784856,0.267332829410,0.242620128207,0.212677751349,0.173742028679,0.100894292208,,,,,,,,0.078566049724,1.209800000000
72420,0.352726915720,0.351428606812,0.347530383440,0.341020699443,0.331874658530,0.320043734616,0.305437209698,0.287887469114,0.267080698851,0.242399858595,0.212493388356,0.173598443160,0.100775351714,,,,,,,,0.078498644481,1.209766666667
72480,0.352353083259,0.351056747584,0.347164428561,0.340664537005,0.331532106663,0.319718527805,0.305132990066,0.287607809835,0.266829151900,0.242180091740,0.212309439266,0.173455172518,0.100656558122,,,,,,,,0.078431461083,1.209733333333
72540,0.351980155721,0.350685787928,0.346799357264,0.340309231710,0.331190375358,0.319394095236,0.304829489101,0.287328804889,0.266578186670,0.241960826018,0.212125902737,0.173312215708,0.100537910267,,,,,,,,0.078364498633,1.209700000000
72600,0.351608130137,0.350315724893,0.346435166653,0.339954780753,0.330849461937,0.319070434388,0.304526704467,0.287050452156,0.266327801283,0.241742059813,0.211942777433,0.173169571454,0.100419406982,,,,,,,,0.078297756239,1.209666666667
72660,0.351237003549,0.349946555539,0.346071853845,0.339601181339,0.330509363727,0.318747542745,0.304224633838,0.286772749525,0.266077993865,0.241523791514,0.211760062023,0.173027238569,0.100301047102,,,,,,,,0.078231233011,1.209633333333
72720,0.350866773012,0.349578276939,0.345709415964,0.339248430684,0.330170078070,0.318425417806,0.303923274896,0.286495694893,0.265828762553,0.241306019516,0.211577755181,0.172885216399,0.100182829465,,,,,,,,0.078164928065,1.209600000000
72780,0.350497435590,0.349210886176,0.345347850149,0.338896526015,0.329831602316,0.318104057075,0.303622625334,0.286219286163,0.265580105488,0.241088740923,0.211395855588,0.172743503913,0.100064742644,,,,,,,,0.078098840520,1.209566666667
72840,0.350128988360,0.348844380345,0.344987153549,0.338545464569,0.329493933825,0.317783458068,0.303322682852,0.285943521250,0.265332020821,0.240871952012,0.211214361928,0.172602100088,0.099946792132,,,,,,,,0.078032969500,1.209533333333
72900,0.349761428410,0.348478756551,0.344627323323,0.338195243597,0.329157069969,0.317463618311,0.303023445160,0.285668397847,0.265084506709,0.240655654636,0.211033272892,0.172461003700,0.099828980238,,,,,,,,0.077967314131,1.209500000000
72960,0.349394752839,0.348114011912,0.344268356642,0.337845860356,0.328821008130,0.317144535340,0.302724909976,0.285393912004,0.264837561317,0.240439847218,0.210852587176,0.172320213525,0.099711305804,,,,,,,,0.077901873545,1.209466666667
73020,0.349028958759,0.347750143558,0.343910250690,0.337497312118,0.328485745698,0.316826206700,0.302427075028,0.285120063770,0.264591182816,0.240224528183,0.210672303480,0.172179728959,0.099593767671,,,,,,,,0.077836646878,1.209433333333
73080,0.348664043292,0.347387148627,0.343553002657,0.337149596163,0.328151280076,0.316508629944,0.302129938053,0.284846851092,0.264345369386,0.240009695967,0.210492420511,0.172039548995,0.099476364681,,,,,,,,0.077771633268,1.209400000000
73140,0.348300003570,0.347025024272,0.343196609750,0.336802709783,0.327817608677,0.316191802382,0.301833496797,0.284574271923,0.264100119212,0.239795349008,0.210312935440,0.171899672628,0.099359095679,,,,,,,,0.077706831858,1.209366666667
73200,0.347936836739,0.346663767653,0.342841069181,0.336456650279,0.327484728921,0.315875720680,0.301537749013,0.284302324224,0.263855430487,0.239581485753,0.210133841470,0.171760098693,0.099241959508,,,,,,,,0.077642241796,1.209333333333
73260,0.347574539953,0.346303375944,0.342486378178,0.336111414964,0.327152638241,0.315560383587,0.301242692464,0.284031005966,0.263611301413,0.239368104654,0.209955144390,0.171620825919,0.099124944424,,,,,,,,0.077577862232,1.209300000000
73320,0.347213110380,0.345943846330,0.342132533977,0.335767001161,0.326821334080,0.315245788695,0.300948324922,0.283760315126,0.263367730196,0.239155204170,0.209776842928,0.171481853756,0.099008056086,,,,,,,,0.077513692321,1.209266666667
73380,0.346852545197,0.345585176005,0.341779533825,0.335423406204,0.326490813889,0.314931933607,0.300654644169,0.283490249690,0.263124712694,0.238942782764,0.209598935815,0.171343181218,0.098891296969,,,,,,,,0.077449731222,1.209233333333
73440,0.346492841593,0.345227362176,0.341427374980,0.335080627435,0.326161075130,0.314618815934,0.300361647991,0.283220807650,0.262882248711,0.238730838907,0.209421421790,0.171204807322,0.098774665919,,,,,,,,0.077385978097,1.209200000000
73500,0.346133996767,0.344870402059,0.341076054710,0.334738662210,0.325832115276,0.314306433296,0.300069334189,0.282951987009,0.262640337256,0.238519371075,0.209244299594,0.171066730960,0.098658161784,,,,,,,,0.077322432113,1.209166666667
73560,0.345776007930,0.344514292882,0.340725570296,0.334397507892,0.325503931807,0.313994783323,0.299777700567,0.282683785774,0.262398976565,0.238308377752,0.209067567975,0.170928950809,0.098541783412,,,,,,,,0.077259092440,1.209133333333
73620,0.345418872303,0.344159031885,0.340375919026,0.334057161856,0.325176522216,0.313683863653,0.299486744940,0.282416201964,0.262158164879,0.238097857425,0.208891225685,0.170791466377,0.098425529650,,,,,,,,0.077195958251,1.209100000000
73680,0.345062587118,0.343804616314,0.340027098202,0.333717621455,0.324849884005,0.313373671935,0.299196465060,0.282149233601,0.261917900448,0.237887808401,0.208715271481,0.170654276697,0.098309399349,,,,,,,,0.077133028724,1.209066666667
73740,0.344707149618,0.343451043432,0.339679105133,0.333378883351,0.324524014682,0.313064205827,0.298906857119,0.281882878720,0.261678181528,0.237678224881,0.208539704127,0.170517380808,0.098193380788,,,,,,,,0.077070303041,1.209033333333
73800,0.344352557057,0.343098310508,0.339331937142,0.333040945715,0.324198911771,0.312755462994,0.298617920673,0.281617135359,0.261439006381,0.237469109867,0.208364522388,0.170380777662,0.098077479065,,,,,,,,0.077007780386,1.209000000000
73860,0.343998806699,0.342746414824,0.338985591560,0.332703805964,0.323874572800,0.312447441112,0.298329653570,0.281352001566,0.261200373277,0.237260461872,0.208189725039,0.170244465877,0.097961697193,,,,,,,,0.076945459949,1.208966666667
73920,0.343645895818,0.342395353671,0.338640065730,0.332367461523,0.323550995310,0.312140137866,0.298042053669,0.281087475396,0.260962280492,0.237052279413,0.208015310856,0.170108445020,0.097846034020,,,,,,,,0.076883340921,1.208933333333
73980,0.343293821700,0.342045124351,0.338295357002,0.332031909827,0.323228176849,0.311833550948,0.297755118833,0.280823554911,0.260724726310,0.236844561014,0.207841274587,0.169972714146,0.097730488395,,,,,,,,0.076821422500,1.208900000000
74040,0.342942581640,0.341695724177,0.337951462741,0.331697148320,0.322906114978,0.311527678062,0.297468846937,0.280560238183,0.260487709019,0.236637305204,0.207667614562,0.169837272311,0.097615059168,,,,,,,,0.076759703885,1.208866666667
74100,0.342592172946,0.341347150472,0.337608380319,0.331363174458,0.322584807264,0.311222516918,0.297183235863,0.280297522109,0.260251226918,0.236430510520,0.207494334077,0.169702118533,0.097499745189,,,,,,,,0.076698184279,1.208833333333
74160,0.342242592934,0.340999400569,0.337266107118,0.331029985706,0.322264251285,0.310918065237,0.296898283500,0.280035404849,0.260015278308,0.236224175503,0.207321431929,0.169567251363,0.097384545308,,,,,,,,0.076636862889,1.208800000000
74220,0.341893838931,0.340652471812,0.336924640532,0.330697579537,0.321944444628,0.310614320747,0.296613987747,0.279773885605,0.259779861499,0.236018298699,0.207148906919,0.169432670431,0.097269448215,,,,,,,,0.076575738927,1.208766666667
74280,0.341545908274,0.340306361555,0.336583977965,0.330365953438,0.321625384889,0.310311281187,0.296330346510,0.279512962478,0.259544974808,0.235812878660,0.206976757854,0.169298374810,0.097154457634,,,,,,,,0.076514811607,1.208733333333
74340,0.341198798311,0.339961067162,0.336244116828,0.330035104901,0.321307069675,0.310008944303,0.296047357704,0.279252633574,0.259310616557,0.235607913946,0.206804983545,0.169164363577,0.097039577529,,,,,,,,0.076454080146,1.208700000000
74400,0.340852506401,0.339616586008,0.335905054546,0.329705031431,0.320989495935,0.309707307850,0.295765019250,0.278992897009,0.259076783151,0.235403403120,0.206633582807,0.169030635815,0.096924806749,,,,,,,,0.076393543767,1.208666666667
74460,0.340507029911,0.339272915477,0.335566788552,0.329375730541,0.320672661558,0.309406369592,0.295483329080,0.278733750904,0.258843473692,0.235199344752,0.206462554461,0.168897190006,0.096810144140,,,,,,,,0.076333201693,1.208633333333
74520,0.340162366219,0.338930052963,0.335229316289,0.329047199754,0.320356564581,0.309106127302,0.295202285132,0.278475193389,0.258610687687,0.234995737417,0.206291897332,0.168764025840,0.096695588550,,,,,,,,0.076273053154,1.208600000000
74580,0.339818512716,0.338587995872,0.334892635209,0.328719436602,0.320041202646,0.308806578760,0.294921885353,0.278217222599,0.258378423484,0.234792579695,0.206121610250,0.168631142411,0.096581138825,,,,,,,,0.076213097381,1.208566666667
74640,0.339475466798,0.338246741618,0.334556742775,0.328392438628,0.319726573406,0.308507721757,0.294642127697,0.277959836680,0.258146679439,0.234589866385,0.205951692049,0.168498538815,0.096466793812,,,,,,,,0.076153333610,1.208533333333
74700,0.339133225874,0.337906287625,0.334221636461,0.328066203384,0.319412674520,0.308209554090,0.294363010126,0.277703033781,0.257915453913,0.234387599039,0.205782141569,0.168366214153,0.096352543049,,,,,,,,0.076093761080,1.208500000000
74760,0.338791787364,0.337566631328,0.333887313748,0.327740728430,0.319099503658,0.307912073567,0.294084530610,0.277446812061,0.257684745274,0.234185777089,0.205612957654,0.168234166980,0.096238387968,,,,,,,,0.076034379034,1.208466666667
74820,0.338451148695,0.337227770172,0.333553772128,0.327416011337,0.318787058500,0.307615276939,0.293806687129,0.277191169684,0.257454551895,0.233984399140,0.205444132577,0.168102396901,0.096124333955,,,,,,,,0.075975186718,1.208433333333
74880,0.338111307306,0.336889701611,0.333221009103,0.327092049685,0.318475336732,0.307319162789,0.293529477666,0.276936104823,0.257224872158,0.233783463797,0.205275669883,0.167970903080,0.096010379851,,,,,,,,0.075916183379,1.208400000000
74940,0.337772260646,0.336552423109,0.332889022184,0.326768841062,0.318164336051,0.307023729256,0.293252900217,0.276681615658,0.256995704449,0.233582969677,0.205107570326,0.167839684632,0.095896524497,,,,,,,,0.075857368273,1.208366666667
75000,0.337434006172,0.336215932140,0.332557808892,0.326446383067,0.317854054163,0.306728974182,0.292976952782,0.276427700374,0.256767047161,0.233382915397,0.204939832767,0.167708740675,0.095782766735,,,,,,,,0.075798740654,1.208333333333
75060,0.337096541352,0.335880226188,0.332227366757,0.326124673308,0.317544488782,0.306434895414,0.292701632998,0.276174357164,0.256538898693,0.233183299581,0.204772456073,0.167578069838,0.095669105404,,,,,,,,0.075740299781,1.208300000000
75120,0.336759863664,0.335545302744,0.331897693320,0.325803709402,0.317235637630,0.306141490809,0.292426937890,0.275921584229,0.256311257450,0.232984120860,0.204605439114,0.167447671637,0.095555539343,,,,,,,,0.075682044919,1.208266666667
75180,0.336423970596,0.335211159314,0.331568786128,0.325483488974,0.316927498439,0.305848758232,0.292152866849,0.275669379776,0.256084121844,0.232785377869,0.204438780765,0.167317545306,0.095442059426,,,,,,,,0.075623975333,1.208233333333
75240,0.336088859643,0.334877793408,0.331240642743,0.325164009659,0.316620068950,0.305556695557,0.291879417908,0.275417742019,0.255857490292,0.232587069248,0.204272479908,0.167187689979,0.095328663767,,,,,,,,0.075566090292,1.208200000000
75300,0.335754528313,0.334545202549,0.330913260730,0.324845269103,0.316313346912,0.305265300665,0.291606589107,0.275166667039,0.255631361219,0.232389193642,0.204106535426,0.167058104793,0.095215359696,,,,,,,,0.075508389070,1.208166666667
75360,0.335420974122,0.334213384268,0.330586637668,0.324527264957,0.316007330083,0.304974571445,0.291334378492,0.274916155108,0.255405733054,0.232191749703,0.203940946207,0.166928788452,0.095102146044,,,,,,,,0.075450870943,1.208133333333
75420,0.335088194595,0.333882336107,0.330260771143,0.324209994884,0.315702016228,0.304684505796,0.291062784117,0.274666204560,0.255180602678,0.231994736086,0.203775711146,0.166799740375,0.094989021643,,,,,,,,0.075393535189,1.208100000000
75480,0.334756187268,0.333552055616,0.329935658752,0.323893456555,0.315397403123,0.304395101623,0.290791804045,0.274416813637,0.254955968606,0.231798151453,0.203610829138,0.166670959872,0.094875985322,,,,,,,,0.075336381092,1.208066666667
75540,0.334424949685,0.333222540354,0.329611298099,0.323577647650,0.315093488552,0.304106356839,0.290521436345,0.274167980588,0.254731830774,0.231601991679,0.203446299087,0.166542446093,0.094763035909,,,,,,,,0.075279407937,1.208033333333
75600,0.334094479400,0.332893787891,0.329287686799,0.323262565859,0.314790270305,0.303818269367,0.290251679094,0.273919703666,0.254508187634,0.231406256453,0.203282119136,0.166414198193,0.094650172232,,,,,,,,0.075222615014,1.208000000000
75660,0.333764773977,0.332565795805,0.328964822475,0.322948208878,0.314487746184,0.303530837135,0.289982530375,0.273671981134,0.254285037647,0.231210946235,0.203118281319,0.166286214956,0.094537387052,,,,,,,,0.075166001616,1.207966666667
75720,0.333435830987,0.332238561683,0.328642702759,0.322634574415,0.314185913997,0.303244058083,0.289713988280,0.273424811259,0.254062379279,0.231016059705,0.202954792201,0.166158495697,0.094424674008,,,,,,,,0.075109567036,1.207933333333
75780,0.333107648014,0.331912083124,0.328321325295,0.322321660185,0.313884771561,0.302957930154,0.289446050907,0.273178192316,0.253840211001,0.230821595550,0.202791650702,0.166031039802,0.094312042963,,,,,,,,0.075053310575,1.207900000000
75840,0.332780222648,0.331586357732,0.328000687731,0.322009463912,0.313584316702,0.302672451303,0.289178716363,0.272932122587,0.253618531290,0.230627552464,0.202628855746,0.165903846439,0.094199492736,,,,,,,,0.074997231535,1.207866666667
75900,0.332453552490,0.331261383123,0.327680787728,0.321697983329,0.313284547254,0.302387619491,0.288911982761,0.272686600359,0.253397338630,0.230433929143,0.202466406259,0.165776914782,0.094087022141,,,,,,,,0.074941329220,1.207833333333
75960,0.332127635148,0.330937156921,0.327361622954,0.321387216177,0.312985461058,0.302103432685,0.288645848221,0.272441623927,0.253176631510,0.230240724289,0.202304301174,0.165650243694,0.093974629993,,,,,,,,0.074885602938,1.207800000000
76020,0.331802468243,0.330613676761,0.327043191086,0.321077160206,0.312687055964,0.301819888865,0.288380310870,0.272197191591,0.252956408425,0.230047936609,0.202142539426,0.165523832380,0.093862315104,,,,,,,,0.074830052002,1.207766666667
76080,0.331478049401,0.330290940283,0.326725489811,0.320767813175,0.312389329833,0.301536986012,0.288115368843,0.271953301660,0.252736667874,0.229855564816,0.201981119954,0.165397680307,0.093750076282,,,,,,,,0.074774675724,1.207733333333
76140,0.331154376260,0.329968945141,0.326408516825,0.320459172851,0.312092280529,0.301254722121,0.287851020283,0.271709952447,0.252517408365,0.229663607626,0.201820041704,0.165271786660,0.093637908803,,,,,,,,0.074719473424,1.207700000000
76200,0.330831446465,0.329647688993,0.326092269830,0.320151237010,0.311795905927,0.300973095189,0.287587263337,0.271467142272,0.252298628410,0.229472063763,0.201659303623,0.165146150629,0.093525800523,,,,,,,,0.074664444421,1.207666666667
76260,0.330509257672,0.329327169510,0.325776746540,0.319844003436,0.311500203911,0.300692103226,0.287324096163,0.271224869462,0.252080326526,0.229280931951,0.201498904665,0.165020771162,0.093413764506,,,,,,,,0.074609588040,1.207633333333
76320,0.330187807543,0.329007384369,0.325461944675,0.319537469921,0.311205172372,0.300411744244,0.287061516922,0.270983132350,0.251862501236,0.229090210925,0.201338843784,0.164895647346,0.093301799550,,,,,,,,0.074554903606,1.207600000000
76380,0.329867093751,0.328688331258,0.325147861967,0.319231634267,0.310910809208,0.300132016268,0.286799523784,0.270741929276,0.251645151071,0.228899899419,0.201179119942,0.164770778732,0.093189904450,,,,,,,,0.074500390450,1.207566666667
76440,0.329547113979,0.328370007771,0.324834495948,0.318926493972,0.310617111902,0.299852916777,0.286538114224,0.270501257673,0.251428273320,0.228709994299,0.201019728640,0.164646164520,0.093078077997,,,,,,,,0.074446047905,1.207533333333
76500,0.329227865916,0.328052411571,0.324521844282,0.318622046727,0.310324078198,0.299574443586,0.286277286140,0.270261115523,0.251211866020,0.228520493549,0.200860667438,0.164521803917,0.092966318983,,,,,,,,0.074391875306,1.207500000000
76560,0.328909347261,0.327735540514,0.324209905016,0.318318290797,0.310031706617,0.299296595515,0.286017038715,0.270021502472,0.250995929471,0.228331398567,0.200701940193,0.164397695959,0.092854626194,,,,,,,,0.074337871993,1.207466666667
76620,0.328591555722,0.327419392324,0.323898675913,0.318015224018,0.309739995089,0.299019370617,0.285757370146,0.269782416884,0.250780462223,0.228142708110,0.200543545882,0.164273839608,0.092742998123,,,,,,,,0.074284037306,1.207433333333
76680,0.328274489016,0.327103964731,0.323588154747,0.317712844231,0.309448941553,0.298742766952,0.285498278639,0.269543857129,0.250565462833,0.227954420937,0.200385483485,0.164150234500,0.092631415370,,,,,,,,0.074230370591,1.207400000000
76740,0.327958144868,0.326789255473,0.323278339298,0.317411149287,0.309158543955,0.298466782586,0.285239762403,0.269305821585,0.250350929864,0.227766535814,0.200227751987,0.164026879854,0.092519894950,,,,,,,,0.074176871195,1.207366666667
76800,0.327642521011,0.326475262300,0.322969227356,0.317110137044,0.308868800249,0.298191415595,0.284981819658,0.269068308635,0.250136861883,0.227579051512,0.200070350377,0.163903774890,0.092408435634,,,,,,,,0.074123538469,1.207333333333
76860,0.327327615189,0.326161982967,0.322660816719,0.316809805371,0.308579708398,0.297916664060,0.284724448628,0.268831316667,0.249923257463,0.227391966805,0.199913277646,0.163780918734,0.092297036192,,,,,,,,0.074070371767,1.207300000000
76920,0.327013425152,0.325849415239,0.322353105195,0.316510152141,0.308291266370,0.297642526070,0.284467647543,0.268594844078,0.249710115184,0.227205280473,0.199756532791,0.163658310220,0.092185695388,,,,,,,,0.074017370444,1.207266666667
76980,0.326699948659,0.325537556889,0.322046090596,0.316211175237,0.308003472144,0.297368999720,0.284211414644,0.268358889268,0.249497433629,0.227018991301,0.199600114813,0.163535949069,0.092074411986,,,,,,,,0.073964533861,1.207233333333
77040,0.326387183479,0.325226405700,0.321739770747,0.315912872552,0.307716323703,0.297096083115,0.283955748174,0.268123450645,0.249285211388,0.226833098077,0.199444022715,0.163413834518,0.091963184742,,,,,,,,0.073911861380,1.207200000000
77100,0.326075127389,0.324915959461,0.321434143479,0.315615241983,0.307429819042,0.296823774365,0.283700646384,0.267888526623,0.249073447055,0.226647599595,0.199288255506,0.163291965801,0.091852012413,,,,,,,,0.073859352364,1.207166666667
77160,0.325763778172,0.324606215972,0.321129206631,0.315318281438,0.307143956159,0.296552071588,0.283446107533,0.267654115621,0.248862139231,0.226462494652,0.199132812197,0.163170342139,0.091740877941,,,,,,,,0.073807006183,1.207133333333
77220,0.325453133622,0.324297173038,0.320824958051,0.315021988832,0.306858733062,0.296280972909,0.283192129886,0.267420216064,0.248651286520,0.226277782052,0.198977691804,0.163048962225,0.091629791871,,,,,,,,0.073754822208,1.207100000000
77280,0.325143191541,0.323988828476,0.320521395595,0.314726362087,0.306574147767,0.296010476458,0.282938711713,0.267186826384,0.248440887534,0.226093460602,0.198822887135,0.162927825876,0.091518756701,,,,,,,,0.073702799811,1.207066666667
77340,0.324833949739,0.323681180108,0.320218517126,0.314431399134,0.306290198297,0.295740580376,0.282685851293,0.266953945018,0.248230940889,0.225909528075,0.198668401364,0.162806932339,0.091407771167,,,,,,,,0.073650938369,1.207033333333
77400,0.324525406034,0.323374225767,0.319916320516,0.314137097912,0.306006882681,0.295471282809,0.282433546909,0.266721570409,0.248021445205,0.225725980895,0.198514235591,0.162686280867,0.091296833999,,,,,,,,0.073599237262,1.207000000000
77460,0.324217558252,0.323067963291,0.319614803646,0.313843456366,0.305724198958,0.295202581908,0.282181796852,0.266489701007,0.247812398120,0.225542821322,0.198360388846,0.162565870716,0.091185943925,,,,,,,,0.073547695870,1.206966666667
77520,0.323910404227,0.322762390530,0.319313964403,0.313550472451,0.305442145171,0.294934475835,0.281930599420,0.266258335266,0.247603797296,0.225360048180,0.198206860163,0.162445700614,0.091075099669,,,,,,,,0.073496313580,1.206933333333
77580,0.323603941803,0.322457505338,0.319013800683,0.313258144128,0.305160719375,0.294666962755,0.281679952915,0.266027471647,0.247395643334,0.225177660299,0.198053648582,0.162325770291,0.090964299950,,,,,,,,0.073445089778,1.206900000000
77640,0.323298168831,0.322153305581,0.318714310390,0.312966469366,0.304879919627,0.294400040844,0.281429855648,0.265797106685,0.247187934876,0.224995656514,0.197900753143,0.162206079071,0.090853531779,,,,,,,,0.073394023855,1.206866666667
77700,0.322993083169,0.321849789131,0.318415491437,0.312675446143,0.304599743996,0.294133708280,0.281180305935,0.265567240565,0.246980670568,0.224814035662,0.197748172893,0.162086626220,0.090742796577,,,,,,,,0.073343115203,1.206833333333
77760,0.322688682684,0.321546953867,0.318117341741,0.312385072444,0.304320190556,0.293867963252,0.280931302098,0.265337871989,0.246773849063,0.224632796587,0.197595906881,0.161967411010,0.090632101764,,,,,,,,0.073292363219,1.206800000000
77820,0.322384965252,0.321244797679,0.317819859231,0.312095346259,0.304041257387,0.293602803954,0.280682841401,0.265108999439,0.246567469017,0.224451938137,0.197443954158,0.161848432269,0.090521446036,,,,,,,,0.073241767300,1.206766666667
77880,0.322081928756,0.320943318461,0.317523041843,0.311806265590,0.303762942580,0.293338228587,0.280434922662,0.264880621406,0.246361529094,0.224271459162,0.197292313783,0.161729689572,0.090410828083,,,,,,,,0.073191326847,1.206733333333
77940,0.321779571086,0.320642514119,0.317226887518,0.311517828442,0.303485244229,0.293074235359,0.280187544808,0.264652736385,0.246156027959,0.224091358519,0.197140984815,0.161611182342,0.090300246591,,,,,,,,0.073141041265,1.206700000000
78000,0.321477890142,0.320342382564,0.316931394208,0.311230032832,0.303208160437,0.292810822484,0.279940706188,0.264425342876,0.245950964286,0.223911635069,0.196989966317,0.161492909860,0.090189700241,,,,,,,,0.073090909960,1.206666666667
78060,0.321176883831,0.320042921715,0.316636559872,0.310942876781,0.302931689316,0.292547988061,0.279694405154,0.264198439386,0.245746336752,0.223732287676,0.196839256575,0.161374871410,0.090079187709,,,,,,,,0.073040932340,1.206633333333
78120,0.320876550067,0.319744129502,0.316342382474,0.310656358318,0.302655828982,0.292285729281,0.279448640068,0.263972024426,0.245542144038,0.223553315209,0.196688848003,0.161257065925,0.089968701045,,,,,,,,0.072991107818,1.206600000000
78180,0.320576886772,0.319446003858,0.316048859990,0.310370475481,0.302380577559,0.292024045541,0.279203409295,0.263746096515,0.245338384832,0.223374716542,0.196538747126,0.161139492819,0.089858230516,,,,,,,,0.072941435807,1.206566666667
78240,0.320277891878,0.319148542728,0.315755990400,0.310085226314,0.302105933179,0.291762935082,0.278958711207,0.263520654174,0.245135057826,0.223196490276,0.196388953022,0.161022151615,0.089747789498,,,,,,,,0.072891915725,1.206533333333
78300,0.319979563321,0.318851744061,0.315463771693,0.309800608869,0.301831893980,0.291502396152,0.278714544183,0.263295695934,0.244932161716,0.223018631421,0.196239464773,0.160905041609,0.089637376639,,,,,,,,0.072842546991,1.206500000000
78360,0.319681899049,0.318555605817,0.315172201865,0.309516621204,0.301558458108,0.291242427004,0.278470906607,0.263071220328,0.244729695206,0.222841143018,0.196090281463,0.160788162100,0.089526990579,,,,,,,,0.072793329027,1.206466666667
78420,0.319384897014,0.318260125961,0.314881278921,0.309233261386,0.301285623714,0.290983025900,0.278227796869,0.262847225895,0.244527657000,0.222664023956,0.195941402181,0.160671512124,0.089416629956,,,,,,,,0.072744261257,1.206433333333
78480,0.319088555178,0.317965302468,0.314591000871,0.308950527489,0.301013388692,0.290724191107,0.277985213367,0.262623711182,0.244326045022,0.222487273131,0.195792826019,0.160555090929,0.089306293398,,,,,,,,0.072695343109,1.206400000000
78540,0.318792871510,0.317671133318,0.314301365735,0.308668417592,0.300741750763,0.290465920898,0.277743154501,0.262400674737,0.244124856662,0.222310889440,0.195644552072,0.160438898142,0.089195979529,,,,,,,,0.072646574013,1.206366666667
78600,0.318497843985,0.317377616501,0.314012371539,0.308386929784,0.300470708812,0.290208213554,0.277501618681,0.262178115117,0.243924092761,0.222134871786,0.195496579439,0.160322933072,0.089085686553,,,,,,,,0.072597953401,1.206333333333
78660,0.318203470589,0.317084750013,0.313724016317,0.308106062160,0.300200261021,0.289951067362,0.277260604321,0.261956030884,0.243723752046,0.221959219075,0.195348907223,0.160207195032,0.088975391261,,,,,,,,0.072549480708,1.206300000000
78720,0.317909749311,0.316792531858,0.313436298109,0.307825812821,0.299930405574,0.289694480614,0.277020109841,0.261734420603,0.243523833247,0.221783930219,0.195201534528,0.160091683168,0.088865114163,,,,,,,,0.072501155370,1.206266666667
78780,0.317616678153,0.316500960047,0.313149214963,0.307546179877,0.299661140666,0.289438451609,0.276780133668,0.261513282004,0.243324335099,0.221609004133,0.195054460464,0.159976396552,0.088754853851,,,,,,,,0.072452976828,1.206233333333
78840,0.317324255119,0.316210032599,0.312862764936,0.307267161445,0.299392464497,0.289182978654,0.276540674233,0.261292613239,0.243125256344,0.221434439735,0.194907684143,0.159861334918,0.088644608907,,,,,,,,0.072404944524,1.206200000000
78900,0.317032478223,0.315919747540,0.312576946089,0.306988755647,0.299124375272,0.288928060060,0.276301729973,0.261072414164,0.242926595724,0.221260235948,0.194761201002,0.159746497590,0.088534377908,,,,,,,,0.072357057903,1.206166666667
78960,0.316741345488,0.315630102905,0.312291756493,0.306710960613,0.298856871206,0.288673694146,0.276063299333,0.260852683365,0.242728351991,0.221086391700,0.194615009359,0.159631883892,0.088424159424,,,,,,,,0.072309316412,1.206133333333
79020,0.316450854942,0.315341096733,0.312007194226,0.306433774482,0.298589950518,0.288419879235,0.275825380762,0.260633419436,0.242530523898,0.220912905920,0.194469112828,0.159517493083,0.088313952015,,,,,,,,0.072261719501,1.206100000000
79080,0.316161004621,0.315052727072,0.311723257371,0.306157195396,0.298323611436,0.288166613659,0.275587972715,0.260414620976,0.242333110204,0.220739777545,0.194323510535,0.159403324053,0.088203754234,,,,,,,,0.072214266621,1.206066666667
79140,0.315871792567,0.314764991979,0.311439944020,0.305881221507,0.298057852191,0.287913895755,0.275351073653,0.260196286587,0.242136109672,0.220567005513,0.194178201609,0.159289376646,0.088093547976,,,,,,,,0.072166957228,1.206033333333
79200,0.315583216833,0.314477889516,0.311157252272,0.305605850335,0.297792671025,0.287661723866,0.275114680585,0.259978414880,0.241939521070,0.220394584808,0.194033185183,0.159175650199,0.087983341000,,,,,,,,0.072119790777,1.206000000000
79260,0.315295283425,0.314191486736,0.310875432616,0.305331641305,0.297529062885,0.287411665062,0.274881086815,0.259764202626,0.241747688547,0.220228397166,0.193896637560,0.159074962993,0.087936458036,,,,,,,,0.072072481044,1.206000000000
79320,0.315007998287,0.313905728312,0.310594245615,0.305058045565,0.297266041204,0.287162158674,0.274648004488,0.259550454188,0.241556265729,0.220062558546,0.193760370946,0.158974478745,0.087889623573,,,,,,,,0.072025189201,1.206000000000
79380,0.314721359387,0.313620612224,0.310313689287,0.304785061199,0.297003604155,0.286913202986,0.274415432027,0.259337168143,0.241365251367,0.219897067892,0.193624384492,0.158874196834,0.087842871724,,,,,,,,0.071977995963,1.206000000000
79440,0.314435364698,0.313336136459,0.310033761660,0.304512686298,0.296741749918,0.286664796294,0.274183367858,0.259124343073,0.241174644216,0.219731924151,0.193488677357,0.158774116612,0.087796216480,,,,,,,,0.071930920906,1.206000000000
79500,0.314150012203,0.313052299013,0.309754460767,0.304240918960,0.296480476682,0.286416936895,0.273951810416,0.258911977565,0.240984443038,0.219567126274,0.193353248699,0.158674237383,0.087749664623,,,,,,,,0.071883972635,1.206000000000
79560,0.313865299893,0.312769097889,0.309475784651,0.303969757293,0.296219782639,0.286169623096,0.273720758139,0.258700070213,0.240794646599,0.219402673218,0.193218097681,0.158574558404,0.087703219905,,,,,,,,0.071837155682,1.206000000000
79620,0.313581225764,0.312486531097,0.309197731361,0.303699199408,0.295959665992,0.285922853209,0.273490209474,0.258488619614,0.240605253667,0.219238563941,0.193083223469,0.158475078926,0.087656884559,,,,,,,,0.071790472655,1.206000000000
79680,0.313297787823,0.312204596657,0.308920298953,0.303429243426,0.295700124949,0.285676625554,0.273260162870,0.258277624372,0.240416263018,0.219074797407,0.192948625229,0.158375798209,0.087610659959,,,,,,,,0.071743925118,1.206000000000
79740,0.313014984082,0.311923292593,0.308643485493,0.303159887475,0.295441157725,0.285430938455,0.273030616785,0.258067083097,0.240227673431,0.218911372583,0.192814302128,0.158276715538,0.087564546956,,,,,,,,0.071697514016,1.206000000000
79800,0.312732812563,0.311642616940,0.308367289052,0.302891129690,0.295182762542,0.285185790245,0.272801569682,0.257856994402,0.240039483691,0.218748288441,0.192680253332,0.158177830226,0.087518546064,,,,,,,,0.071651239899,1.206000000000
79860,0.312451271293,0.311362567739,0.308091707708,0.302622968212,0.294924937627,0.284941179260,0.272573020031,0.257647356908,0.239851692586,0.218585543956,0.192546478009,0.158079141613,0.087472657569,,,,,,,,0.071605103057,1.206000000000
79920,0.312170358308,0.311083143037,0.307816739549,0.302355401191,0.294667681217,0.284697103847,0.272344966305,0.257438169239,0.239664298909,0.218423138106,0.192412975329,0.157980649061,0.087426881595,,,,,,,,0.071559103595,1.206000000000
79980,0.311890071653,0.310804340892,0.307542382668,0.302088426783,0.294410991554,0.284453562355,0.272117406986,0.257229430024,0.239477301459,0.218261069873,0.192279744460,0.157882351952,0.087381218149,,,,,,,,0.071513241488,1.206000000000
80040,0.311610409377,0.310526159366,0.307268635167,0.301822043150,0.294154866886,0.284210553141,0.271890340559,0.257021137900,0.239290699037,0.218099338243,0.192146784574,0.157784249684,0.087335667154,,,,,,,,0.071467516615,1.206000000000
80100,0.311331369539,0.310248596531,0.306995495152,0.301556248463,0.293899305469,0.283968074569,0.271663765516,0.256813291506,0.239104490450,0.217937942205,0.192014094847,0.157686341668,0.087290228466,,,,,,,,0.071421928785,1.206000000000
80160,0.311052950205,0.309971650464,0.306722960741,0.301291040899,0.293644305565,0.283726125007,0.271437680355,0.256605889489,0.238918674510,0.217776880752,0.191881674457,0.157588627324,0.087244901894,,,,,,,,0.071376477748,1.206000000000
80220,0.310775149447,0.309695319251,0.306451030055,0.301026418642,0.293389865442,0.283484702832,0.271212083581,0.256398930498,0.238733250033,0.217616152879,0.191749522586,0.157491106083,0.087199687205,,,,,,,,0.071331163215,1.206000000000
80280,0.310497965347,0.309419600986,0.306179701225,0.300762379883,0.293135983377,0.283243806426,0.270986973700,0.256192413189,0.238548215839,0.217455757586,0.191617638419,0.157393777382,0.087154584137,,,,,,,,0.071285984861,1.206000000000
80340,0.310221395991,0.309144493767,0.305908972387,0.300498922819,0.292882657650,0.283003434176,0.270762349229,0.255986336224,0.238363570753,0.217295693874,0.191486021147,0.157296640662,0.087109592403,,,,,,,,0.071240942335,1.206000000000
80400,0.309945439476,0.308869995702,0.305638841686,0.300236045656,0.292629886551,0.282763584475,0.270538208688,0.255780698268,0.238179313602,0.217135960750,0.191354669964,0.157199695370,0.087064711696,,,,,,,,0.071196035264,1.206000000000
80460,0.309670093902,0.308596104907,0.305369307272,0.299973746605,0.292377668373,0.282524255726,0.270314550602,0.255575497992,0.237995443221,0.216976557224,0.191223584068,0.157102940957,0.087019941694,,,,,,,,0.071151263259,1.206000000000
80520,0.309395357380,0.308322819502,0.305100367303,0.299712023883,0.292126001419,0.282285446333,0.270091373503,0.255370734072,0.237811958448,0.216817482308,0.191092762663,0.157006376877,0.086975282062,,,,,,,,0.071106625917,1.206000000000
80580,0.309121228027,0.308050137616,0.304832019946,0.299450875717,0.291874883996,0.282047154708,0.269868675929,0.255166405189,0.237628858123,0.216658735019,0.190962204956,0.156910002585,0.086930732454,,,,,,,,0.071062122821,1.206000000000
80640,0.308847703966,0.307778057385,0.304564263371,0.299190300338,0.291624314418,0.281809379270,0.269646456421,0.254962510028,0.237446141093,0.216500314377,0.190831910159,0.156813817541,0.086886292515,,,,,,,,0.071017753548,1.206000000000
80700,0.308574783328,0.307506576953,0.304297095758,0.298930295984,0.291374291006,0.281572118444,0.269424713528,0.254759047281,0.237263806208,0.216342219406,0.190701877486,0.156717821205,0.086841961883,,,,,,,,0.070973517665,1.206000000000
80760,0.308302464251,0.307235694470,0.304030515293,0.298670860900,0.291124812087,0.281335370659,0.269203445804,0.254556015642,0.237081852322,0.216184449133,0.190572106158,0.156622013040,0.086797740193,,,,,,,,0.070929414735,1.206000000000
80820,0.308030744881,0.306965408091,0.303764520169,0.298411993339,0.290875875993,0.281099134351,0.268982651807,0.254353413814,0.236900278294,0.216027002590,0.190442595398,0.156526392510,0.086753627071,,,,,,,,0.070885444312,1.206000000000
80880,0.307759623369,0.306695715983,0.303499108585,0.298153691558,0.290627481066,0.280863407962,0.268762330101,0.254151240500,0.236719082988,0.215869878812,0.190313344434,0.156430959081,0.086709622142,,,,,,,,0.070841605951,1.206000000000
80940,0.307489097874,0.306426616315,0.303234278748,0.297895953824,0.290379625649,0.280628189941,0.268542479258,0.253949494411,0.236538265269,0.215713076837,0.190184352497,0.156335712221,0.086665725027,,,,,,,,0.070797899200,1.206000000000
81000,0.307219166564,0.306158107265,0.302970028871,0.297638778406,0.290132308096,0.280393478740,0.268323097850,0.253748174261,0.236357824009,0.215556595708,0.190055618822,0.156240651398,0.086621935346,,,,,,,,0.070754323649,1.206000000000
81060,0.306949820174,0.305890120987,0.302706115019,0.297381625198,0.289884569087,0.280157764424,0.268101977201,0.253544197610,0.236173566130,0.215394753252,0.189919223149,0.156133317727,0.086515565309,,,,,,,,0.070711153149,1.205966666667
81120,0.306681049512,0.305622707127,0.302442763688,0.297125018131,0.289637353515,0.279922544736,0.267881316507,0.253340640616,0.235989682169,0.215233233555,0.189783093294,0.156026184584,0.086409251595,,,,,,,,0.070668229277,1.205933333333
81180,0.306412852862,0.305355863978,0.302179973203,0.296868955580,0.289390659830,0.279687818214,0.267661114416,0.253137502051,0.235806171039,0.215072035680,0.189647228493,0.155919250869,0.086302961223,,,,,,,,0.070625474521,1.205900000000
81240,0.306145228512,0.305089589840,0.301917741894,0.296613435930,0.289144486486,0.279453583403,0.267441369580,0.252934780692,0.235623031654,0.214911158697,0.189511627983,0.155812516554,0.086196679368,,,,,,,,0.070582869708,1.205866666667
81300,0.305878174759,0.304823883019,0.301656068099,0.296358457569,0.288898831944,0.279219838854,0.267222080657,0.252732475321,0.235440262309,0.214750601676,0.189376291007,0.155705981177,0.086090397884,,,,,,,,0.070540405953,1.205833333333
81360,0.305611689903,0.304558741828,0.301394950161,0.296104018891,0.288653694668,0.278986583122,0.267003246310,0.252530584723,0.235257860391,0.214590363692,0.189241216810,0.155599644287,0.085984111428,,,,,,,,0.070498078156,1.205800000000
81420,0.305345772253,0.304294164584,0.301134386430,0.295850118299,0.288409073131,0.278753814768,0.266784865207,0.252329107689,0.235075826993,0.214430443824,0.189106404641,0.155493505450,0.085877807100,,,,,,,,0.070455882997,1.205766666667
81480,0.305080420123,0.304030149612,0.300874375261,0.295596754197,0.288164965809,0.278521532358,0.266566936019,0.252128043014,0.234894161047,0.214270841154,0.188971853753,0.155387563791,0.085771474079,,,,,,,,0.070413818117,1.205733333333
81540,0.304815631832,0.303766695242,0.300614915015,0.295343924998,0.287921371185,0.278289733484,0.266349457424,0.251927389496,0.234712861487,0.214111554767,0.188837556929,0.155281819167,0.085665125895,,,,,,,,0.070371881727,1.205700000000
81600,0.304551405709,0.303503799812,0.300356004059,0.295091629120,0.287678287746,0.278058417483,0.266132428104,0.251727145938,0.234531927254,0.213952583752,0.188703518460,0.155176271235,0.085558760154,,,,,,,,0.070330072399,1.205666666667
81660,0.304287740084,0.303241461664,0.300097640767,0.294839864987,0.287435713987,0.277827583157,0.265915846745,0.251527311147,0.234351357288,0.213793927204,0.188569739075,0.155070919508,0.085452374660,,,,,,,,0.070288388948,1.205633333333
81720,0.304024633296,0.302979679146,0.299839823519,0.294588631028,0.287193648406,0.277597229093,0.265699712039,0.251327883937,0.234171150538,0.213635584217,0.188436218050,0.154965763477,0.085345967357,,,,,,,,0.070246830357,1.205600000000
81780,0.303762083691,0.302718450614,0.299582550698,0.294337925678,0.286952089507,0.277367353883,0.265484022681,0.251128861265,0.233991305954,0.213477553892,0.188302954663,0.154860802293,0.085239536285,,,,,,,,0.070205395730,1.205566666667
81840,0.303500089617,0.302457774427,0.299325820696,0.294087747379,0.286711035801,0.277137956124,0.265268777373,0.250930243657,0.233811822490,0.213319835334,0.188169948197,0.154756035518,0.085133079554,,,,,,,,0.070164084260,1.205533333333
81900,0.303238649433,0.302197648953,0.299069631910,0.293838094576,0.286470485802,0.276909034417,0.265053974820,0.250732030093,0.233632699103,0.213162424436,0.188037197937,0.154651462850,0.085026595322,,,,,,,,0.070122895210,1.205500000000
81960,0.302977761501,0.301938072564,0.298813982742,0.293588965722,0.286230438030,0.276680587369,0.264839613732,0.250534219402,0.233453934757,0.213005322513,0.187904703173,0.154547083742,0.084920055450,,,,,,,,0.070081827894,1.205466666667
82020,0.302717424188,0.301679043638,0.298558871600,0.293340359275,0.285990891013,0.276452613593,0.264625692824,0.250336810417,0.233275528417,0.212848529698,0.187772463196,0.154442897646,0.084813483501,,,,,,,,0.070040881669,1.205433333333
82080,0.302457635869,0.301420560561,0.298304296900,0.293092273698,0.285751843281,0.276225111705,0.264412210815,0.250139801976,0.233097479053,0.212692045108,0.187640477299,0.154338903786,0.084706878260,,,,,,,,0.070000055924,1.205400000000
82140,0.302198394925,0.301162621722,0.298050257059,0.292844707459,0.285513293370,0.275998080327,0.264199166429,0.249943192920,0.232919785638,0.212535867867,0.187508744776,0.154235101487,0.084600237965,,,,,,,,0.069959350079,1.205366666667
82200,0.301939699742,0.300905225516,0.297796750505,0.292597659033,0.285275239823,0.275771518086,0.263986558394,0.249746982093,0.232742447150,0.212379997100,0.187377264926,0.154131490536,0.084493560864,,,,,,,,0.069918763571,1.205333333333
82260,0.301681548711,0.300648370347,0.297543775669,0.292351126900,0.285037681186,0.275545423613,0.263774385444,0.249551168347,0.232565462569,0.212224431938,0.187246037046,0.154028070380,0.084386845204,,,,,,,,0.069878295860,1.205300000000
82320,0.301423940231,0.300392054621,0.297291330903,0.292105109546,0.284800615838,0.275319795547,0.263562646024,0.249355750535,0.232388830353,0.212069171514,0.187115058921,0.153924840464,0.084280089236,,,,,,,,0.069837946420,1.205266666667
82380,0.301166872705,0.300136276752,0.297039414384,0.291859605461,0.284564041780,0.275094632528,0.263351337939,0.249160727515,0.232212547797,0.211914214964,0.186984325001,0.153821800125,0.084173291206,,,,,,,,0.069797714739,1.205233333333
82440,0.300910344542,0.299881035159,0.296788024912,0.291614613141,0.284327958308,0.274869933202,0.263140461168,0.248966098148,0.232036616119,0.211759561428,0.186853840965,0.153718948464,0.084066433000,,,,,,,,0.069757600319,1.205200000000
82500,0.300654354158,0.299626328267,0.296537160939,0.291370131089,0.284092363988,0.274645696222,0.262930014463,0.248771861302,0.231861034317,0.211605210050,0.186723606121,0.153616285387,0.083959516778,,,,,,,,0.069717602667,1.205166666667
82560,0.300398899973,0.299372154507,0.296286820927,0.291126157811,0.283857257395,0.274421920244,0.262719996579,0.248578015847,0.231685801391,0.211451159975,0.186593619772,0.153513810346,0.083852552725,,,,,,,,0.069677721305,1.205133333333
82620,0.300143980413,0.299118512313,0.296037003338,0.290882691821,0.283622637105,0.274198603927,0.262510406277,0.248384560657,0.231510916343,0.211297410354,0.186463881227,0.153411522794,0.083745539052,,,,,,,,0.069637955758,1.205100000000
82680,0.299889593912,0.298865400129,0.295787706645,0.290639731635,0.283388501703,0.273975745940,0.262301242320,0.248191494610,0.231336378182,0.211143960339,0.186334389796,0.153309422185,0.083638473960,,,,,,,,0.069598305562,1.205066666667
82740,0.299635738906,0.298612816402,0.295538929322,0.290397275777,0.283154849777,0.273753344951,0.262092503479,0.247998816590,0.231162185920,0.210990809085,0.186205144789,0.153207507421,0.083531355643,,,,,,,,0.069558770258,1.205033333333
82800,0.299382413840,0.298360759585,0.295290669852,0.290155322775,0.282921679921,0.273531399637,0.261884188526,0.247806525483,0.230988338570,0.210837953122,0.186076145520,0.153105778512,0.083424182280,,,,,,,,0.069519349363,1.205000000000
82860,0.299129624148,0.298109291546,0.295043160203,0.289914389702,0.282689914575,0.273311364559,0.261678428255,0.247617599251,0.230818896161,0.210690906345,0.185955097834,0.153016431114,0.083384306373,,,,,,,,0.069479778563,1.205000000000
82920,0.298877375210,0.297858361036,0.294796178438,0.289673968542,0.282458638998,0.273091791122,0.261473095725,0.247429061276,0.230649797040,0.210544152282,0.185834286001,0.152927253852,0.083344458284,,,,,,,,0.069440211865,1.205000000000
82980,0.298625665400,0.297607966438,0.294549722971,0.289434057760,0.282227851727,0.272872677955,0.261268189671,0.247240910416,0.230481040205,0.210397690090,0.185713709348,0.152838246222,0.083304673189,,,,,,,,0.069400721943,1.205000000000
83040,0.298374493095,0.297358106141,0.294303792220,0.289194655830,0.281997551304,0.272654023688,0.261063708833,0.247053145535,0.230312624660,0.210251518931,0.185593367204,0.152749407709,0.083264964126,,,,,,,,0.069361325818,1.205000000000
83100,0.298123856680,0.297108778538,0.294058384613,0.288955761226,0.281767736277,0.272435826959,0.260859651953,0.246865765499,0.230144549413,0.210105637967,0.185473258903,0.152660737762,0.083225337233,,,,,,,,0.069322030854,1.205000000000
83160,0.297873754545,0.296859982031,0.293813498580,0.288717372431,0.281538405198,0.272218086408,0.260656017780,0.246678769180,0.229976813476,0.209960046366,0.185353383777,0.152572235797,0.083185795852,,,,,,,,0.069282840891,1.205000000000
83220,0.297624185085,0.296611715025,0.293569132558,0.288479487934,0.281309556626,0.272000800684,0.260452805067,0.246492155454,0.229809415862,0.209814743297,0.185233741161,0.152483901216,0.083146341959,,,,,,,,0.069243758126,1.205000000000
83280,0.297375146704,0.296363975934,0.293325284991,0.288242106229,0.281081189124,0.271783968438,0.260250012572,0.246305923201,0.229642355590,0.209669727932,0.185114330392,0.152395733426,0.083106976769,,,,,,,,0.069204783873,1.205000000000
83340,0.297126637810,0.296116763176,0.293081954328,0.288005225814,0.280853301262,0.271567588326,0.260047639056,0.246120071305,0.229475631683,0.209524999447,0.184995150807,0.152307731852,0.083067701040,,,,,,,,0.069165918927,1.205000000000
83400,0.296878656815,0.295870075175,0.292839139022,0.287768845194,0.280625891613,0.271351659011,0.259845683287,0.245934598654,0.229309243166,0.209380557020,0.184876201742,0.152219895935,0.083028515237,,,,,,,,0.069127163753,1.205000000000
83460,0.296631202141,0.295623910361,0.292596837536,0.287532962881,0.280398958756,0.271136179159,0.259644144035,0.245749504141,0.229143189068,0.209236399831,0.184757482534,0.152132225138,0.082989419628,,,,,,,,0.069088518600,1.205000000000
83520,0.296384272213,0.295378267170,0.292355048333,0.287297577388,0.280172501278,0.270921147442,0.259443020077,0.245564786661,0.228977468423,0.209092527065,0.184638992522,0.152044718941,0.082950414344,,,,,,,,0.069049983567,1.205000000000
83580,0.296137865463,0.295133144043,0.292113769887,0.287062687239,0.279946517766,0.270706562536,0.259242310193,0.245380445116,0.228812080266,0.208948937907,0.184520731042,0.151957376841,0.082911499417,,,,,,,,0.069011558645,1.205000000000
83640,0.295891980327,0.294888539429,0.291873000674,0.286828290959,0.279721006818,0.270492423124,0.259042013167,0.245196478409,0.228647023638,0.208805631547,0.184402697436,0.151870198347,0.082872674809,,,,,,,,0.068973243747,1.205000000000
83700,0.295646615249,0.294644451779,0.291632739178,0.286594387082,0.279495967032,0.270278727890,0.258842127789,0.245012885450,0.228482297582,0.208662607176,0.184284891043,0.151783182979,0.082833940425,,,,,,,,0.068935038728,1.205000000000
83760,0.295401768679,0.294400879553,0.291392983887,0.286360974144,0.279271397014,0.270065475526,0.258642652853,0.244829665151,0.228317901144,0.208519863988,0.184167311208,0.151696330266,0.082795296129,,,,,,,,0.068896943398,1.205000000000
83820,0.295157439070,0.294157821215,0.291153733295,0.286128050688,0.279047295375,0.269852664729,0.258443587156,0.244646816429,0.228153833376,0.208377401180,0.184049957276,0.151609639746,0.082756741752,,,,,,,,0.068858957532,1.205000000000
83880,0.294913624883,0.293915275236,0.290914985902,0.285895615264,0.278823660730,0.269640294198,0.258244929503,0.244464338205,0.227990093331,0.208235217950,0.183932828594,0.151523110962,0.082718277102,,,,,,,,0.068821080881,1.205000000000
83940,0.294670324584,0.293673240092,0.290676740213,0.285663666424,0.278600491700,0.269428362639,0.258046678698,0.244282229402,0.227826680065,0.208093313500,0.183815924516,0.151436743461,0.082679901964,,,,,,,,0.068783313171,1.205000000000
84000,0.294427536644,0.293431714263,0.290438994739,0.285432202728,0.278377786911,0.269216868762,0.257848833554,0.244100488949,0.227663592640,0.207951687035,0.183699244394,0.151350536795,0.082641616109,,,,,,,,0.068745654113,1.205000000000
84060,0.294185259541,0.293190696238,0.290201747996,0.285201222740,0.278155544994,0.269005811283,0.257651392888,0.243919115780,0.227500830119,0.207810337760,0.183582787586,0.151264490520,0.082603419293,,,,,,,,0.068708103403,1.205000000000
84120,0.293943491759,0.292950184508,0.289964998506,0.284970725030,0.277933764585,0.268795188921,0.257454355517,0.243738108829,0.227338391569,0.207669264885,0.183466553453,0.151178604195,0.082565311264,,,,,,,,0.068670660728,1.205000000000
84180,0.293702231784,0.292710177572,0.289728744795,0.284740708172,0.277712444324,0.268585000400,0.257257720268,0.243557467038,0.227176276060,0.207528467622,0.183350541357,0.151092877381,0.082527291759,,,,,,,,0.068633325765,1.205000000000
84240,0.293461478112,0.292470673933,0.289492985397,0.284511170747,0.277491582857,0.268375244450,0.257061485969,0.243377189351,0.227014482667,0.207387945185,0.183234750667,0.151007309642,0.082489360509,,,,,,,,0.068596098183,1.205000000000
84300,0.293221229242,0.292231672101,0.289257718849,0.284282111340,0.277271178836,0.268165919803,0.256865651452,0.243197274714,0.226853010465,0.207247696791,0.183119180750,0.150921900542,0.082451517240,,,,,,,,0.068558977646,1.205000000000
84360,0.292981483679,0.291993170591,0.289022943694,0.284053528541,0.277051230916,0.267957025199,0.256670215556,0.243017722081,0.226691858536,0.207107721660,0.183003830981,0.150836649650,0.082413761672,,,,,,,,0.068521963812,1.205000000000
84420,0.292742239933,0.291755167922,0.288788658482,0.283825420947,0.276831737757,0.267748559379,0.256475177121,0.242838530406,0.226531025962,0.206968019016,0.182888700735,0.150751556533,0.082376093523,,,,,,,,0.068485056337,1.205000000000
84480,0.292503496522,0.291517662620,0.288554861765,0.283597787158,0.276612698025,0.267540521093,0.256280534993,0.242659698648,0.226370511830,0.206828588082,0.182773789391,0.150666620763,0.082338512506,,,,,,,,0.068448254872,1.205000000000
84540,0.292265251965,0.291280653216,0.288321552104,0.283370625779,0.276394110392,0.267332909091,0.256086288023,0.242481225772,0.226210315230,0.206689428089,0.182659096330,0.150581841911,0.082301018332,,,,,,,,0.068411559066,1.205000000000
84600,0.292027504790,0.291044138246,0.288088728062,0.283143935423,0.276175973531,0.267125722131,0.255892435064,0.242303110743,0.226050435254,0.206550538265,0.182544620937,0.150497219550,0.082263610711,,,,,,,,0.068374968574,1.205000000000
84660,0.291790246974,0.290808055380,0.287856163583,0.282917215466,0.275957396122,0.266917555469,0.255696917975,0.242122475401,0.225886944080,0.206406577864,0.182422883252,0.150400878529,0.082159578510,,,,,,,,0.068338736535,1.204966666667
84720,0.291553470551,0.290572451180,0.287624069608,0.282690952503,0.275739256970,0.266709803260,0.255501786655,0.241942191547,0.225723767339,0.206262889351,0.182301369948,0.150304706836,0.082055536832,,,,,,,,0.068302711908,1.204933333333
84780,0.291317174145,0.290337324275,0.287392444797,0.282465145232,0.275521554829,0.266502464330,0.255307040021,0.241762258069,0.225560904157,0.206119471974,0.182180080411,0.150208704019,0.081951429116,,,,,,,,0.068266825073,1.204900000000
84840,0.291081356384,0.290102673304,0.287161287810,0.282239792356,0.275304288460,0.266295537513,0.255112676989,0.241582675013,0.225398353664,0.205976324985,0.182059014027,0.150112869208,0.081847266843,,,,,,,,0.068231059412,1.204866666667
84900,0.290846015902,0.289868496908,0.286930597313,0.282014892582,0.275087456626,0.266089021643,0.254918696483,0.241403441400,0.225236114990,0.205833447637,0.181938170185,0.150017202304,0.081743042129,,,,,,,,0.068195407361,1.204833333333
84960,0.290611151337,0.289634793733,0.286700371979,0.281790444622,0.274871058097,0.265882914910,0.254725097428,0.241224556255,0.225074187273,0.205690839188,0.181817543837,0.149921703053,0.081638749677,,,,,,,,0.068159864639,1.204800000000
85020,0.290376761331,0.289401562430,0.286470610482,0.281566447194,0.274655091645,0.265677216336,0.254531878754,0.241046018605,0.224912569649,0.205548498895,0.181697135587,0.149826371099,0.081534385450,,,,,,,,0.068124428487,1.204766666667
85080,0.290142844533,0.289168801656,0.286241311503,0.281342899017,0.274439556047,0.265471925245,0.254339039394,0.240867827482,0.224751261261,0.205406426022,0.181576948074,0.149731206084,0.081429946099,,,,,,,,0.068089096963,1.204733333333
85140,0.289909399594,0.288936510071,0.286012473727,0.281119798818,0.274224450086,0.265267040490,0.254146578286,0.240689981921,0.224590260785,0.205264619833,0.181456980697,0.149636207336,0.081325428686,,,,,,,,0.068053868607,1.204700000000
85200,0.289676425172,0.288704686340,0.285784095845,0.280897145326,0.274009772546,0.265062560926,0.253954494369,0.240512480960,0.224429565658,0.205123079594,0.181337232864,0.149541374545,0.081220830524,,,,,,,,0.068018742262,1.204666666667
85260,0.289443919928,0.288473329133,0.285556176549,0.280674937277,0.273795522218,0.264858485415,0.253762786590,0.240335323641,0.224269177211,0.204981804577,0.181217703982,0.149446707563,0.081116126935,,,,,,,,0.067983716971,1.204633333333
85320,0.289211882530,0.288242437125,0.285328714540,0.280453173408,0.273581697897,0.264654812820,0.253571453896,0.240158509009,0.224109094598,0.204840794053,0.181098393466,0.149352205986,0.081011326787,,,,,,,,0.067948791920,1.204600000000
85380,0.288980311648,0.288012008996,0.285101708521,0.280231852465,0.273368298381,0.264451542010,0.253380495238,0.239982036111,0.223949316976,0.204700047298,0.180979300731,0.149257869400,0.080906438011,,,,,,,,0.067913966395,1.204566666667
85440,0.288749205959,0.287782043428,0.284875157200,0.280010973193,0.273155322472,0.264248671857,0.253189909574,0.239805903999,0.223789843502,0.204559563591,0.180860425198,0.149163697197,0.080801458301,,,,,,,,0.067879239753,1.204533333333
85500,0.288518564143,0.287552539112,0.284649059288,0.279790534031,0.272942768978,0.264046201238,0.252999695126,0.239630111729,0.223630673340,0.204419340152,0.180741766290,0.149069688768,0.080696385382,,,,,,,,0.067844611412,1.204500000000
85560,0.288288384886,0.287323494740,0.284423413505,0.279570533746,0.272730636709,0.263844129032,0.252809850884,0.239454658357,0.223471805652,0.204279376335,0.180623323431,0.148975844042,0.080591216997,,,,,,,,0.067810080829,1.204466666667
85620,0.288058666876,0.287094909010,0.284198218570,0.279350971403,0.272518924482,0.263642454125,0.252620376525,0.239279542945,0.223313239609,0.204139673423,0.180505096049,0.148882162581,0.080485950899,,,,,,,,0.067775647500,1.204433333333
85680,0.287829408809,0.286866780624,0.283973473211,0.279131845770,0.272307631115,0.263441175402,0.252431271020,0.239104764557,0.223154974379,0.204000230706,0.180387083573,0.148788643942,0.080380584845,,,,,,,,0.067741310943,1.204400000000
85740,0.287600609384,0.286639108290,0.283749176157,0.278913155615,0.272096755432,0.263240291757,0.252242533343,0.238930322262,0.222997009137,0.203861047476,0.180269285434,0.148695287625,0.080275110028,,,,,,,,0.067707070702,1.204366666667
85800,0.287372267304,0.286411890718,0.283525326144,0.278694899712,0.271886296261,0.263039802086,0.252054162469,0.238756215130,0.222839343058,0.203722123029,0.180151693625,0.148602092752,0.080169502275,,,,,,,,0.067672926339,1.204333333333
85860,0.287144381277,0.286185126625,0.283301921912,0.278477076840,0.271676252434,0.262839705287,0.251866157381,0.238582442174,0.222681975324,0.203583456662,0.180034314837,0.148509059369,0.080063787130,,,,,,,,0.067638877430,1.204300000000
85920,0.286916950016,0.285958814731,0.283078962202,0.278259685780,0.271466622786,0.262640000264,0.251678517061,0.238409000703,0.222524905115,0.203445047677,0.179917148697,0.148416187032,0.079957962303,,,,,,,,0.067604923565,1.204266666667
85980,0.286689972238,0.285732953760,0.282856445766,0.278042725320,0.271257406157,0.262440685924,0.251491240498,0.238235891630,0.222368131616,0.203306895376,0.179800194640,0.148323475298,0.079852025484,,,,,,,,0.067571064344,1.204233333333
86040,0.286463446664,0.285507542444,0.282634371353,0.277826194251,0.271048601391,0.262241761179,0.251304326684,0.238063114040,0.222211654018,0.203168999065,0.179683452105,0.148230923721,0.079745974349,,,,,,,,0.067537299377,1.204200000000
86100,0.286237372021,0.285282579514,0.282412737723,0.277610091366,0.270840207337,0.262043224943,0.251117774611,0.237890667019,0.222055471509,0.203031358052,0.179566920531,0.148138531385,0.079639806554,,,,,,,,0.067503628283,1.204166666667
86160,0.286011747039,0.285058063710,0.282191543635,0.277394415467,0.270632222697,0.261845076134,0.250931583280,0.237718549657,0.221899582822,0.202893971650,0.179450599357,0.148046298253,0.079533519733,,,,,,,,0.067470050688,1.204133333333
86220,0.285786570454,0.284833993773,0.281970787855,0.277179165356,0.270424645783,0.261647313674,0.250745751691,0.237546761048,0.221743985465,0.202756839170,0.179334488024,0.147954223957,0.079427111500,,,,,,,,0.067436566223,1.204100000000
86280,0.285561841003,0.284610368452,0.281750469154,0.276964339841,0.270217476151,0.261449936491,0.250560278850,0.237375300288,0.221588680793,0.202619959929,0.179218585977,0.147862308060,0.079320554503,,,,,,,,0.067403174526,1.204066666667
86340,0.285337557432,0.284387186497,0.281530586305,0.276749937734,0.270010712663,0.261252943513,0.250375163765,0.237204166476,0.221433668008,0.202483333245,0.179102892658,0.147770550125,0.079213858205,,,,,,,,0.067369875240,1.204033333333
86400,0.285113718488,0.284164446664,0.281311138087,0.276535957851,0.269804354188,0.261056333674,0.250190405447,0.237033358716,0.221278946315,0.202346956825,0.178987407513,0.147678949375,0.079107032428,,,,,,,,0.067336668002,1.204000000000
86460,0.284890329103,0.283942206329,0.281092340030,0.276322881679,0.269599260310,0.260861463897,0.250007994592,0.236865666328,0.221128327865,0.202216022996,0.178879423076,0.147599152160,0.079072939868,,,,,,,,0.067303308671,1.204000000000
86520,0.284667394161,0.283720417760,0.280873985733,0.276110236005,0.269394578527,0.260666982816,0.249825944198,0.236698301463,0.220977999341,0.202085336679,0.178771638239,0.147519498685,0.079038858550,,,,,,,,0.067269943864,1.204000000000
86580,0.284444912350,0.283499079654,0.280656073916,0.275898019590,0.269190307657,0.260472889324,0.249644253244,0.236531263197,0.220827959933,0.201954897194,0.178664052459,0.147439988548,0.079004825477,,,,,,,,0.067236638984,1.204000000000
86640,0.284222882363,0.283278190711,0.280438603305,0.275686231200,0.268986446524,0.260279182315,0.249462920711,0.236364550612,0.220678208836,0.201824703861,0.178556665196,0.147360621338,0.078970852912,,,,,,,,0.067203408885,1.204000000000
86700,0.284001302895,0.283057749634,0.280221572630,0.275474869608,0.268782993956,0.260085860689,0.249281945584,0.236198162794,0.220528745248,0.201694756004,0.178449475910,0.147281396622,0.078936946459,,,,,,,,0.067170259916,1.204000000000
86760,0.283780172647,0.282837755135,0.280004980625,0.275263933587,0.268579948783,0.259892923349,0.249101326853,0.236032098829,0.220379568369,0.201565052949,0.178342484062,0.147202313940,0.078903109136,,,,,,,,0.067137195369,1.204000000000
86820,0.283559490326,0.282618205926,0.279788826028,0.275053421917,0.268377309842,0.259700369202,0.248921063509,0.235866357809,0.220230677402,0.201435594025,0.178235689117,0.147123372820,0.078869342712,,,,,,,,0.067104217123,1.204000000000
86880,0.283339254642,0.282399100727,0.279573107583,0.274843333382,0.268175075973,0.259508197158,0.248741154548,0.235700938829,0.220082071554,0.201306378561,0.178129090538,0.147044572788,0.078835648281,,,,,,,,0.067071326308,1.204000000000
86940,0.283119464310,0.282180438261,0.279357824038,0.274633666771,0.267973246019,0.259316406134,0.248561598971,0.235535840986,0.219933750032,0.201177405891,0.178022687791,0.146965913381,0.078802026530,,,,,,,,0.067038523611,1.204000000000
87000,0.282900118051,0.281962217256,0.279142974144,0.274424420875,0.267771818830,0.259124995046,0.248382395779,0.235371063381,0.219785712050,0.201048675349,0.177916480341,0.146887394148,0.078768477889,,,,,,,,0.067005809442,1.204000000000
87060,0.282681214587,0.281744436444,0.278928556660,0.274215594493,0.267570793258,0.258933962819,0.248203543981,0.235206605119,0.219637956821,0.200920186273,0.177810467653,0.146809014653,0.078735002618,,,,,,,,0.066973184030,1.204000000000
87120,0.282462752649,0.281527094563,0.278714570345,0.274007186424,0.267370168158,0.258743308378,0.248025042585,0.235042465306,0.219490483562,0.200791938001,0.177704649194,0.146730774475,0.078701600857,,,,,,,,0.066940647476,1.204000000000
87180,0.282244730970,0.281310190354,0.278501013966,0.273799195475,0.267169942393,0.258553030654,0.247846890607,0.234878643052,0.219343291495,0.200663929877,0.177599024430,0.146652673205,0.078668272660,,,,,,,,0.066908199795,1.204000000000
87240,0.282027148287,0.281093722563,0.278287886293,0.273591620456,0.266970114825,0.258363128580,0.247669087062,0.234715137473,0.219196379840,0.200536161242,0.177493592828,0.146574710442,0.078635018020,,,,,,,,0.066875840933,1.204000000000
87300,0.281810003344,0.280877689940,0.278075186100,0.273384460180,0.266770684325,0.258173601095,0.247491630972,0.234551947684,0.219049747825,0.200408631443,0.177388353856,0.146496885799,0.078601836883,,,,,,,,0.066843570791,1.204000000000
87360,0.281593294887,0.280662091241,0.277862912166,0.273177713465,0.266571649764,0.257984447140,0.247314521361,0.234389072805,0.218903394676,0.200281339827,0.177283306985,0.146419198893,0.078568729158,,,,,,,,0.066811389229,1.204000000000
87420,0.281377021668,0.280446925226,0.277651063274,0.272971379135,0.266373010019,0.257795665660,0.247137757256,0.234226511959,0.218757319626,0.200154285744,0.177178451686,0.146341649347,0.078535694729,,,,,,,,0.066779296083,1.204000000000
87480,0.281161182443,0.280232190657,0.277439638213,0.272765456015,0.266174763972,0.257607255605,0.246961337690,0.234064264273,0.218611521907,0.200027468545,0.177073787431,0.146264236791,0.078502733455,,,,,,,,0.066747291162,1.204000000000
87540,0.280945775972,0.280017886303,0.277228635772,0.272559942937,0.265976910507,0.257419215926,0.246785261695,0.233902328875,0.218466000756,0.199900887584,0.176969313697,0.146186960860,0.078469845180,,,,,,,,0.066715374261,1.204000000000
87600,0.280730801019,0.279804010937,0.277018054750,0.272354838735,0.265779448511,0.257231545582,0.246609528310,0.233740704898,0.218320755411,0.199774542216,0.176865029961,0.146109821190,0.078437029734,,,,,,,,0.066683545160,1.204000000000
87660,0.280516256356,0.279590563336,0.276807893946,0.272150142249,0.265582376879,0.257044243531,0.246434136577,0.233579391478,0.218175785115,0.199648431799,0.176760935702,0.146032817421,0.078404286934,,,,,,,,0.066651803626,1.204000000000
87720,0.280302140753,0.279377542282,0.276598152165,0.271945852321,0.265385694506,0.256857308739,0.246259085541,0.233418387752,0.218031089111,0.199522555692,0.176657030403,0.145955949198,0.078371616591,,,,,,,,0.066620149418,1.204000000000
87780,0.280088452991,0.279164946559,0.276388828215,0.271741967800,0.265189400293,0.256670740171,0.246084374248,0.233257692863,0.217886666645,0.199396913257,0.176553313548,0.145879216164,0.078339018506,,,,,,,,0.066588582287,1.204000000000
87840,0.279875191851,0.278952774959,0.276179920911,0.271538487537,0.264993493144,0.256484536800,0.245910001752,0.233097305954,0.217742516967,0.199271503857,0.176449784624,0.145802617968,0.078306492476,,,,,,,,0.066557101980,1.204000000000
87900,0.279662356119,0.278741026275,0.275971429070,0.271335410386,0.264797971968,0.256298697601,0.245735967106,0.232937226173,0.217598639329,0.199146326858,0.176346443119,0.145726154258,0.078274038291,,,,,,,,0.066525708237,1.204000000000
87960,0.279449944588,0.278529699307,0.275763351513,0.271132735209,0.264602835676,0.256113221552,0.245562269368,0.232777452670,0.217455032984,0.199021381627,0.176243288526,0.145649824685,0.078241655739,,,,,,,,0.066494400793,1.204000000000
88020,0.279237956051,0.278318792856,0.275555687066,0.270930460867,0.264408083184,0.255928107634,0.245388907601,0.232617984600,0.217311697190,0.198896667535,0.176140320339,0.145573628900,0.078209344602,,,,,,,,0.066463179383,1.204000000000
88080,0.279026389309,0.278108305731,0.275348434558,0.270728586230,0.264213713412,0.255743354834,0.245215880869,0.232458821117,0.217168631206,0.198772183952,0.176037538052,0.145497566558,0.078177104663,,,,,,,,0.066432043735,1.204000000000
88140,0.278815243165,0.277898236743,0.275141592825,0.270527110168,0.264019725284,0.255558962141,0.245043188240,0.232299961382,0.217025834294,0.198647930254,0.175934941164,0.145421637311,0.078144935699,,,,,,,,0.066400993579,1.204000000000
88200,0.278604516427,0.277688584707,0.274935160704,0.270326031557,0.263826117726,0.255374928547,0.244870828786,0.232141404556,0.216883305717,0.198523905816,0.175832529177,0.145345840816,0.078112837488,,,,,,,,0.066370028663,1.204000000000
88260,0.278394202092,0.277479292026,0.274728927993,0.270124883444,0.263632058502,0.255189940843,0.244696875564,0.231980449041,0.216737349755,0.198395069510,0.175723210016,0.145258818184,0.078008599311,,,,,,,,0.066339382853,1.203966666667
88320,0.278184293203,0.277270402527,0.274523091693,0.269924120523,0.263438368902,0.255005302967,0.244523248292,0.231819791645,0.216591660209,0.198266464000,0.175614081742,0.145171939713,0.077904281747,,,,,,,,0.066308912861,1.203933333333
88380,0.277974788649,0.277061915106,0.274317650718,0.269723741741,0.263245047920,0.254821013568,0.244349946093,0.231659431570,0.216446236373,0.198138088677,0.175505141016,0.145085205035,0.077799847530,,,,,,,,0.066278556080,1.203900000000
88440,0.277765687323,0.276853828662,0.274112603988,0.269523746052,0.263052094554,0.254637071449,0.244176968092,0.231499368022,0.216301077542,0.198009942932,0.175396385582,0.144998613792,0.077695282354,,,,,,,,0.066248298055,1.203866666667
88500,0.277556988121,0.276646142097,0.273907950426,0.269324132411,0.262859507805,0.254453476328,0.244004313415,0.231339600206,0.216156183011,0.197882026161,0.175287819550,0.144912165444,0.077590578135,,,,,,,,0.066218132313,1.203833333333
88560,0.277348689943,0.276438854318,0.273703688957,0.269124899778,0.262667286677,0.254270227266,0.243831981195,0.231180127335,0.216011552080,0.197754337761,0.175179442425,0.144825859547,0.077485724537,,,,,,,,0.066188055229,1.203800000000
88620,0.277140791692,0.276231964236,0.273499818512,0.268926047113,0.262475430178,0.254087323329,0.243659970564,0.231020948619,0.215867184051,0.197626877130,0.175071253715,0.144739696138,0.077380685493,,,,,,,,0.066158064494,1.203766666667
88680,0.276933292276,0.276025470763,0.273296338024,0.268727573385,0.262283937320,0.253904763584,0.243488279486,0.230862063276,0.215723078227,0.197499643670,0.174963252931,0.144653674927,0.077275492353,,,,,,,,0.066128158493,1.203733333333
88740,0.276726190606,0.275819372819,0.273093246431,0.268529477563,0.262092807117,0.253722547104,0.243316908074,0.230703470522,0.215579233914,0.197372636784,0.174855439584,0.144567795619,0.077170141487,,,,,,,,0.066098336022,1.203700000000
88800,0.276519485597,0.275613669325,0.272890542674,0.268331758620,0.261902038588,0.253540672962,0.243145855672,0.230545169579,0.215435650421,0.197245855876,0.174747813191,0.144482057842,0.077064629473,,,,,,,,0.066068596134,1.203666666667
88860,0.276313176167,0.275408359205,0.272688225698,0.268134415532,0.261711630752,0.253359140237,0.242975121426,0.230387158549,0.215292327059,0.197119300354,0.174640373271,0.144396460881,0.076958953008,,,,,,,,0.066038938051,1.203633333333
88920,0.276107261239,0.275203441387,0.272486294449,0.267937447280,0.261521582635,0.253177948009,0.242804704483,0.230229437088,0.215149263140,0.196992969627,0.174533119344,0.144311004881,0.076853108868,,,,,,,,0.066009361113,1.203600000000
88980,0.275901739739,0.274998914806,0.272284747881,0.267740852848,0.261331893266,0.252997095362,0.242634603995,0.230072005119,0.215006457492,0.196866863106,0.174426050936,0.144225689510,0.076747093868,,,,,,,,0.065979864745,1.203566666667
89040,0.275696610595,0.274794778395,0.272083584947,0.267544631222,0.261142561674,0.252816581382,0.242464819116,0.229914861872,0.214863907888,0.196740980206,0.174319167573,0.144140514429,0.076640904843,,,,,,,,0.065950448433,1.203533333333
89100,0.275491872741,0.274591031096,0.271882804608,0.267348781394,0.260953586894,0.252636405161,0.242295349001,0.229758006580,0.214721615683,0.196615319144,0.174212468786,0.144055479294,0.076534515278,,,,,,,,0.065921111711,1.203500000000
89160,0.275287525113,0.274387671851,0.271682405825,0.267153302356,0.260764967964,0.252456565791,0.242126192811,0.229601438479,0.214579580200,0.196489877838,0.174105954105,0.143970583294,0.076427924095,,,,,,,,0.065891854146,1.203466666667
89220,0.275083566653,0.274184699606,0.271482387564,0.266958193107,0.260576703926,0.252277062368,0.241957349708,0.229445156809,0.214437800763,0.196364658410,0.173999617155,0.143885826462,0.076321148381,,,,,,,,0.065862675338,1.203433333333
89280,0.274879996304,0.273982113313,0.271282748795,0.266763452647,0.260388793823,0.252097893991,0.241788818857,0.229289160810,0.214296276699,0.196239660284,0.173893461897,0.143801208516,0.076214184909,,,,,,,,0.065833574907,1.203400000000
89340,0.274676813014,0.273779911925,0.271083488489,0.266569079980,0.260201236702,0.251919059762,0.241620599425,0.229133449726,0.214155007337,0.196114882884,0.173787489360,0.143716729101,0.076107030419,,,,,,,,0.065804552490,1.203366666667
89400,0.274474015733,0.273578094399,0.270884605624,0.266375074114,0.260014031614,0.251740558788,0.241452690585,0.228978022802,0.214013992007,0.195990325637,0.173681699080,0.143632387855,0.075999681624,,,,,,,,0.065775607742,1.203333333333
89460,0.274271603416,0.273376659696,0.270686099180,0.266181434059,0.259827177614,0.251562390176,0.241285091508,0.228822879289,0.213873230044,0.195865987971,0.173576090598,0.143548184107,0.075892135201,,,,,,,,0.065746740330,1.203300000000
89520,0.274069575022,0.273175606781,0.270487968138,0.265988158830,0.259640673758,0.251384553036,0.241117801371,0.228668018437,0.213732720782,0.195741869317,0.173470663454,0.143464117592,0.075784387787,,,,,,,,0.065717949930,1.203266666667
89580,0.273867929511,0.272974934621,0.270290211487,0.265795247444,0.259454519105,0.251207046485,0.240950819353,0.228513439499,0.213592463560,0.195617969107,0.173365417187,0.143380188171,0.075676435982,,,,,,,,0.065689236228,1.203233333333
89640,0.273666665850,0.272774642189,0.270092828215,0.265602698922,0.259268712721,0.251029869638,0.240784144636,0.228359141732,0.213452457719,0.195494286778,0.173260351342,0.143296395484,0.075568232302,,,,,,,,0.065660598918,1.203200000000
89700,0.273465783007,0.272574728458,0.269895817316,0.265410512288,0.259083253670,0.250853021616,0.240617776404,0.228205124394,0.213312702599,0.195370821766,0.173155465461,0.143212739174,0.075459812291,,,,,,,,0.065632037701,1.203166666667
89760,0.273265279953,0.272375192408,0.269699177788,0.265218686569,0.258898141023,0.250676501541,0.240451713845,0.228051386747,0.213173197547,0.195247573510,0.173050759088,0.143129218716,0.075351176257,,,,,,,,0.065603552284,1.203133333333
89820,0.273065155666,0.272176033019,0.269502908630,0.265027220796,0.258713373853,0.250500308541,0.240285956147,0.227897928054,0.213033941909,0.195124541450,0.172946231769,0.143045833556,0.075242320580,,,,,,,,0.065575142376,1.203100000000
89880,0.272865409123,0.271977249278,0.269307008846,0.264836114003,0.258528951234,0.250324441743,0.240120502505,0.227744747581,0.212894935033,0.195001725030,0.172841883051,0.142962583704,0.075133241592,,,,,,,,0.065546807696,1.203066666667
89940,0.272666039307,0.271778840173,0.269111477443,0.264645365227,0.258344872247,0.250148900280,0.239955352112,0.227591844596,0.212756176273,0.194879123695,0.172737712481,0.142879468806,0.075023935570,,,,,,,,0.065518547963,1.203033333333
90000,0.272467045204,0.271580804653,0.268916313346,0.264454973379,0.258161135795,0.249973683053,0.239790503863,0.227439217968,0.212617664418,0.194756736019,0.172633717946,0.142796488509,0.074914398735,,,,,,,,0.065490362885,1.203000000000
90060,0.272268431302,0.271383196261,0.268721717927,0.264265388609,0.257978546191,0.249800062172,0.239627826522,0.227289490799,0.212482992652,0.194639471569,0.172536830147,0.142724801469,0.074885167688,,,,,,,,0.065462026935,1.203000000000
90120,0.272070202049,0.271185970281,0.268527498230,0.264076168473,0.257796305823,0.249626770933,0.239465455149,0.227140041933,0.212348567544,0.194522417967,0.172440112559,0.142653236886,0.074855934566,,,,,,,,0.065433679113,1.203000000000
90180,0.271872356379,0.270989125654,0.268333653214,0.263887311964,0.257614413731,0.249453808436,0.239303388913,0.226990870619,0.212214388434,0.194405574657,0.172343564740,0.142581794436,0.074826738857,,,,,,,,0.065405378343,1.203000000000
90240,0.271674893229,0.270792661324,0.268140181844,0.263698818078,0.257432868959,0.249281173781,0.239141626984,0.226841976110,0.212080454665,0.194288941084,0.172247186249,0.142510473788,0.074797592130,,,,,,,,0.065377137632,1.203000000000
90300,0.271477811540,0.270596576237,0.267947083088,0.263510685818,0.257251670554,0.249108866073,0.238980168537,0.226693357659,0.211946765583,0.194172516697,0.172150976648,0.142439274597,0.074768499522,,,,,,,,0.065348962484,1.203000000000
90360,0.271281110256,0.270400869346,0.267754355916,0.263322914186,0.257070817564,0.248936884420,0.238819012748,0.226545014523,0.211813320537,0.194056300947,0.172054935498,0.142368196498,0.074739463760,,,,,,,,0.065320855742,1.203000000000
90420,0.271084788325,0.270205539605,0.267561999304,0.263135502191,0.256890309043,0.248765227931,0.238658158797,0.226396945962,0.211680118876,0.193940293286,0.171959062362,0.142297239112,0.074710486436,,,,,,,,0.065292819028,1.203000000000
90480,0.270888844700,0.270010585973,0.267370012229,0.262948448844,0.256710144047,0.248593895721,0.238497605865,0.226249151238,0.211547159952,0.193824493166,0.171863356804,0.142226402058,0.074681568532,,,,,,,,0.065264853318,1.203000000000
90540,0.270693278335,0.269816007411,0.267178393673,0.262761753159,0.256530321636,0.248422886906,0.238337353138,0.226101629616,0.211414443121,0.193708900044,0.171767818389,0.142155684961,0.074652710670,,,,,,,,0.065236959213,1.203000000000
90600,0.270498088190,0.269621802886,0.266987142622,0.262575414153,0.256350840872,0.248252200605,0.238177399805,0.225954380361,0.211281967740,0.193593513377,0.171672446682,0.142085087453,0.074623913246,,,,,,,,0.065209137079,1.203000000000
90660,0.270303273228,0.269427971366,0.266796258065,0.262389430848,0.256171700822,0.248081835943,0.238017745055,0.225807402745,0.211149733166,0.193478332625,0.171577241247,0.142014609179,0.074595176503,,,,,,,,0.065181387124,1.203000000000
90720,0.270108832414,0.269234511825,0.266605738994,0.262203802269,0.255992900554,0.247911792043,0.237858388082,0.225660696038,0.211017738763,0.193363357247,0.171482201652,0.141944249792,0.074566500582,,,,,,,,0.065153709455,1.203000000000
90780,0.269914764719,0.269041423238,0.266415584404,0.262018527444,0.255814439142,0.247742068035,0.237699328083,0.225514259516,0.210885983892,0.193248586706,0.171387327461,0.141874008958,0.074537885550,,,,,,,,0.065126104098,1.203000000000
90840,0.269721069117,0.268848704586,0.266225793295,0.261833605404,0.255636315661,0.247572663051,0.237540564256,0.225368092456,0.210754467920,0.193134020467,0.171292618241,0.141803886349,0.074509331417,,,,,,,,0.065098571027,1.203000000000
90900,0.269527744583,0.268656354852,0.266036364670,0.261649035183,0.255458529189,0.247403576226,0.237382095803,0.225222194137,0.210623190215,0.193019657995,0.171198073559,0.141733881645,0.074480838156,,,,,,,,0.065071110175,1.203000000000
90960,0.269334790098,0.268464373023,0.265847297535,0.261464815820,0.255281078809,0.247234806696,0.237223921929,0.225076563841,0.210492150146,0.192905498758,0.171103692984,0.141663994535,0.074452405708,,,,,,,,0.065043721443,1.203000000000
91020,0.269142204648,0.268272758090,0.265658590899,0.261280946355,0.255103963605,0.247066353603,0.237066041841,0.224931200852,0.210361347085,0.192791542225,0.171009476084,0.141594224708,0.074424033989,,,,,,,,0.065016404708,1.203000000000
91080,0.268949987218,0.268081509046,0.265470243776,0.261097425834,0.254927182667,0.246898216090,0.236908454748,0.224786104458,0.210230780407,0.192677787866,0.170915422431,0.141524571863,0.074395722896,,,,,,,,0.064989159829,1.203000000000
91140,0.268758136801,0.267890624889,0.265282255182,0.260914253305,0.254750735085,0.246730393303,0.236751159864,0.224641273948,0.210100449487,0.192564235153,0.170821531597,0.141455035700,0.074367472314,,,,,,,,0.064961986649,1.203000000000
91200,0.268566652390,0.267700104620,0.265094624137,0.260731427818,0.254574619954,0.246562884393,0.236594156403,0.224496708613,0.209970353705,0.192450883560,0.170727803154,0.141385615921,0.074339282112,,,,,,,,0.064934885001,1.203000000000
91260,0.268375532984,0.267509947242,0.264907349663,0.260548948428,0.254398836371,0.246395688511,0.236437443584,0.224352407748,0.209840492440,0.192337732563,0.170634236680,0.141316312234,0.074311152154,,,,,,,,0.064907854705,1.203000000000
91320,0.268184777583,0.267320151765,0.264720430789,0.260366814192,0.254223383438,0.246228804812,0.236281020628,0.224208370649,0.209710865075,0.192224781638,0.170540831749,0.141247124347,0.074283082292,,,,,,,,0.064880895576,1.203000000000
91380,0.267994385194,0.267130717198,0.264533866542,0.260185024173,0.254048260258,0.246062232455,0.236124886756,0.224064596615,0.209581470994,0.192112030263,0.170447587942,0.141178051970,0.074255072373,,,,,,,,0.064854007424,1.203000000000
91440,0.267804354824,0.266941642556,0.264347655958,0.260003577432,0.253873465937,0.245895970601,0.235969041197,0.223921084947,0.209452309583,0.191999477919,0.170354504839,0.141109094815,0.074227122240,,,,,,,,0.064827190049,1.203000000000
91500,0.267614685485,0.266752926858,0.264161798071,0.259822473039,0.253698999586,0.245730018413,0.235813483177,0.223777834949,0.209323380232,0.191887124087,0.170261582023,0.141040252597,0.074199231731,,,,,,,,0.064800443251,1.203000000000
91560,0.267425376192,0.266564569124,0.263976291923,0.259641710063,0.253524860318,0.245564375057,0.235658211928,0.223634845928,0.209194682331,0.191774968250,0.170168819076,0.140971525029,0.074171400680,,,,,,,,0.064773766826,1.203000000000
91620,0.267236425963,0.266376568380,0.263791136555,0.259461287578,0.253351047249,0.245399039705,0.235503226684,0.223492117191,0.209066215272,0.191663009893,0.170076215586,0.140902911829,0.074143628918,,,,,,,,0.064747160564,1.203000000000
91680,0.267047833821,0.266188923653,0.263606331015,0.259281204661,0.253177559497,0.245234011527,0.235348526682,0.223349648049,0.208937978449,0.191551248503,0.169983771141,0.140834412713,0.074115916273,,,,,,,,0.064720624258,1.203000000000
91740,0.266859598790,0.266001633974,0.263421874353,0.259101460392,0.253004396185,0.245069289699,0.235194111159,0.223207437814,0.208809971260,0.191439683567,0.169891485328,0.140766027400,0.074088262574,,,,,,,,0.064694157693,1.203000000000
91800,0.266671719898,0.265814698379,0.263237765621,0.258922053855,0.252831556437,0.244904873399,0.235039979359,0.223065485804,0.208682193102,0.191328314576,0.169799357741,0.140697755609,0.074060667644,,,,,,,,0.064667760658,1.203000000000
91860,0.266484196179,0.265628115905,0.263054003875,0.258742984135,0.252659039382,0.244740761807,0.234886130525,0.222923791334,0.208554643376,0.191217141021,0.169707387970,0.140629597060,0.074033131308,,,,,,,,0.064641432937,1.203000000000
91920,0.266297026667,0.265441885593,0.262870588174,0.258564250321,0.252486844150,0.244576954108,0.234732563903,0.222782353725,0.208427321485,0.191106162394,0.169615575612,0.140561551474,0.074005653388,,,,,,,,0.064615174314,1.203000000000
91980,0.266110210400,0.265256006488,0.262687517582,0.258385851507,0.252314969876,0.244413449487,0.234579278743,0.222641172299,0.208300226831,0.190995378192,0.169523920263,0.140493618573,0.073978233707,,,,,,,,0.064588984574,1.203000000000
92040,0.265923746421,0.265070477638,0.262504791165,0.258207786788,0.252143415695,0.244250247133,0.234426274297,0.222500246380,0.208173358823,0.190884787910,0.169432421519,0.140425798080,0.073950872086,,,,,,,,0.064562863498,1.203000000000
92100,0.265737633773,0.264885298093,0.262322407990,0.258030055263,0.251972180749,0.244087346239,0.234273549819,0.222359575295,0.208046716868,0.190774391046,0.169341078980,0.140358089717,0.073923568346,,,,,,,,0.064536810870,1.203000000000
92160,0.265551871506,0.264700466909,0.262140367131,0.257852656032,0.251801264179,0.243924745998,0.234121104566,0.222219158373,0.207920300375,0.190664187101,0.169249892248,0.140290493210,0.073896322307,,,,,,,,0.064510826473,1.203000000000
92220,0.265366458671,0.264515983142,0.261958667662,0.257675588202,0.251630665132,0.243762445609,0.233968937797,0.222078994945,0.207794108758,0.190554175576,0.169158860925,0.140223008282,0.073869133790,,,,,,,,0.064484910087,1.203000000000
92280,0.265181394323,0.264331845853,0.261777308662,0.257498850881,0.251460382755,0.243600444270,0.233817048773,0.221939084345,0.207668141430,0.190444355975,0.169067984615,0.140155634660,0.073842002615,,,,,,,,0.064459061496,1.203000000000
92340,0.264996677520,0.264148054106,0.261596289213,0.257322443178,0.251290416200,0.243438741185,0.233665436760,0.221799425908,0.207542397806,0.190334727801,0.168977262923,0.140088372070,0.073814928601,,,,,,,,0.064433280481,1.203000000000
92400,0.264812307323,0.263964606969,0.261415608400,0.257146364207,0.251120764622,0.243277335560,0.233514101023,0.221660018971,0.207416877306,0.190225290562,0.168886695456,0.140021220238,0.073787911569,,,,,,,,0.064407566824,1.203000000000
92460,0.264628282796,0.263781503511,0.261235265310,0.256970613087,0.250951427176,0.243116226601,0.233363040833,0.221520862876,0.207291579348,0.190116043767,0.168796281824,0.139954178893,0.073760951340,,,,,,,,0.064381920309,1.203000000000
92520,0.264444603007,0.263598742806,0.261055259034,0.256795188936,0.250782403025,0.242955413520,0.233212255460,0.221381956963,0.207166503354,0.190006986924,0.168706021634,0.139887247763,0.073734047733,,,,,,,,0.064356340718,1.203000000000
92580,0.264261267027,0.263416323931,0.260875588666,0.256620090877,0.250613691329,0.242794895530,0.233061744180,0.221243300578,0.207041648748,0.189898119546,0.168615914500,0.139820426577,0.073707200569,,,,,,,,0.064330827834,1.203000000000
92640,0.264078273930,0.263234245964,0.260696253304,0.256445318037,0.250445291255,0.242634671848,0.232911506267,0.221104893066,0.206917014955,0.189789441147,0.168525960034,0.139753715065,0.073680409670,,,,,,,,0.064305381440,1.203000000000
92700,0.263895622792,0.263052507990,0.260517252047,0.256270869544,0.250277201972,0.242474741691,0.232761541002,0.220966733778,0.206792601402,0.189680951240,0.168436157849,0.139687112959,0.073653674857,,,,,,,,0.064280001321,1.203000000000
92760,0.263713312694,0.262871109094,0.260338583999,0.256096744530,0.250109422649,0.242315104282,0.232611847666,0.220828822062,0.206668407519,0.189572649343,0.168346507561,0.139620619989,0.073626995951,,,,,,,,0.064254687260,1.203000000000
92820,0.263531342719,0.262690048365,0.260160248266,0.255922942129,0.249941952463,0.242155758844,0.232462425542,0.220691157273,0.206544432737,0.189464534973,0.168257008788,0.139554235887,0.073600372775,,,,,,,,0.064229439043,1.203000000000
92880,0.263349711953,0.262509324895,0.259982243957,0.255749461479,0.249774790589,0.241996704603,0.232313273916,0.220553738766,0.206420676489,0.189356607652,0.168167661146,0.139487960386,0.073573805150,,,,,,,,0.064204256455,1.203000000000
92940,0.263168419487,0.262328937780,0.259804570185,0.255576301722,0.249607936206,0.241837940789,0.232164392078,0.220416565898,0.206297138210,0.189248866899,0.168078464256,0.139421793221,0.073547292900,,,,,,,,0.064179139280,1.203000000000
93000,0.262987464412,0.262148886117,0.259627226064,0.255403461999,0.249441388499,0.241679466633,0.232015779318,0.220279638027,0.206173817335,0.189141312239,0.167989417738,0.139355734124,0.073520835849,,,,,,,,0.064154087307,1.203000000000
93060,0.262806845825,0.261969169009,0.259450210714,0.255230941458,0.249275146650,0.241521281370,0.231867434929,0.220142954517,0.206050713305,0.189033943196,0.167900521214,0.139289782832,0.073494433820,,,,,,,,0.064129100322,1.203000000000
93120,0.262626562823,0.261789785558,0.259273523255,0.255058739247,0.249109209849,0.241363384237,0.231719358207,0.220006514730,0.205927825559,0.188926759297,0.167811774309,0.139223939081,0.073468086638,,,,,,,,0.064104178112,1.203000000000
93180,0.262446614509,0.261610734874,0.259097162812,0.254886854519,0.248943577286,0.241205774472,0.231571548449,0.219870318033,0.205805153540,0.188819760068,0.167723176645,0.139158202605,0.073441794127,,,,,,,,0.064079320465,1.203000000000
93240,0.262266999988,0.261432016065,0.258921128511,0.254715286429,0.248778248154,0.241048451319,0.231424004957,0.219734363792,0.205682696692,0.188712945041,0.167634727850,0.139092573144,0.073415556113,,,,,,,,0.064054527171,1.203000000000
93300,0.262087718367,0.261253628247,0.258745419484,0.254544034134,0.248613221650,0.240891414021,0.231276727033,0.219598651378,0.205560454461,0.188606313746,0.167546427551,0.139027050436,0.073389372423,,,,,,,,0.064029798018,1.203000000000
93360,0.261908768757,0.261075570534,0.258570034862,0.254373096795,0.248448496971,0.240734661825,0.231129713981,0.219463180164,0.205438426294,0.188499865715,0.167458275375,0.138961634218,0.073363242883,,,,,,,,0.064005132797,1.203000000000
93420,0.261730150272,0.260897842047,0.258394973782,0.254202473575,0.248284073320,0.240578193980,0.230982965110,0.219327949522,0.205316611642,0.188393600483,0.167370270953,0.138896324230,0.073337167320,,,,,,,,0.063980531299,1.203000000000
93480,0.261551862029,0.260720441907,0.258220235383,0.254032163641,0.248119949900,0.240422009740,0.230836479728,0.219192958829,0.205195009955,0.188287517586,0.167282413915,0.138831120213,0.073311145561,,,,,,,,0.063955993315,1.203000000000
93540,0.261373903147,0.260543369240,0.258045818807,0.253862166162,0.247956125918,0.240266108358,0.230690257147,0.219058207464,0.205073620688,0.188181616562,0.167194703893,0.138766021908,0.073285177436,,,,,,,,0.063931518636,1.203000000000
93600,0.261196272749,0.260366623174,0.257871723198,0.253692480309,0.247792600584,0.240110489092,0.230544296681,0.218923694807,0.204952443295,0.188075896948,0.167107140522,0.138701029057,0.073259262774,,,,,,,,0.063907107056,1.203000000000
93660,0.261018969962,0.260190202841,0.257697947703,0.253523105257,0.247629373109,0.239955151200,0.230398597648,0.218789420239,0.204831477232,0.187970358286,0.167019723435,0.138636141401,0.073233401404,,,,,,,,0.063882758369,1.203000000000
93720,0.260841993913,0.260014107374,0.257524491473,0.253354040183,0.247466442709,0.239800093945,0.230253159365,0.218655383145,0.204710721959,0.187865000117,0.166932452268,0.138571358685,0.073207593156,,,,,,,,0.063858472367,1.203000000000
93780,0.260665343734,0.259838335911,0.257351353662,0.253185284268,0.247303808600,0.239645316590,0.230107981153,0.218521582912,0.204590176937,0.187759821985,0.166845326658,0.138506680653,0.073181837861,,,,,,,,0.063834248847,1.203000000000
93840,0.260489018560,0.259662887591,0.257178533426,0.253016836694,0.247141470003,0.239490818404,0.229963062336,0.218388018928,0.204469841627,0.187654823435,0.166758346244,0.138442107049,0.073156135350,,,,,,,,0.063810087603,1.203000000000
93900,0.260313017528,0.259487761557,0.257006029922,0.252848696646,0.246979426139,0.239336598655,0.229818402238,0.218254690584,0.204349715493,0.187550004014,0.166671510664,0.138377637619,0.073130485457,,,,,,,,0.063785988433,1.203000000000
93960,0.260137339778,0.259312956954,0.256833842314,0.252680863314,0.246817676235,0.239182656615,0.229674000189,0.218121597271,0.204229798001,0.187445363269,0.166584819559,0.138313272109,0.073104888013,,,,,,,,0.063761951132,1.203000000000
94020,0.259961984453,0.259138472932,0.256661969765,0.252513335889,0.246656219517,0.239028991558,0.229529855516,0.217988738384,0.204110088619,0.187340900750,0.166498272571,0.138249010266,0.073079342852,,,,,,,,0.063737975499,1.203000000000
94080,0.259786950699,0.258964308642,0.256490411443,0.252346113563,0.246495055216,0.238875602760,0.229385967553,0.217856113319,0.203990586815,0.187236616009,0.166411869342,0.138184851838,0.073053849808,,,,,,,,0.063714061332,1.203000000000
94140,0.259612237666,0.258790463237,0.256319166518,0.252179195533,0.246334182565,0.238722489500,0.229242335633,0.217723721476,0.203871292062,0.187132508596,0.166325609517,0.138120796574,0.073028408716,,,,,,,,0.063690208430,1.203000000000
94200,0.259437844505,0.258616935875,0.256148234162,0.252012580998,0.246173600798,0.238569651061,0.229098959093,0.217591562253,0.203752203831,0.187028578068,0.166239492740,0.138056844224,0.073003019410,,,,,,,,0.063666416593,1.203000000000
94260,0.259263770371,0.258443725716,0.255977613552,0.251846269161,0.246013309155,0.238417086724,0.228955837272,0.217459635054,0.203633321597,0.186924823978,0.166153518658,0.137992994536,0.072977681727,,,,,,,,0.063642685622,1.203000000000
94320,0.259090014420,0.258270831922,0.255807303866,0.251680259225,0.245853306875,0.238264795777,0.228812969510,0.217327939283,0.203514644837,0.186821245883,0.166067686919,0.137929247262,0.072952395504,,,,,,,,0.063619015317,1.203000000000
94380,0.258916575813,0.258098253658,0.255637304285,0.251514550398,0.245693593202,0.238112777507,0.228670355151,0.217196474345,0.203396173028,0.186717843343,0.165981997170,0.137865602154,0.072927160578,,,,,,,,0.063595405481,1.203000000000
94440,0.258743453713,0.257925990094,0.255467613993,0.251349141889,0.245534167380,0.237961031206,0.228527993539,0.217065239650,0.203277905649,0.186614615917,0.165896449062,0.137802058964,0.072901976786,,,,,,,,0.063571855917,1.203000000000
94500,0.258570647287,0.257754040399,0.255298232176,0.251184032910,0.245375028657,0.237809556166,0.228385884021,0.216934234607,0.203159842183,0.186511563166,0.165811042245,0.137738617444,0.072876843967,,,,,,,,0.063548366428,1.203000000000
94560,0.258398155701,0.257582403748,0.255129158024,0.251019222677,0.245216176285,0.237658351684,0.228244025948,0.216803458627,0.203041982113,0.186408684652,0.165725776371,0.137675277350,0.072851761960,,,,,,,,0.063524936817,1.203000000000
94620,0.258225978129,0.257411079318,0.254960390728,0.250854710407,0.245057609516,0.237507417056,0.228102418671,0.216672911127,0.202924324922,0.186305979941,0.165640651094,0.137612038434,0.072826730605,,,,,,,,0.063501566891,1.203000000000
94680,0.258054113743,0.257240066286,0.254791929483,0.250690495320,0.244899327606,0.237356751582,0.227961061543,0.216542591520,0.202806870098,0.186203448596,0.165555666067,0.137548900454,0.072801749743,,,,,,,,0.063478256454,1.203000000000
94740,0.257882561721,0.257069363836,0.254623773487,0.250526576639,0.244741329811,0.237206354566,0.227819953920,0.216412499225,0.202689617128,0.186101090186,0.165470820945,0.137485863164,0.072776819214,,,,,,,,0.063455005313,1.203000000000
94800,0.257711321242,0.256898971152,0.254455921940,0.250362953589,0.244583615394,0.237056225312,0.227679095160,0.216282633661,0.202572565502,0.185998904278,0.165386115386,0.137422926323,0.072751938860,,,,,,,,0.063431813275,1.203000000000
94860,0.257540391488,0.256728887422,0.254288374043,0.250199625398,0.244426183615,0.236906363126,0.227538484623,0.216152994250,0.202455714712,0.185896890442,0.165301549046,0.137360089686,0.072727108524,,,,,,,,0.063408680148,1.203000000000
94920,0.257369771646,0.256559111835,0.254121129004,0.250036591297,0.244269033741,0.236756767318,0.227398121672,0.216023580416,0.202339064250,0.185795048250,0.165217121584,0.137297353012,0.072702328048,,,,,,,,0.063385605739,1.203000000000
94980,0.257199460901,0.256389643585,0.253954186028,0.249873850517,0.244112165039,0.236607437199,0.227258005670,0.215894391584,0.202222613612,0.185693377273,0.165132832660,0.137234716062,0.072677597276,,,,,,,,0.063362589860,1.203000000000
95040,0.257029458445,0.256220481866,0.253787544328,0.249711402296,0.243955576779,0.236458372084,0.227118135983,0.215765427181,0.202106362294,0.185591877086,0.165048681934,0.137172178593,0.072652916053,,,,,,,,0.063339632318,1.203000000000
95100,0.256859763471,0.256051625878,0.253621203115,0.249549245870,0.243799268234,0.236309571287,0.226978511981,0.215636686636,0.201990309794,0.185490547264,0.164964669067,0.137109740368,0.072628284223,,,,,,,,0.063316732925,1.203000000000
95160,0.256690375175,0.255883074820,0.253455161607,0.249387380481,0.243643238678,0.236161034128,0.226839133032,0.215508169380,0.201874455611,0.185389387383,0.164880793724,0.137047401146,0.072603701631,,,,,,,,0.063293891492,1.203000000000
95220,0.256521292754,0.255714827896,0.253289419021,0.249225805371,0.243487487389,0.236012759927,0.226699998511,0.215379874846,0.201758799246,0.185288397022,0.164797055568,0.136985160691,0.072579168124,,,,,,,,0.063271107832,1.203000000000
95280,0.256352515411,0.255546884313,0.253123974577,0.249064519786,0.243332013645,0.235864748006,0.226561107791,0.215251802468,0.201643340203,0.185187575760,0.164713454264,0.136923018764,0.072554683548,,,,,,,,0.063248381756,1.203000000000
95340,0.256184042349,0.255379243278,0.252958827501,0.248903522974,0.243176816730,0.235716997690,0.226422460249,0.215123951683,0.201528077986,0.185086923177,0.164629989477,0.136860975129,0.072530247752,,,,,,,,0.063225713079,1.203000000000
95400,0.256015872773,0.255211904004,0.252793977017,0.248742814185,0.243021895927,0.235569508307,0.226284055263,0.214996321930,0.201413012101,0.184986438856,0.164546660876,0.136799029551,0.072505860582,,,,,,,,0.063203101616,1.203000000000
95460,0.255848001247,0.255044816459,0.252629238807,0.248581982871,0.242866518009,0.235421119255,0.226144185195,0.214866510871,0.201294841963,0.184881595401,0.164457043154,0.136726761274,0.072403090850,,,,,,,,0.063180747177,1.202966666667
95520,0.255680422366,0.254878019979,0.252464786928,0.248421430039,0.242711407666,0.235272983888,0.226004552016,0.214736917064,0.201176866624,0.184776921407,0.164367566399,0.136654599570,0.072300110567,,,,,,,,0.063158521881,1.202933333333
95580,0.255513135395,0.254711513830,0.252300620658,0.248261154989,0.242556564230,0.235125101575,0.225865155139,0.214607539975,0.201059085609,0.184672416467,0.164278230275,0.136582544675,0.072196857671,,,,,,,,0.063136374959,1.202900000000
95640,0.255346139599,0.254545297283,0.252136739283,0.248101157027,0.242401987034,0.234977471687,0.225725993981,0.214478379073,0.200941498448,0.184568080175,0.164189034449,0.136510596341,0.072093356089,,,,,,,,0.063114295320,1.202866666667
95700,0.255179434246,0.254379369610,0.251973142086,0.247941435458,0.242247675415,0.234830093598,0.225587067960,0.214349433827,0.200824104670,0.184463912124,0.164099978590,0.136438754327,0.071989597279,,,,,,,,0.063092278114,1.202833333333
95760,0.255013018607,0.254213730086,0.251809828356,0.247781989593,0.242093628711,0.234682966683,0.225448376497,0.214220703711,0.200706903804,0.184359911912,0.164011062364,0.136367018408,0.071885574662,,,,,,,,0.063070320675,1.202800000000
95820,0.254846891954,0.254048377987,0.251646797381,0.247622818740,0.241939846262,0.234536090320,0.225309919014,0.214092188198,0.200589895382,0.184256079136,0.163922285443,0.136295387992,0.071781282542,,,,,,,,0.063048421327,1.202766666667
95880,0.254681053562,0.253883312593,0.251484048455,0.247463922215,0.241786327410,0.234389463888,0.225171694933,0.213963886762,0.200473078940,0.184152413394,0.163833647496,0.136223863121,0.071676715662,,,,,,,,0.063026578912,1.202733333333
95940,0.254515502708,0.253718533185,0.251321580870,0.247305299331,0.241633071499,0.234243086768,0.225033703681,0.213835798881,0.200356454011,0.184048914287,0.163745148196,0.136152443718,0.071571868991,,,,,,,,0.063004792578,1.202700000000
96000,0.254350238672,0.253554039048,0.251159393925,0.247146949407,0.241480077877,0.234096958342,0.224895944684,0.213707924033,0.200240020132,0.183945581415,0.163656787216,0.136081129575,0.071466737615,,,,,,,,0.062983061661,1.202666666667
96060,0.254185260736,0.253389829467,0.250997486917,0.246988871761,0.241327345890,0.233951077997,0.224758417373,0.213580261698,0.200123776841,0.183842414381,0.163568564231,0.136009920478,0.071361281947,,,,,,,,0.062961385620,1.202633333333
96120,0.254020568184,0.253225903730,0.250835859147,0.246831065716,0.241174874891,0.233805445119,0.224621121177,0.213452811359,0.200007723677,0.183739412788,0.163480478917,0.135938815984,0.071255506983,,,,,,,,0.062939764003,1.202600000000
96180,0.253856160302,0.253062261128,0.250674509918,0.246673530596,0.241022664231,0.233660059098,0.224484055530,0.213325572498,0.199891860182,0.183636576241,0.163392530954,0.135867815818,0.071149431093,,,,,,,,0.062918196417,1.202566666667
96240,0.253692036379,0.252898900954,0.250513438536,0.246516265725,0.240870713265,0.233514919323,0.224347219866,0.213198544600,0.199776185897,0.183533904347,0.163304715421,0.135796920030,0.071043049311,,,,,,,,0.062896682517,1.202533333333
96300,0.253528195705,0.252735822503,0.250352644308,0.246359270433,0.240719021350,0.233370025188,0.224210613620,0.213071727152,0.199660700365,0.183431396147,0.163217034266,0.135726128389,0.070936356616,,,,,,,,0.062875221988,1.202500000000
96360,0.253364637575,0.252573025072,0.250192126544,0.246202544050,0.240567587844,0.233225376087,0.224074236232,0.212945119642,0.199545403133,0.183329048769,0.163129489512,0.135655440660,0.070829347926,,,,,,,,0.062853814545,1.202466666667
96420,0.253201361282,0.252410507961,0.250031884556,0.246046085908,0.240416412108,0.233080971417,0.223938087140,0.212818721560,0.199430293114,0.183226864874,0.163042080844,0.135584856532,0.070722018089,,,,,,,,0.062832459921,1.202433333333
96480,0.253038366125,0.252248270471,0.249871917657,0.245889895341,0.240265493505,0.232936810577,0.223802165786,0.212692532397,0.199315368813,0.183124844073,0.162954807946,0.135514375409,0.070614361875,,,,,,,,0.062811157867,1.202400000000
96540,0.252875651403,0.252086311906,0.249712225164,0.245733971685,0.240114831399,0.232792892966,0.223666471613,0.212566551646,0.199200631458,0.183022985979,0.162867670504,0.135443997480,0.070506373972,,,,,,,,0.062789908145,1.202366666667
96600,0.252713216419,0.251924631572,0.249552806394,0.245578314280,0.239964425156,0.232649217988,0.223531004067,0.212440777405,0.199086080599,0.182921290204,0.162780668206,0.135373722502,0.070397991405,,,,,,,,0.062768710532,1.202333333333
96660,0.252551060475,0.251763228777,0.249393660670,0.245422922466,0.239814274146,0.232505785045,0.223395762593,0.212315210328,0.198971715788,0.182819756365,0.162693800738,0.135303550234,0.070289257045,,,,,,,,0.062747564810,1.202300000000
96720,0.252389182880,0.251602102832,0.249234787312,0.245267795586,0.239664377739,0.232362593543,0.223260746641,0.212189850154,0.198857536579,0.182718384077,0.162607067791,0.135233480432,0.070180172570,,,,,,,,0.062726470771,1.202266666667
96780,0.252227582941,0.251441253049,0.249076185646,0.245112932984,0.239514735307,0.232219642892,0.223125954892,0.212064696382,0.198743542527,0.182617172958,0.162520469053,0.135163512430,0.070070732222,,,,,,,,0.062705428211,1.202233333333
96840,0.252066259969,0.251280678744,0.248917854999,0.244958334008,0.239365346225,0.232076932499,0.222991387112,0.211939748512,0.198629733188,0.182516122628,0.162434004214,0.135093646325,0.069960930136,,,,,,,,0.062684436936,1.202200000000
96900,0.251905213277,0.251120379232,0.248759794699,0.244803998005,0.239216209870,0.231934461777,0.222857043209,0.211815006046,0.198516108119,0.182415232705,0.162347672965,0.135023881956,0.069850760339,,,,,,,,0.062663496753,1.202166666667
96960,0.251744442179,0.250960353834,0.248602004078,0.244649924328,0.239067325619,0.231792230139,0.222722922641,0.211690468490,0.198402666879,0.182314502811,0.162261474998,0.134954219080,0.069740216739,,,,,,,,0.062642607473,1.202133333333
97020,0.251583945994,0.250800601869,0.248444482468,0.244496112328,0.238918692854,0.231650236896,0.222589024862,0.211566135347,0.198289409029,0.182213932570,0.162175409242,0.134884657453,0.069629293131,,,,,,,,0.062621768914,1.202100000000
97080,0.251423724040,0.250641122662,0.248287229205,0.244342561361,0.238770310956,0.231508480742,0.222455349333,0.211442006124,0.198176334131,0.182113521604,0.162089470009,0.134815196573,0.069517972876,,,,,,,,0.062600980894,1.202066666667
97140,0.251263775638,0.250481915537,0.248130243627,0.244189270784,0.238622179310,0.231366961925,0.222321895512,0.211318080331,0.198063441748,0.182013269538,0.162003663144,0.134745836219,0.069406196927,,,,,,,,0.062580243236,1.202033333333
97200,0.251104100112,0.250322979823,0.247973525071,0.244036239956,0.238474297301,0.231225679863,0.222188662863,0.211194357477,0.197950731443,0.181913175640,0.161917988341,0.134676576392,0.069294019321,,,,,,,,0.062559555764,1.202000000000
97260,0.250944701205,0.250164362597,0.247817251151,0.243883866482,0.238327376513,0.231085763275,0.222057313712,0.211073178498,0.197841423168,0.181817663797,0.161838742411,0.134617685200,0.069271930019,,,,,,,,0.062538725712,1.202000000000
97320,0.250785582630,0.250006024119,0.247661251234,0.243731759140,0.238180710916,0.230946087925,0.221926188899,0.210952204044,0.197732296662,0.181722307837,0.161759622768,0.134558885058,0.069249825380,,,,,,,,0.062517877002,1.202000000000
97380,0.250626743672,0.249847963675,0.247505524620,0.243579917255,0.238034299864,0.230806653206,0.221795287862,0.210831433607,0.197623351479,0.181627107384,0.161680629114,0.134500175745,0.069227743688,,,,,,,,0.062497057613,1.202000000000
97440,0.250468183616,0.249690180558,0.247350070616,0.243428340153,0.237888142712,0.230667458512,0.221664610042,0.210710866681,0.197514587175,0.181532062063,0.161601761148,0.134441557040,0.069205694724,,,,,,,,0.062476277641,1.202000000000
97500,0.250309901752,0.249532674061,0.247194888525,0.243277027161,0.237742238819,0.230528503239,0.221534154881,0.210590502764,0.197406003307,0.181437171499,0.161523018574,0.134383028713,0.069183682690,,,,,,,,0.062455541292,1.202000000000
97560,0.250151897371,0.249375443479,0.247039977658,0.243125977611,0.237596587545,0.230389786787,0.221403921824,0.210470341352,0.197297599432,0.181342435319,0.161444401094,0.134324590526,0.069161709787,,,,,,,,0.062434850725,1.202000000000
97620,0.249994169766,0.249218488109,0.246885337326,0.242975190834,0.237451188253,0.230251308555,0.221273910317,0.210350381944,0.197189375112,0.181247853151,0.161365908411,0.134266242229,0.069139777297,,,,,,,,0.062414207175,1.202000000000
97680,0.249836718233,0.249061807252,0.246730966840,0.242824666164,0.237306040307,0.230113067946,0.221144119807,0.210230624042,0.197081329907,0.181153424625,0.161287540229,0.134207983569,0.069117886012,,,,,,,,0.062393611391,1.202000000000
97740,0.249679542069,0.248905400211,0.246576865517,0.242674402940,0.237161143074,0.229975064365,0.221014549745,0.210111067147,0.196973463380,0.181059149371,0.161209296253,0.134149814292,0.069096036441,,,,,,,,0.062373063840,1.202000000000
97800,0.249522640576,0.248749266289,0.246423032674,0.242524400499,0.237016495921,0.229837297216,0.220885199581,0.209991710764,0.196865775095,0.180965027020,0.161131176187,0.134091734147,0.069074228915,,,,,,,,0.062352564816,1.202000000000
97860,0.249366013056,0.248593404794,0.246269467631,0.242374658184,0.236872098221,0.229699765909,0.220756068769,0.209872554399,0.196758264617,0.180871057205,0.161053179738,0.134033742889,0.069052463649,,,,,,,,0.062332114498,1.202000000000
97920,0.249209658812,0.248437815034,0.246116169710,0.242225175336,0.236727949345,0.229562469853,0.220627156763,0.209753597558,0.196650931513,0.180777239560,0.160975306610,0.133975840280,0.069030740776,,,,,,,,0.062311712987,1.202000000000
97980,0.249053577153,0.248282496321,0.245963138234,0.242075951301,0.236584048667,0.229425408459,0.220498463021,0.209634839750,0.196543775350,0.180683573720,0.160897556509,0.133918026086,0.069009060372,,,,,,,,0.062291360327,1.202000000000
98040,0.248897767388,0.248127447969,0.245810372530,0.241926985426,0.236440395565,0.229288581143,0.220369987000,0.209516280486,0.196436795700,0.180590059320,0.160819929141,0.133860300080,0.068987422474,,,,,,,,0.062271056524,1.202000000000
98100,0.248742228827,0.247972669292,0.245657871926,0.241778277061,0.236296989417,0.229151987318,0.220241728160,0.209397919277,0.196329992132,0.180496695998,0.160742424214,0.133802662039,0.068965827084,,,,,,,,0.062250801552,1.202000000000
98160,0.248586960785,0.247818159610,0.245505635753,0.241629825558,0.236153829604,0.229015626404,0.220113685964,0.209279755638,0.196223364219,0.180403483390,0.160665041433,0.133745111746,0.068944274183,,,,,,,,0.062230595363,1.202000000000
98220,0.248431962577,0.247663918241,0.245353663344,0.241481630270,0.236010915508,0.228879497818,0.219985859874,0.209161789081,0.196116911534,0.180310421137,0.160587780506,0.133687648987,0.068922763734,,,,,,,,0.062210437892,1.202000000000
98280,0.248277233522,0.247509944509,0.245201954034,0.241333690553,0.235868246514,0.228743600982,0.219858249357,0.209044019125,0.196010633652,0.180217508878,0.160510641141,0.133630273550,0.068901295683,,,,,,,,0.062190329060,1.202000000000
98340,0.248122772940,0.247356237737,0.245050507158,0.241186005764,0.235725822008,0.228607935319,0.219730853878,0.208926445287,0.195904530149,0.180124746254,0.160433623047,0.133572985229,0.068879869969,,,,,,,,0.062170268775,1.202000000000
98400,0.247968580153,0.247202797253,0.244899322058,0.241038575263,0.235583641378,0.228472500253,0.219603672907,0.208809067087,0.195798600603,0.180032132907,0.160356725933,0.133515783818,0.068858486517,,,,,,,,0.062150256940,1.202000000000
98460,0.247814654486,0.247049622385,0.244748398073,0.240891398413,0.235441704016,0.228337295212,0.219476705913,0.208691884045,0.195692844592,0.179939668480,0.160279949511,0.133458669114,0.068837145249,,,,,,,,0.062130293447,1.202000000000
98520,0.247660995265,0.246896712464,0.244597734547,0.240744474576,0.235300009312,0.228202319624,0.219349952369,0.208574895685,0.195587261698,0.179847352617,0.160203293491,0.133401640915,0.068815846077,,,,,,,,0.062110378186,1.202000000000
98580,0.247507601820,0.246744066823,0.244447330826,0.240597803119,0.235158556663,0.228067572919,0.219223411747,0.208458101530,0.195481851500,0.179755184963,0.160126757586,0.133344699022,0.068794588911,,,,,,,,0.062090511040,1.202000000000
98640,0.247354473481,0.246591684797,0.244297186257,0.240451383410,0.235017345463,0.227933054529,0.219097083525,0.208341501106,0.195376613582,0.179663165164,0.160050341510,0.133287843236,0.068773373656,,,,,,,,0.062070691889,1.202000000000
98700,0.247201609582,0.246439565724,0.244147300189,0.240305214819,0.234876375112,0.227798763889,0.218970967177,0.208225093940,0.195271547528,0.179571292866,0.159974044976,0.133231073360,0.068752200213,,,,,,,,0.062050920610,1.202000000000
98760,0.247049009459,0.246287708943,0.243997671975,0.240159296718,0.234735645008,0.227664700433,0.218845062184,0.208108879561,0.195166652923,0.179479567717,0.159897867702,0.133174389198,0.068731068482,,,,,,,,0.062031197076,1.202000000000
98820,0.246896672448,0.246136113796,0.243848300968,0.240013628480,0.234595154554,0.227530863599,0.218719368025,0.207992857497,0.195061929353,0.179387989367,0.159821809402,0.133117790555,0.068709978359,,,,,,,,0.062011521160,1.202000000000
98880,0.246744597889,0.245984779626,0.243699186525,0.239868209482,0.234454903154,0.227397252826,0.218593884182,0.207877027282,0.194957376407,0.179296557465,0.159745869795,0.133061277237,0.068688929738,,,,,,,,0.061991892731,1.202000000000
98940,0.246592785124,0.245833705779,0.243550328002,0.239723039102,0.234314890214,0.227263867556,0.218468610138,0.207761388448,0.194852993672,0.179205271662,0.159670048599,0.133004849050,0.068667922512,,,,,,,,0.061972311658,1.202000000000
99000,0.246441233497,0.245682891603,0.243401724760,0.239578116719,0.234175115141,0.227130707231,0.218343545379,0.207645940529,0.194748780741,0.179114131610,0.159594345535,0.132948505802,0.068646956573,,,,,,,,0.061952777809,1.202000000000
99060,0.246289942354,0.245532336447,0.243253376161,0.239433441716,0.234035577344,0.226997771296,0.218218689391,0.207530683061,0.194644737203,0.179023136962,0.159518760324,0.132892247300,0.068626031811,,,,,,,,0.061933291050,1.202000000000
99120,0.246138911042,0.245382039665,0.243105281568,0.239289013476,0.233896276236,0.226865059197,0.218094041664,0.207415615582,0.194540862652,0.178932287372,0.159443292687,0.132836073354,0.068605148117,,,,,,,,0.061913851246,1.202000000000
99180,0.245988138912,0.245232000610,0.242957440349,0.239144831385,0.233757211229,0.226732570382,0.217969601686,0.207300737630,0.194437156682,0.178841582495,0.159367942347,0.132779983771,0.068584305378,,,,,,,,0.061894458263,1.202000000000
99240,0.245837625316,0.245082218637,0.242809851870,0.239000894831,0.233618381738,0.226600304300,0.217845368949,0.207186048745,0.194333618887,0.178751021986,0.159292709028,0.132723978363,0.068563503482,,,,,,,,0.061875111965,1.202000000000
99300,0.245687369608,0.244932693106,0.242662515502,0.238857203203,0.233479787180,0.226468260405,0.217721342947,0.207071548469,0.194230248865,0.178660605503,0.159217592456,0.132668056940,0.068542742319,,,,,,,,0.061855812216,1.202000000000
99360,0.245537371144,0.244783423376,0.242515430618,0.238713755894,0.233341426975,0.226336438148,0.217597523174,0.206957236345,0.194127046212,0.178570332704,0.159142592356,0.132612219312,0.068522021774,,,,,,,,0.061836558880,1.202000000000
99420,0.245387629282,0.244634408810,0.242368596590,0.238570552296,0.233203300542,0.226204836984,0.217473909127,0.206843111918,0.194024010528,0.178480203249,0.159067708455,0.132556465291,0.068501341734,,,,,,,,0.061817351820,1.202000000000
99480,0.245238143384,0.244485648772,0.242222012795,0.238427591806,0.233065407305,0.226073456371,0.217350500303,0.206729174733,0.193921141413,0.178390216796,0.158992940482,0.132500794689,0.068480702088,,,,,,,,0.061798190900,1.202000000000
99540,0.245088912811,0.244337142628,0.242075678611,0.238284873820,0.232927746687,0.225942295767,0.217227296203,0.206615424337,0.193818438468,0.178300373009,0.158918288165,0.132445207317,0.068460102720,,,,,,,,0.061779075983,1.202000000000
99600,0.244939936927,0.244188889746,0.241929593418,0.238142397738,0.232790318114,0.225811354631,0.217104296326,0.206501860280,0.193715901296,0.178210671548,0.158843751234,0.132389702991,0.068439543518,,,,,,,,0.061760006932,1.202000000000
99660,0.244791215100,0.244040889498,0.241783756598,0.238000162961,0.232653121015,0.225680632426,0.216981500177,0.206388482111,0.193613529499,0.178121112077,0.158769329420,0.132334281521,0.068419024369,,,,,,,,0.061740983611,1.202000000000
99720,0.244642746696,0.243893141254,0.241638167535,0.237858168893,0.232516154819,0.225550128616,0.216858907258,0.206275289382,0.193511322684,0.178031694260,0.158695022455,0.132278942724,0.068398545158,,,,,,,,0.061722005883,1.202000000000
99780,0.244494531088,0.243745644389,0.241492825614,0.237716414937,0.232379418958,0.225419842664,0.216736517076,0.206162281645,0.193409280455,0.177942417764,0.158620830071,0.132223686412,0.068378105773,,,,,,,,0.061703073612,1.202000000000
99840,0.244346567647,0.243598398280,0.241347730224,0.237574900502,0.232242912865,0.225289774039,0.216614329137,0.206049458455,0.193307402421,0.177853282254,0.158546752002,0.132168512401,0.068357706099,,,,,,,,0.061684186662,1.202000000000
99900,0.244198855747,0.243451402305,0.241202880754,0.237433624995,0.232106635974,0.225159922208,0.216492342952,0.205936819367,0.193205688190,0.177764287397,0.158472787983,0.132113420506,0.068337346024,,,,,,,,0.061665344896,1.202000000000
99960,0.244051394766,0.243304655844,0.241058276596,0.237292587828,0.231970587724,0.225030286642,0.216370558029,0.205824363938,0.193104137372,0.177675432863,0.158398937749,0.132058410543,0.068317025435,,,,,,,,0.061646548179,1.202000000000
100020,0.243904184081,0.243158158279,0.240913917143,0.237151788413,0.231834767552,0.224900866813,0.216248973882,0.205712091726,0.193002749576,0.177586718320,0.158325201035,0.132003482328,0.068296744218,,,,,,,,0.061627796374,1.202000000000
100080,0.243757223072,0.243011908994,0.240769801790,0.237011226163,0.231699174899,0.224771662195,0.216127590022,0.205600002292,0.192901524416,0.177498143440,0.158251577580,0.131948635679,0.068276502261,,,,,,,,0.061609089348,1.202000000000
100140,0.243610511122,0.242865907376,0.240625929936,0.236870900496,0.231563809207,0.224642672261,0.216006405966,0.205488095196,0.192800461505,0.177409707894,0.158178067121,0.131893870411,0.068256299452,,,,,,,,0.061590426963,1.202000000000
100200,0.243464047615,0.242720152811,0.240482300979,0.236730810829,0.231428669919,0.224513896489,0.215885421229,0.205376370000,0.192699560456,0.177321411355,0.158104669397,0.131839186343,0.068236135678,,,,,,,,0.061571809087,1.202000000000
100260,0.243317831937,0.242574644691,0.240338914321,0.236590956582,0.231293756482,0.224385334358,0.215764635329,0.205264826268,0.192598820886,0.177233253495,0.158031384147,0.131784583294,0.068216010827,,,,,,,,0.061553235584,1.202000000000
100320,0.243171863477,0.242429382407,0.240195769364,0.236451337177,0.231159068343,0.224256985348,0.215644047786,0.205153463566,0.192498242411,0.177145233991,0.157958211113,0.131730061081,0.068195924787,,,,,,,,0.061534706319,1.202000000000
100380,0.243026141624,0.242284365352,0.240052865514,0.236311952036,0.231024604951,0.224128848940,0.215523658120,0.205042281459,0.192397824649,0.177057352517,0.157885150035,0.131675619524,0.068175877447,,,,,,,,0.061516221161,1.202000000000
100440,0.242880665769,0.242139592923,0.239910202177,0.236172800586,0.230890365757,0.224000924617,0.215403465855,0.204931279515,0.192297567219,0.176969608750,0.157812200656,0.131621258443,0.068155868696,,,,,,,,0.061497779974,1.202000000000
100500,0.242735435308,0.241995064516,0.239767778762,0.236033882253,0.230756350212,0.223873211865,0.215283470513,0.204820457303,0.192197469741,0.176882002368,0.157739362718,0.131566977657,0.068135898422,,,,,,,,0.061479382625,1.202000000000
100560,0.242590449636,0.241850779532,0.239625594680,0.235895196466,0.230622557773,0.223745710169,0.215163671620,0.204709814394,0.192097531837,0.176794533049,0.157666635965,0.131512776987,0.068115966516,,,,,,,,0.061461028983,1.202000000000
100620,0.242445708149,0.241706737371,0.239483649342,0.235756742655,0.230488987893,0.223618419018,0.215044068703,0.204599350359,0.191997753130,0.176707200474,0.157594020142,0.131458656254,0.068096072866,,,,,,,,0.061442718915,1.202000000000
100680,0.242301210249,0.241562937437,0.239341942163,0.235618520254,0.230355640032,0.223491337902,0.214924661289,0.204489064771,0.191898133242,0.176620004322,0.157521514995,0.131404615280,0.068076217363,,,,,,,,0.061424452288,1.202000000000
100740,0.242156955336,0.241419379135,0.239200472559,0.235480528696,0.230222513648,0.223364466312,0.214805448909,0.204378957204,0.191798671799,0.176532944275,0.157449120269,0.131350653886,0.068056399897,,,,,,,,0.061406228971,1.202000000000
100800,0.242012942813,0.241276061872,0.239059239948,0.235342767417,0.230089608203,0.223237803740,0.214686431094,0.204269027235,0.191699368426,0.176446020017,0.157376835711,0.131296771896,0.068036620359,,,,,,,,0.061388048833,1.202000000000
100860,0.241869172086,0.241132985057,0.238918243750,0.235205235855,0.229956923158,0.223111349681,0.214567607376,0.204159274439,0.191600222752,0.176359231230,0.157304661069,0.131242969131,0.068016878639,,,,,,,,0.061369911743,1.202000000000
100920,0.241725642561,0.240990148099,0.238777483386,0.235067933450,0.229824457979,0.222985103631,0.214448977290,0.204049698395,0.191501234403,0.176272577599,0.157232596092,0.131189245416,0.067997174630,,,,,,,,0.061351817570,1.202000000000
100980,0.241582353648,0.240847550412,0.238636958279,0.234930859642,0.229692212131,0.222859065088,0.214330540369,0.203940298682,0.191402403010,0.176186058810,0.157160640528,0.131135600574,0.067977508222,,,,,,,,0.061333766185,1.202000000000
101040,0.241439304758,0.240705191411,0.238496667854,0.234794013874,0.229560185083,0.222733233550,0.214212296153,0.203831074881,0.191303728202,0.176099674549,0.157088794128,0.131082034430,0.067957879309,,,,,,,,0.061315757458,1.202000000000
101100,0.241296495301,0.240563070510,0.238356611539,0.234657395592,0.229428376302,0.222607608519,0.214094244178,0.203722026574,0.191205209612,0.176013424504,0.157017056643,0.131028546808,0.067938287782,,,,,,,,0.061297791260,1.202000000000
101160,0.241153924695,0.240421187129,0.238216788761,0.234521004241,0.229296785262,0.222482189496,0.213976383984,0.203613153345,0.191106846873,0.175927308362,0.156945427824,0.130975137533,0.067918733533,,,,,,,,0.061279867462,1.202000000000
101220,0.241011592353,0.240279540686,0.238077198952,0.234384839270,0.229165411433,0.222356975985,0.213858715113,0.203504454777,0.191008639617,0.175841325814,0.156873907424,0.130921806433,0.067899216457,,,,,,,,0.061261985936,1.202000000000
101280,0.240869497695,0.240138130604,0.237937841544,0.234248900129,0.229034254291,0.222231967491,0.213741237108,0.203395930457,0.190910587480,0.175755476550,0.156802495195,0.130868553332,0.067879736447,,,,,,,,0.061244146553,1.202000000000
101340,0.240727640140,0.239996956306,0.237798715970,0.234113186268,0.228903313310,0.222107163521,0.213623949511,0.203287579972,0.190812690099,0.175669760261,0.156731190891,0.130815378057,0.067860293395,,,,,,,,0.061226349187,1.202000000000
101400,0.240586019110,0.239856017216,0.237659821667,0.233977697142,0.228772587970,0.221982563584,0.213506851868,0.203179402909,0.190714947110,0.175584176639,0.156659994267,0.130762280436,0.067840887198,,,,,,,,0.061208593709,1.202000000000
101460,0.240444634028,0.239715312763,0.237521158072,0.233842432206,0.228642077748,0.221858167189,0.213389943726,0.203071398859,0.190617358152,0.175498725378,0.156588905079,0.130709260297,0.067821517749,,,,,,,,0.061190879994,1.202000000000
101520,0.240303484320,0.239574842375,0.237382724624,0.233707390915,0.228511782126,0.221733973847,0.213273224633,0.202963567413,0.190519922863,0.175413406170,0.156517923081,0.130656317467,0.067802184942,,,,,,,,0.061173207916,1.202000000000
101580,0.240162569413,0.239434605482,0.237244520764,0.233572572729,0.228381700586,0.221609983071,0.213156694139,0.202855908162,0.190422640885,0.175328218713,0.156447048032,0.130603451775,0.067782888674,,,,,,,,0.061155577347,1.202000000000
101640,0.240021888735,0.239294601517,0.237106545935,0.233437977107,0.228251832611,0.221486194376,0.213040351794,0.202748420699,0.190325511859,0.175243162700,0.156376279688,0.130550663051,0.067763628840,,,,,,,,0.061137988163,1.202000000000
101700,0.239881441717,0.239154829914,0.236968799582,0.233303603510,0.228122177688,0.221362607278,0.212924197151,0.202641104620,0.190228535428,0.175158237830,0.156305617807,0.130497951123,0.067744405336,,,,,,,,0.061120440240,1.202000000000
101760,0.239741227792,0.239015290108,0.236831281150,0.233169451404,0.227992735303,0.221239221293,0.212808229763,0.202533959520,0.190131711236,0.175073443800,0.156235062149,0.130445315822,0.067725218059,,,,,,,,0.061102933451,1.202000000000
101820,0.239601246393,0.238875981537,0.236693990088,0.233035520251,0.227863504946,0.221116035940,0.212692449185,0.202426984996,0.190035038926,0.174988780308,0.156164612473,0.130392756979,0.067706066904,,,,,,,,0.061085467674,1.202000000000
101880,0.239461496957,0.238736903641,0.236556925845,0.232901809520,0.227734486106,0.220993050740,0.212576854973,0.202320180646,0.189938518146,0.174904247055,0.156094268540,0.130340274424,0.067686951770,,,,,,,,0.061068042784,1.202000000000
101940,0.239321978921,0.238598055861,0.236420087872,0.232768318677,0.227605678275,0.220870265214,0.212461446685,0.202213546070,0.189842148542,0.174819843741,0.156024030111,0.130287867989,0.067667872554,,,,,,,,0.061050658658,1.202000000000
102000,0.239182691724,0.238459437638,0.236283475623,0.232635047194,0.227477080947,0.220747678886,0.212346223880,0.202107080868,0.189745929762,0.174735570066,0.155953896946,0.130235537506,0.067648829153,,,,,,,,0.061033315174,1.202000000000
102060,0.239043634808,0.238321048419,0.236147088552,0.232501994542,0.227348693616,0.220625291279,0.212231186119,0.202000784643,0.189649861455,0.174651425735,0.155883868810,0.130183282807,0.067629821466,,,,,,,,0.061016012208,1.202000000000
102120,0.238904807615,0.238182887648,0.236010926116,0.232369160194,0.227220515779,0.220503101921,0.212116332962,0.201894656996,0.189553943272,0.174567410448,0.155813945465,0.130131103725,0.067610849392,,,,,,,,0.060998749640,1.202000000000
102180,0.238766209590,0.238044954775,0.235874987772,0.232236543624,0.227092546935,0.220381110339,0.212001663974,0.201788697533,0.189458174863,0.174483523912,0.155744126674,0.130079000094,0.067591912829,,,,,,,,0.060981527346,1.202000000000
102240,0.238627840179,0.237907249248,0.235739272981,0.232104144310,0.226964786582,0.220259316061,0.211887178717,0.201682905859,0.189362555881,0.174399765831,0.155674412203,0.130026971746,0.067573011676,,,,,,,,0.060964345206,1.202000000000
102300,0.238489698830,0.237769770520,0.235603781203,0.231971961729,0.226837234223,0.220137718619,0.211772876759,0.201577281580,0.189267085980,0.174316135910,0.155604801817,0.129975018518,0.067554145834,,,,,,,,0.060947203100,1.202000000000
102360,0.238351784994,0.237632518042,0.235468511902,0.231839995361,0.226709889358,0.220016317543,0.211658757666,0.201471824305,0.189171764812,0.174232633856,0.155535295282,0.129923140242,0.067535315202,,,,,,,,0.060930100906,1.202000000000
102420,0.238214098120,0.237495491270,0.235333464543,0.231708244687,0.226582751494,0.219895112367,0.211544821006,0.201366533643,0.189076592035,0.174149259377,0.155465892364,0.129871336756,0.067516519682,,,,,,,,0.060913038506,1.202000000000
102480,0.238076637663,0.237358689661,0.235198638592,0.231576709191,0.226455820135,0.219774102627,0.211431066349,0.201261409203,0.188981567304,0.174066012182,0.155396592831,0.129819607893,0.067497759172,,,,,,,,0.060896015779,1.202000000000
102540,0.237939403077,0.237222112671,0.235064033516,0.231445388356,0.226329094788,0.219653287857,0.211317493266,0.201156450596,0.188886690276,0.173982891980,0.155327396450,0.129767953490,0.067479033576,,,,,,,,0.060879032606,1.202000000000
102600,0.237802393819,0.237085759762,0.234929648786,0.231314281668,0.226202574963,0.219532667596,0.211204101328,0.201051657437,0.188791960611,0.173899898481,0.155258302991,0.129716373385,0.067460342794,,,,,,,,0.060862088869,1.202000000000
102660,0.237665609346,0.236949630394,0.234795483873,0.231183388615,0.226076260170,0.219412241383,0.211090890110,0.200947029338,0.188697377968,0.173817031396,0.155189312223,0.129664867413,0.067441686728,,,,,,,,0.060845184449,1.202000000000
102720,0.237529049118,0.236813724031,0.234661538250,0.231052708687,0.225950149919,0.219292008757,0.210977859186,0.200842565913,0.188602942007,0.173734290437,0.155120423916,0.129613435413,0.067423065280,,,,,,,,0.060828319229,1.202000000000
102780,0.237392712598,0.236678040136,0.234527811391,0.230922241374,0.225824243726,0.219171969261,0.210865008133,0.200738266780,0.188508652389,0.173651675318,0.155051637840,0.129562077222,0.067404478353,,,,,,,,0.060811493091,1.202000000000
102840,0.237256599247,0.236542578178,0.234394302773,0.230791986168,0.225698541103,0.219052122437,0.210752336527,0.200634131556,0.188414508778,0.173569185751,0.154982953768,0.129510792679,0.067385925850,,,,,,,,0.060794705919,1.202000000000
102900,0.237120708531,0.236407337623,0.234261011872,0.230661942563,0.225573041568,0.218932467831,0.210639843948,0.200530159858,0.188320510837,0.173486821451,0.154914371471,0.129459581622,0.067367407675,,,,,,,,0.060777957594,1.202000000000
102960,0.236985039917,0.236272317941,0.234127938169,0.230532110055,0.225447744637,0.218813004987,0.210527529974,0.200426351306,0.188226658230,0.173404582133,0.154845890721,0.129408443892,0.067348923730,,,,,,,,0.060761248003,1.202000000000
103020,0.236849592871,0.236137518603,0.233995081144,0.230402488140,0.225322649831,0.218693733454,0.210415394188,0.200322705521,0.188132950624,0.173322467515,0.154777511293,0.129357379327,0.067330473920,,,,,,,,0.060744577028,1.202000000000
103080,0.236714366864,0.236002939083,0.233862440280,0.230273076317,0.225197756669,0.218574652779,0.210303436172,0.200219222124,0.188039387684,0.173240477312,0.154709232960,0.129306387769,0.067312058149,,,,,,,,0.060727944554,1.202000000000
103140,0.236579361367,0.235868578855,0.233730015061,0.230143874086,0.225073064674,0.218455762514,0.210191655509,0.200115900739,0.187945969078,0.173158611243,0.154641055497,0.129255469057,0.067293676322,,,,,,,,0.060711350466,1.202000000000
103200,0.236444575853,0.235734437394,0.233597804973,0.230014880949,0.224948573369,0.218337062209,0.210080051785,0.200012740990,0.187852694475,0.173076869026,0.154572978679,0.129204623033,0.067275328344,,,,,,,,0.060694794650,1.202000000000
103260,0.236310009796,0.235600514180,0.233465809502,0.229886096407,0.224824282279,0.218218551417,0.209968624585,0.199909742501,0.187759563544,0.172995250381,0.154505002283,0.129153849539,0.067257014120,,,,,,,,0.060678276991,1.202000000000
103320,0.236175662673,0.235466808690,0.233334028138,0.229757519967,0.224700190931,0.218100229691,0.209857373497,0.199806904898,0.187666575956,0.172913755029,0.154437126085,0.129103148416,0.067238733557,,,,,,,,0.060661797377,1.202000000000
103380,0.236041533961,0.235333320405,0.233202460371,0.229629151134,0.224576298852,0.217982096589,0.209746298110,0.199704227811,0.187573731382,0.172832382690,0.154369349862,0.129052519507,0.067220486559,,,,,,,,0.060645355692,1.202000000000
103440,0.235907623140,0.235200048809,0.233071105693,0.229500989415,0.224452605571,0.217864151665,0.209635398013,0.199601710866,0.187481029495,0.172751133087,0.154301673393,0.129001962655,0.067202273035,,,,,,,,0.060628951825,1.202000000000
103500,0.235773929690,0.235066993385,0.232939963598,0.229373034320,0.224329110619,0.217746394479,0.209524672798,0.199499353693,0.187388469968,0.172670005942,0.154234096456,0.128951477703,0.067184092890,,,,,,,,0.060612585663,1.202000000000
103560,0.235640453094,0.234934153620,0.232809033580,0.229245285359,0.224205813529,0.217628824590,0.209414122057,0.199397155923,0.187296052476,0.172589000980,0.154166618830,0.128901064496,0.067165946032,,,,,,,,0.060596257094,1.202000000000
103620,0.235507192836,0.234801528999,0.232678315135,0.229117742045,0.224082713833,0.217511441558,0.209303745384,0.199295117189,0.187203776694,0.172508117924,0.154099240295,0.128850722876,0.067147832368,,,,,,,,0.060579966006,1.202000000000
103680,0.235374148401,0.234669119012,0.232547807763,0.228990403890,0.223959811067,0.217394244945,0.209193542373,0.199193237122,0.187111642298,0.172427356500,0.154031960631,0.128800452690,0.067129751806,,,,,,,,0.060563712288,1.202000000000
103740,0.235241319278,0.234536923149,0.232417510962,0.228863270410,0.223837104767,0.217277234316,0.209083512621,0.199091515357,0.187019648966,0.172346716434,0.153964779621,0.128750253782,0.067111704254,,,,,,,,0.060547495828,1.202000000000
103800,0.235108704953,0.234404940902,0.232287424234,0.228736341121,0.223714594470,0.217160409234,0.208973655725,0.198989951529,0.186927796376,0.172266197453,0.153897697045,0.128700125998,0.067093689621,,,,,,,,0.060531316516,1.202000000000
103860,0.234976304919,0.234273171764,0.232157547081,0.228609615541,0.223592279716,0.217043769266,0.208863971282,0.198888545275,0.186836084207,0.172185799285,0.153830712686,0.128650069183,0.067075707815,,,,,,,,0.060515174242,1.202000000000
103920,0.234844118666,0.234141615231,0.232027879008,0.228483093189,0.223470160046,0.216927313979,0.208754458894,0.198787296231,0.186744512140,0.172105521657,0.153763826327,0.128600083185,0.067057758746,,,,,,,,0.060499068897,1.202000000000
103980,0.234712145688,0.234010270798,0.231898419520,0.228356773587,0.223348235000,0.216811042941,0.208645118160,0.198686204035,0.186653079855,0.172025364300,0.153697037752,0.128550167849,0.067039842324,,,,,,,,0.060483000370,1.202000000000
104040,0.234580385481,0.233879137964,0.231769168124,0.228230656256,0.223226504123,0.216694955724,0.208535948683,0.198585268328,0.186561787035,0.171945326944,0.153630346745,0.128500323024,0.067021958457,,,,,,,,0.060466968553,1.202000000000
104100,0.234448837539,0.233748216228,0.231640124329,0.228104740720,0.223104966959,0.216579051896,0.208426950066,0.198484488750,0.186470633362,0.171865409319,0.153563753091,0.128450548558,0.067004107057,,,,,,,,0.060450973336,1.202000000000
104160,0.234317501363,0.233617505092,0.231511287645,0.227979026505,0.222983623054,0.216463331032,0.208318121912,0.198383864941,0.186379618520,0.171785611157,0.153497256576,0.128400844297,0.066986288034,,,,,,,,0.060435014613,1.202000000000
104220,0.234186376450,0.233487004057,0.231382657583,0.227853513137,0.222862471955,0.216347792705,0.208209463829,0.198283396546,0.186288742195,0.171705932190,0.153430856985,0.128351210091,0.066968501299,,,,,,,,0.060419092275,1.202000000000
104280,0.234055462302,0.233356712628,0.231254233657,0.227728200144,0.222741513212,0.216232436491,0.208100975423,0.198183083207,0.186198004072,0.171626372152,0.153364554105,0.128301645790,0.066950746762,,,,,,,,0.060403206214,1.202000000000
104340,0.233924758422,0.233226630311,0.231126015382,0.227603087055,0.222620746374,0.216117261964,0.207992656300,0.198082924570,0.186107403837,0.171546930777,0.153298347725,0.128252151241,0.066933024336,,,,,,,,0.060387356323,1.202000000000
104400,0.233794264313,0.233096756612,0.230998002272,0.227478173402,0.222500170992,0.216002268703,0.207884506072,0.197982920280,0.186016941179,0.171467607799,0.153232237631,0.128202726296,0.066915333932,,,,,,,,0.060371542525,1.202000000000
104460,0.233663975871,0.232967048726,0.230870034863,0.227353102807,0.222379149002,0.215886443216,0.207775029022,0.197880958263,0.185923700783,0.171384377238,0.153160462890,0.128143892189,0.066810492599,,,,,,,,0.060355929885,1.201966666667
104520,0.233533889016,0.232837541380,0.230742264862,0.227228224421,0.222258311985,0.215770793470,0.207665716520,0.197779147666,0.185830596738,0.171301265948,0.153088788099,0.128085134495,0.066705283239,,,,,,,,0.060340408535,1.201933333333
104580,0.233404003289,0.232708234118,0.230614691820,0.227103537808,0.222137659525,0.215655319072,0.207556568201,0.197677488157,0.185737628748,0.171218273670,0.153017213043,0.128026452956,0.066599667159,,,,,,,,0.060324938820,1.201900000000
104640,0.233274318236,0.232579126489,0.230487315293,0.226979042535,0.222017190993,0.215540019629,0.207447583699,0.197575979400,0.185644795800,0.171135400148,0.152945737512,0.127967847129,0.066493629137,,,,,,,,0.060309512538,1.201866666667
104700,0.233144833400,0.232450218038,0.230360134835,0.226854738172,0.221896905773,0.215424894751,0.207338762649,0.197474621063,0.185552096915,0.171052645125,0.152874361291,0.127909317234,0.066387158412,,,,,,,,0.060294126184,1.201833333333
104760,0.233015548329,0.232321508316,0.230233150004,0.226730624288,0.221776803869,0.215309944046,0.207230104689,0.197373412815,0.185459533195,0.170970008344,0.152803084171,0.127850863120,0.066280245712,,,,,,,,0.060278777862,1.201800000000
104820,0.232886462570,0.232192996873,0.230106360358,0.226606700453,0.221656884869,0.215195167126,0.207121609457,0.197272354324,0.185367104347,0.170887489551,0.152731905941,0.127792484642,0.066172852482,,,,,,,,0.060263466395,1.201766666667
104880,0.232757575672,0.232064683260,0.229979765456,0.226482966240,0.221537148364,0.215080563602,0.207013276590,0.197171445261,0.185274810077,0.170805088491,0.152660826390,0.127734181663,0.066064946965,,,,,,,,0.060248190984,1.201733333333
104940,0.232628887186,0.231936567030,0.229853364857,0.226359421221,0.221417593943,0.214966133088,0.206905105730,0.197070684552,0.185182650089,0.170722804911,0.152589845310,0.127675953637,0.065956571109,,,,,,,,0.060232951046,1.201700000000
105000,0.232500396663,0.231808647738,0.229727158126,0.226236064971,0.221298221199,0.214851875197,0.206797096516,0.196970071876,0.185090624093,0.170640638558,0.152518962490,0.127617800779,0.065847716371,,,,,,,,0.060217746134,1.201666666667
105060,0.232372103657,0.231680924938,0.229601144823,0.226112897066,0.221179029724,0.214737789546,0.206689248592,0.196869607646,0.184998731796,0.170558589179,0.152448174060,0.127559723014,0.065738374114,,,,,,,,0.060202575890,1.201633333333
105120,0.232244007721,0.231553398189,0.229475324515,0.225989917083,0.221060019114,0.214623875750,0.206581561599,0.196769291536,0.184906972907,0.170476656522,0.152377480695,0.127501720205,0.065628535572,,,,,,,,0.060187440017,1.201600000000
105180,0.232116108411,0.231426067047,0.229349696766,0.225867124600,0.220941188963,0.214510133426,0.206474035182,0.196669123220,0.184815347136,0.170394840338,0.152306884977,0.127443792211,0.065518191823,,,,,,,,0.060172338260,1.201566666667
105240,0.231988405285,0.231298931073,0.229224261143,0.225744519196,0.220822538869,0.214396562195,0.206366668986,0.196569102375,0.184723854194,0.170313140375,0.152236386699,0.127385938638,0.065407333777,,,,,,,,0.060157270398,1.201533333333
105300,0.231860897899,0.231171989826,0.229099017215,0.225622100426,0.220704068429,0.214283161674,0.206259462595,0.196469228676,0.184632493793,0.170231556197,0.152165985657,0.127328159372,0.065295952151,,,,,,,,0.060142236232,1.201500000000
105360,0.231733585814,0.231045242870,0.228973964550,0.225499867474,0.220585777241,0.214169931484,0.206152414681,0.196369501802,0.184541265644,0.170150084610,0.152095681648,0.127270454486,0.065183985402,,,,,,,,0.060127235582,1.201466666667
105420,0.231606468590,0.230918689766,0.228849102720,0.225377820347,0.220467664907,0.214056871249,0.206045525931,0.196269921430,0.184450169460,0.170068728502,0.152025474468,0.127212823831,0.065071432203,,,,,,,,0.060112268283,1.201433333333
105480,0.231479545789,0.230792330079,0.228724431297,0.225255958629,0.220349731026,0.213943980589,0.205938795993,0.196170487241,0.184359204956,0.169987487626,0.151955363916,0.127155267256,0.064958322772,,,,,,,,0.060097334180,1.201400000000
105540,0.231352816975,0.230666163376,0.228599949852,0.225134281906,0.220231975202,0.213831259130,0.205832224518,0.196071198914,0.184268371847,0.169906361735,0.151885349790,0.127097784517,0.064844646799,,,,,,,,0.060082433130,1.201366666667
105600,0.231226281711,0.230540189222,0.228475657961,0.225012789765,0.220114397039,0.213718706497,0.205725811155,0.195972056131,0.184177669847,0.169825350583,0.151815431890,0.127040375172,0.064730393724,,,,,,,,0.060067564994,1.201333333333
105660,0.231099939563,0.230414407186,0.228351555200,0.224891481792,0.219996996139,0.213606322315,0.205619555558,0.195873058574,0.184087097797,0.169744453925,0.151745610014,0.126983039447,0.064615552725,,,,,,,,0.060052729641,1.201300000000
105720,0.230973790099,0.230288816838,0.228227641144,0.224770357577,0.219879772111,0.213494106211,0.205513457379,0.195774205925,0.183996655072,0.169663671516,0.151675883965,0.126925777188,0.064500112708,,,,,,,,0.060037926946,1.201266666667
105780,0.230847832886,0.230163417747,0.228103915371,0.224649416709,0.219762724559,0.213382057814,0.205407516272,0.195675497869,0.183906342611,0.169583003113,0.151606253541,0.126868588240,0.064384062299,,,,,,,,0.060023156788,1.201233333333
105840,0.230722067494,0.230038209487,0.227980377462,0.224528658781,0.219645853093,0.213270176724,0.205301731892,0.195576934090,0.183816160131,0.169502448473,0.151536718315,0.126811472448,0.064267389829,,,,,,,,0.060008419049,1.201200000000
105900,0.230596493493,0.229913191629,0.227857026996,0.224408083384,0.219529157320,0.213158461803,0.205196103894,0.195478514274,0.183726107354,0.169422007354,0.151467272123,0.126754429259,0.064150005826,,,,,,,,0.059993713614,1.201166666667
105960,0.230471110456,0.229788363749,0.227733863555,0.224287690113,0.219412636853,0.213046913482,0.205090631936,0.195380238108,0.183636183999,0.169341679514,0.151397920970,0.126697458841,0.064031941129,,,,,,,,0.059979040372,1.201133333333
106020,0.230345917955,0.229663725421,0.227610886721,0.224167478560,0.219296291301,0.212935531391,0.204985315676,0.195282105279,0.183546389786,0.169261464711,0.151328664658,0.126640561113,0.063913212937,,,,,,,,0.059964399215,1.201100000000
106080,0.230220915564,0.229539276222,0.227488096079,0.224047448324,0.219180120277,0.212824315166,0.204880154772,0.195184115222,0.183456724439,0.169181362708,0.151259502991,0.126583735920,0.063793808073,,,,,,,,0.059949790035,1.201066666667
106140,0.230096102860,0.229415015731,0.227365491213,0.223927599000,0.219064123396,0.212713264440,0.204775148884,0.195086266665,0.183367187679,0.169101373262,0.151190435771,0.126526983106,0.063673713001,,,,,,,,0.059935212729,1.201033333333
106200,0.229971479419,0.229290943527,0.227243071711,0.223807930187,0.218948300270,0.212602378848,0.204670297673,0.194988560514,0.183277779230,0.169021496054,0.151121462804,0.126470302288,0.063552913802,,,,,,,,0.059920667171,1.201000000000
106260,0.229847048270,0.229167100404,0.227120992230,0.223688789245,0.218833273612,0.212492648325,0.204567063190,0.194893064467,0.183191355986,0.168945678560,0.151058248667,0.126423061882,0.063537198915,,,,,,,,0.059905993878,1.201000000000
106320,0.229722812422,0.229043451515,0.226999103786,0.223569834034,0.218718425296,0.212383086700,0.204463986136,0.194797712351,0.183105061099,0.168869971594,0.150995124494,0.126375886617,0.063521461384,,,,,,,,0.059891299352,1.201000000000
106380,0.229598771422,0.228919996410,0.226877405940,0.223451064128,0.218603754913,0.212273693589,0.204361066154,0.194702503843,0.183018894284,0.168794374914,0.150932090092,0.126328776350,0.063505737043,,,,,,,,0.059876621270,1.201000000000
106440,0.229474924822,0.228796734643,0.226755898251,0.223332479100,0.218489262056,0.212164468609,0.204258302888,0.194607438623,0.182932855257,0.168718888280,0.150869145271,0.126281730942,0.063490033736,,,,,,,,0.059861967203,1.201000000000
106500,0.229351272172,0.228673665767,0.226634580282,0.223214078526,0.218374946319,0.212055411376,0.204155695985,0.194512516367,0.182846943735,0.168643511452,0.150806289838,0.126234750248,0.063474354733,,,,,,,,0.059847340266,1.201000000000
106560,0.229227813024,0.228550789337,0.226513451596,0.223095861983,0.218260807297,0.211946521510,0.204053245092,0.194417736758,0.182761159436,0.168568244190,0.150743523603,0.126187834120,0.063458701726,,,,,,,,0.059832742057,1.201000000000
106620,0.229104546934,0.228428104909,0.226392511757,0.222977829047,0.218146844585,0.211837798631,0.203950949855,0.194323099475,0.182675502078,0.168493086257,0.150680846375,0.126140982404,0.063443075696,,,,,,,,0.059818173490,1.201000000000
106680,0.228981473455,0.228305612043,0.226271760332,0.222859979299,0.218033057783,0.211729242358,0.203848809925,0.194228604200,0.182589971381,0.168418037413,0.150618257964,0.126094194940,0.063427477252,,,,,,,,0.059803635128,1.201000000000
106740,0.228858592145,0.228183310297,0.226151196887,0.222742312319,0.217919446488,0.211620852314,0.203746824951,0.194134250616,0.182504567066,0.168343097423,0.150555758180,0.126047471569,0.063411906789,,,,,,,,0.059789127330,1.201000000000
106800,0.228735902561,0.228061199230,0.226030820992,0.222624827688,0.217806010300,0.211512628122,0.203644994584,0.194040038406,0.182419288852,0.168268266048,0.150493346835,0.126000812128,0.063396364569,,,,,,,,0.059774650326,1.201000000000
106860,0.228613404262,0.227939278406,0.225910632215,0.222507524988,0.217692748819,0.211404569406,0.203543318476,0.193945967256,0.182334136462,0.168193543055,0.150431023739,0.125954216461,0.063380850766,,,,,,,,0.059760204267,1.201000000000
106920,0.228491096809,0.227817547388,0.225790630127,0.222390403805,0.217579661649,0.211296675791,0.203441796281,0.193852036850,0.182249109618,0.168118928206,0.150368788702,0.125907684410,0.063365365496,,,,,,,,0.059745789246,1.201000000000
106980,0.228368979764,0.227696005739,0.225670814301,0.222273463723,0.217466748393,0.211188946903,0.203340427651,0.193758246875,0.182164208044,0.168044421268,0.150306641538,0.125861215823,0.063349908830,,,,,,,,0.059731405315,1.201000000000
107040,0.228247052689,0.227574653025,0.225551184311,0.222156704329,0.217354008655,0.211081382371,0.203239212243,0.193664597018,0.182079431464,0.167970022006,0.150244582056,0.125814810549,0.063334480811,,,,,,,,0.059717052499,1.201000000000
107100,0.228125315148,0.227453488813,0.225431739731,0.222040125210,0.217241442040,0.210973981821,0.203138149712,0.193571086968,0.181994779604,0.167895730188,0.150182610069,0.125768468443,0.063319081458,,,,,,,,0.059702730800,1.201000000000
107160,0.228003766709,0.227332512671,0.225312480137,0.221923725956,0.217129048156,0.210866744885,0.203037239715,0.193477716413,0.181910252188,0.167821545580,0.150120725388,0.125722189359,0.063303710773,,,,,,,,0.059688440204,1.201000000000
107220,0.227882406936,0.227211724170,0.225193405106,0.221807506156,0.217016826610,0.210759671192,0.202936481911,0.193384485044,0.181825848943,0.167747467950,0.150058927826,0.125675973156,0.063288368744,,,,,,,,0.059674180685,1.201000000000
107280,0.227761235399,0.227091122879,0.225074514216,0.221691465402,0.216904777011,0.210652760374,0.202835875958,0.193291392551,0.181741569597,0.167673497068,0.149997217195,0.125629819696,0.063273055348,,,,,,,,0.059659952207,1.201000000000
107340,0.227640251667,0.226970708370,0.224955807049,0.221575603286,0.216792898971,0.210546012064,0.202735421516,0.193198438626,0.181657413878,0.167599632701,0.149935593308,0.125583728842,0.063257770555,,,,,,,,0.059645754724,1.201000000000
107400,0.227519455311,0.226850480217,0.224837283183,0.221459919402,0.216681192099,0.210439425896,0.202635118246,0.193105622962,0.181573381516,0.167525874620,0.149874055977,0.125537700458,0.063242514327,,,,,,,,0.059631588187,1.201000000000
107460,0.227398845902,0.226730437995,0.224718942202,0.221344413344,0.216569656009,0.210333001505,0.202534965810,0.193012945252,0.181489472238,0.167452222596,0.149812605017,0.125491734410,0.063227286622,,,,,,,,0.059617452540,1.201000000000
107520,0.227278423013,0.226610581279,0.224600783690,0.221229084710,0.216458290315,0.210226738526,0.202434963872,0.192920405191,0.181405685777,0.167378676398,0.149751240242,0.125445830566,0.063212087392,,,,,,,,0.059603347724,1.201000000000
107580,0.227158186220,0.226490909646,0.224482807230,0.221113933096,0.216347094630,0.210120636597,0.202335112094,0.192828002474,0.181322021863,0.167305235799,0.149689961465,0.125399988795,0.063196916586,,,,,,,,0.059589273673,1.201000000000
107640,0.227038135098,0.226371422674,0.224365012408,0.220998958100,0.216236068571,0.210014695356,0.202235410143,0.192735736798,0.181238480228,0.167231900571,0.149628768503,0.125354208967,0.063181774150,,,,,,,,0.059575230324,1.201000000000
107700,0.226918269223,0.226252119943,0.224247398812,0.220884159323,0.216125211756,0.209908914442,0.202135857683,0.192643607859,0.181155060606,0.167158670485,0.149567661169,0.125308490953,0.063166660028,,,,,,,,0.059561217607,1.201000000000
107760,0.226798588174,0.226133001033,0.224129966029,0.220769536364,0.216014523801,0.209803293495,0.202036454382,0.192551615355,0.181071762729,0.167085545317,0.149506639282,0.125262834625,0.063151574159,,,,,,,,0.059547235452,1.201000000000
107820,0.226679091531,0.226014065527,0.224012713650,0.220655088826,0.215904004326,0.209697832157,0.201937199908,0.192459758986,0.180988586332,0.167012524838,0.149445702656,0.125217239854,0.063136516485,,,,,,,,0.059533283787,1.201000000000
107880,0.226559778874,0.225895313007,0.223895641265,0.220540816313,0.215793652953,0.209592530069,0.201838093929,0.192368038450,0.180905531149,0.166939608824,0.149384851109,0.125171706515,0.063121486943,,,,,,,,0.059519362538,1.201000000000
107940,0.226440649785,0.225776743059,0.223778748466,0.220426718427,0.215683469301,0.209487386876,0.201739136114,0.192276453448,0.180822596917,0.166866797050,0.149324084460,0.125126234481,0.063106485470,,,,,,,,0.059505471631,1.201000000000
108000,0.226321703846,0.225658355267,0.223662034845,0.220312794775,0.215573452994,0.209382402220,0.201640326135,0.192185003683,0.180739783373,0.166794089291,0.149263402527,0.125080823627,0.063091512001,,,,,,,,0.059491610991,1.201000000000
108060,0.226202940644,0.225540149218,0.223545499997,0.220199044963,0.215463603654,0.209277575748,0.201541663663,0.192093688855,0.180657090252,0.166721485323,0.149202805128,0.125035473826,0.063076566471,,,,,,,,0.059477780542,1.201000000000
108120,0.226084359761,0.225422124501,0.223429143518,0.220085468599,0.215353920908,0.209172907106,0.201443148371,0.192002508669,0.180574517294,0.166648984924,0.149142292083,0.124990184955,0.063061648815,,,,,,,,0.059463980206,1.201000000000
108180,0.225965960787,0.225304280704,0.223312965004,0.219972065292,0.215244404381,0.209068395942,0.201344779932,0.191911462827,0.180492064236,0.166576587870,0.149081863213,0.124944956890,0.063046758965,,,,,,,,0.059450209905,1.201000000000
108240,0.225847743308,0.225186617418,0.223196964053,0.219858834651,0.215135053699,0.208964041904,0.201246558020,0.191820551035,0.180409730819,0.166504293939,0.149021518338,0.124899789505,0.063031896854,,,,,,,,0.059436469563,1.201000000000
108300,0.225729706914,0.225069134235,0.223081140263,0.219745776288,0.215025868491,0.208859844641,0.201148482312,0.191729772999,0.180327516782,0.166432102910,0.148961257280,0.124854682679,0.063017062415,,,,,,,,0.059422759100,1.201000000000
108360,0.225611851195,0.224951830748,0.222965493236,0.219632889815,0.214916848386,0.208755803803,0.201050552482,0.191639128425,0.180245421866,0.166360014562,0.148901079860,0.124809636287,0.063002255580,,,,,,,,0.059409078439,1.201000000000
108420,0.225494175742,0.224834706549,0.222850022571,0.219520174845,0.214807993013,0.208651919043,0.200952768209,0.191548617020,0.180163445813,0.166288028674,0.148840985902,0.124764650208,0.062987476280,,,,,,,,0.059395427499,1.201000000000
108480,0.225376680149,0.224717761236,0.222734727872,0.219407630993,0.214699302004,0.208548190012,0.200855129171,0.191458238492,0.180081588364,0.166216145028,0.148780975228,0.124719724318,0.062972724448,,,,,,,,0.059381806203,1.201000000000
108540,0.225259364008,0.224600994403,0.222619608742,0.219295257875,0.214590774992,0.208444616365,0.200757635046,0.191367992550,0.179999849264,0.166144363403,0.148721047662,0.124674858496,0.062958000014,,,,,,,,0.059368214471,1.201000000000
108600,0.225142226916,0.224484405648,0.222504664786,0.219183055106,0.214482411609,0.208341197755,0.200660285515,0.191277878905,0.179918228255,0.166072683582,0.148661203028,0.124630052620,0.062943302909,,,,,,,,0.059354652223,1.201000000000
108660,0.225025268469,0.224367994570,0.222389895610,0.219071022305,0.214374211490,0.208237933839,0.200563080258,0.191187897266,0.179836725083,0.166001105347,0.148601441152,0.124585306569,0.062928633065,,,,,,,,0.059341119381,1.201000000000
108720,0.224908488264,0.224251760769,0.222275300821,0.218959159092,0.214266174271,0.208134824271,0.200466018958,0.191098047345,0.179755339491,0.165929628479,0.148541761859,0.124540620221,0.062913990412,,,,,,,,0.059327615865,1.201000000000
108780,0.224791885899,0.224135703846,0.222160880026,0.218847465085,0.214158299587,0.208031868711,0.200369101297,0.191008328855,0.179674071226,0.165858252764,0.148482164974,0.124495993455,0.062899374881,,,,,,,,0.059314141595,1.201000000000
108840,0.224675460974,0.224019823403,0.222046632836,0.218735939905,0.214050587076,0.207929066816,0.200272326958,0.190918741508,0.179592920035,0.165786977983,0.148422650324,0.124451426152,0.062884786404,,,,,,,,0.059300696493,1.201000000000
108900,0.224559213091,0.223904119044,0.221932558860,0.218624583176,0.213943036378,0.207826418245,0.200175695626,0.190829285018,0.179511885664,0.165715803923,0.148363217736,0.124406918191,0.062870224910,,,,,,,,0.059287280478,1.201000000000
108960,0.224443141851,0.223788590372,0.221818657711,0.218513394521,0.213835647131,0.207723922660,0.200079206988,0.190739959100,0.179430967862,0.165644730368,0.148303867038,0.124362469452,0.062855690332,,,,,,,,0.059273893472,1.201000000000
109020,0.224327246858,0.223673236993,0.221704929000,0.218402373563,0.213728418976,0.207621579721,0.199982860728,0.190650763469,0.179350166377,0.165573757104,0.148244598058,0.124318079815,0.062841182599,,,,,,,,0.059260535396,1.201000000000
109080,0.224211527715,0.223558058514,0.221591372342,0.218291519928,0.213621351556,0.207519389091,0.199886656534,0.190561697842,0.179269480958,0.165502883917,0.148185410624,0.124273749161,0.062826701644,,,,,,,,0.059247206170,1.201000000000
109140,0.224095984029,0.223443054544,0.221477987351,0.218180833244,0.213514444511,0.207417350433,0.199790594094,0.190472761935,0.179188911356,0.165432110594,0.148126304566,0.124229477371,0.062812247396,,,,,,,,0.059233905716,1.201000000000
109200,0.223980615406,0.223328224690,0.221364773644,0.218070313136,0.213407697487,0.207315463410,0.199694673098,0.190383955467,0.179108457320,0.165361436923,0.148067279713,0.124185264327,0.062797819788,,,,,,,,0.059220633955,1.201000000000
109260,0.223865421454,0.223213568563,0.221251730837,0.217959959235,0.213301110129,0.207213727690,0.199598893235,0.190295278156,0.179028118603,0.165290862691,0.148008335896,0.124141109909,0.062783418750,,,,,,,,0.059207390807,1.201000000000
109320,0.223750401782,0.223099085775,0.221138858550,0.217849771170,0.213194682081,0.207112142937,0.199503254196,0.190206729722,0.178947894957,0.165220387689,0.147949472945,0.124097014000,0.062769044214,,,,,,,,0.059194176195,1.201000000000
109380,0.223635556000,0.222984775937,0.221026156400,0.217739748571,0.213088412990,0.207010708818,0.199407755672,0.190118309884,0.178867786133,0.165150011704,0.147890690691,0.124052976481,0.062754696112,,,,,,,,0.059180990040,1.201000000000
109440,0.223520883718,0.222870638664,0.220913624009,0.217629891071,0.212982302505,0.206909425002,0.199312397356,0.190030018364,0.178787791886,0.165079734526,0.147831988966,0.124008997236,0.062740374374,,,,,,,,0.059167832264,1.201000000000
109500,0.223406384550,0.222756673569,0.220801260999,0.217520198303,0.212876350275,0.206808291158,0.199217178941,0.189941854884,0.178707911970,0.165009555947,0.147773367602,0.123965076146,0.062726078933,,,,,,,,0.059154702788,1.201000000000
109560,0.223292058109,0.222642880269,0.220689066990,0.217410669900,0.212770555948,0.206707306955,0.199122100122,0.189853819165,0.178628146140,0.164939475758,0.147714826432,0.123921213094,0.062711809720,,,,,,,,0.059141601536,1.201000000000
109620,0.223177904009,0.222529258380,0.220577041609,0.217301305497,0.212664919176,0.206606472065,0.199027160594,0.189765910932,0.178548494150,0.164869493749,0.147656365289,0.123877407965,0.062697566669,,,,,,,,0.059128528428,1.201000000000
109680,0.223063921866,0.222415807520,0.220465184478,0.217192104732,0.212559439611,0.206505786160,0.198932360052,0.189678129909,0.178468955758,0.164799609714,0.147597984007,0.123833660641,0.062683349710,,,,,,,,0.059115483389,1.201000000000
109740,0.222950111297,0.222302527308,0.220353495224,0.217083067239,0.212454116905,0.206405248911,0.198837698194,0.189590475820,0.178389530719,0.164729823444,0.147539682419,0.123789971005,0.062669158776,,,,,,,,0.059102466339,1.201000000000
109800,0.222836471919,0.222189417365,0.220241973474,0.216974192659,0.212348950713,0.206304859993,0.198743174717,0.189502948391,0.178310218792,0.164660134734,0.147481460360,0.123746338943,0.062654993800,,,,,,,,0.059089477203,1.201000000000
109860,0.222723003352,0.222076477312,0.220130618856,0.216865480630,0.212243940688,0.206204619080,0.198648789319,0.189415547348,0.178231019734,0.164590543378,0.147423317666,0.123702764338,0.062640854715,,,,,,,,0.059076515903,1.201000000000
109920,0.222609705215,0.221963706770,0.220019430999,0.216756930792,0.212139086488,0.206104525848,0.198554541701,0.189328272419,0.178151933305,0.164521049170,0.147365254172,0.123659247075,0.062626741453,,,,,,,,0.059063582363,1.201000000000
109980,0.222496577130,0.221851105364,0.219908409533,0.216648542787,0.212034387768,0.206004579974,0.198460431561,0.189241123332,0.178072959264,0.164451651905,0.147307269713,0.123615787040,0.062612653947,,,,,,,,0.059050676505,1.201000000000
110040,0.222383618718,0.221738672717,0.219797554088,0.216540316257,0.211929844186,0.205904781134,0.198366458602,0.189154099815,0.177994097371,0.164382351379,0.147249364127,0.123572384116,0.062598592131,,,,,,,,0.059037798254,1.201000000000
110100,0.222270829604,0.221626408455,0.219686864298,0.216432250845,0.211825455401,0.205805129007,0.198272622526,0.189067201597,0.177915347387,0.164313147389,0.147191537250,0.123529038189,0.062584555937,,,,,,,,0.059024947534,1.201000000000
110160,0.222158209411,0.221514312205,0.219576339796,0.216324346195,0.211721221072,0.205705623272,0.198178923034,0.188980428410,0.177836709073,0.164244039730,0.147133788919,0.123485749146,0.062570545301,,,,,,,,0.059012124269,1.201000000000
110220,0.222045757765,0.221402383595,0.219465980216,0.216216601953,0.211617140861,0.205606263609,0.198085359831,0.188893779983,0.177758182192,0.164175028201,0.147076118972,0.123442516872,0.062556560154,,,,,,,,0.058999328382,1.201000000000
110280,0.221933474292,0.221290622252,0.219355785192,0.216109017765,0.211513214429,0.205507049699,0.197991932620,0.188807256049,0.177679766507,0.164106112600,0.147018527249,0.123399341254,0.062542600432,,,,,,,,0.058986559799,1.201000000000
110340,0.221821358620,0.221179027808,0.219245754363,0.216001593279,0.211409441438,0.205407981225,0.197898641108,0.188720856340,0.177601461780,0.164037292725,0.146961013586,0.123356222178,0.062528666069,,,,,,,,0.058973818444,1.201000000000
110400,0.221709410378,0.221067599892,0.219135887364,0.215894328142,0.211305821552,0.205309057868,0.197805485000,0.188634580589,0.177523267776,0.163968568375,0.146903577824,0.123313159531,0.062514756998,,,,,,,,0.058961104243,1.201000000000
110460,0.221597629195,0.220956338137,0.219026183835,0.215787222005,0.211202354435,0.205210279313,0.197712464003,0.188548428531,0.177445184260,0.163899939350,0.146846219802,0.123270153199,0.062500873154,,,,,,,,0.058948417120,1.201000000000
110520,0.221486014702,0.220845242176,0.218916643415,0.215680274517,0.211099039754,0.205111645244,0.197619577825,0.188462399899,0.177367210997,0.163831405450,0.146788939361,0.123227203072,0.062487014473,,,,,,,,0.058935757001,1.201000000000
110580,0.221374566531,0.220734311642,0.218807265745,0.215573485331,0.210995877173,0.205013155347,0.197526826174,0.188376494429,0.177289347754,0.163762966477,0.146731736340,0.123184309035,0.062473180888,,,,,,,,0.058923123811,1.201000000000
110640,0.221263284314,0.220623546171,0.218698050466,0.215466854097,0.210892866360,0.204914809307,0.197434208760,0.188290711858,0.177211594297,0.163694622230,0.146674610580,0.123141470977,0.062459372335,,,,,,,,0.058910517477,1.201000000000
110700,0.221152167687,0.220512945399,0.218588997220,0.215360380470,0.210790006985,0.204816606813,0.197341725293,0.188205051922,0.177133950393,0.163626372513,0.146617561924,0.123098688787,0.062445588750,,,,,,,,0.058897937924,1.201000000000
110760,0.221041216282,0.220402508962,0.218480105652,0.215254064104,0.210687298715,0.204718547552,0.197249375484,0.188119514358,0.177056415810,0.163558217128,0.146560590212,0.123055962353,0.062431830068,,,,,,,,0.058885385079,1.201000000000
110820,0.220930429737,0.220292236500,0.218371375405,0.215147904653,0.210584741221,0.204620631213,0.197157159044,0.188034098906,0.176978990318,0.163490155877,0.146503695287,0.123013291564,0.062418096224,,,,,,,,0.058872858869,1.201000000000
110880,0.220819807689,0.220182127650,0.218262806126,0.215041901775,0.210482334174,0.204522857487,0.197065075686,0.187948805304,0.176901673685,0.163422188564,0.146446876992,0.122970676308,0.062404387154,,,,,,,,0.058860359219,1.201000000000
110940,0.220709349775,0.220072182054,0.218154397460,0.214936055127,0.210380077246,0.204425226063,0.196973125124,0.187863633292,0.176824465681,0.163354314994,0.146390135170,0.122928116475,0.062390702795,,,,,,,,0.058847886057,1.201000000000
111000,0.220599055635,0.219962399352,0.218046149057,0.214830364366,0.210277970110,0.204327736634,0.196881307071,0.187778582611,0.176747366077,0.163286534971,0.146333469664,0.122885611955,0.062377043083,,,,,,,,0.058835439311,1.201000000000
111060,0.220488924909,0.219852779187,0.217938060563,0.214724829153,0.210176012440,0.204230388892,0.196789621243,0.187693653001,0.176670374644,0.163218848299,0.146276880319,0.122843162638,0.062363407954,,,,,,,,0.058823018907,1.201000000000
111120,0.220378957237,0.219743321202,0.217830131629,0.214619449146,0.210074203910,0.204133182530,0.196698067356,0.187608844205,0.176593491154,0.163151254786,0.146220366978,0.122800768413,0.062349797345,,,,,,,,0.058810624774,1.201000000000
111180,0.220269152263,0.219634025041,0.217722361906,0.214514224008,0.209972544196,0.204036117242,0.196606645125,0.187524155965,0.176516715379,0.163083754236,0.146163929486,0.122758429172,0.062336211194,,,,,,,,0.058798256839,1.201000000000
111240,0.220159509629,0.219524890349,0.217614751044,0.214409153399,0.209871032975,0.203939192724,0.196515354269,0.187439588025,0.176440047093,0.163016346457,0.146107567689,0.122716144805,0.062322649436,,,,,,,,0.058785915030,1.201000000000
111300,0.220050028978,0.219415916773,0.217507298697,0.214304236984,0.209769669924,0.203842408671,0.196424194505,0.187355140129,0.176363486069,0.162949031256,0.146051281433,0.122673915203,0.062309112009,,,,,,,,0.058773599276,1.201000000000
111360,0.219940709958,0.219307103961,0.217400004518,0.214199474426,0.209668454721,0.203745764781,0.196333165553,0.187270812021,0.176287032081,0.162881808441,0.145995070563,0.122631740257,0.062295598851,,,,,,,,0.058761309505,1.201000000000
111420,0.219831552213,0.219198451559,0.217292868162,0.214094865389,0.209567387046,0.203649260750,0.196242267131,0.187186603447,0.176210684904,0.162814677821,0.145938934925,0.122589619859,0.062282109900,,,,,,,,0.058749045646,1.201000000000
111480,0.219722555390,0.219089959218,0.217185889284,0.213990409541,0.209466466579,0.203552896277,0.196151498961,0.187102514153,0.176134444315,0.162747639203,0.145882874367,0.122547553901,0.062268645093,,,,,,,,0.058736807629,1.201000000000
111540,0.219613719139,0.218981626588,0.217079067540,0.213886106547,0.209365693001,0.203456671062,0.196060860764,0.187018543886,0.176058310088,0.162680692397,0.145826888737,0.122505542274,0.062255204368,,,,,,,,0.058724595382,1.201000000000
111600,0.219505043108,0.218873453319,0.216972402588,0.213781956075,0.209265065995,0.203360584804,0.195970352261,0.186934692394,0.175982282002,0.162613837214,0.145770977881,0.122463584872,0.062241787664,,,,,,,,0.058712408834,1.201000000000
111660,0.219396526946,0.218765439065,0.216865894086,0.213677957795,0.209164585242,0.203264637205,0.195879973176,0.186850959424,0.175906359833,0.162547073464,0.145715141647,0.122421681587,0.062228394919,,,,,,,,0.058700247916,1.201000000000
111720,0.219288170307,0.218657583478,0.216759541694,0.213574111374,0.209064250426,0.203168827966,0.195789723232,0.186767344727,0.175830543359,0.162480400958,0.145659379885,0.122379832311,0.062215026072,,,,,,,,0.058688112557,1.201000000000
111780,0.219179972840,0.218549886213,0.216653345072,0.213470416485,0.208964061233,0.203073156790,0.195699602154,0.186683848050,0.175754832359,0.162413819506,0.145603692444,0.122338036939,0.062201681062,,,,,,,,0.058676002688,1.201000000000
111840,0.219071934201,0.218442346924,0.216547303881,0.213366872798,0.208864017348,0.202977623380,0.195609609666,0.186600469146,0.175679226612,0.162347328922,0.145548079172,0.122296295362,0.062188359827,,,,,,,,0.058663918239,1.201000000000
111900,0.218964054042,0.218334965269,0.216441417784,0.213263479986,0.208764118456,0.202882227440,0.195519745494,0.186517207765,0.175603725899,0.162280929017,0.145492539919,0.122254607476,0.062175062308,,,,,,,,0.058651859141,1.201000000000
111960,0.218856332018,0.218227740903,0.216335686443,0.213160237721,0.208664364246,0.202786968677,0.195430009365,0.186434063658,0.175528329998,0.162214619605,0.145437074535,0.122212973175,0.062161788443,,,,,,,,0.058639825323,1.201000000000
112020,0.218748767787,0.218120673485,0.216230109523,0.213057145679,0.208564754406,0.202691846795,0.195340401006,0.186351036578,0.175453038693,0.162148400500,0.145381682872,0.122171392351,0.062148538173,,,,,,,,0.058627816718,1.201000000000
112080,0.218641361004,0.218013762673,0.216124686689,0.212954203534,0.208465288624,0.202596861501,0.195250920146,0.186268126277,0.175377851763,0.162082271514,0.145326364779,0.122129864901,0.062135311436,,,,,,,,0.058615833257,1.201000000000
112140,0.218534111327,0.217907008129,0.216019417607,0.212851410962,0.208365966591,0.202502012503,0.195161566513,0.186185332511,0.175302768991,0.162016232463,0.145271120109,0.122088390719,0.062122108174,,,,,,,,0.058603874870,1.201000000000
112200,0.218427018416,0.217800409512,0.215914301943,0.212748767641,0.208266787996,0.202407299509,0.195072339837,0.186102655033,0.175227790161,0.161950283162,0.145215948712,0.122046969699,0.062108928326,,,,,,,,0.058591941491,1.201000000000
112260,0.218320081931,0.217693966485,0.215809339366,0.212646273247,0.208167752533,0.202312722228,0.194983239848,0.186020093598,0.175152915056,0.161884423426,0.145160850442,0.122005601738,0.062095771832,,,,,,,,0.058580033050,1.201000000000
112320,0.218213301531,0.217587678711,0.215704529545,0.212543927460,0.208068859893,0.202218280371,0.194894266277,0.185937647962,0.175078143458,0.161818653071,0.145105825150,0.121964286731,0.062082638634,,,,,,,,0.058568149480,1.201000000000
112380,0.218106676880,0.217481545853,0.215599872148,0.212441729959,0.207970109769,0.202123973648,0.194805418856,0.185855317882,0.175003475154,0.161752971913,0.145050872689,0.121923024573,0.062069528673,,,,,,,,0.058556290713,1.201000000000
112440,0.218000207639,0.217375567575,0.215495366847,0.212339680425,0.207871501856,0.202029801770,0.194716697318,0.185773103114,0.174928909929,0.161687379771,0.144995992914,0.121881815161,0.062056441889,,,,,,,,0.058544456682,1.201000000000
112500,0.217893893472,0.217269743544,0.215391013314,0.212237778539,0.207773035848,0.201935764450,0.194628101396,0.185691003417,0.174854447567,0.161621876460,0.144941185676,0.121840658392,0.062043378223,,,,,,,,0.058532647319,1.201000000000
112560,0.217787734044,0.217164073426,0.215286811220,0.212136023983,0.207674711443,0.201841861402,0.194539630823,0.185609018548,0.174780087856,0.161556461800,0.144886450832,0.121799554162,0.062030337617,,,,,,,,0.058520862558,1.201000000000
112620,0.217681729021,0.217058556889,0.215182760239,0.212034416441,0.207576528335,0.201748092338,0.194451285336,0.185527148267,0.174705830582,0.161491135609,0.144831788234,0.121758502367,0.062017320013,,,,,,,,0.058509102332,1.201000000000
112680,0.217575878069,0.216953193601,0.215078860046,0.211932955596,0.207478486223,0.201654456974,0.194363064668,0.185445392334,0.174631675533,0.161425897705,0.144777197737,0.121717502906,0.062004325351,,,,,,,,0.058497366574,1.201000000000
112740,0.217470180855,0.216847983231,0.214975110315,0.211831641134,0.207380584806,0.201560955025,0.194274968558,0.185363750509,0.174557622497,0.161360747908,0.144722679198,0.121676555675,0.061991353576,,,,,,,,0.058485655217,1.201000000000
112800,0.217364637047,0.216742925450,0.214871510723,0.211730472740,0.207282823782,0.201467586208,0.194186996740,0.185282222553,0.174483671262,0.161295686038,0.144668232472,0.121635660573,0.061978404627,,,,,,,,0.058473968197,1.201000000000
112860,0.217259246315,0.216638019928,0.214768060947,0.211629450101,0.207185202851,0.201374350240,0.194099148954,0.185200808227,0.174409821618,0.161230711916,0.144613857414,0.121594817496,0.061965478449,,,,,,,,0.058462305446,1.201000000000
112920,0.217154008329,0.216533266339,0.214664760665,0.211528572904,0.207087721714,0.201281246838,0.194011424936,0.185119507295,0.174336073355,0.161165825362,0.144559553880,0.121554026345,0.061952574983,,,,,,,,0.058450666899,1.201000000000
112980,0.217048922761,0.216428664354,0.214561609555,0.211427840838,0.206990380074,0.201188275721,0.193923824428,0.185038319518,0.174262426262,0.161101026198,0.144505321729,0.121513287016,0.061939694172,,,,,,,,0.058439052491,1.201000000000
113040,0.216943989281,0.216324213648,0.214458607297,0.211327253592,0.206893177632,0.201095436609,0.193836347168,0.184957244662,0.174188880132,0.161036314246,0.144451160816,0.121472599410,0.061926835958,,,,,,,,0.058427462157,1.201000000000
113100,0.216839207563,0.216219913896,0.214355753572,0.211226810856,0.206796114092,0.201002729222,0.193748992896,0.184876282489,0.174115434755,0.160971689327,0.144397071000,0.121431963424,0.061914000287,,,,,,,,0.058415895830,1.201000000000
113160,0.216734577281,0.216115764774,0.214253048061,0.211126512322,0.206699189158,0.200910153280,0.193661761355,0.184795432766,0.174042089923,0.160907151265,0.144343052138,0.121391378958,0.061901187099,,,,,,,,0.058404353447,1.201000000000
113220,0.216630098110,0.216011765957,0.214150490447,0.211026357680,0.206602402536,0.200817708506,0.193574652286,0.184714695257,0.173968845429,0.160842699884,0.144289104088,0.121350845912,0.061888396339,,,,,,,,0.058392834943,1.201000000000
113280,0.216525769725,0.215907917124,0.214048080413,0.210926346624,0.206505753930,0.200725394621,0.193487665431,0.184634069728,0.173895701066,0.160778335006,0.144235226709,0.121310364186,0.061875627951,,,,,,,,0.058381340253,1.201000000000
113340,0.216421591802,0.215804217953,0.213945817642,0.210826478847,0.206409243047,0.200633211350,0.193400800534,0.184553555947,0.173822656629,0.160714056456,0.144181419860,0.121269933678,0.061862881878,,,,,,,,0.058369869313,1.201000000000
113400,0.216317564020,0.215700668124,0.213843701821,0.210726754044,0.206312869595,0.200541158416,0.193314057340,0.184473153682,0.173749711910,0.160649864059,0.144127683400,0.121229554291,0.061850158065,,,,,,,,0.058358422060,1.201000000000
113460,0.216213686056,0.215597267316,0.213741732634,0.210627171909,0.206216633283,0.200449235544,0.193227435592,0.184392862699,0.173676866706,0.160585757640,0.144074017190,0.121189225924,0.061837456455,,,,,,,,0.058346998428,1.201000000000
113520,0.216109957590,0.215494015211,0.213639909769,0.210527732140,0.206120533818,0.200357442459,0.193140935036,0.184312682768,0.173604120810,0.160521737024,0.144020421088,0.121148948478,0.061824776994,,,,,,,,0.058335598356,1.201000000000
113580,0.216006378302,0.215390911490,0.213538232913,0.210428434432,0.206024570912,0.200265778888,0.193054555419,0.184232613658,0.173531474021,0.160457802038,0.143966894956,0.121108721855,0.061812119625,,,,,,,,0.058324221778,1.201000000000
113640,0.215902947872,0.215287955837,0.213436701755,0.210329278483,0.205928744274,0.200174244557,0.192968296486,0.184152655140,0.173458926133,0.160393952508,0.143913438655,0.121068545955,0.061799484293,,,,,,,,0.058312868633,1.201000000000
113700,0.215799665983,0.215185147936,0.213335315983,0.210230263993,0.205833053616,0.200082839195,0.192882157987,0.184072806983,0.173386476944,0.160330188262,0.143860052045,0.121028420680,0.061786870944,,,,,,,,0.058301538856,1.201000000000
113760,0.215696532317,0.215082487470,0.213234075289,0.210131390660,0.205737498650,0.199991562530,0.192796139668,0.183993068959,0.173314126251,0.160266509126,0.143806734988,0.120988345932,0.061774279522,,,,,,,,0.058290232386,1.201000000000
113820,0.215593546559,0.214979974125,0.213132979363,0.210032658185,0.205642079089,0.199900414291,0.192710241279,0.183913440840,0.173241873853,0.160202914928,0.143753487346,0.120948321613,0.061761709972,,,,,,,,0.058278949160,1.201000000000
113880,0.215490708392,0.214877607589,0.213032027896,0.209934066268,0.205546794647,0.199809394209,0.192624462569,0.183833922398,0.173169719549,0.160139405498,0.143700308982,0.120908347625,0.061749162242,,,,,,,,0.058267689115,1.201000000000
113940,0.215388017501,0.214775387547,0.212931220583,0.209835614612,0.205451645039,0.199718502013,0.192538803289,0.183754513406,0.173097663136,0.160075980664,0.143647199757,0.120868423871,0.061736636274,,,,,,,,0.058256452189,1.201000000000
114000,0.215285473574,0.214673313688,0.212830557115,0.209737302920,0.205356629980,0.199627737435,0.192453263189,0.183675213639,0.173025704416,0.160012640255,0.143594159536,0.120828550253,0.061724132017,,,,,,,,0.058245238321,1.201000000000
114060,0.215183076297,0.214571385701,0.212730037189,0.209639130894,0.205261749185,0.199537100208,0.192367842021,0.183596022870,0.172953843189,0.159949384101,0.143541188181,0.120788726676,0.061711649415,,,,,,,,0.058234047447,1.201000000000
114120,0.215080825359,0.214469603276,0.212629660498,0.209541098239,0.205167002372,0.199446590065,0.192282539538,0.183516940873,0.172882079254,0.159886212031,0.143488285555,0.120748953041,0.061699188415,,,,,,,,0.058222879508,1.201000000000
114180,0.214978720447,0.214367966103,0.212529426739,0.209443204661,0.205072389259,0.199356206738,0.192197355492,0.183437967426,0.172810412414,0.159823123878,0.143435451524,0.120709229253,0.061686748964,,,,,,,,0.058211734441,1.201000000000
114240,0.214876761252,0.214266473874,0.212429335610,0.209345449864,0.204977909564,0.199265949963,0.192112289636,0.183359102303,0.172738842471,0.159760119472,0.143382685951,0.120669555216,0.061674331007,,,,,,,,0.058200612186,1.201000000000
114300,0.214774947464,0.214165126281,0.212329386807,0.209247833557,0.204883563006,0.199175819474,0.192027341726,0.183280345282,0.172667369227,0.159697198644,0.143329988701,0.120629930833,0.061661934492,,,,,,,,0.058189512680,1.201000000000
114360,0.214673278775,0.214063923018,0.212229580029,0.209150355446,0.204789349305,0.199085815008,0.191942511515,0.183201696139,0.172595992484,0.159634361226,0.143277359639,0.120590356008,0.061649559365,,,,,,,,0.058178435864,1.201000000000
114420,0.214571754876,0.213962863778,0.212129914977,0.209053015240,0.204695268182,0.198995936300,0.191857798760,0.183123154653,0.172524712047,0.159571607051,0.143224798632,0.120550830647,0.061637205573,,,,,,,,0.058167381678,1.201000000000
114480,0.214470375462,0.213861948256,0.212030391349,0.208955812647,0.204601319359,0.198906183089,0.191773203217,0.183044720602,0.172453527719,0.159508935952,0.143172305543,0.120511354653,0.061624873064,,,,,,,,0.058156350059,1.201000000000
114540,0.214369140225,0.213761176149,0.211931008847,0.208858747379,0.204507502557,0.198816555111,0.191688724643,0.182966393766,0.172382439304,0.159446347762,0.143119880241,0.120471927933,0.061612561785,,,,,,,,0.058145340949,1.201000000000
114600,0.214268048861,0.213660547151,0.211831767173,0.208761819145,0.204413817499,0.198727052107,0.191604362795,0.182888173923,0.172311446608,0.159383842315,0.143067522590,0.120432550391,0.061600271684,,,,,,,,0.058134354287,1.201000000000
114660,0.214167101065,0.213560060962,0.211732666030,0.208665027657,0.204320263910,0.198637673814,0.191520117432,0.182810060854,0.172240549437,0.159321419445,0.143015232459,0.120393221932,0.061588002708,,,,,,,,0.058123390014,1.201000000000
114720,0.214066296534,0.213459717279,0.211633705121,0.208568372628,0.204226841515,0.198548419973,0.191435988312,0.182732054341,0.172169747596,0.159259078986,0.142963009714,0.120353942463,0.061575754805,,,,,,,,0.058112448070,1.201000000000
114780,0.213965634964,0.213359515801,0.211534884150,0.208471853770,0.204133550037,0.198459290325,0.191351975195,0.182654154164,0.172099040892,0.159196820774,0.142910854222,0.120314711890,0.061563527924,,,,,,,,0.058101528395,1.201000000000
114840,0.213865116055,0.213259456228,0.211436202823,0.208375470798,0.204040389203,0.198370284611,0.191268077841,0.182576360105,0.172028429131,0.159134644645,0.142858765852,0.120275530118,0.061551322012,,,,,,,,0.058090630931,1.201000000000
114900,0.213764739504,0.213159538261,0.211337660846,0.208279223425,0.203947358741,0.198281402574,0.191184296010,0.182498671948,0.171957912123,0.159072550433,0.142806744472,0.120236397054,0.061539137018,,,,,,,,0.058079755617,1.201000000000
114960,0.213664505012,0.213059761601,0.211239257925,0.208183111368,0.203854458377,0.198192643956,0.191100629466,0.182421089475,0.171887489674,0.159010537976,0.142754789951,0.120197312605,0.061526972891,,,,,,,,0.058068902397,1.201000000000
115020,0.213564412279,0.212960125950,0.211140993767,0.208087134343,0.203761687839,0.198104008501,0.191017077968,0.182343612470,0.171817161593,0.158948607109,0.142702902156,0.120158276678,0.061514829579,,,,,,,,0.058058071209,1.201000000000
115080,0.213464461006,0.212860631012,0.211042868082,0.207991292066,0.203669046858,0.198015495954,0.190933641281,0.182266240717,0.171746927689,0.158886757672,0.142651080959,0.120119289179,0.061502707032,,,,,,,,0.058047261997,1.201000000000
115140,0.213364650896,0.212761276490,0.210944880578,0.207895584256,0.203576535162,0.197927106058,0.190850319168,0.182188974002,0.171676787773,0.158824989500,0.142599326227,0.120080350017,0.061490605197,,,,,,,,0.058036474702,1.201000000000
115200,0.213264981652,0.212662062089,0.210847030965,0.207800010630,0.203484152481,0.197838838560,0.190767111392,0.182111812109,0.171606741653,0.158763302433,0.142547637831,0.120041459098,0.061478524026,,,,,,,,0.058025709266,1.201000000000
115260,0.213165452978,0.212562987516,0.210749318953,0.207704570908,0.203391898548,0.197750693206,0.190684017718,0.182034754826,0.171536789142,0.158701696308,0.142496015642,0.120002616331,0.061466463466,,,,,,,,0.058014965631,1.201000000000
115320,0.213066064577,0.212464052475,0.210651744255,0.207609264811,0.203299773093,0.197662669743,0.190601037911,0.181957801938,0.171466930049,0.158640170964,0.142444459529,0.119963821624,0.061454423468,,,,,,,,0.058004243739,1.201000000000
115380,0.212966816156,0.212365256674,0.210554306583,0.207514092059,0.203207775850,0.197574767919,0.190518171738,0.181880953233,0.171397164187,0.158578726241,0.142392969364,0.119925074885,0.061442403981,,,,,,,,0.057993543532,1.201000000000
115440,0.212867707420,0.212266599822,0.210457005649,0.207419052373,0.203115906552,0.197486987483,0.190435418965,0.181804208498,0.171327491367,0.158517361979,0.142341545018,0.119886376022,0.061430404955,,,,,,,,0.057982864954,1.201000000000
115500,0.212768738078,0.212168081626,0.210359841168,0.207324145475,0.203024164932,0.197399328182,0.190352779359,0.181727567522,0.171257911402,0.158456078018,0.142290186362,0.119847724945,0.061418426340,,,,,,,,0.057972207947,1.201000000000
115560,0.212669907836,0.212069701797,0.210262812854,0.207229371090,0.202932550727,0.197311789767,0.190270252687,0.181651030094,0.171188424106,0.158394874198,0.142238893269,0.119809121562,0.061406468087,,,,,,,,0.057961572455,1.201000000000
115620,0.212571216403,0.211971460045,0.210165920422,0.207134728940,0.202841063670,0.197224371988,0.190187838719,0.181574596003,0.171119029291,0.158333750360,0.142187665611,0.119770565783,0.061394530145,,,,,,,,0.057950958419,1.201000000000
115680,0.212472663489,0.211873356080,0.210069163589,0.207040218751,0.202749703499,0.197137074596,0.190105537223,0.181498265039,0.171049726773,0.158272706346,0.142136503260,0.119732057517,0.061382612466,,,,,,,,0.057940365785,1.201000000000
115740,0.212374248803,0.211775389615,0.209972542072,0.206945840246,0.202658469950,0.197049897344,0.190023347968,0.181422036993,0.170980516365,0.158211741998,0.142085406089,0.119693596674,0.061370715000,,,,,,,,0.057929794494,1.201000000000
115800,0.212275972057,0.211677560362,0.209876055587,0.206851593154,0.202567362761,0.196962839983,0.189941270726,0.181345911656,0.170911397883,0.158150857157,0.142034373971,0.119655183163,0.061358837698,,,,,,,,0.057919244492,1.201000000000
115860,0.212177832963,0.211579868035,0.209779703855,0.206757477199,0.202476381671,0.196875902266,0.189859305266,0.181269888819,0.170842371142,0.158090051667,0.141983406780,0.119616816896,0.061346980511,,,,,,,,0.057908715722,1.201000000000
115920,0.212079831232,0.211482312348,0.209683486593,0.206663492110,0.202385526417,0.196789083947,0.189777451361,0.181193968275,0.170773435958,0.158029325370,0.141932504389,0.119578497781,0.061335143390,,,,,,,,0.057898208128,1.201000000000
115980,0.211981966579,0.211384893016,0.209587403522,0.206569637616,0.202294796741,0.196702384781,0.189695708782,0.181118149817,0.170704592148,0.157968678110,0.141881666674,0.119540225731,0.061323326286,,,,,,,,0.057887721654,1.201000000000
116040,0.211884238717,0.211287609754,0.209491454362,0.206475913444,0.202204192381,0.196615804522,0.189614077302,0.181042433238,0.170635839529,0.157908109730,0.141830893508,0.119502000655,0.061311529151,,,,,,,,0.057877256245,1.201000000000
116100,0.211786647362,0.211190462279,0.209395638836,0.206382319325,0.202113713081,0.196529342927,0.189532556694,0.180966818331,0.170567177917,0.157847620076,0.141780184766,0.119463822465,0.061299751936,,,,,,,,0.057866811845,1.201000000000
116160,0.211689192228,0.211093450309,0.209299956665,0.206288854989,0.202023358581,0.196442999750,0.189451146732,0.180891304892,0.170498607132,0.157787208991,0.141729540323,0.119425691071,0.061287994594,,,,,,,,0.057856388400,1.201000000000
116220,0.211591873033,0.210996573562,0.209204407572,0.206195520167,0.201933128623,0.196356774751,0.189369847192,0.180815892714,0.170430126992,0.157726876322,0.141678960055,0.119387606387,0.061276257076,,,,,,,,0.057845985854,1.201000000000
116280,0.211494689493,0.210899831756,0.209108991281,0.206102314591,0.201843022952,0.196270667685,0.189288657847,0.180740581595,0.170361737315,0.157666621912,0.141628443837,0.119349568322,0.061264539335,,,,,,,,0.057835604152,1.201000000000
116340,0.211397641326,0.210803224610,0.209013707516,0.206009237994,0.201753041310,0.196184678312,0.189207578473,0.180665371328,0.170293437921,0.157606445608,0.141577991547,0.119311576789,0.061252841322,,,,,,,,0.057825243240,1.201000000000
116400,0.211300728252,0.210706751846,0.208918556003,0.205916290109,0.201663183444,0.196098806390,0.189126608847,0.180590261713,0.170225228629,0.157546347257,0.141527603059,0.119273631701,0.061241162990,,,,,,,,0.057814903063,1.201000000000
116460,0.211203949989,0.210610413184,0.208823536468,0.205823470670,0.201573449097,0.196013051679,0.189045748745,0.180515252544,0.170157109261,0.157486326705,0.141477278251,0.119235732969,0.061229504291,,,,,,,,0.057804583567,1.201000000000
116520,0.211107306257,0.210514208346,0.208728648637,0.205730779412,0.201483838015,0.195927413939,0.188964997946,0.180440343621,0.170089079636,0.157426383799,0.141427016999,0.119197880507,0.061217865179,,,,,,,,0.057794284698,1.201000000000
116580,0.211010796779,0.210418137055,0.208633892238,0.205638216070,0.201394349946,0.195841892930,0.188884356226,0.180365534740,0.170021139577,0.157366518387,0.141376819182,0.119160074226,0.061206245606,,,,,,,,0.057784006402,1.201000000000
116640,0.210914421274,0.210322199033,0.208539266998,0.205545780380,0.201304984637,0.195756488416,0.188803823365,0.180290825702,0.169953288904,0.157306730316,0.141326684677,0.119122314041,0.061194645525,,,,,,,,0.057773748625,1.201000000000
116700,0.210818179466,0.210226394006,0.208444772647,0.205453472080,0.201215741835,0.195671200156,0.188723399142,0.180216216304,0.169885527440,0.157247019434,0.141276613361,0.119084599864,0.061183064889,,,,,,,,0.057763511314,1.201000000000
116760,0.210722071079,0.210130721697,0.208350408915,0.205361290907,0.201126621289,0.195586027915,0.188643083336,0.180141706348,0.169817855008,0.157187385591,0.141226605114,0.119046931609,0.061171503652,,,,,,,,0.057753294414,1.201000000000
116820,0.210626095835,0.210035181833,0.208256175531,0.205269236598,0.201037622749,0.195500971455,0.188562875729,0.180067295632,0.169750271431,0.157127828635,0.141176659813,0.119009309189,0.061159961767,,,,,,,,0.057743097873,1.201000000000
116880,0.210530253460,0.209939774140,0.208162072227,0.205177308894,0.200948745964,0.195416030541,0.188482776101,0.179992983959,0.169682776532,0.157068348416,0.141126777337,0.118971732518,0.061148439187,,,,,,,,0.057732921638,1.201000000000
116940,0.210434543678,0.209844498344,0.208068098734,0.205085507533,0.200859990686,0.195331204937,0.188402784232,0.179918771128,0.169615370135,0.157008944783,0.141076957566,0.118934201511,0.061136935867,,,,,,,,0.057722765655,1.201000000000
117000,0.210338966217,0.209749354173,0.207974254785,0.204993832257,0.200771356665,0.195246494408,0.188322899907,0.179844656943,0.169548052065,0.156949617587,0.141027200379,0.118896716082,0.061125451760,,,,,,,,0.057712629872,1.201000000000
117060,0.210243520803,0.209654341356,0.207880540114,0.204902282806,0.200682843653,0.195161898720,0.188243122907,0.179770641206,0.169480822147,0.156890366678,0.140977505657,0.118859276145,0.061113986821,,,,,,,,0.057702514237,1.201000000000
117120,0.210148207164,0.209559459622,0.207786954453,0.204810858921,0.200594451404,0.195077417641,0.188163453015,0.179696723718,0.169413680206,0.156831191908,0.140927873278,0.118821881615,0.061102541003,,,,,,,,0.057692418696,1.201000000000
117180,0.210053025028,0.209464708702,0.207693497538,0.204719560346,0.200506179670,0.194993050936,0.188083890016,0.179622904285,0.169346626068,0.156772093127,0.140878303124,0.118784532406,0.061091114261,,,,,,,,0.057682343198,1.201000000000
117240,0.209957974123,0.209370088324,0.207600169104,0.204628386823,0.200418028205,0.194908798373,0.188004433693,0.179549182709,0.169279659559,0.156713070187,0.140828795075,0.118747228436,0.061079706549,,,,,,,,0.057672287690,1.201000000000
117300,0.209863054181,0.209275598222,0.207506968888,0.204537338097,0.200329996763,0.194824659722,0.187925083833,0.179475558795,0.169212780506,0.156654122940,0.140779349013,0.118709969617,0.061068317822,,,,,,,,0.057662252120,1.201000000000
117360,0.209768264930,0.209181238127,0.207413896625,0.204446413911,0.200242085101,0.194740634750,0.187845840219,0.179402032348,0.169145988737,0.156595251239,0.140729964818,0.118672755867,0.061056948035,,,,,,,,0.057652236438,1.201000000000
117420,0.209673606104,0.209087007771,0.207320952053,0.204355614012,0.200154292974,0.194656723228,0.187766702639,0.179328603174,0.169079284078,0.156536454937,0.140680642372,0.118635587101,0.061045597142,,,,,,,,0.057642240590,1.201000000000
117480,0.209579077433,0.208992906889,0.207228134911,0.204264938144,0.200066620139,0.194572924925,0.187687670878,0.179255271078,0.169012666358,0.156477733887,0.140631381558,0.118598463234,0.061034265100,,,,,,,,0.057632264526,1.201000000000
117540,0.209484678650,0.208898935214,0.207135444937,0.204174386054,0.199979066352,0.194489239613,0.187608744725,0.179182035867,0.168946135406,0.156419087942,0.140582182257,0.118561384184,0.061022951862,,,,,,,,0.057622308194,1.201000000000
117600,0.209390409489,0.208805092482,0.207042881870,0.204083957490,0.199891631371,0.194405667062,0.187529923967,0.179108897347,0.168879691050,0.156360516957,0.140533044351,0.118524349867,0.061011657384,,,,,,,,0.057612371544,1.201000000000
117660,0.209296269684,0.208711378428,0.206950445452,0.203993652199,0.199804314956,0.194322207045,0.187451208392,0.179035855328,0.168813333120,0.156302020785,0.140483967725,0.118487360198,0.061000381621,,,,,,,,0.057602454524,1.201000000000
117720,0.209202258969,0.208617792788,0.206858135423,0.203903469929,0.199717116865,0.194238859334,0.187372597789,0.178962909615,0.168747061446,0.156243599282,0.140434952260,0.118450415096,0.060989124530,,,,,,,,0.057592557083,1.201000000000
117780,0.209108377080,0.208524335300,0.206765951524,0.203813410431,0.199630036857,0.194155623703,0.187294091947,0.178890060018,0.168680875858,0.156185252302,0.140385997840,0.118413514477,0.060977886067,,,,,,,,0.057582679171,1.201000000000
117840,0.209014623753,0.208431005701,0.206673893498,0.203723473454,0.199543074694,0.194072499924,0.187215690658,0.178817306346,0.168614776186,0.156126979702,0.140337104349,0.118376658258,0.060966666185,,,,,,,,0.057572820737,1.201000000000
117900,0.208920998725,0.208337803729,0.206581961087,0.203633658748,0.199456230136,0.193989487774,0.187137393710,0.178744648408,0.168548762263,0.156068781336,0.140288271671,0.118339846357,0.060955464843,,,,,,,,0.057562981732,1.201000000000
117960,0.208827501734,0.208244729124,0.206490154037,0.203543966065,0.199369502944,0.193906587025,0.187059200895,0.178672086013,0.168482833919,0.156010657061,0.140239499690,0.118303078691,0.060944281996,,,,,,,,0.057553162104,1.201000000000
118020,0.208734132518,0.208151781626,0.206398472090,0.203454395156,0.199282892882,0.193823797455,0.186981112005,0.178599618974,0.168416990986,0.155952606734,0.140190788291,0.118266355179,0.060933117601,,,,,,,,0.057543361804,1.201000000000
118080,0.208640890816,0.208058960974,0.206306914992,0.203364945774,0.199196399711,0.193741118838,0.186903126832,0.178527247100,0.168351233297,0.155894630212,0.140142137358,0.118229675738,0.060921971613,,,,,,,,0.057533580782,1.201000000000
118140,0.208547776368,0.207966266911,0.206215482488,0.203275617672,0.199110023197,0.193658550953,0.186825245168,0.178454970203,0.168285560686,0.155836727351,0.140093546777,0.118193040287,0.060910843990,,,,,,,,0.057523818988,1.201000000000
118200,0.208454788913,0.207873699178,0.206124174325,0.203186410604,0.199023763101,0.193576093576,0.186747466808,0.178382788094,0.168219972984,0.155778898010,0.140045016432,0.118156448743,0.060899734688,,,,,,,,0.057514076372,1.201000000000
118260,0.208361928194,0.207781257518,0.206032990250,0.203097324324,0.198937619190,0.193493746485,0.186669791544,0.178310700587,0.168154470027,0.155721142046,0.139996546211,0.118119901027,0.060888643663,,,,,,,,0.057504352887,1.201000000000
118320,0.208269193952,0.207688941673,0.205941930011,0.203008358588,0.198851591229,0.193411509458,0.186592219171,0.178238707494,0.168089051648,0.155663459317,0.139948135999,0.118083397056,0.060877570874,,,,,,,,0.057494648481,1.201000000000
118380,0.208176585929,0.207596751389,0.205850993355,0.202919513151,0.198765678984,0.193329382275,0.186514749483,0.178166808628,0.168023717681,0.155605849684,0.139899785681,0.118046936750,0.060866516277,,,,,,,,0.057484963106,1.201000000000
118440,0.208084103869,0.207504686408,0.205760180033,0.202830787769,0.198679882220,0.193247364715,0.186437382277,0.178095003804,0.167958467962,0.155548313004,0.139851495145,0.118010520028,0.060855479829,,,,,,,,0.057475296713,1.201000000000
118500,0.207991747514,0.207412746478,0.205669489793,0.202742182200,0.198594200707,0.193165456558,0.186360117348,0.178023292835,0.167893302327,0.155490849137,0.139803264278,0.117974146809,0.060844461488,,,,,,,,0.057465649254,1.201000000000
118560,0.207899516611,0.207320931343,0.205578922387,0.202653696201,0.198508634210,0.193083657585,0.186282954493,0.177951675536,0.167828220610,0.155433457943,0.139755092966,0.117937817014,0.060833461211,,,,,,,,0.057456020679,1.201000000000
118620,0.207807410903,0.207229240750,0.205488477564,0.202565329530,0.198423182500,0.193001967578,0.186205893508,0.177880151724,0.167763222649,0.155376139282,0.139706981097,0.117901530561,0.060822478956,,,,,,,,0.057446410941,1.201000000000
118680,0.207715430137,0.207137674447,0.205398155077,0.202477081947,0.198337845344,0.192920386319,0.186128934191,0.177808721212,0.167698308280,0.155318893014,0.139658928559,0.117865287371,0.060811514681,,,,,,,,0.057436819990,1.201000000000
118740,0.207623574059,0.207046232181,0.205307954678,0.202388953211,0.198252622513,0.192838913589,0.186052076340,0.177737383819,0.167633477340,0.155261719001,0.139610935240,0.117829087365,0.060800568343,,,,,,,,0.057427247780,1.201000000000
118800,0.207531842416,0.206954913701,0.205217876120,0.202300943082,0.198167513776,0.192757549172,0.185975319753,0.177666139359,0.167568729667,0.155204617104,0.139563001027,0.117792930462,0.060789639901,,,,,,,,0.057417694261,1.201000000000
118860,0.207440234957,0.206863718757,0.205127919157,0.202213051321,0.198082518905,0.192676292852,0.185898664231,0.177594987652,0.167504065098,0.155147587183,0.139515125810,0.117756816584,0.060778729313,,,,,,,,0.057408159386,1.201000000000
118920,0.207348751429,0.206772647098,0.205038083542,0.202125277690,0.197997637671,0.192595144413,0.185822109571,0.177523928513,0.167439483473,0.155090629102,0.139467309478,0.117720745650,0.060767836537,,,,,,,,0.057398643107,1.201000000000
118980,0.207257391581,0.206681698475,0.204948369031,0.202037621950,0.197912869846,0.192514103639,0.185745655575,0.177452961762,0.167374984629,0.155033742721,0.139419551919,0.117684717583,0.060756961531,,,,,,,,0.057389145377,1.201000000000
119040,0.207166155165,0.206590872638,0.204858775380,0.201950083865,0.197828215203,0.192433170315,0.185669302043,0.177382087217,0.167310568407,0.154976927905,0.139371853022,0.117648732304,0.060746104254,,,,,,,,0.057379666148,1.201000000000
119100,0.207075041929,0.206500169341,0.204769302344,0.201862663197,0.197743673514,0.192352344229,0.185593048776,0.177311304697,0.167246234645,0.154920184516,0.139324212678,0.117612789733,0.060735264665,,,,,,,,0.057370205373,1.201000000000
119160,0.206984051625,0.206409588336,0.204679949681,0.201775359710,0.197659244555,0.192271625165,0.185516895576,0.177240614021,0.167181983183,0.154863512416,0.139276630776,0.117576889793,0.060724442723,,,,,,,,0.057360763005,1.201000000000
119220,0.206893184006,0.206319129375,0.204590717147,0.201688173170,0.197574928098,0.192191012912,0.185440842245,0.177170015010,0.167117813863,0.154806911471,0.139229107206,0.117541032404,0.060713638387,,,,,,,,0.057351338997,1.201000000000
119280,0.206802438822,0.206228792213,0.204501604501,0.201601103341,0.197490723920,0.192110507256,0.185364888586,0.177099507483,0.167053726524,0.154750381543,0.139181641860,0.117505217491,0.060702851614,,,,,,,,0.057341933302,1.201000000000
119340,0.206711815828,0.206138576603,0.204412611502,0.201514149989,0.197406631795,0.192030107985,0.185289034401,0.177029091263,0.166989721009,0.154693922497,0.139134234627,0.117469444973,0.060692082366,,,,,,,,0.057332545873,1.201000000000
119400,0.206621314777,0.206048482302,0.204323737909,0.201427312880,0.197322651500,0.191949814889,0.185213279495,0.176958766169,0.166925797158,0.154637534198,0.139086885398,0.117433714774,0.060681330601,,,,,,,,0.057323176664,1.201000000000
119460,0.206530935424,0.205958509066,0.204234983482,0.201340591782,0.197238782812,0.191869627756,0.185137623672,0.176888532025,0.166861954814,0.154581216510,0.139039594066,0.117398026817,0.060670596278,,,,,,,,0.057313825629,1.201000000000
119520,0.206440677523,0.205868656649,0.204146347982,0.201253986462,0.197155025508,0.191789546376,0.185062066736,0.176818388652,0.166798193819,0.154524969300,0.138992360521,0.117362381024,0.060659879358,,,,,,,,0.057304492721,1.201000000000
119580,0.206350540830,0.205778924810,0.204057831170,0.201167496688,0.197071379366,0.191709570540,0.184986608492,0.176748335872,0.166734514016,0.154468792432,0.138945184655,0.117326777317,0.060649179799,,,,,,,,0.057295177894,1.201000000000
119640,0.206260525101,0.205689313306,0.203969432807,0.201081122229,0.196987844164,0.191629700038,0.184911248747,0.176678373510,0.166670915248,0.154412685773,0.138898066360,0.117291215621,0.060638497562,,,,,,,,0.057285881102,1.201000000000
119700,0.206170630094,0.205599821896,0.203881152657,0.200994862855,0.196904419681,0.191549934661,0.184835987307,0.176608501388,0.166607397359,0.154356649189,0.138851005529,0.117255695859,0.060627832607,,,,,,,,0.057276602300,1.201000000000
119760,0.206080855566,0.205510450337,0.203792990482,0.200908718335,0.196821105698,0.191470274202,0.184760823978,0.176538719332,0.166543960192,0.154300682547,0.138804002055,0.117220217953,0.060617184893,,,,,,,,0.057267341441,1.201000000000
119820,0.205991201275,0.205421198391,0.203704946047,0.200822688441,0.196737901993,0.191390718452,0.184685758567,0.176469027165,0.166480603593,0.154244785714,0.138757055829,0.117184781828,0.060606554381,,,,,,,,0.057258098480,1.201000000000
119880,0.205901666979,0.205332065818,0.203617019115,0.200736772943,0.196654808349,0.191311267205,0.184610790882,0.176399424712,0.166417327406,0.154188958556,0.138710166745,0.117149387407,0.060595941032,,,,,,,,0.057248873372,1.201000000000
119940,0.205812252439,0.205243052377,0.203529209451,0.200650971613,0.196571824546,0.191231920254,0.184535920732,0.176329911798,0.166354131476,0.154133200943,0.138663334698,0.117114034615,0.060585344805,,,,,,,,0.057239666072,1.201000000000
120000,0.205722957415,0.205154157830,0.203441516822,0.200565284224,0.196488950367,0.191152677394,0.184461147925,0.176260488251,0.166291015649,0.154077512741,0.138616559579,0.117078723375,0.060574765661,,,,,,,,0.057230476534,1.201000000000
120060,0.205633781666,0.205065381941,0.203353940992,0.200479710548,0.196406185593,0.191073538418,0.184386472270,0.176191153895,0.166227979771,0.154021893819,0.138569841284,0.117043453613,0.060564203561,,,,,,,,0.057221304714,1.201000000000
120120,0.205544724955,0.204976724470,0.203266481730,0.200394250360,0.196323530008,0.190994503122,0.184311893576,0.176121908558,0.166165023687,0.153966344047,0.138523179705,0.117008225252,0.060553658465,,,,,,,,0.057212150566,1.201000000000
120180,0.205455787043,0.204888185182,0.203179138802,0.200308903433,0.196240983395,0.190915571302,0.184237411655,0.176052752066,0.166102147246,0.153910863291,0.138476574739,0.116973038219,0.060543130335,,,,,,,,0.057203014046,1.201000000000
120240,0.205366967693,0.204799763840,0.203091911976,0.200223669542,0.196158545539,0.190836742753,0.184163026317,0.175983684248,0.166039350293,0.153855451423,0.138430026279,0.116937892436,0.060532619132,,,,,,,,0.057193895110,1.201000000000
120300,0.205278266669,0.204711460210,0.203004801022,0.200138548462,0.196076216224,0.190758017272,0.184088737372,0.175914704932,0.165976632677,0.153800108312,0.138383534221,0.116902787830,0.060522124816,,,,,,,,0.057184793712,1.201000000000
120360,0.205189683733,0.204623274055,0.202917805708,0.200053539970,0.195993995235,0.190679394657,0.184014544632,0.175845813945,0.165913994246,0.153744833828,0.138337098459,0.116867724327,0.060511647350,,,,,,,,0.057175709809,1.201000000000
120420,0.205101218651,0.204535205143,0.202830925803,0.199968643842,0.195911882359,0.190600874705,0.183940447910,0.175777011118,0.165851434847,0.153689627840,0.138290718889,0.116832701850,0.060501186694,,,,,,,,0.057166643357,1.201000000000
120480,0.205012871187,0.204447253239,0.202744161079,0.199883859855,0.195829877382,0.190522457214,0.183866447017,0.175708296279,0.165788954329,0.153634490220,0.138244395408,0.116797720327,0.060490742809,,,,,,,,0.057157594312,1.201000000000
120540,0.204924641106,0.204359418110,0.202657511307,0.199799187787,0.195747980090,0.190444141983,0.183792541768,0.175639669258,0.165726552542,0.153579420839,0.138198127910,0.116762779683,0.060480315658,,,,,,,,0.057148562629,1.201000000000
120600,0.204836528177,0.204271699524,0.202570976257,0.199714627415,0.195666190271,0.190365928811,0.183718731975,0.175571129885,0.165664229335,0.153524419567,0.138151916292,0.116727879844,0.060469905203,,,,,,,,0.057139548265,1.201000000000
120660,0.204748532164,0.204184097249,0.202484555702,0.199630178519,0.195584507713,0.190287817498,0.183645017453,0.175502677991,0.165601984557,0.153469486277,0.138105760450,0.116693020736,0.060459511404,,,,,,,,0.057130551176,1.201000000000
120720,0.204660652835,0.204096611053,0.202398249416,0.199545840878,0.195502932204,0.190209807845,0.183571398015,0.175434313407,0.165539818059,0.153414620840,0.138059660282,0.116658202286,0.060449134225,,,,,,,,0.057121571319,1.201000000000
120780,0.204572889959,0.204009240707,0.202312057171,0.199461614271,0.195421463535,0.190131899652,0.183497873477,0.175366035965,0.165477729691,0.153359823128,0.138013615684,0.116623424421,0.060438773627,,,,,,,,0.057112608651,1.201000000000
120840,0.204485243305,0.203921985980,0.202225978740,0.199377498481,0.195340101493,0.190054092720,0.183424443655,0.175297845496,0.165415719305,0.153305093014,0.137967626554,0.116588687066,0.060428429572,,,,,,,,0.057103663128,1.201000000000
120900,0.204397712640,0.203834846643,0.202140013900,0.199293493286,0.195258845871,0.189976386851,0.183351108364,0.175229741834,0.165353786751,0.153250430372,0.137921692788,0.116553990150,0.060418102023,,,,,,,,0.057094734707,1.201000000000
120960,0.204310297736,0.203747822466,0.202054162424,0.199209598470,0.195177696457,0.189898781847,0.183277867420,0.175161724809,0.165291931881,0.153195835073,0.137875814286,0.116519333598,0.060407790942,,,,,,,,0.057085823346,1.201000000000
121020,0.204222998363,0.203660913222,0.201968424089,0.199125813815,0.195096653044,0.189821277512,0.183204720640,0.175093794257,0.165230154548,0.153141306991,0.137829990944,0.116484717339,0.060397496291,,,,,,,,0.057076929002,1.201000000000
121080,0.204135814291,0.203574118683,0.201882798670,0.199042139102,0.195015715424,0.189743873649,0.183131667842,0.175025950010,0.165168454603,0.153086846001,0.137784222661,0.116450141299,0.060387218034,,,,,,,,0.057068051631,1.201000000000
121140,0.204048745293,0.203487438622,0.201797285945,0.198958574116,0.194934883387,0.189666570061,0.183058708843,0.174958191903,0.165106831900,0.153032451977,0.137738509336,0.116415605407,0.060376956133,,,,,,,,0.057059191191,1.201000000000
121200,0.203961791140,0.203400872812,0.201711885691,0.198875118640,0.194854156729,0.189589366552,0.182985843462,0.174890519770,0.165045286292,0.152978124791,0.137692850867,0.116381109590,0.060366710551,,,,,,,,0.057050347641,1.201000000000
121260,0.203874951606,0.203314421027,0.201626597686,0.198791772458,0.194773535241,0.189512262928,0.182913071516,0.174822933445,0.164983817631,0.152923864321,0.137647247153,0.116346653777,0.060356481251,,,,,,,,0.057041520937,1.201000000000
121320,0.203788226463,0.203228083043,0.201541421708,0.198708535356,0.194693018718,0.189435258994,0.182840392826,0.174755432765,0.164922425773,0.152869670440,0.137601698094,0.116312237895,0.060346268196,,,,,,,,0.057032711038,1.201000000000
121380,0.203701615486,0.203141858634,0.201456357537,0.198625407120,0.194612606954,0.189358354556,0.182767807211,0.174688017564,0.164861110570,0.152815543023,0.137556203588,0.116277861872,0.060336071349,,,,,,,,0.057023917901,1.201000000000
121440,0.203615118449,0.203055747576,0.201371404952,0.198542387535,0.194532299744,0.189281549419,0.182695314490,0.174620687680,0.164799871879,0.152761481947,0.137510763536,0.116243525638,0.060325890674,,,,,,,,0.057015141485,1.201000000000
121500,0.203528735128,0.202969749646,0.201286563734,0.198459476387,0.194452096884,0.189204843391,0.182622914485,0.174553442948,0.164738709553,0.152707487087,0.137465377838,0.116209229120,0.060315726134,,,,,,,,0.057006381748,1.201000000000
121560,0.203442465298,0.202883864621,0.201201833663,0.198376673465,0.194371998170,0.189128236279,0.182550607016,0.174486283205,0.164677623449,0.152653558320,0.137420046394,0.116174972248,0.060305577693,,,,,,,,0.056997638647,1.201000000000
121620,0.203356308734,0.202798092277,0.201117214520,0.198293978555,0.194292003397,0.189051727891,0.182478391905,0.174419208289,0.164616613421,0.152599695522,0.137374769103,0.116140754951,0.060295445313,,,,,,,,0.056988912143,1.201000000000
121680,0.203270265215,0.202712432394,0.201032706088,0.198211391447,0.194212112364,0.188975318035,0.182406268973,0.174352218038,0.164555679326,0.152545898570,0.137329545868,0.116106577158,0.060285328960,,,,,,,,0.056980202193,1.201000000000
121740,0.203184334518,0.202626884750,0.200948308150,0.198128911928,0.194132324868,0.188899006519,0.182334238042,0.174285312290,0.164494821021,0.152492167342,0.137284376589,0.116072438797,0.060275228597,,,,,,,,0.056971508756,1.201000000000
121800,0.203098516420,0.202541449123,0.200864020487,0.198046539788,0.194052640707,0.188822793154,0.182262298936,0.174218490882,0.164434038361,0.152438501714,0.137239261167,0.116038339800,0.060265144187,,,,,,,,0.056962831791,1.201000000000
121860,0.203012810700,0.202456125295,0.200779842884,0.197964274817,0.193973059679,0.188746677748,0.182190451478,0.174151753655,0.164373331205,0.152384901564,0.137194199503,0.116004280095,0.060255075696,,,,,,,,0.056954171257,1.201000000000
121920,0.202927217137,0.202370913046,0.200695775125,0.197882116806,0.193893581583,0.188670660112,0.182118695491,0.174085100448,0.164312699409,0.152331366771,0.137149191499,0.115970259612,0.060245023087,,,,,,,,0.056945527113,1.201000000000
121980,0.202841735512,0.202285812155,0.200611816995,0.197800065545,0.193814206220,0.188594740056,0.182047030799,0.174018531100,0.164252142831,0.152277897212,0.137104237057,0.115936278281,0.060234986324,,,,,,,,0.056936899318,1.201000000000
122040,0.202756365603,0.202200822406,0.200527968279,0.197718120826,0.193734933389,0.188518917392,0.181975457227,0.173952045452,0.164191661330,0.152224492767,0.137059336080,0.115902336032,0.060224965372,,,,,,,,0.056928287832,1.201000000000
122100,0.202671107193,0.202115943579,0.200444228762,0.197636282441,0.193655762891,0.188443191932,0.181903974600,0.173885643343,0.164131254764,0.152171153315,0.137014488468,0.115868432796,0.060214960195,,,,,,,,0.056919692614,1.201000000000
122160,0.202585960061,0.202031175458,0.200360598231,0.197554550182,0.193576694527,0.188367563487,0.181832582743,0.173819324616,0.164070922992,0.152117878734,0.136969694126,0.115834568504,0.060204970758,,,,,,,,0.056911113624,1.201000000000
122220,0.202500923992,0.201946517825,0.200277076473,0.197472923842,0.193497728098,0.188292031870,0.181761281482,0.173753089111,0.164010665874,0.152064668904,0.136924952956,0.115800743085,0.060194997026,,,,,,,,0.056902550821,1.201000000000
122280,0.202415998766,0.201861970465,0.200193663276,0.197391403216,0.193418863407,0.188216596894,0.181690070643,0.173686936671,0.163950483268,0.152011523705,0.136880264861,0.115766956471,0.060185038964,,,,,,,,0.056894004166,1.201000000000
122340,0.202331184166,0.201777533162,0.200110358426,0.197309988096,0.193340100257,0.188141258372,0.181618950053,0.173620867137,0.163890375035,0.151958443018,0.136835629744,0.115733208593,0.060175096536,,,,,,,,0.056885473618,1.201000000000
122400,0.202246479977,0.201693205700,0.200027161714,0.197228678279,0.193261438451,0.188066016119,0.181547919540,0.173554880352,0.163830341034,0.151905426722,0.136791047509,0.115699499382,0.060165169708,,,,,,,,0.056876959137,1.201000000000
122460,0.202161885985,0.201608987867,0.199944072930,0.197147473560,0.193182877793,0.187990869951,0.181476978931,0.173488976160,0.163770381129,0.151852474699,0.136746518060,0.115665828770,0.060155258445,,,,,,,,0.056868460684,1.201000000000
122520,0.202077401970,0.201524879445,0.199861091859,0.197066373732,0.193104418085,0.187915819679,0.181406128053,0.173423154402,0.163710495177,0.151799586829,0.136702041300,0.115632196686,0.060145362711,,,,,,,,0.056859978220,1.201000000000
122580,0.201993027720,0.201440880223,0.199778218293,0.196985378592,0.193026059133,0.187840865120,0.181335366734,0.173357414923,0.163650683040,0.151746762993,0.136657617133,0.115598603064,0.060135482473,,,,,,,,0.056851511703,1.201000000000
122640,0.201908763020,0.201356989986,0.199695452024,0.196904487938,0.192947800742,0.187766006090,0.181264694805,0.173291757567,0.163590944581,0.151694003074,0.136613245465,0.115565047836,0.060125617695,,,,,,,,0.056843061096,1.201000000000
122700,0.201824607656,0.201273208523,0.199612792843,0.196823701567,0.192869642718,0.187691242406,0.181194112094,0.173226182179,0.163531279661,0.151641306952,0.136568926200,0.115531530932,0.060115768344,,,,,,,,0.056834626359,1.201000000000
122760,0.201740561416,0.201189535623,0.199530240540,0.196743019276,0.192791584867,0.187616573884,0.181123618430,0.173160688603,0.163471688143,0.151588674511,0.136524659242,0.115498052286,0.060105934384,,,,,,,,0.056826207452,1.201000000000
122820,0.201656624087,0.201105971073,0.199447794909,0.196662440864,0.192713626995,0.187542000342,0.181053213645,0.173095276685,0.163412169889,0.151536105632,0.136480444498,0.115464611829,0.060096115783,,,,,,,,0.056817804337,1.201000000000
122880,0.201572795457,0.201022514662,0.199365455742,0.196581966129,0.192635768909,0.187467521597,0.180982897569,0.173029946269,0.163352724763,0.151483600199,0.136436281871,0.115431209494,0.060086312505,,,,,,,,0.056809416974,1.201000000000
122940,0.201489075314,0.200939166182,0.199283222832,0.196501594871,0.192558010418,0.187393137467,0.180912670032,0.172964697204,0.163293352627,0.151431158094,0.136392171269,0.115397845214,0.060076524516,,,,,,,,0.056801045325,1.201000000000
123000,0.201405463448,0.200855925420,0.199201095974,0.196421326890,0.192480351329,0.187318847771,0.180842530866,0.172899529334,0.163234053345,0.151378779201,0.136348112596,0.115364518921,0.060066751783,,,,,,,,0.056792689351,1.201000000000
123060,0.201321959648,0.200772792170,0.199119074962,0.196341161985,0.192402791450,0.187244652328,0.180772479902,0.172834442507,0.163174826782,0.151326463403,0.136304105759,0.115331230549,0.060056994272,,,,,,,,0.056784349014,1.201000000000
123120,0.201238563703,0.200689766221,0.199037159590,0.196261099957,0.192325330591,0.187170550957,0.180702516974,0.172769436569,0.163115672802,0.151274210585,0.136260150664,0.115297980030,0.060047251949,,,,,,,,0.056776024275,1.201000000000
123180,0.201155275406,0.200606847365,0.198955349654,0.196181140609,0.192247968561,0.187096543479,0.180632641914,0.172704511369,0.163056591268,0.151222020630,0.136216247218,0.115264767298,0.060037524780,,,,,,,,0.056767715095,1.201000000000
123240,0.201072094546,0.200524035396,0.198873644949,0.196101283741,0.192170705171,0.187022629714,0.180562854555,0.172639666754,0.162997582047,0.151169893422,0.136172395327,0.115231592286,0.060027812733,,,,,,,,0.056759421437,1.201000000000
123300,0.200989020916,0.200441330105,0.198792045273,0.196021529156,0.192093540230,0.186948809483,0.180493154729,0.172574902572,0.162938645004,0.151117828847,0.136128594898,0.115198454928,0.060018115772,,,,,,,,0.056751143262,1.201000000000
123360,0.200906054308,0.200358731286,0.198710550422,0.195941876656,0.192016473549,0.186875082607,0.180423542272,0.172510218673,0.162879780004,0.151065826789,0.136084845838,0.115165355157,0.060008433866,,,,,,,,0.056742880532,1.201000000000
123420,0.200823194514,0.200276238734,0.198629160193,0.195862326046,0.191939504940,0.186801448908,0.180354017018,0.172445614905,0.162820986913,0.151013887134,0.136041148055,0.115132292907,0.059998766980,,,,,,,,0.056734633210,1.201000000000
123480,0.200740441328,0.200193852241,0.198547874385,0.195782877128,0.191862634215,0.186727908207,0.180284578801,0.172381091117,0.162762265597,0.150962009768,0.135997501457,0.115099268112,0.059989115083,,,,,,,,0.056726401257,1.201000000000
123540,0.200657794544,0.200111571605,0.198466692796,0.195703529707,0.191785861187,0.186654460329,0.180215227456,0.172316647160,0.162703615924,0.150910194575,0.135953905950,0.115066280707,0.059979478139,,,,,,,,0.056718184637,1.201000000000
123600,0.200575253956,0.200029396619,0.198385615225,0.195624283588,0.191709185667,0.186581105095,0.180145962819,0.172252282884,0.162645037760,0.150858441443,0.135910361444,0.115033330626,0.059969856118,,,,,,,,0.056709983310,1.201000000000
123660,0.200492819358,0.199947327081,0.198304641471,0.195545138576,0.191632607469,0.186507842330,0.180076784726,0.172187998138,0.162586530972,0.150806750257,0.135866867846,0.115000417803,0.059960248985,,,,,,,,0.056701797241,1.201000000000
123720,0.200410490546,0.199865362785,0.198223771335,0.195466094476,0.191556126407,0.186434671857,0.180007693014,0.172123792775,0.162528095428,0.150755120904,0.135823425065,0.114967542173,0.059950656709,,,,,,,,0.056693626391,1.201000000000
123780,0.200328267316,0.199783503530,0.198143004616,0.195387151096,0.191479742296,0.186361593500,0.179938687518,0.172059666645,0.162469730996,0.150703553271,0.135780033010,0.114934703670,0.059941079255,,,,,,,,0.056685470724,1.201000000000
123840,0.200246149465,0.199701749114,0.198062341116,0.195308308241,0.191403454949,0.186288607085,0.179869768076,0.171995619600,0.162411437544,0.150652047246,0.135736691589,0.114901902231,0.059931516593,,,,,,,,0.056677330202,1.201000000000
123900,0.200164136789,0.199620099333,0.197981780637,0.195229565719,0.191327264182,0.186215712437,0.179800934527,0.171931651492,0.162353214941,0.150600602715,0.135693400712,0.114869137789,0.059921968689,,,,,,,,0.056669204788,1.201000000000
123960,0.200082229085,0.199538553986,0.197901322979,0.195150923337,0.191251169811,0.186142909382,0.179732186707,0.171867762173,0.162295063056,0.150549219567,0.135650160288,0.114836410280,0.059912435511,,,,,,,,0.056661094445,1.201000000000
124020,0.200000426151,0.199457112873,0.197820967947,0.195072380904,0.191175171652,0.186070197745,0.179663524455,0.171803951496,0.162236981758,0.150497897689,0.135606970227,0.114803719639,0.059902917026,,,,,,,,0.056652999137,1.201000000000
124080,0.199918727787,0.199375775794,0.197740715342,0.194993938228,0.191099269520,0.185997577353,0.179594947610,0.171740219314,0.162178970916,0.150446636970,0.135563830437,0.114771065803,0.059893413203,,,,,,,,0.056644918827,1.201000000000
124140,0.199837133790,0.199294542547,0.197660564968,0.194915595119,0.191023463234,0.185925048034,0.179526456011,0.171676565481,0.162121030400,0.150395437298,0.135520740831,0.114738448706,0.059883924010,,,,,,,,0.056636853479,1.201000000000
124200,0.199755643961,0.199213412935,0.197580516629,0.194837351385,0.190947752610,0.185852609614,0.179458049498,0.171612989849,0.162063160080,0.150344298563,0.135477701316,0.114705868285,0.059874449414,,,,,,,,0.056628803063,1.201000000000
124260,0.199674255841,0.199132354395,0.197500446872,0.194758929286,0.190871638438,0.185779465674,0.179388546492,0.171547811866,0.162003021543,0.150289958106,0.135429978625,0.114665359877,0.059770493394,,,,,,,,0.056620880049,1.200966666667
124320,0.199592966984,0.199051394646,0.197420474489,0.194680602204,0.190795615994,0.185706409252,0.179319125874,0.171482710221,0.161942952354,0.150235679011,0.135382308190,0.114624891990,0.059665922290,,,,,,,,0.056613005552,1.200933333333
124380,0.199511777210,0.198970533506,0.197340599300,0.194602369965,0.190719685112,0.185633440188,0.179249787497,0.171417684779,0.161882952389,0.150181461168,0.135334689922,0.114584464554,0.059560698657,,,,,,,,0.056605155014,1.200900000000
124440,0.199430686335,0.198889770796,0.197260821129,0.194524232396,0.190643845625,0.185560558326,0.179180531211,0.171352735404,0.161823021527,0.150127304473,0.135287123732,0.114544077501,0.059454708041,,,,,,,,0.056597323717,1.200866666667
124500,0.199349694179,0.198809106333,0.197181139796,0.194446189325,0.190568097367,0.185487763507,0.179111356869,0.171287861959,0.161763159644,0.150073208816,0.135239609528,0.114503730708,0.059348007928,,,,,,,,0.056589509694,1.200833333333
124560,0.199268800560,0.198728539939,0.197101555126,0.194368240578,0.190492440172,0.185415055573,0.179042264324,0.171223064308,0.161703366619,0.150019174093,0.135192147223,0.114463423794,0.059240600948,,,,,,,,0.056581711901,1.200800000000
124620,0.199188005299,0.198648071433,0.197022066941,0.194290385984,0.190416873874,0.185342434368,0.178973253428,0.171158342318,0.161643642330,0.149965200196,0.135144736725,0.114423157058,0.059132471880,,,,,,,,0.056573929702,1.200766666667
124680,0.199107308214,0.198567700637,0.196942674947,0.194212625371,0.190341398052,0.185269899734,0.178904323574,0.171093695852,0.161583985745,0.149911287019,0.135097375069,0.114382930434,0.059023605314,,,,,,,,0.056566162672,1.200733333333
124740,0.199026709126,0.198487427372,0.196863378975,0.194134958568,0.190266012556,0.185197451516,0.178835474640,0.171029124777,0.161524396794,0.149857434457,0.135050062324,0.114342743860,0.058913985535,,,,,,,,0.056558410507,1.200700000000
124800,0.198946207857,0.198407251459,0.196784178961,0.194057385404,0.190190717464,0.185125089557,0.178766706918,0.170964628958,0.161464876217,0.149803642403,0.135002801125,0.114302597276,0.058803596445,,,,,,,,0.056550672981,1.200666666667
124860,0.198865804227,0.198327172721,0.196705074730,0.193979905709,0.190115512611,0.185052813701,0.178698020262,0.170900208261,0.161405423895,0.149749910752,0.134955591385,0.114262490309,0.058692421521,,,,,,,,0.056542949916,1.200633333333
124920,0.198785498057,0.198247190981,0.196626066107,0.193902519312,0.190040397836,0.184980623794,0.178629414526,0.170835862553,0.161346039705,0.149696239399,0.134908433013,0.114222423110,0.058580443772,,,,,,,,0.056535241165,1.200600000000
124980,0.198705289171,0.198167306060,0.196547152918,0.193825226045,0.189965372973,0.184908519681,0.178560889567,0.170771591699,0.161286723530,0.149642628240,0.134861325923,0.114182395721,0.058467518768,,,,,,,,0.056527546611,1.200566666667
125040,0.198625177390,0.198087517784,0.196468334990,0.193748025738,0.189890437862,0.184836501206,0.178492445238,0.170707395568,0.161227475248,0.149589077168,0.134814270027,0.114142408082,0.058353739246,,,,,,,,0.056519866148,1.200533333333
125100,0.198545162537,0.198007825974,0.196389612149,0.193670918222,0.189815592338,0.184764568216,0.178424081395,0.170643274026,0.161168294740,0.149535586063,0.134767265238,0.114102460133,0.058239095773,,,,,,,,0.056512199688,1.200500000000
125160,0.198465244436,0.197928230457,0.196310984221,0.193593903329,0.189740836241,0.184692720557,0.178355797896,0.170579226941,0.161109181888,0.149482152018,0.134720311467,0.114062551658,0.058123568774,,,,,,,,0.056504547152,1.200466666667
125220,0.198385422911,0.197848731056,0.196232451035,0.193516980891,0.189666169409,0.184620958075,0.178287594596,0.170515254181,0.161050136572,0.149428777751,0.134673408629,0.114022682490,0.058007138035,,,,,,,,0.056496908467,1.200433333333
125280,0.198305697784,0.197769327596,0.196154012419,0.193440150740,0.189591591680,0.184549280617,0.178219471351,0.170451354561,0.160991158674,0.149375463158,0.134626556637,0.113982852826,0.057889782669,,,,,,,,0.056489283568,1.200400000000
125340,0.198226068882,0.197690019904,0.196075668200,0.193363412710,0.189517102893,0.184477688031,0.178151428019,0.170387528835,0.160932248075,0.149322208136,0.134579755405,0.113943062603,0.057771481090,,,,,,,,0.056481672395,1.200366666667
125400,0.198146536029,0.197610807804,0.195997418207,0.193286766632,0.189442702889,0.184406180164,0.178083464458,0.170323777040,0.160873404658,0.149269012581,0.134533004845,0.113903311756,0.057652210973,,,,,,,,0.056474074891,1.200333333333
125460,0.198067099051,0.197531691123,0.195919262269,0.193210212342,0.189368391507,0.184334756863,0.178015580524,0.170260099047,0.160814628304,0.149215876390,0.134486304861,0.113863600221,0.057531949227,,,,,,,,0.056466491003,1.200300000000
125520,0.197987757773,0.197452669689,0.195841200215,0.193133749672,0.189294168587,0.184263417311,0.177947776077,0.170196494723,0.160755918896,0.149162799461,0.134439649802,0.113823927523,0.057410507949,,,,,,,,0.056458920682,1.200266666667
125580,0.197908512021,0.197373743327,0.195763231877,0.193057378458,0.189220033970,0.184192162025,0.177880050974,0.170132963939,0.160697276316,0.149109781691,0.134393045164,0.113784294004,0.057288014296,,,,,,,,0.056451363879,1.200233333333
125640,0.197829361622,0.197294911866,0.195685357083,0.192981098533,0.189145987497,0.184120990852,0.177812405074,0.170069506566,0.160638700448,0.149056822977,0.134346490863,0.113744699600,0.057164444946,,,,,,,,0.056443820549,1.200200000000
125700,0.197750306404,0.197216175134,0.195607575664,0.192904909734,0.189072029010,0.184049903643,0.177744838236,0.170006122472,0.160580190073,0.149003923218,0.134299986812,0.113705144247,0.057039772694,,,,,,,,0.056436290648,1.200166666667
125760,0.197671346193,0.197137532958,0.195529887452,0.192828811896,0.188998158350,0.183978900247,0.177677350319,0.169942811530,0.160521745518,0.148951082312,0.134253532928,0.113665627877,0.056913969308,,,,,,,,0.056428774134,1.200133333333
125820,0.197592480818,0.197058985168,0.195452292278,0.192752804854,0.188924375359,0.183907980513,0.177609941184,0.169879573609,0.160463367327,0.148898300157,0.134207129127,0.113626150178,0.056787005487,,,,,,,,0.056421270965,1.200100000000
125880,0.197513710107,0.196980531593,0.195374789973,0.192676888445,0.188850679880,0.183837144293,0.177542610690,0.169816408581,0.160405055384,0.148845576651,0.134160775323,0.113586711164,0.056658850801,,,,,,,,0.056413781101,1.200066666667
125940,0.197435033888,0.196902172062,0.195297380371,0.192601062506,0.188777071756,0.183766391438,0.177475358697,0.169753316319,0.160346809574,0.148792911695,0.134114471434,0.113547310935,0.056529473636,,,,,,,,0.056406304503,1.200033333333
126000,0.197356451990,0.196823906406,0.195220063303,0.192525326873,0.188703550830,0.183695721797,0.177408185067,0.169690296692,0.160288629780,0.148740305186,0.134068217375,0.113507949424,,,,,,,,,0.056398841117,1.200000000000
126060,0.197277966423,0.196745766201,0.195142959863,0.192449954020,0.188630607770,0.183625918520,0.177342252231,0.169629003946,0.160232821161,0.148690973891,0.134026691656,0.113476535819,,,,,,,,,0.056391281842,1.200000000000
126120,0.197199579183,0.196667723822,0.195065952748,0.192374674992,0.188557755046,0.183556201099,0.177276399783,0.169567785108,0.160177078909,0.148641700230,0.133985213342,0.113445156989,,,,,,,,,0.056383703316,1.200000000000
126180,0.197121290085,0.196589779086,0.194989041776,0.192299489614,0.188484992488,0.183486569376,0.177210627574,0.169506640044,0.160121402903,0.148592484100,0.133943782350,0.113413812872,,,,,,,,,0.056376129134,1.200000000000
126240,0.197043098945,0.196511931807,0.194912226766,0.192224397710,0.188412319928,0.183417023191,0.177144935456,0.169445568617,0.160065793023,0.148543325399,0.133902398596,0.113382503408,,,,,,,,,0.056368563751,1.200000000000
126300,0.196965005577,0.196434181803,0.194835507538,0.192149399104,0.188339737198,0.183347562385,0.177079323281,0.169384570693,0.160010249150,0.148494224024,0.133861061999,0.113351228536,,,,,,,,,0.056361008984,1.200000000000
126360,0.196887009796,0.196356528889,0.194758883911,0.192074493622,0.188267244129,0.183278186799,0.177013790901,0.169323646138,0.159954771163,0.148445179872,0.133819772478,0.113319988194,,,,,,,,,0.056353465764,1.200000000000
126420,0.196809111419,0.196278972884,0.194682355705,0.191999681088,0.188194840555,0.183208896274,0.176948338169,0.169262794816,0.159899358943,0.148396192843,0.133778529949,0.113288782320,,,,,,,,,0.056345934633,1.200000000000
126480,0.196731310264,0.196201513604,0.194605922742,0.191924961329,0.188122526308,0.183139690654,0.176882964938,0.169202016595,0.159844012372,0.148347262833,0.133737334332,0.113257610849,,,,,,,,,0.056338415930,1.200000000000
126540,0.196653606145,0.196124150868,0.194529584843,0.191850334171,0.188050301222,0.183070569780,0.176817671062,0.169141311341,0.159788731331,0.148298389742,0.133696185545,0.113226473714,,,,,,,,,0.056330909878,1.200000000000
126600,0.196575998882,0.196046884494,0.194453341829,0.191775799440,0.187978165130,0.183001533494,0.176752456394,0.169080678919,0.159733515701,0.148249573469,0.133655083506,0.113195370848,,,,,,,,,0.056323416629,1.200000000000
126660,0.196498488292,0.195969714302,0.194377193521,0.191701356963,0.187906117866,0.182932581642,0.176687320789,0.169020119199,0.159678365365,0.148200813911,0.133614028135,0.113164302181,,,,,,,,,0.056315936288,1.200000000000
126720,0.196421074193,0.195892640110,0.194301139743,0.191627006569,0.187834159266,0.182863714065,0.176622264101,0.168959632046,0.159623280204,0.148152110969,0.133573019349,0.113133267647,,,,,,,,,0.056308468926,1.200000000000
126780,0.196343756405,0.195815661738,0.194225180318,0.191552748085,0.187762289164,0.182794930608,0.176557286185,0.168899217328,0.159568260101,0.148103464543,0.133532057068,0.113102267177,,,,,,,,,0.056301014593,1.200000000000
126840,0.196266534746,0.195738779008,0.194149315069,0.191478581339,0.187690507396,0.182726231116,0.176492386896,0.168838874914,0.159513304939,0.148054874531,0.133491141212,0.113071300703,,,,,,,,,0.056293573324,1.200000000000
126900,0.196189409036,0.195661991738,0.194073543819,0.191404506161,0.187618813797,0.182657615433,0.176427566091,0.168778604672,0.159458414601,0.148006340834,0.133450271698,0.113040368160,,,,,,,,,0.056286145139,1.200000000000
126960,0.196112379096,0.195585299752,0.193997866392,0.191330522379,0.187547208203,0.182589083404,0.176362823624,0.168718406470,0.159403588970,0.147957863351,0.133409448447,0.113009469481,,,,,,,,,0.056278730049,1.200000000000
127020,0.196035444746,0.195508702869,0.193922282614,0.191256629823,0.187475690452,0.182520634875,0.176298159352,0.168658280178,0.159348827929,0.147909441984,0.133368671378,0.112978604602,,,,,,,,,0.056271328060,1.200000000000
127080,0.195958605806,0.195432200913,0.193846792310,0.191182828324,0.187404260380,0.182452269691,0.176233573132,0.168598225664,0.159294131363,0.147861076633,0.133327940410,0.112947773459,,,,,,,,,0.056263939171,1.200000000000
127140,0.195881862100,0.195355793705,0.193771395304,0.191109117711,0.187332917825,0.182383987699,0.176169064820,0.168538242799,0.159239499156,0.147812767199,0.133287255463,0.112916975989,,,,,,,,,0.056256563374,1.200000000000
127200,0.195805213447,0.195279481070,0.193696091424,0.191035497815,0.187261662624,0.182315788745,0.176104634275,0.168478331452,0.159184931191,0.147764513583,0.133246616456,0.112886212130,,,,,,,,,0.056249200663,1.200000000000
127260,0.195728659672,0.195203262829,0.193620880494,0.190961968468,0.187190494615,0.182247672677,0.176040281353,0.168418491493,0.159130427355,0.147716315685,0.133206023309,0.112855481822,,,,,,,,,0.056241851023,1.200000000000
127320,0.195652200596,0.195127138807,0.193545762342,0.190888529502,0.187119413638,0.182179639342,0.175976005913,0.168358722793,0.159075987531,0.147668173409,0.133165475942,0.112824785003,,,,,,,,,0.056234514440,1.200000000000
127380,0.195575836042,0.195051108828,0.193470736795,0.190815180748,0.187048419531,0.182111688587,0.175911807813,0.168299025223,0.159021611606,0.147620086656,0.133124974274,0.112794121614,,,,,,,,,0.056227190898,1.200000000000
127440,0.195499565835,0.194975172717,0.193395803681,0.190741922039,0.186977512133,0.182043820260,0.175847686912,0.168239398654,0.158967299464,0.147572055326,0.133084518225,0.112763491595,,,,,,,,,0.056219880379,1.200000000000
127500,0.195423389799,0.194899330298,0.193320962828,0.190668753209,0.186906691284,0.181976034211,0.175783643068,0.168179842957,0.158913050991,0.147524079324,0.133044107716,0.112732894889,,,,,,,,,0.056212582861,1.200000000000
127560,0.195347307758,0.194823581397,0.193246214063,0.190595674089,0.186835956825,0.181908330287,0.175719676142,0.168120358004,0.158858866074,0.147476158551,0.133003742667,0.112702331437,,,,,,,,,0.056205298325,1.200000000000
127620,0.195271319536,0.194747925841,0.193171557217,0.190522684515,0.186765308595,0.181840708338,0.175655785992,0.168060943668,0.158804744599,0.147428292910,0.132963422999,0.112671801181,,,,,,,,,0.056198026748,1.200000000000
127680,0.195195424960,0.194672363455,0.193096992117,0.190449784319,0.186694746436,0.181773168214,0.175591972479,0.168001599820,0.158750686452,0.147380482303,0.132923148631,0.112641304064,,,,,,,,,0.056190768108,1.200000000000
127740,0.195119623854,0.194596894066,0.193022518595,0.190376973338,0.186624270189,0.181705709764,0.175528235463,0.167942326332,0.158696691520,0.147332726634,0.132882919484,0.112610840029,,,,,,,,,0.056183522381,1.200000000000
127800,0.195043916046,0.194521517501,0.192948136480,0.190304251405,0.186553879696,0.181638332839,0.175464574805,0.167883123080,0.158642759691,0.147285025806,0.132842735481,0.112580409020,,,,,,,,,0.056176289542,1.200000000000
127860,0.194968301362,0.194446233589,0.192873845602,0.190231618356,0.186483574798,0.181571037290,0.175400990366,0.167823989934,0.158588890851,0.147237379722,0.132802596540,0.112550010980,,,,,,,,,0.056169069567,1.200000000000
127920,0.194892779629,0.194371042156,0.192799645792,0.190159074026,0.186413355339,0.181503822966,0.175337482007,0.167764926770,0.158535084889,0.147189788287,0.132762502585,0.112519645854,,,,,,,,,0.056161862431,1.200000000000
127980,0.194817350674,0.194295943032,0.192725536882,0.190086618253,0.186343221161,0.181436689721,0.175274049590,0.167705933460,0.158481341693,0.147142251403,0.132722453536,0.112489313586,,,,,,,,,0.056154668108,1.200000000000
128040,0.194742014325,0.194220936045,0.192651518704,0.190014250872,0.186273172106,0.181369637404,0.175210692978,0.167647009879,0.158427661150,0.147094768976,0.132682449314,0.112459014120,,,,,,,,,0.056147486572,1.200000000000
128100,0.194666770411,0.194146021024,0.192577591089,0.189941971720,0.186203208020,0.181302665869,0.175147412031,0.167588155902,0.158374043149,0.147047340909,0.132642489843,0.112428747401,,,,,,,,,0.056140317797,1.200000000000
128160,0.194591618760,0.194071197800,0.192503753870,0.189869780634,0.186133328745,0.181235774968,0.175084206613,0.167529371403,0.158320487578,0.146999967106,0.132602575043,0.112398513375,,,,,,,,,0.056133161757,1.200000000000
128220,0.194516559202,0.193996466202,0.192430006881,0.189797677453,0.186063534125,0.181168964553,0.175021076588,0.167470656258,0.158266994328,0.146952647473,0.132562704837,0.112368311986,,,,,,,,,0.056126018424,1.200000000000
128280,0.194441591565,0.193921826061,0.192356349953,0.189725662014,0.185993824007,0.181102234478,0.174958021818,0.167412010341,0.158213563286,0.146905381915,0.132522879148,0.112338143180,,,,,,,,,0.056118887772,1.200000000000
128340,0.194366715681,0.193847277207,0.192282782923,0.189653734156,0.185924198234,0.181035584596,0.174895042167,0.167353433529,0.158160194343,0.146858170336,0.132483097898,0.112308006902,,,,,,,,,0.056111769774,1.200000000000
128400,0.194291931379,0.193772819472,0.192209305622,0.189581893718,0.185854656653,0.180969014761,0.174832137499,0.167294925697,0.158106887388,0.146811012643,0.132443361010,0.112277903099,,,,,,,,,0.056104664403,1.200000000000
128460,0.194217238490,0.193698452688,0.192135917886,0.189510140539,0.185785199108,0.180902524828,0.174769307678,0.167236486721,0.158053642312,0.146763908739,0.132403668406,0.112247831716,,,,,,,,,0.056097571631,1.200000000000
128520,0.194142636845,0.193624176687,0.192062619551,0.189438474458,0.185715825447,0.180836114649,0.174706552569,0.167178116479,0.158000459003,0.146716858532,0.132364020011,0.112217792699,,,,,,,,,0.056090491432,1.200000000000
128580,0.194068126276,0.193549991302,0.191989410450,0.189366895316,0.185646535515,0.180769784082,0.174643872037,0.167119814847,0.157947337354,0.146669861927,0.132324415747,0.112187785995,,,,,,,,,0.056083423777,1.200000000000
128640,0.193993706614,0.193475896364,0.191916290421,0.189295402954,0.185577329160,0.180703532980,0.174581265948,0.167061581701,0.157894277254,0.146622918831,0.132284855539,0.112157811549,,,,,,,,,0.056076368638,1.200000000000
128700,0.193919377694,0.193401891709,0.191843259298,0.189223997211,0.185508206229,0.180637361199,0.174518734166,0.167003416921,0.157841278595,0.146576029149,0.132245339310,0.112127869309,,,,,,,,,0.056069325990,1.200000000000
128760,0.193845139346,0.193327977169,0.191770316919,0.189152677929,0.185439166569,0.180571268596,0.174456276558,0.166945320382,0.157788341268,0.146529192788,0.132205866983,0.112097959221,,,,,,,,,0.056062295803,1.200000000000
128820,0.193770991404,0.193254152578,0.191697463121,0.189081444949,0.185370210029,0.180505255026,0.174393892990,0.166887291964,0.157735465165,0.146482409656,0.132166438484,0.112068081231,,,,,,,,,0.056055278051,1.200000000000
128880,0.193696933703,0.193180417771,0.191624697741,0.189010298115,0.185301336456,0.180439320345,0.174331583328,0.166829331544,0.157682650176,0.146435679658,0.132127053737,0.112038235287,,,,,,,,,0.056048272705,1.200000000000
128940,0.193622966075,0.193106772584,0.191552020617,0.188939237267,0.185232545700,0.180373464412,0.174269347440,0.166771439001,0.157629896195,0.146389002703,0.132087712666,0.112008421335,,,,,,,,,0.056041279738,1.200000000000
129000,0.193549088356,0.193033216851,0.191479431586,0.188868262249,0.185163837611,0.180307687083,0.174207185192,0.166713614214,0.157577203114,0.146342378698,0.132048415196,0.111978639323,,,,,,,,,0.056034299123,1.200000000000
129060,0.193475300380,0.192959750408,0.191406930488,0.188797372904,0.185095212036,0.180241988216,0.174145096453,0.166655857061,0.157524570824,0.146295807550,0.132009161252,0.111948889198,,,,,,,,,0.056027330831,1.200000000000
129120,0.193401601982,0.192886373092,0.191334517161,0.188726569074,0.185026668826,0.180176367668,0.174083081089,0.166598167424,0.157471999219,0.146249289167,0.131969950760,0.111919170907,,,,,,,,,0.056020374835,1.200000000000
129180,0.193327992999,0.192813084738,0.191262191444,0.188655850605,0.184958207831,0.180110825299,0.174021138969,0.166540545180,0.157419488192,0.146202823457,0.131930783644,0.111889484398,,,,,,,,,0.056013431107,1.200000000000
129240,0.193254473265,0.192739885184,0.191189953178,0.188585217340,0.184889828903,0.180045360966,0.173959269962,0.166482990210,0.157367037636,0.146156410329,0.131891659830,0.111859829618,,,,,,,,,0.056006499620,1.200000000000
129300,0.193181042618,0.192666774267,0.191117802201,0.188514669124,0.184821531890,0.179979974529,0.173897473936,0.166425502395,0.157314647444,0.146110049691,0.131852579244,0.111830206515,,,,,,,,,0.055999580346,1.200000000000
129360,0.193107700894,0.192593751825,0.191045738355,0.188444205801,0.184753316646,0.179914665846,0.173835750760,0.166368081614,0.157262317510,0.146063741451,0.131813541813,0.111800615037,,,,,,,,,0.055992673258,1.200000000000
129420,0.193034447930,0.192520817696,0.190973761481,0.188373827217,0.184685183021,0.179849434778,0.173774100303,0.166310727750,0.157210047729,0.146017485519,0.131774547461,0.111771055131,,,,,,,,,0.055985778328,1.200000000000
129480,0.192961283564,0.192447971718,0.190901871419,0.188303533219,0.184617130868,0.179784281185,0.173712522436,0.166253440682,0.157157837994,0.145971281804,0.131735596115,0.111741526746,,,,,,,,,0.055978895528,1.200000000000
129540,0.192888207634,0.192375213730,0.190830068011,0.188233323650,0.184549160038,0.179719204926,0.173651017028,0.166196220292,0.157105688199,0.145925130214,0.131696687702,0.111712029830,,,,,,,,,0.055972024831,1.200000000000
129600,0.192815219979,0.192302543572,0.190758351099,0.188163198359,0.184481270385,0.179654205862,0.173589583950,0.166139066461,0.157053598240,0.145879030660,0.131657822148,0.111682564331,,,,,,,,,0.055965166210,1.200000000000
129660,0.192742320436,0.192229961083,0.190686720526,0.188093157193,0.184413461761,0.179589283855,0.173528223072,0.166081979073,0.157001568012,0.145832983052,0.131618999381,0.111653130197,,,,,,,,,0.055958319636,1.200000000000
129720,0.192669508846,0.192157466102,0.190615176134,0.188023199997,0.184345734019,0.179524438765,0.173466934265,0.166024958008,0.156949597409,0.145786987298,0.131580219327,0.111623727377,,,,,,,,,0.055951485084,1.200000000000
129780,0.192596785047,0.192085058472,0.190543717766,0.187953326620,0.184278087015,0.179459670455,0.173405717400,0.165968003150,0.156897686327,0.145741043309,0.131541481913,0.111594355819,,,,,,,,,0.055944662525,1.200000000000
129840,0.192524148880,0.192012738031,0.190472345265,0.187883536909,0.184210520600,0.179394978785,0.173344572348,0.165911114381,0.156845834662,0.145695150997,0.131502787068,0.111565015473,,,,,,,,,0.055937851933,1.200000000000
129900,0.192451600184,0.191940504622,0.190401058476,0.187813830713,0.184143034631,0.179330363619,0.173283498983,0.165854291584,0.156794042310,0.145649310270,0.131464134717,0.111535706286,,,,,,,,,0.055931053279,1.200000000000
129960,0.192379138801,0.191868358086,0.190329857243,0.187744207881,0.184075628961,0.179265824819,0.173222497174,0.165797534642,0.156742309166,0.145603521040,0.131425524790,0.111506428207,,,,,,,,,0.055924266537,1.200000000000
130020,0.192306764571,0.191796298264,0.190258741410,0.187674668261,0.184008303445,0.179201362248,0.173161566796,0.165740843439,0.156690635127,0.145557783218,0.131386957214,0.111477181187,,,,,,,,,0.055917491681,1.200000000000
130080,0.192234477336,0.191724325000,0.190187710822,0.187605211702,0.183941057940,0.179136975769,0.173100707721,0.165684217859,0.156639020090,0.145512096715,0.131348431916,0.111447965173,,,,,,,,,0.055910728682,1.200000000000
130140,0.192162276938,0.191652438136,0.190116765324,0.187535838055,0.183873892301,0.179072665245,0.173039919821,0.165627657786,0.156587463952,0.145466461442,0.131309948826,0.111418780114,,,,,,,,,0.055903977513,1.200000000000
130200,0.192090163218,0.191580637515,0.190045904763,0.187466547169,0.183806806384,0.179008430541,0.172979202970,0.165571163104,0.156535966609,0.145420877312,0.131271507872,0.111389625961,,,,,,,,,0.055897238149,1.200000000000
130260,0.192018136020,0.191508922979,0.189975128983,0.187397338895,0.183739800045,0.178944271520,0.172918557042,0.165514733698,0.156484527959,0.145375344235,0.131233108982,0.111360502662,,,,,,,,,0.055890510561,1.200000000000
130320,0.191946195187,0.191437294374,0.189904437832,0.187328213083,0.183672873142,0.178880188048,0.172857981910,0.165458369453,0.156433147899,0.145329862124,0.131194752085,0.111331410168,,,,,,,,,0.055883794724,1.200000000000
130380,0.191874340560,0.191365751543,0.189833831157,0.187259169585,0.183606025530,0.178816179989,0.172797477449,0.165402070253,0.156381826328,0.145284430891,0.131156437109,0.111302348426,,,,,,,,,0.055877090610,1.200000000000
130440,0.191802571985,0.191294294331,0.189763308804,0.187190208252,0.183539257069,0.178752247207,0.172737043533,0.165345835985,0.156330563143,0.145239050448,0.131118163985,0.111273317388,,,,,,,,,0.055870398193,1.200000000000
130500,0.191730889306,0.191222922583,0.189692870621,0.187121328936,0.183472567615,0.178688389570,0.172676680037,0.165289666534,0.156279358243,0.145193720708,0.131079932641,0.111244317003,,,,,,,,,0.055863717446,1.200000000000
130560,0.191659292365,0.191151636143,0.189622516455,0.187052531489,0.183405957027,0.178624606942,0.172616386836,0.165233561786,0.156228211526,0.145148441583,0.131041743007,0.111215347221,,,,,,,,,0.055857048342,1.200000000000
130620,0.191587781010,0.191080434858,0.189552246156,0.186983815764,0.183339425163,0.178560899189,0.172556163805,0.165177521627,0.156177122890,0.145103212988,0.131003595012,0.111186407992,,,,,,,,,0.055850390856,1.200000000000
130680,0.191516355083,0.191009318574,0.189482059571,0.186915181612,0.183272971883,0.178497266178,0.172496010820,0.165121545944,0.156126092236,0.145058034834,0.130965488585,0.111157499266,,,,,,,,,0.055843744959,1.200000000000
130740,0.191445014432,0.190938287136,0.189411956550,0.186846628888,0.183206597044,0.178433707776,0.172435927757,0.165065634624,0.156075119461,0.145012907035,0.130927423658,0.111128620993,,,,,,,,,0.055837110627,1.200000000000
130800,0.191373758902,0.190867340392,0.189341936941,0.186778157446,0.183140300507,0.178370223849,0.172375914491,0.165009787552,0.156024204465,0.144967829505,0.130889400159,0.111099773123,,,,,,,,,0.055830487833,1.200000000000
130860,0.191302588339,0.190796478189,0.189272000595,0.186709767138,0.183074082131,0.178306814266,0.172315970901,0.164954004618,0.155973347149,0.144922802158,0.130851418020,0.111070955607,,,,,,,,,0.055823876551,1.200000000000
130920,0.191231502590,0.190725700374,0.189202147362,0.186641457819,0.183007941777,0.178243478893,0.172256096862,0.164898285707,0.155922547411,0.144877824907,0.130813477170,0.111042168396,,,,,,,,,0.055817276753,1.200000000000
130980,0.191160501501,0.190655006795,0.189132377091,0.186573229345,0.182941879305,0.178180217598,0.172196292251,0.164842630709,0.155871805152,0.144832897668,0.130775577540,0.111013411440,,,,,,,,,0.055810688415,1.200000000000
131040,0.191089584921,0.190584397300,0.189062689633,0.186505081569,0.182875894576,0.178117030251,0.172136556946,0.164787039511,0.155821120272,0.144788020353,0.130737719061,0.110984684689,,,,,,,,,0.055804111510,1.200000000000
131100,0.191018752696,0.190513871738,0.188993084841,0.186437014346,0.182809987450,0.178053916719,0.172076890825,0.164731512001,0.155770492673,0.144743192878,0.130699901663,0.110955988095,,,,,,,,,0.055797546013,1.200000000000
131160,0.190948004675,0.190443429958,0.188923562564,0.186369027534,0.182744157790,0.177990876871,0.172017293765,0.164676048068,0.155719922253,0.144698415158,0.130662125278,0.110927321609,,,,,,,,,0.055790991896,1.200000000000
131220,0.190877340706,0.190373071808,0.188854122655,0.186301120987,0.182678405457,0.177927910577,0.171957765645,0.164620647600,0.155669408916,0.144653687107,0.130624389837,0.110898685181,,,,,,,,,0.055784449135,1.200000000000
131280,0.190806760638,0.190302797139,0.188784764965,0.186233294561,0.182612730313,0.177865017706,0.171898306342,0.164565310488,0.155618952561,0.144609008640,0.130586695271,0.110870078762,,,,,,,,,0.055777917703,1.200000000000
131340,0.190736264321,0.190232605800,0.188715489348,0.186165548114,0.182547132221,0.177802198127,0.171838915737,0.164510036620,0.155568553090,0.144564379674,0.130549041511,0.110841502305,,,,,,,,,0.055771397575,1.200000000000
131400,0.190665851602,0.190162497641,0.188646295657,0.186097881503,0.182481611043,0.177739451712,0.171779593707,0.164454825885,0.155518210406,0.144519800123,0.130511428490,0.110812955759,,,,,,,,,0.055764888725,1.200000000000
131460,0.190595522333,0.190092472514,0.188577183743,0.186030294583,0.182416166642,0.177676778330,0.171720340133,0.164399678174,0.155467924409,0.144475269903,0.130473856139,0.110784439077,,,,,,,,,0.055758391128,1.200000000000
131520,0.190525276364,0.190022530270,0.188508153461,0.185962787215,0.182350798882,0.177614177851,0.171661154894,0.164344593376,0.155417695003,0.144430788931,0.130436324389,0.110755952210,,,,,,,,,0.055751904758,1.200000000000
131580,0.190455113545,0.189952670759,0.188439204665,0.185895359254,0.182285507626,0.177551650148,0.171602037869,0.164289571382,0.155367522089,0.144386357122,0.130398833174,0.110727495109,,,,,,,,,0.055745429589,1.200000000000
131640,0.190385033726,0.189882893833,0.188370337208,0.185828010560,0.182220292739,0.177489195092,0.171542988940,0.164234612083,0.155317405569,0.144341974392,0.130361382425,0.110699067727,,,,,,,,,0.055738965596,1.200000000000
131700,0.190315036760,0.189813199345,0.188301550946,0.185760740990,0.182155154084,0.177426812553,0.171484007985,0.164179715369,0.155267345348,0.144297640659,0.130323972075,0.110670670015,,,,,,,,,0.055732512754,1.200000000000
131760,0.190245122498,0.189743587147,0.188232845733,0.185693550405,0.182090091527,0.177364502404,0.171425094887,0.164124881132,0.155217341327,0.144253355838,0.130286602056,0.110642301926,,,,,,,,,0.055726071037,1.200000000000
131820,0.190175290791,0.189674057092,0.188164221424,0.185626438664,0.182025104932,0.177302264517,0.171366249526,0.164070109262,0.155167393410,0.144209119847,0.130249272301,0.110613963410,,,,,,,,,0.055719640421,1.200000000000
131880,0.190105541492,0.189604609032,0.188095677875,0.185559405625,0.181960194164,0.177240098764,0.171307471784,0.164015399651,0.155117501501,0.144164932603,0.130211982743,0.110585654420,,,,,,,,,0.055713220879,1.200000000000
131940,0.190035874454,0.189535242821,0.188027214942,0.185492451149,0.181895359090,0.177178005019,0.171248761541,0.163960752192,0.155067665503,0.144120794023,0.130174733315,0.110557374909,,,,,,,,,0.055706812388,1.200000000000
132000,0.189966289530,0.189465958314,0.187958832481,0.185425575096,0.181830599575,0.177115983155,0.171190118680,0.163906166776,0.155017885320,0.144076704024,0.130137523950,0.110529124829,,,,,,,,,0.055700414921,1.200000000000
132060,0.189896786572,0.189396755363,0.187890530348,0.185358777326,0.181765915485,0.177054033044,0.171131543083,0.163851643296,0.154968160856,0.144032662524,0.130100354582,0.110500904132,,,,,,,,,0.055694028455,1.200000000000
132120,0.189827365435,0.189327633824,0.187822308401,0.185292057702,0.181701306686,0.176992154561,0.171073034632,0.163797181644,0.154918492016,0.143988669441,0.130063225143,0.110472712771,,,,,,,,,0.055687652964,1.200000000000
132180,0.189758025973,0.189258593551,0.187754166497,0.185225416083,0.181636773046,0.176930347579,0.171014593210,0.163742781712,0.154868878703,0.143944724693,0.130026135567,0.110444550698,,,,,,,,,0.055681288423,1.200000000000
132240,0.189688768039,0.189189634400,0.187686104492,0.185158852332,0.181572314432,0.176868611972,0.170956218700,0.163688443395,0.154819320824,0.143900828198,0.129989085789,0.110416417865,,,,,,,,,0.055674934807,1.200000000000
132300,0.189619591489,0.189120756226,0.187618122246,0.185092366310,0.181507930711,0.176806947616,0.170897910984,0.163634166585,0.154769818282,0.143856979875,0.129952075742,0.110388314227,,,,,,,,,0.055668592092,1.200000000000
132360,0.189550496178,0.189051958885,0.187550219616,0.185025957879,0.181443621751,0.176745354386,0.170839669947,0.163579951176,0.154720370983,0.143813179641,0.129915105360,0.110360239736,,,,,,,,,0.055662260254,1.200000000000
132420,0.189481481960,0.188983242232,0.187482396462,0.184959626903,0.181379387420,0.176683832155,0.170781495472,0.163525797061,0.154670978833,0.143769427417,0.129878174577,0.110332194344,,,,,,,,,0.055655939267,1.200000000000
132480,0.189412548692,0.188914606125,0.187414652640,0.184893373243,0.181315227587,0.176622380800,0.170723387443,0.163471704135,0.154621641737,0.143725723120,0.129841283328,0.110304178005,,,,,,,,,0.055649629108,1.200000000000
132540,0.189343696230,0.188846050421,0.187346988012,0.184827196764,0.181251142119,0.176561000196,0.170665345744,0.163417672292,0.154572359600,0.143682066669,0.129804431548,0.110276190672,,,,,,,,,0.055643329751,1.200000000000
132600,0.189274924430,0.188777574976,0.187279402437,0.184761097328,0.181187130886,0.176499690219,0.170607370260,0.163363701427,0.154523132330,0.143638457985,0.129767619170,0.110248232298,,,,,,,,,0.055637041172,1.200000000000
132660,0.189206233149,0.188709179647,0.187211895774,0.184695074799,0.181123193757,0.176438450746,0.170549460875,0.163309791434,0.154473959832,0.143594896986,0.129730846129,0.110220302838,,,,,,,,,0.055630763348,1.200000000000
132720,0.189137622243,0.188640864294,0.187144467883,0.184629129042,0.181059330603,0.176377281654,0.170491617475,0.163255942207,0.154424842012,0.143551383593,0.129694112362,0.110192402243,,,,,,,,,0.055624496253,1.200000000000
132780,0.189069091571,0.188572628774,0.187077118625,0.184563259920,0.180995541292,0.176316182818,0.170433839945,0.163202153644,0.154375778778,0.143507917724,0.129657417801,0.110164530468,,,,,,,,,0.055618239864,1.200000000000
132840,0.189000640990,0.188504472945,0.187009847862,0.184497467300,0.180931825694,0.176255154116,0.170376128170,0.163148425638,0.154326770036,0.143464499301,0.129620762384,0.110136687467,,,,,,,,,0.055611994157,1.200000000000
132900,0.188932270357,0.188436396666,0.186942655453,0.184431751044,0.180868183681,0.176194195426,0.170318482036,0.163094758086,0.154277815693,0.143421128243,0.129584146045,0.110108873193,,,,,,,,,0.055605759108,1.200000000000
132960,0.188863979532,0.188368399797,0.186875541261,0.184366111020,0.180804615124,0.176133306625,0.170260901430,0.163041150883,0.154228915657,0.143377804470,0.129547568719,0.110081087601,,,,,,,,,0.055599534691,1.200000000000
133020,0.188795768373,0.188300482196,0.186808505148,0.184300547093,0.180741119892,0.176072487591,0.170203386237,0.162987603926,0.154180069836,0.143334527903,0.129511030343,0.110053330643,,,,,,,,,0.055593320885,1.200000000000
133080,0.188727636739,0.188232643724,0.186741546975,0.184235059128,0.180677697858,0.176011738202,0.170145936344,0.162934117111,0.154131278136,0.143291298463,0.129474530851,0.110025602275,,,,,,,,,0.055587117664,1.200000000000
133140,0.188659584489,0.188164884241,0.186674666605,0.184169646993,0.180614348894,0.175951058337,0.170088551639,0.162880690335,0.154082540466,0.143248116071,0.129438070181,0.109997902450,,,,,,,,,0.055580925006,1.200000000000
133200,0.188591611483,0.188097203608,0.186607863901,0.184104310553,0.180551072870,0.175890447876,0.170031232007,0.162827323494,0.154033856734,0.143204980648,0.129401648268,0.109970231123,,,,,,,,,0.055574742885,1.200000000000
133260,0.188523717582,0.188029601684,0.186541138725,0.184039049675,0.180487869660,0.175829906695,0.169973977337,0.162774016486,0.153985226849,0.143161892115,0.129365265048,0.109942588247,,,,,,,,,0.055568571280,1.200000000000
133320,0.188455902644,0.187962078331,0.186474490942,0.183973864227,0.180424739136,0.175769434676,0.169916787517,0.162720769209,0.153936650719,0.143118850393,0.129328920457,0.109914973779,,,,,,,,,0.055562410165,1.200000000000
133380,0.188388166532,0.187894633411,0.186407920415,0.183908754077,0.180361681171,0.175709031698,0.169859662433,0.162667581558,0.153888128252,0.143075855405,0.129292614433,0.109887387671,,,,,,,,,0.055556259518,1.200000000000
133440,0.188320509106,0.187827266785,0.186341427007,0.183843719091,0.180298695638,0.175648697641,0.169802601974,0.162614453434,0.153839659358,0.143032907071,0.129256346911,0.109859829879,,,,,,,,,0.055550119315,1.200000000000
133500,0.188252930227,0.187759978316,0.186275010584,0.183778759139,0.180235782410,0.175588432384,0.169745606029,0.162561384733,0.153791243946,0.142990005314,0.129220117829,0.109832300358,,,,,,,,,0.055543989533,1.200000000000
133560,0.188185429757,0.187692767865,0.186208671010,0.183713874089,0.180172941361,0.175528235809,0.169688674487,0.162508375353,0.153742881925,0.142947150056,0.129183927123,0.109804799062,,,,,,,,,0.055537870148,1.200000000000
133620,0.188118007557,0.187625635296,0.186142408150,0.183649063809,0.180110172366,0.175468107796,0.169631807235,0.162455425194,0.153694573205,0.142904341220,0.129147774730,0.109777325946,,,,,,,,,0.055531761137,1.200000000000
133680,0.188050663491,0.187558580471,0.186076221869,0.183584328169,0.180047475298,0.175408048226,0.169575004164,0.162402534154,0.153646317696,0.142861578727,0.129111660588,0.109749880966,,,,,,,,,0.055525662477,1.200000000000
133740,0.187983397420,0.187491603254,0.186010112033,0.183519667037,0.179984850032,0.175348056981,0.169518265162,0.162349702132,0.153598115307,0.142818862500,0.129075584634,0.109722464076,,,,,,,,,0.055519574145,1.200000000000
133800,0.187916209208,0.187424703508,0.185944078507,0.183455080284,0.179922296443,0.175288133941,0.169461590119,0.162296929027,0.153549965949,0.142776192463,0.129039546805,0.109695075231,,,,,,,,,0.055513496117,1.200000000000
133860,0.187849098718,0.187357881097,0.185878121159,0.183390567779,0.179859814406,0.175228278989,0.169404978926,0.162244214739,0.153501869533,0.142733568538,0.129003547039,0.109667714387,,,,,,,,,0.055507428371,1.200000000000
133920,0.187782065813,0.187291135887,0.185812239854,0.183326129394,0.179797403797,0.175168492007,0.169348431472,0.162191559166,0.153453825968,0.142690990648,0.128967585274,0.109640381500,,,,,,,,,0.055501370884,1.200000000000
133980,0.187715110357,0.187224467740,0.185746434459,0.183261764997,0.179735064491,0.175108772877,0.169291947648,0.162138962210,0.153405835166,0.142648458717,0.128931661447,0.109613076525,,,,,,,,,0.055495323632,1.200000000000
134040,0.187648232214,0.187157876522,0.185680704841,0.183197474460,0.179672796364,0.175049121481,0.169235527344,0.162086423770,0.153357897037,0.142605972668,0.128895775497,0.109585799416,,,,,,,,,0.055489286593,1.200000000000
134100,0.187581431249,0.187091362099,0.185615050868,0.183133257655,0.179610599292,0.174989537704,0.169179170452,0.162033943747,0.153310011493,0.142563532424,0.128859927361,0.109558550132,,,,,,,,,0.055483259744,1.200000000000
134160,0.187514707327,0.187024924335,0.185549472408,0.183069114452,0.179548473153,0.174930021427,0.169122876862,0.161981522040,0.153262178445,0.142521137911,0.128824116978,0.109531328625,,,,,,,,,0.055477243063,1.200000000000
134220,0.187448060311,0.186958563098,0.185483969329,0.183005044724,0.179486417823,0.174870572535,0.169066646465,0.161929158551,0.153214397805,0.142478789051,0.128788344286,0.109504134854,,,,,,,,,0.055471236527,1.200000000000
134280,0.187381490069,0.186892278251,0.185418541498,0.182941048342,0.179424433179,0.174811190910,0.169010479154,0.161876853181,0.153166669485,0.142436485769,0.128752609224,0.109476968773,,,,,,,,,0.055465240113,1.200000000000
134340,0.187314996466,0.186826069664,0.185353188785,0.182877125179,0.179362519099,0.174751876438,0.168954374821,0.161824605831,0.153118993396,0.142394227989,0.128716911730,0.109449830340,,,,,,,,,0.055459253798,1.200000000000
134400,0.187248579367,0.186759937201,0.185287911059,0.182813275108,0.179300675459,0.174692629001,0.168898333357,0.161772416402,0.153071369450,0.142352015636,0.128681251744,0.109422719509,,,,,,,,,0.055453277561,1.200000000000
134460,0.187182238640,0.186693880730,0.185222708188,0.182749498000,0.179238902140,0.174633448485,0.168842354654,0.161720284796,0.153023797561,0.142309848634,0.128645629203,0.109395636237,,,,,,,,,0.055447311378,1.200000000000
134520,0.187115974149,0.186627900118,0.185157580043,0.182685793730,0.179177199017,0.174574334774,0.168786438606,0.161668210915,0.152976277640,0.142267726908,0.128610044048,0.109368580480,,,,,,,,,0.055441355228,1.200000000000
134580,0.187049785764,0.186561995233,0.185092526493,0.182622162171,0.179115565971,0.174515287754,0.168730585106,0.161616194661,0.152928809601,0.142225650384,0.128574496217,0.109341552196,,,,,,,,,0.055435409087,1.200000000000
134640,0.186983673350,0.186496165944,0.185027547408,0.182558603196,0.179054002879,0.174456307309,0.168674794045,0.161564235936,0.152881393356,0.142183618986,0.128538985650,0.109314551340,,,,,,,,,0.055429472935,1.200000000000
134700,0.186917636775,0.186430412117,0.184962642659,0.182495116681,0.178992509622,0.174397393325,0.168619065319,0.161512334643,0.152834028818,0.142141632640,0.128503512286,0.109287577869,,,,,,,,,0.055423546749,1.200000000000
134760,0.186851675908,0.186364733623,0.184897812116,0.182431702498,0.178931086077,0.174338545688,0.168563398819,0.161460490685,0.152786715902,0.142099691270,0.128468076064,0.109260631740,,,,,,,,,0.055417630506,1.200000000000
134820,0.186785790616,0.186299130329,0.184833055651,0.182368360523,0.178869732126,0.174279764284,0.168507794441,0.161408703963,0.152739454519,0.142057794804,0.128432676926,0.109233712909,,,,,,,,,0.055411724184,1.200000000000
134880,0.186719980768,0.186233602105,0.184768373135,0.182305090631,0.178808447647,0.174221048999,0.168452252077,0.161356974383,0.152692244585,0.142015943166,0.128397314809,0.109206821333,,,,,,,,,0.055405827763,1.200000000000
134940,0.186654246232,0.186168148820,0.184703764440,0.182241892696,0.178747232522,0.174162399720,0.168396771623,0.161305301847,0.152645086012,0.141974136283,0.128361989655,0.109179956970,,,,,,,,,0.055399941219,1.200000000000
135000,0.186588586877,0.186102770344,0.184639229436,0.182178766595,0.178686086630,0.174103816334,0.168341352973,0.161253686258,0.152597978716,0.141932374081,0.128326701403,0.109153119777,,,,,,,,,0.055394064530,1.200000000000
135060,0.186523002574,0.186037466548,0.184574767998,0.182115712203,0.178625009852,0.174045298727,0.168285996022,0.161202127521,0.152550922610,0.141890656486,0.128291449993,0.109126309709,,,,,,,,,0.055388197676,1.200000000000
135120,0.186457493191,0.185972237301,0.184510379996,0.182052729395,0.178564002069,0.173986846786,0.168230700664,0.161150625539,0.152503917609,0.141848983425,0.128256235367,0.109099526726,,,,,,,,,0.055382340634,1.200000000000
135180,0.186392058599,0.185907082474,0.184446065305,0.181989818050,0.178503063163,0.173928460401,0.168175466795,0.161099180217,0.152456963628,0.141807354824,0.128221057464,0.109072770784,,,,,,,,,0.055376493382,1.200000000000
135240,0.186326698667,0.185842001938,0.184381823796,0.181926978042,0.178442193015,0.173870139457,0.168120294311,0.161047791460,0.152410060580,0.141765770610,0.128185916224,0.109046041840,,,,,,,,,0.055370655900,1.200000000000
135300,0.186261413266,0.185776995565,0.184317655344,0.181864209249,0.178381391506,0.173811883844,0.168065183106,0.160996459171,0.152363208383,0.141724230709,0.128150811590,0.109019339852,,,,,,,,,0.055364828164,1.200000000000
135360,0.186196202268,0.185712063225,0.184253559821,0.181801511549,0.178320658520,0.173753693450,0.168010133078,0.160945183256,0.152316406950,0.141682735050,0.128115743502,0.108992664777,,,,,,,,,0.055359010155,1.200000000000
135420,0.186131065543,0.185647204791,0.184189537103,0.181738884818,0.178259993937,0.173695568163,0.167955144121,0.160893963620,0.152269656197,0.141641283559,0.128080711900,0.108966016574,,,,,,,,,0.055353201849,1.200000000000
135480,0.186066002962,0.185582420135,0.184125587063,0.181676328934,0.178199397642,0.173637507872,0.167900216133,0.160842800168,0.152222956039,0.141599876165,0.128045716725,0.108939395200,,,,,,,,,0.055347403227,1.200000000000
135540,0.186001014398,0.185517709130,0.184061709575,0.181613843775,0.178138869516,0.173579512466,0.167845349010,0.160791692806,0.152176306394,0.141558512793,0.128010757920,0.108912800613,,,,,,,,,0.055341614266,1.200000000000
135600,0.185936099722,0.185453071647,0.183997904515,0.181551429220,0.178078409442,0.173521581835,0.167790542650,0.160740641439,0.152129707175,0.141517193373,0.127975835426,0.108886232771,,,,,,,,,0.055335834946,1.200000000000
135660,0.185871258806,0.185388507560,0.183934171757,0.181489085147,0.178018017305,0.173463715867,0.167735796948,0.160689645974,0.152083158301,0.141475917831,0.127940949183,0.108859691632,,,,,,,,,0.055330065245,1.200000000000
135720,0.185806491524,0.185324016742,0.183870511178,0.181426811435,0.177957692988,0.173405914454,0.167681111803,0.160638706316,0.152036659686,0.141434686097,0.127906099133,0.108833177153,,,,,,,,,0.055324305141,1.200000000000
135780,0.185741797748,0.185259599067,0.183806922652,0.181364607963,0.177897436375,0.173348177484,0.167626487112,0.160587822373,0.151990211248,0.141393498098,0.127871285219,0.108806689294,,,,,,,,,0.055318554615,1.200000000000
135840,0.185677177351,0.185195254408,0.183743406055,0.181302474611,0.177837247349,0.173290504849,0.167571922772,0.160536994049,0.151943812903,0.141352353763,0.127836507383,0.108780228012,,,,,,,,,0.055312813644,1.200000000000
135900,0.185612630206,0.185130982641,0.183679961264,0.181240411257,0.177777125796,0.173232896439,0.167517418682,0.160486221253,0.151897464569,0.141311253020,0.127801765565,0.108753793266,,,,,,,,,0.055307082207,1.200000000000
135960,0.185548156188,0.185066783638,0.183616588155,0.181178417783,0.177717071599,0.173175352144,0.167462974741,0.160435503891,0.151851166161,0.141270195798,0.127767059708,0.108727385015,,,,,,,,,0.055301360285,1.200000000000
136020,0.185483755171,0.185002657276,0.183553286605,0.181116494067,0.177657084645,0.173117871856,0.167408590845,0.160384841871,0.151804917598,0.141229182025,0.127732389756,0.108701003216,,,,,,,,,0.055295647855,1.200000000000
136080,0.185419427028,0.184938603428,0.183490056491,0.181054639991,0.177597164818,0.173060455466,0.167354266895,0.160334235099,0.151758718797,0.141188211631,0.127697755649,0.108674647829,,,,,,,,,0.055289944898,1.200000000000
136140,0.185355171634,0.184874621970,0.183426897690,0.180992855436,0.177537312004,0.173003102865,0.167300002789,0.160283683483,0.151712569676,0.141147284546,0.127663157330,0.108648318811,,,,,,,,,0.055284251391,1.200000000000
136200,0.185290988865,0.184810712778,0.183363810081,0.180931140282,0.177477526087,0.172945813946,0.167245798426,0.160233186932,0.151666470152,0.141106400697,0.127628594743,0.108622016123,,,,,,,,,0.055278567316,1.200000000000
136260,0.185226878594,0.184746875728,0.183300793540,0.180869494410,0.177417806956,0.172888588600,0.167191653706,0.160182745353,0.151620420144,0.141065560015,0.127594067829,0.108595739723,,,,,,,,,0.055272892650,1.200000000000
136320,0.185162840699,0.184683110695,0.183237847945,0.180807917703,0.177358154495,0.172831426720,0.167137568527,0.160132358654,0.151574419569,0.141024762430,0.127559576532,0.108569489570,,,,,,,,,0.055267227373,1.200000000000
136380,0.185098875054,0.184619417556,0.183174973177,0.180746410041,0.177298568591,0.172774328197,0.167083542791,0.160082026745,0.151528468345,0.140984007870,0.127525120794,0.108543265623,,,,,,,,,0.055261571465,1.200000000000
136440,0.185034981536,0.184555796188,0.183112169112,0.180684971308,0.177239049131,0.172717292926,0.167029576396,0.160031749532,0.151482566393,0.140943296266,0.127490700559,0.108517067841,,,,,,,,,0.055255924905,1.200000000000
136500,0.184971160020,0.184492246467,0.183049435630,0.180623601384,0.177179596002,0.172660320798,0.166975669244,0.159981526926,0.151436713629,0.140902627549,0.127456315770,0.108490896183,,,,,,,,,0.055250287673,1.200000000000
136560,0.184907410383,0.184428768272,0.182986772611,0.180562300154,0.177120209091,0.172603411708,0.166921821235,0.159931358835,0.151390909974,0.140862001647,0.127421966371,0.108464750609,,,,,,,,,0.055244659749,1.200000000000
136620,0.184843732503,0.184365361478,0.182924179933,0.180501067500,0.177060888286,0.172546565547,0.166868032268,0.159881245168,0.151345155345,0.140821418492,0.127387652304,0.108438631078,,,,,,,,,0.055239041111,1.200000000000
136680,0.184780126256,0.184302025965,0.182861657477,0.180439903304,0.177001633474,0.172489782211,0.166814302246,0.159831185835,0.151299449663,0.140780878014,0.127353373513,0.108412537549,,,,,,,,,0.055233431740,1.200000000000
136740,0.184716591519,0.184238761610,0.182799205122,0.180378807450,0.176942444543,0.172433061593,0.166760631070,0.159781180745,0.151253792847,0.140740380144,0.127319129943,0.108386469983,,,,,,,,,0.055227831616,1.200000000000
136800,0.184653128171,0.184175568292,0.182736822750,0.180317779823,0.176883321382,0.172376403588,0.166707018640,0.159731229809,0.151208184816,0.140699924813,0.127284921536,0.108360428339,,,,,,,,,0.055222240718,1.200000000000
136860,0.184589736088,0.184112445889,0.182674510240,0.180256820305,0.176824263879,0.172319808089,0.166653464858,0.159681332936,0.151162625490,0.140659511951,0.127250748237,0.108334412576,,,,,,,,,0.055216659026,1.200000000000
136920,0.184526415151,0.184049394280,0.182612267473,0.180195928781,0.176765271924,0.172263274991,0.166599969627,0.159631490037,0.151117114789,0.140619141489,0.127216609990,0.108308422654,,,,,,,,,0.055211086521,1.200000000000
136980,0.184463165236,0.183986413344,0.182550094331,0.180135105136,0.176706345404,0.172206804190,0.166546532847,0.159581701021,0.151071652633,0.140578813360,0.127182506739,0.108282458533,,,,,,,,,0.055205523181,1.200000000000
137040,0.184399986223,0.183923502960,0.182487990695,0.180074349254,0.176647484209,0.172150395579,0.166493154422,0.159531965800,0.151026238943,0.140538527494,0.127148438429,0.108256520174,,,,,,,,,0.055199968988,1.200000000000
137100,0.184336877990,0.183860663009,0.182425956446,0.180013661019,0.176588688229,0.172094049056,0.166439834254,0.159482284284,0.150980873638,0.140498283823,0.127114405003,0.108230607536,,,,,,,,,0.055194423921,1.200000000000
137160,0.184273840418,0.183797893370,0.182363991467,0.179953040318,0.176529957354,0.172037764514,0.166386572244,0.159432656384,0.150935556640,0.140458082278,0.127080406406,0.108204720580,,,,,,,,,0.055188887961,1.200000000000
137220,0.184210873385,0.183735193924,0.182302095639,0.179892487036,0.176471291473,0.171981541851,0.166333368298,0.159383082011,0.150890287869,0.140417922792,0.127046442584,0.108178859265,,,,,,,,,0.055183361087,1.200000000000
137280,0.184147976772,0.183672564550,0.182240268846,0.179832001058,0.176412690477,0.171925380962,0.166280222316,0.159333561078,0.150845067247,0.140377805296,0.127012513480,0.108153023552,,,,,,,,,0.055177843280,1.200000000000
137340,0.184085150458,0.183610005130,0.182178510969,0.179771582270,0.176354154255,0.171869281742,0.166227134203,0.159284093495,0.150799894694,0.140337729723,0.126978619040,0.108127213402,,,,,,,,,0.055172334520,1.200000000000
137400,0.184022394324,0.183547515545,0.182116821893,0.179711230558,0.176295682700,0.171813244090,0.166174103862,0.159234679173,0.150754770131,0.140297696004,0.126944759208,0.108101428775,,,,,,,,,0.055166834787,1.200000000000
137460,0.183959708250,0.183485095676,0.182055201499,0.179650945810,0.176237275701,0.171757267901,0.166121131197,0.159185318026,0.150709693481,0.140257704073,0.126910933930,0.108075669631,,,,,,,,,0.055161344063,1.200000000000
137520,0.183897092118,0.183422745405,0.181993649672,0.179590727911,0.176178933151,0.171701353073,0.166068216112,0.159136009965,0.150664664665,0.140217753862,0.126877143152,0.108049935931,,,,,,,,,0.055155862327,1.200000000000
137580,0.183834545808,0.183360464613,0.181932166295,0.179530576749,0.176120654940,0.171645499502,0.166015358511,0.159086754903,0.150619683605,0.140177845303,0.126843386817,0.108024227636,,,,,,,,,0.055150389560,1.200000000000
137640,0.183772069203,0.183298253182,0.181870751253,0.179470492211,0.176062440960,0.171589707086,0.165962558298,0.159037552752,0.150574750222,0.140137978330,0.126809664872,0.107998544706,,,,,,,,,0.055144925743,1.200000000000
137700,0.183709662184,0.183236110995,0.181809404429,0.179410474184,0.176004291104,0.171533975723,0.165909815377,0.158988403424,0.150529864439,0.140098152876,0.126775977263,0.107972887103,,,,,,,,,0.055139470855,1.200000000000
137760,0.183647324632,0.183174037935,0.181748125709,0.179350522557,0.175946205262,0.171478305310,0.165857129654,0.158939306834,0.150485026179,0.140058368873,0.126742323935,0.107947254788,,,,,,,,,0.055134024879,1.200000000000
137820,0.183585056430,0.183112033884,0.181686914976,0.179290637216,0.175888183329,0.171422695746,0.165804501034,0.158890262893,0.150440235363,0.140018626254,0.126708704833,0.107921647721,,,,,,,,,0.055128587794,1.200000000000
137880,0.183522857461,0.183050098726,0.181625772117,0.179230818051,0.175830225195,0.171367146928,0.165751929421,0.158841271515,0.150395491914,0.139978924955,0.126675119905,0.107896065864,,,,,,,,,0.055123159581,1.200000000000
137940,0.183460727607,0.182988232344,0.181564697015,0.179171064949,0.175772330755,0.171311658756,0.165699414722,0.158792332614,0.150350795756,0.139939264907,0.126641569095,0.107870509177,,,,,,,,,0.055117740221,1.200000000000
138000,0.183398666751,0.182926434621,0.181503689558,0.179111377800,0.175714499901,0.171256231128,0.165646956841,0.158743446103,0.150306146811,0.139899646045,0.126608052350,0.107844977623,,,,,,,,,0.055112329695,1.200000000000
138060,0.183336674776,0.182864705441,0.181442749630,0.179051756493,0.175656732527,0.171200863944,0.165594555685,0.158694611896,0.150261545003,0.139860068302,0.126574569616,0.107819471162,,,,,,,,,0.055106927984,1.200000000000
138120,0.183274751567,0.182803044689,0.181381877118,0.178992200916,0.175599028527,0.171145557101,0.165542211159,0.158645829908,0.150216990254,0.139820531613,0.126541120840,0.107793989756,,,,,,,,,0.055101535070,1.200000000000
138180,0.183212897007,0.182741452250,0.181321071909,0.178932710959,0.175541387793,0.171090310501,0.165489923170,0.158597100052,0.150172482488,0.139781035912,0.126507705968,0.107768533367,,,,,,,,,0.055096150932,1.200000000000
138240,0.183151110980,0.182679928007,0.181260333887,0.178873286512,0.175483810220,0.171035124041,0.165437691624,0.158548422242,0.150128021630,0.139741581132,0.126474324947,0.107743101955,,,,,,,,,0.055090775551,1.200000000000
138300,0.183089393370,0.182618471845,0.181199662941,0.178813927465,0.175426295703,0.170979997623,0.165385516428,0.158499796394,0.150083607602,0.139702167209,0.126440977724,0.107717695484,,,,,,,,,0.055085408911,1.200000000000
138360,0.183027744062,0.182557083651,0.181139058958,0.178754633708,0.175368844136,0.170924931146,0.165333397488,0.158451222423,0.150039240328,0.139662794077,0.126407664244,0.107692313914,,,,,,,,,0.055080050990,1.200000000000
138420,0.182966162940,0.182495763309,0.181078521825,0.178695405131,0.175311455414,0.170869924511,0.165281334712,0.158402700242,0.149994919734,0.139623461671,0.126374384456,0.107666957207,,,,,,,,,0.055074701771,1.200000000000
138480,0.182904649891,0.182434510705,0.181018051429,0.178636241625,0.175254129432,0.170814977618,0.165229328007,0.158354229768,0.149950645743,0.139584169925,0.126341138306,0.107641625325,,,,,,,,,0.055069361234,1.200000000000
138540,0.182843204798,0.182373325725,0.180957647658,0.178577143081,0.175196866084,0.170760090368,0.165177377280,0.158305810915,0.149906418280,0.139544918774,0.126307925741,0.107616318231,,,,,,,,,0.055064029362,1.200000000000
138600,0.182781827548,0.182312208255,0.180897310401,0.178518109390,0.175139665267,0.170705262662,0.165125482440,0.158257443600,0.149862237269,0.139505708154,0.126274746709,0.107591035886,,,,,,,,,0.055058706135,1.200000000000
138660,0.182720518027,0.182251158182,0.180837039545,0.178459140444,0.175082526876,0.170650494400,0.165073643393,0.158209127738,0.149818102635,0.139466538000,0.126241601157,0.107565778253,,,,,,,,,0.055053391535,1.200000000000
138720,0.182659276120,0.182190175393,0.180776834979,0.178400236134,0.175025450807,0.170595785485,0.165021860047,0.158160863244,0.149774014303,0.139427408248,0.126208489032,0.107540545293,,,,,,,,,0.055048085544,1.200000000000
138780,0.182598101714,0.182129259773,0.180716696593,0.178341396352,0.174968436956,0.170541135818,0.164970132312,0.158112650036,0.149729972198,0.139388318832,0.126175410283,0.107515336969,,,,,,,,,0.055042788142,1.200000000000
138840,0.182536994696,0.182068411212,0.180656624274,0.178282620990,0.174911485220,0.170486545300,0.164918460096,0.158064488028,0.149685976246,0.139349269688,0.126142364856,0.107490153244,,,,,,,,,0.055037499312,1.200000000000
138900,0.182475954953,0.182007629595,0.180596617913,0.178223909940,0.174854595495,0.170432013835,0.164866843306,0.158016377138,0.149642026372,0.139310260753,0.126109352700,0.107464994079,,,,,,,,,0.055032219035,1.200000000000
138960,0.182414982370,0.181946914811,0.180536677399,0.178165263096,0.174797767678,0.170377541323,0.164815281853,0.157968317282,0.149598122501,0.139271291962,0.126076373763,0.107439859438,,,,,,,,,0.055026947293,1.200000000000
139020,0.182354076837,0.181886266748,0.180476802621,0.178106680349,0.174741001665,0.170323127668,0.164763775644,0.157920308377,0.149554264560,0.139232363251,0.126043427992,0.107414749283,,,,,,,,,0.055021684067,1.200000000000
139080,0.182293238241,0.181825685294,0.180416993471,0.178048161593,0.174684297356,0.170268772772,0.164712324590,0.157872350340,0.149510452474,0.139193474557,0.126010515336,0.107389663577,,,,,,,,,0.055016429340,1.200000000000
139140,0.182232466468,0.181765170337,0.180357249837,0.177989706722,0.174627654645,0.170214476538,0.164660928600,0.157824443088,0.149466686170,0.139154625815,0.125977635743,0.107364602281,,,,,,,,,0.055011183093,1.200000000000
139200,0.182171761408,0.181704721767,0.180297571611,0.177931315628,0.174571073433,0.170160238869,0.164609587583,0.157776586539,0.149422965573,0.139115816963,0.125944789161,0.107339565361,,,,,,,,,0.055005945307,1.200000000000
139260,0.182111122949,0.181644339471,0.180237958683,0.177872988206,0.174514553615,0.170106059669,0.164558301449,0.157728780609,0.149379290610,0.139077047937,0.125911975539,0.107314552777,,,,,,,,,0.055000715965,1.200000000000
139320,0.182050550979,0.181584023340,0.180178410944,0.177814724350,0.174458095092,0.170051938841,0.164507070108,0.157681025217,0.149335661207,0.139038318673,0.125879194825,0.107289564494,,,,,,,,,0.054995495050,1.200000000000
139380,0.181990045388,0.181523773262,0.180118928286,0.177756523953,0.174401697760,0.169997876288,0.164455893470,0.157633320281,0.149292077292,0.138999629109,0.125846446969,0.107264600473,,,,,,,,,0.054990282541,1.200000000000
139440,0.181929606064,0.181463589128,0.180059510600,0.177698386910,0.174345361519,0.169943871915,0.164404771447,0.157585665718,0.149248538791,0.138960979182,0.125813731918,0.107239660680,,,,,,,,,0.054985078423,1.200000000000
139500,0.181869232896,0.181403470827,0.180000157777,0.177640313116,0.174289086268,0.169889925626,0.164353703947,0.157538061446,0.149205045631,0.138922368828,0.125781049622,0.107214745075,,,,,,,,,0.054979882677,1.200000000000
139560,0.181808925775,0.181343418249,0.179940869710,0.177582302466,0.174232871905,0.169836037325,0.164302690883,0.157490507385,0.149161597739,0.138883797985,0.125748400030,0.107189853624,,,,,,,,,0.054974695285,1.200000000000
139620,0.181748684589,0.181283431285,0.179881646291,0.177524354855,0.174176718329,0.169782206916,0.164251732165,0.157443003453,0.149118195043,0.138845266591,0.125715783090,0.107164986289,,,,,,,,,0.054969516229,1.200000000000
139680,0.181688509230,0.181223509826,0.179822487412,0.177466470178,0.174120625441,0.169728434305,0.164200827704,0.157395549568,0.149074837471,0.138806774583,0.125683198753,0.107140143034,,,,,,,,,0.054964345491,1.200000000000
139740,0.181628399587,0.181163653762,0.179763392967,0.177408648331,0.174064593140,0.169674719396,0.164149977412,0.157348145649,0.149031524949,0.138768321898,0.125650646966,0.107115323821,,,,,,,,,0.054959183055,1.200000000000
139800,0.181568355550,0.181103862985,0.179704362846,0.177350889210,0.174008621326,0.169621062095,0.164099181201,0.157300791616,0.148988257405,0.138729908474,0.125618127681,0.107090528616,,,,,,,,,0.054954028901,1.200000000000
139860,0.181508377012,0.181044137385,0.179645396945,0.177293192711,0.173952709899,0.169567462307,0.164048438981,0.157253487387,0.148945034768,0.138691534250,0.125585640846,0.107065757381,,,,,,,,,0.054948883013,1.200000000000
139920,0.181448463862,0.180984476855,0.179586495156,0.177235558730,0.173896858760,0.169513919937,0.163997750665,0.157206232882,0.148901856966,0.138653199164,0.125553186410,0.107041010080,,,,,,,,,0.054943745373,1.200000000000
139980,0.181388615992,0.180924881286,0.179527657373,0.177177987163,0.173841067808,0.169460434892,0.163947116166,0.157159028022,0.148858723927,0.138614903153,0.125520764325,0.107016286677,,,,,,,,,0.054938615963,1.200000000000
140040,0.181328833293,0.180865350571,0.179468883490,0.177120477908,0.173785336946,0.169407007077,0.163896535394,0.157111872724,0.148815635579,0.138576646156,0.125488374539,0.106991587136,,,,,,,,,0.054933494767,1.200000000000
140100,0.181269115658,0.180805884601,0.179410173400,0.177063030861,0.173729666073,0.169353636399,0.163846008264,0.157064766910,0.148772591851,0.138538428111,0.125456017002,0.106966911421,,,,,,,,,0.054928381765,1.200000000000
140160,0.181209462977,0.180746483269,0.179351526999,0.177005645920,0.173674055091,0.169300322764,0.163795534688,0.157017710500,0.148729592672,0.138500248958,0.125423691664,0.106942259495,,,,,,,,,0.054923276942,1.200000000000
140220,0.181149875144,0.180687146469,0.179292944180,0.176948322981,0.173618503902,0.169247066078,0.163745114577,0.156970703414,0.148686637970,0.138462108634,0.125391398477,0.106917631324,,,,,,,,,0.054918180280,1.200000000000
140280,0.181090352050,0.180627874092,0.179234424839,0.176891061943,0.173563012407,0.169193866249,0.163694747847,0.156923745572,0.148643727674,0.138424007078,0.125359137389,0.106893026871,,,,,,,,,0.054913091761,1.200000000000
140340,0.181030893589,0.180568666033,0.179175968869,0.176833862704,0.173507580508,0.169140723183,0.163644434409,0.156876836894,0.148600861714,0.138385944230,0.125326908351,0.106868446100,,,,,,,,,0.054908011368,1.200000000000
140400,0.180971499653,0.180509522184,0.179117576168,0.176776725161,0.173452208107,0.169087636787,0.163594174178,0.156829977303,0.148558040019,0.138347920029,0.125294711314,0.106843888975,,,,,,,,,0.054902939084,1.200000000000
140460,0.180912170136,0.180450442440,0.179059246629,0.176719649213,0.173396895107,0.169034606970,0.163543967066,0.156783166718,0.148515262518,0.138309934413,0.125262546228,0.106819355462,,,,,,,,,0.054897874892,1.200000000000
140520,0.180852904930,0.180391426694,0.179000980149,0.176662634758,0.173341641410,0.168981633638,0.163493812989,0.156736405061,0.148472529142,0.138271987323,0.125230413044,0.106794845524,,,,,,,,,0.054892818775,1.200000000000
140580,0.180793703930,0.180332474841,0.178942776623,0.176605681696,0.173286446918,0.168928716700,0.163443711859,0.156689692254,0.148429839819,0.138234078697,0.125198311712,0.106770359126,,,,,,,,,0.054887770715,1.200000000000
140640,0.180734567029,0.180273586775,0.178884635948,0.176548789924,0.173231311535,0.168875856063,0.163393663590,0.156643028217,0.148387194480,0.138196208476,0.125166242184,0.106745896233,,,,,,,,,0.054882730696,1.200000000000
140700,0.180675494121,0.180214762390,0.178826558020,0.176491959343,0.173176235164,0.168823051635,0.163343668099,0.156596412872,0.148344593055,0.138158376599,0.125134204410,0.106721456809,,,,,,,,,0.054877698700,1.200000000000
140760,0.180616485101,0.180156001582,0.178768542735,0.176435189851,0.173121217708,0.168770303326,0.163293725298,0.156549846141,0.148302035473,0.138120583005,0.125102198342,0.106697040820,,,,,,,,,0.054872674711,1.200000000000
140820,0.180557539863,0.180097304246,0.178710589991,0.176378481348,0.173066259070,0.168717611043,0.163243835102,0.156503327947,0.148259521666,0.138082827635,0.125070223931,0.106672648229,,,,,,,,,0.054867658712,1.200000000000
140880,0.180498658301,0.180038670276,0.178652699684,0.176321833735,0.173011359155,0.168664974696,0.163193997427,0.156456858210,0.148217051563,0.138045110429,0.125038281127,0.106648279002,,,,,,,,,0.054862650685,1.200000000000
140940,0.180439840312,0.179980099569,0.178594871712,0.176265246911,0.172956517866,0.168612394193,0.163144212188,0.156410436854,0.148174625097,0.138007431328,0.125006369883,0.106623933103,,,,,,,,,0.054857650615,1.200000000000
141000,0.180381085789,0.179921592020,0.178537105972,0.176208720776,0.172901735108,0.168559869444,0.163094479300,0.156364063801,0.148132242196,0.137969790270,0.124974490149,0.106599610499,,,,,,,,,0.054852658484,1.200000000000
141060,0.180322394629,0.179863147525,0.178479402361,0.176152255231,0.172847010785,0.168507400358,0.163044798678,0.156317738974,0.148089902792,0.137932187198,0.124942641878,0.106575311153,,,,,,,,,0.054847674275,1.200000000000
141120,0.180263766728,0.179804765980,0.178421760779,0.176095850176,0.172792344802,0.168454986844,0.162995170238,0.156271462295,0.148047606817,0.137894622052,0.124910825020,0.106551035031,,,,,,,,,0.054842697973,1.200000000000
141180,0.180205201980,0.179746447283,0.178364181122,0.176039505514,0.172737737062,0.168402628813,0.162945593896,0.156225233687,0.148005354201,0.137857094771,0.124879039529,0.106526782098,,,,,,,,,0.054837729560,1.200000000000
141240,0.180146700282,0.179688191329,0.178306663289,0.175983221143,0.172683187473,0.168350326174,0.162896069567,0.156179053074,0.147963144876,0.137819605298,0.124847285354,0.106502552320,,,,,,,,,0.054832769019,1.200000000000
141300,0.180088261531,0.179629998015,0.178249207179,0.175926996967,0.172628695937,0.168298078838,0.162846597169,0.156132920379,0.147920978773,0.137782153573,0.124815562450,0.106478345662,,,,,,,,,0.054827816334,1.200000000000
141360,0.180029885623,0.179571867239,0.178191812690,0.175870832886,0.172574262362,0.168245886714,0.162797176617,0.156086835525,0.147878855824,0.137744739537,0.124783870767,0.106454162089,,,,,,,,,0.054822871489,1.200000000000
141420,0.179971572455,0.179513798898,0.178134479722,0.175814728803,0.172519886653,0.168193749714,0.162747807828,0.156040798435,0.147836775961,0.137707363132,0.124752210257,0.106430001567,,,,,,,,,0.054817934467,1.200000000000
141480,0.179913321924,0.179455792890,0.178077208173,0.175758684619,0.172465568714,0.168141667748,0.162698490718,0.155994809035,0.147794739116,0.137670024298,0.124720580874,0.106405864062,,,,,,,,,0.054813005252,1.200000000000
141540,0.179855133927,0.179397849112,0.178019997944,0.175702700236,0.172411308454,0.168089640726,0.162649225205,0.155948867247,0.147752745221,0.137632722978,0.124688982569,0.106381749539,,,,,,,,,0.054808083827,1.200000000000
141600,0.179797008361,0.179339967462,0.177962848934,0.175646775557,0.172357105776,0.168037668561,0.162600011205,0.155902972995,0.147710794207,0.137595459112,0.124657415294,0.106357657963,,,,,,,,,0.054803170176,1.200000000000
141660,0.179738945125,0.179282147839,0.177905761042,0.175590910485,0.172302960589,0.167985751164,0.162550848637,0.155857126204,0.147668886008,0.137558232643,0.124625879003,0.106333589301,,,,,,,,,0.054798264283,1.200000000000
141720,0.179680944116,0.179224390140,0.177848734169,0.175535104922,0.172248872799,0.167933888445,0.162501737416,0.155811326799,0.147627020556,0.137521043513,0.124594373648,0.106309543519,,,,,,,,,0.054793366131,1.200000000000
141780,0.179623005232,0.179166694265,0.177791768215,0.175479358771,0.172194842312,0.167882080317,0.162452677462,0.155765574703,0.147585197784,0.137483891662,0.124562899181,0.106285520582,,,,,,,,,0.054788475705,1.200000000000
141840,0.179565128371,0.179109060113,0.177734863081,0.175423671936,0.172140869036,0.167830326691,0.162403668691,0.155719869843,0.147543417624,0.137446777034,0.124531455556,0.106261520457,,,,,,,,,0.054783592987,1.200000000000
141900,0.179507313433,0.179051487583,0.177678018667,0.175368044320,0.172086952878,0.167778627480,0.162354711021,0.155674212141,0.147501680009,0.137409699571,0.124500042726,0.106237543108,,,,,,,,,0.054778717963,1.200000000000
141960,0.179449560316,0.178993976573,0.177621234874,0.175312475827,0.172033093745,0.167726982596,0.162305804371,0.155628601524,0.147459984873,0.137372659214,0.124468660642,0.106213588504,,,,,,,,,0.054773850615,1.200000000000
142020,0.179391868919,0.178936526984,0.177564511604,0.175256966360,0.171979291544,0.167675391951,0.162256948659,0.155583037917,0.147418332148,0.137335655907,0.124437309260,0.106189656609,,,,,,,,,0.054768990928,1.200000000000
142080,0.179334239141,0.178879138715,0.177507848757,0.175201515823,0.171925546185,0.167623855457,0.162208143804,0.155537521245,0.147376721768,0.137298689591,0.124405988531,0.106165747391,,,,,,,,,0.054764138886,1.200000000000
142140,0.179276670882,0.178821811666,0.177451246236,0.175146124122,0.171871857574,0.167572373029,0.162159389724,0.155492051434,0.147335153667,0.137261760210,0.124374698409,0.106141860815,,,,,,,,,0.054759294472,1.200000000000
142200,0.179219164040,0.178764545738,0.177394703943,0.175090791160,0.171818225619,0.167520944578,0.162110686337,0.155446628409,0.147293627778,0.137224867706,0.124343438848,0.106117996847,,,,,,,,,0.054754457672,1.200000000000
142260,0.179161718517,0.178707340831,0.177338221778,0.175035516842,0.171764650230,0.167469570017,0.162062033563,0.155401252096,0.147252144034,0.137188012022,0.124312209800,0.106094155455,,,,,,,,,0.054749628468,1.200000000000
142320,0.179104334212,0.178650196845,0.177281799645,0.174980301072,0.171711131315,0.167418249261,0.162013431322,0.155355922421,0.147210702370,0.137151193101,0.124281011221,0.106070336605,,,,,,,,,0.054744806846,1.200000000000
142380,0.179047011026,0.178593113681,0.177225437446,0.174925143757,0.171657668783,0.167366982223,0.161964879531,0.155310639310,0.147169302720,0.137114410886,0.124249843062,0.106046540263,,,,,,,,,0.054739992789,1.200000000000
142440,0.178989748858,0.178536091241,0.177169135083,0.174870044801,0.171604262542,0.167315768816,0.161916378112,0.155265402690,0.147127945018,0.137077665321,0.124218705279,0.106022766396,,,,,,,,,0.054735186281,1.200000000000
142500,0.178932547611,0.178479129425,0.177112892460,0.174815004110,0.171550912503,0.167264608954,0.161867926983,0.155220212487,0.147086629199,0.137040956349,0.124187597824,0.105999014970,,,,,,,,,0.054730387308,1.200000000000
142560,0.178875407184,0.178422228135,0.177056709479,0.174760021589,0.171497618573,0.167213502552,0.161819526064,0.155175068628,0.147045355196,0.137004283913,0.124156520652,0.105975285954,,,,,,,,,0.054725595852,1.200000000000
142620,0.178818327478,0.178365387272,0.177000586044,0.174705097145,0.171444380663,0.167162449524,0.161771175275,0.155129971039,0.147004122944,0.136967647957,0.124125473718,0.105951579313,,,,,,,,,0.054720811899,1.200000000000
142680,0.178761308396,0.178308606740,0.176944522058,0.174650230683,0.171391198683,0.167111449783,0.161722874537,0.155084919647,0.146962932378,0.136931048425,0.124094456974,0.105927895014,,,,,,,,,0.054716035434,1.200000000000
142740,0.178704349839,0.178251886439,0.176888517424,0.174595422109,0.171338072542,0.167060503246,0.161674623770,0.155039914380,0.146921783433,0.136894485260,0.124063470375,0.105904233024,,,,,,,,,0.054711266439,1.200000000000
142800,0.178647451708,0.178195226272,0.176832572048,0.174540671332,0.171285002151,0.167009609826,0.161626422895,0.154994955164,0.146880676045,0.136857958407,0.124032513877,0.105880593311,,,,,,,,,0.054706504901,1.200000000000
142860,0.178590613905,0.178138626141,0.176776685832,0.174485978256,0.171231987420,0.166958769439,0.161578271831,0.154950041928,0.146839610147,0.136821467809,0.124001587432,0.105856975842,,,,,,,,,0.054701750803,1.200000000000
142920,0.178533836334,0.178082085950,0.176720858681,0.174431342788,0.171179028259,0.166907981999,0.161530170500,0.154905174597,0.146798585675,0.136785013410,0.123970690996,0.105833380583,,,,,,,,,0.054697004129,1.200000000000
142980,0.178477118895,0.178025605601,0.176665090500,0.174376764837,0.171126124580,0.166857247423,0.161482118823,0.154860353101,0.146757602565,0.136748595156,0.123939824523,0.105809807503,,,,,,,,,0.054692264866,1.200000000000
143040,0.178420461492,0.177969184997,0.176609381193,0.174322244309,0.171073276293,0.166806565625,0.161434116721,0.154815577367,0.146716660753,0.136712212990,0.123908987968,0.105786256567,,,,,,,,,0.054687532996,1.200000000000
143100,0.178363864027,0.177912824041,0.176553730665,0.174267781112,0.171020483309,0.166755936522,0.161386164115,0.154770847323,0.146675760173,0.136675866856,0.123878181286,0.105762727744,,,,,,,,,0.054682808506,1.200000000000
143160,0.178307326404,0.177856522638,0.176498138822,0.174213375153,0.170967745539,0.166705360029,0.161338260927,0.154726162897,0.146634900762,0.136639556701,0.123847404432,0.105739221002,,,,,,,,,0.054678091379,1.200000000000
143220,0.178250848526,0.177800280691,0.176442605568,0.174159026340,0.170915062896,0.166654836063,0.161290407079,0.154681524017,0.146594082455,0.136603282467,0.123816657360,0.105715736307,,,,,,,,,0.054673381601,1.200000000000
143280,0.178194430296,0.177744098104,0.176387130809,0.174104734582,0.170862435290,0.166604364539,0.161242602492,0.154636930613,0.146553305190,0.136567044100,0.123785940026,0.105692273627,,,,,,,,,0.054668679155,1.200000000000
143340,0.178138071618,0.177687974780,0.176331714451,0.174050499786,0.170809862634,0.166553945374,0.161194847089,0.154592382611,0.146512568901,0.136530841546,0.123755252384,0.105668832931,,,,,,,,,0.054663984028,1.200000000000
143400,0.178081772396,0.177631910625,0.176276356399,0.173996321862,0.170757344839,0.166503578485,0.161147140791,0.154547879942,0.146471873525,0.136494674748,0.123724594391,0.105645414184,,,,,,,,,0.054659296203,1.200000000000
143460,0.178025532534,0.177575905544,0.176221056561,0.173942200717,0.170704881818,0.166453263788,0.161099483520,0.154503422533,0.146431218999,0.136458543653,0.123693966001,0.105622017356,,,,,,,,,0.054654615667,1.200000000000
143520,0.177969351935,0.177519959439,0.176165814841,0.173888136261,0.170652473483,0.166403001200,0.161051875201,0.154459010315,0.146390605259,0.136422448205,0.123663367170,0.105598642415,,,,,,,,,0.054649942403,1.200000000000
143580,0.177913230506,0.177464072218,0.176110631147,0.173834128402,0.170600119747,0.166352790639,0.161004315754,0.154414643215,0.146350032242,0.136386388350,0.123632797853,0.105575289327,,,,,,,,,0.054645276397,1.200000000000
143640,0.177857168149,0.177408243785,0.176055505385,0.173780177050,0.170547820522,0.166302632022,0.160956805103,0.154370321165,0.146309499885,0.136350364034,0.123602258006,0.105551958061,,,,,,,,,0.054640617633,1.200000000000
143700,0.177801164770,0.177352474044,0.176000437463,0.173726282115,0.170495575722,0.166252525266,0.160909343171,0.154326044092,0.146269008125,0.136314375202,0.123571747585,0.105528648586,,,,,,,,,0.054635966097,1.200000000000
143760,0.177745220275,0.177296762903,0.175945427287,0.173672443505,0.170443385260,0.166202470289,0.160861929880,0.154281811926,0.146228556899,0.136278421799,0.123541266545,0.105505360868,,,,,,,,,0.054631321775,1.200000000000
143820,0.177689334568,0.177241110267,0.175890474764,0.173618661132,0.170391249048,0.166152467008,0.160814565155,0.154237624598,0.146188146144,0.136242503773,0.123510814843,0.105482094877,,,,,,,,,0.054626684650,1.200000000000
143880,0.177633507555,0.177185516041,0.175835579803,0.173564934904,0.170339167001,0.166102515343,0.160767248918,0.154193482037,0.146147775797,0.136206621068,0.123480392434,0.105458850581,,,,,,,,,0.054622054708,1.200000000000
143940,0.177577739142,0.177129980131,0.175780742310,0.173511264732,0.170287139032,0.166052615210,0.160719981094,0.154149384173,0.146107445796,0.136170773631,0.123449999274,0.105435627947,,,,,,,,,0.054617431935,1.200000000000
144000,0.177522029234,0.177074502446,0.175725962195,0.173457650526,0.170235165055,0.166002766528,0.160672761606,0.154105330937,0.146067156079,0.136134961408,0.123419635320,0.105412426944,,,,,,,,,0.054612816316,1.200000000000
144060,0.177466377739,0.177019082891,0.175671239365,0.173404092198,0.170183244985,0.165952969217,0.160625590378,0.154061322259,0.146026906585,0.136099184346,0.123389300528,0.105389247541,,,,,,,,,0.054608207836,1.200000000000
144120,0.177410784560,0.176963721371,0.175616573727,0.173350589657,0.170131378735,0.165903223194,0.160578467334,0.154017358069,0.145986697248,0.136063442389,0.123358994853,0.105366089706,,,,,,,,,0.054603606480,1.200000000000
144180,0.177355249606,0.176908417795,0.175561965190,0.173297142815,0.170079566219,0.165853528377,0.160531392398,0.153973438297,0.145946528009,0.136027735486,0.123328718253,0.105342953407,,,,,,,,,0.054599012234,1.200000000000
144240,0.177299772783,0.176853172070,0.175507413663,0.173243751582,0.170027807352,0.165803884687,0.160484365495,0.153929562875,0.145906398805,0.135992063583,0.123298470684,0.105319838613,,,,,,,,,0.054594425083,1.200000000000
144300,0.177244353997,0.176797984103,0.175452919056,0.173190415871,0.169976102049,0.165754292043,0.160437386549,0.153885731734,0.145866309575,0.135956426626,0.123268252102,0.105296745293,,,,,,,,,0.054589845012,1.200000000000
144360,0.177188993157,0.176742853801,0.175398481277,0.173137135591,0.169924450226,0.165704750363,0.160390455484,0.153841944804,0.145826260257,0.135920824563,0.123238062464,0.105273673415,,,,,,,,,0.054585272007,1.200000000000
144420,0.177133690168,0.176687781073,0.175344100234,0.173083910657,0.169872851796,0.165655259567,0.160343572227,0.153798202017,0.145786250790,0.135885257340,0.123207901728,0.105250622949,,,,,,,,,0.054580706054,1.200000000000
144480,0.177078444940,0.176632765826,0.175289775839,0.173030740978,0.169821306676,0.165605819575,0.160296736702,0.153754503304,0.145746281112,0.135849724904,0.123177769849,0.105227593862,,,,,,,,,0.054576147138,1.200000000000
144540,0.177023257378,0.176577807969,0.175235508000,0.172977626468,0.169769814781,0.165556430308,0.160249948833,0.153710848597,0.145706351162,0.135814227202,0.123147666784,0.105204586124,,,,,,,,,0.054571595245,1.200000000000
144600,0.176968127392,0.176522907409,0.175181296627,0.172924567038,0.169718376027,0.165507091684,0.160203208547,0.153667237826,0.145666460878,0.135778764183,0.123117592491,0.105181599704,,,,,,,,,0.054567050360,1.200000000000
144660,0.176913054889,0.176468064056,0.175127141630,0.172871562601,0.169666990329,0.165457803624,0.160156515769,0.153623670925,0.145626610201,0.135743335792,0.123087546927,0.105158634571,,,,,,,,,0.054562512469,1.200000000000
144720,0.176858039777,0.176413277818,0.175073042920,0.172818613070,0.169615657603,0.165408566049,0.160109870425,0.153580147824,0.145586799068,0.135707941978,0.123057530049,0.105135690694,,,,,,,,,0.054557981557,1.200000000000
144780,0.176803081965,0.176358548604,0.175019000406,0.172765718356,0.169564377766,0.165359378878,0.160063272439,0.153536668457,0.145547027420,0.135672582689,0.123027541815,0.105112768042,,,,,,,,,0.054553457611,1.200000000000
144840,0.176748181362,0.176303876323,0.174965014000,0.172712878375,0.169513150734,0.165310242033,0.160016721739,0.153493232754,0.145507295196,0.135637257871,0.122997582180,0.105089866584,,,,,,,,,0.054548940616,1.200000000000
144900,0.176693337876,0.176249260884,0.174911083612,0.172660093038,0.169461976424,0.165261155435,0.159970218251,0.153449840649,0.145467602335,0.135601967473,0.122967651104,0.105066986290,,,,,,,,,0.054544430559,1.200000000000
144960,0.176638551416,0.176194702198,0.174857209152,0.172607362258,0.169410854752,0.165212119004,0.159923761900,0.153406492073,0.145427948776,0.135566711442,0.122937748543,0.105044127128,,,,,,,,,0.054539927423,1.200000000000
145020,0.176583821891,0.176140200173,0.174803390533,0.172554685950,0.169359785635,0.165163132662,0.159877352613,0.153363186961,0.145388334460,0.135531489727,0.122907874455,0.105021289068,,,,,,,,,0.054535431197,1.200000000000
145080,0.176529149212,0.176085754719,0.174749627665,0.172502064027,0.169308768990,0.165114196330,0.159830990317,0.153319925243,0.145348759327,0.135496302275,0.122878028798,0.104998472080,,,,,,,,,0.054530941865,1.200000000000
145140,0.176474533287,0.176031365747,0.174695920460,0.172449496404,0.169257804734,0.165065309929,0.159784674938,0.153276706853,0.145309223316,0.135461149036,0.122848211529,0.104975676134,,,,,,,,,0.054526459414,1.200000000000
145200,0.176419974026,0.175977033167,0.174642268830,0.172396982993,0.169206892786,0.165016473382,0.159738406404,0.153233531724,0.145269726367,0.135426029957,0.122818422607,0.104952901197,,,,,,,,,0.054521983829,1.200000000000
145260,0.176365471340,0.175922756889,0.174588672686,0.172344523709,0.169156033061,0.164967686610,0.159692184641,0.153190399789,0.145230268422,0.135390944986,0.122788661989,0.104930147241,,,,,,,,,0.054517515096,1.200000000000
145320,0.176311025137,0.175868536823,0.174535131941,0.172292118468,0.169105225479,0.164918949535,0.159646009576,0.153147310982,0.145190849419,0.135355894072,0.122758929634,0.104907414235,,,,,,,,,0.054513053203,1.200000000000
145380,0.176256635330,0.175814372882,0.174481646506,0.172239767183,0.169054469958,0.164870262079,0.159599881137,0.153104265236,0.145151469300,0.135320877164,0.122729225499,0.104884702149,,,,,,,,,0.054508598134,1.200000000000
145440,0.176202301827,0.175760264975,0.174428216295,0.172187469768,0.169003766414,0.164821624164,0.159553799251,0.153061262484,0.145112128006,0.135285894211,0.122699549542,0.104862010951,,,,,,,,,0.054504149875,1.200000000000
145500,0.176148024541,0.175706213014,0.174374841219,0.172135226140,0.168953114767,0.164773035714,0.159507763846,0.153018302661,0.145072825477,0.135250945161,0.122669901723,0.104839340614,,,,,,,,,0.054499708414,1.200000000000
145560,0.176093803381,0.175652216910,0.174321521192,0.172083036214,0.168902514934,0.164724496650,0.159461774850,0.152975385699,0.145033561653,0.135216029964,0.122640281999,0.104816691105,,,,,,,,,0.054495273736,1.200000000000
145620,0.176039638259,0.175598276575,0.174268256127,0.172030899904,0.168851966835,0.164676006896,0.159415832190,0.152932511533,0.144994336476,0.135181148567,0.122610690328,0.104794062395,,,,,,,,,0.054490845827,1.200000000000
145680,0.175985529087,0.175544391920,0.174215045936,0.171978817126,0.168801470388,0.164627566374,0.159369935795,0.152889680097,0.144955149887,0.135146300921,0.122581126670,0.104771454455,,,,,,,,,0.054486424674,1.200000000000
145740,0.175931475775,0.175490562858,0.174161890533,0.171926787795,0.168751025513,0.164579175007,0.159324085593,0.152846891326,0.144916001828,0.135111486975,0.122551590982,0.104748867253,,,,,,,,,0.054482010262,1.200000000000
145800,0.175877478235,0.175436789300,0.174108789832,0.171874811829,0.168700632128,0.164530832720,0.159278281512,0.152804145153,0.144876892239,0.135076706678,0.122522083224,0.104726300761,,,,,,,,,0.054477602579,1.200000000000
145860,0.175823536379,0.175383071159,0.174055743746,0.171822889142,0.168650290152,0.164482539435,0.159232523481,0.152761441513,0.144837821061,0.135041959979,0.122492603354,0.104703754949,,,,,,,,,0.054473201611,1.200000000000
145920,0.175769650119,0.175329408348,0.174002752190,0.171771019651,0.168599999505,0.164434295075,0.159186811428,0.152718780341,0.144798788237,0.135007246829,0.122463151332,0.104681229786,,,,,,,,,0.054468807343,1.200000000000
145980,0.175715819368,0.175275800778,0.173949815076,0.171719203272,0.168549760107,0.164386099565,0.159141145282,0.152676161571,0.144759793709,0.134972567176,0.122433727115,0.104658725243,,,,,,,,,0.054464419763,1.200000000000
146040,0.175662044037,0.175222248363,0.173896932320,0.171667439922,0.168499571878,0.164337952829,0.159095524972,0.152633585139,0.144720837417,0.134937920970,0.122404330663,0.104636241291,,,,,,,,,0.054460038857,1.200000000000
146100,0.175608324040,0.175168751016,0.173844103836,0.171615729517,0.168449434736,0.164289854790,0.159049950427,0.152591050980,0.144681919304,0.134903308162,0.122374961935,0.104613777899,,,,,,,,,0.054455664612,1.200000000000
146160,0.175554659288,0.175115308650,0.173791329538,0.171564071975,0.168399348603,0.164241805374,0.159004421577,0.152548559028,0.144643039312,0.134868728701,0.122345620891,0.104591335039,,,,,,,,,0.054451297013,1.200000000000
146220,0.175501049695,0.175061921179,0.173738609341,0.171512467212,0.168349313399,0.164193804503,0.158958938351,0.152506109218,0.144604197383,0.134834182537,0.122316307489,0.104568912681,,,,,,,,,0.054446936048,1.200000000000
146280,0.175447495175,0.175008588515,0.173685943161,0.171460915146,0.168299329044,0.164145852103,0.158913500678,0.152463701488,0.144565393460,0.134799669621,0.122287021689,0.104546510795,,,,,,,,,0.054442581703,1.200000000000
146340,0.175393995639,0.174955310573,0.173633330911,0.171409415694,0.168249395459,0.164097948098,0.158868108489,0.152421335771,0.144526627484,0.134765189903,0.122257763450,0.104524129352,,,,,,,,,0.054438233965,1.200000000000
146400,0.175340551002,0.174902087267,0.173580772508,0.171357968773,0.168199512564,0.164050092414,0.158822761712,0.152379012004,0.144487899398,0.134730743332,0.122228532732,0.104501768324,,,,,,,,,0.054433892820,1.200000000000
146460,0.175287161178,0.174848918510,0.173528267868,0.171306574302,0.168149680281,0.164002284975,0.158777460278,0.152336730122,0.144449209145,0.134696329860,0.122199329494,0.104479427679,,,,,,,,,0.054429558255,1.200000000000
146520,0.175233826080,0.174795804218,0.173475816905,0.171255232198,0.168099898530,0.163954525706,0.158732204116,0.152294490061,0.144410556668,0.134661949437,0.122170153696,0.104457107390,,,,,,,,,0.054425230257,1.200000000000
146580,0.175180545622,0.174742744304,0.173423419535,0.171203942380,0.168050167233,0.163906814534,0.158686993158,0.152252291758,0.144371941909,0.134627602013,0.122141005298,0.104434807428,,,,,,,,,0.054420908813,1.200000000000
146640,0.175127319718,0.174689738683,0.173371075675,0.171152704766,0.168000486311,0.163859151382,0.158641827334,0.152210135149,0.144333364812,0.134593287540,0.122111884259,0.104412527762,,,,,,,,,0.054416593909,1.200000000000
146700,0.175074148283,0.174636787270,0.173318785240,0.171101519273,0.167950855686,0.163811536177,0.158596706573,0.152168020169,0.144294825318,0.134559005968,0.122082790540,0.104390268365,,,,,,,,,0.054412285532,1.200000000000
146760,0.175021031231,0.174583889980,0.173266548148,0.171050385822,0.167901275280,0.163763968845,0.158551630808,0.152125946756,0.144256323373,0.134524757249,0.122053724100,0.104368029207,,,,,,,,,0.054407983670,1.200000000000
146820,0.174967968478,0.174531046728,0.173214364314,0.170999304329,0.167851745014,0.163716449311,0.158506599968,0.152083914847,0.144217858919,0.134490541332,0.122024684899,0.104345810259,,,,,,,,,0.054403688308,1.200000000000
146880,0.174914959937,0.174478257429,0.173162233655,0.170948274715,0.167802264810,0.163668977501,0.158461613984,0.152041924377,0.144179431898,0.134456358170,0.121995672898,0.104323611492,,,,,,,,,0.054399399435,1.200000000000
146940,0.174862005524,0.174425521999,0.173110156088,0.170897296899,0.167752834591,0.163621553343,0.158416672788,0.151999975283,0.144141042256,0.134422207713,0.121966688056,0.104301432879,,,,,,,,,0.054395117036,1.200000000000
147000,0.174809105154,0.174372840354,0.173058131530,0.170846370800,0.167703454279,0.163574176762,0.158371776311,0.151958067503,0.144102689935,0.134388089914,0.121937730334,0.104279274389,,,,,,,,,0.054390841099,1.200000000000
147060,0.174756258743,0.174320212410,0.173006159899,0.170795496336,0.167654123797,0.163526847684,0.158326924485,0.151916200974,0.144064374880,0.134354004722,0.121908799692,0.104257135994,,,,,,,,,0.054386571612,1.200000000000
147120,0.174703466206,0.174267638081,0.172954241111,0.170744673429,0.167604843068,0.163479566037,0.158282117240,0.151874375633,0.144026097034,0.134319952091,0.121879896092,0.104235017666,,,,,,,,,0.054382308560,1.200000000000
147180,0.174650727459,0.174215117286,0.172902375085,0.170693901997,0.167555612013,0.163432331746,0.158237354508,0.151832591417,0.143987856341,0.134285931971,0.121851019492,0.104212919377,,,,,,,,,0.054378051931,1.200000000000
147240,0.174598042418,0.174162649940,0.172850561737,0.170643181960,0.167506430557,0.163385144740,0.158192636222,0.151790848265,0.143949652745,0.134251944314,0.121822169854,0.104190841096,,,,,,,,,0.054373801713,1.200000000000
147300,0.174545410999,0.174110235959,0.172798800987,0.170592513239,0.167457298622,0.163338004946,0.158147962313,0.151749146112,0.143911486190,0.134217989072,0.121793347139,0.104168782797,,,,,,,,,0.054369557892,1.200000000000
147360,0.174492833118,0.174057875261,0.172747092751,0.170541895754,0.167408216131,0.163290912289,0.158103332712,0.151707484898,0.143873356622,0.134184066197,0.121764551306,0.104146744450,,,,,,,,,0.054365320455,1.200000000000
147420,0.174440308692,0.174005567762,0.172695436948,0.170491329426,0.167359183009,0.163243866699,0.158058747354,0.151665864559,0.143835263983,0.134150175640,0.121735782318,0.104124726028,,,,,,,,,0.054361089390,1.200000000000
147480,0.174387837638,0.173953313380,0.172643833497,0.170440814174,0.167310199179,0.163196868102,0.158014206169,0.151624285035,0.143797208220,0.134116317355,0.121707040134,0.104102727502,,,,,,,,,0.054356864685,1.200000000000
147540,0.174335419871,0.173901112031,0.172592282315,0.170390349919,0.167261264564,0.163149916427,0.157969709090,0.151582746263,0.143759189275,0.134082491293,0.121678324717,0.104080748843,,,,,,,,,0.054352646325,1.200000000000
147600,0.174283055310,0.173848963633,0.172540783323,0.170339936584,0.167212379089,0.163103011600,0.157925256051,0.151541248181,0.143721207095,0.134048697406,0.121649636026,0.104058790024,,,,,,,,,0.054348434300,1.200000000000
147660,0.174230743871,0.173796868104,0.172489336438,0.170289574088,0.167163542678,0.163056153551,0.157880846983,0.151499790729,0.143683261624,0.134014935647,0.121620974023,0.104036851016,,,,,,,,,0.054344228595,1.200000000000
147720,0.174178485472,0.173744825361,0.172437941580,0.170239262352,0.167114755255,0.163009342207,0.157836481819,0.151458373843,0.143645352807,0.133981205968,0.121592338670,0.104014931792,,,,,,,,,0.054340029198,1.200000000000
147780,0.174126280029,0.173692835323,0.172386598668,0.170189001299,0.167066016744,0.162962577496,0.157792160493,0.151416997463,0.143607480589,0.133947508322,0.121563729927,0.103993032323,,,,,,,,,0.054335836098,1.200000000000
147840,0.174074127462,0.173640897907,0.172335307621,0.170138790850,0.167017327070,0.162915859348,0.157747882937,0.151375661528,0.143569644915,0.133913842661,0.121535147755,0.103971152581,,,,,,,,,0.054331649280,1.200000000000
147900,0.174022027687,0.173589013031,0.172284068359,0.170088630926,0.166968686158,0.162869187690,0.157703649086,0.151334365976,0.143531845731,0.133880208939,0.121506592117,0.103949292539,,,,,,,,,0.054327468733,1.200000000000
147960,0.173969980623,0.173537180615,0.172232880802,0.170038521449,0.166920093932,0.162822562451,0.157659458872,0.151293110747,0.143494082982,0.133846607107,0.121478062974,0.103927452168,,,,,,,,,0.054323294445,1.200000000000
148020,0.173917986187,0.173485400576,0.172181744870,0.169988462342,0.166871550318,0.162775983561,0.157615312229,0.151251895779,0.143456356613,0.133813037120,0.121449560286,0.103905631441,,,,,,,,,0.054319126402,1.200000000000
148080,0.173866044299,0.173433672834,0.172130660481,0.169938453527,0.166823055241,0.162729450948,0.157571209091,0.151210721012,0.143418666571,0.133779498930,0.121421084017,0.103883830330,,,,,,,,,0.054314964592,1.200000000000
148140,0.173814154876,0.173381997307,0.172079627558,0.169888494925,0.166774608626,0.162682964541,0.157527149391,0.151169586385,0.143381012800,0.133745992489,0.121392634127,0.103862048807,,,,,,,,,0.054310809003,1.200000000000
148200,0.173762317837,0.173330373914,0.172028646020,0.169838586460,0.166726210399,0.162636524270,0.157483133064,0.151128491838,0.143343395248,0.133712517752,0.121364210579,0.103840286845,,,,,,,,,0.054306659623,1.200000000000
148260,0.173710533102,0.173278802575,0.171977715787,0.169788728054,0.166677860485,0.162590130064,0.157439160043,0.151087437310,0.143305813859,0.133679074672,0.121335813334,0.103818544415,,,,,,,,,0.054302516439,1.200000000000
148320,0.173658800588,0.173227283210,0.171926836781,0.169738919630,0.166629558811,0.162543781853,0.157395230264,0.151046422740,0.143268268580,0.133645663202,0.121307442354,0.103796821491,,,,,,,,,0.054298379439,1.200000000000
148380,0.173607120216,0.173175815737,0.171876008923,0.169689161111,0.166581305301,0.162497479567,0.157351343659,0.151005448070,0.143230759356,0.133612283295,0.121279097602,0.103775118045,,,,,,,,,0.054294248610,1.200000000000
148440,0.173555491904,0.173124400076,0.171825232132,0.169639452420,0.166533099882,0.162451223135,0.157307500164,0.150964513238,0.143193286136,0.133578934905,0.121250779038,0.103753434049,,,,,,,,,0.054290123940,1.200000000000
148500,0.173503915572,0.173073036148,0.171774506331,0.169589793481,0.166484942481,0.162405012487,0.157263699714,0.150923618185,0.143155848863,0.133545617986,0.121222486627,0.103731769477,,,,,,,,,0.054286005418,1.200000000000
148560,0.173452391140,0.173021723872,0.171723831441,0.169540184216,0.166436833024,0.162358847554,0.157219942242,0.150882762851,0.143118447486,0.133512332492,0.121194220328,0.103710124300,,,,,,,,,0.054281893030,1.200000000000
148620,0.173400918528,0.172970463169,0.171673207383,0.169490624550,0.166388771437,0.162312728266,0.157176227685,0.150841947176,0.143081081951,0.133479078376,0.121165980106,0.103688498491,,,,,,,,,0.054277786765,1.200000000000
148680,0.173349497655,0.172919253959,0.171622634079,0.169441114407,0.166340757647,0.162266654553,0.157132555976,0.150801171100,0.143043752204,0.133445855592,0.121137765923,0.103666892024,,,,,,,,,0.054273686611,1.200000000000
148740,0.173298128442,0.172868096163,0.171572111451,0.169391653709,0.166292791581,0.162220626346,0.157088927052,0.150760434565,0.143006458193,0.133412664095,0.121109577740,0.103645304870,,,,,,,,,0.054269592555,1.200000000000
148800,0.173246810808,0.172816989701,0.171521639421,0.169342242381,0.166244873166,0.162174643576,0.157045340847,0.150719737511,0.142969199863,0.133379503838,0.121081415520,0.103623737003,,,,,,,,,0.054265504585,1.200000000000
148860,0.173195544676,0.172765934495,0.171471217911,0.169292880348,0.166197002329,0.162128706173,0.157001797298,0.150679079879,0.142931977163,0.133346374775,0.121053279226,0.103602188397,,,,,,,,,0.054261422690,1.200000000000
148920,0.173144329964,0.172714930465,0.171420846843,0.169243567534,0.166149178997,0.162082814069,0.156958296338,0.150638461609,0.142894790039,0.133313276862,0.121025168821,0.103580659022,,,,,,,,,0.054257346857,1.200000000000
148980,0.173093166594,0.172663977532,0.171370526140,0.169194303864,0.166101403098,0.162036967195,0.156914837905,0.150597882642,0.142857638438,0.133280210052,0.120997084267,0.103559148854,,,,,,,,,0.054253277074,1.200000000000
149040,0.173042054487,0.172613075619,0.171320255724,0.169145089261,0.166053674559,0.161991165481,0.156871421933,0.150557342921,0.142820522309,0.133247174299,0.120969025528,0.103537657864,,,,,,,,,0.054249213330,1.200000000000
149100,0.172990993564,0.172562224646,0.171270035518,0.169095923651,0.166005993309,0.161945408860,0.156828048359,0.150516842385,0.142783441597,0.133214169560,0.120940992565,0.103516186026,,,,,,,,,0.054245155612,1.200000000000
149160,0.172939983746,0.172511424535,0.171219865446,0.169046806960,0.165958359274,0.161899697263,0.156784717119,0.150476380977,0.142746396252,0.133181195787,0.120912985343,0.103494733313,,,,,,,,,0.054241103909,1.200000000000
149220,0.172889024955,0.172460675208,0.171169745429,0.168997739111,0.165910772383,0.161854030622,0.156741428150,0.150435958637,0.142709386220,0.133148252936,0.120885003823,0.103473299698,,,,,,,,,0.054237058209,1.200000000000
149280,0.172838117112,0.172409976587,0.171119675392,0.168948720031,0.165863232565,0.161808408868,0.156698181386,0.150395575308,0.142672411449,0.133115340961,0.120857047969,0.103451885155,,,,,,,,,0.054233018499,1.200000000000
149340,0.172787260140,0.172359328595,0.171069655258,0.168899749644,0.165815739746,0.161762831934,0.156654976765,0.150355230932,0.142635471888,0.133082459818,0.120829117745,0.103430489657,,,,,,,,,0.054228984768,1.200000000000
149400,0.172736453959,0.172308731153,0.171019684951,0.168850827877,0.165768293857,0.161717299751,0.156611814224,0.150314925449,0.142598567483,0.133049609462,0.120801213113,0.103409113177,,,,,,,,,0.054224957005,1.200000000000
149460,0.172685698492,0.172258184184,0.170969764393,0.168801954656,0.165720894825,0.161671812252,0.156568693699,0.150274658802,0.142561698184,0.133016789847,0.120773334037,0.103387755688,,,,,,,,,0.054220935197,1.200000000000
149520,0.172634993662,0.172207687611,0.170919893509,0.168753129905,0.165673542580,0.161626369370,0.156525615127,0.150234430933,0.142524863937,0.132984000929,0.120745480481,0.103366417165,,,,,,,,,0.054216919333,1.200000000000
149580,0.172584339390,0.172157241356,0.170870072223,0.168704353552,0.165626237050,0.161580971036,0.156482578444,0.150194241785,0.142488064693,0.132951242663,0.120717652406,0.103345097580,,,,,,,,,0.054212909400,1.200000000000
149640,0.172533735599,0.172106845343,0.170820300460,0.168655625521,0.165578978163,0.161535617183,0.156439583589,0.150154091299,0.142451300398,0.132918515004,0.120689849778,0.103323796907,,,,,,,,,0.054208905389,1.200000000000
149700,0.172483182213,0.172056499494,0.170770578143,0.168606945741,0.165531765850,0.161490307745,0.156396630497,0.150113979418,0.142414571001,0.132885817909,0.120662072560,0.103302515121,,,,,,,,,0.054204907285,1.200000000000
149760,0.172432679153,0.172006203733,0.170720905197,0.168558314137,0.165484600040,0.161445042653,0.156353719107,0.150073906084,0.142377876451,0.132853151331,0.120634320715,0.103281252193,,,,,,,,,0.054200915080,1.200000000000
149820,0.172382226343,0.171955957983,0.170671281546,0.168509730635,0.165437480662,0.161399821842,0.156310849356,0.150033871241,0.142341216697,0.132820515228,0.120606594207,0.103260008099,,,,,,,,,0.054196928759,1.200000000000
149880,0.172331823706,0.171905762168,0.170621707116,0.168461195163,0.165390407646,0.161354645245,0.156268021182,0.149993874830,0.142304591687,0.132787909554,0.120578893000,0.103238782811,,,,,,,,,0.054192948313,1.200000000000
149940,0.172281471165,0.171855616212,0.170572181831,0.168412707648,0.165343380920,0.161309512794,0.156225234521,0.149953916795,0.142268001371,0.132755334266,0.120551217058,0.103217576305,,,,,,,,,0.054188973729,1.200000000000
150000,0.172231168644,0.171805520038,0.170522705617,0.168364268017,0.165296400417,0.161264424423,0.156182489313,0.149913997078,0.142231445696,0.132722789320,0.120523566345,0.103196388553,,,,,,,,,0.054185004996,1.200000000000
150060,0.172180916067,0.171755473571,0.170473278398,0.168315876196,0.165249466064,0.161219380066,0.156139785494,0.149874115624,0.142194924613,0.132690274670,0.120495940824,0.103175219529,,,,,,,,,0.054181042102,1.200000000000
150120,0.172130713357,0.171705476734,0.170423900100,0.168267532114,0.165202577794,0.161174379656,0.156097123003,0.149834272374,0.142158438070,0.132657790274,0.120468340460,0.103154069208,,,,,,,,,0.054177085037,1.200000000000
150180,0.172080560438,0.171655529452,0.170374570649,0.168219235697,0.165155735534,0.161129423127,0.156054501779,0.149794467273,0.142121986017,0.132625336087,0.120440765217,0.103132937563,,,,,,,,,0.054173133788,1.200000000000
150240,0.172030457234,0.171605631650,0.170325289971,0.168170986874,0.165108939218,0.161084510414,0.156011921759,0.149754700263,0.142085568402,0.132592912067,0.120413215059,0.103111824569,,,,,,,,,0.054169188344,1.200000000000
150300,0.171980403670,0.171555783252,0.170276057990,0.168122785573,0.165062188774,0.161039641451,0.155969382882,0.149714971289,0.142049185176,0.132560518168,0.120385689950,0.103090730200,,,,,,,,,0.054165248695,1.200000000000
150360,0.171930399670,0.171505984183,0.170226874633,0.168074631720,0.165015484133,0.160994816171,0.155926885086,0.149675280293,0.142012836289,0.132528154347,0.120358189855,0.103069654429,,,,,,,,,0.054161314827,1.200000000000
150420,0.171880445158,0.171456234368,0.170177739827,0.168026525245,0.164968825227,0.160950034509,0.155884428311,0.149635627220,0.141976521688,0.132495820561,0.120330714739,0.103048597231,,,,,,,,,0.054157386731,1.200000000000
150480,0.171830540060,0.171406533732,0.170128653497,0.167978466076,0.164922211986,0.160905296399,0.155842012495,0.149596012014,0.141940241325,0.132463516767,0.120303264565,0.103027558581,,,,,,,,,0.054153464395,1.200000000000
150540,0.171780684299,0.171356882200,0.170079615571,0.167930454141,0.164875644342,0.160860601777,0.155799637576,0.149556434618,0.141903995150,0.132431242921,0.120275839298,0.103006538452,,,,,,,,,0.054149547808,1.200000000000
150600,0.171730877802,0.171307279698,0.170030625973,0.167882489368,0.164829122226,0.160815950577,0.155757303494,0.149516894977,0.141867783112,0.132398998979,0.120248438903,0.102985536819,,,,,,,,,0.054145636958,1.200000000000
150660,0.171681120493,0.171257726152,0.169981684632,0.167834571687,0.164782645569,0.160771342734,0.155715010189,0.149477393035,0.141831605161,0.132366784899,0.120221063344,0.102964553656,,,,,,,,,0.054141731835,1.200000000000
150720,0.171631412297,0.171208221486,0.169932791475,0.167786701025,0.164736214303,0.160726778182,0.155672757599,0.149437928735,0.141795461247,0.132334600638,0.120193712587,0.102943588938,,,,,,,,,0.054137832426,1.200000000000
150780,0.171581753141,0.171158765627,0.169883946427,0.167738877313,0.164689828359,0.160682256858,0.155630545663,0.149398502023,0.141759351321,0.132302446152,0.120166386595,0.102922642639,,,,,,,,,0.054133938722,1.200000000000
150840,0.171532142949,0.171109358501,0.169835149417,0.167691100479,0.164643487669,0.160637778696,0.155588374322,0.149359112844,0.141723275333,0.132270321398,0.120139085335,0.102901714734,,,,,,,,,0.054130050710,1.200000000000
150900,0.171482581648,0.171060000033,0.169786400372,0.167643370452,0.164597192166,0.160593343632,0.155546243515,0.149319761141,0.141687233234,0.132238226334,0.120111808770,0.102880805197,,,,,,,,,0.054126168380,1.200000000000
150960,0.171433069163,0.171010690152,0.169737699218,0.167595687162,0.164550941781,0.160548951601,0.155504153181,0.149280446859,0.141651224973,0.132206160917,0.120084556867,0.102859914003,,,,,,,,,0.054122291721,1.200000000000
151020,0.171383605420,0.170961428781,0.169689045885,0.167548050539,0.164504736446,0.160504602539,0.155462103261,0.149241169944,0.141615250502,0.132174125103,0.120057329589,0.102839041127,,,,,,,,,0.054118420721,1.200000000000
151080,0.171334190346,0.170912215850,0.169640440299,0.167500460511,0.164458576094,0.160460296382,0.155420093695,0.149201930339,0.141579309772,0.132142118851,0.120030126902,0.102818186543,,,,,,,,,0.054114555371,1.200000000000
151140,0.171284823867,0.170863051283,0.169591882388,0.167452917010,0.164412460658,0.160416033066,0.155378124422,0.149162727992,0.141543402733,0.132110142119,0.120002948772,0.102797350226,,,,,,,,,0.054110695657,1.200000000000
151200,0.171235505910,0.170813935008,0.169543372081,0.167405419964,0.164366390070,0.160371812527,0.155336195384,0.149123562845,0.141507529335,0.132078194862,0.119975795163,0.102776532151,,,,,,,,,0.054106841571,1.200000000000
151260,0.171186236401,0.170764866952,0.169494909305,0.167357969304,0.164320364262,0.160327634700,0.155294306519,0.149084434846,0.141471689531,0.132046277040,0.119948666042,0.102755732293,,,,,,,,,0.054102993100,1.200000000000
151320,0.171137015266,0.170715847043,0.169446493989,0.167310564960,0.164274383169,0.160283499523,0.155252457769,0.149045343938,0.141435883271,0.132014388609,0.119921561372,0.102734950627,,,,,,,,,0.054099150234,1.200000000000
151380,0.171087842434,0.170666875207,0.169398126062,0.167263206863,0.164228446722,0.160239406931,0.155210649075,0.149006290069,0.141400110506,0.131982529528,0.119894481121,0.102714187127,,,,,,,,,0.054095312962,1.200000000000
151440,0.171038717830,0.170617951371,0.169349805452,0.167215894943,0.164182554854,0.160195356862,0.155168880377,0.148967273182,0.141364371188,0.131950699755,0.119867425253,0.102693441769,,,,,,,,,0.054091481273,1.200000000000
151500,0.170989641382,0.170569075465,0.169301532088,0.167168629130,0.164136707500,0.160151349252,0.155127151615,0.148928293225,0.141328665269,0.131918899247,0.119840393733,0.102672714528,,,,,,,,,0.054087655157,1.200000000000
151560,0.170940613019,0.170520247415,0.169253305898,0.167121409356,0.164090904593,0.160107384037,0.155085462732,0.148889350142,0.141292992698,0.131887127962,0.119813386529,0.102652005378,,,,,,,,,0.054083834602,1.200000000000
151620,0.170891632666,0.170471467149,0.169205126812,0.167074235551,0.164045146066,0.160063461156,0.155043813667,0.148850443880,0.141257353429,0.131855385859,0.119786403605,0.102631314296,,,,,,,,,0.054080019598,1.200000000000
151680,0.170842700252,0.170422734595,0.169156994759,0.167027107647,0.163999431852,0.160019580544,0.155002204362,0.148811574385,0.141221747413,0.131823672895,0.119759444927,0.102610641256,,,,,,,,,0.054076210134,1.200000000000
151740,0.170793815704,0.170374049682,0.169108909668,0.166980025574,0.163953761886,0.159975742138,0.154960634759,0.148772741603,0.141186174601,0.131791989030,0.119732510461,0.102589986233,,,,,,,,,0.054072406199,1.200000000000
151800,0.170744978952,0.170325412338,0.169060871469,0.166932989265,0.163908136102,0.159931945878,0.154919104798,0.148733945480,0.141150634946,0.131760334221,0.119705600173,0.102569349203,,,,,,,,,0.054068607782,1.200000000000
151860,0.170696189921,0.170276822491,0.169012880092,0.166885998649,0.163862554434,0.159888191699,0.154877614421,0.148695185962,0.141115128399,0.131728708426,0.119678714029,0.102548730140,,,,,,,,,0.054064814874,1.200000000000
151920,0.170647448542,0.170228280070,0.168964935465,0.166839053660,0.163817016815,0.159844479539,0.154836163570,0.148656462996,0.141079654912,0.131697111605,0.119651851996,0.102528129022,,,,,,,,,0.054061027463,1.200000000000
151980,0.170598754742,0.170179785003,0.168917037519,0.166792154229,0.163771523181,0.159800809336,0.154794752187,0.148617776529,0.141044214438,0.131665543716,0.119625014038,0.102507545822,,,,,,,,,0.054057245538,1.200000000000
152040,0.170550108450,0.170131337220,0.168869186184,0.166745300287,0.163726073466,0.159757181027,0.154753380214,0.148579126507,0.141008806929,0.131634004717,0.119598200123,0.102486980516,,,,,,,,,0.054053469089,1.200000000000
152100,0.170501509594,0.170082936650,0.168821381391,0.166698491767,0.163680667603,0.159713594552,0.154712047591,0.148540512876,0.140973432337,0.131602494568,0.119571410216,0.102466433080,,,,,,,,,0.054049698106,1.200000000000
152160,0.170452958104,0.170034583222,0.168773623069,0.166651728601,0.163635305529,0.159670049847,0.154670754262,0.148501935585,0.140938090615,0.131571013227,0.119544644284,0.102445903489,,,,,,,,,0.054045932578,1.200000000000
152220,0.170404453908,0.169986276865,0.168725911148,0.166605010721,0.163589987178,0.159626546851,0.154629500169,0.148463394579,0.140902781714,0.131539560652,0.119517902294,0.102425391719,,,,,,,,,0.054042172494,1.200000000000
152280,0.170355996935,0.169938017509,0.168678245560,0.166558338060,0.163544712485,0.159583085502,0.154588285254,0.148424889806,0.140867505588,0.131508136804,0.119491184211,0.102404897746,,,,,,,,,0.054038417845,1.200000000000
152340,0.170307587115,0.169889805082,0.168630626235,0.166511710550,0.163499481385,0.159539665739,0.154547109459,0.148386421212,0.140832262190,0.131476741641,0.119464490002,0.102384421545,,,,,,,,,0.054034668618,1.200000000000
152400,0.170259224377,0.169841639516,0.168583053105,0.166465128124,0.163454293813,0.159496287499,0.154505972728,0.148347988746,0.140797051471,0.131445375121,0.119437819635,0.102363963092,,,,,,,,,0.054030924805,1.200000000000
152460,0.170210908650,0.169793520740,0.168535526099,0.166418590714,0.163409149705,0.159452950723,0.154464875002,0.148309592355,0.140761873386,0.131414037205,0.119411173074,0.102343522363,,,,,,,,,0.054027186394,1.200000000000
152520,0.170162639865,0.169745448683,0.168488045149,0.166372098254,0.163364048996,0.159409655348,0.154423816224,0.148271231986,0.140726727886,0.131382727852,0.119384550288,0.102323099334,,,,,,,,,0.054023453375,1.200000000000
152580,0.170114417950,0.169697423277,0.168440610187,0.166325650676,0.163318991621,0.159366401313,0.154382796337,0.148232907586,0.140691614926,0.131351447021,0.119357951243,0.102302693979,,,,,,,,,0.054019725738,1.200000000000
152640,0.170066242837,0.169649444451,0.168393221143,0.166279247914,0.163273977518,0.159323188558,0.154341815285,0.148194619103,0.140656534457,0.131320194672,0.119331375905,0.102282306277,,,,,,,,,0.054016003473,1.200000000000
152700,0.170018114454,0.169601512136,0.168345877950,0.166232889902,0.163229006620,0.159280017021,0.154300873010,0.148156366486,0.140621486434,0.131288970763,0.119304824242,0.102261936201,,,,,,,,,0.054012286569,1.200000000000
152760,0.169970032733,0.169553626262,0.168298580538,0.166186576572,0.163184078866,0.159236886642,0.154259969455,0.148118149682,0.140586470810,0.131257775255,0.119278296221,0.102241583729,,,,,,,,,0.054008575015,1.200000000000
152820,0.169921997603,0.169505786760,0.168251328841,0.166140307858,0.163139194189,0.159193797360,0.154219104565,0.148079968638,0.140551487537,0.131226608107,0.119251791808,0.102221248836,,,,,,,,,0.054004868802,1.200000000000
152880,0.169874008995,0.169457993561,0.168204122789,0.166094083695,0.163094352528,0.159150749115,0.154178278281,0.148041823304,0.140516536570,0.131195469279,0.119225310970,0.102200931499,,,,,,,,,0.054001167920,1.200000000000
152940,0.169826066840,0.169410246596,0.168156962315,0.166047904015,0.163049553818,0.159107741846,0.154137490549,0.148003713627,0.140481617863,0.131164358731,0.119198853675,0.102180631693,,,,,,,,,0.053997472358,1.200000000000
153000,0.169778171068,0.169362545797,0.168109847350,0.166001768754,0.163004797995,0.159064775493,0.154096741310,0.147965639555,0.140446731368,0.131133276423,0.119172419890,0.102160349395,,,,,,,,,0.053993782105,1.200000000000
153060,0.169730321611,0.169314891093,0.168062777828,0.165955677844,0.162960084997,0.159021849996,0.154056030510,0.147927601038,0.140411877040,0.131102222315,0.119146009582,0.102140084581,,,,,,,,,0.053990097152,1.200000000000
153120,0.169682518399,0.169267282417,0.168015753681,0.165909631221,0.162915414760,0.158978965294,0.154015358092,0.147889598023,0.140377054832,0.131071196366,0.119119622719,0.102119837227,,,,,,,,,0.053986417489,1.200000000000
153180,0.169634761363,0.169219719701,0.167968774842,0.165863628818,0.162870787221,0.158936121329,0.153974724000,0.147851630458,0.140342264698,0.131040198537,0.119093259267,0.102099607309,,,,,,,,,0.053982743106,1.200000000000
153240,0.169587050435,0.169172202875,0.167921841242,0.165817670571,0.162826202317,0.158893318039,0.153934128178,0.147813698294,0.140307506593,0.131009228789,0.119066919195,0.102079394805,,,,,,,,,0.053979073991,1.200000000000
153300,0.169539385547,0.169124731872,0.167874952815,0.165771756413,0.162781659984,0.158850555366,0.153893570571,0.147775801477,0.140272780471,0.130978287081,0.119040602469,0.102059199690,,,,,,,,,0.053975410136,1.200000000000
153360,0.169491766629,0.169077306624,0.167828109495,0.165725886280,0.162737160162,0.158807833249,0.153853051122,0.147737939958,0.140238086285,0.130947373373,0.119014309058,0.102039021940,,,,,,,,,0.053971751530,1.200000000000
153420,0.169444193614,0.169029927063,0.167781311213,0.165680060107,0.162692702786,0.158765151630,0.153812569776,0.147700113686,0.140203423990,0.130916487627,0.118988038928,0.102018861533,,,,,,,,,0.053968098164,1.200000000000
153480,0.169396666434,0.168982593120,0.167734557904,0.165634277828,0.162648287794,0.158722510448,0.153772126477,0.147662322608,0.140168793541,0.130885629803,0.118961792048,0.101998718444,,,,,,,,,0.053964450026,1.200000000000
153540,0.169349185020,0.168935304729,0.167687849501,0.165588539379,0.162603915124,0.158679909646,0.153731721171,0.147624566676,0.140134194891,0.130854799860,0.118935568385,0.101978592651,,,,,,,,,0.053960807108,1.200000000000
153600,0.169301749304,0.168888061821,0.167641185937,0.165542844695,0.162559584714,0.158637349163,0.153691353801,0.147586845837,0.140099627996,0.130823997761,0.118909367907,0.101958484129,,,,,,,,,0.053957169399,1.200000000000
153660,0.169254359219,0.168840864330,0.167594567146,0.165497193711,0.162515296501,0.158594828940,0.153651024313,0.147549160041,0.140065092810,0.130793223466,0.118883190583,0.101938392856,,,,,,,,,0.053953536889,1.200000000000
153720,0.169207014698,0.168793712188,0.167547993062,0.165451586363,0.162471050424,0.158552348919,0.153610732652,0.147511509238,0.140030589288,0.130762476934,0.118857036379,0.101918318809,,,,,,,,,0.053949909569,1.200000000000
153780,0.169159715672,0.168746605327,0.167501463618,0.165406022587,0.162426846420,0.158509909042,0.153570478762,0.147473893377,0.139996117384,0.130731758129,0.118830905264,0.101898261963,,,,,,,,,0.053946287428,1.200000000000
153840,0.169112462074,0.168699543682,0.167454978749,0.165360502318,0.162382684428,0.158467509248,0.153530262589,0.147436312407,0.139961677054,0.130701067009,0.118804797205,0.101878222296,,,,,,,,,0.053942670457,1.200000000000
153900,0.169065253837,0.168652527185,0.167408538389,0.165315025493,0.162338564386,0.158425149480,0.153490084078,0.147398766280,0.139927268252,0.130670403537,0.118778712172,0.101858199784,,,,,,,,,0.053939058646,1.200000000000
153960,0.169018090895,0.168605555769,0.167362142472,0.165269592046,0.162294486232,0.158382829680,0.153449943175,0.147361254944,0.139892890934,0.130639767673,0.118752650131,0.101838194405,,,,,,,,,0.053935451985,1.200000000000
154020,0.168970973179,0.168558629367,0.167315790933,0.165224201916,0.162250449906,0.158340549788,0.153409839824,0.147323778349,0.139858545054,0.130609159379,0.118726611052,0.101818206135,,,,,,,,,0.053931850464,1.200000000000
154080,0.168923900624,0.168511747914,0.167269483706,0.165178855037,0.162206455345,0.158298309748,0.153369773972,0.147286336446,0.139824230569,0.130578578616,0.118700594903,0.101798234951,,,,,,,,,0.053928254073,1.200000000000
154140,0.168876873162,0.168464911343,0.167223220726,0.165133551346,0.162162502489,0.158256109500,0.153329745564,0.147248929184,0.139789947433,0.130548025345,0.118674601651,0.101778280831,,,,,,,,,0.053924662803,1.200000000000
154200,0.168829890727,0.168418119588,0.167177001927,0.165088290780,0.162118591277,0.158213948986,0.153289754546,0.147211556515,0.139755695601,0.130517499527,0.118648631265,0.101758343751,,,,,,,,,0.053921076644,1.200000000000
154260,0.168782953253,0.168371372582,0.167130827245,0.165043073276,0.162074721647,0.158171828150,0.153249800864,0.147174218387,0.139721475029,0.130487001124,0.118622683715,0.101738423688,,,,,,,,,0.053917495586,1.200000000000
154320,0.168736060673,0.168324670259,0.167084696615,0.164997898769,0.162030893539,0.158129746932,0.153209884464,0.147136914752,0.139687285674,0.130456530098,0.118596758967,0.101718520620,,,,,,,,,0.053913919619,1.200000000000
154380,0.168689212921,0.168278012555,0.167038609972,0.164952767198,0.161987106893,0.158087705277,0.153170005291,0.147099645560,0.139653127489,0.130426086410,0.118570856991,0.101698634523,,,,,,,,,0.053910348735,1.200000000000
154440,0.168642409931,0.168231399402,0.166992567251,0.164907678499,0.161943361647,0.158045703125,0.153130163293,0.147062410762,0.139619000432,0.130395670022,0.118544977756,0.101678765375,,,,,,,,,0.053906782923,1.200000000000
154500,0.168595651637,0.168184830736,0.166946568387,0.164862632609,0.161899657740,0.158003740419,0.153090358415,0.147025210308,0.139584904458,0.130365280896,0.118519121229,0.101658913153,,,,,,,,,0.053903222173,1.200000000000
154560,0.168548937974,0.168138306491,0.166900613317,0.164817629466,0.161855995114,0.157961817103,0.153050590604,0.146988044149,0.139550839523,0.130334918993,0.118493287380,0.101639077834,,,,,,,,,0.053899666477,1.200000000000
154620,0.168502268875,0.168091826602,0.166854701976,0.164772669007,0.161812373707,0.157919933119,0.153010859806,0.146950912237,0.139516805582,0.130304584275,0.118467476178,0.101619259396,,,,,,,,,0.053896115824,1.200000000000
154680,0.168455644275,0.168045391003,0.166808834300,0.164727751169,0.161768793460,0.157878088409,0.152971165968,0.146913814521,0.139482802593,0.130274276704,0.118441687591,0.101599457816,,,,,,,,,0.053892570205,1.200000000000
154740,0.168409064109,0.167998999630,0.166763010224,0.164682875890,0.161725254312,0.157836282918,0.152931509037,0.146876750954,0.139448830510,0.130243996243,0.118415921589,0.101579673071,,,,,,,,,0.053889029610,1.200000000000
154800,0.168362528311,0.167952652417,0.166717229685,0.164638043108,0.161681756203,0.157794516588,0.152891888960,0.146839721486,0.139414889291,0.130213742853,0.118390178140,0.101559905139,,,,,,,,,0.053885494030,1.200000000000
154860,0.168316036817,0.167906349300,0.166671492619,0.164593252761,0.161638299074,0.157752789362,0.152852305682,0.146802726069,0.139380978892,0.130183516496,0.118364457213,0.101540153997,,,,,,,,,0.053881963456,1.200000000000
154920,0.168269589560,0.167860090214,0.166625798962,0.164548504787,0.161594882865,0.157711101183,0.152812759152,0.146765764654,0.139347099268,0.130153317135,0.118338758777,0.101520419623,,,,,,,,,0.053878437878,1.200000000000
154980,0.168223186478,0.167813875094,0.166580148651,0.164503799123,0.161551507516,0.157669451996,0.152773249317,0.146728837192,0.139313250378,0.130123144733,0.118313082802,0.101500701995,,,,,,,,,0.053874917286,1.200000000000
155040,0.168176827503,0.167767703877,0.166534541623,0.164459135709,0.161508172969,0.157627841743,0.152733776123,0.146691943635,0.139279432176,0.130092999251,0.118287429257,0.101481001089,,,,,,,,,0.053871401671,1.200000000000
155100,0.168130512573,0.167721576497,0.166488977813,0.164414514482,0.161464879163,0.157586270369,0.152694339519,0.146655083935,0.139245644621,0.130062880652,0.118261798110,0.101461316884,,,,,,,,,0.053867891024,1.200000000000
155160,0.168084241622,0.167675492891,0.166443457159,0.164369935381,0.161421626040,0.157544737817,0.152654939450,0.146618258043,0.139211887667,0.130032788898,0.118236189332,0.101441649358,,,,,,,,,0.053864385336,1.200000000000
155220,0.168038014586,0.167629452994,0.166397979598,0.164325398344,0.161378413541,0.157503244031,0.152615575866,0.146581465912,0.139178161274,0.130002723953,0.118210602892,0.101421998487,,,,,,,,,0.053860884596,1.200000000000
155280,0.167991831401,0.167583456743,0.166352545067,0.164280903311,0.161335241606,0.157461788955,0.152576248714,0.146544707492,0.139144465396,0.129972685778,0.118185038758,0.101402364250,,,,,,,,,0.053857388797,1.200000000000
155340,0.167945692003,0.167537504074,0.166307153503,0.164236450220,0.161292110177,0.157420372533,0.152536957941,0.146507982737,0.139110799992,0.129942674337,0.118159496901,0.101382746625,,,,,,,,,0.053853897927,1.200000000000
155400,0.167899596327,0.167491594922,0.166261804843,0.164192039010,0.161249019194,0.157378994710,0.152497703495,0.146471291598,0.139077165018,0.129912689592,0.118133977290,0.101363145589,,,,,,,,,0.053850411979,1.200000000000
155460,0.167853544310,0.167445729225,0.166216499025,0.164147669620,0.161205968600,0.157337655429,0.152458485324,0.146434634027,0.139043560432,0.129882731506,0.118108479895,0.101343561120,,,,,,,,,0.053846930943,1.200000000000
155520,0.167807535888,0.167399906919,0.166171235987,0.164103341990,0.161162958336,0.157296354635,0.152419303376,0.146398009976,0.139009986190,0.129852800042,0.118083004684,0.101323993197,,,,,,,,,0.053843454809,1.200000000000
155580,0.167761570997,0.167354127941,0.166126015665,0.164059056058,0.161119988343,0.157255092273,0.152380157600,0.146361419399,0.138976442250,0.129822895164,0.118057551629,0.101304441797,,,,,,,,,0.053839983569,1.200000000000
155640,0.167715649574,0.167308392227,0.166080837998,0.164014811764,0.161077058563,0.157213868288,0.152341047942,0.146324862248,0.138942928570,0.129793016833,0.118032120698,0.101284906898,,,,,,,,,0.053836517212,1.200000000000
155700,0.167669771555,0.167262699715,0.166035702923,0.163970609048,0.161034168938,0.157172682623,0.152301974353,0.146288338474,0.138909445106,0.129763165014,0.118006711862,0.101265388479,,,,,,,,,0.053833055731,1.200000000000
155760,0.167623936877,0.167217050341,0.165990610379,0.163926447848,0.160991319410,0.157131535224,0.152262936780,0.146251848031,0.138875991817,0.129733339670,0.117981325090,0.101245886516,,,,,,,,,0.053829599116,1.200000000000
155820,0.167578145477,0.167171444043,0.165945560304,0.163882328106,0.160948509921,0.157090426036,0.152223935172,0.146215390871,0.138842568660,0.129703540763,0.117955960353,0.101226400989,,,,,,,,,0.053826147358,1.200000000000
155880,0.167532397292,0.167125880758,0.165900552637,0.163838249761,0.160905740413,0.157049355004,0.152184969477,0.146178966948,0.138809175593,0.129673768258,0.117930617620,0.101206931876,,,,,,,,,0.053822700447,1.200000000000
155940,0.167486692259,0.167080360423,0.165855587314,0.163794212753,0.160863010828,0.157008322073,0.152146039644,0.146142576213,0.138775812573,0.129644022117,0.117905296860,0.101187479155,,,,,,,,,0.053819258375,1.200000000000
156000,0.167441030316,0.167034882976,0.165810664276,0.163750217022,0.160820321109,0.156967327189,0.152107145622,0.146106218621,0.138742479558,0.129614302304,0.117879998046,0.101168042803,,,,,,,,,0.053815821132,1.200000000000
156060,0.167395411398,0.166989448355,0.165765783460,0.163706262508,0.160777671198,0.156926370296,0.152068287359,0.146069894124,0.138709176507,0.129584608783,0.117854721146,0.101148622800,,,,,,,,,0.053812388710,1.200000000000
156120,0.167349835445,0.166944056497,0.165720944806,0.163662349152,0.160735061038,0.156885451340,0.152029464806,0.146033602675,0.138675903377,0.129554941518,0.117829466130,0.101129219123,,,,,,,,,0.053808961099,1.200000000000
156180,0.167304302393,0.166898707340,0.165676148251,0.163618476893,0.160692490571,0.156844570267,0.151990677910,0.145997344228,0.138642660126,0.129525300471,0.117804232969,0.101109831752,,,,,,,,,0.053805538290,1.200000000000
156240,0.167258812181,0.166853400823,0.165631393736,0.163574645674,0.160649959740,0.156803727023,0.151951926621,0.145961118736,0.138609446713,0.129495685607,0.117779021634,0.101090460664,,,,,,,,,0.053802120275,1.200000000000
156300,0.167213364745,0.166808136882,0.165586681199,0.163530855434,0.160607468489,0.156762921553,0.151913210889,0.145924926152,0.138576263096,0.129466096890,0.117753832094,0.101071105837,,,,,,,,,0.053798707045,1.200000000000
156360,0.167167960024,0.166762915458,0.165542010580,0.163487106114,0.160565016760,0.156722153803,0.151874530662,0.145888766431,0.138543109233,0.129436534283,0.117728664320,0.101051767251,,,,,,,,,0.053795298590,1.200000000000
156420,0.167122597957,0.166717736487,0.165497381818,0.163443397655,0.160522604497,0.156681423719,0.151835885891,0.145852639524,0.138509985082,0.129406997751,0.117703518283,0.101032444884,,,,,,,,,0.053791894901,1.200000000000
156480,0.167077278480,0.166672599909,0.165452794851,0.163399729998,0.160480231642,0.156640731247,0.151797276524,0.145816545387,0.138476890603,0.129377487257,0.117678393952,0.101013138714,,,,,,,,,0.053788495970,1.200000000000
156540,0.167032001533,0.166627505662,0.165408249621,0.163356103084,0.160437898139,0.156600076334,0.151758702512,0.145780483973,0.138443825753,0.129348002765,0.117653291299,0.100993848720,,,,,,,,,0.053785101788,1.200000000000
156600,0.166986767054,0.166582453684,0.165363746066,0.163312516855,0.160395603932,0.156559458926,0.151720163804,0.145744455236,0.138410790491,0.129318544241,0.117628210294,0.100974574880,,,,,,,,,0.053781712346,1.200000000000
156660,0.166941574982,0.166537443916,0.165319284126,0.163268971252,0.160353348964,0.156518878969,0.151681660350,0.145708459129,0.138377784777,0.129289111647,0.117603150908,0.100955317174,,,,,,,,,0.053778327636,1.200000000000
156720,0.166896425254,0.166492476295,0.165274863742,0.163225466216,0.160311133178,0.156478336410,0.151643192100,0.145672495608,0.138344808568,0.129259704949,0.117578113111,0.100936075580,,,,,,,,,0.053774947647,1.200000000000
156780,0.166851317810,0.166447550760,0.165230484852,0.163182001689,0.160268956519,0.156437831195,0.151604759005,0.145636564625,0.138311861824,0.129230324110,0.117553096875,0.100916850076,,,,,,,,,0.053771572372,1.200000000000
156840,0.166806252589,0.166402667252,0.165186147398,0.163138577613,0.160226818931,0.156397363271,0.151566361013,0.145600666136,0.138278944503,0.129200969095,0.117528102170,0.100897640641,,,,,,,,,0.053768201802,1.200000000000
156900,0.166761229530,0.166357825708,0.165141851320,0.163095193930,0.160184720357,0.156356932585,0.151527998076,0.145564800094,0.138246056565,0.129171639868,0.117503128967,0.100878447255,,,,,,,,,0.053764835928,1.200000000000
156960,0.166716248571,0.166313026070,0.165097596558,0.163051850580,0.160142660742,0.156316539083,0.151489670144,0.145528966454,0.138213197969,0.129142336395,0.117478177237,0.100859269896,,,,,,,,,0.053761474740,1.200000000000
157020,0.166671309652,0.166268268275,0.165053383052,0.163008547508,0.160100640029,0.156276182714,0.151451377167,0.145493165170,0.138180368673,0.129113058639,0.117453246951,0.100840108543,,,,,,,,,0.053758118232,1.200000000000
157080,0.166626412713,0.166223552264,0.165009210743,0.162965284653,0.160058658163,0.156235863423,0.151413119096,0.145457396197,0.138147568638,0.129083806566,0.117428338080,0.100820963175,,,,,,,,,0.053754766393,1.200000000000
157140,0.166581557692,0.166178877977,0.164965079571,0.162922061960,0.160016715089,0.156195581158,0.151374895882,0.145421659490,0.138114797822,0.129054580139,0.117403450595,0.100801833770,,,,,,,,,0.053751419216,1.200000000000
157200,0.166536744530,0.166134245353,0.164920989479,0.162878879370,0.159974810752,0.156155335867,0.151336707474,0.145385955003,0.138082056185,0.129025379325,0.117378584467,0.100782720309,,,,,,,,,0.053748076691,1.200000000000
157260,0.166491973166,0.166089654333,0.164876940406,0.162835736826,0.159932945094,0.156115127497,0.151298553824,0.145350282692,0.138049343686,0.128996204087,0.117353739668,0.100763622769,,,,,,,,,0.053744738809,1.200000000000
157320,0.166447243540,0.166045104856,0.164832932293,0.162792634270,0.159891118063,0.156074955995,0.151260434884,0.145314642510,0.138016660286,0.128967054392,0.117328916168,0.100744541130,,,,,,,,,0.053741405563,1.200000000000
157380,0.166402555592,0.166000596863,0.164788965082,0.162749571645,0.159849329601,0.156034821309,0.151222350602,0.145279034413,0.137984005942,0.128937930202,0.117304113939,0.100725475372,,,,,,,,,0.053738076944,1.200000000000
157440,0.166357909262,0.165956130294,0.164745038714,0.162706548894,0.159807579655,0.155994723386,0.151184300932,0.145243458357,0.137951380616,0.128908831485,0.117279332953,0.100706425472,,,,,,,,,0.053734752943,1.200000000000
157500,0.166313304489,0.165911705090,0.164701153130,0.162663565959,0.159765868170,0.155954662175,0.151146285824,0.145207914295,0.137918784267,0.128879758204,0.117254573181,0.100687391411,,,,,,,,,0.053731433551,1.200000000000
157560,0.166268741215,0.165867321191,0.164657308273,0.162620622785,0.159724195090,0.155914637624,0.151108305229,0.145172402184,0.137886216855,0.128850710326,0.117229834594,0.100668373168,,,,,,,,,0.053728118760,1.200000000000
157620,0.166224219380,0.165822978538,0.164613504082,0.162577719313,0.159682560360,0.155874649680,0.151070359099,0.145136921979,0.137853678339,0.128821687815,0.117205117163,0.100649370721,,,,,,,,,0.053724808562,1.200000000000
157680,0.166179738923,0.165778677071,0.164569740501,0.162534855488,0.159640963927,0.155834698291,0.151032447385,0.145101473634,0.137821168681,0.128792690637,0.117180420861,0.100630384051,,,,,,,,,0.053721502947,1.200000000000
157740,0.166135299787,0.165734416733,0.164526017471,0.162492031252,0.159599405735,0.155794783406,0.150994570039,0.145066057107,0.137788687839,0.128763718757,0.117155745659,0.100611413136,,,,,,,,,0.053718201908,1.200000000000
157800,0.166090901911,0.165690197462,0.164482334934,0.162449246548,0.159557885731,0.155754904974,0.150956727011,0.145030672352,0.137756235774,0.128734772140,0.117131091528,0.100592457956,,,,,,,,,0.053714905436,1.200000000000
157860,0.166046545236,0.165646019202,0.164438692832,0.162406501322,0.159516403859,0.155715062941,0.150918918255,0.144995319324,0.137723812447,0.128705850753,0.117106458441,0.100573518490,,,,,,,,,0.053711613523,1.200000000000
157920,0.166002229703,0.165601881892,0.164395091106,0.162363795515,0.159474960066,0.155675257258,0.150881143722,0.144959997980,0.137691417816,0.128676954560,0.117081846369,0.100554594718,,,,,,,,,0.053708326160,1.200000000000
157980,0.165957955254,0.165557785475,0.164351529701,0.162321129073,0.159433554298,0.155635487872,0.150843403363,0.144924708275,0.137659051844,0.128648083527,0.117057255284,0.100535686619,,,,,,,,,0.053705043338,1.200000000000
158040,0.165913721829,0.165513729892,0.164308008557,0.162278501938,0.159392186500,0.155595754732,0.150805697131,0.144889450166,0.137626714490,0.128619237620,0.117032685157,0.100516794173,,,,,,,,,0.053701765050,1.200000000000
158100,0.165869529370,0.165469715084,0.164264527617,0.162235914056,0.159350856619,0.155556057787,0.150768024978,0.144854223608,0.137594405715,0.128590416805,0.117008135962,0.100497917360,,,,,,,,,0.053698491287,1.200000000000
158160,0.165825377819,0.165425740993,0.164221086824,0.162193365369,0.159309564601,0.155516396986,0.150730386855,0.144819028557,0.137562125479,0.128561621048,0.116983607669,0.100479056158,,,,,,,,,0.053695222040,1.200000000000
158220,0.165781267115,0.165381807562,0.164177686121,0.162150855822,0.159268310392,0.155476772278,0.150692782716,0.144783864970,0.137529873744,0.128532850314,0.116959100250,0.100460210547,,,,,,,,,0.053691957302,1.200000000000
158280,0.165737197203,0.165337914731,0.164134325450,0.162108385360,0.159227093938,0.155437183612,0.150655212513,0.144748732802,0.137497650469,0.128504104570,0.116934613679,0.100441380508,,,,,,,,,0.053688697064,1.200000000000
158340,0.165693168022,0.165294062442,0.164091004755,0.162065953927,0.159185915187,0.155397630937,0.150617676197,0.144713632011,0.137465455616,0.128475383781,0.116910147926,0.100422566019,,,,,,,,,0.053685441318,1.200000000000
158400,0.165649179515,0.165250250639,0.164047723978,0.162023561467,0.159144774084,0.155358114202,0.150580173722,0.144678562551,0.137433289145,0.128446687913,0.116885702964,0.100403767061,,,,,,,,,0.053682190055,1.200000000000
158460,0.165605231624,0.165206479263,0.164004483062,0.161981207925,0.159103670576,0.155318633357,0.150542705039,0.144643524381,0.137401151018,0.128418016933,0.116861278766,0.100384983614,,,,,,,,,0.053678943267,1.200000000000
158520,0.165561324290,0.165162748257,0.163961281951,0.161938893245,0.159062604610,0.155279188351,0.150505270103,0.144608517456,0.137369041195,0.128389370807,0.116836875303,0.100366215656,,,,,,,,,0.053675700946,1.200000000000
158580,0.165517457457,0.165119057563,0.163918120588,0.161896617374,0.159021576134,0.155239779134,0.150467868865,0.144573541732,0.137336959638,0.128360749501,0.116812492548,0.100347463169,,,,,,,,,0.053672463084,1.200000000000
158640,0.165473631066,0.165075407123,0.163874998917,0.161854380254,0.158980585093,0.155200405656,0.150430501279,0.144538597168,0.137304906307,0.128332152982,0.116788130473,0.100328726131,,,,,,,,,0.053669229673,1.200000000000
158700,0.165429845060,0.165031796881,0.163831916881,0.161812181833,0.158939631436,0.155161067865,0.150393167297,0.144503683719,0.137272881164,0.128303581215,0.116763789051,0.100310004523,,,,,,,,,0.053666000704,1.200000000000
158760,0.165386099380,0.164988226779,0.163788874423,0.161770022054,0.158898715109,0.155121765712,0.150355866873,0.144468801342,0.137240884171,0.128275034167,0.116739468254,0.100291298325,,,,,,,,,0.053662776169,1.200000000000
158820,0.165342393971,0.164944696760,0.163745871488,0.161727900863,0.158857836059,0.155082499147,0.150318599959,0.144433949995,0.137208915288,0.128246511806,0.116715168055,0.100272607516,,,,,,,,,0.053659556060,1.200000000000
158880,0.165298728774,0.164901206766,0.163702908020,0.161685818205,0.158816994235,0.155043268120,0.150281366509,0.144399129634,0.137176974477,0.128218014096,0.116690888426,0.100253932077,,,,,,,,,0.053656340370,1.200000000000
158940,0.165255103732,0.164857756742,0.163659983962,0.161643774026,0.158776189583,0.155004072581,0.150244166476,0.144364340216,0.137145061700,0.128189541006,0.116666629339,0.100235271988,,,,,,,,,0.053653129089,1.200000000000
159000,0.165211518789,0.164814346630,0.163617099258,0.161601768271,0.158735422051,0.154964912481,0.150206999814,0.144329581699,0.137113176918,0.128161092501,0.116642390768,0.100216627228,,,,,,,,,0.053649922210,1.200000000000
159060,0.165167973887,0.164770976374,0.163574253853,0.161559800887,0.158694691587,0.154925787768,0.150169866475,0.144294854040,0.137081320093,0.128132668548,0.116618172686,0.100197997779,,,,,,,,,0.053646719725,1.200000000000
159120,0.165124468969,0.164727645917,0.163531447692,0.161517871818,0.158653998138,0.154886698395,0.150132766415,0.144260157195,0.137049491186,0.128104269115,0.116593975064,0.100179383619,,,,,,,,,0.053643521625,1.200000000000
159180,0.165081003979,0.164684355203,0.163488680717,0.161475981010,0.158613341653,0.154847644311,0.150095699585,0.144225491124,0.137017690160,0.128075894167,0.116569797876,0.100160784730,,,,,,,,,0.053640327903,1.200000000000
159240,0.165037578860,0.164641104175,0.163445952875,0.161434128410,0.158572722080,0.154808625467,0.150058665941,0.144190855783,0.136985916975,0.128047543673,0.116545641095,0.100142201091,,,,,,,,,0.053637138551,1.200000000000
159300,0.164994193555,0.164597892777,0.163403264109,0.161392313964,0.158532139365,0.154769641813,0.150021665435,0.144156251129,0.136954171595,0.128019217599,0.116521504694,0.100123632683,,,,,,,,,0.053633953561,1.200000000000
159360,0.164950848009,0.164554720953,0.163360614365,0.161350537617,0.158491593459,0.154730693301,0.149984698022,0.144121677121,0.136922453982,0.127990915911,0.116497388644,0.100105079486,,,,,,,,,0.053630772924,1.200000000000
159420,0.164907542164,0.164511588646,0.163318003586,0.161308799316,0.158451084308,0.154691779882,0.149947763656,0.144087133715,0.136890764096,0.127962638578,0.116473292921,0.100086541480,,,,,,,,,0.053627596633,1.200000000000
159480,0.164864275965,0.164468495802,0.163275431719,0.161267099008,0.158410611862,0.154652901505,0.149910862291,0.144052620871,0.136859101901,0.127934385566,0.116449217496,0.100068018646,,,,,,,,,0.053624424680,1.200000000000
159540,0.164821049355,0.164425442364,0.163232898708,0.161225436639,0.158370176069,0.154614058122,0.149873993881,0.144018138545,0.136827467358,0.127906156843,0.116425162342,0.100049510964,,,,,,,,,0.053621257056,1.200000000000
159600,0.164777862279,0.164382428276,0.163190404498,0.161183812155,0.158329776877,0.154575249685,0.149837158380,0.143983686697,0.136795860430,0.127877952375,0.116401127434,0.100031018415,,,,,,,,,0.053618093755,1.200000000000
159660,0.164734714680,0.164339453483,0.163147949034,0.161142225503,0.158289414235,0.154536476145,0.149800355743,0.143949265283,0.136764281079,0.127849772130,0.116377112743,0.100012540978,,,,,,,,,0.053614934768,1.200000000000
159720,0.164691606502,0.164296517929,0.163105532263,0.161100676630,0.158249088091,0.154497737452,0.149763585923,0.143914874261,0.136732729268,0.127821616076,0.116353118244,0.099994078636,,,,,,,,,0.053611780087,1.200000000000
159780,0.164648537691,0.164253621559,0.163063154129,0.161059165482,0.158208798396,0.154459033559,0.149726848876,0.143880513591,0.136701204960,0.127793484180,0.116329143909,0.099975631367,,,,,,,,,0.053608629704,1.200000000000
159840,0.164605508190,0.164210764317,0.163020814577,0.161017692008,0.158168545097,0.154420364416,0.149690144557,0.143846183230,0.136669708115,0.127765376409,0.116305189712,0.099957199152,,,,,,,,,0.053605483612,1.200000000000
159900,0.164562517944,0.164167946149,0.162978513554,0.160976256153,0.158128328143,0.154381729976,0.149653472919,0.143811883137,0.136638238699,0.127737292732,0.116281255626,0.099938781973,,,,,,,,,0.053602341803,1.200000000000
159960,0.164519566898,0.164125166999,0.162936251005,0.160934857865,0.158088147485,0.154343130189,0.149616833918,0.143777613270,0.136606796672,0.127709233115,0.116257341626,0.099920379810,,,,,,,,,0.053599204268,1.200000000000
160020,0.164476654996,0.164082426813,0.162894026876,0.160893497091,0.158048003070,0.154304565009,0.149580227508,0.143743373588,0.136575381997,0.127681197527,0.116233447683,0.099901992643,,,,,,,,,0.053596071001,1.200000000000
160080,0.164433782183,0.164039725535,0.162851841114,0.160852173779,0.158007894849,0.154266034386,0.149543653644,0.143709164049,0.136543994639,0.127653185934,0.116209573772,0.099883620453,,,,,,,,,0.053592941993,1.200000000000
160140,0.164390948404,0.163997063110,0.162809693663,0.160810887876,0.157967822770,0.154227538272,0.149507112282,0.143674984612,0.136512634559,0.127625198306,0.116185719866,0.099865263221,,,,,,,,,0.053589817237,1.200000000000
160200,0.164348153604,0.163954439484,0.162767584471,0.160769639329,0.157927786784,0.154189076620,0.149470603376,0.143640835235,0.136481301720,0.127597234610,0.116161885939,0.099846920928,,,,,,,,,0.053586696725,1.200000000000
160260,0.164305397728,0.163911854603,0.162725513483,0.160728428087,0.157887786840,0.154150649382,0.149434126882,0.143606715878,0.136449996086,0.127569294813,0.116138071965,0.099828593554,,,,,,,,,0.053583580449,1.200000000000
160320,0.164262680722,0.163869308411,0.162683480646,0.160687254096,0.157847822887,0.154112256510,0.149397682755,0.143572626499,0.136418717619,0.127541378884,0.116114277917,0.099810281081,,,,,,,,,0.053580468402,1.200000000000
160380,0.164220002530,0.163826800855,0.162641485906,0.160646117306,0.157807894875,0.154073897956,0.149361270950,0.143538567057,0.136387466283,0.127513486791,0.116090503769,0.099791983489,,,,,,,,,0.053577360576,1.200000000000
160440,0.164177363099,0.163784331880,0.162599529210,0.160605017663,0.157768002755,0.154035573672,0.149324891423,0.143504537512,0.136356242042,0.127485618501,0.116066749495,0.099773700758,,,,,,,,,0.053574256962,1.200000000000
160500,0.164134762373,0.163741901432,0.162557610505,0.160563955116,0.157728146476,0.153997283611,0.149288544128,0.143470537822,0.136325044857,0.127457773984,0.116043015069,0.099755432871,,,,,,,,,0.053571157555,1.200000000000
160560,0.164092200299,0.163699509457,0.162515729737,0.160522929613,0.157688325988,0.153959027726,0.149252229023,0.143436567946,0.136293874693,0.127429953207,0.116019300464,0.099737179808,,,,,,,,,0.053568062345,1.200000000000
160620,0.164049676823,0.163657155901,0.162473886853,0.160481941102,0.157648541241,0.153920805969,0.149215946062,0.143402627845,0.136262731513,0.127402156138,0.115995605655,0.099718941550,,,,,,,,,0.053564971326,1.200000000000
160680,0.164007191889,0.163614840710,0.162432081800,0.160440989531,0.157608792187,0.153882618293,0.149179695201,0.143368717476,0.136231615280,0.127374382747,0.115971930615,0.099700718077,,,,,,,,,0.053561884490,1.200000000000
160740,0.163964745444,0.163572563830,0.162390314526,0.160400074850,0.157569078774,0.153844464651,0.149143476396,0.143334836800,0.136200525959,0.127346633000,0.115948275319,0.099682509372,,,,,,,,,0.053558801829,1.200000000000
160800,0.163922337434,0.163530325208,0.162348584977,0.160359197006,0.157529400954,0.153806344996,0.149107289603,0.143300985776,0.136169463512,0.127318906867,0.115924639741,0.099664315415,,,,,,,,,0.053555723335,1.200000000000
160860,0.163879967805,0.163488124790,0.162306893100,0.160318355948,0.157489758677,0.153768259280,0.149071134778,0.143267164363,0.136138427904,0.127291204317,0.115901023854,0.099646136187,,,,,,,,,0.053552649002,1.200000000000
160920,0.163837636504,0.163445962522,0.162265238843,0.160277551625,0.157450151894,0.153730207457,0.149035011876,0.143233372522,0.136107419098,0.127263525317,0.115877427633,0.099627971669,,,,,,,,,0.053549578821,1.200000000000
160980,0.163795343477,0.163403838352,0.162223622154,0.160236783985,0.157410580555,0.153692189479,0.148998920855,0.143199610211,0.136076437058,0.127235869836,0.115853851053,0.099609821844,,,,,,,,,0.053546512785,1.200000000000
161040,0.163753088669,0.163361752226,0.162182042979,0.160196052978,0.157371044611,0.153654205301,0.148962861670,0.143165877391,0.136045481748,0.127208237843,0.115830294087,0.099591686690,,,,,,,,,0.053543450887,1.200000000000
161100,0.163710872029,0.163319704090,0.162140501267,0.160155358553,0.157331544013,0.153616254875,0.148926834278,0.143132174022,0.136014553131,0.127180629307,0.115806756710,0.099573566192,,,,,,,,,0.053540393119,1.200000000000
161160,0.163668693502,0.163277693892,0.162098996965,0.160114700658,0.157292078713,0.153578338156,0.148890838635,0.143098500063,0.135983651173,0.127153044196,0.115783238896,0.099555460328,,,,,,,,,0.053537339474,1.200000000000
161220,0.163626553035,0.163235721579,0.162057530022,0.160074079243,0.157252648660,0.153540455095,0.148854874697,0.143064855474,0.135952775836,0.127125482480,0.115759740619,0.099537369081,,,,,,,,,0.053534289944,1.200000000000
161280,0.163584450575,0.163193787098,0.162016100384,0.160033494257,0.157213253807,0.153502605648,0.148818942421,0.143031240216,0.135921927086,0.127097944127,0.115736261855,0.099519292433,,,,,,,,,0.053531244522,1.200000000000
161340,0.163542386070,0.163151890395,0.161974708000,0.159992945649,0.157173894104,0.153464789767,0.148783041765,0.142997654248,0.135891104886,0.127070429106,0.115712802577,0.099501230363,,,,,,,,,0.053528203201,1.200000000000
161400,0.163500359465,0.163110031419,0.161933352819,0.159952433370,0.157134569504,0.153427007407,0.148747172683,0.142964097532,0.135860309200,0.127042937386,0.115689362760,0.099483182855,,,,,,,,,0.053525165972,1.200000000000
161460,0.163458370708,0.163068210117,0.161892034788,0.159911957368,0.157095279956,0.153389258521,0.148711335134,0.142930570026,0.135829539994,0.127015468936,0.115665942378,0.099465149889,,,,,,,,,0.053522132830,1.200000000000
161520,0.163416419747,0.163026426436,0.161850753856,0.159871517593,0.157056025414,0.153351543063,0.148675529073,0.142897071691,0.135798797231,0.126988023725,0.115642541407,0.099447131447,,,,,,,,,0.053519103765,1.200000000000
161580,0.163374506529,0.162984680324,0.161809509971,0.159831113995,0.157016805828,0.153313860987,0.148639754459,0.142863602489,0.135768080875,0.126960601723,0.115619159820,0.099429127510,,,,,,,,,0.053516078772,1.200000000000
161640,0.163332631001,0.162942971729,0.161768303081,0.159790746523,0.156977621151,0.153276212248,0.148604011248,0.142830162379,0.135737390892,0.126933202899,0.115595797594,0.099411138060,,,,,,,,,0.053513057842,1.200000000000
161700,0.163290793110,0.162901300598,0.161727133136,0.159750415129,0.156938471333,0.153238596799,0.148568299397,0.142796751321,0.135706727246,0.126905827221,0.115572454701,0.099393163078,,,,,,,,,0.053510040969,1.200000000000
161760,0.163248992805,0.162859666879,0.161686000084,0.159710119761,0.156899356327,0.153201014595,0.148532618863,0.142763369277,0.135676089901,0.126878474660,0.115549131118,0.099375202547,,,,,,,,,0.053507028145,1.200000000000
161820,0.163207230033,0.162818070521,0.161644903873,0.159669860369,0.156860276085,0.153163465590,0.148496969604,0.142730016208,0.135645478823,0.126851145184,0.115525826818,0.099357256447,,,,,,,,,0.053504019362,1.200000000000
161880,0.163165504742,0.162776511470,0.161603844453,0.159629636905,0.156821230560,0.153125949739,0.148461351577,0.142696692073,0.135614893976,0.126823838763,0.115502541778,0.099339324760,,,,,,,,,0.053501014615,1.200000000000
161940,0.163123816880,0.162734989677,0.161562821773,0.159589449318,0.156782219702,0.153088466995,0.148425764739,0.142663396835,0.135584335325,0.126796555367,0.115479275971,0.099321407469,,,,,,,,,0.053498013894,1.200000000000
162000,0.163082166394,0.162693505088,0.161521835781,0.159549297559,0.156743243464,0.153051017315,0.148390209048,0.142630130453,0.135553802835,0.126769294965,0.115456029373,0.099303504554,,,,,,,,,0.053495017194,1.200000000000
162060,0.163040553234,0.162652057653,0.161480886428,0.159509181578,0.156704301799,0.153013600651,0.148354684461,0.142596892888,0.135523296470,0.126742057527,0.115432801959,0.099285615998,,,,,,,,,0.053492024507,1.200000000000
162120,0.162998977346,0.162610647319,0.161439973661,0.159469101326,0.156665394659,0.152976216960,0.148319190936,0.142563684103,0.135492816197,0.126714843021,0.115409593704,0.099267741783,,,,,,,,,0.053489035825,1.200000000000
162180,0.162957438681,0.162569274036,0.161399097431,0.159429056753,0.156626521997,0.152938866196,0.148283728431,0.142530504058,0.135462361979,0.126687651419,0.115386404583,0.099249881890,,,,,,,,,0.053486051142,1.200000000000
162240,0.162915937185,0.162527937751,0.161358257686,0.159389047811,0.156587683765,0.152901548314,0.148248296904,0.142497352714,0.135431933783,0.126660482690,0.115363234571,0.099232036300,,,,,,,,,0.053483070451,1.200000000000
162300,0.162874472807,0.162486638414,0.161317454377,0.159349074449,0.156548879916,0.152864263268,0.148212896312,0.142464230032,0.135401531572,0.126633336804,0.115340083643,0.099214204997,,,,,,,,,0.053480093743,1.200000000000
162360,0.162833045497,0.162445375974,0.161276687454,0.159309136620,0.156510110402,0.152827011015,0.148177526613,0.142431135974,0.135371155314,0.126606213729,0.115316951775,0.099196387962,,,,,,,,,0.053477121013,1.200000000000
162420,0.162791655202,0.162404150379,0.161235956865,0.159269234273,0.156471375176,0.152789791509,0.148142187766,0.142398070501,0.135340804973,0.126579113437,0.115293838942,0.099178585176,,,,,,,,,0.053474152253,1.200000000000
162480,0.162750301871,0.162362961578,0.161195262560,0.159229367361,0.156432674192,0.152752604705,0.148106879729,0.142365033575,0.135310480514,0.126552035898,0.115270745119,0.099160796622,,,,,,,,,0.053471187456,1.200000000000
162540,0.162708985454,0.162321809522,0.161154604490,0.159189535834,0.156394007403,0.152715450559,0.148071602459,0.142332025157,0.135280181903,0.126524981081,0.115247670282,0.099143022282,,,,,,,,,0.053468226614,1.200000000000
162600,0.162667705899,0.162280694158,0.161113982605,0.159149739644,0.156355374760,0.152678329027,0.148036355915,0.142299045209,0.135249909105,0.126497948956,0.115224614405,0.099125262138,,,,,,,,,0.053465269722,1.200000000000
162660,0.162626463155,0.162239615436,0.161073396854,0.159109978741,0.156316776219,0.152641240063,0.148001140055,0.142266093692,0.135219662086,0.126470939494,0.115201577465,0.099107516172,,,,,,,,,0.053462316771,1.200000000000
162720,0.162585257172,0.162198573306,0.161032847189,0.159070253078,0.156278211731,0.152604183623,0.147965954838,0.142233170569,0.135189440812,0.126443952665,0.115178559437,0.099089784366,,,,,,,,,0.053459367755,1.200000000000
162780,0.162544087899,0.162157567717,0.160992333558,0.159030562607,0.156239681251,0.152567159663,0.147930800222,0.142200275800,0.135159245249,0.126416988439,0.115155560296,0.099072066702,,,,,,,,,0.053456422666,1.200000000000
162840,0.162502955284,0.162116598619,0.160951855913,0.158990907277,0.156201184731,0.152530168139,0.147895676166,0.142167409349,0.135129075362,0.126390046786,0.115132580019,0.099054363163,,,,,,,,,0.053453481499,1.200000000000
162900,0.162461859279,0.162075665961,0.160911414203,0.158951287043,0.156162722125,0.152493209007,0.147860582629,0.142134571177,0.135098931116,0.126363127676,0.115109618580,0.099036673730,,,,,,,,,0.053450544245,1.200000000000
162960,0.162420799831,0.162034769694,0.160871008380,0.158911701854,0.156124293388,0.152456282222,0.147825519568,0.142101761246,0.135068812479,0.126336231081,0.115086675955,0.099018998386,,,,,,,,,0.053447610897,1.200000000000
163020,0.162379776891,0.161993909766,0.160830638395,0.158872151664,0.156085898472,0.152419387740,0.147790486943,0.142068979517,0.135038719415,0.126309356970,0.115063752121,0.099001337113,,,,,,,,,0.053444681450,1.200000000000
163080,0.162338790408,0.161953086128,0.160790304197,0.158832636424,0.156047537331,0.152382525518,0.147755484713,0.142036225954,0.135008651892,0.126282505314,0.115040847052,0.098983689894,,,,,,,,,0.053441755895,1.200000000000
163140,0.162297840332,0.161912298731,0.160750005738,0.158793156086,0.156009209919,0.152345695512,0.147720512837,0.142003500519,0.134978609874,0.126255676083,0.115017960725,0.098966056710,,,,,,,,,0.053438834227,1.200000000000
163200,0.162256926614,0.161871547524,0.160709742968,0.158753710603,0.155970916191,0.152308897677,0.147685571273,0.141970803173,0.134948593329,0.126228869249,0.114995093115,0.098948437544,,,,,,,,,0.053435916437,1.200000000000
163260,0.162216049202,0.161830832457,0.160669515839,0.158714299926,0.155932656100,0.152272131971,0.147650659981,0.141938133879,0.134918602222,0.126202084781,0.114972244198,0.098930832378,,,,,,,,,0.053433002519,1.200000000000
163320,0.162175208048,0.161790153481,0.160629324301,0.158674924009,0.155894429600,0.152235398349,0.147615778920,0.141905492600,0.134888636519,0.126175322651,0.114949413951,0.098913241195,,,,,,,,,0.053430092467,1.200000000000
163380,0.162134403101,0.161749510546,0.160589168307,0.158635582803,0.155856236646,0.152198696768,0.147580928049,0.141872879298,0.134858696188,0.126148582829,0.114926602349,0.098895663978,,,,,,,,,0.053427186273,1.200000000000
163440,0.162093634311,0.161708903603,0.160549047807,0.158596276261,0.155818077191,0.152162027185,0.147546107328,0.141840293936,0.134828781193,0.126121865286,0.114903809368,0.098878100708,,,,,,,,,0.053424283931,1.200000000000
163500,0.162052901630,0.161668332603,0.160508962752,0.158557004335,0.155779951191,0.152125389556,0.147511316715,0.141807736476,0.134798891503,0.126095169993,0.114881034984,0.098860551369,,,,,,,,,0.053421385433,1.200000000000
163560,0.162012205007,0.161627797495,0.160468913094,0.158517766979,0.155741858599,0.152088783837,0.147476556170,0.141775206881,0.134769027083,0.126068496921,0.114858279174,0.098843015942,,,,,,,,,0.053418490774,1.200000000000
163620,0.161971544392,0.161587298231,0.160428898784,0.158478564145,0.155703799370,0.152052209987,0.147441825654,0.141742705114,0.134739187899,0.126041846040,0.114835541913,0.098825494410,,,,,,,,,0.053415599945,1.200000000000
163680,0.161930919737,0.161546834762,0.160388919775,0.158439395787,0.155665773459,0.152015667960,0.147407125124,0.141710231137,0.134709373919,0.126015217322,0.114812823177,0.098807986757,,,,,,,,,0.053412712941,1.200000000000
163740,0.161890330993,0.161506407039,0.160348976017,0.158400261856,0.155627780821,0.151979157716,0.147372454542,0.141677784914,0.134679585109,0.125988610738,0.114790122944,0.098790492963,,,,,,,,,0.053409829754,1.200000000000
163800,0.161849778109,0.161466015012,0.160309067463,0.158361162306,0.155589821409,0.151942679209,0.147337813866,0.141645366407,0.134649821436,0.125962026259,0.114767441188,0.098773013013,,,,,,,,,0.053406950378,1.200000000000
163860,0.161809261038,0.161425658633,0.160269194064,0.158322097090,0.155551895180,0.151906232399,0.147303203056,0.141612975580,0.134620082867,0.125935463856,0.114744777887,0.098755546889,,,,,,,,,0.053404074806,1.200000000000
163920,0.161768779729,0.161385337854,0.160229355773,0.158283066162,0.155514002088,0.151869817240,0.147268622074,0.141580612395,0.134590369368,0.125908923500,0.114722133016,0.098738094574,,,,,,,,,0.053401203031,1.200000000000
163980,0.161728334134,0.161345052624,0.160189552542,0.158244069474,0.155476142088,0.151833433692,0.147234070877,0.141548276817,0.134560680907,0.125882405163,0.114699506553,0.098720656049,,,,,,,,,0.053398335047,1.200000000000
164040,0.161687924204,0.161304802897,0.160149784322,0.158205106980,0.155438315135,0.151797081711,0.147199549427,0.141515968807,0.134531017450,0.125855908816,0.114676898473,0.098703231299,,,,,,,,,0.053395470847,1.200000000000
164100,0.161647549891,0.161264588622,0.160110051066,0.158166178634,0.155400521184,0.151760761255,0.147165057683,0.141483688329,0.134501378964,0.125829434429,0.114654308753,0.098685820305,,,,,,,,,0.053392610424,1.200000000000
164160,0.161607211146,0.161224409753,0.160070352726,0.158127284389,0.155362760191,0.151724472281,0.147130595606,0.141451435347,0.134471765417,0.125802981976,0.114631737369,0.098668423051,,,,,,,,,0.053389753772,1.200000000000
164220,0.161566907919,0.161184266240,0.160030689255,0.158088424198,0.155325032111,0.151688214746,0.147096163156,0.141419209825,0.134442176775,0.125776551426,0.114609184298,0.098651039520,,,,,,,,,0.053386900883,1.200000000000
164280,0.161526640163,0.161144158036,0.159991060605,0.158049598016,0.155287336899,0.151651988609,0.147061760293,0.141387011724,0.134412613007,0.125750142753,0.114586649517,0.098633669694,,,,,,,,,0.053384051752,1.200000000000
164340,0.161486407830,0.161104085092,0.159951466728,0.158010805796,0.155249674512,0.151615793826,0.147027386978,0.141354841010,0.134383074078,0.125723755926,0.114564133002,0.098616313556,,,,,,,,,0.053381206371,1.200000000000
164400,0.161446210871,0.161064047359,0.159911907578,0.157972047492,0.155212044903,0.151579630357,0.146993043171,0.141322697646,0.134353559957,0.125697390918,0.114541634730,0.098598971089,,,,,,,,,0.053378364735,1.200000000000
164460,0.161406049237,0.161024044791,0.159872383108,0.157933323058,0.155174448030,0.151543498158,0.146958728832,0.141290581595,0.134324070611,0.125671047701,0.114519154677,0.098581642277,,,,,,,,,0.053375526836,1.200000000000
164520,0.161365922881,0.160984077339,0.159832893269,0.157894632448,0.155136883848,0.151507397187,0.146924443922,0.141258492822,0.134294606007,0.125644726245,0.114496692820,0.098564327102,,,,,,,,,0.053372692667,1.200000000000
164580,0.161325831754,0.160944144956,0.159793438015,0.157855975617,0.155099352312,0.151471327403,0.146890188402,0.141226431289,0.134265166113,0.125618426524,0.114474249136,0.098547025547,,,,,,,,,0.053369862223,1.200000000000
164640,0.161285775809,0.160904247593,0.159754017299,0.157817352518,0.155061853379,0.151435288764,0.146855962233,0.141194396961,0.134235750896,0.125592148508,0.114451823603,0.098529737595,,,,,,,,,0.053367035497,1.200000000000
164700,0.161245754998,0.160864385204,0.159714631073,0.157778763105,0.155024387005,0.151399281227,0.146821765375,0.141162389802,0.134206360324,0.125565892170,0.114429416195,0.098512463230,,,,,,,,,0.053364212482,1.200000000000
164760,0.161205769272,0.160824557739,0.159675279292,0.157740207334,0.154986953145,0.151363304751,0.146787597789,0.141130409776,0.134176994364,0.125539657481,0.114407026892,0.098495202433,,,,,,,,,0.053361393171,1.200000000000
164820,0.161165818585,0.160784765153,0.159635961909,0.157701685158,0.154949551756,0.151327359295,0.146753459436,0.141098456847,0.134147652985,0.125513444414,0.114384655669,0.098477955190,,,,,,,,,0.053358577559,1.200000000000
164880,0.161125902888,0.160745007398,0.159596678876,0.157663196533,0.154912182795,0.151291444816,0.146719350278,0.141066530979,0.134118336154,0.125487252940,0.114362302503,0.098460721482,,,,,,,,,0.053355765638,1.200000000000
164940,0.161086022135,0.160705284426,0.159557430148,0.157624741412,0.154874846216,0.151255561274,0.146685270274,0.141034632136,0.134089043839,0.125461083032,0.114339967372,0.098443501293,,,,,,,,,0.053352957402,1.200000000000
165000,0.161046176277,0.160665596191,0.159518215677,0.157586319751,0.154837541977,0.151219708626,0.146651219387,0.141002760283,0.134059776008,0.125434934661,0.114317650252,0.098426294607,,,,,,,,,0.053350152846,1.200000000000
165060,0.161006365268,0.160625942644,0.159479035417,0.157547931504,0.154800270035,0.151183886831,0.146617197578,0.140970915383,0.134030532628,0.125408807800,0.114295351121,0.098409101405,,,,,,,,,0.053347351961,1.200000000000
165120,0.160966589059,0.160586323739,0.159439889323,0.157509576626,0.154763030345,0.151148095848,0.146583204808,0.140939097402,0.134001313668,0.125382702421,0.114273069956,0.098391921673,,,,,,,,,0.053344554742,1.200000000000
165180,0.160926847604,0.160546739430,0.159400777347,0.157471255073,0.154725822865,0.151112335636,0.146549241037,0.140907306303,0.133972119096,0.125356618496,0.114250806734,0.098374755392,,,,,,,,,0.053341761183,1.200000000000
165240,0.160887140856,0.160507189669,0.159361699444,0.157432966798,0.154688647550,0.151076606154,0.146515306229,0.140875542052,0.133942948880,0.125330555998,0.114228561431,0.098357602547,,,,,,,,,0.053338971276,1.200000000000
165300,0.160847468768,0.160467674409,0.159322655567,0.157394711758,0.154651504359,0.151040907360,0.146481400343,0.140843804612,0.133913802987,0.125304514898,0.114206334027,0.098340463120,,,,,,,,,0.053336185016,1.200000000000
165360,0.160807831293,0.160428193604,0.159283645671,0.157356489907,0.154614393247,0.151005239213,0.146447523343,0.140812093948,0.133884681388,0.125278495170,0.114184124496,0.098323337096,,,,,,,,,0.053333402397,1.200000000000
165420,0.160768228383,0.160388747207,0.159244669710,0.157318301201,0.154577314171,0.150969601672,0.146413675188,0.140780410026,0.133855584048,0.125252496785,0.114161932818,0.098306224457,,,,,,,,,0.053330623411,1.200000000000
165480,0.160728659993,0.160349335172,0.159205727638,0.157280145594,0.154540267090,0.150933994697,0.146379855842,0.140748752810,0.133826510938,0.125226519716,0.114139758969,0.098289125187,,,,,,,,,0.053327848053,1.200000000000
165540,0.160689126075,0.160309957452,0.159166819408,0.157242023044,0.154503251959,0.150898418247,0.146346065265,0.140717122264,0.133797462025,0.125200563936,0.114117602927,0.098272039269,,,,,,,,,0.053325076315,1.200000000000
165600,0.160649626583,0.160270614001,0.159127944976,0.157203933504,0.154466268735,0.150862872281,0.146312303420,0.140685518354,0.133768437278,0.125174629418,0.114095464669,0.098254966687,,,,,,,,,0.053322308193,1.200000000000
165660,0.160610161472,0.160231304773,0.159089104297,0.157165876932,0.154429317378,0.150827356758,0.146278570270,0.140653941045,0.133739436665,0.125148716133,0.114073344174,0.098237907425,,,,,,,,,0.053319543679,1.200000000000
165720,0.160570730692,0.160192029721,0.159050297323,0.157127853282,0.154392397842,0.150791871638,0.146244865774,0.140622390301,0.133710460155,0.125122824055,0.114051241417,0.098220861465,,,,,,,,,0.053316782767,1.200000000000
165780,0.160531334199,0.160152788799,0.159011524011,0.157089862509,0.154355510086,0.150756416880,0.146211189895,0.140590866087,0.133681507716,0.125096953156,0.114029156376,0.098203828793,,,,,,,,,0.053314025451,1.200000000000
165840,0.160491971947,0.160113581962,0.158972784314,0.157051904571,0.154318654067,0.150720992443,0.146177542597,0.140559368369,0.133652579318,0.125071103409,0.114007089030,0.098186809390,,,,,,,,,0.053311271725,1.200000000000
165900,0.160452643888,0.160074409162,0.158934078187,0.157013979422,0.154281829742,0.150685598288,0.146143923840,0.140527897112,0.133623674928,0.125045274787,0.113985039357,0.098169803241,,,,,,,,,0.053308521582,1.200000000000
165960,0.160413349978,0.160035270355,0.158895405586,0.156976087019,0.154245037071,0.150650234374,0.146110333587,0.140496452282,0.133594794516,0.125019467262,0.113963007332,0.098152810330,,,,,,,,,0.053305775016,1.200000000000
166020,0.160374090170,0.159996165495,0.158856766465,0.156938227318,0.154208276009,0.150614900660,0.146076771800,0.140465033842,0.133565938050,0.124993680808,0.113940992935,0.098135830639,,,,,,,,,0.053303032021,1.200000000000
166080,0.160334864418,0.159957094536,0.158818160779,0.156900400275,0.154171546515,0.150579597108,0.146043238443,0.140433641760,0.133537105499,0.124967915398,0.113918996143,0.098118864154,,,,,,,,,0.053300292591,1.200000000000
166140,0.160295672676,0.159918057432,0.158779588483,0.156862605846,0.154134848546,0.150544323676,0.146009733476,0.140402276000,0.133508296833,0.124942171004,0.113897016935,0.098101910857,,,,,,,,,0.053297556719,1.200000000000
166200,0.160256514899,0.159879054138,0.158741049532,0.156824843988,0.154098182062,0.150509080324,0.145976256863,0.140370936527,0.133479512020,0.124916447600,0.113875055286,0.098084970733,,,,,,,,,0.053294824400,1.200000000000
166260,0.160217391041,0.159840084608,0.158702543883,0.156787114656,0.154061547018,0.150473867013,0.145942808566,0.140339623308,0.133450751029,0.124890745158,0.113853111177,0.098068043765,,,,,,,,,0.053292095627,1.200000000000
166320,0.160178301056,0.159801148797,0.158664071489,0.156749417808,0.154024943375,0.150438683702,0.145909388549,0.140308336308,0.133422013830,0.124865063653,0.113831184584,0.098051129937,,,,,,,,,0.053289370393,1.200000000000
166380,0.160139244898,0.159762246660,0.158625632306,0.156711753400,0.153988371089,0.150403530353,0.145875996772,0.140277075493,0.133393300391,0.124839403056,0.113809275485,0.098034229233,,,,,,,,,0.053286648693,1.200000000000
166440,0.160100222523,0.159723378151,0.158587226291,0.156674121389,0.153951830119,0.150368406924,0.145842633200,0.140245840828,0.133364610682,0.124813763342,0.113787383858,0.098017341636,,,,,,,,,0.053283930521,1.200000000000
166500,0.160061233885,0.159684543226,0.158548853397,0.156636521731,0.153915320423,0.150333313377,0.145809297795,0.140214632279,0.133335944671,0.124788144483,0.113765509682,0.098000467131,,,,,,,,,0.053281215871,1.200000000000
166560,0.160022278939,0.159645741839,0.158510513582,0.156598954383,0.153878841960,0.150298249672,0.145775990521,0.140183449813,0.133307302330,0.124762546453,0.113743652935,0.097983605702,,,,,,,,,0.053278504736,1.200000000000
166620,0.159983357639,0.159606973945,0.158472206801,0.156561419302,0.153842394688,0.150263215769,0.145742711339,0.140152293394,0.133278683626,0.124736969226,0.113721813594,0.097966757333,,,,,,,,,0.053275797110,1.200000000000
166680,0.159944469941,0.159568239500,0.158433933008,0.156523916444,0.153805978565,0.150228211629,0.145709460213,0.140121162989,0.133250088529,0.124711412774,0.113699991637,0.097949922007,,,,,,,,,0.053273092987,1.200000000000
166740,0.159905615799,0.159529538459,0.158395692162,0.156486445768,0.153769593551,0.150193237213,0.145676237107,0.140090058564,0.133221517008,0.124685877071,0.113678187043,0.097933099708,,,,,,,,,0.053270392361,1.200000000000
166800,0.159866795168,0.159490870776,0.158357484216,0.156449007229,0.153733239603,0.150158292481,0.145643041982,0.140058980085,0.133192969034,0.124660362091,0.113656399791,0.097916290421,,,,,,,,,0.053267695227,1.200000000000
166860,0.159828008004,0.159452236408,0.158319309129,0.156411600785,0.153696916681,0.150123377393,0.145609874803,0.140027927519,0.133164444575,0.124634867807,0.113634629857,0.097899494130,,,,,,,,,0.053265001577,1.200000000000
166920,0.159789254261,0.159413635309,0.158281166854,0.156374226394,0.153660624743,0.150088491911,0.145576735533,0.139996900831,0.133135943602,0.124609394193,0.113612877221,0.097882710819,,,,,,,,,0.053262311407,1.200000000000
166980,0.159750533896,0.159375067436,0.158243057349,0.156336884012,0.153624363748,0.150053635996,0.145543624136,0.139965899987,0.133107466083,0.124583941222,0.113591141861,0.097865940471,,,,,,,,,0.053259624710,1.200000000000
167040,0.159711846863,0.159336532743,0.158204980570,0.156299573597,0.153588133656,0.150018809609,0.145510540573,0.139934924955,0.133079011990,0.124558508868,0.113569423755,0.097849183072,,,,,,,,,0.053256941479,1.200000000000
167100,0.159673193118,0.159298031187,0.158166936474,0.156262295107,0.153551934424,0.149984012710,0.145477484810,0.139903975700,0.133050581290,0.124533097105,0.113547722882,0.097832438605,,,,,,,,,0.053254261710,1.200000000000
167160,0.159634572616,0.159259562723,0.158128925016,0.156225048499,0.153515766013,0.149949245261,0.145444456809,0.139873052189,0.133022173956,0.124507705907,0.113526039219,0.097815707054,,,,,,,,,0.053251585395,1.200000000000
167220,0.159595985313,0.159221127308,0.158090946153,0.156187833730,0.153479628381,0.149914507222,0.145411456535,0.139842154389,0.132993789955,0.124482335248,0.113504372746,0.097798988404,,,,,,,,,0.053248912530,1.200000000000
167280,0.159557431164,0.159182724896,0.158052999842,0.156150650758,0.153443521488,0.149879798556,0.145378483950,0.139811282265,0.132965429259,0.124456985100,0.113482723440,0.097782282639,,,,,,,,,0.053246243107,1.200000000000
167340,0.159518910127,0.159144355444,0.158015086039,0.156113499542,0.153407445293,0.149845119223,0.145345539019,0.139780435785,0.132937091837,0.124431655439,0.113461091281,0.097765589742,,,,,,,,,0.053243577122,1.200000000000
167400,0.159480422155,0.159106018908,0.157977204702,0.156076380038,0.153371399755,0.149810469185,0.145312621706,0.139749614915,0.132908777659,0.124406346238,0.113439476247,0.097748909700,,,,,,,,,0.053240914568,1.200000000000
167460,0.159441967205,0.159067715244,0.157939355786,0.156039292205,0.153335384834,0.149775848403,0.145279731973,0.139718819622,0.132880486695,0.124381057471,0.113417878317,0.097732242495,,,,,,,,,0.053238255439,1.200000000000
167520,0.159403545234,0.159029444409,0.157901539250,0.156002236000,0.153299400489,0.149741256839,0.145246869786,0.139688049873,0.132852218916,0.124355789113,0.113396297468,0.097715588112,,,,,,,,,0.053235599729,1.200000000000
167580,0.159365156197,0.158991206358,0.157863755049,0.155965211383,0.153263446680,0.149706694454,0.145214035108,0.139657305635,0.132823974292,0.124330541137,0.113374733681,0.097698946536,,,,,,,,,0.053232947433,1.200000000000
167640,0.159326800050,0.158953001049,0.157826003141,0.155928218310,0.153227523367,0.149672161210,0.145181227903,0.139626586874,0.132795752792,0.124305313517,0.113353186933,0.097682317751,,,,,,,,,0.053230298545,1.200000000000
167700,0.159288476750,0.158914828437,0.157788283482,0.155891256741,0.153191630509,0.149637657068,0.145148448135,0.139595893558,0.132767554388,0.124280106228,0.113331657203,0.097665701741,,,,,,,,,0.053227653058,1.200000000000
167760,0.159250186253,0.158876688479,0.157750596031,0.155854326633,0.153155768066,0.149603181991,0.145115695769,0.139565225653,0.132739379049,0.124254919243,0.113310144470,0.097649098491,,,,,,,,,0.053225010967,1.200000000000
167820,0.159211928515,0.158838581131,0.157712940745,0.155817427944,0.153119935998,0.149568735940,0.145082970769,0.139534583127,0.132711226747,0.124229752538,0.113288648713,0.097632507985,,,,,,,,,0.053222372266,1.200000000000
167880,0.159173703493,0.158800506351,0.157675317580,0.155780560634,0.153084134265,0.149534318877,0.145050273099,0.139503965947,0.132683097450,0.124204606087,0.113267169911,0.097615930208,,,,,,,,,0.053219736950,1.200000000000
167940,0.159135511143,0.158762464095,0.157637726494,0.155743724661,0.153048362827,0.149499930764,0.145017602723,0.139473374080,0.132654991131,0.124179479863,0.113245708043,0.097599365144,,,,,,,,,0.053217105012,1.200000000000
168000,0.159097351423,0.158724454320,0.157600167444,0.155706919983,0.153012621644,0.149465571564,0.144984959606,0.139442807493,0.132626907760,0.124154373841,0.113224263087,0.097582812778,,,,,,,,,0.053214476446,1.200000000000
168060,0.159059224288,0.158686476983,0.157562640389,0.155670146558,0.152976910676,0.149431241237,0.144952343712,0.139412266154,0.132598847306,0.124129287996,0.113202835022,0.097566273095,,,,,,,,,0.053211851247,1.200000000000
168120,0.159021129695,0.158648532040,0.157525145286,0.155633404347,0.152941229884,0.149396939747,0.144919755006,0.139381750029,0.132570809741,0.124104222302,0.113181423828,0.097549746079,,,,,,,,,0.053209229409,1.200000000000
168180,0.158983067601,0.158610619449,0.157487682092,0.155596693306,0.152905579227,0.149362667056,0.144887193453,0.139351259087,0.132542795036,0.124079176734,0.113160029483,0.097533231715,,,,,,,,,0.053206610926,1.200000000000
168240,0.158945037964,0.158572739168,0.157450250765,0.155560013396,0.152869958667,0.149328423125,0.144854659016,0.139320793295,0.132514803161,0.124054151266,0.113138651967,0.097516729987,,,,,,,,,0.053203995793,1.200000000000
168300,0.158907040740,0.158534891152,0.157412851264,0.155523364575,0.152834368163,0.149294207918,0.144822151662,0.139290352620,0.132486834087,0.124029145873,0.113117291259,0.097500240880,,,,,,,,,0.053201384004,1.200000000000
168360,0.158869075886,0.158497075361,0.157375483546,0.155486746803,0.152798807676,0.149260021397,0.144789671354,0.139259937030,0.132458887785,0.124004160529,0.113095947337,0.097483764378,,,,,,,,,0.053198775552,1.200000000000
168420,0.158831143360,0.158459291750,0.157338147568,0.155450160038,0.152763277166,0.149225863524,0.144757218058,0.139229546492,0.132430964226,0.123979195209,0.113074620181,0.097467300468,,,,,,,,,0.053196170433,1.200000000000
168480,0.158793243118,0.158421540277,0.157300843290,0.155413604239,0.152727776595,0.149191734261,0.144724791738,0.139199180975,0.132403063381,0.123954249888,0.113053309770,0.097450849132,,,,,,,,,0.053193568641,1.200000000000
168540,0.158755375118,0.158383820900,0.157263570670,0.155377079365,0.152692305923,0.149157633572,0.144692392359,0.139168840446,0.132375185221,0.123929324542,0.113032016084,0.097434410357,,,,,,,,,0.053190970169,1.200000000000
168600,0.158717539317,0.158346133577,0.157226329665,0.155340585377,0.152656865111,0.149123561420,0.144660019887,0.139138524873,0.132347329716,0.123904419143,0.113010739101,0.097417984127,,,,,,,,,0.053188375013,1.200000000000
168660,0.158679735674,0.158308478264,0.157189120233,0.155304122233,0.152621454119,0.149089517766,0.144627674287,0.139108234224,0.132319496839,0.123879533668,0.112989478801,0.097401570426,,,,,,,,,0.053185783166,1.200000000000
168720,0.158641964144,0.158270854921,0.157151942334,0.155267689893,0.152586072909,0.149055502574,0.144595355523,0.139077968466,0.132291686559,0.123854668091,0.112968235164,0.097385169240,,,,,,,,,0.053183194623,1.200000000000
168780,0.158604224687,0.158233263504,0.157114795926,0.155231288316,0.152550721442,0.149021515806,0.144563063561,0.139047727568,0.132263898849,0.123829822388,0.112947008168,0.097368780553,,,,,,,,,0.053180609378,1.200000000000
168840,0.158566517259,0.158195703972,0.157077680967,0.155194917462,0.152515399677,0.148987557426,0.144530798366,0.139017511498,0.132236133680,0.123804996533,0.112925797793,0.097352404351,,,,,,,,,0.053178027425,1.200000000000
168900,0.158528841818,0.158158176282,0.157040597416,0.155158577291,0.152480107578,0.148953627397,0.144498559904,0.138987320223,0.132208391022,0.123780190501,0.112904604018,0.097336040618,,,,,,,,,0.053175448760,1.200000000000
168960,0.158491198322,0.158120680393,0.157003545231,0.155122267761,0.152444845105,0.148919725681,0.144466348140,0.138957153713,0.132180670848,0.123755404267,0.112883426823,0.097319689339,,,,,,,,,0.053172873376,1.200000000000
169020,0.158453586730,0.158083216262,0.156966524372,0.155085988834,0.152409612219,0.148885852243,0.144434163039,0.138927011934,0.132152973128,0.123730637807,0.112862266188,0.097303350499,,,,,,,,,0.053170301268,1.200000000000
169080,0.158416006998,0.158045783848,0.156929534796,0.155049740469,0.152374408881,0.148852007044,0.144402004567,0.138896894856,0.132125297835,0.123705891096,0.112841122092,0.097287024084,,,,,,,,,0.053167732430,1.200000000000
169140,0.158378459086,0.158008383110,0.156892576464,0.155013522625,0.152339235053,0.148818190048,0.144369872689,0.138866802447,0.132097644939,0.123681164109,0.112819994514,0.097270710078,,,,,,,,,0.053165166857,1.200000000000
169200,0.158340942951,0.157971014004,0.156855649333,0.154977335264,0.152304090696,0.148784401220,0.144337767372,0.138836734675,0.132070014413,0.123656456821,0.112798883435,0.097254408466,,,,,,,,,0.053162604542,1.200000000000
169260,0.158303458551,0.157933676491,0.156818753363,0.154941178344,0.152268975773,0.148750640521,0.144305688580,0.138806691508,0.132042406227,0.123631769207,0.112777788833,0.097238119234,,,,,,,,,0.053160045481,1.200000000000
169320,0.158266005845,0.157896370528,0.156781888514,0.154905051826,0.152233890244,0.148716907916,0.144273636280,0.138776672916,0.132014820353,0.123607101243,0.112756710689,0.097221842366,,,,,,,,,0.053157489669,1.200000000000
169380,0.158228584790,0.157859096073,0.156745054743,0.154868955670,0.152198834071,0.148683203368,0.144241610438,0.138746678865,0.131987256764,0.123582452904,0.112735648982,0.097205577848,,,,,,,,,0.053154937098,1.200000000000
169440,0.158191195347,0.157821853087,0.156708252011,0.154832889837,0.152163807216,0.148649526840,0.144209611018,0.138716709326,0.131959715430,0.123557824165,0.112714603692,0.097189325665,,,,,,,,,0.053152387764,1.200000000000
169500,0.158153837472,0.157784641526,0.156671480277,0.154796854287,0.152128809640,0.148615878297,0.144177637988,0.138686764267,0.131932196325,0.123533215003,0.112693574798,0.097173085802,,,,,,,,,0.053149841662,1.200000000000
169560,0.158116511124,0.157747461350,0.156634739500,0.154760848980,0.152093841306,0.148582257702,0.144145691313,0.138656843656,0.131904699418,0.123508625392,0.112672562281,0.097156858244,,,,,,,,,0.053147298786,1.200000000000
169620,0.158079216263,0.157710312518,0.156598029639,0.154724873877,0.152058902176,0.148548665018,0.144113770959,0.138626947462,0.131877224683,0.123484055308,0.112651566121,0.097140642976,,,,,,,,,0.053144759130,1.200000000000
169680,0.158041952846,0.157673194989,0.156561350655,0.154688928938,0.152023992211,0.148515100211,0.144081876893,0.138597075654,0.131849772092,0.123459504727,0.112630586296,0.097124439984,,,,,,,,,0.053142222689,1.200000000000
169740,0.158004720833,0.157636108721,0.156524702506,0.154653014124,0.151989111373,0.148481563243,0.144050009080,0.138567228201,0.131822341615,0.123434973624,0.112609622788,0.097108249253,,,,,,,,,0.053139689458,1.200000000000
169800,0.157967520183,0.157599053674,0.156488085153,0.154617129396,0.151954259626,0.148448054078,0.144018167487,0.138537405071,0.131794933226,0.123410461975,0.112588675576,0.097092070768,,,,,,,,,0.053137159430,1.200000000000
169860,0.157930350853,0.157562029807,0.156451498554,0.154581274714,0.151919436930,0.148414572681,0.143986352080,0.138507606234,0.131767546896,0.123385969756,0.112567744640,0.097075904515,,,,,,,,,0.053134632601,1.200000000000
169920,0.157893212804,0.157525037079,0.156414942671,0.154545450040,0.151884643248,0.148381119016,0.143954562825,0.138477831659,0.131740182598,0.123361496942,0.112546829961,0.097059750478,,,,,,,,,0.053132108966,1.200000000000
169980,0.157856105995,0.157488075449,0.156378417463,0.154509655333,0.151849878543,0.148347693046,0.143922799689,0.138448081315,0.131712840304,0.123337043509,0.112525931517,0.097043608644,,,,,,,,,0.053129588518,1.200000000000
170040,0.157819030384,0.157451144877,0.156341922889,0.154473890556,0.151815142776,0.148314294737,0.143891062638,0.138418355170,0.131685519985,0.123312609433,0.112505049289,0.097027478998,,,,,,,,,0.053127071253,1.200000000000
170100,0.157781985930,0.157414245322,0.156305458910,0.154438155669,0.151780435911,0.148280924052,0.143859351639,0.138388653194,0.131658221615,0.123288194690,0.112484183258,0.097011361524,,,,,,,,,0.053124557164,1.200000000000
170160,0.157744972594,0.157377376744,0.156269025486,0.154402450633,0.151745757909,0.148247580955,0.143827666658,0.138358975357,0.131630945165,0.123263799255,0.112463333404,0.096995256209,,,,,,,,,0.053122046247,1.200000000000
170220,0.157707990334,0.157340539101,0.156232622577,0.154366775410,0.151711108734,0.148214265412,0.143796007663,0.138329321627,0.131603690608,0.123239423106,0.112442499706,0.096979163038,,,,,,,,,0.053119538497,1.200000000000
170280,0.157671039110,0.157303732354,0.156196250143,0.154331129960,0.151676488348,0.148180977386,0.143764374618,0.138299691974,0.131576457916,0.123215066217,0.112421682144,0.096963081997,,,,,,,,,0.053117033907,1.200000000000
170340,0.157634118881,0.157266956463,0.156159908145,0.154295514245,0.151641896714,0.148147716842,0.143732767492,0.138270086367,0.131549247062,0.123190728564,0.112400880700,0.096947013070,,,,,,,,,0.053114532473,1.200000000000
170400,0.157597229607,0.157230211387,0.156123596543,0.154259928227,0.151607333794,0.148114483745,0.143701186252,0.138240504776,0.131522058018,0.123166410125,0.112380095353,0.096930956244,,,,,,,,,0.053112034189,1.200000000000
170460,0.157560371247,0.157193497085,0.156087315297,0.154224371866,0.151572799551,0.148081278059,0.143669630863,0.138210947169,0.131494890756,0.123142110874,0.112359326084,0.096914911504,,,,,,,,,0.053109539050,1.200000000000
170520,0.157523543762,0.157156813519,0.156051064368,0.154188845125,0.151538293949,0.148048099749,0.143638101293,0.138181413518,0.131467745251,0.123117830788,0.112338572873,0.096898878836,,,,,,,,,0.053107047050,1.200000000000
170580,0.157486747110,0.157120160647,0.156014843716,0.154153347964,0.151503816950,0.148014948780,0.143606597509,0.138151903790,0.131440621473,0.123093569844,0.112317835701,0.096882858225,,,,,,,,,0.053104558185,1.200000000000
170640,0.157449981252,0.157083538431,0.155978653303,0.154117880346,0.151469368518,0.147981825117,0.143575119478,0.138122417957,0.131413519395,0.123069328017,0.112297114547,0.096866849657,,,,,,,,,0.053102072449,1.200000000000
170700,0.157413246148,0.157046946829,0.155942493088,0.154082442232,0.151434948614,0.147948728724,0.143543667167,0.138092955987,0.131386438991,0.123045105283,0.112276409392,0.096850853117,,,,,,,,,0.053099589836,1.200000000000
170760,0.157376541757,0.157010385803,0.155906363033,0.154047033584,0.151400557204,0.147915659566,0.143512240544,0.138063517850,0.131359380233,0.123020901620,0.112255720217,0.096834868592,,,,,,,,,0.053097110342,1.200000000000
170820,0.157339868041,0.156973855311,0.155870263098,0.154011654364,0.151366194249,0.147882617609,0.143480839574,0.138034103517,0.131332343095,0.122996717003,0.112235047002,0.096818896066,,,,,,,,,0.053094633961,1.200000000000
170880,0.157303224958,0.156937355316,0.155834193245,0.153976304534,0.151331859713,0.147849602817,0.143449464226,0.138004712956,0.131305327548,0.122972551409,0.112214389728,0.096802935527,,,,,,,,,0.053092160689,1.200000000000
170940,0.157266612469,0.156900885777,0.155798153433,0.153940984055,0.151297553559,0.147816615156,0.143418114467,0.137975346138,0.131278333565,0.122948404814,0.112193748376,0.096786986958,,,,,,,,,0.053089690518,1.200000000000
171000,0.157230030534,0.156864446654,0.155762143626,0.153905692890,0.151263275752,0.147783654591,0.143386790265,0.137946003033,0.131251361121,0.122924277194,0.112173122925,0.096771050347,,,,,,,,,0.053087223446,1.200000000000
171060,0.157193479114,0.156828037909,0.155726163782,0.153870431001,0.151229026253,0.147750721087,0.143355491586,0.137916683610,0.131224410187,0.122900168527,0.112152513356,0.096755125678,,,,,,,,,0.053084759465,1.200000000000
171120,0.157156958168,0.156791659501,0.155690213865,0.153835198350,0.151194805028,0.147717814610,0.143324218398,0.137887387841,0.131197480737,0.122876078788,0.112131919651,0.096739212938,,,,,,,,,0.053082298572,1.200000000000
171180,0.157120467659,0.156755311392,0.155654293834,0.153799994899,0.151160612039,0.147684935124,0.143292970669,0.137858115694,0.131170572744,0.122852007955,0.112111341790,0.096723312113,,,,,,,,,0.053079840760,1.200000000000
171240,0.157084007545,0.156718993541,0.155618403651,0.153764820610,0.151126447250,0.147652082595,0.143261748366,0.137828867140,0.131143686181,0.122827956003,0.112090779753,0.096707423188,,,,,,,,,0.053077386026,1.200000000000
171300,0.157047577788,0.156682705911,0.155582543278,0.153729675447,0.151092310625,0.147619256989,0.143230551457,0.137799642150,0.131116821021,0.122803922910,0.112070233522,0.096691546150,,,,,,,,,0.053074934362,1.200000000000
171360,0.157011178348,0.156646448461,0.155546712676,0.153694559370,0.151058202127,0.147586458272,0.143199379909,0.137770440693,0.131089977237,0.122779908652,0.112049703076,0.096675680984,,,,,,,,,0.053072485766,1.200000000000
171420,0.156974809186,0.156610221153,0.155510911806,0.153659472344,0.151024121721,0.147553686408,0.143168233691,0.137741262739,0.131063154803,0.122755913206,0.112029188398,0.096659827676,,,,,,,,,0.053070040230,1.200000000000
171480,0.156938470262,0.156574023948,0.155475140631,0.153624414330,0.150990069370,0.147520941363,0.143137112770,0.137712108260,0.131036353692,0.122731936549,0.112008689467,0.096643986212,,,,,,,,,0.053067597751,1.200000000000
171540,0.156902161539,0.156537856806,0.155439399112,0.153589385290,0.150956045039,0.147488223104,0.143106017114,0.137682977225,0.131009573877,0.122707978657,0.111988206266,0.096628156577,,,,,,,,,0.053065158322,1.200000000000
171600,0.156865882976,0.156501719689,0.155403687209,0.153554385189,0.150922048691,0.147455531596,0.143074946691,0.137653869606,0.130982815333,0.122684039508,0.111967738773,0.096612338759,,,,,,,,,0.053062721940,1.200000000000
171660,0.156829634534,0.156465612559,0.155368004887,0.153519413987,0.150888080291,0.147422866805,0.143043901469,0.137624785372,0.130956078031,0.122660119078,0.111947286972,0.096596532744,,,,,,,,,0.053060288598,1.200000000000
171720,0.156793416176,0.156429535375,0.155332352105,0.153484471649,0.150854139803,0.147390228696,0.143012881416,0.137595724493,0.130929361946,0.122636217344,0.111926850841,0.096580738516,,,,,,,,,0.053057858292,1.200000000000
171780,0.156757227861,0.156393488101,0.155296728826,0.153449558137,0.150820227190,0.147357617236,0.142981886500,0.137566686942,0.130902667052,0.122612334284,0.111906430363,0.096564956062,,,,,,,,,0.053055431016,1.200000000000
171840,0.156721069551,0.156357470696,0.155261135013,0.153414673414,0.150786342417,0.147325032391,0.142950916689,0.137537672688,0.130875993321,0.122588469873,0.111886025519,0.096549185369,,,,,,,,,0.053053006766,1.200000000000
171900,0.156684941207,0.156321483123,0.155225570626,0.153379817443,0.150752485449,0.147292474127,0.142919971952,0.137508681701,0.130849340728,0.122564624090,0.111865636290,0.096533426421,,,,,,,,,0.053050585537,1.200000000000
171960,0.156648842791,0.156285525343,0.155190035628,0.153344990187,0.150718656250,0.147259942409,0.142889052255,0.137479713953,0.130822709245,0.122540796911,0.111845262656,0.096517679207,,,,,,,,,0.053048167322,1.200000000000
172020,0.156612774264,0.156249597317,0.155154529982,0.153310191610,0.150684854785,0.147227437205,0.142858157569,0.137450769415,0.130796098848,0.122516988314,0.111824904599,0.096501943711,,,,,,,,,0.053045752119,1.200000000000
172080,0.156576735587,0.156213699008,0.155119053650,0.153275421673,0.150651081017,0.147194958480,0.142827287861,0.137421848057,0.130769509510,0.122493198275,0.111804562099,0.096486219919,,,,,,,,,0.053043339920,1.200000000000
172140,0.156540726723,0.156177830377,0.155083606593,0.153240680342,0.150617334912,0.147162506201,0.142796443100,0.137392949851,0.130742941203,0.122469426772,0.111784235139,0.096470507819,,,,,,,,,0.053040930722,1.200000000000
172200,0.156504747632,0.156141991386,0.155048188775,0.153205967578,0.150583616434,0.147130080333,0.142765623253,0.137364074766,0.130716393903,0.122445673781,0.111763923700,0.096454807396,,,,,,,,,0.053038524519,1.200000000000
172260,0.156468798276,0.156106181997,0.155012800157,0.153171283346,0.150549925548,0.147097680844,0.142734828291,0.137335222775,0.130689867584,0.122421939281,0.111743627762,0.096439118636,,,,,,,,,0.053036121307,1.200000000000
172320,0.156432878618,0.156070402171,0.154977440702,0.153136627608,0.150516262218,0.147065307700,0.142704058180,0.137306393848,0.130663362218,0.122398223249,0.111723347307,0.096423441526,,,,,,,,,0.053033721080,1.200000000000
172380,0.156396988618,0.156034651871,0.154942110373,0.153102000329,0.150482626410,0.147032960868,0.142673312890,0.137277587956,0.130636877781,0.122374525662,0.111703082316,0.096407776052,,,,,,,,,0.053031323833,1.200000000000
172440,0.156361128239,0.155998931058,0.154906809133,0.153067401471,0.150449018089,0.147000640313,0.142642592389,0.137248805071,0.130610414245,0.122350846496,0.111682832771,0.096392122200,,,,,,,,,0.053028929561,1.200000000000
172500,0.156325297443,0.155963239695,0.154871536943,0.153032831000,0.150415437218,0.146968346003,0.142611896647,0.137220045163,0.130583971586,0.122327185731,0.111662598653,0.096376479957,,,,,,,,,0.053026538260,1.200000000000
172560,0.156289496192,0.155927577745,0.154836293767,0.152998288877,0.150381883764,0.146936077905,0.142581225631,0.137191308204,0.130557549777,0.122303543343,0.111642379943,0.096360849309,,,,,,,,,0.053024149925,1.200000000000
172620,0.156253724447,0.155891945168,0.154801079568,0.152963775067,0.150348357692,0.146903835985,0.142550579311,0.137162594166,0.130531148793,0.122279919309,0.111622176623,0.096345230242,,,,,,,,,0.053021764550,1.200000000000
172680,0.156217982171,0.155856341928,0.154765894309,0.152929289534,0.150314858966,0.146871620209,0.142519957656,0.137133903018,0.130504768607,0.122256313608,0.111601988675,0.096329622743,,,,,,,,,0.053019382131,1.200000000000
172740,0.156182269326,0.155820767987,0.154730737951,0.152894832242,0.150281387552,0.146839430546,0.142489360635,0.137105234734,0.130478409194,0.122232726216,0.111581816079,0.096314026798,,,,,,,,,0.053017002662,1.200000000000
172800,0.156146585874,0.155785223308,0.154695610460,0.152860403154,0.150247943414,0.146807266961,0.142458788215,0.137076589284,0.130452070528,0.122209157112,0.111561658817,0.096298442393,,,,,,,,,0.053014626139,1.200000000000
172860,0.156110931778,0.155749707852,0.154660511796,0.152826002235,0.150214526519,0.146775129421,0.142428240368,0.137047966639,0.130425752584,0.122185606272,0.111541516871,0.096282869515,,,,,,,,,0.053012252557,1.200000000000
172920,0.156075307000,0.155714221583,0.154625441925,0.152791629449,0.150181136832,0.146743017895,0.142397717061,0.137019366772,0.130399455336,0.122162073676,0.111521390223,0.096267308151,,,,,,,,,0.053009881911,1.200000000000
172980,0.156039711502,0.155678764463,0.154590400808,0.152757284759,0.150147774317,0.146710932348,0.142367218263,0.136990789654,0.130373178757,0.122138559299,0.111501278854,0.096251758287,,,,,,,,,0.053007514196,1.200000000000
173040,0.156004145248,0.155643336455,0.154555388409,0.152722968130,0.150114438942,0.146678872749,0.142336743945,0.136962235256,0.130346922824,0.122115063121,0.111481182745,0.096236219910,,,,,,,,,0.053005149408,1.200000000000
173100,0.155968608198,0.155607937521,0.154520404692,0.152688679527,0.150081130670,0.146646839063,0.142306294075,0.136933703550,0.130320687510,0.122091585119,0.111461101878,0.096220693005,,,,,,,,,0.053002787541,1.200000000000
173160,0.155933100318,0.155572567625,0.154485449619,0.152654418913,0.150047849468,0.146614831260,0.142275868622,0.136905194508,0.130294472789,0.122068125270,0.111441036236,0.096205177560,,,,,,,,,0.053000428590,1.200000000000
173220,0.155897621568,0.155537226729,0.154450523155,0.152620186253,0.150014595301,0.146582849304,0.142245467557,0.136876708102,0.130268278637,0.122044683554,0.111420985800,0.096189673561,,,,,,,,,0.052998072552,1.200000000000
173280,0.155862171911,0.155501914796,0.154415625263,0.152585981511,0.149981368135,0.146550893165,0.142215090847,0.136848244303,0.130242105028,0.122021259946,0.111400950551,0.096174180995,,,,,,,,,0.052995719420,1.200000000000
173340,0.155826751312,0.155466631790,0.154380755905,0.152551804652,0.149948167936,0.146518962810,0.142184738463,0.136819803083,0.130215951936,0.121997854426,0.111380930471,0.096158699848,,,,,,,,,0.052993369190,1.200000000000
173400,0.155791359731,0.155431377672,0.154345915047,0.152517655640,0.149914994670,0.146487058206,0.142154410375,0.136791384414,0.130189819337,0.121974466972,0.111360925542,0.096143230108,,,,,,,,,0.052991021858,1.200000000000
173460,0.155755997133,0.155396152408,0.154311102651,0.152483534440,0.149881848303,0.146455179320,0.142124106551,0.136762988269,0.130163707205,0.121951097561,0.111340935747,0.096127771760,,,,,,,,,0.052988677418,1.200000000000
173520,0.155720663481,0.155360955959,0.154276318682,0.152449441017,0.149848728799,0.146423326120,0.142093826961,0.136734614618,0.130137615514,0.121927746171,0.111320961066,0.096112324791,,,,,,,,,0.052986335865,1.200000000000
173580,0.155685358737,0.155325788289,0.154241563103,0.152415375336,0.149815636127,0.146391498575,0.142063571576,0.136706263435,0.130111544240,0.121904412781,0.111301001483,0.096096889189,,,,,,,,,0.052983997196,1.200000000000
173640,0.155650082864,0.155290649362,0.154206835878,0.152381337360,0.149782570251,0.146359696650,0.142033340364,0.136677934691,0.130085493358,0.121881097368,0.111281056977,0.096081464940,,,,,,,,,0.052981661405,1.200000000000
173700,0.155614835827,0.155255539140,0.154172136971,0.152347327055,0.149749531137,0.146327920315,0.142003133295,0.136649628358,0.130059462842,0.121857799911,0.111261127533,0.096066052030,,,,,,,,,0.052979328487,1.200000000000
173760,0.155579617587,0.155220457587,0.154137466347,0.152313344387,0.149716518753,0.146296169537,0.141972950340,0.136621344408,0.130033452668,0.121834520389,0.111241213131,0.096050650446,,,,,,,,,0.052976998438,1.200000000000
173820,0.155544428109,0.155185404667,0.154102823968,0.152279389319,0.149683533063,0.146264444285,0.141942791468,0.136593082815,0.130007462810,0.121811258778,0.111221313754,0.096035260176,,,,,,,,,0.052974671253,1.200000000000
173880,0.155509267356,0.155150380343,0.154068209799,0.152245461817,0.149650574035,0.146232744524,0.141912656649,0.136564843549,0.129981493244,0.121788015058,0.111201429384,0.096019881205,,,,,,,,,0.052972346927,1.200000000000
173940,0.155474135291,0.155115384579,0.154033623805,0.152211561846,0.149617641635,0.146201070225,0.141882545853,0.136536626584,0.129955543944,0.121764789206,0.111181560003,0.096004513522,,,,,,,,,0.052970025456,1.200000000000
174000,0.155439031878,0.155080417339,0.153999065950,0.152177689371,0.149584735828,0.146169421355,0.141852459050,0.136508431892,0.129929614885,0.121741581202,0.111161705592,0.095989157112,,,,,,,,,0.052967706834,1.200000000000
174060,0.155403957080,0.155045478586,0.153964536197,0.152143844358,0.149551856583,0.146137797881,0.141822396210,0.136480259444,0.129903706044,0.121718391023,0.111141866135,0.095973811963,,,,,,,,,0.052965391058,1.200000000000
174120,0.155368910862,0.155010568284,0.153930034512,0.152110026771,0.149519003864,0.146106199773,0.141792357303,0.136452109214,0.129877817394,0.121695218648,0.111122041613,0.095958478061,,,,,,,,,0.052963078121,1.200000000000
174180,0.155333893186,0.154975686398,0.153895560859,0.152076236576,0.149486177639,0.146074626998,0.141762342299,0.136423981174,0.129851948912,0.121672064055,0.111102232009,0.095943155394,,,,,,,,,0.052960768021,1.200000000000
174240,0.155298904017,0.154940832890,0.153861115201,0.152042473738,0.149453377875,0.146043079524,0.141732351169,0.136395875297,0.129826100572,0.121648927223,0.111082437304,0.095927843947,,,,,,,,,0.052958460752,1.200000000000
174300,0.155263943318,0.154906007726,0.153826697505,0.152008738223,0.149420604537,0.146011557321,0.141702383883,0.136367791555,0.129800272350,0.121625808130,0.111062657481,0.095912543710,,,,,,,,,0.052956156309,1.200000000000
174360,0.155229011054,0.154871210868,0.153792307734,0.151975029997,0.149387857594,0.145980060355,0.141672440411,0.136339729921,0.129774464221,0.121602706754,0.111042892522,0.095897254667,,,,,,,,,0.052953854688,1.200000000000
174420,0.155194107188,0.154836442282,0.153757945853,0.151941349024,0.149355137010,0.145948588596,0.141642520723,0.136311690367,0.129748676161,0.121579623075,0.111023142410,0.095881976807,,,,,,,,,0.052951555883,1.200000000000
174480,0.155159231684,0.154801701931,0.153723611827,0.151907695270,0.149322442755,0.145917142011,0.141612624790,0.136283672867,0.129722908145,0.121556557071,0.111003407127,0.095866710115,,,,,,,,,0.052949259892,1.200000000000
174540,0.155124384506,0.154766989780,0.153689305620,0.151874068702,0.149289774793,0.145885720571,0.141582752582,0.136255677393,0.129697160149,0.121533508721,0.110983686655,0.095851454581,,,,,,,,,0.052946966708,1.200000000000
174600,0.155089565619,0.154732305793,0.153655027198,0.151840469284,0.149257133093,0.145854324242,0.141552904070,0.136227703917,0.129671432147,0.121510478003,0.110963980977,0.095836210189,,,,,,,,,0.052944676327,1.200000000000
174660,0.155054774986,0.154697649935,0.153620776525,0.151806896983,0.149224517621,0.145822952994,0.141523079225,0.136199752413,0.129645724116,0.121487464895,0.110944290074,0.095820976928,,,,,,,,,0.052942388745,1.200000000000
174720,0.155020012573,0.154663022169,0.153586553566,0.151773351765,0.149191928344,0.145791606795,0.141493278016,0.136171822854,0.129620036032,0.121464469378,0.110924613931,0.095805754785,,,,,,,,,0.052940103958,1.200000000000
174780,0.154985278343,0.154628422461,0.153552358287,0.151739833594,0.149159365230,0.145760285614,0.141463500415,0.136143915212,0.129594367869,0.121441491429,0.110904952528,0.095790543746,,,,,,,,,0.052937821959,1.200000000000
174840,0.154950572260,0.154593850774,0.153518190652,0.151706342438,0.149126828246,0.145728989420,0.141433746393,0.136116029461,0.129568719604,0.121418531027,0.110885305849,0.095775343799,,,,,,,,,0.052935542746,1.200000000000
174900,0.154915894289,0.154559307074,0.153484050627,0.151672878263,0.149094317358,0.145697718182,0.141404015919,0.136088165574,0.129543091212,0.121395588151,0.110865673876,0.095760154932,,,,,,,,,0.052933266312,1.200000000000
174960,0.154881244395,0.154524791325,0.153449938176,0.151639441033,0.149061832535,0.145666471868,0.141374308965,0.136060323523,0.129517482669,0.121372662781,0.110846056591,0.095744977130,,,,,,,,,0.052930992655,1.200000000000
175020,0.154846622542,0.154490303492,0.153415853265,0.151606030716,0.149029373744,0.145635250448,0.141344625502,0.136032503282,0.129491893951,0.121349754894,0.110826453978,0.095729810382,,,,,,,,,0.052928721769,1.200000000000
175080,0.154812028695,0.154455843540,0.153381795860,0.151572647278,0.148996940951,0.145604053889,0.141314965500,0.136004704824,0.129466325034,0.121326864470,0.110806866019,0.095714654674,,,,,,,,,0.052926453649,1.200000000000
175140,0.154777462818,0.154421411433,0.153347765925,0.151539290685,0.148964534125,0.145572882163,0.141285328931,0.135976928122,0.129440775894,0.121303991488,0.110787292696,0.095699509994,,,,,,,,,0.052924188292,1.200000000000
175200,0.154742924876,0.154387007136,0.153313763427,0.151505960903,0.148932153232,0.145541735236,0.141255715766,0.135949173150,0.129415246505,0.121281135927,0.110767733992,0.095684376329,,,,,,,,,0.052921925692,1.200000000000
175260,0.154708414835,0.154352630615,0.153279788330,0.151472657899,0.148899798242,0.145510613080,0.141226125975,0.135921439880,0.129389736846,0.121258297766,0.110748189890,0.095669253667,,,,,,,,,0.052919665845,1.200000000000
175320,0.154673932658,0.154318281835,0.153245840600,0.151439381639,0.148867469120,0.145479515662,0.141196559529,0.135893728287,0.129364246890,0.121235476983,0.110728660373,0.095654141994,,,,,,,,,0.052917408748,1.200000000000
175380,0.154639478311,0.154283960760,0.153211920202,0.151406132089,0.148835165835,0.145448442952,0.141167016401,0.135866038343,0.129338776616,0.121212673559,0.110709145423,0.095639041299,,,,,,,,,0.052915154394,1.200000000000
175440,0.154605051758,0.154249667356,0.153178027104,0.151372909216,0.148802888355,0.145417394919,0.141137496560,0.135838370022,0.129313325998,0.121189887473,0.110689645023,0.095623951567,,,,,,,,,0.052912902779,1.200000000000
175500,0.154570652965,0.154215401587,0.153144161269,0.151339712987,0.148770636647,0.145386371533,0.141107999978,0.135810723298,0.129287895012,0.121167118703,0.110670159156,0.095608872788,,,,,,,,,0.052910653900,1.200000000000
175560,0.154536281897,0.154181163420,0.153110322664,0.151306543368,0.148738410680,0.145355372763,0.141078526627,0.135783098143,0.129262483636,0.121144367228,0.110650687805,0.095593804947,,,,,,,,,0.052908407752,1.200000000000
175620,0.154501938519,0.154146952819,0.153076511255,0.151273400326,0.148706210420,0.145324398578,0.141049076478,0.135755494533,0.129237091844,0.121121633029,0.110631230953,0.095578748033,,,,,,,,,0.052906164330,1.200000000000
175680,0.154467622797,0.154112769750,0.153042727008,0.151240283827,0.148674035837,0.145293448949,0.141019649502,0.135727912439,0.129211719614,0.121098916083,0.110611788582,0.095563702033,,,,,,,,,0.052903923630,1.200000000000
175740,0.154433334694,0.154078614179,0.153008969888,0.151207193839,0.148641886897,0.145262523843,0.140990245670,0.135700351836,0.129186366922,0.121076216372,0.110592360676,0.095548666935,,,,,,,,,0.052901685647,1.200000000000
175800,0.154399074178,0.154044486070,0.152975239862,0.151174130329,0.148609763570,0.145231623232,0.140960864955,0.135672812698,0.129161033743,0.121053533873,0.110572947217,0.095533642725,,,,,,,,,0.052899450377,1.200000000000
175860,0.154364841212,0.154010385390,0.152941536896,0.151141093262,0.148577665823,0.145200747085,0.140931507327,0.135645294998,0.129135720054,0.121030868566,0.110553548188,0.095518629392,,,,,,,,,0.052897217816,1.200000000000
175920,0.154330635763,0.153976312103,0.152907860955,0.151108082607,0.148545593624,0.145169895370,0.140902172758,0.135617798710,0.129110425833,0.121008220432,0.110534163573,0.095503626922,,,,,,,,,0.052894987959,1.200000000000
175980,0.154296457797,0.153942266176,0.152874212006,0.151075098330,0.148513546941,0.145139068059,0.140872861219,0.135590323807,0.129085151054,0.120985589448,0.110514793355,0.095488635304,,,,,,,,,0.052892760801,1.200000000000
176040,0.154262307277,0.153908247575,0.152840590016,0.151042140399,0.148481525744,0.145108265121,0.140843572684,0.135562870265,0.129059895694,0.120962975595,0.110495437516,0.095473654524,,,,,,,,,0.052890536339,1.200000000000
176100,0.154228184172,0.153874256264,0.152806994950,0.151009208780,0.148449529999,0.145077486526,0.140814307122,0.135535438056,0.129034659731,0.120940378853,0.110476096039,0.095458684571,,,,,,,,,0.052888314568,1.200000000000
176160,0.154194088445,0.153840292211,0.152773426775,0.150976303440,0.148417559677,0.145046732243,0.140785064506,0.135508027155,0.129009443141,0.120917799200,0.110456768908,0.095443725432,,,,,,,,,0.052886095483,1.200000000000
176220,0.154160020063,0.153806355380,0.152739885457,0.150943424348,0.148385614744,0.145016002243,0.140755844807,0.135480637536,0.128984245899,0.120895236616,0.110437456106,0.095428777095,,,,,,,,,0.052883879081,1.200000000000
176280,0.154125978991,0.153772445738,0.152706370963,0.150910571469,0.148353695169,0.144985296495,0.140726647998,0.135453269172,0.128959067983,0.120872691082,0.110418157616,0.095413839547,,,,,,,,,0.052881665356,1.200000000000
176340,0.154091965195,0.153738563252,0.152672883258,0.150877744773,0.148321800921,0.144954614970,0.140697474051,0.135425922038,0.128933909370,0.120850162576,0.110398873422,0.095398912775,,,,,,,,,0.052879454305,1.200000000000
176400,0.154057978642,0.153704707886,0.152639422311,0.150844944225,0.148289931969,0.144923957638,0.140668322936,0.135398596108,0.128908770036,0.120827651078,0.110379603505,0.095383996768,,,,,,,,,0.052877245923,1.200000000000
176460,0.154024019297,0.153670879607,0.152605988087,0.150812169793,0.148258088281,0.144893324468,0.140639194627,0.135371291355,0.128883649957,0.120805156568,0.110360347851,0.095369091514,,,,,,,,,0.052875040206,1.200000000000
176520,0.153990087126,0.153637078381,0.152572580554,0.150779421446,0.148226269826,0.144862715431,0.140610089095,0.135344007756,0.128858549112,0.120782679026,0.110341106441,0.095354196999,,,,,,,,,0.052872837150,1.200000000000
176580,0.153956182095,0.153603304175,0.152539199677,0.150746699150,0.148194476573,0.144832130498,0.140581006313,0.135316745282,0.128833467475,0.120760218432,0.110321879260,0.095339313212,,,,,,,,,0.052870636750,1.200000000000
176640,0.153922304171,0.153569556954,0.152505845424,0.150714002873,0.148162708490,0.144801569638,0.140551946252,0.135289503910,0.128808405025,0.120737774765,0.110302666290,0.095324440140,,,,,,,,,0.052868439001,1.200000000000
176700,0.153888453319,0.153535836686,0.152472517761,0.150681332583,0.148130965546,0.144771032822,0.140522908884,0.135262283612,0.128783361738,0.120715348005,0.110283467515,0.095309577771,,,,,,,,,0.052866243900,1.200000000000
176760,0.153854629506,0.153502143336,0.152439216655,0.150648688248,0.148099247710,0.144740520020,0.140493894183,0.135235084364,0.128758337591,0.120692938133,0.110264282918,0.095294726094,,,,,,,,,0.052864051443,1.200000000000
176820,0.153820832698,0.153468476871,0.152405942074,0.150616069835,0.148067554951,0.144710031203,0.140464902119,0.135207906140,0.128733332562,0.120670545127,0.110245112483,0.095279885094,,,,,,,,,0.052861861624,1.200000000000
176880,0.153787062862,0.153434837257,0.152372693985,0.150583477312,0.148035887238,0.144679566341,0.140435932666,0.135180748915,0.128708346626,0.120648168968,0.110225956193,0.095265054761,,,,,,,,,0.052859674441,1.200000000000
176940,0.153753319963,0.153401224462,0.152339472353,0.150550910647,0.148004244540,0.144649125405,0.140406985795,0.135153612662,0.128683379761,0.120625809636,0.110206814032,0.095250235083,,,,,,,,,0.052857489888,1.200000000000
177000,0.153719603969,0.153367638451,0.152306277148,0.150518369808,0.147972626827,0.144618708365,0.140378061480,0.135126497357,0.128658431944,0.120603467112,0.110187685983,0.095235426046,,,,,,,,,0.052855307961,1.200000000000
177060,0.153685914846,0.153334079192,0.152273108335,0.150485854763,0.147941034067,0.144588315191,0.140349159692,0.135099402974,0.128633503153,0.120581141374,0.110168572029,0.095220627640,,,,,,,,,0.052853128656,1.200000000000
177120,0.153652252560,0.153300546651,0.152239965882,0.150453365480,0.147909466229,0.144557945856,0.140320280404,0.135072329488,0.128608593364,0.120558832403,0.110149472154,0.095205839851,,,,,,,,,0.052850951969,1.200000000000
177180,0.153618617078,0.153267040794,0.152206849756,0.150420901928,0.147877923283,0.144527600328,0.140291423589,0.135045276873,0.128583702555,0.120536540179,0.110130386343,0.095191062668,,,,,,,,,0.052848777896,1.200000000000
177240,0.153585008367,0.153233561590,0.152173759925,0.150388464073,0.147846405198,0.144497278580,0.140262589219,0.135018245104,0.128558830702,0.120514264683,0.110111314577,0.095176296079,,,,,,,,,0.052846606431,1.200000000000
177300,0.153551426393,0.153200109004,0.152140696355,0.150356051886,0.147814911943,0.144466980581,0.140233777267,0.134991234156,0.128533977783,0.120492005894,0.110092256841,0.095161540072,,,,,,,,,0.052844437572,1.200000000000
177360,0.153517871124,0.153166683004,0.152107659016,0.150323665333,0.147783443489,0.144436706303,0.140204987705,0.134964244003,0.128509143776,0.120469763792,0.110073213119,0.095146794634,,,,,,,,,0.052842271314,1.200000000000
177420,0.153484342525,0.153133283556,0.152074647873,0.150291304383,0.147751999803,0.144406455717,0.140176220506,0.134937274621,0.128484328657,0.120447538359,0.110054183394,0.095132059753,,,,,,,,,0.052840107653,1.200000000000
177480,0.153450840565,0.153099910628,0.152041662894,0.150258969004,0.147720580856,0.144376228793,0.140147475643,0.134910325984,0.128459532405,0.120425329573,0.110035167650,0.095117335418,,,,,,,,,0.052837946584,1.200000000000
177540,0.153417365210,0.153066564187,0.152008704048,0.150226659166,0.147689186618,0.144346025503,0.140118753088,0.134883398068,0.128434754996,0.120403137416,0.110016165870,0.095102621617,,,,,,,,,0.052835788104,1.200000000000
177600,0.153383916427,0.153033244200,0.151975771302,0.150194374836,0.147657817058,0.144315845818,0.140090052815,0.134856490846,0.128409996407,0.120380961868,0.109997178039,0.095087918337,,,,,,,,,0.052833632208,1.200000000000
177660,0.153350494183,0.152999950635,0.151942864623,0.150162115983,0.147626472145,0.144285689708,0.140061374797,0.134829604295,0.128385256617,0.120358802909,0.109978204139,0.095073225567,,,,,,,,,0.052831478891,1.200000000000
177720,0.153317098445,0.152966683457,0.151909983979,0.150129882575,0.147595151849,0.144255557145,0.140032719005,0.134802738389,0.128360535603,0.120336660520,0.109959244156,0.095058543295,,,,,,,,,0.052829328151,1.200000000000
177780,0.153283729180,0.152933442636,0.151877129338,0.150097674581,0.147563856141,0.144225448101,0.140004085414,0.134775893104,0.128335833342,0.120314534680,0.109940298072,0.095043871508,,,,,,,,,0.052827179983,1.200000000000
177840,0.153250386356,0.152900228138,0.151844300668,0.150065491971,0.147532584989,0.144195362545,0.139975473996,0.134749068413,0.128311149812,0.120292425371,0.109921365872,0.095029210195,,,,,,,,,0.052825034382,1.200000000000
177900,0.153217069940,0.152867039931,0.151811497938,0.150033334711,0.147501338364,0.144165300451,0.139946884725,0.134722264294,0.128286484990,0.120270332572,0.109902447539,0.095014559345,,,,,,,,,0.052822891345,1.200000000000
177960,0.153183779900,0.152833877982,0.151778721114,0.150001202772,0.147470116235,0.144135261788,0.139918317573,0.134695480720,0.128261838855,0.120248256265,0.109883543058,0.094999918944,,,,,,,,,0.052820750867,1.200000000000
178020,0.153150516202,0.152800742258,0.151745970165,0.149969096122,0.147438918573,0.144105246529,0.139889772513,0.134668717667,0.128237211384,0.120226196430,0.109864652411,0.094985288982,,,,,,,,,0.052818612944,1.200000000000
178080,0.153117278814,0.152767632729,0.151713245059,0.149937014730,0.147407745348,0.144075254644,0.139861249520,0.134641975110,0.128212602554,0.120204153047,0.109845775584,0.094970669446,,,,,,,,,0.052816477573,1.200000000000
178140,0.153084067704,0.152734549360,0.151680545764,0.149904958565,0.147376596529,0.144045286106,0.139832748565,0.134615253026,0.128188012344,0.120182126098,0.109826912560,0.094956060325,,,,,,,,,0.052814344748,1.200000000000
178200,0.153050882839,0.152701492120,0.151647872248,0.149872927596,0.147345472087,0.144015340886,0.139804269622,0.134588551388,0.128163440731,0.120160115562,0.109808063323,0.094941461607,,,,,,,,,0.052812214467,1.200000000000
178260,0.153017724186,0.152668460976,0.151615224480,0.149840921792,0.147314371992,0.143985418954,0.139775812666,0.134561870172,0.128138887693,0.120138121420,0.109789227857,0.094926873280,,,,,,,,,0.052810086724,1.200000000000
178320,0.152984591715,0.152635455897,0.151582602428,0.149808941122,0.147283296213,0.143955520284,0.139747377668,0.134535209354,0.128114353207,0.120116143654,0.109770406147,0.094912295332,,,,,,,,,0.052807961517,1.200000000000
178380,0.152951485391,0.152602476850,0.151550006060,0.149776985556,0.147252244722,0.143925644847,0.139718964602,0.134508568910,0.128089837253,0.120094182243,0.109751598175,0.094897727752,,,,,,,,,0.052805838840,1.200000000000
178440,0.152918405183,0.152569523804,0.151517435345,0.149745055061,0.147221217489,0.143895792614,0.139690573442,0.134481948814,0.128065339807,0.120072237169,0.109732803927,0.094883170528,,,,,,,,,0.052803718690,1.200000000000
178500,0.152885351060,0.152536596725,0.151484890251,0.149713149609,0.147190214483,0.143865963557,0.139662204162,0.134455349043,0.128040860848,0.120050308412,0.109714023387,0.094868623648,,,,,,,,,0.052801601062,1.200000000000
178560,0.152852322987,0.152503695583,0.151452370746,0.149681269167,0.147159235676,0.143836157648,0.139633856734,0.134428769572,0.128016400354,0.120028395953,0.109695256538,0.094854087101,,,,,,,,,0.052799485954,1.200000000000
178620,0.152819320935,0.152470820345,0.151419876800,0.149649413705,0.147128281037,0.143806374859,0.139605531133,0.134402210376,0.127991958302,0.120006499774,0.109676503364,0.094839560875,,,,,,,,,0.052797373359,1.200000000000
178680,0.152786344870,0.152437970980,0.151387408380,0.149617583193,0.147097350538,0.143776615162,0.139577227332,0.134375671432,0.127967534672,0.119984619854,0.109657763851,0.094825044958,,,,,,,,,0.052795263276,1.200000000000
178740,0.152753394760,0.152405147455,0.151354965456,0.149585777601,0.147066444148,0.143746878528,0.139548945305,0.134349152714,0.127943129440,0.119962756175,0.109639037982,0.094810539338,,,,,,,,,0.052793155699,1.200000000000
178800,0.152720470575,0.152372349739,0.151322547995,0.149553996896,0.147035561839,0.143717164930,0.139520685025,0.134322654199,0.127918742585,0.119940908718,0.109620325741,0.094796044005,,,,,,,,,0.052791050625,1.200000000000
178860,0.152687572281,0.152339577800,0.151290155968,0.149522241050,0.147004703581,0.143687474339,0.139492446466,0.134296175863,0.127894374085,0.119919077464,0.109601627113,0.094781558946,,,,,,,,,0.052788948049,1.200000000000
178920,0.152654699847,0.152306831606,0.151257789343,0.149490510032,0.146973869344,0.143657806728,0.139464229602,0.134269717681,0.127870023919,0.119897262393,0.109582942082,0.094767084150,,,,,,,,,0.052786847968,1.200000000000
178980,0.152621853241,0.152274111127,0.151225448088,0.149458803811,0.146943059100,0.143628162069,0.139436034407,0.134243279630,0.127845692065,0.119875463487,0.109564270633,0.094752619605,,,,,,,,,0.052784750378,1.200000000000
179040,0.152589032432,0.152241416330,0.151193132172,0.149427122357,0.146912272819,0.143598540334,0.139407860855,0.134216861684,0.127821378501,0.119853680727,0.109545612749,0.094738165300,,,,,,,,,0.052782655274,1.200000000000
179100,0.152556237388,0.152208747184,0.151160841565,0.149395465640,0.146881510472,0.143568941495,0.139379708919,0.134190463821,0.127797083205,0.119831914093,0.109526968414,0.094723721223,,,,,,,,,0.052780562653,1.200000000000
179160,0.152523468078,0.152176103657,0.151128576236,0.149363833630,0.146850772029,0.143539365525,0.139351578574,0.134164086016,0.127772806156,0.119810163568,0.109508337615,0.094709287363,,,,,,,,,0.052778472510,1.200000000000
179220,0.152490724469,0.152143485718,0.151096336153,0.149332226296,0.146820057463,0.143509812395,0.139323469793,0.134137728245,0.127748547331,0.119788429132,0.109489720334,0.094694863709,,,,,,,,,0.052776384843,1.200000000000
179280,0.152458006530,0.152110893336,0.151064121286,0.149300643608,0.146789366743,0.143480282079,0.139295382551,0.134111390484,0.127724306711,0.119766710766,0.109471116556,0.094680450248,,,,,,,,,0.052774299646,1.200000000000
179340,0.152425314230,0.152078326480,0.151031931603,0.149269085537,0.146758699841,0.143450774548,0.139267316821,0.134085072709,0.127700084272,0.119745008452,0.109452526266,0.094666046969,,,,,,,,,0.052772216917,1.200000000000
179400,0.152392647538,0.152045785117,0.150999767075,0.149237552052,0.146728056728,0.143421289775,0.139239272579,0.134058774897,0.127675879994,0.119723322170,0.109433949448,0.094651653862,,,,,,,,,0.052770136650,1.200000000000
179460,0.152360006422,0.152013269218,0.150967627670,0.149206043123,0.146697437374,0.143391827733,0.139211249797,0.134032497023,0.127651693855,0.119701651903,0.109415386087,0.094637270914,,,,,,,,,0.052768058842,1.200000000000
179520,0.152327390850,0.151980778750,0.150935513358,0.149174558720,0.146666841752,0.143362388394,0.139183248451,0.134006239064,0.127627525833,0.119679997631,0.109396836167,0.094622898114,,,,,,,,,0.052765983490,1.200000000000
179580,0.152294800792,0.151948313684,0.150903424108,0.149143098814,0.146636269832,0.143332971730,0.139155268514,0.133980000996,0.127603375908,0.119658359335,0.109378299673,0.094608535451,,,,,,,,,0.052763910588,1.200000000000
179640,0.152262236217,0.151915873987,0.150871359889,0.149111663375,0.146605721585,0.143303577714,0.139127309960,0.133953782796,0.127579244057,0.119636736998,0.109359776590,0.094594182913,,,,,,,,,0.052761840135,1.200000000000
179700,0.152229697093,0.151883459628,0.150839320671,0.149080252373,0.146575196983,0.143274206319,0.139099372765,0.133927584439,0.127555130260,0.119615130600,0.109341266901,0.094579840489,,,,,,,,,0.052759772124,1.200000000000
179760,0.152197183389,0.151851070578,0.150807306423,0.149048865777,0.146544695998,0.143244857518,0.139071456902,0.133901405902,0.127531034494,0.119593540123,0.109322770592,0.094565508168,,,,,,,,,0.052757706553,1.200000000000
179820,0.152164695074,0.151818706804,0.150775317116,0.149017503560,0.146514218600,0.143215531283,0.139043562347,0.133875247162,0.127506956740,0.119571965548,0.109304287647,0.094551185938,,,,,,,,,0.052755643418,1.200000000000
179880,0.152132232117,0.151786368277,0.150743352718,0.148986165690,0.146483764761,0.143186227587,0.139015689072,0.133849108194,0.127482896975,0.119550406857,0.109285818051,0.094536873789,,,,,,,,,0.052753582715,1.200000000000
179940,0.152099794488,0.151754054965,0.150711413200,0.148954852139,0.146453334452,0.143156946403,0.138987837053,0.133822988976,0.127458855179,0.119528864031,0.109267361788,0.094522571708,,,,,,,,,0.052751524440,1.200000000000
180000,0.152067382155,0.151721766837,0.150679498530,0.148923562876,0.146422927645,0.143127687703,0.138960006265,0.133796889484,0.127434831330,0.119507337051,0.109248918844,0.094508279685,,,,,,,,,0.052749468589,1.200000000000
180060,0.152034995087,0.151689503863,0.150647608680,0.148892297873,0.146392544312,0.143098451462,0.138932196682,0.133770809694,0.127410825408,0.119485825901,0.109230489203,0.094493997708,,,,,,,,,0.052747415159,1.200000000000
180120,0.152002633255,0.151657266013,0.150615743618,0.148861057099,0.146362184424,0.143069237651,0.138904408278,0.133744749583,0.127386837390,0.119464330560,0.109212072850,0.094479725767,,,,,,,,,0.052745364144,1.200000000000
180180,0.151970296626,0.151625053255,0.150583903314,0.148829840526,0.146331847952,0.143040046244,0.138876641028,0.133718709128,0.127362867256,0.119442851010,0.109193669770,0.094465463849,,,,,,,,,0.052743315543,1.200000000000
180240,0.151937985170,0.151592865560,0.150552087739,0.148798648125,0.146301534870,0.143010877213,0.138848894908,0.133692688306,0.127338914985,0.119421387234,0.109175279947,0.094451211944,,,,,,,,,0.052741269350,1.200000000000
180300,0.151905698858,0.151560702896,0.150520296863,0.148767479865,0.146271245147,0.142981730533,0.138821169891,0.133666687092,0.127314980556,0.119399939213,0.109156903366,0.094436970040,,,,,,,,,0.052739225563,1.200000000000
180360,0.151873437657,0.151528565233,0.150488530654,0.148736335718,0.146240978757,0.142952606175,0.138793465952,0.133640705464,0.127291063948,0.119378506928,0.109138540013,0.094422738127,,,,,,,,,0.052737184177,1.200000000000
180420,0.151841201538,0.151496452542,0.150456789085,0.148705215654,0.146210735670,0.142923504114,0.138765783067,0.133614743399,0.127267165140,0.119357090362,0.109120189872,0.094408516193,,,,,,,,,0.052735145188,1.200000000000
180480,0.151808990470,0.151464364790,0.150425072123,0.148674119645,0.146180515860,0.142894424322,0.138738121210,0.133588800873,0.127243284111,0.119335689495,0.109101852927,0.094394304228,,,,,,,,,0.052733108593,1.200000000000
180540,0.151776804422,0.151432301949,0.150393379741,0.148643047660,0.146150319297,0.142865366773,0.138710480356,0.133562877863,0.127219420841,0.119314304311,0.109083529165,0.094380102219,,,,,,,,,0.052731074387,1.200000000000
180600,0.151744643365,0.151400263988,0.150361711907,0.148611999672,0.146120145954,0.142836331439,0.138682860481,0.133536974346,0.127195575308,0.119292934790,0.109065218570,0.094365910156,,,,,,,,,0.052729042568,1.200000000000
180660,0.151712507268,0.151368250877,0.150330068593,0.148580975651,0.146089995802,0.142807318295,0.138655261558,0.133511090300,0.127171747491,0.119271580914,0.109046921126,0.094351728028,,,,,,,,,0.052727013131,1.200000000000
180720,0.151680396101,0.151336262586,0.150298449768,0.148549975569,0.146059868815,0.142778327314,0.138627683563,0.133485225700,0.127147937370,0.119250242666,0.109028636819,0.094337555824,,,,,,,,,0.052724986073,1.200000000000
180780,0.151648309833,0.151304299084,0.150266855403,0.148518999395,0.146029764963,0.142749358469,0.138600126471,0.133459380525,0.127124144925,0.119228920028,0.109010365634,0.094323393533,,,,,,,,,0.052722961390,1.200000000000
180840,0.151616248434,0.151272360342,0.150235285468,0.148488047102,0.145999684220,0.142720411734,0.138572590258,0.133433554750,0.127100370134,0.119207612980,0.108992107557,0.094309241143,,,,,,,,,0.052720939077,1.200000000000
180900,0.151584211874,0.151240446329,0.150203739934,0.148457118660,0.145969626557,0.142691487082,0.138545074898,0.133407748354,0.127076612976,0.119186321506,0.108973862571,0.094295098644,,,,,,,,,0.052718919132,1.200000000000
180960,0.151552200124,0.151208557016,0.150172218771,0.148426214042,0.145939591946,0.142662584487,0.138517580366,0.133381961313,0.127052873432,0.119165045587,0.108955630662,0.094280966025,,,,,,,,,0.052716901551,1.200000000000
181020,0.151520213152,0.151176692372,0.150140721949,0.148395333217,0.145909580360,0.142633703922,0.138490106638,0.133356193604,0.127029151480,0.119143785205,0.108937411816,0.094266843274,,,,,,,,,0.052714886330,1.200000000000
181080,0.151488250929,0.151144852369,0.150109249440,0.148364476158,0.145879591772,0.142604845361,0.138462653690,0.133330445205,0.127005447100,0.119122540342,0.108919206016,0.094252730382,,,,,,,,,0.052712873464,1.200000000000
181140,0.151456313426,0.151113036975,0.150077801215,0.148333642836,0.145849626153,0.142576008778,0.138435221495,0.133304716093,0.126981760272,0.119101310980,0.108901013250,0.094238627336,,,,,,,,,0.052710862952,1.200000000000
181200,0.151424400611,0.151081246162,0.150046377242,0.148302833222,0.145819683476,0.142547194146,0.138407810030,0.133279006244,0.126958090974,0.119080097102,0.108882833501,0.094224534126,,,,,,,,,0.052708854788,1.200000000000
181260,0.151392512456,0.151049479900,0.150014977494,0.148272047287,0.145789763714,0.142518401440,0.138380419271,0.133253315637,0.126934439187,0.119058898689,0.108864666755,0.094210450742,,,,,,,,,0.052706848969,1.200000000000
181320,0.151360648930,0.151017738158,0.149983601942,0.148241285004,0.145759866839,0.142489630632,0.138353049192,0.133227644249,0.126910804889,0.119037715725,0.108846512998,0.094196377171,,,,,,,,,0.052704845491,1.200000000000
181380,0.151328810004,0.150986020908,0.149952250555,0.148210546343,0.145729992823,0.142460881698,0.138325699768,0.133201992057,0.126887188062,0.119016548189,0.108828372213,0.094182313404,,,,,,,,,0.052702844352,1.200000000000
181440,0.151296995648,0.150954328120,0.149920923305,0.148179831277,0.145700141640,0.142432154610,0.138298370977,0.133176359038,0.126863588683,0.118995396066,0.108810244388,0.094168259429,,,,,,,,,0.052700845546,1.200000000000
181500,0.151265205833,0.150922659764,0.149889620163,0.148149139776,0.145670313261,0.142403449344,0.138271062792,0.133150745170,0.126840006733,0.118974259338,0.108792129506,0.094154215236,,,,,,,,,0.052698849071,1.200000000000
181560,0.151233440528,0.150891015811,0.149858341100,0.148118471814,0.145640507660,0.142374765872,0.138243775190,0.133125150430,0.126816442192,0.118953137986,0.108774027554,0.094140180813,,,,,,,,,0.052696854922,1.200000000000
181620,0.151201699704,0.150859396231,0.149827086086,0.148087827360,0.145610724809,0.142346104169,0.138216508146,0.133099574796,0.126792895038,0.118932031992,0.108755938517,0.094126156151,,,,,,,,,0.052694863097,1.200000000000
181680,0.151169983333,0.150827800996,0.149795855094,0.148057206388,0.145580964681,0.142317464209,0.138189261636,0.133074018245,0.126769365253,0.118910941340,0.108737862379,0.094112141237,,,,,,,,,0.052692873591,1.200000000000
181740,0.151138291383,0.150796230075,0.149764648093,0.148026608869,0.145551227249,0.142288845965,0.138162035635,0.133048480755,0.126745852816,0.118889866012,0.108719799127,0.094098136062,,,,,,,,,0.052690886401,1.200000000000
181800,0.151106623826,0.150764683439,0.149733465055,0.147996034774,0.145521512486,0.142260249414,0.138134830120,0.133022962304,0.126722357706,0.118868805989,0.108701748746,0.094084140615,,,,,,,,,0.052688901523,1.200000000000
181860,0.151074980633,0.150733161060,0.149702305952,0.147965484077,0.145491820365,0.142231674527,0.138107645065,0.132997462869,0.126698879903,0.118847761254,0.108683711222,0.094070154884,,,,,,,,,0.052686918953,1.200000000000
181920,0.151043361774,0.150701662908,0.149671170754,0.147934956748,0.145462150858,0.142203121280,0.138080480448,0.132971982428,0.126675419388,0.118826731791,0.108665686539,0.094056178860,,,,,,,,,0.052684938689,1.200000000000
181980,0.151011767220,0.150670188954,0.149640059433,0.147904452760,0.145432503939,0.142174589647,0.138053336243,0.132946520958,0.126651976139,0.118805717580,0.108647674683,0.094042212531,,,,,,,,,0.052682960726,1.200000000000
182040,0.150980196941,0.150638739169,0.149608971961,0.147873972084,0.145402879581,0.142146079602,0.138026212427,0.132921078438,0.126628550138,0.118784718606,0.108629675640,0.094028255887,,,,,,,,,0.052680985060,1.200000000000
182100,0.150948650909,0.150607313523,0.149577908308,0.147843514694,0.145373277756,0.142117591120,0.137999108975,0.132895654845,0.126605141364,0.118763734849,0.108611689395,0.094014308917,,,,,,,,,0.052679011689,1.200000000000
182160,0.150917129094,0.150575911989,0.149546868446,0.147813080560,0.145343698438,0.142089124174,0.137972025864,0.132870250157,0.126581749797,0.118742766293,0.108593715934,0.094000371610,,,,,,,,,0.052677040609,1.200000000000
182220,0.150885631468,0.150544534536,0.149515852346,0.147782669656,0.145314141601,0.142060678741,0.137944963070,0.132844864351,0.126558375417,0.118721812920,0.108575755243,0.093986443956,,,,,,,,,0.052675071815,1.200000000000
182280,0.150854158000,0.150513181136,0.149484859981,0.147752281953,0.145284607216,0.142032254793,0.137917920567,0.132819497407,0.126535018204,0.118700874714,0.108557807306,0.093972525944,,,,,,,,,0.052673105305,1.200000000000
182340,0.150822708663,0.150481851761,0.149453891321,0.147721917424,0.145255095258,0.142003852305,0.137890898334,0.132794149301,0.126511678138,0.118679951655,0.108539872110,0.093958617564,,,,,,,,,0.052671141074,1.200000000000
182400,0.150791283428,0.150450546380,0.149422946338,0.147691576041,0.145225605700,0.141975471252,0.137863896345,0.132768820011,0.126488355200,0.118659043728,0.108521949640,0.093944718805,,,,,,,,,0.052669179120,1.200000000000
182460,0.150759882264,0.150419264966,0.149392025004,0.147661257776,0.145196138515,0.141947111609,0.137836914577,0.132743509516,0.126465049369,0.118638150915,0.108504039882,0.093930829655,,,,,,,,,0.052667219439,1.200000000000
182520,0.150728505144,0.150388007491,0.149361127291,0.147630962602,0.145166693677,0.141918773351,0.137809953006,0.132718217794,0.126441760626,0.118617273198,0.108486142822,0.093916950106,,,,,,,,,0.052665262027,1.200000000000
182580,0.150697152039,0.150356773924,0.149330253170,0.147600690491,0.145137271159,0.141890456451,0.137783011609,0.132692944822,0.126418488951,0.118596410561,0.108468258445,0.093903080146,,,,,,,,,0.052663306881,1.200000000000
182640,0.150665822920,0.150325564238,0.149299402613,0.147570441416,0.145107870934,0.141862160885,0.137756090360,0.132667690579,0.126395234324,0.118575562985,0.108450386737,0.093889219764,,,,,,,,,0.052661353996,1.200000000000
182700,0.150634517758,0.150294378404,0.149268575592,0.147540215350,0.145078492976,0.141833886627,0.137729189238,0.132642455043,0.126371996725,0.118554730454,0.108432527684,0.093875368951,,,,,,,,,0.052659403371,1.200000000000
182760,0.150603236525,0.150263216393,0.149237772079,0.147510012264,0.145049137258,0.141805633652,0.137702308218,0.132617238192,0.126348776135,0.118533912951,0.108414681271,0.093861527695,,,,,,,,,0.052657455000,1.200000000000
182820,0.150571979191,0.150232078177,0.149206992046,0.147479832131,0.145019803755,0.141777401936,0.137675447277,0.132592040005,0.126325572534,0.118513110458,0.108396847484,0.093847695987,,,,,,,,,0.052655508881,1.200000000000
182880,0.150540745729,0.150200963728,0.149176235465,0.147449674925,0.144990492440,0.141749191452,0.137648606390,0.132566860459,0.126302385903,0.118492322959,0.108379026310,0.093833873815,,,,,,,,,0.052653565010,1.200000000000
182940,0.150509536110,0.150169873017,0.149145502307,0.147419540618,0.144961203286,0.141721002177,0.137621785535,0.132541699532,0.126279216222,0.118471550436,0.108361217733,0.093820061169,,,,,,,,,0.052651623384,1.200000000000
183000,0.150478350305,0.150138806016,0.149114792545,0.147389429182,0.144931936267,0.141692834084,0.137594984688,0.132516557204,0.126256063470,0.118450792871,0.108343421740,0.093806258039,,,,,,,,,0.052649683999,1.200000000000
183060,0.150447188286,0.150107762696,0.149084106151,0.147359340591,0.144902691357,0.141664687149,0.137568203825,0.132491433452,0.126232927630,0.118430050249,0.108325638317,0.093792464415,,,,,,,,,0.052647746852,1.200000000000
183120,0.150416050025,0.150076743029,0.149053443098,0.147329274817,0.144873468529,0.141636561347,0.137541442924,0.132466328255,0.126209808680,0.118409322552,0.108307867449,0.093778680285,,,,,,,,,0.052645811938,1.200000000000
183180,0.150384935492,0.150045746988,0.149022803356,0.147299231833,0.144844267759,0.141608456653,0.137514701960,0.132441241591,0.126186706603,0.118388609762,0.108290109123,0.093764905640,,,,,,,,,0.052643879256,1.200000000000
183240,0.150353844661,0.150014774543,0.148992186900,0.147269211612,0.144815089019,0.141580373042,0.137487980910,0.132416173439,0.126163621378,0.118367911864,0.108272363324,0.093751140469,,,,,,,,,0.052641948800,1.200000000000
183300,0.150322777502,0.149983825668,0.148961593700,0.147239214127,0.144785932283,0.141552310489,0.137461279751,0.132391123776,0.126140552985,0.118347228840,0.108254630039,0.093737384762,,,,,,,,,0.052640020568,1.200000000000
183360,0.150291733988,0.149952900332,0.148931023729,0.147209239351,0.144756797525,0.141524268970,0.137434598460,0.132366092583,0.126117501406,0.118326560672,0.108236909253,0.093723638508,,,,,,,,,0.052638094557,1.200000000000
183420,0.150260714090,0.149921998510,0.148900476960,0.147179287258,0.144727684720,0.141496248460,0.137407937013,0.132341079836,0.126094466621,0.118305907345,0.108219200952,0.093709901698,,,,,,,,,0.052636170762,1.200000000000
183480,0.150229717780,0.149891120172,0.148869953364,0.147149357819,0.144698593842,0.141468248933,0.137381295387,0.132316085516,0.126071448611,0.118285268841,0.108201505123,0.093696174320,,,,,,,,,0.052634249181,1.200000000000
183540,0.150198745030,0.149860265291,0.148839452916,0.147119451009,0.144669524864,0.141440270366,0.137354673559,0.132291109599,0.126048447357,0.118264645144,0.108183821751,0.093682456365,,,,,,,,,0.052632329810,1.200000000000
183600,0.150167795812,0.149829433838,0.148808975586,0.147089566801,0.144640477760,0.141412312733,0.137328071506,0.132266152066,0.126025462839,0.118244036236,0.108166150822,0.093668747822,,,,,,,,,0.052630412646,1.200000000000
183660,0.150136870098,0.149798625787,0.148778521348,0.147059705167,0.144611452506,0.141384376011,0.137301489205,0.132241212894,0.126002495037,0.118223442101,0.108148492323,0.093655048680,,,,,,,,,0.052628497685,1.200000000000
183720,0.150105967860,0.149767841108,0.148748090173,0.147029866081,0.144582449074,0.141356460174,0.137274926633,0.132216292063,0.125979543934,0.118202862722,0.108130846239,0.093641358931,,,,,,,,,0.052626584923,1.200000000000
183780,0.150075089070,0.149737079775,0.148717682036,0.147000049517,0.144553467440,0.141328565198,0.137248383766,0.132191389551,0.125956609509,0.118182298083,0.108113212558,0.093627678563,,,,,,,,,0.052624674358,1.200000000000
183840,0.150044233701,0.149706341760,0.148687296908,0.146970255447,0.144524507578,0.141300691058,0.137221860582,0.132166505336,0.125933691744,0.118161748165,0.108095591264,0.093614007566,,,,,,,,,0.052622765986,1.200000000000
183900,0.150013401724,0.149675627035,0.148656934762,0.146940483846,0.144495569461,0.141272837730,0.137195357057,0.132141639398,0.125910790619,0.118141212954,0.108077982345,0.093600345930,,,,,,,,,0.052620859803,1.200000000000
183960,0.149982593111,0.149644935572,0.148626595571,0.146910734686,0.144466653065,0.141245005190,0.137168873169,0.132116791716,0.125887906115,0.118120692432,0.108060385785,0.093586693645,,,,,,,,,0.052618955806,1.200000000000
184020,0.149951807836,0.149614267344,0.148596279308,0.146881007941,0.144437758363,0.141217193414,0.137142408895,0.132091962268,0.125865038213,0.118100186583,0.108042801573,0.093573050700,,,,,,,,,0.052617053993,1.200000000000
184080,0.149921045870,0.149583622323,0.148565985945,0.146851303585,0.144408885331,0.141189402376,0.137115964212,0.132067151034,0.125842186894,0.118079695389,0.108025229692,0.093559417086,,,,,,,,,0.052615154359,1.200000000000
