time_s,0.0,0.1,0.2,0.3,0.4,0.5,0.6,0.7,0.8,0.9,1.0,1.1,1.2,1.3,1.4,1.5,1.6,1.7,1.8,1.9,药材表面
60.0,2.55,2.55,2.5499999999999994,2.55,2.55,2.55,2.55,2.55,2.55,2.55,2.55,2.5499999999999994,2.55,2.55,2.55,2.55,2.55,2.5500000000027385,2.5500000235826015,2.548664229851692,2.0794295931128537
120.0,2.55,2.55,2.55,2.55,2.55,2.55,2.55,2.55,2.5499999999999994,2.55,2.55,2.55,2.55,2.5499999999999994,2.5500000000000003,2.55,2.5500000000004883,2.5500000005406096,2.549983625418287,2.5268235915986352,1.9230036026544852
180.0,2.55,2.55,2.55,2.55,2.55,2.55,2.55,2.55,2.5499999999999994,2.5500000000000003,2.55,2.55,2.5500000000000003,2.55,2.5500000000000003,2.550000000000087,2.550000000053643,2.5499997551466285,2.549352828920833,2.479117393911544,1.8158367913163518
240.0,2.55,2.55,2.55,2.55,2.5499999999999994,2.55,2.55,2.55,2.5499999999999994,2.55,2.5499999999999994,2.55,2.55,2.5500000000000003,2.550000000000003,2.5499999999959484,2.5500000019607243,2.5499819978393883,2.5462522100586353,2.4162285135530888,1.733190815407102
300.0,2.55,2.55,2.55,2.5499999999999994,2.55,2.55,2.55,2.55,2.55,2.55,2.55,2.55,2.55,2.55,2.549999999999871,2.5500000001670085,2.549999631341323,2.5498405810930227,2.538889004761987,2.345543725752722,1.6661167527883072
360.0,2.55,2.55,2.55,2.55,2.55,2.55,2.55,2.55,2.5500000000000003,2.55,2.55,2.55,2.55,2.549999999999998,2.550000000000823,2.5499999981508963,2.5499949557389665,2.549323771108727,2.526389270404553,2.2712139351174025,1.6098254948296455
420.0,2.55,2.55,2.5500000000000003,2.5499999999999994,2.55,2.55,2.55,2.55,2.55,2.55,2.55,2.55,2.55,2.550000000000028,2.5500000000510976,2.549999930386053,2.54997015551698,2.5480702976420195,2.5086622885360246,2.1957945532870795,1.561345937939269
480.0,2.55,2.55,2.55,2.5499999999999994,2.55,2.55,2.55,2.55,2.5500000000000003,2.55,2.55,2.55,2.55,2.550000000000965,2.5499999983742137,2.549999214546612,2.549887407022692,2.5456915495100025,2.4860653786943976,2.1207152570380616,1.5187826763819579
540.0,2.55,2.55,2.55,2.5499999999999994,2.55,2.55,2.55,2.55,2.55,2.55,2.5500000000000003,2.55,2.55000000000004,2.549999999955867,2.5499999713107897,2.54999540851658,2.549681053654597,2.541840863950995,2.4591637024771966,2.0467659028670084,1.4810974572419027
600.0,2.55,2.55,2.55,2.55,2.5499999999999994,2.5500000000000003,2.55,2.55,2.55,2.55,2.55,2.55,2.5499999999996685,2.549999999080637,2.5499997878619434,2.5499819637441465,2.5492631022026164,2.5362463760881884,2.4285505517125467,1.9743677525890642,1.4474957648916542
660.0,2.55,2.55,2.55,2.55,2.55,2.5500000000000003,2.55,2.55,2.55,2.5500000000000003,2.55,2.5500000000000083,2.5499999999817993,2.5499999918415566,2.5499989908997973,2.54994568377708,2.5484994370655234,2.528719943971409,2.3947046852847116,1.9038303360483235,1.4173574418830934
720.0,2.55,2.55,2.55,2.55,2.55,2.55,2.55,2.55,2.55,2.55,2.5499999999999994,2.5499999999999408,2.549999999775981,2.549999953762029,2.5499963973784388,2.549864663498256,2.547249093772336,2.5191527675947967,2.358138994898835,1.835345883969067,1.3900476450036698
780.0,2.55,2.55,2.55,2.5499999999999994,2.5499999999999994,2.55,2.55,2.55,2.55,2.55,2.55,2.5499999999969494,2.54999999839705,2.5499998054968493,2.549989524876021,2.5497072365908156,2.545369591004813,2.5074479118616164,2.319399056321973,1.7690312390284966,1.365124733754727
840.0,2.55,2.55,2.55,2.55,2.55,2.55,2.55,2.55,2.55,2.5500000000000003,2.5499999999999097,2.5499999999626715,2.5499999918167333,2.549999341499845,2.549973912054546,2.5494321100772797,2.542726179945722,2.4935481067005454,2.2789467964034915,1.7049034841236321,1.342242543931898
900.0,2.55,2.55,2.5500000000000003,2.55,2.55,2.5499999999999994,2.55,2.55,2.55,2.549999999999998,2.549999999998632,2.5499999997288785,2.549999968059095,2.5499981122017035,2.549942433751615,2.54898952264905,2.539199063809256,2.4775295946287432,2.2371994107271127,1.6429437868946986,1.3210582049994752
960.0,2.55,2.55,2.55,2.55,2.5500000000000003,2.55,2.55,2.55,2.55,2.549999999999956,2.5499999999885037,2.549999998579392,2.549999893234239,2.5499952559840375,2.549884720764659,2.5483231808887568,2.5346875590127045,2.45950261368417,2.1944909303588234,1.5830628252333403,1.3015474583910585
1020.0,2.55,2.55,2.55,2.55,2.5499999999999994,2.5499999999999994,2.55,2.55,2.55,2.5499999999995797,2.5499999999316008,2.5499999941127904,2.5499996853993845,2.5499892860044,2.5497867430346086,2.547372260766782,2.5291097657073194,2.4395918038940416,2.1510884718731322,1.5252772401285832,1.2834213496344844
1080.0,2.55,2.55,2.55,2.55,2.55,2.55,2.5500000000000003,2.55,2.549999999999989,2.549999999997159,2.5499999996812215,2.5499999796160107,2.549999172863774,2.5499779301435224,2.549630607133559,2.546073771787911,2.5224051929379754,2.4179428824804257,2.1072390959337217,1.4694928182431957,1.266731717782233
1140.0,2.55,2.55,2.55,2.5500000000000003,2.5499999999999994,2.55,2.55,2.55,2.549999999999905,2.5499999999850838,2.549999998767283,2.5499999388339534,2.5499980314104986,2.549957545030509,2.5493945640716875,2.5443642879829698,2.5145291892924164,2.3946880689122834,2.0630970964831783,1.4158017156681892,1.2512765545081344
1200.0,2.55,2.55,2.55,2.55,2.5499999999999994,2.55,2.55,2.5499999999999976,2.5499999999994163,2.549999999935409,2.549999995892577,2.5499998367143766,2.54999570005959,2.5499228021716895,2.5490531599330297,2.5421817057838965,2.5054555785264085,2.3699766400063447,2.018879151081533,1.3640487717358392,1.2368399765658966
1260.0,2.55,2.55,2.55,2.55,2.5499999999999994,2.55,2.55,2.549999999999983,2.549999999997118,2.5499999997603613,2.5499999878881567,2.549999604552047,2.549991276625336,2.5498666653325315,2.5485783923980687,2.5394674157514916,2.4951755128221196,2.343956419261365,1.9747570880095886,1.3141297124629483,1.2232182429013108
1320.0,2.55,2.55,2.55,2.5500000000000003,2.5499999999999994,2.55,2.5500000000000003,2.5499999999998977,2.549999999987957,2.5499999992174125,2.549999967759165,2.549999118036263,2.5499833971782366,2.549780109221337,2.5479327864440076,2.5361677271491336,2.4836962354158985,2.3167767868594864,1.9308708041161469,1.265974621506385,1.21053044118197
1380.0,2.55,2.55,2.55,2.5499999999999994,2.5499999999999994,2.5500000000000003,2.549999999999997,2.5499999999995033,2.549999999956089,2.549999997704681,2.5499999213345887,2.54999816702823,2.549970105472967,2.549652005743525,2.5470796213790607,2.532233854717406,2.4710306853045374,2.288557945390247,1.8872890062685461,1.2197065409675438,1.198749581445675
1440.0,2.55,2.55,2.55,2.55,2.5499999999999994,2.55,2.54999999999998,2.5499999999979144,2.5499999998572225,2.549999993858823,2.549999821928136,2.549996416198133,2.549948716109986,2.5494690588120363,2.5459811982838816,2.5276012842548496,2.457204316179889,2.259434110177216,1.8441369275555077,nan,1.1875557829656262
1500.0,2.55,2.55,2.55,2.5500000000000003,2.5500000000000003,2.5500000000000003,2.5499999999998972,2.549999999992255,2.549999999582364,2.5499999848244586,2.5499996223506964,2.549993356508102,2.5499156839974244,2.549215874031914,2.5445994206061706,2.5222259958264575,2.4422502054243735,2.2295402982726262,1.8015302656572068,nan,1.176816773732637
1560.0,2.55,2.55,2.55,2.55,2.55,2.5499999999999963,2.5499999999995637,2.5499999999741476,2.5499999988746245,2.5499999650155205,2.5499992436349066,2.549988248650518,2.5498664910698503,2.548875133210023,2.5428968518789254,2.516080667145365,2.426185695755196,2.199008316187104,1.759531785133578,nan,1.1666507697924136
1620.0,2.55,2.55,2.55,2.55,2.55,2.5499999999999776,2.5499999999983816,2.5499999999214054,2.5499999971602816,2.549999924140594,2.5499985599325345,2.549980060284438,2.5497955555627434,2.5484278067894355,2.5408371822122153,2.5091447406439054,2.4090614965332264,2.1679182516587776,1.7181469211181586,nan,1.1570034794258137
1680.0,2.55,2.55,2.55,2.55,2.55,2.549999999999905,2.5499999999946033,2.5499999997799625,2.5499999932603385,2.549999844426201,2.5499973791158985,2.5499673979921886,2.5496961552627666,2.5478533500660987,2.538385712001506,2.501405434563746,2.3909438245031307,2.1363888735361383,1.6774268097633807,nan,1.1478234763750441
1740.0,2.55,2.55,2.55,2.55,2.549999999999995,2.549999999999649,2.549999999983561,2.549999999427434,2.549999984884603,2.549999696394802,2.5499954188871006,2.5499484379372417,2.549560392482265,2.5471300527834653,2.5355100720605472,2.4928564016571433,2.3718948756257676,2.1045072540652088,1.6373553616334682,nan,1.1393091726680695
1800.0,2.55,2.55,2.55,2.55,2.5499999999999803,2.5499999999988394,2.54999999995371,2.5499999986042874,2.5499999678165506,2.549999430270067,2.549992278339929,2.549920855424527,2.5493791599823927,2.546235146461644,2.5321794865222262,2.4834936214717778,2.3519687683928656,2.072339524772155,1.5979788285554832,nan,1.13134115680671
1860.0,2.55,2.55,2.55,2.55,2.549999999999926,2.5499999999965413,2.5499999998808813,2.549999996858716,2.549999936014126,2.5499989899343225,2.549987648011248,2.5498840186443914,2.549158335496812,2.545232583977045,2.5287257289617058,2.474461840654344,2.334058902731686,2.045535489397896,1.5682111028146175,nan,1.123699484179634
1920.0,2.55,2.55,2.55,2.5499999999999976,2.549999999999758,2.5499999999904115,2.549999999711796,2.5499999932891853,2.5499998781673354,2.5499982705836386,2.549980801326776,2.5498339659178915,2.5488799900107937,2.5440492656522604,2.524873385350091,2.4648537620430084,2.3157208888502825,2.018886751469772,1.539256944155778,nan,1.1162257453645617
1980.0,2.55,2.55,2.55,2.5499999999999856,2.5499999999992706,2.5499999999750873,2.549999999340225,2.549999986321399,2.549999776934907,2.549997131743962,2.5499709022199277,2.549767314733414,2.5485346152101496,2.5426690747242677,2.520613231030811,2.4546931627616333,2.2970176823745323,1.9924587040610227,1.5110767434921346,nan,1.108943396643636
2040.0,2.55,2.55,2.55,2.549999999999948,2.5499999999979597,2.549999999938931,2.5499999985631585,2.5499999732801437,2.5499996058881917,2.5499953798505337,2.5499569160506854,2.549680191605111,2.548112251965752,2.5410768815331313,2.5159392729952517,2.444004202624223,2.2779964594648456,1.966268117635063,1.4835864296862384,nan,1.1020049516679395
2100.0,2.55,2.55,2.5499999999999976,2.5499999999998417,2.549999999994635,2.5499999998579725,2.5499999970094938,2.5499999497872863,2.5499993259986553,2.5499927550420916,2.549937571468224,2.5495683225421795,2.547602524670654,2.539258197833129,2.510846838659483,2.432809130005237,2.258698451388784,1.9403321159546425,1.4567867059714226,nan,1.0953001345699986
2160.0,2.55,2.55,2.549999999999989,2.5499999999995473,2.5499999999866647,2.549999999685127,2.5499999940277163,2.5499999089187,2.5499988812486363,2.5499889164426777,2.5499113345507416,2.549426497835575,2.54699475074405,2.537199542168501,2.5053341848276016,2.421134424518108,2.2391710959129467,1.9146789316001578,1.430658780985249,nan,1.088811328149226
2220.0,2.55,2.55,2.5499999999999643,2.5499999999987923,2.549999999968488,2.549999999331788,2.549999988515461,2.549999840060628,2.549998193310664,2.5499834264965036,2.5498763879771764,2.549249267817443,2.5462782315350543,2.534888753376687,2.4994022063223227,2.409006719800463,2.21945205195737,1.889313216002904,1.4051558191776745,nan,1.082689300745842
2280.0,2.55,2.549999999999999,2.549999999999894,2.549999999996951,2.549999999928902,2.5499999986376936,2.5499999786696277,2.5499997274053383,2.54999715527882,2.5499757346817655,2.5498306131657236,2.5490307281665263,2.5454416836058718,2.5323145297498337,2.4930522739284253,2.396448478494995,2.1995683368052394,1.8642340593387674,1.3802954116548458,nan,1.0767998791127935
2340.0,2.55,2.5499999999999914,2.5499999999997076,2.549999999992678,2.5499999998462464,2.549999997323276,2.549999961631311,2.5499995480214506,2.5499956243969044,2.5499651604054567,2.5497715729680963,2.548764537079165,2.5444730733193057,2.529466673852729,2.4862880743315965,2.3834861326344896,2.1795564185894323,1.8394613697495015,1.356045939607984,nan,1.0711496771098215
2400.0,2.549999999999999,2.549999999999971,2.549999999999246,2.5499999999831893,2.5499999996802423,2.5499999949168752,2.549999932995242,2.5499992694379983,2.549993413840386,2.5499508762028484,2.5496965033475956,2.548443976141965,2.543361429160905,2.5263358484713616,2.4791144950827513,2.3701425183441622,2.159438271880273,1.814995053577721,1.3324032541360527,nan,1.0657367810770377
2460.0,2.5499999999999927,2.549999999999917,2.5499999999981577,2.549999999962969,2.549999999358604,2.5499999906468593,2.5499998861502604,2.5499988466932293,2.5499902836319372,2.5499318911870974,2.549602305748574,2.548061978863735,2.5420959703319257,2.5229114310786134,2.4715382071453154,2.3564438306459907,2.139247062909471,1.7908593555082584,1.3093460232520366,nan,1.0605612143007968
2520.0,2.549999999999974,2.5499999999997787,2.549999999995695,2.5499999999214884,2.5499999987558066,2.5499999832862734,2.5499998114136053,2.5499982187995975,2.5499859307748913,2.5499070356245848,2.549485549606898,2.547611210523087,2.5406663341710325,2.519186914053721,2.463565193813373,2.3424128324339266,2.119002155552738,1.7670489153742248,1.2868753672838573,nan,1.0555926063901842
2580.0,2.5499999999999226,2.5499999999994447,2.5499999999903418,2.5499999998393426,2.5499999976604224,2.5499999709349996,2.5499996949214374,2.5499973046065367,2.5499799788079525,2.549874946694661,2.5493424748039617,2.547084100979824,2.5390625290117796,2.5151571719060586,2.4552019189593044,2.328075715409232,2.0987367930078746,1.7435930014538095,1.264962259547076,nan,1.05065348868748
2640.0,2.5499999999997907,2.5499999999986747,2.549999999979136,2.54999999968191,2.5499999957262833,2.5499999507216766,2.5499995172360954,2.5499959980393117,2.549971966935719,2.549834056777339,2.54916901057793,2.5464729740498546,2.5372753748405183,2.5108195382879317,2.446462555828539,2.3134598744571493,2.0784830766438387,1.7204988734275266,1.2435244302773258,nan,1.045923266499672
2700.0,2.549999999999475,2.5499999999969667,2.549999999956474,2.5499999993892737,2.549999992401391,2.5499999184056756,2.5499992516403047,2.549994162800392,2.549961339538953,2.5497825870806246,2.5489608067066434,2.5457701336995866,2.5352963878909756,2.5061721963551067,2.4373588466755574,2.2985849992184506,2.0582455406379987,1.6977362400338603,1.2226127386691719,nan,1.041412798651544
2760.0,2.5499999999987466,2.549999999993317,2.5499999999121092,2.5499999988606152,2.5499999868270873,2.5499998678578293,2.5499988620888367,2.5499916265130977,2.549947435303909,2.549718537991238,2.5487132294546893,2.544967788447326,2.533117386041182,2.5012136203670927,2.4279025578793214,2.283474730627538,2.038052828934038,1.6753276609586232,1.2021948359984478,nan,1.0369199392180848
2820.0,2.5499999999971346,2.549999999985788,2.549999999827845,2.549999997930744,2.5499999776982434,2.5499997903950136,2.5499983007750258,2.5499881742547124,2.5499294761995968,2.549639683265134,2.5484213948417627,2.544058231855619,2.530731233432972,2.4959450355688757,2.41811081647743,2.268161131413303,2.017939838701106,1.653291943386643,1.182181453392558,nan,1.0324585626863871
2880.0,2.549999999993689,2.549999999970735,2.5499999996722758,2.5499999963356306,2.549999963073642,2.5499996739453556,2.5499975053188186,2.5499835418524923,2.5499065587562155,2.5495435773421273,2.548080240316192,2.543034033809413,2.5281320141867956,2.490369530904758,2.408000860984142,2.252669270974502,1.9979196735377618,1.631603316952705,1.1625735326628015,nan,1.0281958352352218
2940.0,2.5499999999865675,2.5499999999415337,2.5499999993926084,2.5499999936630005,2.5499999401246543,2.549999502025268,2.5499963955994795,2.549977409073326,2.5498776465031407,2.5494275604400007,2.547684545267996,2.541887947733891,2.525314308817207,2.484489716252599,2.3975857630238493,2.2370149423719674,1.9779964584795329,1.610246151809275,1.1434219309416978,nan,1.024020423628105
3000.0,2.5499999999723073,2.549999999886462,2.549999998902303,2.549999989283177,2.5499999048088386,2.5499992525050086,2.5499948701962487,2.5499693923976734,2.549841561402828,2.5492887561421735,2.547228930733403,2.540612892304859,2.522273390842492,2.4783096954032358,2.3868827514657727,2.221226124880267,1.9581996723551627,1.5892450584387587,1.1245922843991392,nan,1.019824697322836
3060.0,2.5499999999445806,2.5499999997853258,2.549999998062788,2.5499999822542296,2.549999851453281,2.5499988961399938,2.549992802453996,2.5499590378254386,2.5497969784846117,2.549124089317815,2.5467079579762557,2.539202267240783,2.5190059468349193,2.4718356574984943,2.3759096361847645,2.205323955419657,1.9385361085359127,1.5685768174377843,1.1061250723840543,nan,1.015758813453418
3120.0,2.5499999998921554,2.5499999996041973,2.549999996657074,2.5499999711945693,2.54999977223358,2.5499983948666514,2.549990036312114,2.549945814330411,2.549742423720819,2.5489303042561633,2.5461161602405333,2.537649844373966,2.515509313098822,2.4650737345883793,2.364682107821414,2.1893256385052444,1.9190099769797404,1.5482215400086772,1.0880566321099334,nan,1.0119178984934123
3180.0,2.5499999997956078,2.549999999287404,2.5499999943524676,2.5499999541152634,2.5499996565342515,2.549997699852481,2.549986381863194,2.5499291073003487,2.5496762708215908,2.548703971872318,2.545448039329947,2.535949645599749,2.5117809769649164,2.458028536039397,2.353209669409117,2.1732343790999513,1.899604463002244,1.5281523246057411,1.0704931156316724,nan,1.0083050096420183
3240.0,2.549999999622174,2.549999998745636,2.549999990648966,2.549999928203222,2.5499994901743266,2.5499967492801447,2.549981610578623,2.549908211524639,2.5495967349957227,2.5484414794530523,2.544698002858326,2.534095727993239,2.507818371360425,2.4507046486079056,2.3415046393832304,2.157067169783132,1.8803385634041683,1.5084086310760227,1.0532767517020107,nan,1.0047236472246273
3300.0,2.5499999993178957,2.549999997838622,2.549999984809133,2.5499998895448717,2.549999254478718,2.54999546583608,2.5499754501687537,2.549882324189392,2.5495018704459156,2.5481390534932546,2.543860491678129,2.5320827025004458,2.503620438329041,2.4431095671050955,2.3295832141477915,2.1408421150043386,1.8612226547081991,1.488988819066533,1.0363963500007711,nan,1.0012231949671921
3360.0,2.5499999987958444,2.549999996350405,2.549999975764383,2.5499998327794833,2.549998925184284,2.549993753955903,2.54996757955168,2.549850540180271,2.549389577342083,2.5477928011120095,2.542930066146427,2.5299057414556305,2.4991869894218035,2.4352511609357896,2.31746027834041,2.124574525618465,1.8422674476719731,1.4698924342183513,1.0197684678879346,nan,0.9977013912797644
3420.0,2.549999997918919,2.5499999939547306,2.5499999619920186,2.549999750671977,2.5499984711756567,2.5499914968597377,2.5499576239032073,2.5498118480721708,2.5492576071766715,2.547398732638167,2.541901435689274,2.5275606046817614,2.4945189159959917,2.427138932796923,2.3051535055225556,2.108285042535127,1.8234900576485822,1.4511159171658925,1.0033775782813912,nan,0.9942071392991448
3480.0,2.549999996475162,2.5499999901675015,2.549999941356634,2.549999633594624,2.5499978530439478,2.5499885533981974,2.5499451498988694,2.5497651276970954,2.5491035739014594,2.5469528051316823,2.5407695549645735,2.5250437782601756,2.489618153591665,2.4187828051721354,2.2926783125582415,2.0919867413863344,1.8048925698748395,1.432637606303616,nan,nan,0.9906952400320636
3540.0,2.549999994143077,2.5499999842826244,2.549999910908937,2.549999468908544,2.5499970214739864,2.549984754786064,2.5499296613706663,2.5497091491362642,2.548924964670957,2.5464509441091554,2.5395296095043625,2.5223523030388146,2.484487326011972,2.4101934246430154,2.280052070357173,2.0756991582309023,1.7864896104577492,1.4144562010826722,nan,nan,0.987178159142235
3600.0,2.5499999904438297,2.5499999752869744,2.549999866634697,2.54999924023659,2.5499959154621736,2.549979901238593,2.549910595292625,2.5496425729118872,2.54871915441376,2.5458890876123936,2.5381771192931333,2.5194840080448597,2.479130109535341,2.4013818182893347,2.267289384067939,2.0594306840493255,1.7682690095860738,1.396523691315024,nan,nan,0.983839532581745
3660.0,2.5499999846749706,2.549999961733233,2.5499998029824287,2.549998925358018,2.549994452233123,2.549973713591726,2.5498871030865766,2.549563054801318,2.548480151740409,2.545252756576226,2.536678495284371,2.5163641784690935,2.4733897117660666,2.3920440150221998,2.253854867907897,2.042331998773398,1.7490169039135819,1.3772879413141728,nan,nan,0.9806498322736098
3720.0,2.5499999758227494,2.5499999416203805,2.5499997127970477,2.5499984979019956,2.5499925435837154,2.5499659373900965,2.549858583972462,2.5494695612073883,2.548207284240439,2.544545469882625,2.535052563143152,2.5130515139324743,2.4674087939666283,2.3824723612308327,2.2402717329667894,2.025236262541966,1.7299279332156612,1.3583356735825556,nan,nan,0.9774918518416446
3780.0,2.5499999624494625,2.549999912193259,2.549999586620305,2.5499979240885384,2.549990078414753,2.549956248881823,2.5498242200694796,2.5493603353542866,2.547897422090728,2.543762797590038,2.533294840385422,2.5095440975338628,2.4611909421261746,2.3726769549900237,2.22655353546041,2.0081528069457373,1.7110008968411468,1.3396481391756516,nan,nan,0.9744582763993556
3840.0,2.5499999425448943,2.5499998697160136,2.5499994122019434,2.5499971620017177,2.5499869243280604,2.5499442767838936,2.5497831073484254,2.549233504209188,2.5475473492089002,2.542900372178636,2.531401153187455,2.5058404405034658,2.454739706750383,2.362666412109145,2.212710320205991,1.991087425625023,1.6922368195833304,1.3212296505271381,nan,nan,0.9714403124452687
3900.0,2.549999913337916,2.5499998091873683,2.5499991738545047,2.5499961601517858,2.5499829249426536,2.5499295986158024,2.5497342531951226,2.5490870810829325,2.547153769624495,2.5419538792249847,2.5293675845012316,2.5019394839848923,2.4480592390207647,2.352450623847535,2.1987555841426243,1.9740539145035727,1.6736490649591786,1.303082717044168,nan,nan,0.968405136560407
3960.0,2.5499998710601215,2.5499997239950676,2.5499988517252743,2.549994856022046,2.5499778976952725,2.5499117392449584,2.549676580403216,2.548918982999537,2.5467133452031416,2.540919118517605,2.527190572580306,2.4978407778615117,2.4411544913877283,2.3420402749000595,2.18470295081772,1.9570641020858335,1.6552470420231502,1.2851835410031265,nan,nan,0.9654127868084899
4020.0,2.5499998106526074,2.5499996054947314,2.5499984208938393,2.549993173992948,2.5499716290459506,2.549890159473356,2.54960889894508,2.548726962084441,2.5462225440785575,2.5397917148756166,2.52486643760182,2.4935437840678025,2.434030227987885,2.3314455735430326,2.170565357630003,1.9401297375146775,1.637034250639799,1.2675267156225847,nan,nan,0.9623820194022793
4080.0,2.549999725408648,2.54999944251465,2.549997850426842,2.549991023724279,2.5499638731080236,2.5498642606760464,2.5495299364837307,2.5485087128976103,2.5456779261077624,2.5385677326931826,2.5223924730832543,2.4890494909723473,2.426693065443719,2.3206786263846415,2.156357827884929,1.9232652438149322,1.619017712294781,1.2501018576636198,nan,nan,0.959282366382115
4140.0,2.5499996065434436,2.549999220775235,2.5499971023160817,2.549988298316131,2.549954349218353,2.549833383155169,2.5494383393160245,2.5482618715955763,2.5450761137373954,2.537243554487643,2.5197666483953913,2.484359903240613,2.4191507639328065,2.309752244434819,2.14209426518859,1.90647882872065,1.601189683295341,1.2328659894721439,nan,nan,0.9563054310556612
4200.0,2.549999442683292,2.5499989222155475,2.5499961302865595,2.5499848722573386,2.549942739044808,2.5497968033840728,2.549332671705832,2.547984017602163,2.5444137852218853,2.5358158174385648,2.5169873297812706,2.479477111493881,2.411409712089627,2.298674502176478,2.127778517545271,1.8897634032529314,1.5835274579333898,1.2158339786755743,nan,nan,0.953388882217086
4260.0,2.549999219268178,2.549998524226335,2.5499948785170843,2.549980599413282,2.5499286842223268,2.549753732884584,2.54921141777453,2.5476726730594565,2.5436876390130627,2.5342812568839177,2.514052893852161,2.474402813228226,2.403475521721668,2.287453813430295,2.113419858934987,1.87312735260447,1.566038776332999,1.1990136599174575,nan,nan,0.9504909451680559
4320.0,2.549998917859147,2.549997998780203,2.549993280247049,2.54997531090147,2.549911783799817,2.5497033163650435,2.5490729816413515,2.5473253057997876,2.5428944097083463,2.5326368017589473,2.510962118674529,2.469139358371142,2.395354640988768,2.2760988176741344,2.0990243099353285,1.8565669556097513,1.548707597848095,1.1823835872792041,nan,nan,0.9477660003777514
4380.0,2.549998515340716,2.5499973114503187,2.5499912562700033,2.5499688129205182,2.5498915919503617,2.5496446312463266,2.548915692399222,2.5469393433199827,2.5420308841706962,2.5308795347658424,2.507713868191459,2.463688623035397,2.387051699544843,2.264614487232704,2.084593649805419,1.8400795672590236,1.5315347503233738,1.165995255829064,nan,nan,0.9449850920336
4440.0,2.5499979830149346,2.549996420319117,2.549988713331054,2.5499608845521387,2.5498676157087723,2.54957668651349,2.5487378040048663,2.546512166888692,2.541093872703085,2.5290066453147677,2.5043072155851194,2.458053104369197,2.3785736391536862,2.253012779121783,2.0701455910209856,1.8236899727220477,1.5145556589075988,1.1498005737318013,nan,nan,0.9420666257384684
4500.0,2.549997285577329,2.5499952747661747,2.5499855424080713,2.549951275491555,2.5498393128320687,2.54949842290294,2.548537503882792,2.5460411485857346,2.5400803402820804,2.5270158252695225,2.500742383333571,2.4522374415365067,2.3699303845126547,2.2413073920956825,2.055692620372761,1.8074020176924679,1.4977546251983163,1.133740697697247,nan,nan,0.9392188425320375
4560.0,2.5499963799803815,2.5499938141554765,2.5499816169765506,2.5499397041303586,2.549806091300125,2.54940871837732,2.5483129336663475,2.545523698203971,2.5389874627757942,2.524905182221719,2.4970199879268846,2.4462458473088464,2.3611290381518737,2.2295049553404094,2.0412357214986963,1.791207399273419,1.4811077970301127,1.1178513615254262,nan,nan,0.9364604443352078
4620.0,2.5499952142110374,2.5499919664639856,2.5499767913332563,2.5499258559517477,2.549767309145259,2.549306391155806,2.5480621924925657,2.5449572434056233,2.5378125126684323,2.5226729049378323,2.4931404275163387,2.4400816417278017,2.352175135376245,2.2176109963787676,2.026777880897281,1.7751046059408442,1.464609267500683,1.1021402399697569,nan,nan,0.9337800892675512
4680.0,2.5499937259675747,2.549989646819814,2.5499708988445824,2.5499093817262284,2.549722273252853,2.549190199142082,2.5477833335490567,2.5443392147027133,2.536552831416424,2.520317276413936,2.4891041068234103,2.4337479177778514,2.343073589902979,2.205629731393012,2.0123194032911838,1.7590875351506128,1.4482534965145812,1.08663206192228,nan,nan,0.9311778000714546
4740.0,2.5499918412129254,2.5499867559203158,2.549963750082923,2.5498898955972296,2.549670238118074,2.54905884010503,2.547474365163171,2.5436670443849065,2.5352058212706456,2.5178366568981745,2.484911436995503,2.427247723646732,2.3338297164443014,2.193567674314992,1.9978670862305195,1.743163238949497,1.4320566365418237,1.0713096461219673,nan,nan,0.9285996538583217
4800.0,2.5499894726079364,2.549983178340401,2.5499551308910466,2.549866973176871,2.5496104048075865,2.548910952820528,2.5471332563734883,2.542938184596781,2.533769007056207,2.515229675372339,2.480563301667919,2.420584836017094,2.324449646005684,2.1814313086656885,1.9834246881360147,1.7273308981703055,1.4160154188745728,1.0561609727872323,nan,nan,0.9260069963979554
4860.0,2.5499865178409884,2.549978780761371,2.549944800469762,2.5498401499707453,2.549541921115867,2.5487451215977814,2.5467579496184842,2.542150130684783,2.532240059382801,2.512495195329175,2.476060821764962,2.4137631731381437,2.3149397121793065,2.169228323259202,1.9690005243756001,1.71160096774813,1.4001427656262968,1.0411403096070386,nan,nan,0.9233353909517341
4920.0,2.549982857888258,2.54997341016633,2.5499324895570528,2.549808920121734,2.5494638822172857,2.548559880753154,2.5463463710367793,2.541300441367014,2.5306168442513317,2.509632469296824,2.471405810505377,2.406787855811397,2.3053081677154905,2.1569687402581437,1.9546039377408242,1.6959788974823247,1.3844279703227076,1.0262314291438348,nan,nan,0.9207411042017727
4980.0,2.5499783552234887,2.549966892027177,2.5499178987545505,2.549772735689439,2.549375332860354,2.548353723423273,2.5458964520618315,2.540386780736732,2.528897480745983,2.5066411348004043,2.466600395546161,2.3996636404832454,2.2955609708375966,2.144656623504627,1.9402337613707545,1.6804571214034927,1.368856887739651,1.0114893301673453,nan,nan,0.9181041876859958
5040.0,2.5499728520390397,2.5499590285627884,2.54990069712079,2.549731006490361,2.5492752699486374,2.54812510729826,2.5454061315977445,2.5394068891345367,2.527080214661689,2.503520909196913,2.461646633132213,2.392395319455331,2.285705650343748,2.132302642030125,1.925905516326011,1.6650569926104837,1.3534566627892093,0.9967735337980602,nan,nan,0.9153266896017392
5100.0,2.549966168445433,2.549949596993808,2.5498805207582333,2.5496830996764714,2.549162644022505,2.5478724590943393,2.5448733683444997,2.5383586307671777,2.5251636037989096,2.5002721673173993,2.456547850220771,2.384989780883976,2.275752079343967,2.1199172615436845,1.9116256064223158,1.6497755562811325,1.3381952879075205,0.982129449945894,nan,nan,0.912588041071937
5160.0,2.549958100694945,2.549938347890771,2.549856971801325,2.5496283407473834,2.54903636541629,2.5475941919557896,2.544296178278984,2.5372400503160395,2.5231465266559354,2.4968956223580197,2.451307287571075,2.37745246380123,2.2657059889946067,2.1075031231556016,1.8973897763733956,1.6345990339833911,1.323039194187845,0.9676553416879061,nan,nan,0.9100140015785919
5220.0,2.5499484196148154,2.5499250038261083,2.549829617954541,2.5495660151175676,2.5488953086650707,2.5472887091641154,2.543672618647841,2.5360492816662252,2.521027902793925,2.4933917077603187,2.4459270874194923,2.3697862484577485,2.255568617053685,2.095056701109827,1.8831895953134252,1.6195094737115905,1.3079861709539866,0.9533870928991799,nan,nan,0.907497996230149
5280.0,2.5499368690198647,2.549909257947331,2.549797991562642,2.549495367653063,2.548738310307756,2.546954391579884,2.543000744176414,2.5347844405752453,2.51880651010401,2.4897604394182022,2.440408711342276,2.361993767141764,2.2453435326075937,2.082583857779556,1.8690353294076256,1.6045247973005525,1.2930814882885038,0.9391381651239742,nan,nan,0.9048503705566718
5340.0,2.549923163820633,2.5498907721318385,2.549761587841951,2.5494156006379156,2.5485641654835955,2.546589592766097,2.5422786132682105,2.5334437042483016,2.5164813256011582,2.4860024119458233,2.434755110446543,2.35408078540737,2.2350392574992055,2.0700960832005424,1.854936136514281,1.5896499381812317,1.278309051652739,0.9249907677629027,nan,nan,0.9022696027022841
5400.0,2.5499069880999374,2.5498691752116454,2.549719863771865,2.5493258747789653,2.5483716352761103,2.546192664060449,2.5415043553006407,2.532025452419008,2.5140517179711686,2.4821187793240123,2.4289696548470454,2.3460524059208208,2.2246610034171583,2.057595103519314,1.8408869723098658,1.574873449059288,1.263649441538749,0.9109283415290207,nan,nan,0.8996608924576838
5460.0,2.5498879989865486,2.5498440927890735,2.5496723900581406,2.5492258555062985,2.5481611108618134,2.545766465774386,2.5406872530213382,2.5305531695953336,2.511568943290615,2.478209746415895,2.423231156559698,2.338203235556337,2.2146608351188317,2.045728601667384,1.8277615934379035,1.5613093608706898,1.2504603404313548,0.8986167171438447,nan,nan,0.8971219489102209
5520.0,2.5498658237435876,2.5498150793321397,2.5496184678240112,2.5491142780756864,2.5479301188450107,2.5453059127591118,2.5398165869388274,2.529004365635151,2.508987312485937,2.4741871918240945,2.4173800828380476,2.3302634262802457,2.204613391403918,2.0338702181396933,1.814696841321611,1.5478397646865565,1.2373726399247145,nan,nan,nan,0.8946219117475764
5580.0,2.5498400525855955,2.5497816677452,2.549557458448249,2.5489902296704936,2.5476774192649683,2.544809501788613,2.5388908402001995,2.527377955076612,2.5063066925745288,2.470052272816008,2.4114187641757727,2.322236116588275,2.194521760644527,2.0220237012364786,1.8016995969644127,1.5344781773965053,1.2244158693105538,nan,nan,nan,0.8920117321144858
5640.0,2.5498102414198236,2.549743355883183,2.5494886876482763,2.5488527656976188,2.547401753933953,2.5442757368122475,2.5379085371279926,2.525672936428796,2.5035271231543295,2.465806578107337,2.405350579389808,2.314126474454238,2.184392188575882,2.0101951535045646,1.7887739101966846,1.5212252915054587,1.211568613362168,nan,nan,nan,0.8894093305749601
5700.0,2.5497759108026514,2.549699605793621,2.549411445700682,2.548700912277425,2.5471018545573654,2.543703151594415,2.536868298674516,2.523888500333839,2.5006489476052693,2.4614520713108314,2.399179056170658,2.3059393641807815,2.1742294337777577,1.998387533711262,1.7759193192510083,1.5080749960991748,1.1988137037098816,nan,nan,nan,0.8868495487420384
5760.0,2.5497365456811902,2.5496498439490702,2.549324989282155,2.5485336710759143,2.5467764516189586,2.5430903205468836,2.5357688419166187,2.5220239779846616,2.497672627674899,2.456990649832299,2.392907377597464,2.297678158272172,2.1640353088541024,1.986599144486614,1.7631296720888123,1.495016826990875,1.186153047518765,nan,nan,nan,0.8843208185549101
5820.0,2.5496915954771047,2.5495934617308023,2.549228542997942,2.5483500217040285,2.5464242748769,2.5424358483820955,2.5346089390058446,2.520078738010859,2.494598556447497,2.45242394349414,2.3865383066611363,2.2893462747961912,2.1538136871490905,1.9748351086846072,1.750413239158483,1.4820644506321656,1.1736097623619544,nan,nan,nan,0.8816598495145411
5880.0,2.5496404737687137,2.5495298153066033,2.549121299614027,2.548148921738568,2.546044051894556,2.5417383683048937,2.533387431488812,2.518052281208452,2.4914273987026605,2.4477541255562563,2.3800759254491117,2.2809495010535015,2.143571617183785,1.9631027436008035,1.7377755556362493,1.4692191906885737,1.1611541860671855,nan,nan,nan,0.8790239098532354
5940.0,2.5495825582111844,2.5494582259638383,2.5490024218557297,2.54792931208803,2.5456345221427443,2.54099657652366,2.532103304340633,2.5159443637936185,2.4881601974248375,2.44298380782597,2.3735244300093945,2.27249262538274,2.1333126073650917,1.9514013766216833,1.7252080628160849,1.4564590421543802,1.1487545820135259,nan,nan,nan,0.8765452569166646
6000.0,2.549517191925727,2.5493779821707117,2.5488710465625832,2.547690124553722,2.545194447355591,2.5402092362009165,2.5307556482248907,2.5137548221957458,2.484797857999012,2.438114917298775,2.3668858576991827,2.2639758799047094,2.1230322987268537,1.9397193367515642,1.7126909275258932,1.4437589647749154,1.1364358034766582,nan,nan,nan,0.8742196026792222
6060.0,2.5494436846975943,2.549288340941349,2.5487262858338204,2.547430279378756,2.544722594280215,2.5393751178241404,2.529343504373819,2.5114832508652736,2.481340637977035,2.433148146295625,2.3601606633938372,2.255398878396508,2.112729879862576,1.928057886632076,1.7002320124921944,1.4311425512848965,1.1242535784174943,nan,nan,nan,0.871801904533098
6120.0,2.5493613113145335,2.5491885255601443,2.5485672221150373,2.5471486735365962,2.5442177106998822,2.5384929658612183,2.527865866066269,2.5091291980039756,2.477788897289012,2.428084960185634,2.3533515915201284,2.2467660281496338,2.102412027903306,1.916426460016332,1.687843549948597,1.4186292437638448,1.11218565098607,nan,nan,nan,0.8692382428469686
6180.0,2.5492693093482792,2.549077723382437,2.548392906677942,2.546844183617618,2.5436785457193354,2.537561569868519,2.526321863996796,2.506692540858616,2.4741436375509207,2.4229280437383234,2.3464631801077807,2.2380837281169113,2.092086528901786,1.9048328081859465,1.6755310778195485,1.406216389535456,1.1001740906484463,nan,nan,nan,0.8667739116992468
6240.0,2.5491668812138313,2.548955088996569,2.5482023668829563,2.5465156825995434,2.543103884598698,2.5365798248243596,2.5247108397521503,2.504173493579377,2.4704063384157755,2.4176802194003972,2.339499007442089,2.2293546624893668,2.0817522285550973,1.8932682923005544,1.663276568053607,1.393873266281021,1.0882350838349555,nan,nan,nan,0.8643892662961267
6300.0,2.5490531989505962,2.5488197499198693,2.5479946142383056,2.546162049436905,2.5424925506500533,2.5355466928151857,2.5230321848098383,2.5015721642781945,2.4665779474473597,2.4123429912142793,2.3324604612711206,2.2205794184912233,2.071409120189241,1.8817346096633718,1.6510875557600535,1.3816196040345166,1.0764003576010661,nan,nan,nan,0.8619509665360462
6360.0,2.5489274057211144,2.54867080762366,2.547768642802679,2.545782158915951,2.541843375314952,2.534461143279432,2.5212852742566727,2.4988886225622418,2.462659471298345,2.4069183938799465,2.32535060584275,2.2117620546730894,2.0610621726910914,1.8702373562831058,1.638968994562581,1.3694591636089544,1.0646449702471192,nan,nan,nan,0.8594148089645347
6420.0,2.5487886146072136,2.548507336213314,2.5475234279379415,2.5453748830456377,2.5411552124692327,2.533322207450304,2.5194696107976515,2.496123177834008,2.4586523354086185,2.4014090920043833,2.318173266911212,2.2029072897036293,2.050716682509229,1.858782179115944,1.626926825059485,1.3573958108415423,1.0529424218644357,nan,nan,nan,0.8568369520056534
6480.0,2.5486359112630583,2.5483283859035635,2.5472579327185327,2.544939103825645,2.540426962282978,2.5321290163527532,2.5175848697237653,2.493276367643783,2.454558329808753,2.395818196915967,2.3109327117857497,2.194020049531175,2.0403774326491204,1.8473726681243867,1.6149635133188254,1.3454225509955484,1.0412839607974886,nan,nan,nan,0.8542014526082542
6540.0,2.548468359099734,2.548132989005052,2.546971116306988,2.5444737253113106,2.5396575868483087,2.5308808154044633,2.515630897127259,2.490348969264829,2.450379428592271,2.390148845216782,2.3036328476851313,2.1851041918875094,2.030046990057758,1.8360083608178286,1.6030726252091976,1.3335188284166817,1.029647450023407,nan,nan,nan,0.8517536278960575
6600.0,2.548285004699496,2.5479201657723056,2.546661940672099,2.5439776799605816,2.538846110734431,2.529576944690764,2.5136076374177057,2.487341794128932,2.44611734619154,2.3844032483610427,2.2962752984822656,2.1761588821767366,2.0197196486997555,1.8246765810101584,1.5912337898187474,1.3216624366958194,1.018113811829766,nan,nan,nan,0.8493248355790897
6660.0,2.5480848806953436,2.547688926747052,2.5463293701307976,2.5434499187678883,2.5379915853480264,2.528216743103836,2.511514917672433,2.4842552649557628,2.4417729558590042,2.3785823136643565,2.288860559043972,2.1671843961169004,2.0093972388607257,1.8133850732191783,1.5794635618234671,1.3098912204779798,1.0066552516755791,nan,nan,nan,0.8467857000794938
6720.0,2.5478670017272105,2.547438267042087,2.5459723598985065,2.542889389134508,2.537093055872855,2.526799530107735,2.5093525484879526,2.481089908848642,2.43734769387894,2.372688607054182,2.2813926311037886,2.158186480363398,1.9990870814832158,1.802141652526919,1.5677657471709703,1.2982022064446033,0.9952285774050571,nan,nan,nan,0.8442488427878946
6780.0,2.547630362374406,2.5471671650465,2.5455898590599824,2.542295052699452,2.5361496189740738,2.5253247461604618,2.507120585121371,2.477846679191858,2.432843582115423,2.366725153753239,2.273875061897421,2.149168132497888,1.9887898563257171,1.7909423306321521,1.5561306003897353,1.2865744945352107,0.9838468495940131,nan,nan,nan,0.8417925238928536
6840.0,2.5473739460978964,2.546874592927197,2.545180825695993,2.541665906401996,2.535160441882181,2.523791934254121,2.5048191781591753,2.474526504719521,2.428262268665877,2.3606939162660274,2.266309323250321,2.140129272356459,1.9785030264682317,1.7797821373288638,1.544552761516955,1.2750072758985629,0.9725436812500377,nan,nan,nan,0.8393067878416597
6900.0,2.547096730741593,2.5465595213642027,2.544744227755117,2.541000971308141,2.534124722410798,2.5222006468818674,2.502448399099712,2.4711301152666305,2.42360506657079,2.3545965935850157,2.258697323674571,2.131072142281149,1.968230302194788,1.7686659534792255,1.533038337820986,1.2635076054428909,0.9612767897064295,nan,nan,nan,0.8369108771428955
6960.0,2.5467976860849735,2.5462209160840947,2.544279036607823,2.540299282751242,2.5330416826017106,2.5205504707340713,2.500008389014105,2.4676583663670506,2.4188735421192114,2.3484352166929985,2.2510408859980204,2.1219969929325595,1.957968400397724,1.7575835604178147,1.5215690786593403,1.2520519385914226,0.9501210826072388,nan,nan,nan,0.8346003393272344
7020.0,2.5464757746158826,2.545857738996143,2.5437842295853796,2.539559895503183,2.5319105740552703,2.518841011349148,2.497499246072951,2.4641118576016874,2.4140685769693957,2.3422104705471827,2.243339931235649,2.11290280300066,1.947716296178675,1.74653660179803,1.5101536492668954,1.2406661751317198,0.9390333645437055,nan,nan,nan,0.8322309899132025
7080.0,2.5461299503393744,2.5454689455809474,2.543258782002085,2.5387818634902786,2.530730636315158,2.51707183130272,2.494920987312196,2.460491130080752,2.409191241762747,2.3359239504556264,2.2355966609550673,2.1037925849373362,1.9374779925415913,1.7355300306457595,1.498798428430789,1.2293579249741025,0.9279811533115778,nan,nan,nan,0.8298062500100478
7140.0,2.5457591548448146,2.5450534811648255,2.542701665593196,2.537964248241986,2.5295011362399533,2.5152425615215703,2.4922737860199873,2.45679704753353,2.4042431863336917,2.3295781259848676,2.2278143474608334,2.09467048071136,1.9272580833972568,1.7245687819387499,1.487508610472517,1.2181234935810674,0.9169500510338497,nan,nan,nan,0.8274027400990023
7200.0,2.5453623249388553,2.5446102903732495,2.542111864187577,2.537106146786774,2.5282214139457633,2.5133529634583103,2.489558024990936,2.45303077025387,2.399226395927942,2.3231756493911506,2.219995823087461,2.0855389253522447,1.917056430001855,1.7136491320358962,1.4762757596211984,1.2069448076076241,0.9059679439924259,nan,nan,nan,0.8249886468992007
7260.0,2.5449387816621694,2.5441401610195236,2.5414954565293786,2.5362255821175412,2.5269332599124206,2.5114883833008705,2.486933414831604,2.4494706632898846,2.3945967720442836,2.31742216751515,2.2131776677537394,2.0778475994850676,1.9088094201311396,1.705252601637772,1.4681654821694845,1.1995062056581556,0.8993834208339415,nan,nan,nan,0.8225250598144599
7320.0,2.5444879550495862,2.543641343761497,2.5408463513404147,2.535306361851513,2.5255997448788583,2.509572767997673,2.4842553363025695,2.4458601126187203,2.3899267369816988,2.311645505523899,2.206359110786241,2.0701808590579285,1.9006095499728795,1.696919533854821,1.4601260629971378,1.1921321897141988,0.8927847823988508,nan,nan,nan,0.8199328631833049
7380.0,2.544008963257143,2.5431129912185533,2.5401638146367107,2.5343479678656036,2.5242206886879264,2.507606391473413,2.4815245883107635,2.4422004328937597,2.3852180435220687,2.305847791697306,2.1995427707241992,2.0625422855654785,1.892462197759072,1.6886576106412683,1.4521658854280062,1.1848211353095326,0.8861480232423012,nan,nan,nan,0.817345647732725
7440.0,2.5435009448825316,2.542554279543997,2.539447145012663,2.533349929868894,2.5227959842201773,2.5055896476088386,2.4787421801087963,2.4384933025379927,2.380472992806552,2.300031725161754,2.1927311849768256,2.0549331307436427,1.8843654996496564,1.6804595113577774,1.4442698604436974,1.1775474373290633,0.8795467620884548,nan,nan,nan,0.8147287012129422
7500.0,2.5429630706164166,2.5419644214589185,2.538695690633213,2.532311846773438,2.5213256136102182,2.50352302213637,2.4759091553627854,2.4347402406404512,2.3756933101680957,2.294198804664168,2.185925207727955,2.0473535695837217,1.8763196644387405,1.672326665394297,1.43644012651605,1.1703176790570229,0.8729449990577661,nan,nan,nan,0.8121589341708346
7560.0,2.5423945480193364,2.5413426690264327,2.5379088444107083,2.531233364477691,2.5198095955791375,2.5014070056881184,2.473026512568204,2.4309426808943595,2.3708806534843303,2.288350533854107,2.1791255822626963,2.039802623879484,1.8683205403301122,1.6642497523458353,1.4286608094549822,1.1631150282401221,0.8664190817997919,nan,nan,nan,0.8096222689155773
7620.0,2.541794616566621,2.5406883077625335,2.5370860356148706,2.5301141642627205,2.5182479698629567,2.499242065838955,2.470095124870223,2.427101728098418,2.3660360098226807,2.282487323045837,2.1723318048439717,2.032279081643085,1.8603673749610514,1.656230564528315,1.4209393749568209,1.1559638773141467,0.8598729930239597,nan,nan,nan,0.8069993062444978
7680.0,2.5411625395731825,2.5400006466399656,2.536226713692476,2.528953935699063,2.5166407578471572,2.4970286121692693,2.4671157853500234,2.4232184837251163,2.361160691616065,2.27661067035684,2.1655457057773715,2.0247853666820035,1.8524632673925705,1.6482722278489617,1.413278690798728,1.1488608704685184,0.8533281482737871,nan,nan,nan,0.8043827565555569
7740.0,2.5404975981274625,2.5392790132093346,2.5353303491946817,2.527752395368081,2.5149880238910898,2.4947671382588927,2.4640894568806715,2.419294355833885,2.3562564560585533,2.270722499461537,2.158769115897964,2.017322557123477,1.844607589062286,1.6403709458300735,1.4056705030997667,1.1417874057446327,0.8468461691136251,nan,nan,nan,0.8018571377435996
7800.0,2.5397991033478986,2.5385227677068865,2.5343964531723113,2.526509312551188,2.5132898985189542,2.4924582087717657,2.461017137526624,2.4153306498672524,2.3513246054571417,2.264823561407396,2.1520014363210036,2.0098876761657345,1.8367940738785504,1.6325172528085923,1.3981042772093735,1.1347451783050848,0.840406790287664,nan,nan,nan,0.7992955499061168
7860.0,2.539066402227282,2.537731306753047,2.5334245722751403,2.525224482348595,2.511546504308809,2.4901022992655655,2.4578995826823578,2.411328201245006,2.346365757321148,2.2589139985567384,2.1452423873260607,2.002480683889243,1.8290242878694698,1.6247159062179513,1.3905884880798627,1.1277457882605848,0.8340007764811114,nan,nan,nan,0.7968212328333951
7920.0,2.538298862150544,2.5369040453445173,2.532414263973741,2.5238976945559743,2.509757934504154,2.4876998382299043,2.4547375280347463,2.407287956833597,2.341380898005404,2.2529945385766688,2.1384918468338254,1.9950994331499985,1.8212921789368968,1.616955016705528,1.3831062341123894,1.120771972073888,0.8277026383130699,nan,nan,nan,0.7943923307598609
7980.0,2.537495865220759,2.536040412786491,2.531365098156373,2.52252874569503,2.5079242734870806,2.48525120344772,2.451531553072579,2.4032104781993118,2.3363702387998675,2.2470647264318595,2.131748712891171,1.9877430524762973,1.8135994072700778,1.6092427431608707,1.3756770882455231,1.1138640324279425,0.8213429885223263,nan,nan,nan,0.7918476905659033
8040.0,2.5366568024798677,2.5351398448156335,2.5302766423528906,2.5211174124323574,2.506045561603587,2.4827567180612977,2.4482822497580474,2.3990966201524553,2.331334983360927,2.241126380145583,2.1250158422067824,1.9804157481283973,1.805951209548543,1.6015839248473627,1.3683034188514407,1.1070030445714023,0.8149956460297195,nan,nan,nan,0.7893275843570132
8100.0,2.535781075246685,2.534201789133442,2.529148483362618,2.51966351156607,2.504121929456269,2.4802168955474557,2.444990557658976,2.394947749753093,2.326276845386246,2.235181313075296,2.1182946134572647,1.9731175875970755,1.7983453884234848,1.5939740221644594,1.360979553519361,1.1001816716198245,0.8086715027970066,nan,nan,nan,0.7867897701019771
8160.0,2.5348681260041603,2.533225738374356,2.5279802640827067,2.5181669328132252,2.50215359546063,2.477632330163061,2.4416574328489813,2.390765093939524,2.3211971716596875,2.229230863770573,2.111586414821265,1.9658504395057805,1.790785137240409,1.586418240889202,1.3537098495836135,1.0933979552023334,0.8023914641542494,nan,nan,nan,0.7843225034867242
8220.0,2.533917446796632,2.5322112358807845,2.526771680752902,2.5166276215398042,2.500140835017036,2.47500367788091,2.4382839118844832,2.3865499929656786,2.316097393076465,2.223276067290424,2.104890874057265,1.9586107393836507,1.7832612686609906,1.5788995500334284,1.3464695791560433,1.0866305303733972,0.7962038577110128,nan,nan,nan,0.781902514241974
8280.0,2.5329285790430567,2.5311578747943493,2.5255224786192563,2.515045562346889,2.498083925189337,2.472331491406951,2.4348706876407484,2.382302987486051,2.3109774678299044,2.217315897570441,2.098206023692582,1.951396727387062,1.7757750724339352,1.5714263366095695,1.3392773396960373,1.0799179549163909,0.7900196019029382,nan,nan,nan,0.7794783000689298
8340.0,2.531901086899649,2.5300652656347964,2.524232401752168,2.5134207014905643,2.49598304855913,2.4696161772466945,2.431418336916314,2.3780247689831318,2.3058382078904724,2.2113513884259914,2.0915332226102525,1.9442099361290566,1.768327518890917,1.5639976226429648,1.3321307424133182,1.073252240998267,0.783782563172535,nan,nan,nan,0.7769639190192205
8400.0,2.530834538395816,2.528933022173416,2.522901197389937,2.51175299513739,2.4938384232057436,2.466858236280484,2.4279276269433137,2.373716327336641,2.30068079148217,2.2053839702428646,2.0848744839573317,1.937053773521753,1.760924720923709,1.5566235439466167,1.3250437874952372,1.0666364599455354,0.7775449443305572,nan,nan,nan,0.7744526798141839
8460.0,2.5297285279551405,2.5277607869102745,2.521528649855734,2.5100424555386,2.491650362564416,2.4640583414559782,2.4243996358786344,2.36937918181149,2.2955071777589637,2.199415892364374,2.078231795906328,1.929928658162062,1.753563195669346,1.5492937958287236,1.317996264968953,1.0600354935589231,nan,nan,nan,nan,0.77201154110722
8520.0,2.528582707282918,2.5265482638094183,2.52011461748726,2.5082891881068154,2.4894192888258013,2.461217253927596,2.4208353984057167,2.365014436851933,2.290318154089385,2.1934470906951855,2.071603638249279,1.9228314095330241,1.7462386578930236,1.5420044543096054,1.3109847702451234,1.0534610432291447,nan,nan,nan,nan,0.769636889805693
8580.0,2.5273967863607503,2.5252952124858514,2.51865900293905,2.506493311937902,2.48714557103499,2.4583355617384077,2.4172356029079944,2.3606226665337187,2.285113884229621,2.1874769995053107,2.0649883478092486,1.9157590302103369,1.7389467145997857,1.5347499665639206,1.3040045533270033,1.0469216328891213,nan,nan,nan,nan,0.7672537394653808
8640.0,2.526170493219409,2.524001404988569,2.5171617028208915,2.5046549047708693,2.484829481282871,2.455413682080761,2.4136006899840057,2.3562041595567274,2.2798943475792917,2.1815053031509115,2.058385743276401,1.9087125848536959,1.7316915366751908,1.5275396893285258,1.2970728336101176,1.040438635094924,nan,nan,nan,nan,0.7648324519017615
8700.0,2.5249035465594707,2.5226666001829683,2.515622590062257,2.5027740087758503,2.4824712585701834,2.4524520522296376,2.4099312901354444,2.3517597712241476,2.274660742908914,2.175533764642806,2.051798383288916,1.901695439033036,1.7244767192450765,1.5203761989199858,1.2901904230410528,1.0339968351132731,nan,nan,nan,nan,0.7623579669549478
8760.0,2.5235956748555455,2.521290570107163,2.5140415638816247,2.5008507238613524,2.480071261797541,2.4494513304843024,2.4062283815471925,2.3472907966087972,2.2694146438006184,2.169564144522187,2.0452280609560156,1.8947092171933653,1.7173034937276566,1.513260304682398,1.283356496601372,1.027585944137235,nan,nan,nan,nan,0.7598932614412386
8820.0,2.522246661920371,2.5198731462668107,2.5124185954704923,2.4988852421417986,2.477629965720584,2.4464123060390492,2.402493057018234,2.3427985645947356,2.2641574717540713,2.1635977100363806,2.038675501491826,1.8877535343903735,1.7101696263244328,1.5061873078752859,1.276561249160856,1.0211928894326374,nan,nan,nan,nan,0.7574493954409948
8880.0,2.5208563623615334,2.5184142318025144,2.510753728700512,2.4968778245061904,2.4751478940495946,2.4433357613961384,2.3987262800257088,2.338284044565377,2.258889914350568,2.1576344771864413,2.0321396212985388,1.880825883254987,1.7030712156607537,1.4991523273260303,1.2697992960315143,1.014823405798432,nan,nan,nan,nan,0.7550697867334575
8940.0,2.519424682941962,2.516913778226421,2.5090470420911677,2.494828735867423,2.4726255165816964,2.440222330296041,2.394928735398642,2.3337477953825565,2.253612207617356,2.151674240664858,2.0256198885796426,1.8739259360590017,1.6960092076900561,1.4921588901295368,1.263078815602031,1.0084988548996094,nan,nan,nan,nan,0.752602451137379
9000.0,2.5179515459161386,2.51537174775945,2.5072986104351935,2.4927382146405375,2.4700632532043705,2.4370725951783525,2.391101125027287,2.3291906094080534,2.248325282204159,2.145718258225916,2.019118223727302,1.867056603753118,1.6889873292893967,1.485209870051322,1.2563988184652988,1.0021941265245577,nan,nan,nan,nan,0.7502572831068595
9060.0,2.5164368536411157,2.5137879698858625,2.505508011637757,2.490605311383856,2.4674591961918626,2.433883056851363,2.3872374865013506,2.3246029168376765,2.243014488474268,2.1397449014480725,2.0126035457155433,1.8601742169997388,1.6819457378063358,1.4782263169573964,1.2496608842929695,0.9958127521619328,nan,nan,nan,nan,0.7480813223234558
9120.0,2.514880543888898,2.512162527685601,2.5036757846385096,2.488431388281145,2.4648159823996822,2.430658171202678,2.3833447192358648,2.3199947418392672,2.2376937181226597,2.1337728410850074,2.0061007020307606,1.8533122257327017,1.6749305190250152,1.4712729452914088,1.2429568278283183,0.9895041876561408,nan,nan,nan,nan,0.745755948024235
9180.0,2.513282571529274,2.510495404065872,2.5018019856518223,2.4862165885876166,2.4621338087397118,2.427398109524087,2.379422881080968,2.3153660303404346,2.232363062152582,2.127803022076665,1.9996127542095192,1.8464774185586286,1.6679534135719458,1.4643660399645897,1.236306886779816,0.9832451340588995,nan,nan,nan,nan,0.7433650480820605
9240.0,2.5116428362917,2.508786526906727,2.4998866229415566,2.483961044412539,2.459412971295277,2.424103388451633,2.3754728104978855,2.3107181012245896,2.2270244798509506,2.1218380112239315,1.993142304858898,1.8396709292366833,1.6610115811752957,1.4574965701168496,1.2296946061147564,0.977000980613834,nan,nan,nan,nan,0.7410009956580166
9300.0,2.5099612757884313,2.507035872814617,2.4979297873363535,2.481665027315358,2.4566539718647245,2.420774757611709,2.3714954659706247,2.3060519971125393,2.2216788802185232,2.1158783444842175,1.9866894597752842,1.832892863851737,1.6541063170640629,1.4506688194130866,1.2231240639420333,0.9707814548040875,nan,nan,nan,nan,0.7387070587780247
9360.0,2.5082379091101394,2.505243499491673,2.4959316470846225,2.4793288721337574,2.4538573419360055,2.417412941331564,2.3674917228552586,2.301368660942177,2.216327127437358,2.109924521179392,1.9802537797075048,1.8261408149960763,1.6472318742175718,1.4438723462816638,1.2165793931925892,0.9645862678807018,nan,nan,nan,nan,0.7363997561948116
9420.0,2.506472812493218,2.503409519158292,2.4938924154879643,2.4769529369450636,2.4510235899718427,2.4140185468532023,2.3634621615284237,2.296668446240851,2.21096912060122,2.10397587186044,1.9738342868163061,1.8194144658158282,1.6403904452658524,1.4371135977774718,1.210072564986776,0.9584255126940069,nan,nan,nan,nan,0.7341151166343569
9480.0,2.504666079152546,2.501534054638427,2.4918122967730825,2.474537538102482,2.448153144652664,2.4105920867031743,2.3594073334618715,2.2919519082322006,2.2056054107226135,2.09803287937386,1.9674311552855641,1.8127129821136458,1.6335788767747075,1.4303848376065775,1.203590905017643,0.9522844425877988,nan,nan,nan,nan,0.7319056567003234
9540.0,2.502817801644691,2.499617227355504,2.4896914924612807,2.472082989180261,2.445246432758383,2.4071340546747555,2.3553276975854294,2.2872192979825856,2.2002358166128047,2.0920946410563546,1.9610426470592843,1.806034039729139,1.6267951220715995,1.423685855474095,1.1971383975027186,0.9461830841101854,nan,nan,nan,nan,0.7296994632215051
9600.0,2.5009280697482126,2.4976591514212636,2.4875301818199915,2.4695895526485865,2.4423037834155235,2.403644790347912,2.351223517929571,2.282470717853073,2.1948602458701356,2.0861609565213075,1.954668731402108,1.7993782855074816,1.6200412323020474,1.4170212928443262,1.190725513504566,0.9401315349403555,nan,nan,nan,nan,0.7274156946918425
9660.0,2.49899694901254,2.4956599142218288,2.4853285118304185,2.467057456988889,2.4393255089059354,2.400124680062938,2.347095258293706,2.2777067726109306,2.1894796352826096,2.080233484969521,1.9483124045908886,1.7927507495115524,1.6133245568147427,1.410399886292911,1.1843583405903861,0.934100034792919,nan,nan,nan,nan,0.7251861206575027
9720.0,2.497024511145156,2.493619614983788,2.4830866620180427,2.464487009894044,2.436312090103915,2.396574425280993,2.3429438900688813,2.27292872359177,2.184095425529036,2.074313398763865,1.941973511098492,1.7861480804437606,1.6066361794196315,1.4038058447265052,1.1780142354355454,0.9280889416368437,nan,nan,nan,nan,0.7229221854508904
9780.0,2.495010902948506,2.491538432600888,2.480804902122501,2.4618786128985852,2.433264066392334,2.39299465022254,2.3387699855758575,2.268136867694452,2.1787074009904264,2.068399952236192,1.9356514024572298,1.7795715322716648,1.599982545636421,1.3972547483024356,1.1717196733010522,0.9221188441225688,nan,nan,nan,nan,0.7205865960206391
9840.0,2.49295631244503,2.489416579309723,2.478483511089058,2.4592326386663523,2.430181914449062,2.3893859447704986,2.3345742955962048,2.263332262040655,2.173317211176789,2.0624957584684087,1.9293498546760295,1.773025549861294,1.5933668926186635,1.3907446331158908,1.1654612083047369,0.916148815409189,nan,nan,nan,nan,0.7183391449152492
9900.0,2.490860961975182,2.4872543084429344,2.476122833336085,2.4565495778081874,2.4270663185947967,2.3857492192001537,2.3303579498021367,2.2585161526190913,2.1679259154221535,2.0566010596143527,1.9230672593498244,1.7665053566928333,1.5867801335407086,1.3842619179044058,1.1592212448042818,0.9101964726767462,nan,nan,nan,nan,0.7161065923382439
9960.0,2.4887251620711868,2.4850519610478625,2.473723294157582,2.4538299701851702,2.423917919911726,2.3820851340386144,2.32612145637237,2.2536886335458606,2.1625328995486788,2.0507143634589515,1.916801454953237,1.7600089779603507,1.5802219692164774,1.3778092077361592,1.1530069121848219,0.9042690619051339,nan,nan,nan,nan,0.7139649834203261
10020.0,2.4865492332406824,2.4828098754946573,2.471285276996211,2.451074247321875,2.420737165983819,2.3783940847697473,2.3218650672041834,2.248849721739744,2.1571378682302007,2.0448349696506933,1.9105511220036648,1.7535339716491887,1.5736878916847563,1.3713788198304204,1.1468096087727606,0.8983765276193721,nan,nan,nan,nan,0.7118466276123797
10080.0,2.4843334432713253,2.4805283324548144,2.468809093739912,2.4482827491776415,2.417524388522849,2.3746763173899783,2.3175888229973816,2.2439991035574627,2.1517400185762967,2.0389615715290854,1.9043147450421294,1.7470794718105873,1.5671792859238893,1.3649770827561276,1.1406463033885168,0.8925350470509921,nan,nan,nan,nan,0.7096813166063167
10140.0,2.4820779916292706,2.478207539605389,2.466294970374598,2.44545571359552,2.414279811978508,2.3709320117239288,2.3132928570385416,2.239136954892927,2.1463398280810453,2.033095437397524,1.8980950650274093,1.7406503061905345,1.5607030126751558,1.3586117682308894,1.1345224879241305,0.8867136454857258,nan,nan,nan,nan,0.7075506255035606
10200.0,2.479783033762538,2.4758476669972356,2.4637431194332327,2.4425934216800473,2.4110038151378475,2.367161684645117,2.3089778776623313,2.2342642135030184,2.14093839400048,2.0272374746966517,1.8918919519580326,1.734243841878524,1.5542522384575845,1.3522715865888855,1.1284229635317982,0.8809223931472855,nan,nan,nan,nan,0.7053955392002498
10260.0,2.477448774907516,2.4734489409073888,2.461153826066631,2.439696241667927,2.4076968477867053,2.3633658247556717,2.304644316005987,2.2293811136341586,2.1355356476211074,2.021387432596437,1.8857056304041855,1.7278623540450344,1.547833611117245,1.345970117062742,1.1223675608749741,0.875154703679089,nan,nan,nan,nan,0.7031689652176583
10320.0,2.4750754580290746,2.4710116202930013,2.458527393497779,2.4367645404457257,2.404359353060172,2.359544971226702,2.3002928603606563,2.22448860404701,2.130132951220087,2.015547165670736,1.8795381841167382,1.7215072008744605,1.5414459767668127,1.3397013222279035,1.1163421730016143,0.8693935148134166,nan,nan,nan,nan,0.7009990183339515
10380.0,2.472663371091434,2.4685360151999065,2.4558641958356593,2.433798791580596,2.4009919273337017,2.355699845166577,2.295924321449432,2.219587492633748,2.1247309508011534,2.00971696733058,1.8733894319189865,1.7151778321529534,1.5350888175219841,1.3334646701227735,1.110342824544594,0.8636450818664039,nan,nan,nan,nan,0.6988783489356153
10440.0,2.470212874558686,2.4660225065250105,2.45316467058925,2.4307995114542726,2.397595165290721,2.351831087247574,2.291539311211664,2.214678226315362,2.1193296890239965,2.003896067420946,1.867257141767649,1.7088697117787024,1.5287546377116012,1.3272498031663749,1.104360774232871,0.8579331640256227,nan,nan,nan,nan,0.6967363399850168
10500.0,2.4677243574409906,2.463471496182957,2.4504292510245134,2.4277671609367752,2.3941695150678366,2.347939046003119,2.2871379512815926,2.2097605782911125,2.1139286018275047,1.9980839474026115,1.8611419322330691,1.7025866888135412,1.52245341145226,1.3210752626890883,1.0984256796052203,0.8522476373191884,nan,nan,nan,nan,0.6944798838529109
10560.0,2.4651981641873664,2.460883335538905,2.4476583063933823,2.424702133285643,2.3907154047118455,2.344024227155531,2.282720944507692,2.204835687787007,2.108529612875641,1.9922836340627048,1.8550478813784186,1.6963329210220224,1.5161868606471296,1.3149363497854067,1.0925201121492842,0.8465497098086078,nan,nan,nan,nan,0.6923420990566848
10620.0,2.4626346601357767,2.458258411805467,2.4448522900914087,2.4216049939278865,2.38723355758601,2.340087546676887,2.278289389850409,2.1999047140883343,2.1031335986701576,1.9864950514788804,1.8489729188418824,1.690103024683238,1.509945010919199,1.308817861700535,1.0866212720566097,0.8408734741701289,nan,nan,nan,nan,0.6903311794513463
10680.0,2.4600343189013434,2.4555972184863326,2.442011748161283,2.418476350777271,2.383724607639825,2.336129554471913,2.2738435361686307,2.19496726006474,2.097739039054546,1.9807150496849746,1.842911895966171,1.6838899113927697,1.5037197175479569,1.3027124019977636,1.0807300350160616,0.8352548282503618,nan,nan,nan,nan,0.6884014665426964
10740.0,2.4573975926125105,2.4529002058577594,2.439137114681061,2.4153165762893725,2.3801887727395905,2.33215016820631,2.269382821500689,2.190022138921276,2.092344099451741,1.9749414666190424,1.8368631441255512,1.6776938331754474,1.497515023855874,1.2966297847522448,1.074869334221868,0.8296960863557075,nan,nan,nan,nan,0.686402874756124
10800.0,2.4547247611061267,2.4501676410840716,2.436228614033588,2.412125811394158,2.37662606471562,2.328149243586989,2.264906980516665,2.1850691167551552,2.08694888708878,1.9691752001152856,1.8308288080616921,1.671518358412348,1.4913354457367312,1.2905749611891528,1.0690443470493554,0.8241531837906085,nan,nan,nan,nan,0.6843733660456885
10860.0,2.4520156877607553,2.447398384177899,2.433281984335311,2.4088942335825143,2.3730181786491427,2.324096494140776,2.2603696487121425,2.180041122002334,2.0814606227507424,1.9632925057323811,1.8246488582340092,1.6651620524759498,1.4849333361166592,1.2842503380979848,1.0628981280225853,0.8182084139421553,nan,nan,nan,nan,0.6823811013409817
10920.0,2.449270237539201,2.4445932745290055,2.4303011029679418,2.405631152484748,2.3693827551903337,2.320021399353897,2.255816282822018,2.175004276056265,2.075971117155061,1.9574160854424223,1.8184820432263689,1.6588246362143628,1.478554489619019,1.2779536214479055,1.056784614597892,0.8122955537042671,nan,nan,nan,nan,0.6803450670495443
10980.0,2.4464886107427324,2.4417525214830875,2.4272862040433076,2.4023368364618953,2.365720099310989,2.3159243013468487,2.2512472765539204,2.1699590828365567,2.07048113448299,1.9515472539282999,1.8123306829331949,1.6525100291264645,1.4722051444257225,1.2716932526020175,1.050712330933047,0.8063924393104346,nan,nan,nan,nan,0.6782718055220773
11040.0,2.4436710537667756,2.438876384328572,2.4242375861317,2.3990116529447176,2.362030686318356,2.311805841963831,2.246663527063884,2.1649068134227463,2.0649924386603407,1.9456883033463463,1.806197395733582,1.646220548213428,1.46588608325499,1.2654658920052786,1.0446676014744314,0.8004890805834001,nan,nan,nan,nan,0.6762799116051135
11100.0,2.4408179252919835,2.435965243803253,2.4211556960587006,2.395656157753042,2.3583152179971694,2.3076668864143497,2.2420660310929676,2.15984846006551,2.0595056991118734,1.939838997926254,1.8000801908050628,1.6399514104644557,1.459588997462518,1.2592593509805758,1.038635502239094,0.7946209780321587,nan,nan,nan,nan,0.6743055930628079
11160.0,2.437929708918672,2.4330195986655947,2.4180410716061944,2.39227093086809,2.354574281467202,2.303507936543917,2.2374550430005953,2.154783810819862,2.054020034552387,1.9339977555616514,1.7939772196817965,1.6337015532269663,1.4533155099979116,1.2530797774983113,1.0326325393722973,0.7887782627173161,nan,nan,nan,nan,0.6723042238249337
11220.0,2.435006876483812,2.430039920034394,2.414894176566416,2.388856408894987,2.3508082526370093,2.299329274145844,2.232830750708061,2.1497130467319123,2.048535852204863,1.9281656189597154,1.7878907067660545,1.6274749132120374,1.4470713465753438,1.246934161153286,1.0266665667376444,0.7829392765371895,nan,nan,nan,nan,0.6701953217278757
11280.0,2.432049839849044,2.427026623980637,2.411715440241164,2.3854130470470998,2.347017636756553,2.295131502650476,2.2281939405999083,2.1446372594378253,2.0430546826560914,1.9223446316373534,1.7818230899135308,1.6212737821322667,1.4408572970427012,1.2408196008414605,1.020723790855889,0.7770792839491634,nan,nan,nan,nan,0.6682266816177798
11340.0,2.4290590608091773,2.423980188564641,2.4085053894908186,2.381941452823379,2.343203148888212,2.290915453583117,2.2235455201185212,2.1395572805697194,2.0375769270678044,1.9165341072026039,1.7757715931292937,1.6150920947851088,1.4346631447179947,1.2347224368924798,1.0147886291697867,0.7712861090329169,nan,nan,nan,nan,0.6662828857230265
11400.0,2.4260350892318,2.4209011728487684,2.4052646038464167,2.3784422149456974,2.339365335140158,2.286681521296156,2.218885561994176,2.134472667481212,2.0321015263637094,1.9107325756689284,1.7697351177362641,1.6089306181903078,1.4284933776303657,1.2286512783426975,1.0088786335810804,0.7655006899592041,nan,nan,nan,nan,0.6643743247172316
11460.0,2.4229784239127774,2.4177900696944654,2.4019935546073317,2.3749157587693053,2.3355045442199756,2.2824299529905137,2.2142142098909026,2.129383482013385,2.0266284560707666,1.9049397558570926,1.7637125625874381,1.6027863139836633,1.4223415420429708,1.2225960220352996,1.0029847580938378,0.7597673496551216,nan,nan,nan,nan,0.6624392548417177
11520.0,2.419889480526008,2.4146472905451524,2.3986926370762163,2.371362441167629,2.331621055006355,2.2781608882338915,2.209531387012746,2.1242893771675826,2.0211571792664134,1.8991553469893456,1.7577049306709134,1.5966634177391332,1.4162177057485499,1.216575430942267,0.9971354340464892,0.7540155797946115,nan,nan,nan,nan,0.6604081231004978
11580.0,2.416768600259543,2.411473172415531,2.395362176707472,2.3677825748136283,2.3277151872841,2.2738747227894014,2.2048377192916355,2.1191914701192163,2.015689631883117,1.8933823232143623,1.7517159672448308,1.5905651454304224,1.4101217977617018,1.2105822521697576,0.9913047384155083,0.7482501295496762,nan,nan,nan,nan,0.6584662329710204
11640.0,2.4136161602301964,2.4082681073690857,2.392002612611357,2.364176682913337,2.3237875858652783,2.269572240680451,2.200134078571546,2.1140905124526324,2.0102259714479973,1.8876194237319726,1.7457418654159313,1.5844840820597281,1.4040427440805685,1.2046037670029606,0.9854819802667489,0.7425394021339459,nan,nan,nan,nan,0.6565291274228452
11700.0,2.4104326509610976,2.4050325920324154,2.388614452053124,2.360545263766287,2.3198386783408487,2.2652536818182796,2.195420354169554,2.1089859003018163,2.0047651403512727,1.8818656265807114,1.7397828952478884,1.578423995443234,1.3979906575894714,1.198657848883467,0.9796965714938967,0.7368110524863271,nan,nan,nan,nan,0.6545191067961031
11760.0,2.4072185072583197,2.4017670532298054,2.38519809743865,2.3568886812523204,2.3158687923033043,2.260919384830771,2.1906970267400627,2.103878492844594,1.9993086728908946,1.8761233130199342,1.7338419595402847,1.5723870358776526,1.3919643031926816,1.1927361325693588,0.9739262010358574,0.7310969310532259,nan,nan,nan,nan,0.6526293861174868
11820.0,2.4039741527852008,2.398471923444094,2.3817540092605394,2.35320744630042,2.311878510340515,2.2565700067257275,2.185964772360895,2.098768804611254,1.993856539815237,1.8703912743971314,1.7279158306400424,1.5663671514429047,1.3859544004871172,1.1868266456763055,0.968158872106309,0.7254592841248395,nan,nan,nan,nan,0.6508550090896336
11880.0,2.4007000776714222,2.3951476942450203,2.3782826765738703,2.3495020198678276,2.3078682007413103,2.2522057021486233,2.1812233448312477,2.0936559498801928,1.9884069889602314,1.8646668080933475,1.7220011361282805,1.5603612347137847,1.379959966235252,1.1809335062924644,0.9624172190432594,0.7198650332145546,nan,nan,nan,nan,0.6489837345672165
11940.0,2.397396678127427,2.3917947436328753,2.3747844178947837,2.345772607820751,2.3038378940584097,2.2478262743352104,2.1764723276596736,2.0885394466925415,1.9829598909307427,1.8589509332485923,1.716101245868245,1.5543764138751763,1.3739928714878882,1.1750735997856032,0.9567204890913232,0.714225450911185,nan,nan,nan,nan,0.6470597198737077
12000.0,2.3940642027834813,2.388413312155489,2.3712594548263386,2.342019420538689,2.299787835486984,2.243432111272994,2.1717124358697824,2.083420570434705,1.9775172576054294,1.8532462888589623,1.710218680862388,1.5484133716731139,1.3680492269964886,1.16923602788166,0.9510375577203658,0.7086030264772848,nan,nan,nan,nan,0.6452111464319676
12060.0,2.390702967201824,2.3850037303420626,2.367708164105063,2.3382429132643465,2.295718582812599,2.23902386217253,2.1669443165730504,2.07829971244163,1.972078759257259,1.8475511465337533,1.7043494698423765,1.542465297234911,1.3621196931110229,1.1634097328187938,0.9453584004440015,0.7030564489870563,nan,nan,nan,nan,0.643490291975986
12120.0,2.3873133980284216,2.381566424976095,2.364130965161516,2.3344434667406904,2.2916304039000686,2.2346015519822937,2.162167566722464,2.073175814938436,1.9666425221646504,1.8418628659627703,1.6984906265793211,1.5365299893675533,1.356204823700457,1.1576002592703105,0.9397052590886085,0.6975432744692008,nan,nan,nan,nan,0.641679827709992
12180.0,2.3838958182678462,2.3781016981842766,2.3605280937328765,2.3306211964265677,2.287523236589833,2.2301649020918886,2.1573817174265972,2.068048385485492,1.9612084294461538,1.8361824157338382,1.692645244623277,1.5306139177622813,1.3503154832543092,1.1518234971137005,0.9340982612496718,0.6919663245599983,nan,nan,nan,nan,0.6397605873806625
12240.0,2.3804504027816797,2.374609715950248,2.3568996949887397,2.326776234718435,2.2833972491565127,2.2257142321792225,2.1525874459972645,2.0629187579195443,1.955778815146925,1.8305133909487845,1.6868181520931984,1.5247225872324022,1.3444565578354486,1.1460823269661709,0.9285230177213364,0.6863592495798311,nan,nan,nan,nan,0.6378297796722892
12300.0,2.376977411981127,2.371090758632022,2.353246114731478,2.3229090539205983,2.279253121875603,2.2212505266205493,2.1477861265439495,2.05778872033252,1.9503557701777603,1.8248578538340048,1.681010779675185,1.5188559272469013,1.3386254938036715,1.140369779638328,0.922960526739732,0.6807701421708766,nan,nan,nan,nan,0.6359579582240102
12360.0,2.373477363859314,2.367545370051934,2.349567972564592,2.3190203921348376,2.2750917348822988,2.216774790879844,2.1429788012130753,2.052659154083795,1.9449396786806301,1.8192152151536916,1.675221025063652,1.5130098961228637,1.3328162570362398,1.1346769904580822,0.917405456905483,0.6752069092289532,nan,nan,nan,nan,0.6340900948614645
12420.0,2.3699509483765837,2.3639742479631796,2.3458659831375,2.3151109700885524,2.2709137704484634,2.2122875793952317,2.1381657611710017,2.0475299278477403,1.9395298572469013,1.8135842270263076,1.6694472801327767,1.5071829572738733,1.3270275969538539,1.129001920382598,0.9118595838754167,0.6696620365934004,nan,nan,nan,nan,0.6322792207602165
12480.0,2.366398829504128,2.360378046526326,2.342140767049142,2.3111813396432264,2.266719660516637,2.207789135342071,2.1333469726047265,2.042400614836662,1.934125318057994,1.807963082564149,1.6636865689349432,1.5013706110751799,1.3212532896928282,1.1233382149788178,0.9063242548528213,0.664175315403444,nan,nan,nan,nan,0.6304908195605751
12540.0,2.3628215414008635,2.3567572812225075,2.338392779427223,2.307231841778894,2.2625095617737974,2.2032793493165475,2.1285219912295728,2.0372704442855665,1.9287251655269948,1.8023513272359493,1.657939967875821,1.49557698855678,1.3155018348678882,1.1176995324409087,0.9008193197987409,0.6586575556218115,nan,nan,nan,nan,0.6286689955742337
12600.0,2.3592194415236754,2.353112292320495,2.3346223119492633,2.30326269961618,2.258283635067263,2.1987583718266217,2.123691067036549,2.032139910748599,1.9233302232522436,1.7967499307451542,1.652207845474984,1.4898002423750625,1.309766814082142,1.1120736674304839,0.8953212987541336,0.6532374020027036,nan,nan,nan,nan,0.6269836519437975
12660.0,2.355593566125039,2.3494465713527957,2.3308403510959104,2.2992977977973035,2.2540845911136644,2.194294254399918,2.1189546190392834,2.027149143541368,1.9181277838728452,1.7914006306817556,1.6467934726453426,1.4844122999275333,1.3044967013563114,1.1069964174538502,0.8904772944786941,0.6486184013505042,nan,nan,nan,nan,0.6252748328770639
12720.0,2.351944948887594,2.3457587301670686,2.3270381036124195,2.2953155592327055,2.2498721119391805,2.1898213212382402,2.1142144014376627,2.0221597457458698,1.912931635339479,1.7860621019907363,1.6413937782994297,1.4790423673411999,1.2992474591059155,1.1019438016660104,0.8856705903049038,0.6439185179958394,nan,nan,nan,nan,0.6234474799203715
12780.0,2.34827380486184,2.3420489697274607,2.32321573087898,2.2913160901707825,2.2456462557914687,2.1853396318397937,2.1094705907644182,2.0171722143800164,1.9077428854439091,1.7807363840165036,1.6360119298746392,1.473694550685252,1.294023241165558,1.0969182906422574,0.8808841548829441,0.6392353337650872,nan,nan,nan,nan,0.6216802267310922
12840.0,2.34458035457335,2.3383175152591638,2.319373476532141,2.287299678304907,2.2414073950210014,2.1808496903495884,2.104723843539618,2.0121872804414753,1.9025620461400052,1.7754231094802626,1.6306455570110492,1.4683630292892234,1.2888137347785658,1.0919045893897192,0.8760984888204152,0.6346432142503555,nan,nan,nan,nan,0.6199911996588708
12900.0,2.34086494109916,2.334564712776676,2.315511690095385,2.2832666593229334,2.237155798858132,2.176351591980963,2.0999739079456843,2.00720413220541,1.897387585949577,1.7701201118847274,1.6252924590791467,1.4630469594307427,1.283621608156971,1.0869099022644813,0.8713378715073288,0.6300833318637198,nan,nan,nan,nan,0.6183282467280616
12960.0,2.337127871597303,2.330790851492147,2.311630604712902,2.2792171680495006,2.2328914635980968,2.1718451746225407,2.0952204960330683,2.0022224786013876,1.8922194441258093,1.7648278800059884,1.6199540100541403,1.4577489239979706,1.2784506937394249,1.081940008751769,0.8666123098840157,0.6254292375711583,nan,nan,nan,nan,0.6165357303207915
13020.0,2.333369351875764,2.3269961272934614,2.3077303901791772,2.275151344086464,2.2286145180286723,2.1673306145069775,2.090463948854419,1.9972430274710065,1.8870590090148898,1.759548928705087,1.6146344219512394,1.4524753969924917,1.2733098505718312,1.0770058029241183,0.8619201753074643,0.6207117327453364,nan,nan,nan,nan,0.6146942297715728
13080.0,2.329589636639033,2.323180805732455,2.3038113508343017,2.2710695772856995,2.224325514433077,2.16280873900255,2.085705504943723,1.9922675386875548,1.8819085360549102,1.7542856542136789,1.6093353075464838,1.4472254482251705,1.2681929741241071,1.0720919784622758,0.857222173968681,0.6161296993491693,nan,nan,nan,nan,0.6129980463812109
13140.0,2.3257892140366536,2.319345397566097,2.2998740633211727,2.26697254385743,2.2200252331880095,2.1582803703429314,2.080945837687164,1.9872961417846662,1.8767669490200771,1.749034861931398,1.6040503890553455,1.4419891780638423,1.263087323475365,1.0671845273197884,0.8525264039649436,0.6115736871895335,nan,nan,nan,nan,0.6113127485619972
13200.0,2.3219686985906876,2.3154905066856957,2.295919088381794,2.2628606955645494,2.2157139000556305,2.153745336981403,2.076184187624538,1.9823273837295305,1.8716322772822185,1.7437948138445,1.5987797623562652,1.4367710119668622,1.2580042641803824,1.0623033141213323,0.8478687123870106,nan,nan,nan,nan,nan,0.6095197970062527
13260.0,2.3181284995575187,2.311616513302636,2.2919467222790253,2.2587342039294667,2.211391558629423,2.149203626664759,2.0714206767121484,1.9773618456505757,1.8665059626380531,1.738568094815375,1.5935269860512555,1.4315744150093792,1.2529447529138626,1.057444942671523,0.8432236401088318,nan,nan,nan,nan,nan,0.6078103018446035
13320.0,2.314268931892629,2.3077237336249476,2.2879572904242744,2.2545934258227915,2.207058635290928,2.14465577648967,2.0666559612904605,1.972400220242509,1.8613884920174433,1.7333545366096286,1.588290617252023,1.426395976447437,1.2479029988967536,1.0526012766003758,0.8385852570329424,nan,nan,nan,nan,nan,0.6061243141729341
13380.0,2.3103904101686217,2.303812584820084,2.2839512140855898,2.250438775822561,2.202715503266967,2.140102046143685,2.0618900666201845,1.9674421305652032,1.8562789048832902,1.7281524289674206,1.5830681668689675,1.421232546574247,1.2428755552843378,1.0477687203289874,0.8339578962359956,nan,nan,nan,nan,nan,0.6045176543722839
13440.0,2.3064933353875228,2.299883452753246,2.2799288297932616,2.246270495853574,2.1983622488101937,2.135542289030606,2.0571225267741102,1.962486712488266,1.8511758971856755,1.7229600728936403,1.577857751072852,1.4160825764963818,1.2378623347542466,1.0429516102788499,0.8293593252888547,nan,nan,nan,nan,nan,0.6028449003114446
13500.0,2.302577962267393,2.295936568861896,2.275890298901626,2.242088631706148,2.193998766361601,2.1309762428363257,2.052352988849235,1.957533726051361,1.8460797664547808,1.717779017012355,1.572663122302497,1.410952901585317,1.2328733523001816,1.038162088258505,0.8247890637835963,nan,nan,nan,nan,nan,0.6011869966449248
13560.0,2.298644432941262,2.2919720695856305,2.271835748183376,2.2378933191590913,2.189625256295176,2.1264042707567854,2.047582097730875,1.9525841627293614,1.8409917097830373,1.7126100977031595,1.56748359007169,1.405839662465481,1.2279004690721629,1.0333889664580238,0.8202330490149796,nan,nan,nan,nan,nan,0.5994919785832132
13620.0,2.294692993518747,2.2879902091410576,2.2677654541365655,2.2336848631126394,2.185242040030785,2.121826671492391,2.042810071372842,1.9476381408971455,1.8359119086712254,1.7074541428310932,1.5623218513734445,1.4007492748875154,1.2229556943167488,1.0286486923598177,0.8157043437143161,nan,nan,nan,nan,nan,0.5977340041625797
13680.0,2.290723974787236,2.2839913220659245,2.2636797665139223,2.229463653702303,2.1808496003554794,2.117244112182524,2.0380378853503385,1.9426970406162931,1.8308420532386118,1.702312572643043,1.5571776475112697,1.395677414767869,1.2180276776573367,1.023920130136812,0.8111649002374015,nan,nan,nan,nan,nan,0.5960991891529459
13740.0,2.2867378581545172,2.2799759017107095,2.259579210498549,2.2252302521564067,2.1764485013679504,2.1126570563618,2.0332656938832447,1.9377603862849475,1.8257806759512105,1.6971827387792815,1.5520475004674377,1.3906211584117902,1.213116660596098,1.0192089045667196,0.8066485235120435,nan,nan,nan,nan,nan,0.5943922295494174
13800.0,2.2827351501909146,2.2759444383040086,2.255464222783039,2.220984994077708,2.1720389244240472,2.108065496030699,2.02849333509201,1.9328280466383874,1.820728094883079,1.692066105016079,1.546934919633768,1.3855868625970045,1.2082317169361318,1.0145256183554383,0.8021565382718309,nan,nan,nan,nan,nan,0.5926436024601447
13860.0,2.2787162474719627,2.271897321486492,2.251335178930212,2.216728254921045,2.167621295374828,2.1034700058913702,2.023721672124614,1.9279013091571195,1.8156860452579866,1.686964587051587,1.5418412407012754,1.380573851098823,1.2033680197924685,1.0098595085928974,0.7976621645853014,nan,nan,nan,nan,nan,0.5909480488613236
13920.0,2.274681641231306,2.2678350543702406,2.247192617280372,2.212460627435762,2.1631962639465296,2.0988712535041687,2.0189512701713377,1.9229803924118811,1.8106540007191871,1.6818763809064772,1.5367628005229217,1.3755760914563295,1.198516914952906,1.0051985901635738,0.7931628680464325,nan,nan,nan,nan,nan,0.5893838522201753
13980.0,2.2706319072333683,2.263758203731991,2.243037069937318,2.2081825597641944,2.158764104989042,2.0942691962077666,2.014181562314958,1.9180639450323016,1.8056295497501893,1.6767978143491005,1.5316946893868357,1.370587915559864,1.1936732249847064,1.000541207852306,0.7886849886423062,nan,nan,nan,nan,nan,0.5878307637688241
14040.0,2.266567435449753,2.2596671222329414,2.2388687728551986,2.2038940800434315,2.154324537925033,2.089663152788228,2.0094114319449847,1.913150520782155,1.8006112819378406,1.6717282613212132,1.526638226250656,1.3656139289629117,1.1888457329915936,0.995901990439784,0.784241003827688,nan,nan,nan,nan,nan,0.5862763564749847
14100.0,2.26248829901684,2.255561852720621,2.2346876850422737,2.19959503294322,2.149877305662114,2.085052840122935,2.0046407142346117,1.9082402535641783,1.7955997442796137,1.666668549635436,1.5215939249398334,1.3606531549706793,1.184030747269961,0.9912758158167083,0.779815968542509,nan,nan,nan,nan,nan,0.5847475846361734
14160.0,2.2583944785877863,2.2514423709754543,2.2304937699763894,2.1952853672214254,2.1454223422954484,2.0804381716366804,1.9998692801002431,1.9033329388705988,1.7905946568935875,1.6616184658533988,1.5165620784729894,1.3557073064344707,1.1792332413589623,0.9866728201969913,0.775424315914041,nan,nan,nan,nan,nan,0.5831561493659042
14220.0,2.2542859772298742,2.2473086768440176,2.2262870200361333,2.19096507156683,2.1409596547460095,2.0758192294373305,1.9950973991227647,1.8984292247114314,1.785597312287517,1.6565802321012568,1.51154601118707,1.3507805771125776,1.1744576722212865,0.9820952712801446,0.771048170867612,nan,nan,nan,nan,nan,0.5815793503215345
14280.0,2.2501628889834584,2.2431608765326523,2.222067582176809,2.186634373635601,2.136489604703768,2.071196567485938,1.990325848637009,1.8935300638466277,1.7806086281627391,1.6515542852701561,1.5065450025734517,1.3458705592155658,1.1697001889734444,0.97753823973626,0.76668894708251,nan,nan,nan,nan,nan,0.5799190661159765
14340.0,2.2460255037179886,2.238999271666921,2.2178357904629675,2.182293651721744,2.132012611958292,2.0665706300051756,1.9855550866609941,1.8886359809795055,1.7756294248848354,1.6465422970400663,1.5015625759713331,1.3409840268541553,1.1649718391827324,0.9730148584952858,0.7623450791527053,nan,nan,nan,nan,nan,0.5781986306103202
14400.0,2.241874237015367,2.2348242883861325,2.213592107326873,2.177943445346522,2.1275293612836266,2.0619423518761013,1.9807864301648967,1.8837487793033136,1.7706619262719934,1.641546433152645,1.496599651424494,1.3361185361339183,1.1602634875987643,0.9685039817293166,0.7579788822800733,nan,nan,nan,nan,nan,0.576622111227584
14460.0,2.2377100074851555,2.2306378254920918,2.2093413892746048,2.1735935881242954,2.123056722444456,2.057337697002284,1.9760569052867265,1.8789183259419917,1.7657703333496715,1.6366464745233642,1.4917528470424735,1.3313894028567586,1.155712284142866,0.9641696383360367,0.7538322205536955,nan,nan,nan,nan,nan,0.5750973993000161
14520.0,2.2335337978644296,2.2264398915982793,2.205080687658955,2.1692360935915516,2.1185794538545846,2.052731816041763,1.9713296423474453,1.874093403201334,1.7608870953956495,1.631757182464144,1.4869187243238906,1.32667514461482,1.151178232936732,0.9598527462615251,0.749719873025808,nan,nan,nan,nan,nan,0.5735238055122245
14580.0,2.2293459854000903,2.2222308234649257,2.2008102226913313,2.164871008058164,2.1140974130479746,2.0481244388712567,1.966604412825619,1.8692741050872046,1.756012957160401,1.6268801715393526,1.4820996277681868,1.3219779823379239,1.1466617311260372,0.9555528829074645,0.7456214055925864,nan,nan,nan,nan,nan,0.5719547536122834
14640.0,2.225146758371042,2.2180108013805877,2.196530156546223,2.1604984811200745,2.1096107620065805,2.04351577754258,1.9618815084270058,1.8644607941050668,1.7511482772309475,1.622015658561093,1.4772954627163302,1.3172973160705044,1.1421619088370354,0.9512695140945574,0.7415353591273846,nan,nan,nan,nan,nan,0.5703911305673556
14700.0,2.220936344334083,2.2137800532872087,2.1922407181581,2.156118742311786,2.1051197274768647,2.038906046671099,1.957161114085887,1.8596536002915787,1.7462931047618104,1.6171635980025467,1.472506076721144,1.3126328585951221,1.1376786125959084,0.9470021908330923,0.7374619280206478,nan,nan,nan,nan,nan,0.5688331768348408
14760.0,2.216715012523194,2.2095388453793934,2.187942164208373,2.151732031229436,2.100624522885732,2.0342954229541097,1.9524433587339092,1.854852595242818,1.7414474497453216,1.612323941523512,1.4677313548806956,1.3079844365823359,1.133211765592733,0.9427505954061529,0.733401194232826,nan,nan,nan,nan,nan,0.5672810277830146
14820.0,2.2124830444657038,2.205287454251179,2.1836347565000613,2.1473385851166737,2.0961253514965366,2.0296840670298275,1.9477283534058523,1.8500578363493998,1.7366113166376709,1.6074966441754137,1.4629711969210808,1.3033519184036126,1.128761269634647,0.9385145085771176,0.7293531606392958,nan,nan,nan,nan,nan,0.5657347674359335
14880.0,2.2082407220156663,2.2010261562496107,2.1793187550365105,2.142938637355893,2.091622410809476,2.025072132749855,1.9430162028135776,1.8452693769304633,1.7317847089620888,1.6026816620323467,1.4582255101756203,1.2987351870106347,1.1243269183090694,0.9342937629340123,0.7253177922136701,nan,nan,nan,nan,nan,0.5641944479666076
14940.0,2.2039883238846865,2.196755224466537,2.1749944162811286,2.1385324174783005,2.087115894333832,2.020459770217554,1.9383070087374856,1.8404872687633875,1.7269676298748102,1.5978789514793887,1.4534942067892997,1.29413413005181,1.119908578419389,0.9300882180127276,0.7212950345405859,nan,nan,nan,nan,nan,0.5626600995145958
15000.0,2.199726124912457,2.192474928136566,2.170661992901388,2.1341201513724632,2.0826059922411666,2.015847126726293,1.9336008709658943,1.835711562617608,1.7221600821101397,1.593088469193303,1.4487772021287784,1.2895486370505944,1.115506118750983,0.9258977486611023,0.7172848215607077,nan,nan,nan,nan,nan,0.5611317362656927
15060.0,2.195454396011485,2.1881855326181556,2.1663217338468397,2.1297020614870674,2.0780928916779398,2.0112343471237955,1.9288978875950347,1.830942308323079,1.7173620679042836,1.5883101722008486,1.4440744137077213,1.2849785988351936,1.1111194118990972,0.9217222387219238,0.713287079696969,nan,nan,nan,nan,nan,0.5596093609224997
15120.0,2.1911734043030107,2.1838872995331675,2.1619738844968595,2.125278366984865,2.073576776916795,2.006621573941374,1.9241981550870029,1.8261795547121298,1.7125735889682472,1.5835440178902125,1.4393857606120442,1.2804239077516173,1.1067483346340103,0.9175615779233629,0.7093017298655763,nan,nan,nan,nan,nan,0.5580929676576205
15180.0,2.186883413237753,2.1795804868868935,2.1576186867776936,2.1208492838529387,2.0690578294547475,2.0020089474674885,1.919501768287812,1.821423349650949,1.7077946464942857,1.5787899639875431,1.4347111632181346,1.2758844579071114,1.1023927677910106,0.9134156600936605,0.7053286887115549,nan,nan,nan,nan,nan,0.5565825440755645
15240.0,2.182584682709743,2.1752653491805174,2.153256379270446,2.1164150250025378,2.0645362280999695,1.9973966058085262,1.9148088204376972,1.8166737424872177,1.703025241171794,1.574047968521059,1.4300505430239838,1.2713601453781076,1.098052595953014,0.9092843818094185,0.7013678697349297,nan,nan,nan,nan,nan,0.5550780728794354
15300.0,2.178277469139936,2.1709421374929065,2.148887197287599,2.111975800337521,2.060012149028576,1.9927846849243003,1.9101194031752922,1.8119307786973453,1.6982653732094597,1.5693179898009026,1.4254038226306696,1.2668508683124255,1.0937277070621474,0.9051676417482757,0.6974191838996857,nan,nan,nan,nan,nan,0.5535795328525079
15360.0,2.1739620255359533,2.1666110995394914,2.144511372929427,2.107531816806785,2.0554857658298884,1.9881733186583879,1.9054336065483746,1.8071945027038507,1.693515042357322,1.5645999864173985,1.420770925753807,1.2623565269594414,1.0894179920960254,0.9010653402611187,0.6934825400637017,nan,nan,nan,nan,nan,0.5520868995328799
15420.0,2.1696386015464064,2.1622724797261887,2.1401291351367258,2.103083278454601,2.0509572495508186,1.983562638769277,1.9007515190295594,1.802464957891383,1.6887742479296972,1.5598939172492694,1.4161517772386774,1.2578770236547303,1.0851233447541473,0.8969773790241934,0.6895577050114392,nan,nan,nan,nan,nan,0.5506001458075915
15480.0,2.165307443513513,2.1579265192017174,2.1357407097421683,2.098630386469683,2.046426768738888,1.9789527749609932,1.8960732275344458,1.7977421866258425,1.6840429888299557,1.5551997414786831,1.4115463030765252,1.2534122627725253,1.0808436611484242,0.8929036607777472,0.6856444596261971,nan,nan,nan,nan,nan,0.5491192424393467
15540.0,2.160968794513904,2.1535734558983974,2.13134631951094,2.0941733392246333,2.041894489477309,1.9743438549099475,1.8913988174423557,1.7930262302775513,1.6793212635765966,1.550517418615502,1.4069544304208206,1.248962150650884,1.0765788395640177,0.8888440891877034,0.6817427135901915,nan,nan,nan,nan,nan,0.5476441584085725
15600.0,2.1566228943969628,2.1492135245706234,2.126946184179371,2.0897123323136153,2.037360575418797,1.9697360042923475,1.8867283726201394,1.7883171292473128,1.674609070331374,1.5458469085243556,1.402376087592551,1.2445265954971858,1.0723287802569674,0.8847985687616231,0.677852367748246,nan,nan,nan,nan,nan,0.5461748611826206
15660.0,2.1522699798120906,2.144846956822365,2.1225405204828522,2.0852475585800585,2.0328251878113806,1.9651293468068527,1.8820619754432804,1.7836149229892329,1.6699064069246061,1.5411881714476798,1.3978112040804718,1.2401055073227114,1.0680933853200136,0.880767004775509,0.6739733221857661,nan,nan,nan,nan,nan,0.5447113168897297
15720.0,2.1479102842485878,2.1404739811471454,2.1181295421957635,2.0807792081552545,2.028288485533208,1.9605240042039223,1.8773997068219332,1.7789196500379405,1.665213270884077,1.5365411680270058,1.3932597105264195,1.235698797844718,1.0638725585114839,0.876749303210151,0.6701054764168672,nan,nan,nan,nan,nan,0.5432534905614343
15780.0,2.1435440380709943,2.13609482296347,2.113713460166826,2.0763074684925593,2.0237506251238253,1.9559200963133332,1.8727416462265671,1.7742313480353484,1.6605296594621624,1.5319058639127012,1.3887215387063827,1.23130638039876,1.0596662051237584,0.8727453707116797,0.6662487295179315,nan,nan,nan,nan,nan,0.5418013463105062
15840.0,2.139171468541929,2.1317097046378364,2.109292482342402,2.0718325243905586,2.0192117608063738,1.9513177410651263,1.8680878717088691,1.7695500537529967,1.6558555696586326,1.5272822221453248,1.3841966215206398,1.2269281698825136,1.055474231898144,0.8687551145570747,0.662402980192467,nan,nan,nan,nan,nan,0.5403548474311923
15900.0,2.1347927998719247,2.127318845534463,2.1048668138154456,2.0673545580394967,2.0146720445292363,1.9467170545257793,1.8634384599348688,1.764875803124985,1.6511909982504718,1.5226702011195605,1.3796848929497596,1.2225640826322541,1.0512965468803745,0.864778442645006,0.6585681269494243,nan,nan,nan,nan,nan,0.5389139566120914
15960.0,2.1304082532428525,2.122922462038744,2.100436656848885,2.0628737490442366,2.010131625988469,1.9421181509206242,1.8587934862080169,1.760208631271087,1.6465359418113357,1.5180697627662094,1.3751862880319143,1.2182140363748393,1.0471330593789605,0.8608152634844859,0.6547440681193265,nan,nan,nan,nan,nan,0.5374786359770138
16020.0,2.1260180468509606,2.118520767600057,2.096002210917499,2.0583902744640548,2.0055906526643703,1.937521142667126,1.8541530245003464,1.7555485725258966,1.6418903967332033,1.5134808694767783,1.3707007428189584,1.2138779501399801,1.042983679879319,0.8568654861917981,0.6509307019567266,nan,nan,nan,nan,nan,0.5360488472117141
16080.0,2.12162239589364,2.1141139727190748,2.0915636726969367,2.053904308804611,2.0010492698174285,1.9329261403750244,1.8495171474563938,1.7508956604462869,1.637254359238575,1.5089034841233682,1.3662281944059982,1.2095557442889375,1.0388483200418448,0.8529290204439789,0.647127926578508,nan,nan,nan,nan,nan,0.534624551521635
16140.0,2.1172215126506737,2.1097022850282223,2.0871212361413543,2.0494160240899904,1.9965076205523555,1.9283332529022477,1.844885926443029,1.7462499278547274,1.6326278254063915,1.5043375700392723,1.3617685808338729,1.2052473608803438,1.034726892572751,0.8490057765173106,0.6433355886737538,nan,nan,nan,nan,nan,0.5332057098569732
16200.0,2.1128156064885872,2.1052859092962373,2.0826750924886666,2.0449255898692855,1.9919658458266338,1.9237425873655984,1.8402594315617324,1.7416114068517188,1.6280107911825572,1.4997830910260312,1.3573218410943368,1.2009527068312433,1.0306193112145656,0.8450956652604593,0.6395533777892216,nan,nan,nan,nan,nan,0.5317922828985855
16260.0,2.1084055954156526,2.100868192206714,2.078235887033251,2.040455850392963,1.9874639181301066,1.919216170938646,1.8357266093274531,1.73710068115204,1.6235599636392843,1.4954370898863607,1.353129358057435,1.196961615184155,1.0268692876128076,0.8416056577437415,0.63627625325052,nan,nan,nan,nan,nan,0.5303761240617579
16320.0,2.10399239710504,2.0964476217769095,2.0737948042096805,2.035985776392601,1.9829636468099099,1.91469369649715,1.831200133327854,1.732598640524369,1.6191199142570318,1.4911035591410262,1.3489505074044341,1.1929847024683857,1.0231333171957666,0.8381287663843717,0.6330066260572405,nan,nan,nan,nan,nan,0.528959648990758
16380.0,2.099576215777289,2.092024397153456,2.0693520282706785,2.031515528371399,1.9784651613111104,1.9101752571534905,1.8266800575309299,1.7281052996303379,1.614690621244068,1.4867824458975951,1.344785213291184,1.1890218784790514,1.0194112970246214,0.8346646230082772,0.6297445213143567,nan,nan,nan,nan,nan,0.5275453863616288
16440.0,2.095157252516744,2.087598714410446,2.064907740584669,2.0270452642530086,1.9739685889078704,1.905660944346301,1.822166434797576,1.7236206726388446,1.610272062933569,1.4824736979498816,1.3406334009407412,1.1850730533425489,1.0157030983173145,0.8312127460174928,0.6264902768449172,nan,nan,nan,nan,nan,0.5261341937554121
16500.0,2.090735705288883,2.0831707665662784,2.0604621196511514,2.0225751393946094,1.9694740547135752,1.9011508478470893,1.8176593168835817,1.7191447732206586,1.6058642177660847,1.4781772637412,1.3364949964690591,1.1811381345991563,1.012008565950532,0.8277728290293522,0.6232441338098624,nan,nan,nan,nan,nan,0.5247265431504441
16560.0,2.0863117689797033,2.0787407436225673,2.0560153411382336,2.0181053066222097,1.9649816817132033,1.8966450557888987,1.8131587544631556,1.7146776145637932,1.6014670642917497,1.4738930923323073,1.3323699264259519,1.1772170243709097,1.0083275352972476,0.8243447187798509,0.6200062552511212,nan,nan,nan,nan,nan,0.5233227317038838
16620.0,2.081885635435392,2.0743088326033297,2.0515675779203884,2.013635916266134,1.960491590795773,1.8921436546948365,1.8086647971519436,1.7102192093878694,1.5970805811688717,1.4696211333184248,1.3282581170500356,1.1733096190527394,1.0046598455210864,0.8209282763626868,0.6167767494279424,nan,nan,nan,nan,nan,0.5219229635026741
16680.0,2.077457493503092,2.06987521759524,2.047119000117207,2.0091671161973514,1.9560039007874244,1.8876467295068802,1.804177493529782,1.7057695699571354,1.5927047471516098,1.465361336658941,1.3241594936022147,1.1694158110933561,1.0010053455451204,0.8175233932430005,0.6135556869877146,nan,nan,nan,nan,nan,0.5205273853671214
16740.0,2.0730275290661884,2.065440079782525,2.0426697751271057,2.004699051859284,1.9515187284806106,1.8831543636114887,1.7996968911609819,1.7013287080908364,1.58833954106376,1.461113652478255,1.3200739801046535,1.165535490987197,0.997363895457551,0.8141299805893791,0.6103431096314584,nan,nan,nan,nan,nan,0.5191361034853924
16800.0,2.068595925084913,2.061003597487035,2.0382200676658915,2.000231866303929,1.9470361886668281,1.8786666388677176,1.7952230366155564,1.6968966351698076,1.583984941748177,1.456878030841683,1.3160014993593467,1.1616685492903147,0.9937353663783328,0.8107479610311297,0.6071390383801649,nan,nan,nan,nan,nan,0.5177491972450924
16860.0,2.0641628616364733,2.0565659462078743,2.0337700398048875,1.9957657002275222,1.9425563941688546,1.8741836356346746,1.7907559754888958,1.6924733621360755,1.5796409279959631,1.4526544215857977,1.3119419732606332,1.1578148780827127,0.9901196391786977,0.8073772640206393,0.6039434751449321,nan,nan,nan,nan,nan,0.5163667267117393
16920.0,2.0597285159523366,2.052127298658236,2.0293198510064148,1.9913006920038157,1.9380794558708487,1.869705432796939,1.7862957524184493,1.6880588994842751,1.5753074784720922,1.4484427742465527,1.3078953232303032,1.1539743717571436,0.9865166030246694,0.8040178237123604,0.6007562849500558,nan,nan,nan,nan,nan,0.5149887363943858
16980.0,2.0552930624516503,2.0476878247984387,2.0248696581557257,1.9868369777141357,1.933605482745642,1.8652321077874676,1.7818424110972653,1.6836532572492122,1.5709845716571618,1.4442430380549651,1.3038614705815892,1.1501469274629184,0.982926154324186,0.8006695773418163,0.5975774203882607,nan,nan,nan,nan,nan,0.5136152584517463
17040.0,2.0508566727819852,2.0432476918761338,2.0204196155996024,1.982374691183318,1.9291345818867396,1.860763736613304,1.7773959942862905,1.679256444985739,1.566672185787412,1.4400551619733017,1.29984033693243,1.1463324454373098,0.9793481954796507,0.7973324638065782,0.5944068539716297,nan,nan,nan,nan,nan,0.5122463157843041
17100.0,2.046419515857122,2.0388070644636147,2.0159698751822255,1.977913964013129,1.9246668585379818,1.8563003938786382,1.7729565438227952,1.6748684717476312,1.5623702988190935,1.4358790947792148,1.2958318445331516,1.1425308290790572,0.9757826339065263,0.7940064229155621,0.5912445517369846,nan,nan,nan,nan,nan,0.5108819239229427
17160.0,2.04198175789587,2.0343661044961205,2.011520586281928,1.973454925616354,1.92020241612334,1.8518421528066351,1.7685241006254457,1.6704893460669148,1.5580788884155568,1.431714785181673,1.2918359165244817,1.1387419848559406,0.9722293812198624,0.7906913950445877,0.5880904742975026,nan,nan,nan,nan,nan,0.5095220922747187
17220.0,2.0375435624552565,2.029924971304625,2.0070718958427705,1.9689977032461876,1.9157413562725376,1.8473890852576353,1.76409870469799,1.6661190759407698,1.553797931952706,1.4275621819258728,1.287852477104771,1.1349658221830812,0.968688352664731,0.7873873209085371,0.5849445775724765,nan,nan,nan,nan,nan,0.5081668250055572
17280.0,2.033105090466928,2.025483821651749,2.0026239484089587,1.9645424220279408,1.9112837788479995,1.8429412617471232,1.7596803951322126,1.6617576688227815,1.5495274065368978,1.4234212338976446,1.283881451657746,1.1312022532813197,0.965159466598019,0.7840941413372307,0.5818068135465775,nan,nan,nan,nan,nan,0.5068161219353274
17340.0,2.0286665002552486,2.02104280974978,1.9981768861425673,1.9600892049760685,1.9068297819601987,1.8384987514572397,1.7552692101128053,1.6574051316232676,1.5452672890198351,1.4192918901812728,1.2799227668199324,1.1274511931090911,0.961642644235443,0.7808117971468683,0.5786771305344185,nan,nan,nan,nan,nan,0.5054699788774298
17400.0,2.024227947605974,2.0166020873281196,1.9937308488872474,1.9556381730512336,1.9023794620136782,1.8340616222639257,1.7508651869168752,1.6530614706934088,1.5410175560393584,1.4151741002412588,1.2759763506428332,1.1237125590140347,0.958137808801259,0.7775402290307227,0.5755554745181336,nan,nan,nan,nan,nan,0.504128389080143
17460.0,2.019789585790941,2.012161803657676,1.989285974191646,1.9511894451815863,1.8979329137240475,1.8296299407470844,1.7464683619196215,1.6487266918421057,1.536778184064831,1.4110678139629953,1.2720421325419518,1.1199862706070973,0.9546448854854785,0.7742793775961184,0.5724417891219069,nan,nan,nan,nan,nan,0.502791343214288
17520.0,2.0153515655857186,2.0077221055683987,1.9848423973264564,1.946743138278678,1.893490230131557,1.8252037722005363,1.7420787706016245,1.6444008003468973,1.53254914942087,1.4069729816860195,1.2681200433051556,1.116272249693841,0.9511638013164646,0.7710291833163305,0.5693359153598964,nan,nan,nan,nan,nan,0.5014588295341682
17580.0,2.010914035320072,2.003283137498827,1.9804002513311254,1.9422993672787978,1.8890515026333092,1.820783180650523,1.7376964475540904,1.6400838009646606,1.528330428340571,1.4028895542964774,1.2642100150940834,1.1125704200233413,0.9476944848080887,0.7677895865682179,0.5662377333594932,nan,nan,nan,nan,nan,0.500130834453761
17640.0,2.0064771409111577,1.9988450415287204,1.9759596670445827,1.9378582451699211,1.8846168210039245,1.8163682288689142,1.7333214264900292,1.6357756979549891,1.524121997006779,1.398817483251857,1.2603119813931247,1.108880707163918,0.9442368658665068,0.7645605276572015,0.5631471815810983,nan,nan,nan,nan,nan,0.4988073426924906
17700.0,2.002041025901315,1.9944079574161018,1.9715207731398863,1.9334198830218423,1.8801862734189279,1.8119589783893801,1.7289537402579283,1.631476495101283,1.5199238315854948,1.3947567206087284,1.2564258769815473,1.105203038373613,0.940790875624295,0.7613419468239518,0.560064194866565,nan,nan,nan,nan,nan,0.497488337564844
17760.0,1.997605831457653,1.9899720225971422,1.9670836961249596,1.9289843899882462,1.8757599464584773,1.8075554895127608,1.724593420848202,1.6271861957178988,1.5157359082353228,1.3907072190360106,1.252551637945408,1.101537342599241,0.9373564464182804,0.7581337841994021,0.5569887067086027,nan,nan,nan,nan,nan,0.4961738009519933
17820.0,1.993171696452638,1.9855373722648124,1.9626485604151294,1.9245518733681704,1.8713379251526476,1.8031578213350088,1.7202404994144767,1.6229048026885349,1.5115582031735348,1.386668931856128,1.2486892015761075,1.0978835501854358,0.9339335115238496,0.7549359799319669,0.5539206497712972,nan,nan,nan,nan,nan,0.49486371383147143
17880.0,1.9887387574800504,1.9811041393845252,1.9582154883477763,1.9201224386190658,1.866920292993131,1.7987660317594818,1.7158950062890943,1.618632318483599,1.5073906926858505,1.382641813034808,1.244838506342815,1.094241592855533,0.930522005158361,0.7517484741786284,0.550859955849649,nan,nan,nan,nan,nan,0.49355805624455934
17940.0,1.98430714885943,1.9766724546987253,1.9537846001873265,1.915696189362368,1.8625071319394575,1.7943801775037835,1.7115569709907732,1.6143687451694997,1.5032333531378597,1.3786258171917583,1.2409994918948122,1.0906114036959238,0.9271218624492342,0.7485712070767925,0.5478065558761617,nan,nan,nan,nan,nan,0.49225680731312593
18000.0,1.9798770027156845,1.9722424468043267,1.9493560141959796,1.9112732274427904,1.8580985224635174,1.7900003141315672,1.7072264222547309,1.6101140844510131,1.4990861610221469,1.3746208995980658,1.2371720989372927,1.0869929169301564,0.9237330192885653,0.7454041188731324,0.5447603023001648,nan,nan,nan,nan,nan,0.4909599455735124
18060.0,1.9754480343675698,1.967812398035648,1.9449237210268415,1.906840417054337,1.8536714131901,1.7855907612332744,1.702852445957831,1.605799730835551,1.4948605271163942,1.3705163490530834,1.2332214125155665,1.0832246606133644,0.9201640949009734,0.7420188839752996,0.5414364707723527,nan,nan,nan,nan,nan,0.48967185735539187
18120.0,1.9710199574351317,1.96338344808812,1.9404931327202937,1.902410268925235,1.8492482003028636,1.7811865189385787,1.6984852637088772,1.6014936050063535,1.4906443897768957,1.366422288734247,1.229281853120721,1.0794677208379733,0.9166061950843903,0.7386436354840509,0.5381216622949003,nan,nan,nan,nan,nan,0.4883911843606806
18180.0,1.9665928984636676,1.9589557203510288,1.9360643634150225,1.89798288243748,1.8448289640303441,1.7767876447291333,1.6941249093265465,1.5971957150861291,1.4864377372836666,1.362338683750634,1.225353385071607,1.075722041400199,0.9130593606666606,0.7352785588229988,0.5348150024648141,nan,nan,nan,nan,nan,0.48711650683901186
18240.0,1.9621669820067345,1.9545293362629423,1.9316375254068783,1.8935583553316033,1.8404137829957317,1.7723941949835205,1.6897714144041256,1.5929060688184387,1.4822405508955232,1.3582654997124204,1.2214359393533814,1.0719875680131739,0.9095234019967022,0.7319237657575639,0.5315159936822142,nan,nan,nan,nan,nan,0.4858473133672441
18300.0,1.9577423306852852,1.9501044153699996,1.9272127292210983,1.8891367837588342,1.8360027345452263,1.7680062250226347,1.685424810380657,1.588624673608124,1.4780528154808479,1.3542027027408177,1.2175294685510474,1.068264250606139,0.9059983100982112,0.7285792791042469,0.5282242867330166,nan,nan,nan,nan,nan,0.4845833037892475
18360.0,1.9533190652104262,1.9456810753481326,1.9227900836286045,1.884718262299821,1.8315958946951856,1.763623789126145,1.6810851279897254,1.5843515365371443,1.4738745160075963,1.3501502594749943,1.2136339265260627,1.0645520447854027,0.9024840780127246,0.7252450720289776,0.5249394805504206,nan,nan,nan,nan,nan,0.48332427068975453
18420.0,1.9488973044096423,1.9412594320286782,1.9183696956698841,1.880302883986153,1.8271933381515064,1.7592469405508002,1.67675239727728,1.5800866643797113,1.469705637551573,1.346108137120983,1.2097492689063944,1.0608509111352493,0.8989806930905042,0.7219210933951931,0.5216613229816334,nan,nan,nan,nan,nan,0.48207005630978406
18480.0,1.9444771652496091,1.9368395994206888,1.913951670675938,1.8758907403194998,1.8227951383271959,1.7548757315471977,1.6724266476177887,1.5758300636159452,1.4655461653102566,1.3420763035469283,1.2058754533883236,1.0571608136190518,0.8954881352975699,0.7186072782135695,0.5183896261918013,nan,nan,nan,nan,nan,0.48082053607541186
18540.0,1.9400587628605845,1.932421689734789,1.9095361122906802,1.8714819212920857,1.818401367361144,1.7505102133775448,1.6681079077309342,1.571581740446291,1.4613960846271417,1.3380547274075894,1.2020124397959857,1.05348171795154,0.8920063773016432,0.7153035547666214,0.5151242217524801,nan,nan,nan,nan,nan,0.47957560608321753
18600.0,1.9356422105614597,1.9280058134076914,1.905123122493981,1.8670765154078248,1.8140120961375392,1.746150436333842,1.6637962056983908,1.5673417008076196,1.4572553810296835,1.3340433782582999,1.1981601898947554,1.0498135903119328,0.888535385482224,0.7120098486734711,0.5118648759302845,nan,nan,nan,nan,nan,0.4783351763960944
18660.0,1.931227619885898,1.923592079127778,1.9007128016257921,1.8626746097045184,1.8096273943062573,1.7417964497567648,1.6594915689812355,1.5631099503939263,1.4531240402807815,1.3300422266096277,1.1943186670092958,1.0461563965933274,0.885075121401107,0.7087260841090651,0.5086113517479557,nan,nan,nan,nan,nan,0.47709916798610635
18720.0,1.9268151005975354,1.919180593850115,1.896305248400644,1.8582762897677496,1.8052473302962793,1.7374483020488174,1.6551940244334395,1.5588864946749226,1.4490020484113217,1.3260512439232917,1.19048783581318,1.042510102128971,0.8816255423698821,0.7054521494638488,0.5053635119547479,nan,nan,nan,nan,nan,0.4758675109130559
18780.0,1.9224047607168977,1.914771462822826,1.8919005599325607,1.8538816397538804,1.800871971336796,1.7331060406938277,1.6509035983209337,1.5546713389222833,1.4448893917641987,1.322070402586557,1.1866676619567218,1.038874671329414,0.8781866026143159,0.7021878171861294,0.502121210091,nan,nan,nan,nan,nan,0.47464014170892693
18840.0,1.917996706546245,1.9103647896114744,1.887498831758223,1.849490742411583,1.7965013834771195,1.728769712275596,1.6466203163410302,1.5504644882369782,1.4407860570233628,1.3180996758422097,1.1828581117651558,1.0352500675712015,0.8747582540944626,0.698933006632391,0.4988842059944282,nan,nan,nan,nan,nan,0.4734170017060565
18900.0,1.9135910426915286,1.9059606761206742,1.8831001578576427,1.8451036791012796,1.7921356316048835,1.7244393624953998,1.6423442036418376,1.5462659475747724,1.4366920312243794,1.3141390376947326,1.1790591520259177,1.0316362532577659,0.8713404470377579,0.6956876416594021,0.4956523525784925,nan,nan,nan,nan,nan,0.4721980363407849
18960.0,1.9091878720855207,1.9015592226168627,1.8787046306759603,1.8407205298156304,1.7877747794652368,1.720115036190728,1.6380752848433235,1.5420757217693422,1.4326073017485326,1.3101884628036535,1.1752707498293185,1.028033189935151,0.8679331303649231,0.6924516470178418,0.49242550242873434,nan,nan,nan,nan,nan,0.4709831946210281
19020.0,1.9047872960064791,1.8971605277467258,1.8743123411412452,1.8363413731965101,1.7834188896771257,1.7157967773517737,1.6338135840556927,1.5378938155487731,1.428531856311278,1.3062479264049962,1.171492872469679,1.0244408383613284,0.8645362519805292,0.689224948430903,0.4892034405160833,nan,nan,nan,nan,nan,0.4697724286468758
19080.0,1.900389414103343,1.8927646885620037,1.8699233786882414,1.8319662865573194,1.7790680237543461,1.7114846291422967,1.6295591249008607,1.5337202335494022,1.4244656829375486,1.3023174042169319,1.1677254873461598,1.0208591586044107,0.8611497591033097,0.6860074726470744,0.4859860323560937,nan,nan,nan,nan,nan,0.4685656930182572
19140.0,1.8959943244020718,1.8883718005259216,1.8655378312650597,1.827595345890156,1.7747222421134643,1.7071786339086725,1.6253119305225163,1.5295549803241766,1.4204087699592944,1.2983968724150567,1.16396856193004,1.017288110062943,0.857773598349274,0.6827991474807665,0.48277307988472495,nan,nan,nan,nan,nan,0.4673629447793959
19200.0,1.8916021233524098,1.8839819575590298,1.861155785376494,1.8232286259056263,1.7703816041102405,1.702878833214522,1.6210720236188574,1.5253980603557302,1.416361105954722,1.2944863074619535,1.1602220636361236,1.0137276517054685,0.8544077162373844,0.6795999017058018,0.47956443043222946,nan,nan,nan,nan,nan,0.46616414251354843
19260.0,1.887212905840442,1.879595252051748,1.8567773260965428,1.8188662000454865,1.7660461680527682,1.6985852678541011,1.6168394264516968,1.5212494780500536,1.412322679722841,1.290585686093308,1.1564859598579675,1.0101777421104285,0.8510520591487298,0.6764096650343971,0.47635989799226575,nan,nan,nan,nan,nan,0.464969246469331
19320.0,1.8828267651942208,1.8752117748701012,1.8524025370744954,1.8145081404893288,1.7617159912089653,1.69429797786041,1.6126141608540903,1.517109237741122,1.4082934802804523,1.2866949853033658,1.1527602179522574,1.0066383394793985,0.8477065733794272,0.6732283681526269,0.4731593115682921,nan,nan,nan,nan,nan,0.463778218501953
19380.0,1.8784437932303895,1.8708316154015219,1.8480315005784815,1.810154518195097,1.7573911298440799,1.6900170025391137,1.6083962482533352,1.5129773436797591,1.4042734967879589,1.2828141822342027,1.1490448052272044,1.0031094018383473,0.8443712053598611,0.670055942571517,0.46996249596502926,nan,nan,nan,nan,nan,0.4625910216574259
19440.0,1.8740640802755002,1.8664548615759868,1.8436642975161437,1.805805402919206,1.753071639239954,1.6857423804846017,1.6041857096769623,1.5088538000209857,1.400262718521886,1.2789432541618122,1.145339688968856,0.9995908870779429,0.8410459016605083,0.6668923206151335,0.46676927104512556,nan,nan,nan,nan,nan,0.4614076201316429
19500.0,1.8696877151093774,1.8620815998108218,1.8393010073834701,1.801460863171088,1.748757573656279,1.681474149551243,1.5999825657465134,1.5047386108640803,1.3962611349691214,1.2750821785807087,1.141644836388751,0.9960827527586794,0.8377306089046338,0.6637374356412288,0.4635794564057778,nan,nan,nan,nan,nan,0.4602279795992375
19560.0,1.865314785135052,1.8577119151772723,1.8349417084220738,1.7971209663573646,1.7444489864587138,1.6772123469545788,1.5957868367146628,1.5006317801578892,1.3922687355720527,1.2712309329513414,1.1379602147262615,0.9925849566620464,0.8344252741486751,0.6605912215192852,0.4603928688595691,nan,nan,nan,nan,nan,0.4590520661805675
19620.0,1.8609453761998054,1.8533458912255643,1.8305864774553964,1.792785778633984,1.7401459299906816,1.6729570091746346,1.5915985424384633,1.4965333118118105,1.3882855100002751,1.267389494958291,1.1342857911318043,0.9890974562185167,0.8311298445136662,0.6574536132250204,nan,nan,nan,nan,nan,nan,0.45787984755085676
19680.0,1.8565795728590457,1.8489836102435722,1.8262353901329194,1.7884553651292543,1.7358484557679073,1.6687081721002825,1.5874177024156404,1.4924432095369915,1.384311447786402,1.2635578421887126,1.1306215328413425,0.9856202092530775,0.8278442676669246,0.654324546075362,nan,nan,nan,nan,nan,nan,0.4567112914889094
19740.0,1.8522174581165096,1.844625153002542,1.8218885206913045,1.7841297897279882,1.7315566142942482,1.6644658708998066,1.5832443357658514,1.488361477014862,1.3803465386761353,1.2597359524200222,1.1269674069942681,0.9821531732993103,0.8245684914164205,0.6512039564887009,nan,nan,nan,nan,nan,nan,0.4555463672385782
19800.0,1.8478591137095877,1.8402705990369717,1.8175459422189715,1.7798091153124824,1.7272704552675078,1.6602301401624244,1.5790784612462239,1.4842881177158587,1.3763907722788034,1.255923803361955,1.1233233808424838,0.9786963062610725,0.8213024640719417,0.6480917812448784,nan,nan,nan,nan,nan,nan,0.4543850442235337
19860.0,1.8435050353574969,1.8359218884369393,1.8132139121515198,1.775506741651071,1.7230132640141473,1.6560367773994078,1.5749708656194843,1.4802912114031042,1.3725316510637329,1.2522303223992717,1.1198218535308,0.9754079692098234,0.8182345931144215,0.6452157432781094,nan,nan,nan,nan,nan,nan,0.4532230696005368
19920.0,1.8391557158066776,1.8315780624811986,1.8088871329133642,1.771210192340995,1.7187626263648057,1.651850787809424,1.5708714800328838,1.4763032957491544,1.3686821754071952,1.2485469585010571,1.1163306709881002,0.9721299050753021,0.8151765092236563,0.6423479680783215,nan,nan,nan,nan,nan,nan,0.4520616945457911
19980.0,1.8348112301330362,1.8272391939967683,1.8045656707632676,1.7669195232803894,1.714518584908057,1.6476721988301557,1.5667803161626868,1.4723243672808897,1.3648423281490571,1.2448736827703224,1.1128497943094493,0.9688620548787141,0.8121281357228992,0.6394880580632755,nan,nan,nan,nan,nan,nan,0.45090222837437943
20040.0,1.8304716520459825,1.8229053544794946,1.8002495907333114,1.762634789309344,1.71028118139675,1.6435010373196828,1.5626973853637884,1.46835442242135,1.3610120921695734,1.2412104664198471,1.1093791847170589,0.9656043690442756,0.809089364382217,0.6366358292959868,nan,nan,nan,nan,nan,nan,0.4497451108794454
20100.0,1.826137053889115,1.818576614094381,1.7959389566280735,1.7583560442068147,1.7060504567410055,1.6393373295434257,1.558622698649026,1.4643934574626778,1.3571914503616531,1.2375572807472186,1.1059188033212348,0.9623567929318853,0.8060600786838791,0.6337911998406799,nan,nan,nan,nan,nan,nan,0.4485905788746728
20160.0,1.821807506660343,1.8142530416954477,1.79163383104357,1.7540833407076448,1.7018264510216923,1.6351811011820112,1.5545562666899144,1.4604414685608085,1.353380385623703,1.2339140971031655,1.1024686105728256,0.9591192661896927,0.8030401709429468,0.6309541254547745,nan,nan,nan,nan,nan,nan,0.4474387815177822
20220.0,1.8174830800345685,1.8099347048480332,1.7873342753883332,1.7498167305211956,1.6976092035048687,1.6310323773395066,1.550498099817497,1.4564984517302846,1.3495788808485347,1.2302808867953732,1.0990285656731975,0.9558917248587023,0.8000295465098787,0.6281245754405445,nan,nan,nan,nan,nan,nan,0.4462898201520731
20280.0,1.8131638423829755,1.805621669847782,1.7830403499013512,1.7455562643472065,1.693398752654098,1.6268911825505898,1.5464482080235096,1.4525644028400717,1.3457869189048688,1.2266576248470276,1.095598626368265,0.9526741035664936,0.7970281226202135,0.6253025250594181,nan,nan,nan,nan,nan,nan,0.44514376446604664
20340.0,1.8088498607951167,1.8013140017423166,1.778752113672411,1.741301991893522,1.689195136143892,1.6227575407880153,1.5424066009610904,1.4486393176070465,1.3420044826024609,1.2230442784375073,1.092178749043787,0.949466337454666,0.7940358263041359,0.6224879502335136,nan,nan,nan,nan,nan,nan,0.44400066516768205
20400.0,1.8045412011012074,1.7970117643530858,1.7744696246624692,1.7370539618936864,1.6849983908728872,1.61863147546984,1.5383732879452188,1.4447231915859928,1.338231554639925,1.2194408141620354,1.0887688891010336,0.9462683632898844,0.7910525921211677,0.619680782533847,nan,nan,nan,nan,nan,nan,0.44286055983469985
20460.0,1.8002379278913807,1.7927150202942224,1.7701929397212428,1.7328122221221227,1.6808085529752568,1.6145130094658178,1.5343482779528284,1.4408160201564513,1.3344681175528408,1.2158472017667474,1.0853690013584234,0.9430801198663352,0.788078360487727,0.6168808621107794,nan,nan,nan,nan,nan,nan,0.44172347548254437
20520.0,1.795940104534048,1.7884238309905243,1.7659221146039343,1.7285768194085258,1.67662565783151,1.6104021651033804,1.5303315796220194,1.4369177985069657,1.3307141536715559,1.2122634105326446,1.081979040376376,0.939901548225417,0.7851130764860954,0.6140881659203179,nan,nan,nan,nan,nan,nan,0.4405894311924995
20580.0,1.7916477931973234,1.7841382566983637,1.7616572039905387,1.7243477996542493,1.672449740080488,1.606298964173732,1.5263232012493495,1.4330285216143521,1.3269696450823165,1.2086894093320248,1.0785989607974138,0.936732591712382,0.7821566887000349,0.6113026633761102,nan,nan,nan,nan,nan,nan,0.4394584402452862
20640.0,1.7873610548683392,1.7798583565245467,1.7573982615032293,1.7201252078470484,1.6682808336301416,1.6022034279371167,1.5223231507861605,1.4291481842241442,1.3232345736056308,1.2051251667083733,1.075228717595841,0.9335731959003327,0.7792091484043326,0.6085243224566177,nan,nan,nan,nan,nan,nan,0.4383305114706681
20700.0,1.7830799493748972,1.7755841884473915,1.7531453397256629,1.7159090880772387,1.6641189716690483,1.598115577127723,1.518331435832608,1.425276780829185,1.3195089207879593,1.201570650985703,1.0718682662859982,0.9304233084021136,0.7762704088904071,0.60575310991379,nan,nan,nan,nan,nan,nan,0.43720565027188957
20760.0,1.7788045354058502,1.7713158093365422,1.7488984902210374,1.7116994835526984,1.6599641866768544,1.5940354319572365,1.5143480636302835,1.4214143056541113,1.3157926679191203,1.1980258303816564,1.0685175630105141,0.9272828786309009,0.7733404251378424,0.6029889914641111,nan,nan,nan,nan,nan,nan,0.43608385903673014
20820.0,1.7745348705211454,1.7670532749628152,1.744657763541292,1.7074964366068697,1.6558165104302693,1.589963012117444,1.510373041059833,1.41756075265183,1.3120857960457433,1.1944906730543645,1.065176564579727,0.9241518577345784,0.7704191536331837,0.60023193176233,nan,nan,nan,nan,nan,nan,0.4349651374452498
20880.0,1.7702710111805353,1.762796640026002,1.740423209252156,1.703299988719043,1.6516759740162268,1.5858983367830204,1.5064063746308158,1.4137161154917717,1.30838828600421,1.1909651472212033,1.061845228549967,0.9210301983410994,0.7675065519280977,0.5974818946357191,nan,nan,nan,nan,nan,nan,0.43384948329787254
20940.0,1.7660130127510845,1.7585459581622422,1.7361948759400605,1.6991101805203588,1.647542607836234,1.5818414246133776,1.502448070481986,1.4098803881616275,1.3047001184370766,1.18744922118103,1.058523513225401,0.9179178545158091,0.7646025785771464,0.5947388430762585,nan,nan,nan,nan,nan,nan,0.4327368925607814
21000.0,1.7617609295312566,1.7543012819673482,1.7319728112331356,1.694927051810755,1.6434164416171988,1.577792293754846,1.4984981343741333,1.4060535638578413,1.3010212738273657,1.183942863405954,1.0552113776924663,0.914814781546671,0.7617071928464909,0.592002739442018,nan,nan,nan,nan,nan,nan,0.43162735991106777
21060.0,1.7575148147735586,1.7500626630186835,1.7277570618207456,1.690750641574381,1.6392975044205909,1.5737509618418848,1.4945565716869493,1.4022356342133224,1.297351732540484,1.18044604259277,1.0519087817892607,0.9117209357882551,0.7588203545975231,0.5892735455899436,nan,nan,nan,nan,nan,nan,0.43052087896727725
21120.0,1.7532747206981425,1.7458301518883175,1.7235476734652437,1.686580987988847,1.635185824648003,1.5697174459990688,1.490623387421965,1.3984265917716372,1.293691474849818,1.1769587276757054,1.0486156860678884,0.9086362746006099,0.7559420242818627,0.5865512228887426,nan,nan,nan,nan,nan,nan,0.4294174423056709
21180.0,1.749040698505456,1.7416037981552817,1.7193446910129981,1.682418128434068,1.6310814300469407,1.5656917628438163,1.4866985862046203,1.394626428823562,1.2900404809555976,1.1734808878497844,1.0453320517886668,0.9055607562786181,0.7530721628563869,0.5838357322681684,nan,nan,nan,nan,nan,nan,0.4283170416202624
21240.0,1.7448127983900463,1.7373836504189382,1.7151481584064094,1.6782620995018633,1.6269843477167696,1.561673928488176,1.4827821722849903,1.3908351374163186,1.2863987310111056,1.170012492596897,1.0420578408963528,0.9024943399660361,0.7502107317291602,0.5811270342789258,nan,nan,nan,nan,nan,nan,0.4272196678349674
21300.0,1.7405910695671774,1.7331697563245063,1.7109581187061176,1.6741129370126382,1.6228946041185437,1.5576639585436618,1.478874149545148,1.3870527093734077,1.2827662051526993,1.1665535116962467,1.0387930159717365,0.8994369855528621,0.7473576926926444,0.5784250891890701,nan,nan,nan,nan,nan,nan,0.4261253112933594
21360.0,1.7363755602611428,1.7289621625520835,1.7067746140820967,1.6699706760097244,1.6188122250730104,1.553661868121607,1.4749745214984336,1.383279136290106,1.2791428834959995,1.1631039152340212,1.0355375402609592,0.8963886537080122,0.7445130079230231,0.5757298569139886,nan,nan,nan,nan,nan,nan,0.42503396167574486
21420.0,1.732166317782017,1.7247609148899183,1.7025976858765273,1.6658353508054125,1.614737235786351,1.5496676718441726,1.4710832913065834,1.3795144095840557,1.2755287462123184,1.159663673617796,1.0322913775132605,0.8933493055854778,0.7416766515898566,0.5730412973498006,nan,nan,nan,nan,nan,nan,0.4239456084884592
21480.0,1.7279633884461252,1.720566058158759,1.6984273745396765,1.6617069949353434,1.6106696608267959,1.5456813838375,1.467200461767879,1.3757585204500393,1.2719237734580695,1.1562327575720612,1.029054492159171,0.8903189031255251,0.7388487145790066,0.5703593699874707,nan,nan,nan,nan,nan,nan,0.42286024054561544
21540.0,1.7237668177116658,1.7163776363410563,1.694263719740068,1.6575856412386494,1.6066095241703207,1.5417030177551088,1.4633260353539934,1.3720114599485116,1.2683279454871685,1.1528111381261303,1.025826849016346,0.8872974085987179,0.7360289204245021,0.5676840344521772,nan,nan,nan,nan,nan,nan,0.4217778467001283
21600.0,1.7195766500509015,1.7121956924595296,1.6901067602618423,1.653471321784557,1.6025568491600237,1.5377325867575844,1.4594600141768768,1.3682732189284101,1.2647412425624287,1.1493987866491857,1.02260841357218,0.8842847850015879,0.7332172316258401,0.5650152499974761,nan,nan,nan,nan,nan,nan,0.4206984152008223
21660.0,1.7153934360876175,1.7080225618869431,1.6859641594956714,1.6493804928788909,1.5985402207661616,1.5338139641604618,1.4556645065621212,1.364626854784786,1.261270178781664,1.146128071574835,1.0195599645805884,0.8814736620586308,0.7306441568197666,0.5626371851662597,nan,nan,nan,nan,nan,nan,0.4196168885917622
21720.0,1.7112177222866976,1.7038569967242105,1.6818293125509853,1.6452977080376006,1.594531995015115,1.52990412832898,1.4518781462658878,1.3609899235258067,1.2578087085724656,1.142866938971257,1.01652088281522,0.8786714411280937,0.7280791743668426,0.560265119998319,nan,nan,nan,nan,nan,nan,0.41853479159033674
21780.0,1.7070495453160734,1.6996990321551704,1.677702250276376,1.6412229912570613,1.5905321870395375,1.5260030841420136,1.4481009272206848,1.357362408226917,1.254356805201966,1.139615354365211,1.0134911291917423,0.8758780812532625,0.7255221932590684,0.5578986171540664,nan,nan,nan,nan,nan,nan,0.4174537123098038
21840.0,1.7028889409800947,1.6955487025235654,1.673583002747844,1.6371563658646318,1.5865408114326818,1.5221108360875326,1.4443328431359843,1.3537442919341829,1.2509144421239862,1.1363732836755234,1.0104706650528508,0.8730935372805233,0.7229730792685102,0.5555376172950615,nan,nan,nan,nan,nan,nan,0.41637419638160855
21900.0,1.6987359441868017,1.691406041299847,1.6694715992343734,1.6330978544827746,1.5825578822117392,1.5182273882266757,1.4405738874643768,1.350135557631636,1.2474815929430974,1.133140693157619,1.0074594516483442,0.8703177555062483,0.7204317044895018,0.5531821374569139,nan,nan,nan,nan,nan,nan,0.4152965483366758
21960.0,1.6945905889612325,1.6872710810939662,1.665368068209338,1.6290474790386864,1.578583412826065,1.5143527442015725,1.4368240534096175,1.3465361882480806,1.2440582314142314,1.1299175493343272,1.0044574492278362,0.867550674905044,0.717897964014588,0.5508321012257286,nan,nan,nan,nan,nan,nan,0.4142209651522667
22020.0,1.690452908460109,1.6831438536695202,1.6612724373631855,1.6250052607751213,1.5746174161664819,1.5104869072439993,1.4330833339349887,1.3429461666631681,1.2406443314332414,1.1267038188258105,1.0014646163091714,0.8647922312563051,0.7153717747327281,0.5484875392686421,nan,nan,nan,nan,nan,nan,0.4131475867790188
22080.0,1.6863229349845748,1.6790243899560438,1.6571847336145475,1.6209712202600146,1.570659904573714,1.50662988018324,1.4293517217706322,1.339365475711318,1.2372398670118447,1.123499468135683,0.9984809096035556,0.8620423603247096,0.7128530702274484,0.5461484791910263,nan,nan,nan,nan,nan,nan,0.41207651513894605
22140.0,1.682200699993845,1.674912720062193,1.65310498312219,1.6169453773968918,1.5667108898475226,1.502781665454514,1.4256292094209655,1.3357940981825849,1.2338448122297234,1.120304463441157,0.9955062843632401,0.8593010000179802,0.7103417962116602,0.5438149412719325,nan,nan,nan,nan,nan,nan,0.41100782840990285
22200.0,1.6780862341194158,1.6708088732894892,1.6490332112975197,1.6129277514358382,1.5627703832563877,1.4989422651077229,1.4219157891714584,1.3322320168169595,1.2304591411645878,1.117118770468196,0.9925406949917916,0.8565680914128014,0.7078379067544709,0.5414869393743599,nan,nan,nan,nan,nan,nan,0.40994158858834784
22260.0,1.6739795671771276,1.6667128781440215,1.644969442815356,1.6089183609831008,1.5588383955460838,1.4951116808744234,1.4182114530932168,1.3286792142918944,1.2270828278279553,1.1139423544924694,0.9895840988862838,0.8538435788885161,0.7053413620645499,0.5391644818720436,nan,nan,nan,nan,nan,nan,0.40887784465391147
22320.0,1.6698807281785415,1.6626247623475057,1.6409137016241448,1.6049172240102616,1.5549149369479056,1.4912899142021923,1.4145161930457508,1.325135673206298,1.2237158461173272,1.1107751803915638,0.9866364553895459,0.8511274101240155,0.7028521269165022,0.536847572161281,nan,nan,nan,nan,nan,nan,0.4078166356280602
22380.0,1.6657897453443875,1.6585445528503497,1.6368660109580269,1.6009243578650327,1.5510000171881968,1.487476965774641,1.4108300006779522,1.3216013760588567,1.2203581697743853,1.107617212743058,0.9836977031329618,0.8484195359057415,0.7003701691683009,0.5345362094827215,nan,nan,nan,nan,nan,nan,0.4067579932261425
22440.0,1.6617066461173466,1.6544722758441015,1.6328263933483922,1.5969397792816595,1.5470936454974824,1.483672836171529,1.4071528674264195,1.318076305226193,1.217009772367788,1.1044684159520815,0.9807677975358255,0.8457199098162955,0.6978954587985913,0.5322303896081919,nan,nan,nan,nan,nan,nan,0.40570194351103767
22500.0,1.6576314571737154,1.6504079567728294,1.6287948706345259,1.592963504390566,1.5431958306188034,1.4798775256218148,1.403484784511718,1.3145604429450382,1.213670627299403,1.1013287543799748,0.9778466949429069,0.843028487903554,0.6954279673602823,0.5299301053164018,nan,nan,nan,nan,nan,nan,0.40464850781309736
22560.0,1.6535642044386831,1.6463516203480313,1.6247714639775017,1.588995548730793,1.539306580817942,1.4760910340087166,1.39982574293152,1.3110537712962944,1.2103407078341526,1.0981981924929796,0.9749343527053644,0.8403452282803698,0.6929676675217806,0.5276353469127629,nan,nan,nan,nan,nan,nan,0.40359770366234526
22620.0,1.6495049130866613,1.6423032905490427,1.6207561938608197,1.5850359272509318,1.5354259038845501,1.4723133608707688,1.3961757334619644,1.3075562722089138,1.2070199871059346,1.0950766948618034,0.9720307291870605,0.8376700911572175,0.6905145330203184,0.5253461021025408,nan,nan,nan,nan,nan,nan,0.4025495447701597
22680.0,1.6454536075637674,1.6382629906449444,1.6167490801107203,1.5810846543270225,1.5315538071461245,1.4685445054072632,1.392534746647242,1.3040679274454634,1.2037084381727439,1.091964226346145,0.9691357838167479,0.8350030383086715,0.6880685381100318,0.5230623567680178,nan,nan,nan,nan,nan,nan,0.4015040423379614
22740.0,1.6414103115996204,1.6342307432061152,1.612750141907024,1.5771417437720405,1.527690297474747,1.4647844664799248,1.3889027727974503,1.3005887186111889,1.2004060340580496,1.0888607521430682,0.9662494770488511,0.8323440328977835,0.6856296574178804,0.5207840951926102,nan,nan,nan,nan,nan,nan,0.40046120541795194
22800.0,1.6373750482043836,1.6302065701014468,1.6087593977808052,1.5732072088342255,1.5238353812862961,1.461033242613751,1.3852798019922028,1.2971186271582833,1.1971127477463455,1.0857662377707102,0.9633717703681449,0.8296930395459852,0.6831978659913635,0.5185112998689331,nan,nan,nan,nan,nan,nan,0.3994210406747289
22860.0,1.6333478396991823,1.6261904925279818,1.6047768656417603,1.569281062220515,1.519989064556832,1.4572908320008962,1.3816658240719772,1.2936576343951804,1.1938285522753795,1.0826806492193635,0.9605026262114715,0.8270500237877734,0.6807731389246171,0.5162439522980556,nan,nan,nan,nan,nan,nan,0.39838355353398675
22920.0,1.629328707719112,1.6221825310139169,1.6008025627810736,1.5653633160987264,1.5161513528233814,1.4535572325015025,1.378060828646425,1.2902057215086964,1.1905534207481334,1.0796039529015606,0.9576420078952437,0.8244149521538757,0.6783554515229953,0.5139820327696676,nan,nan,nan,nan,nan,nan,0.39734874783341967
22980.0,1.6253176732192,1.618182705424449,1.596836505876877,1.5614539821022946,1.5123222511876495,1.4498324416465438,1.374464805097305,1.2867628695692739,1.187287326345297,1.076536115672825,0.954789879613889,0.8217877920893979,0.6759447792044448,0.5117255204721356,nan,nan,nan,nan,nan,nan,0.3963166260302763
23040.0,1.621314756484853,1.6141910349720079,1.5928787110037905,1.5575530713383938,1.5085017643214649,1.4461164566396016,1.3708777425800518,1.2833290595446796,1.1840302423598015,1.0734771048550786,0.9519462063813758,0.8191685118246869,0.6735410974627214,0.5094743936354071,nan,nan,nan,nan,nan,nan,0.39528718938753
23100.0,1.6173199771582714,1.6102075382418721,1.5889291936559742,1.5536605944062352,1.5046898964785713,1.442409274364527,1.3672996300384175,1.2799042723353835,1.1807821422417597,1.0704268882308896,0.9491109539089669,0.8165570801819386,0.6711443818215526,0.507228629825984,nan,nan,nan,nan,nan,nan,0.3942604383556166
23160.0,1.6133333542113195,1.6062322331659815,1.5849879687238995,1.5497765613792216,1.5008866514843577,1.438710891381151,1.3637304561951553,1.2764884887437398,1.1775429995539661,1.067385434051379,0.9462840887438667,0.8139534667807589,0.6687546078378204,0.5049882055803615,nan,nan,nan,nan,nan,nan,0.3932363721475821
23220.0,1.6093549060117882,1.6022651370870693,1.5810550505517402,1.5459009818502065,1.4970920327647783,1.4350213039430522,1.3601702095844823,1.273081689556336,1.174312788081612,1.0643527110194893,0.9434655779453531,0.8113576415510517,0.6663717510561674,0.5027530971770191,nan,nan,nan,nan,nan,nan,0.39221498966297713
23280.0,1.6053846502726339,1.5983062667096313,1.5771304528937984,1.5420338648977538,1.4933060433260763,1.4313405079872252,1.3566188785317248,1.2696838554850969,1.1710914817503972,1.061328688304554,0.9406553893383468,0.8087695751098509,0.6639957870229305,0.5005232799937129,nan,nan,nan,nan,nan,nan,0.3911962887395556
23340.0,1.6014226041158983,1.594355638161676,1.5732141889694677,1.5381752191293674,1.489528685783574,1.4276684991554465,1.353076451190882,1.2662949672453159,1.1678790547118998,1.0583133354990732,0.9378534912121986,0.8061892383591016,0.6616266912838017,0.49829872916373386,nan,nan,nan,nan,nan,nan,0.39018026691798485
23400.0,1.597468784030674,1.5904132669542403,1.5693062714275694,1.534325052654073,1.4857599623442899,1.424005272782129,1.3495429155223198,1.2629150055085026,1.164675481295065,1.0553066226558672,0.9350598525189387,0.8036166027326925,0.6592644393581266,0.496079331859954,nan,nan,nan,nan,nan,nan,0.3891669209455779
23460.0,1.5935231091236217,1.586478725429168,1.5654052382433714,1.5304801990374357,1.4819943605424395,1.420342366572064,1.3460062997467592,1.259527975033374,1.161460267079316,1.052283088271642,0.932243522779072,0.8010144784713806,0.6568641147372873,0.4938083132660794,nan,nan,nan,nan,nan,nan,0.38815720881271076
23520.0,1.5895854984815454,1.5825522791991935,1.5615123888427473,1.5266436617108807,1.47823723027671,1.416688082352098,1.3424784198550024,1.256149723468819,1.158253771882746,1.0492680778274948,0.9294353603966853,0.798419990526079,0.6544705814635255,0.4915424916923912,nan,nan,nan,nan,nan,nan,0.3871508322526192
23580.0,1.5856559681226774,1.5786339433550611,1.5576277355995096,1.522815448730951,1.4744885739797027,1.4130424160036377,1.3389592647299122,1.2527802328613458,1.1550559737807267,1.046261563661943,0.9266353366178435,0.795833112241312,0.6520838314775509,0.4892818812921615,nan,nan,nan,nan,nan,nan,0.3861474814043189
23640.0,1.5817345334291801,1.5747237323652399,1.5537512903052824,1.5189955676350984,1.4707483936478425,1.4094053630751568,1.3354488230516037,1.2494194852201963,1.1518668471172377,1.0432635184373371,0.9238434231028945,0.7932538185599045,0.6497038638138796,0.4870264283035644,nan,nan,nan,nan,nan,nan,0.38514704544960837
23700.0,1.5778212092396169,1.5708216601672116,1.5498830642574237,1.5151840255245683,1.4670166909183153,1.405776918852784,1.3319470833604952,1.2460674625690114,1.148686367029884,1.0402739151555354,0.921059592039077,0.7906820867220191,0.6473306729596072,0.48477607580185283,nan,nan,nan,nan,nan,nan,0.3841494584240292
23760.0,1.5739160098327578,1.5669277401518509,1.546023068245128,1.5113808290534974,1.463293467062724,1.4021570783602455,1.3284540340645081,1.2427241469587238,1.1455145102531403,1.0372927271813892,0.9182838163429847,0.7881178957711931,0.6449642468960627,0.4825307704207221,nan,nan,nan,nan,nan,nan,0.3831546751977629
23820.0,1.5700189489520062,1.5630419851871546,1.5421713125712408,1.5075859844480362,1.459578723003299,1.3985458363721577,1.3249696634484756,1.2393895204699996,1.1423512537168685,1.0343199282521476,0.9155160697529545,0.785561225500595,0.642604568723756,0.48029046232928124,nan,nan,nan,nan,nan,nan,0.38216266166991675
23880.0,1.5661300397970426,1.559164407610177,1.5383278070451012,1.5037994975009288,1.4558724593103423,1.3949431874154048,1.3214939596795496,1.236063565220786,1.13919657455634,1.0313554925216835,0.9127563268337939,0.7830120556856358,0.6402516181305667,0.4780551047467376,nan,nan,nan,nan,nan,nan,0.3811733903707887
23940.0,1.5622492950456393,1.5552950192482429,1.5344925610021476,1.500021373588914,1.4521746762172631,1.391349125781613,1.3180269108158322,1.232746263368672,1.1360504501129594,1.0283993945815002,0.9100045628158587,0.7804703656402935,0.6379053728354509,0.4758246530002605,nan,nan,nan,nan,nan,nan,0.38018683775306766
24000.0,1.5583767268611823,1.5514338314263438,1.5306655833109968,1.4962516176795686,1.4484853736274883,1.3877636455342335,1.3145685048128692,1.229437597116204,1.132912857944986,1.0254516094631752,0.9072607534133749,0.7779361341934903,0.6355658091832053,0.4735990641127886,nan,nan,nan,nan,nan,nan,0.3792029834117855
24060.0,1.5545123468983864,1.5475808549727736,1.5268468823789692,1.4924902343368982,1.4448045511204541,1.3841867405150088,1.311118729530026,1.226137548717528,1.1297837758381974,1.0225121126177823,0.9045248746852439,0.7754093397115805,0.6332329025686548,0.4713782964960771,nan,nan,nan,nan,nan,nan,0.37822180924024124
24120.0,1.5506561663081322,1.5437361002239236,1.5230364661567712,1.4887372277259487,1.4411322079562368,1.380618404348597,1.307677572734947,1.2228461004830278,1.1266631818076185,1.0195808798954549,0.9017969029944745,0.7728899839403925,0.6309066276336008,0.46916230983809687,nan,nan,nan,nan,nan,nan,0.3772432990751561
24180.0,1.5468081957431907,1.5398995770299373,1.5192343421440462,1.484992601618385,1.4374683430814041,1.3770586304487051,1.30424502210957,1.2195632347856369,1.123551054103896,1.0166578875170516,0.8990768149030453,0.7703780342567637,0.6285869585690073,0.4669510648360068,nan,nan,nan,nan,nan,nan,0.37626743812493246
24240.0,1.5429684453743169,1.5360712947705295,1.515440517404512,1.481256359406908,1.4338129551428067,1.3735074120309392,1.3008210652614234,1.216288934070709,1.1204473712083294,1.0137431119959017,0.8963645870341442,0.7678734245191683,0.6262738695914353,0.4647445226449052,nan,nan,nan,nan,nan,nan,0.3752942121374236
24300.0,1.5391369248862539,1.5322512623511633,1.511654998562582,1.4775285041023833,1.4301660424851559,1.36996474211097,1.2974056897228778,1.2130231808545338,1.1173521118262648,1.0108365301562965,0.8936601961549082,0.765376131392981,0.623967334616609,0.4625426452715257,nan,nan,nan,nan,nan,nan,0.37432360806177456
24360.0,1.5353136434935954,1.5284394882186476,1.5078777918183355,1.4738090383481695,1.4265276031648184,1.3664306135175075,1.2939988829625881,1.2097659577333986,1.1142652548800565,1.0079381190547356,0.8909636190414936,0.7628861313654894,0.6216673276983574,0.4603453950304674,nan,nan,nan,nan,nan,nan,0.3733556132051712
24420.0,1.531498609949431,1.5246359803697476,1.5041089029560177,1.4700979644284078,1.4228976349576983,1.3629050188995997,1.290600632391834,1.2065172473825692,1.1111867794823849,1.0050478559455371,0.8882748325294813,0.7604034008252796,0.6193738228396977,0.4581527346921314,nan,nan,nan,nan,nan,nan,0.3723902155181413
24480.0,1.5276918325509128,1.5208407463567417,1.500348337349582,1.4663952842735333,1.4192761353647014,1.3593879507318711,1.2872109253677786,1.203277032552736,1.1081166649266854,1.0021657182765529,0.8855938135151746,0.7579279160470536,0.6170867940646644,0.45596456508120914,nan,nan,nan,nan,nan,nan,0.37142740343446873
24540.0,1.5238933191353607,1.5170537932836223,1.4965960999591728,1.4627009994572409,1.4156631016093866,1.3558794013131164,1.283829749194192,1.2000452960763326,1.1050548906983004,0.9992916836893715,0.8829205389337311,0.7554596531965259,0.6148062154342124,0.4537807275863649,nan,nan,nan,nan,nan,nan,0.3704671659012094
24600.0,1.520103077092545,1.5132751278182786,1.492852195343024,1.4590151112079472,1.4120585306487852,1.352379362775803,1.280457091126711,1.1968220208613618,1.1020014364526072,0.9964257299964391,0.880254985764901,0.7529985883638601,0.6125320610948441,0.45160119187166897,nan,nan,nan,nan,nan,nan,0.36950949224778346
24660.0,1.5163211133930345,1.5095047562204997,1.489116627684546,1.4553376204345367,1.4084624191973192,1.3488878271071196,1.2770929383869833,1.1936071898832565,1.0989562819584244,0.9935678350935124,0.8775971310448328,0.750544697733158,0.610264305335998,0.44942591960663925,nan,nan,nan,nan,nan,nan,0.3685543718971672
24720.0,1.5125474345402403,1.5057426842947514,1.4853894007471014,1.4516685276841217,1.404874763688548,1.3454047861164968,1.27373727814293,1.1904007862038681,1.0959194071960294,0.9907179771014162,0.8749469518395525,0.748097957308205,0.608002922480241,0.44725487295715216,nan,nan,nan,nan,nan,nan,0.36760179491036044
24780.0,1.5087820466699653,1.5019889174884222,1.4816705179686371,1.448007833231138,1.4012955603563497,1.341930231503103,1.2703900975432918,1.1872027929232603,1.0928907921722844,0.9878761341314098,0.8723044252948159,0.7456583433719848,0.6057478871006337,0.4450880138061608,nan,nan,nan,nan,nan,nan,0.3666517510480028
24840.0,1.5050249554353192,1.498243460778352,1.4779599823527443,1.4443555369754384,1.3977248051431705,1.3384641547817915,1.2670513836850446,1.1840131932433513,1.089870417129321,0.985042284531251,0.8696695285743855,0.743225831994849,0.6034991737889241,0.4429253046144076,nan,nan,nan,nan,nan,nan,0.36570423078547215
24900.0,1.5012761661556664,1.494506318817872,1.4742577966102224,1.4407116385749847,1.3941624938187387,1.335006547374769,1.2637211236432884,1.180831970374596,1.086858262299133,0.9822164066391218,0.8670422389548293,0.7408003995448458,0.6012567573377227,0.4407667075642379,nan,nan,nan,nan,nan,nan,0.3647592243404105
24960.0,1.4975356836739298,1.4907774957960187,1.4705639630238598,1.4370761373198664,1.390608621869067,1.3315574005299633,1.2603993044537978,1.1776591076349097,1.0838543081263525,0.9793984789782372,0.8644225337220798,0.7383820222685219,0.5990206126427231,0.4386121852401997,nan,nan,nan,nan,nan,nan,0.36381672241937896
25020.0,1.493803512504068,1.4870569955831712,1.4668784835885584,1.4334490322627116,1.3870631846096608,1.3281167053990814,1.2570859131193233,1.1744945883426066,1.0808585350660076,0.9765884801137741,0.8618103902882132,0.735970676608987,0.5967907147113759,0.43646170014306096,nan,nan,nan,nan,nan,nan,0.3628767157039607
25080.0,1.4900796567208714,1.4833448216223104,1.4632013599070532,1.4298303221224713,1.3835261771039007,1.3246844529853727,1.2537809366136505,1.1713383959008663,1.077870923722267,0.9737863887328384,0.8592057860986094,0.7335663390219547,0.5945670387008947,0.4343152149590735,nan,nan,nan,nan,nan,nan,0.36193919512550954
25140.0,1.486364120035923,1.4796409770040475,1.4595325932620056,1.4262200053508667,1.3799975942185645,1.321260634177148,1.250484361875894,1.1681905137419957,1.0748914547665185,0.9709921836057065,0.856608698691351,0.7311689860633124,0.5923495598835082,0.4321726924272413,nan,nan,nan,nan,nan,nan,0.3610041517310656
25200.0,1.4826569057935126,1.475945464462643,1.45587218461236,1.4226180801293447,1.3764774306217686,1.3178452397472846,1.2471961758121648,1.1650509253311414,1.0719201089413541,0.9682058435871095,0.8540191056944324,0.7287785943865555,0.5901382536495077,0.4300340953440213,nan,nan,nan,nan,nan,nan,0.36007157668860934
25260.0,1.4789582932803935,1.4722595631377713,1.452224394506216,1.4190337164682472,1.3729816082421635,1.314462674121561,1.243950868303403,1.1619656863988357,1.069015898771836,0.9655007413388004,0.8515264224273718,0.726503177989982,0.5880650691992052,0.4280721102279834,nan,nan,nan,nan,nan,nan,0.35913870584238794
25320.0,1.475268558880176,1.4685825428896213,1.4485854915061882,1.4154582407412355,1.3694946566581732,1.3110889284012934,1.2407142793090922,1.158888997686184,1.0661199896943425,0.9628036010859546,0.8490412546724405,0.7242346893695798,0.5859979993373723,0.42611317444657104,nan,nan,nan,nan,nan,nan,0.3582063786965167
25380.0,1.4715877009758835,1.4649144015197377,1.44495547172697,1.4118916464409614,1.3660165660787753,1.3077239892050798,1.237486391947371,1.1558208392708629,1.0632323594675865,0.9601143990974,0.8465635779414137,0.7219731024723535,0.5839369456479813,0.42415730658173406,nan,nan,nan,nan,nan,nan,0.3572754622172583
25440.0,1.467915717615698,1.4612551365063087,1.4413343309938553,1.408333926825293,1.362547326549494,1.3043678430688228,1.2342671893325132,1.152761191290111,1.0603529859479555,0.9574331117518345,0.8440933677258007,0.7197183857137364,0.581881803759355,0.4222046001006745,nan,nan,nan,nan,nan,nan,0.3563462530165175
25500.0,1.4642526065053074,1.4576047449965823,1.4377220648352838,1.4047850749098942,1.3590869279446762,1.3010204764371847,1.231056654565191,1.1497100339302084,1.0574818470794305,0.9547597155162755,0.8416305989941142,0.7174705003355059,0.5798324977052566,0.4202551494032595,nan,nan,nan,nan,nan,nan,0.35541891433199696
25560.0,1.4605983650171912,1.453963223815937,1.434118668491252,1.4012450834754029,1.3556353599727105,1.2976818756661253,1.2278547707320446,1.146667347423691,1.0546189208882344,0.952094186879049,0.8391752454988316,0.7152294041289607,0.5777889746018042,0.41830901244943663,nan,nan,nan,nan,nan,nan,0.3544935530915259
25620.0,1.4569529901975773,1.4503305694747104,1.4305241369196833,1.3977139450786713,1.352192612180044,1.294352027024882,1.2246615209871885,1.1436331120470309,1.0517641854717925,0.9494365031505564,0.8367272795372507,0.712995054877466,0.5757511801900245,0.4163662257927,nan,nan,nan,nan,nan,nan,0.3535702431768004
25680.0,1.4533164787724828,1.4467067781741236,1.4269384648019807,1.3941916520780238,1.3487586739547015,1.2910309166977036,1.221476888761917,1.1406073081176833,1.0489176189759672,0.9467866441776338,0.8342866721704945,0.7107674121623588,0.5737189443930482,0.4144268113442747,nan,nan,nan,nan,nan,nan,0.35264903868471265
25740.0,1.4496888271547874,1.4430918458131985,1.4233616465494319,1.3906781965380517,1.3453335345301831,1.2877185307857015,1.2183008564337212,1.137589915988777,1.046079199557851,0.9441445777897887,0.8318533936649459,0.708546438259924,0.5716923234729179,0.41249078121722893,nan,nan,nan,nan,nan,nan,0.35172998133306804
25800.0,1.4460700314517412,1.4394857679960853,1.419793676309945,1.3871735703520158,1.3419171829894398,1.2844148553086498,1.2151334070273188,1.1345809160389027,1.0432489053365048,0.9415102793707572,0.8294274140171771,0.7063320980907122,0.5696712968876425,0.41055814024192233,nan,nan,nan,nan,nan,nan,0.35081310378982183
25860.0,1.4424600874696933,1.435888540036684,1.4162345479723288,1.3836777652031322,1.338509608267514,1.281119876206261,1.2119745235502086,1.131580288662307,1.0404267143649477,0.9388837239655285,0.8270087032094328,0.7041243590170468,0.5676558465390535,0.40862888698872923,nan,nan,nan,nan,nan,nan,0.34989843127769654
25920.0,1.4388589907212244,1.4323001569655884,1.4126842551726408,1.380190772569847,1.3351107991552011,1.2778335793396327,1.2088241889899654,1.1285880142532627,1.0376126045977738,0.936264886350963,0.8245972315259014,0.7019231905558087,0.5656459556580519,0.40670301548276505,nan,nan,nan,nan,nan,nan,0.348985983891973
25980.0,1.4352667364319747,1.4287206135367276,1.4091427913002395,1.3767125837308356,1.3317207443024741,1.2745559504923385,1.2056823863103159,1.1256040731897134,1.0348065538757079,0.9336537411276381,0.82219296975087,0.699728564080554,0.5636416080774513,0.40478051638369794,nan,nan,nan,nan,nan,nan,0.34807577804291095
26040.0,1.431683319546835,1.4251499042333837,1.4056101495032503,1.3732431897694894,1.328339432221497,1.271286975371016,1.2025490984461604,1.1226284458190012,1.032008539928178,0.9310502628147629,0.8197958892572144,0.6975404525260396,0.5616427879521355,0.4028613775540407,nan,nan,nan,nan,nan,nan,0.3471678270969388
26100.0,1.428108734736537,1.4215880232745766,1.40208632269433,1.3697825815785922,1.3249668512896051,1.2680266396053073,1.1994243082972382,1.1196611124464857,1.0292185403901546,0.9284544259408767,0.8174059620357783,0.6953588301034898,0.559649479651377,0.40094558445843564,nan,nan,nan,nan,nan,nan,0.3462621418461809
26160.0,1.4245429764037931,1.4180349646210153,1.3985713035560277,1.3663307498646327,1.3216029897518997,1.2647749287472763,1.1963079987221705,1.1167020533294514,1.0264365328241045,0.9258662051108955,0.8150231606990408,0.693183672092249,0.5576616676446235,0.39903310076769694,nan,nan,nan,nan,nan,nan,0.3453587309613823
26220.0,1.4209860386852442,1.4144907219770084,1.395065084542561,1.3628876851493033,1.318247835722158,1.2615318282712074,1.1932001525375058,1.1137512486788474,1.023662494727747,0.9232855750158129,0.8126474584853826,0.6910149548169464,0.5556793364001725,0.39712379520298974,nan,nan,nan,nan,nan,nan,0.3444576011356785
26280.0,1.4174379154594738,1.4109552887982073,1.3915676578867462,1.359453377774987,1.3149013771859868,1.2582973235726218,1.1901007525101055,1.1108086786519975,1.0208964035634487,0.9207125105193052,0.8102788292505094,0.6888526553674544,0.5537024702981763,0.39521764104837115,nan,nan,nan,nan,nan,nan,0.3435587576002031
26340.0,1.4138986003592042,1.4074286583033526,1.38807901561034,1.3560278179125698,1.3115636020043868,1.2550713999651688,1.187009781348821,1.107874323357425,1.0181382368080012,0.9181469867265792,0.8079172474025096,0.6866967513396968,0.5517310535319757,0.39331461532423406,nan,nan,nan,nan,nan,nan,0.34266220471055375
26400.0,1.4103680867630923,1.4039108234664177,1.3845991495172303,1.3526109955563947,1.3082344979114446,1.2518540426829508,1.1839272217128671,1.1049481628596243,1.0153879719228691,0.9155889789176572,0.8055626879311764,0.6845472210719458,0.549765070184687,0.39141469355620795,nan,nan,nan,nan,nan,nan,0.3417679453657679
26460.0,1.406846367815058,1.4004017770351898,1.3811280512097275,1.3492029005364439,1.3049140525197862,1.2486452368757384,1.1808530561986965,1.1020301771844807,1.0126455864306312,0.9130384626620842,0.8032151263038156,0.6824040432015205,0.5478045041367772,0.3895178506454168,nan,nan,nan,nan,nan,nan,0.34087598193093177
26520.0,1.4033334364256083,1.3969015115325112,1.3776657120894937,1.3458035225185874,1.3016022533198846,1.2454449676091623,1.1777872673474494,1.0991203463364922,1.0099110579154458,0.9104954137633313,0.8008745384250568,0.6802671967832357,0.5458493391666348,0.38762406056392984,nan,nan,nan,nan,nan,nan,0.33998631591351924
26580.0,1.3998292852706082,1.3934100192551346,1.3742121233566567,1.3424128510041753,1.2982990876805405,1.2422532198662246,1.174729837645321,1.0962186502934774,1.0071843640164286,0.9079598082736391,0.7985409006683417,0.6781366612683429,0.5438995588801484,0.38573329641756826,nan,nan,nan,nan,nan,nan,0.3390989480436454
26640.0,1.3963339068078824,1.3899272922895765,1.3707672760233147,1.339030875339258,1.2950045428517487,1.239069978544303,1.171680749524795,1.0933250690329526,1.0044654824795447,0.9054316224990069,0.7962141897459678,0.6760124163385652,0.5419551467847846,0.38384553073261257,nan,nan,nan,nan,nan,nan,0.3382138785659646
26700.0,1.3928472932580136,1.3864533224938465,1.3673311608981682,1.3356575847044616,1.2917186059622536,1.235895228459618,1.1686399853638925,1.0904395825024928,1.0017543911016147,0.9029108330021056,0.7938943828628364,0.6738944420820578,0.5400160861737219,0.38196073511078077,nan,nan,nan,nan,nan,nan,0.3373311068988547
26760.0,1.38936943665086,1.3829881015416758,1.3639037686236026,1.3322929681394682,1.2884412640271221,1.2327289543430824,1.165607527498911,1.087562170692234,0.9990510678419963,0.9003974165808193,0.7915814573912046,0.6717827186100916,0.5380823603138885,0.380078881011452,nan,nan,nan,nan,nan,nan,0.33645063242580314
26820.0,1.3859003287720937,1.3795316208717783,1.3604850896334197,1.3289370145155361,1.28517250393967,1.2295711408449024,1.1625833582090712,1.0846928135541096,0.9963554907041312,0.8978913503015313,0.7892753912353182,0.6696772264767463,0.5361539522220437,0.3781999006384666,nan,nan,nan,nan,nan,nan,0.33557245357528304
26880.0,1.382439961241325,1.3760838717618762,1.357075114214224,1.3255897125755263,1.2819123124856127,1.2264217725357938,1.1595674597497,1.081831491117565,0.9936676378808168,0.8953926114288064,0.7869761623373819,0.6675779461302244,0.5342308449552527,0.3763236639400689,nan,nan,nan,nan,nan,nan,0.3346965690494178
26940.0,1.3789883254324822,1.3726448452534104,1.3536738324433923,1.3222510508938325,1.2786606763284394,1.2232808339031285,1.156559814315076,1.0789781833760237,0.9909874876249085,0.8929011775135209,0.7846837491619675,0.6654848584241799,0.5323130213045635,0.3744501392307442,nan,nan,nan,nan,nan,nan,0.33382297662988536
27000.0,1.3755454125518038,1.3692145322251914,1.3502812342495607,1.3189210179156878,1.2754175820258746,1.2201483093610173,1.1535604040829464,1.0761328703966215,0.9883150183552706,0.89041702628614,0.7823981302461521,0.6633979441757384,0.5304004640846338,0.3725792937550993,nan,nan,nan,nan,nan,nan,0.3329516742225487
27060.0,1.3721117327980958,1.3657953518995198,1.346905430226901,1.3156170931301712,1.2722133891956746,1.2170707359939104,1.1506350028115062,1.0733834041255428,0.9857628796434937,0.888080435763614,0.7802907438375588,0.6615256443421873,0.5287516237240241,0.37106502654467804,nan,nan,nan,nan,nan,nan,0.33207740432725447
27120.0,1.3686877906445964,1.3623858868137555,1.3435392730260542,1.312322696850189,1.2690185507944136,1.2140022799889376,1.1477184110490204,1.0706423614375793,0.9832186942029669,0.8857512405688747,0.7781901104678826,0.6596593643937514,0.5271078648112779,0.3695510715474715,nan,nan,nan,nan,nan,nan,0.3312017959078684
27180.0,1.36527356835052,1.3589861189490466,1.3401827438265927,1.3090378090218564,1.2658330452381248,1.210942918099605,1.1448106039495984,1.0679097162104871,0.9806824353192848,0.8834294145161232,0.7760962059140621,0.657799079214286,0.5254689772785658,0.3680383611947846,nan,nan,nan,nan,nan,nan,0.3303265152894439
27240.0,1.3618690480373836,1.3555960301554748,1.3368358236958167,1.3057624095072553,1.2626568508936988,1.2078926270715074,1.1419115567107923,1.065185442431306,0.9781540764616259,0.881114931654253,0.7740090058229057,0.6559447496019805,0.523834783333774,0.3665273661182504,nan,nan,nan,nan,nan,nan,0.32945214081732166
27300.0,1.358474211673719,1.352215602136649,1.3334984935731127,1.3024964780686583,1.2594899460635103,1.204851383628147,1.139021244560876,1.0624695141837455,0.9756335912667524,0.8788077662114024,0.7719284844941259,0.6540963224923695,0.5222051813759065,0.36501836498699386,nan,nan,nan,nan,nan,nan,0.3285789987188549
27360.0,1.3550890410790573,1.3488448164534979,1.3301707342732294,1.2992399943712771,1.2563323089879423,1.2018191644737297,1.1361396427618722,1.0597619056498289,0.9731209535320517,0.8765078924418717,0.7698546135565757,0.6522537401999227,0.5205801180186994,0.36351154254801693,nan,nan,nan,nan,nan,nan,0.3277073032458437
27420.0,1.351713517927676,1.3454836545278432,1.3268525264894246,1.2959929379859316,1.253183917847892,1.1987959462958835,1.1332667266122614,1.0570625911105704,0.9706161371944382,0.8742152843526332,0.7677873617193625,0.6504169471613694,0.5189595670357484,0.36200702852725064,nan,nan,nan,nan,nan,nan,0.3268372066050193
27480.0,1.3483476237525776,1.3421320976462006,1.3235438507968236,1.29275528839198,1.2500447507675319,1.1957817057685438,1.1304024714495866,1.0543715449440416,0.9681191162793839,0.8719299154045237,0.7657266954818795,0.6485858931319753,0.5173435161653269,0.3605049195389057,nan,nan,nan,nan,nan,nan,0.32596882482316863
27540.0,1.3449913399488462,1.3387901269630074,1.3202446876553287,1.2895270249798931,1.2469147858167642,1.1927764195544501,1.1275468526522272,1.051688741618709,0.9656298648310961,0.8696517583673595,0.7636725800865827,0.646760533621962,0.5157319613590711,0.35900524954674057,nan,nan,nan,nan,nan,nan,0.32510224754324035
27600.0,1.34164464777735,1.3354577235041827,1.3169550174128344,1.2863081270541445,1.2437940010139723,1.1897800643077951,1.1246998456403554,1.0490141556791226,0.9631483568296425,0.8673807853013342,0.7616249804372199,0.6449408296413495,0.5141249026846961,0.3575080568804238,nan,nan,nan,nan,nan,nan,0.32423754668239024
27660.0,1.3383075283681707,1.3321348681704397,1.3136748203082629,1.283098573835964,1.2406823743286293,1.186792616676541,1.1218614258752084,1.0463477617254477,0.960674566123803,0.8651169676490018,0.7595838617701843,0.6431267470323232,0.5125223420488465,0.3560133847674652,nan,nan,nan,nan,nan,nan,0.323374781281254
27720.0,1.3349799627243806,1.3288215417409468,1.3104040764749372,1.279898344466427,1.2375798836841767,1.1838140533045283,1.119031568855572,1.0436895343852264,0.9582084663836172,0.8628602764172494,0.7575491901480786,0.6413182555645122,0.5109242819544378,0.3545212657025658,nan,nan,nan,nan,nan,nan,0.322514000721196
27780.0,1.3316619317248442,1.3255177248760535,1.3071427659431358,1.2767074180088223,1.2344865069601756,1.180844350832538,1.116210250112675,1.0410394482910514,0.9557500310924538,0.8606106823390538,0.7555209410894393,0.639515328323959,0.5093307250953103,0.35303172416352413,nan,nan,nan,nan,nan,nan,0.3216552462058655
27840.0,1.3283534161275252,1.3222233981205131,1.3038908686431023,1.273525773451438,1.2314022219947118,1.1778834858988763,1.1133974452027724,1.0383974780580791,0.9532992335547046,0.8583681560412304,0.7534990764516333,0.6377179411120582,0.5077416738416635,0.3515447783170356,nan,nan,nan,nan,nan,nan,0.3207985525734395
27900.0,1.3250543965729904,1.3189385419069013,1.3006483644082636,1.2703533897105008,1.2283270065867602,1.174931435139163,1.1105931296980962,1.035763598265098,0.9508560469200219,0.8561326682063886,0.7514835596904329,0.6359260718706945,0.5061571298995967,0.3500604414080376,nan,nan,nan,nan,nan,nan,0.31994394974690876
27960.0,1.3217648535876836,1.3156631365588203,1.2974152329782498,1.267190245632918,1.2252608384981076,1.171988175185038,1.1077972791774828,1.0331377834439437,0.9484204442235846,0.8539041896996963,0.7494743614538418,0.6341397002481481,0.5045770942036998,0.3485787226123796,nan,nan,nan,nan,nan,nan,0.31909146361495017
28020.0,1.31848476758699,1.312397162293908,1.2941914540017407,1.2640363199987896,1.2222036954547886,1.1690536826620535,1.1050098692180519,1.0305200080770263,0.9459923984321916,0.8516826916592849,0.7474714535345329,0.6323588072806657,0.5030015669101193,0.34709962759445223,nan,nan,nan,nan,nan,nan,0.31824111660522497
28080.0,1.3152141188791544,1.3091405992276735,1.2909770070400652,1.2608915915244359,1.2191555551483377,1.1661279341862947,1.102230875386683,1.0279102466022678,0.9435718825031517,0.8494681455769815,0.7454748087668157,0.6305833750702206,0.5014305474214069,0.34562315910247265,nan,nan,nan,nan,nan,nan,0.3173929282923418
28140.0,1.3119528876653688,1.3058934273735978,1.287771871567318,1.2577560388624927,1.2161163952357792,1.1632109063643117,1.099460273240663,1.0253084734152993,0.9411588693856121,0.8472605232960604,0.7434844010311997,0.6288133867907062,0.4998640343474362,0.3441493169387067,nan,nan,nan,nan,nan,nan,0.31654691537654556
28200.0,1.3087010540468662,1.3026556266500704,1.284576026976772,1.2546296406069881,1.2130861933409784,1.160302575786672,1.0966980383168188,1.0227146628879524,0.9387533321182331,0.845059797110754,0.7415002050630932,0.6270488262050552,0.49830202557841746,0.3426780633965763,nan,nan,nan,nan,nan,nan,0.3157030926890408
28260.0,1.3054585980241828,1.2994271768796644,1.2813894525801552,1.251512375292537,1.2100649270539758,1.1574029190291368,1.0939441461371922,1.020128789372842,0.9363552438112586,0.8428659397292129,0.7395221964821652,0.6252896777823074,0.4967445182544271,0.34120937670020424,nan,nan,nan,nan,nan,nan,0.3148614729384902
28320.0,1.3022254995019429,1.296208057793814,1.2782121276119494,1.2484042213976503,1.207052573931725,1.1545119126485384,1.0911985722032778,1.0175508272181657,0.9339645777103766,0.8406789243306476,0.7375503516605221,0.6235359263962346,0.495191508825701,0.3397432507913962,nan,nan,nan,nan,nan,nan,0.31402206732805876
28380.0,1.29900173829392,1.2929982490377092,1.2750440312336142,1.2453051573472278,1.2040491114973726,1.1516295331800002,1.0884612920015448,1.0149807507977795,0.9315813072389065,0.8384987245466992,0.7355846475924004,0.6217875572053928,0.4936429931523084,0.3382796773976402,nan,nan,nan,nan,nan,nan,0.3131848858227737
28440.0,1.2957872941211817,1.289797730168471,1.2718851425318807,1.242215161511257,1.2010545172403204,1.1487557571397147,1.0857322810068364,1.0124185345042216,0.9292054059711121,0.8363253144448999,0.7336250619537829,0.6200445557594536,0.49209896645023443,0.3368186466563934,nan,nan,nan,nan,nan,nan,0.3123499369024976
28500.0,1.2925821466186254,1.2866064806614639,1.26873544052421,1.2391342122082254,1.1980687686159377,1.1458905610217434,1.08301151468678,1.0098641527814214,0.9268368476897499,0.8341586685274957,0.7316715729369865,0.618306907787753,0.4905594234119963,0.3353601475892036,nan,nan,nan,nan,nan,nan,0.3115172280355816
28560.0,1.2893862753395713,1.2834244799145933,1.2655949041620678,1.2360622877065357,1.1950918430455422,1.1430339213010163,1.08029896851575,1.0073175801484837,0.9244756063926208,0.8319987616860126,0.7297241591743026,0.6165745991772675,0.4890243582739432,0.33390416820665036,nan,nan,nan,nan,nan,nan,0.3106867657827905
28620.0,1.286199659745642,1.2802517072387234,1.2624635123232646,1.2329993662207341,1.192123717917231,1.1401858144324855,1.0775946179546412,1.0047787911481758,0.9221216562506457,0.8298455692710683,0.7277827999463247,0.6148476161059553,0.4874937646072187,0.33245069508101266,nan,nan,nan,nan,nan,nan,0.30985855537651463
28680.0,1.283022279230655,1.2770881418802562,1.2593412438299847,1.2299454259208966,1.1891643705859678,1.1373462168565527,1.0748984384993165,1.0022477604625197,0.919774971704064,0.8276990669462587,0.725847474707586,0.6131259446828521,0.4859676357527547,0.3309997121788633,nan,nan,nan,nan,nan,nan,0.309032601765225
28740.0,1.279854113095843,1.2739337629977636,1.2562280774302526,1.2269004449230536,1.1862137783732405,1.1345151049925652,1.0722104056303128,0.9997244627969685,0.9174355273706363,0.8255592308421348,0.7239181635669817,0.6114095713054286,0.4844459643590297,0.3295511658343249,nan,nan,nan,nan,nan,nan,0.308208908525369
28800.0,1.276695140580393,1.270788549690677,1.253123991820497,1.2238644013011588,1.1832719185697544,1.1316924552522816,1.0695304948793651,0.997208873016775,0.9151032981403804,0.8234260373608641,0.7219948467255519,0.6096984822449987,0.4829287429147361,0.32810503179348527,nan,nan,nan,nan,nan,nan,0.3073874791348823
28860.0,1.2735451809436449,1.2676517228781186,1.250026424061945,1.2208317954019954,1.1803292533980714,1.1288636554761011,1.0668380540957734,0.9946733950259817,0.9127428618410711,0.8212552914135423,0.7200233306020579,0.6079263729320008,0.4813325481145944,0.32654112574184097,nan,nan,nan,nan,nan,nan,0.3065699792909718
28920.0,1.2704040550730162,1.2645237056027208,1.246937592455955,1.2178078010828872,1.177395020847846,1.1260430507711736,1.064153507265814,0.9921454412910776,0.9103895065427519,0.8190911076467455,0.7180577828829378,0.606159571033982,0.479740852321493,0.32498038027547665,nan,nan,nan,nan,nan,nan,0.3057558911933391
28980.0,1.2672717447664157,1.2614044795164447,1.2438574782300855,1.2147923989051481,1.1744692006248245,1.1232306198694335,1.0614768321547032,0.9896249892821044,0.9080432093741608,0.816933464663502,0.7160981855398909,0.6043980650963752,0.4781537179841071,0.3234223281595705,nan,nan,nan,nan,nan,nan,0.3049446869676811
29040.0,1.264148231701765,1.2582940261543867,1.2407860625037963,1.2117855693351778,1.1715517723576576,1.1204263414531515,1.0588080065263843,0.9871120162352716,0.9057039476435027,0.8147823413162021,0.7141445208689228,0.6026418485776225,0.4765711874496149,0.3218667677697623,nan,nan,nan,nan,nan,nan,0.30413618364738115
29100.0,1.2610334974800306,1.2551923269775138,1.2377233263303762,1.2087872927853927,1.1686427156381507,1.1176301941951188,1.0561470081833488,0.984606498563775,0.9033716988657414,0.8126377167317669,0.7121967718799131,0.6008909195218484,0.4749932747421177,0.3203135346523133,nan,nan,nan,nan,nan,nan,0.3033302791378286
29160.0,1.2579275236270508,1.252099363374381,1.234669250698446,1.205797549615735,1.1657420100234805,1.1148421567623419,1.053493814971383,0.982108413646973,0.9010464407590548,0.810499570342528,0.7102549227226361,0.5991452770833605,0.4734199784778875,0.3187625059529579,nan,nan,nan,nan,nan,nan,0.30252690485751527
29220.0,1.2548302915958138,1.2490151166633139,1.2316238165339624,1.202816320135735,1.1628496350389184,1.1120622078199625,1.0508484047839652,0.9796177389838252,0.8987281512455086,0.808367881960152,0.7083189587087875,0.5974049193167866,0.4718512893311412,0.3172136039071294,nan,nan,nan,nan,nan,nan,0.30172601130153215
29280.0,1.25174178276774,1.245939568093651,1.2285870047014231,1.1998435846059288,1.159965570179969,1.1092903260345206,1.0482107555660414,0.9771344521954458,0.8964168084601163,0.8062426318411967,0.7063888660624886,0.5956698425402024,0.4702871932518269,0.3156667621086461,nan,nan,nan,nan,nan,nan,0.30092756133869986
29340.0,1.2486619784543638,1.242872698847377,1.2255587960054655,1.1968793232397121,1.1570897949150338,1.1065264900777265,1.0455808453180786,0.9746585310283858,0.894112390766822,0.80412380073127,0.7044646315714038,0.5939400410560917,0.46872767410985444,0.31412191749965007,nan,nan,nan,nan,nan,nan,0.30013152505269036
29400.0,1.2455908598990517,1.239814490040812,1.222539171192567,1.1939235162053314,1.1542222886881355,1.1037706786300685,1.0429586520997836,0.9721899533592531,0.8918148767779605,0.8020113698567767,0.7025462422647576,0.5922155073097994,0.4671727149025388,0.3125789722487934,nan,nan,nan,nan,nan,nan,0.2993378774686867
29460.0,1.2425284082788566,1.2367649227264623,1.2195281109529716,1.1909761436281818,1.1513630309219711,1.1010228703846172,1.040344154034223,0.9697286972022086,0.8895242453708501,0.7999053208600916,0.7006336851677997,0.5904962323052725,0.46562229807155137,0.31103786360423913,nan,nan,nan,nan,nan,nan,0.2985465974881343
29520.0,1.2394746047053846,1.2337239778938982,1.2165255959216426,1.1880371855919756,1.148512001019456,1.0982830440489773,1.037737329310319,0.9672747407136295,0.8872404756899073,0.7978056357605845,0.6987269472379322,0.5887822057290303,0.4640764056970781,0.30949854223743556,nan,nan,nan,nan,nan,nan,0.2977576673356972
29580.0,1.2364294302268444,1.2306916364718177,1.213531606680462,1.1851066221413746,1.1456691783671276,1.0955511783494651,1.0351381561880084,0.9648280622010506,0.8849635471485318,0.7957122968701638,0.6968260152235727,0.5870734162681085,0.4625350198609967,0.3079609521893561,nan,nan,nan,nan,nan,nan,0.29697107137719064
29640.0,1.233392865829821,1.227667879329855,1.2105461237601935,1.1821844332843512,1.1428345423381137,1.0928272520347786,1.0325466130032375,0.9623886401294021,0.8826934394177306,0.7936252867251562,0.6949308756184186,0.5853698518060597,0.4609981228165218,0.3064250094789278,nan,nan,nan,nan,nan,nan,0.2961867955533893
29700.0,1.230364892440359,1.2246526872796968,1.2075691276417309,1.1792705989936891,1.1400080722940118,1.0901112438783986,1.0299626781712412,0.9599564531230008,0.8804301324139059,0.7915445880507546,0.6930415146613161,0.5836714995247148,0.45946569697489925,0.3048906644394706,nan,nan,nan,nan,nan,nan,0.29540482727483447
29760.0,1.2273454909260446,1.2216460410772123,1.2046005987584232,1.1763650992097614,1.1371897475883412,1.0874031326828901,1.0273863301920623,0.9575314799697147,0.8781736062808893,0.789470183691638,0.691157918309597,0.5819783461194342,0.45793770365570696,0.3033578652135841,nan,nan,nan,nan,nan,nan,0.29462515490278807
29820.0,1.2243346420980254,1.2186479214245467,1.201640517498412,1.1734679138432842,1.1343795475698881,1.084702897284123,1.0248175476553214,0.9551136996183264,0.8759238413600682,0.7874020565722535,0.6892800722882024,0.5802903779040058,0.4564140830523896,0.3018265344353328,nan,nan,nan,nan,nan,nan,0.29384776772925053
29880.0,1.2213323267131002,1.2156583089722863,1.198688864207031,1.1705790227781383,1.1315774515861523,1.0820105165554823,1.0222563092434132,0.9527030911724451,0.8736808181660036,0.7853401896725009,0.687407962116764,0.5786075808871837,0.4548948214175978,0.30029662293499304,nan,nan,nan,nan,nan,nan,0.2930726557872356
29940.0,1.2183385254710835,1.2126771843167483,1.1957456191838585,1.1676984058680007,1.1287834389793914,1.0793259694030641,1.0197025937269466,0.9502996338963566,0.8714445174214385,0.7832845660685828,0.685541573053986,0.5769299936883787,0.45337990146761836,0.2987680636053873,nan,nan,nan,nan,nan,nan,0.29229981004948885
30000.0,1.2153532190239646,1.2097045280094236,1.192810762693087,1.1648260429483932,1.1259974891010633,1.0766492347827379,1.0171563799784853,0.9479033071940243,0.8692149199502477,0.781235168800814,0.6836808902332634,0.5752575472360859,0.45186930605311687,0.2972407969946453,nan,nan,nan,nan,nan,nan,0.2915292216579363
30060.0,1.212376387969116,1.206740320549994,1.1898842749559044,1.1619619138278965,1.123219581301332,1.073980291687442,1.0146176469612507,0.9455140906233286,0.86699200676012,0.7791919809805434,0.6818258985565374,0.5735902073056237,0.4503630182488917,0.29571475815607284,nan,nan,nan,nan,nan,nan,0.2907608825810879
30120.0,1.2094080128600753,1.2037845423974494,1.1869661361626909,1.1591059983022742,1.1204496949458562,1.0713191191660594,1.0120863737408556,0.9431319638659766,0.8647757589270045,0.7771549856657023,0.6799765828444897,0.5719279590688017,0.44886102125696575,0.29418988612853647,nan,nan,nan,nan,nan,nan,0.28999478477302154
30180.0,1.2064480742004728,1.2008371739638417,1.1840563264662025,1.1562582761465947,1.117687809406226,1.0686656963116672,1.0095625394756054,0.9407569067422427,0.8625661576685443,0.7751241659503848,0.6781329277444439,0.5702707874720883,0.44736329846318335,0.29266611461224923,nan,nan,nan,nan,nan,nan,0.28923092078258317
30240.0,1.203496552451704,1.1978981956222043,1.1811548259902642,1.1534187271252807,1.1149339040717903,1.0660200022741018,1.007046123421859,0.9383888991862386,0.860363184268635,0.7730995048966702,0.6762949178334248,0.568618677487601,0.4458698333708362,0.29114337845291777,nan,nan,nan,nan,nan,nan,0.2884692832442138
30300.0,1.2005534280317547,1.1949675877053436,1.1782616148284364,1.1505873309904104,1.1121879583468868,1.0633820162546965,1.004537104926958,0.9360279212480344,0.8581668201082783,0.7710809855782407,0.6744625375832792,0.5669716139840297,0.4443806096230595,0.28962161126378194,nan,nan,nan,nan,nan,nan,0.28770986514561253
30360.0,1.1976186813165735,1.192045330507269,1.175376673045633,1.1477640674837344,1.109449951653652,1.06075171751029,1.0020354634327884,0.9336739530891297,0.8559770466434808,0.7690685910557946,0.6726357713870503,0.5653295818047667,0.4428956109883142,0.2881007455054161,nan,nan,nan,nan,nan,nan,0.28695265967502054
30420.0,1.1946922926524441,1.189131404295908,1.172499980691744,1.1449489163510653,1.106719863444586,1.058129085356203,0.999541178457565,0.9313269749418673,0.8537938453731777,0.767062304402317,0.6708146036364848,0.563692565802111,0.441414821298057,0.28658071204301777,nan,nan,nan,nan,nan,nan,0.2861976601206188
30480.0,1.1917742423343298,1.1862257892908665,1.1696315177778256,1.142141857317008,1.1039976731798429,1.055514099158842,0.9970542296247588,0.9289869671821043,0.8516171979078399,0.7650621086709908,0.6689990185678255,0.5620605507365074,0.4399382245796704,nan,nan,nan,nan,nan,nan,nan,0.2854448601294232
30540.0,1.1888645106191027,1.1833284656770295,1.1667712642907144,1.1393428701005746,1.1012833603414984,1.0529067383409736,0.9945745966463815,0.9266539102847902,0.8494470859247424,0.7630679869104271,0.667189000356882,0.5604335213477784,0.4384658049795494,nan,nan,nan,nan,nan,nan,nan,0.2846942535385517
30600.0,1.1859630777447696,1.1804394136243102,1.1639192002141403,1.1365519344374515,1.0985769044532658,1.050306982387982,0.9921022592985405,0.9243277847626913,0.847283491107359,0.761079922184513,0.6653845332502492,0.5588114624611007,0.4369975466535071,nan,nan,nan,nan,nan,nan,nan,0.2839458341133807
30660.0,1.1830702204075272,1.177560038849212,1.1610800976795375,1.1337793660816835,1.0958962479714427,1.0477423665267351,0.989676189040772,0.9220607445331184,0.8451934850901905,0.7591818391516278,0.6636890140349594,0.5573218748601189,0.43569697050928835,nan,nan,nan,nan,nan,nan,nan,0.28319642570043274
30720.0,1.1801862118148847,1.1746894774920111,1.1582497024782996,1.1310153280081163,1.0932238737695315,1.0451857147654773,0.9872576967953393,0.9198008328004565,0.8431101020220314,0.7572898258319205,0.6619989709663321,0.5558371233974727,0.4344003949453427,nan,nan,nan,nan,nan,nan,nan,0.2824470220089892
30780.0,1.177311026855612,1.171827704422685,1.1554279894430286,1.1282597950510758,1.0905597568186738,1.0426370024725418,0.9848467587127978,0.9175480269484433,0.8410333209078613,0.7554038630241466,0.6603143865097298,0.5543571881473246,0.4331076450058877,nan,nan,nan,nan,nan,nan,nan,0.2816986263768726
30840.0,1.1744446404388098,1.16897469453513,1.152614933441027,1.1255127420972517,1.0879038721650756,1.0400962051139668,0.9824433510547895,0.9153023044655093,0.8389631208279515,0.7535239315613299,0.6586352428695087,0.5528820383801404,0.43181861521151144,nan,nan,nan,nan,nan,nan,nan,0.280951583691041
30900.0,1.171587027478552,1.1661304227318783,1.1498105093591824,1.1227741440706538,1.0852561949146784,1.0375632982374414,0.9800474501772433,0.9130636429284652,0.8368994809242468,0.7516500122784548,0.6569615211804051,0.5514116351717555,0.4305332590349003,nan,nan,nan,nan,nan,nan,nan,0.28020608484427284
30960.0,1.1687381628959677,1.1632948639261615,1.1470146921059212,1.1200439759341743,1.0826167002338374,1.0350382574715127,0.9776590325280194,0.9108320199995901,0.8348423803964313,0.7497820859220324,0.655293200736475,0.5499459386843426,0.4292515577402735,nan,nan,nan,nan,nan,nan,nan,0.27946225518027373
31020.0,1.1658980216213177,1.1604679930439605,1.1442274566130948,1.117322212691038,1.0799853633498389,1.032521058524698,0.9752780746446186,0.9086074134236677,0.8327917984896482,0.747920132988314,0.6536302590142609,0.5484849121221139,0.4279735050432764,nan,nan,nan,nan,nan,nan,nan,0.2787201828787355
31080.0,1.163066578595914,1.157649785025879,1.1414487778376963,1.114608829386063,1.0773621595512934,1.0300116771846217,0.9729045531521018,0.9063898010243681,0.8307477144687095,0.7460641335782833,0.6519726722155342,0.5470285227701449,0.4266991008644355,nan,nan,nan,nan,nan,nan,nan,0.2779799326363557
31140.0,1.1602438087742504,1.154840214829227,1.138678630763714,1.1119038011069928,1.0747470641884893,1.027510089317009,0.9705384447607106,0.9041791606980145,0.8287101075768268,0.7442140673126455,0.6503204159461697,0.5455767420525761,0.4254283470181574,nan,nan,nan,nan,nan,nan,nan,0.2772415549855762
31200.0,1.1574296871260246,1.1520392574299783,1.1359169904038553,1.1092071029856743,1.0721400526736262,1.02501627086468,0.9681797262632147,0.9019754704032998,0.8266789569905286,0.742369913358524,0.648673465768958,0.5441295448836244,0.42416124587777826,nan,nan,nan,nan,nan,nan,nan,0.27650508994233747
31260.0,1.1546241886378288,1.1492468878243969,1.133163831800951,1.106518710198991,1.0695411004809687,1.0225301978466388,0.965828374532053,0.8997787081495947,0.8246542417896323,0.7405316504998432,0.6470317975262838,0.5426869091026942,0.4228977997980661,nan,nan,nan,nan,nan,nan,nan,0.2757705693258154
31320.0,1.1518272883150482,1.1464630810308654,1.1304191300295157,1.103838597969869,1.0669501831469523,1.0200518463568962,0.9634843665152544,0.8975888519820686,0.8226359409359603,0.7386992572390716,0.6453953875853283,0.5412488149033643,0.4216380106011459,nan,nan,nan,nan,nan,nan,nan,0.27503801894905006
31380.0,1.149038961183866,1.143687812091798,1.1276828601973572,1.1011667415682789,1.064367276270214,1.0175811925629925,0.9611476792310905,0.8954058799658331,0.8206240332651341,0.7368727119117291,0.6437642130024834,0.5398152442987239,0.4203818792522894,nan,nan,nan,nan,nan,nan,nan,0.2743074602829057
31440.0,1.146259182293064,1.140921056075352,1.1249549974469872,1.0985031163120726,1.0617923555115125,1.0151182127042715,0.9588182897619648,0.8932297701726977,0.8186184974960075,0.7350519927923309,0.6421382515648272,0.5383861807241083,0.41912940584498815,nan,nan,nan,nan,nan,nan,nan,0.27357891129403306
31500.0,1.1434879267158826,1.1381627880771874,1.1222355169570424,1.0958476975677716,1.0592253965934708,1.0126628830895246,0.9564961752472128,0.8910605006713777,0.8166193122541806,0.7332370781877955,0.6405174817656264,0.5369616087176474,0.4178805896886737,nan,nan,nan,nan,nan,nan,nan,0.27285238701004094
31560.0,1.1407251695514782,1.1354129832218327,1.1195243939433763,1.093200460751142,1.0566663753002359,1.0102151800947428,0.9541813128773942,0.8888980495234251,0.8146264560949489,0.7314279464937432,0.6389018827736156,0.5355415137213155,0.41663542933429076,nan,nan,nan,nan,nan,nan,nan,0.2721278999441756
31620.0,1.1379708859264732,1.1326716166641415,1.1168216036601992,1.0905613813277268,1.0541152674768963,1.0077750801603689,0.9518736798889559,0.8867423947826851,0.8126399075276836,0.7296245762388249,0.6372914344020135,0.5341258819034379,0.41539392257710167,nan,nan,nan,nan,nan,nan,nan,0.27140546054025527
31680.0,1.1352250509957698,1.1299386635900548,1.114127121400678,1.0879304348131311,1.051572049029188,1.0053425597899022,0.9495732535613917,0.8845935144944008,0.8106596450291801,0.7278269461124386,0.635686117086137,0.5327147000605129,0.4141560664854328,nan,nan,nan,nan,nan,nan,nan,0.27068507734055186
31740.0,1.132487639945985,1.1272140992198012,1.1114409224993902,1.0853075967740589,1.0490366959219357,1.0029175955436278,0.9472800112063937,0.8824513866973027,0.8086856470998987,0.7260350350503263,0.6340859117834726,0.5313079552664189,0.412921857515571,nan,nan,nan,nan,nan,nan,nan,0.2699667577954793
31800.0,1.1297586279958722,1.1244978988082668,1.108762982332513,1.0826928428280933,1.0465091841780576,1.0005001640371367,0.9449939301696646,0.880315989434497,0.806717892271666,0.7242488222045036,0.6324907999381644,0.5299056349449387,0.41169129154160666,nan,nan,nan,nan,nan,nan,nan,0.26925050806858786
31860.0,1.1270379903966645,1.1217900376453143,1.1060932763180717,1.0800861486438145,1.0439894898784694,0.9980902419409038,0.9427149878298497,0.8781873007522981,0.8047563591122616,0.7224682869584305,0.6309007634782047,0.5285077268138224,0.4104643638495584,nan,nan,nan,nan,nan,nan,nan,0.26853633315674436
31920.0,1.1243257024354683,1.1190904910588901,1.1034317799181153,1.0774874899411282,1.0414775891591892,0.9956878059734977,0.9404431615941399,0.8760652987186786,0.8028010262774503,0.7206934089450112,0.6293157846848301,0.527114218719962,0.4092410692922561,nan,nan,nan,nan,nan,nan,nan,0.2678242372621409
31980.0,1.121621739436842,1.1163992344164002,1.100778468639411,1.0748968424906589,1.0389734582251084,0.9932928328998353,0.9381784289033321,0.8739499614386451,0.8008518729814371,0.718924168020149,0.6277358461490923,0.5257250986402793,0.408021402326007,nan,nan,nan,nan,nan,nan,nan,0.2671142238421081
32040.0,1.1189260767578981,1.1137162431203254,1.0981333180307475,1.0723141821142974,1.0364770733551745,0.9909052995390247,0.9359207672287736,0.8718412670191574,0.7989088787946089,0.7171605442863889,0.6261609309392345,0.524340354804792,0.4068053568037377,nan,nan,nan,nan,nan,nan,nan,0.2664062952269072
32100.0,1.1162386897998928,1.1110414926185657,1.0954963036892273,1.0697394846838537,1.0339884107879025,0.9885251827471145,0.9336701540796276,0.8697391936474371,0.7969720210103773,0.7154025180555077,0.6245910222189248,0.5229599753502564,0.4055929264319494,nan,nan,nan,nan,nan,nan,nan,0.26570045361820327
32160.0,1.1135595539966923,1.1083749583941678,1.0928674012540824,1.0671727261225203,1.0315074468746213,0.9861524594336981,0.9314265669947687,0.8676437195139525,0.7950412786411774,0.7136500698882051,0.6230261036208103,0.5215839486581602,0.40438410430879923,nan,nan,nan,nan,nan,nan,nan,0.2649967000805691
32220.0,1.1108886448296889,1.105716615978459,1.0902465864140949,1.0646138824020526,1.0290341580093358,0.9837871065442975,0.9291899835608008,0.8655548229125661,0.7931166308820885,0.7119031805234606,0.6214661587870302,0.5202122629543757,0.4031788834901159,nan,nan,nan,nan,nan,nan,nan,0.2642950357783138
32280.0,1.1082259378147152,1.103066440939577,1.0876338349012844,1.0620629295455544,1.02656852064223,0.9814291010745457,0.9269603813939237,0.8634724821531672,0.7911980570012571,0.7101618309483323,0.6199111717629822,0.518844906639837,0.401977256490553,nan,nan,nan,nan,nan,nan,nan,0.2635954609102566
32340.0,1.1055714085160846,1.1004244088945438,1.0850291224968536,1.0595198436233302,1.0241105112656401,0.9790784200604438,0.9247377381691698,0.8613966756562712,0.7892855364329315,0.7084260022925344,0.618361126597117,0.5174818680015147,0.4007792157933705,nan,nan,nan,nan,nan,nan,nan,0.26289797572643564
32400.0,1.1029250325348656,1.0977904954993036,1.0824324250266448,1.0569846007569175,1.0216601064254922,0.9767350405837639,0.9225220315913866,0.8593273818744054,0.7873790487133435,0.7066956759327078,0.6168160076621212,0.5161231354127719,0.39958475342753547,nan,nan,nan,nan,nan,nan,nan,0.26220257974119865
32460.0,1.1002866494933983,1.0951640124172892,1.0798414795955997,1.054452343960324,1.019208877539944,0.9743860362398502,0.9202949630266664,0.8572400918025415,0.7854470277622603,0.7049312551477576,0.6152268217321333,0.5147077943535555,0.39831427945978387,nan,nan,nan,nan,nan,nan,nan,0.2615107799812903
32520.0,1.097656100674731,1.0925453327526427,1.0772582453752653,1.0519276454105062,1.0167649942762016,0.9720441067780008,0.9180746422564685,0.8551591680101296,0.7835209392319523,0.7031722850097014,0.6136425580180703,0.513296790125006,0.39704743620612803,nan,nan,nan,nan,nan,nan,nan,0.26082209550546587
32580.0,1.095033364278256,1.0899344347415796,1.0746827007157587,1.0494104836551985,1.0143284354648985,0.9697092313902322,0.9158610489163836,0.8530845907265943,0.7816007642961682,0.7014187483166995,0.612063201894974,0.5118901134124209,0.39578429676001586,nan,nan,nan,nan,nan,nan,nan,0.2601360449496577
32640.0,1.0924184185254078,1.087331296643118,1.072114823991708,1.0469008372679962,1.011899179962926,0.967381389296776,0.9136541626809775,0.8510163402482837,0.7796864842378769,0.6996706280056398,0.6104887389776201,0.5104877601242775,0.39452489263903645,nan,nan,nan,nan,nan,nan,nan,0.25945246005147665
32700.0,1.0898112416686936,1.084735896747967,1.069554593610772,1.0443986848565048,1.0094772066615627,0.9650605597547978,0.9114539632732446,0.8489543969471643,0.7777780804540223,0.6979279071610962,0.6089191554807919,0.5090897300143481,0.39326922606334913,nan,nan,nan,nan,nan,nan,nan,0.2587712457436494
32760.0,1.0872118119923668,1.0821482133791147,1.0670019880140411,1.0419040050626538,1.0070624944871391,0.9627467220600318,0.9092604304673144,0.8468987412732067,0.7758755344557157,0.696190569048805,0.60735443857369,0.5076960230999169,0.3920172865619883,nan,nan,nan,nan,nan,nan,nan,0.2580923388769504
32820.0,1.0846201078124071,1.0795682248917178,1.0644569856757469,1.0394167765623754,1.0046550224011301,0.9604398555477633,0.9070735440900918,0.8448493537550438,0.7739788278696815,0.6944585971819559,0.6057945763641095,0.5063066376813165,0.39076905876340684,nan,nan,nan,nan,nan,nan,nan,0.25741569273445647
32880.0,1.0820361074768028,1.0769959096733268,1.0619195651033695,1.0369369780657345,1.0022547694006803,0.958139939594123,0.904893284023091,0.8428062150014886,0.7720879424471471,0.6927319753842007,0.6042395576099525,0.5049215700509294,0.389524524918493,nan,nan,nan,nan,nan,nan,nan,0.2567412715601274
32940.0,1.079459789365844,1.0744312461441319,1.059389704837806,1.034464588317161,0.9998617145192127,0.9558469536173435,0.9027196302041407,0.8407693057037889,0.7702028600775366,0.6910106878151147,0.6026893714427386,0.5035408145652475,0.3882836663397422,nan,nan,nan,nan,nan,nan,nan,0.25606904698360095
33000.0,1.0768911318923757,1.071874212757168,1.0568673834535132,1.0319995860956874,0.9974758368271154,0.9535608770791512,0.9005525626292689,0.8387386066391419,0.7683235628055556,0.68929471896735,0.6011440070908205,0.5021643638699238,0.38704646441412327,nan,nan,nan,nan,nan,nan,nan,0.2553989952182412
33060.0,1.0743301135019847,1.0693247879984717,1.0543525795586277,1.0295419502152048,0.9950971154324179,0.9512816894860407,0.8983920613545633,0.836714098675545,0.7664500328455913,0.6875840536275359,0.5996034536893421,0.5007922092442009,0.3858129008618708,nan,nan,nan,nan,nan,nan,nan,0.25473109581010833
33120.0,1.0717767126731879,1.0667829503872495,1.0518452717951492,1.0270916595248247,0.9927255294815964,0.949009370390672,0.8962381064985503,0.834695762778376,0.7645822525885607,0.6858786768111909,0.5980677001741095,0.49942434095656996,0.384582957702665,nan,nan,nan,nan,nan,nan,nan,0.2540653309913467
33180.0,1.069230907917542,1.0642486784759901,1.049345438839071,1.024648692909127,0.990361058160068,0.9467438993927347,0.8940906782439003,0.8326835800142953,0.762720204600431,0.6841785737264019,0.5965367352550675,0.4980607483952984,0.3833566173097883,nan,nan,nan,nan,nan,nan,nan,0.25340168530712737
33240.0,1.0666926777798897,1.0617219508507028,1.046853059400678,1.0222130292887126,0.9880036806932849,0.944485256140883,0.8919497568412055,0.8306775315579777,0.7608638716142537,0.6824837297043913,0.5950105473760261,0.4967014203275524,0.38213386248806525,nan,nan,nan,nan,nan,nan,nan,0.2527401448035837
33300.0,1.064162000838389,1.0592027461309559,1.04436811222461,1.0197846476203225,0.9856533763469428,0.9422334203331596,0.8898153226097727,0.828677598691694,0.7590132365251647,0.6807941301970408,0.5934891247241626,0.4953463448982419,0.38091467646104366,nan,nan,nan,nan,nan,nan,nan,0.2520806971121357
33360.0,1.061638855704835,1.0566910429702043,1.0418905760902843,1.0173635268976111,0.9833101244284709,0.9399883717196507,0.8876873559426044,0.8266837628121639,0.7571682823751027,0.6791097606921491,0.5919724552057621,0.49399550994745706,0.37969904286824296,nan,nan,nan,nan,nan,nan,nan,0.25142333061708577
33420.0,1.059123221024812,1.0541868200559712,1.0394204298121832,1.0149496461516414,0.9809739042878914,0.9377500901041134,0.8855658373088828,0.8246960054281951,0.7553289923337008,0.6774306067007012,0.590460526492294,0.49264890303738945,0.3784869456879443,nan,nan,nan,nan,nan,nan,nan,0.2507680345283323
33480.0,1.0566150754778274,1.0516900561100062,1.0369576522400907,1.0125429844512912,0.9786446953185508,0.9355185553452331,0.8834507472550616,0.822714308157724,0.7534953496877561,0.6757566537504616,0.5889533260412665,0.49130651147608323,0.3772783692183876,nan,nan,nan,nan,nan,nan,nan,0.2501147988586279
33540.0,1.0541143977775744,1.0492007298885795,1.0345022222595217,1.0101435209039864,0.976322476958418,0.9332937473587333,0.8813420664070327,0.8207386527252535,0.7516673378242515,0.6740878873609173,0.5874508411206165,0.48996832241209576,0.3760732980433553,nan,nan,nan,nan,nan,nan,nan,0.24946361420446708
33600.0,1.0516211666720994,1.0467188201826787,1.0320541187920118,1.0077512346561983,0.9740072286909568,0.9310756461187657,0.8792397754710831,0.818769020958165,0.7498449402186129,0.6724242930374301,0.5859530588330795,0.4886343228578741,0.3748717170091273,nan,nan,nan,nan,nan,nan,nan,0.2488144717105813
33660.0,1.049135360943772,1.044244305817974,1.029613320795067,1.0053661048933384,0.9716989300448791,0.9288642316571244,0.8771438552322498,0.8168053947871625,0.7480281404436018,0.6707658562794636,0.5844599660938751,0.4873044996668709,0.37367361126655513,nan,nan,nan,nan,nan,nan,nan,0.2481673630917506
33720.0,1.0466569594101118,1.0417771656557666,1.0271798072635516,1.0029881108420937,0.9693975605981667,0.9266594840693787,0.8750542865584705,0.8148477562312859,0.7462169221174806,0.6691125625422798,0.5829715497353263,0.48597883970068184,0.37247896613022297,nan,nan,nan,nan,nan,nan,nan,0.24752228026872505
33780.0,1.044185940923207,1.0393173785923258,1.0247535572287112,1.0006172317687563,0.967103099975022,0.9244613835096568,0.8729710503959295,0.8128960874087215,0.7444112689480384,0.6674643972729143,0.5814877964173665,0.4846573296821619,0.3712877672039288,nan,nan,nan,nan,nan,nan,nan,0.24687921571202792
33840.0,1.0417222843711145,1.036864923560493,1.0223345497605127,0.9982534469830817,0.9648155278522581,0.9222699101993208,0.8708941277721368,0.8109503705107148,0.7426111646614376,0.6658213458682192,0.5800086927734839,0.48333995642004585,0.37010000018675876,nan,nan,nan,nan,nan,nan,nan,0.2462381618979329
33900.0,1.0392659686768446,1.0344197795285206,1.0199227639659376,0.9958967358354017,0.9625348239542579,0.920085044419541,0.868823499792206,0.8090105878216359,0.7408165930614702,0.6641833937130698,0.5785342252905117,0.4820267066142409,0.3689156390222095,nan,nan,nan,nan,nan,nan,nan,0.24559911179227262
33960.0,1.0368169728001309,1.0319819255020994,1.0175181789919037,0.9935470777213107,0.9602609680601811,0.9179067665193277,0.8667591476374298,0.8070767216867842,0.7390275379631591,0.6625505261580121,0.577064380452577,0.48071756704851537,0.36773461722748113,nan,nan,nan,nan,nan,nan,nan,0.24496205836316287
34020.0,1.0343752757362248,1.0295513405229744,1.0151207740232435,0.9912044520783132,0.9579939399985548,0.9157350569091809,0.8647010525659847,0.8051487545367115,0.7372439832425821,0.6609227285339491,0.5755991446326457,0.47941252444941407,0.36655692330230927,nan,nan,nan,nan,nan,nan,nan,0.2443269949408188
34080.0,1.031940856517852,1.0271280036711814,1.012730528285865,0.9888688383906303,0.955733719653787,0.913569896066058,0.8626491959059528,0.8032266688551263,0.735465912791099,0.6592999861579132,0.5741385042051226,0.47811156559335516,0.3653825430091023,nan,nan,nan,nan,nan,nan,nan,0.24369391492406053
34140.0,1.029513694213619,1.0247118940632205,1.0103474210441663,0.9865402161852805,0.9534802869609802,0.9114112645299588,0.8606035590623677,0.8013104472053086,0.7336933105475145,0.6576822843197409,0.5726824454601308,0.4768146772443474,0.3642114622968525,nan,nan,nan,nan,nan,nan,nan,0.2430628119687112
34200.0,1.0270937679306837,1.022302990855088,1.007971431605161,0.9842185650378081,0.9512336219122477,0.9092591429055219,0.8585641235035639,0.799400072195913,0.7319261604676424,0.6560696083102568,0.5712309546996013,0.4755218462026623,0.36304366718408726,nan,nan,nan,nan,nan,nan,nan,0.24243367980622585
34260.0,1.0246811821773252,1.0199018951454384,1.0056046424475804,0.9819084093189784,0.9490016139469929,0.9071256640961202,0.8565481012950863,0.7975186465050575,0.7301942933857241,0.6544995003644704,0.5698307306026389,0.4742917170741427,0.3619576086998016,nan,nan,nan,nan,nan,nan,nan,0.2418050723860327
34320.0,1.0222760399983468,1.0175082099958752,1.0032451651668834,0.9796054022329631,0.9467765287627339,0.904998822616711,0.8545383756467358,0.7956431271429704,0.7284679002534655,0.6529344007610377,0.5684350203296197,0.47306556862330224,0.36087476103054184,nan,nan,nan,nan,nan,nan,nan,0.24117744621116932
34380.0,1.0198783183375528,1.015121912421086,1.0008929769952586,0.9773095213918328,0.9445583445426811,0.9028785974527208,0.8525349266125894,0.7937734954928751,0.7267469639492792,0.6513742938448334,0.5670438094445391,0.47184338499648026,0.3597950260781324,nan,nan,nan,nan,nan,nan,nan,0.2405512544671551
34440.0,1.0174879941976522,1.0127429794954899,0.9985480552272448,0.9750207444746453,0.9423470395431934,0.9007649676679532,0.8505377343240957,0.7919097330018036,0.7250314673884635,0.6498191653737767,0.5656570833806163,0.4706251451340744,0.35871835874652025,nan,nan,nan,nan,nan,nan,nan,0.23992665060632762
34500.0,1.0151050446349195,1.0103713883479581,0.9962103772146201,0.9727390492224768,0.9401425920887515,0.8986579123991414,0.8485467789840435,0.7900518211746158,0.7233213935187801,0.6482690017359807,0.5642748270876505,0.4694108246695089,0.35764474208007524,nan,nan,nan,nan,nan,nan,nan,0.23930371741316805
34560.0,1.0127294467597157,1.0080071161623572,0.9938799203669489,0.9704644134388615,0.9379449805719906,0.8965574108552086,0.8465620408649813,0.7881997415723423,0.7216167253194486,0.6467237825680442,0.5628970247110114,0.46820039952487924,0.3565741691153144,nan,nan,nan,nan,nan,nan,nan,0.2386825076298423
34620.0,1.0103611777365276,1.0056501401775848,0.991556662151589,0.9681968149896069,0.9357541834530284,0.8944634423158018,0.8445835003070339,0.7863534758100865,0.7199174457965829,0.6451834920816115,0.5615236596408195,0.466993847549464,0.35550663617478473,nan,nan,nan,nan,nan,nan,nan,0.23806305809196385
34680.0,1.0080002147844735,1.0033004376880803,0.9892405800941748,0.9659362318031319,0.933570179259426,0.8923759861306346,0.8426111377166805,0.7845130055554423,0.7182235379742352,0.6436481143305365,0.560154714772855,0.465791148637943,0.35444214096334836,nan,nan,nan,nan,nan,nan,nan,0.23744539476174314
34740.0,1.005646535177843,1.0009579860443654,0.9869316517791157,0.9636826418707907,0.9313929465860946,0.8902950217187768,0.8406449335654693,0.7826783125261707,0.7165349848804774,0.6421176331817724,0.5587901727817619,0.46459228461312824,0.35338068121037014,nan,nan,nan,nan,nan,nan,nan,0.2368295367058591
34800.0,1.0033001162465833,0.9986227626535166,0.9846298548500036,0.9614360232470589,0.9292224640950262,0.8882205285677234,0.838684868388435,0.7808493784865161,0.7148517695303889,0.6405920323170581,0.5574300163710224,0.46339723893409135,0.3523222540295357,nan,nan,nan,nan,nan,nan,nan,0.23621549863757368
34860.0,1.0009609353767215,0.9962947449795716,0.9823351670099385,0.9591963540496358,0.9270587105149601,0.8861524862324871,0.8367309227824412,0.7790261852422701,0.7131738749116463,0.6390712952684569,0.5560742284328684,0.4622059963250283,0.35126685592055884,nan,nan,nan,nan,nan,nan,nan,0.23560329191969073
34920.0,0.9986289700108927,0.9939739105440304,0.9800475660219086,0.9569636124595329,0.9249016646409638,0.8840908743344802,0.8347830774037588,0.7772087146335256,0.7115012839764102,0.6375554054807375,0.5547227921373201,0.4610185424127928,0.35021448286823453,nan,nan,nan,nan,nan,nan,nan,0.2349929252959618
34980.0,0.9963041976484517,0.9916602369259584,0.9777670297088669,0.95473777672109,0.9227513053343372,0.8820356725612306,0.8328413129672693,0.7753969485331619,0.7098339796435837,0.6360443463205233,0.5533756909316575,0.45983486372060217,0.34916513024954465,nan,nan,nan,nan,nan,nan,nan,0.2343844051005564
35040.0,0.9939865958461442,0.9893537017626174,0.9754935359541904,0.9525188251420473,0.9206076115220347,0.8799868606648396,0.8309056102428781,0.7735908688382908,0.7081719447983125,0.6345381011485262,0.5520329085980972,0.45865494732880974,0.34811879288070813,nan,nan,nan,nan,nan,nan,nan,0.23377773618209144
35100.0,0.9916761422185265,0.9870542827498426,0.9732270627019262,0.9503067360935215,0.9184705621961832,0.8779444184607066,0.828975950052489,0.7717904574664911,0.7065151623021445,0.6330366533543612,0.5506944292426499,0.4574787807533417,0.3470754650603942,nan,nan,nan,nan,nan,nan,nan,0.2331729222406228
35160.0,0.9893728144381342,0.9847619576421944,0.9709675879568725,0.94810148800995,0.9163401364137989,0.8759083258267797,0.827052313268542,0.7699956963556137,0.7048636150002168,0.6315399863665763,0.5493602372772333,0.4563063519125284,0.346035140613197,nan,nan,nan,nan,nan,nan,nan,0.23256996580782296
35220.0,0.9870765902360059,0.982476704253431,0.9687150897848784,0.9459030593890385,0.9142163132961353,0.8738785627018749,0.8251346808105128,0.7682065674601014,0.7032172857324596,0.6300480836947894,0.5480303174108259,0.45513764895890507,0.34499781296012677,nan,nan,nan,nan,nan,nan,nan,0.23196886867403896
35280.0,0.9847874474020487,0.9801985004568219,0.9664695463129842,0.9437114287915811,0.9120990720279418,0.8718551090838853,0.8232230336421364,0.7664230527528081,0.7015761573505831,0.6285609289412403,0.5467046546019685,0.4539726602449339,0.3439634751930687,nan,nan,nan,nan,nan,nan,nan,0.23136963187964454
35340.0,0.9825053637855408,0.9779273241855686,0.9642309357295857,0.9415265748411243,0.9099883918562415,0.8698379450272435,0.8213173527689339,0.764645134229391,0.6999402127351572,0.6270785058107612,0.5453832340186122,0.452811374267354,0.34293212012109603,nan,nan,nan,nan,nan,nan,nan,0.23077225590034023
35400.0,0.9802303172941939,0.975663153432009,0.9619992362840887,0.939348476224475,0.9078842520923158,0.8678270506472678,0.8194176192434851,0.7628727939025028,0.6983094347619884,0.6256007980856781,0.5440660411247791,0.45165377977906035,0.34190374012136604,nan,nan,nan,nan,nan,nan,nan,0.23017674036028907
35460.0,0.9779622858964993,0.9734059662495986,0.9597744262877116,0.9371771116902463,0.9057866321063794,0.8658224061091804,0.8175238141534434,0.7611060138171031,0.696683806381774,0.624127789689283,0.54275306148389,0.4504998654828788,0.34087832748302516,nan,nan,nan,nan,nan,nan,nan,0.22958308482838152
35520.0,0.975701247619458,0.9711557407509928,0.957556484112707,0.9350124600502538,0.9036955113326989,0.8638239916386365,0.8156359186328423,0.7593447760354671,0.6950633105443612,0.6226594646263068,0.5414442809465383,0.4493496203250256,0.3398558740686427,nan,nan,nan,nan,nan,nan,nan,0.22899128802048838
35580.0,0.9734471805515785,0.968912455110524,0.9553453881931496,0.9328545001770748,0.9016108692618194,0.8618317875074346,0.8137539138503985,0.7575890626632998,0.6934479302948748,0.6211958070410755,0.5401396854075399,0.4482030331369848,0.33883637174348347,nan,nan,nan,nan,nan,nan,nan,0.2284013488032748
35640.0,0.9712000628403247,0.9666760875620972,0.9531411170242852,0.9307032110061745,0.8995326854472703,0.8598457740456557,0.8118777810188353,0.7558388558265403,0.6918376486934121,0.6197368011726803,0.5388392610104467,0.44706009293162446,0.3378198120047755,nan,nan,nan,nan,nan,nan,nan,0.22781326534201154
35700.0,0.9689598726947699,0.9644466164012815,0.9509436491627996,0.9285585715327466,0.8974609394971895,0.8578659316288113,0.8100075013896619,0.7540941377035933,0.6902324488946306,0.6182824313746947,0.53754299393086,0.4459207886417438,0.3368061863576632,nan,nan,nan,nan,nan,nan,nan,0.22722703588385304
35760.0,0.9667265883835693,0.9622240199837253,0.9487529632266742,0.926420560814277,0.8953956110809712,0.8558922406876726,0.8081430562560433,0.7523548904987518,0.6886323140886321,0.6168326821084691,0.5362508705413216,0.44478510930119586,0.33579548602617626,nan,nan,nan,nan,nan,nan,nan,0.22664265819574358
35820.0,0.9645001882367767,0.960008276726442,0.9465690378947668,0.924289157967055,0.8933366799217822,0.8539246816995373,0.8062844269550553,0.7506210964737046,0.6870372275502002,0.6153875379249129,0.5349628772545354,0.44365304392122235,0.3347877022084992,nan,nan,nan,nan,nan,nan,nan,0.22606013000066538
35880.0,0.9622806506446306,0.9577993651069331,0.9443918519070265,0.922164342168416,0.8912841258015456,0.8519632351940637,0.8044315948657619,0.7488927379258005,0.6854471726075867,0.6139469834817872,0.5336790006242683,0.4425245815544201,0.33378282591462033,nan,nan,nan,nan,nan,nan,nan,0.22547944873040635
35940.0,0.9600679540584958,0.9555972636637048,0.9422213840636855,0.9200460926537126,0.8892379285556414,0.8500078817490014,0.8025845414148249,0.7471697972108897,0.6838621326649967,0.6125110035147865,0.5323992272527338,0.4413997112559641,0.33278084810780084,nan,nan,nan,nan,nan,nan,nan,0.2249006117293953
36000.0,0.9578620769898992,0.9534019509959448,0.9400576132268852,0.9179343887209748,0.8871980680799555,0.8480586019940528,0.8007432480658414,0.7454522567133868,0.6822820911821125,0.6110795828847477,0.531123543902495,0.44027842211118795,0.33178175952977323,nan,nan,nan,nan,nan,nan,nan,0.2243236160123466
36060.0,0.9556630554968609,0.9512136958305387,0.9379015023997189,0.9158313385073019,0.885168232138325,0.8461210785570255,0.7989157904393364,0.743750976483174,0.6807211048170541,0.6096704717736801,0.5298741412160444,0.4391888579324987,0.3308242379670162,nan,nan,nan,nan,nan,nan,nan,0.22374777084524133
36120.0,0.9534709250046823,0.9490322994337164,0.9357521541403859,0.9137348921754663,0.8831447813502508,0.8441896648448712,0.7970941144657637,0.7420551018223865,0.6791651050384705,0.6082658910733575,0.5286287841608385,0.43810282287906394,0.3298695506315268,nan,nan,nan,nan,nan,nan,nan,0.22317329661973745
36180.0,0.9512856631338514,0.9468577395228972,0.9336095464559574,0.911645028209805,0.8811276948519586,0.8422643407973622,0.7952782010150725,0.7403646146557349,0.6776140750070936,0.6068658254841921,0.5273874593888852,0.43702030469387265,0.32891764672177887,nan,nan,nan,nan,nan,nan,nan,0.22260040970319087
36240.0,0.9491072475791935,0.9446899938895705,0.9314736574265222,0.90956172516526,0.8791169518462115,0.8403450864161814,0.793468031017291,0.7386794969732484,0.6760679979609312,0.6054702597901267,0.5261501535515246,0.43594128859439907,0.3279685052622872,nan,nan,nan,nan,nan,nan,nan,0.22202918228739207
36300.0,0.9469356561021424,0.9425290403915716,0.9293444651975062,0.9074849616598757,0.8771125315952774,0.8384318817587291,0.7916635854572773,0.7369997308253119,0.6745268572091434,0.6040791788464188,0.5249168531377242,0.43486575840639247,0.3270221175373639,nan,nan,nan,nan,nan,nan,nan,0.22145965348679303
36360.0,0.9447708665304123,0.9403748569527183,0.9272219479792331,0.9054147163743285,0.8751144134206116,0.8365247069382283,0.78986484537532,0.7353252983231692,0.6729906361307911,0.602692567561622,0.5236875443382996,0.43379369815556457,0.3260784787701502,nan,nan,nan,nan,nan,nan,nan,0.22089184780578375
36420.0,0.9426128567594795,0.9382274215642501,0.9251060840482581,0.9033509680531772,0.8731225767041616,0.8346235421253089,0.788071791869067,0.7336561816407063,0.671459318173976,0.6013104108701773,0.522462213040596,0.43272509278112703,0.3251375853535282,nan,nan,nan,nan,nan,nan,nan,0.22032578127555993
36480.0,0.9404616047520044,0.9360867122842267,0.9229968517467239,0.9012936955042389,0.8711370008879507,0.8327283675479944,0.7862844060938543,0.7319923630143176,0.669932886850997,0.5999326937018645,0.5212408449356577,0.431659928278322,0.32419943364945697,nan,nan,nan,nan,nan,nan,nan,0.21976146499676064
36540.0,0.9383170885370826,0.9339527072367572,0.9208942294815601,0.8992428775978433,0.8691576654735664,0.8308391634916039,0.7845026692628766,0.7303338247422272,0.668411325730697,0.5985594009600236,0.5200234256669768,0.4305981915619558,0.323264019577548,nan,nan,nan,nan,nan,nan,nan,0.21919890707261516
36600.0,0.9361792862095584,0.9318253846112995,0.9187981957237705,0.8971984932661876,0.8671845500217399,0.8289559102986686,0.7827265626472234,0.7286805491831357,0.6668946184294606,0.5971905175220451,0.5188099409455131,0.42953987022973183,0.3223313386540392,nan,nan,nan,nan,nan,nan,nan,0.2186381133050843
36660.0,0.9340481759301714,0.929704722662792,0.9167087290085469,0.8951605215035134,0.8652176341527424,0.8270785883696239,0.7809560675764424,0.7270325187542187,0.6653827486028556,0.5958260282619542,0.5176003766092793,0.42848495238140266,0.32140138600016055,nan,nan,nan,nan,nan,nan,nan,0.21807908779826016
36720.0,0.9319237359253487,0.9275906997114471,0.9146258079350711,0.8931289413659167,0.8632568975461917,0.8252071781626008,0.779191165438256,0.7253897159308694,0.6638756999473036,0.5944659180481067,0.5163947186162435,0.4274334266473051,0.32047415629412634,nan,nan,nan,nan,nan,nan,nan,0.21752183297432562
36780.0,0.9298059444871389,0.9254832941426696,0.9125494111664242,0.8911037319713684,0.8613023199413885,0.8233416601941375,0.7774318376788907,0.7237521232433137,0.6623734561917021,0.5931101717759386,0.515192953101944,0.42638528197296544,0.3195496437891122,nan,nan,nan,nan,nan,nan,nan,0.21696635037926795
36840.0,0.9276947799726724,0.9233824844065179,0.9104795174290868,0.8890848724993435,0.8593538811371808,0.8214820151071028,0.7756780658022648,0.7221197232734696,0.6608760010992198,0.5917587743883618,0.5139950745121636,0.4253405075067683,0.3186278424002104,nan,nan,nan,nan,nan,nan,nan,0.2164126409228639
36900.0,0.9255902208043248,0.9212882490178749,0.9084161055131063,0.8870723421909406,0.8574115609919531,0.8196282235323994,0.7739298313699301,0.7204924986565385,0.6593833184701332,0.5904117108641908,0.5128010683620682,0.424299092682179,0.3177087456722693,nan,nan,nan,nan,nan,nan,nan,0.21586070457215403
36960.0,0.9234922454689964,0.9192005665557239,0.9063591542714309,0.885066120348465,0.8554753394236868,0.8177802660779814,0.7721871159999586,0.7188704320753553,0.6578953921420198,0.5890689662626796,0.5116109110254584,0.4232610269699919,0.3167923469210663,nan,nan,nan,nan,nan,nan,nan,0.2153105410564038
37020.0,0.921400832517979,0.9171194156630396,0.9043086426198562,0.8830661863354211,0.8535451964098874,0.8159381234936833,0.7704499013659161,0.7172535062620294,0.6564122059990749,0.5877305257150868,0.5104245892880762,0.42222629996448224,0.31587863923394355,nan,nan,nan,nan,nan,nan,nan,0.2147621495385266
37080.0,0.9193159605668527,0.9150447750466881,0.9022645495369424,0.8810725195764655,0.8516211119875512,0.8141017765873121,0.7687181691968195,0.7156417039985072,0.6549337439719964,0.5863963744257703,0.5092420900746173,0.4211949013564773,0.3149676154633592,nan,nan,nan,nan,nan,nan,nan,0.21421552876983646
37140.0,0.9172376082951968,0.9129766234771466,0.9002268540637767,0.8790850995572701,0.849703066253145,0.8122712062245286,0.766991901276294,0.7140350081155568,0.6534599900425561,0.5850664976822127,0.508063400431237,0.4201668208962682,0.3140592682746364,nan,nan,nan,nan,nan,nan,nan,0.21367067714804172
37200.0,0.9151657544467601,0.9109149397886713,0.8981955353041179,0.8771039058245838,0.8477910393625351,0.8104463933288188,0.7652710794433883,0.7124334014942002,0.6519909282397287,0.5837408808454032,0.5068885075426013,0.4191420484155679,0.3131535901058281,nan,nan,nan,nan,nan,nan,nan,0.21312759268712295
37260.0,0.9131003778281728,0.9088597028780767,0.8961705724234188,0.8751289179856987,0.8458850115307505,0.808627318880401,0.7635556855894219,0.7108368670665548,0.6505265426602148,0.5824195093704239,0.505717398655827,0.41812057372676703,0.31225057332163153,nan,nan,nan,nan,nan,nan,nan,0.21258627333786959
37320.0,0.9110414573105318,0.9068108917062343,0.8941519446500158,0.8731601157090766,0.8439849630322386,0.806813963917598,0.7618457016619169,0.7092453878144522,0.6490668174431031,0.5811023687825803,0.5045500611725251,0.4171023867453353,0.3113502100236294,nan,nan,nan,nan,nan,nan,nan,0.21204671655643711
37380.0,0.9089889718266116,0.9047684852954494,0.8921396312730473,0.8711974787231191,0.8420908741999596,0.8050063095341294,0.760141109659765,0.7076589467756497,0.6476117368076797,0.5797894446996668,0.5033864825098406,0.41608747730013035,0.3104524923561812,nan,nan,nan,nan,nan,nan,nan,0.2115089199700749
37440.0,0.906942900373803,0.9027324627322184,0.8901336116446349,0.8692409868174813,0.8402027254264504,0.8032043368820414,0.758441891637686,0.7060775270361561,0.646161285015818,0.578480722814767,0.5022266502386862,0.41507583532519093,0.3095574121845441,nan,nan,nan,nan,nan,nan,nan,0.21097288069980422
37500.0,0.9049032220104547,0.9007028031638089,0.8881338651771595,0.8672906198412189,0.8383204971619365,0.8014080271680208,0.7567480297034753,0.7045011117434471,0.6447154464100925,0.5771761888951733,0.5010705519278561,0.41406745067970396,0.30866496144991673,nan,nan,nan,nan,nan,nan,nan,0.21043859602153614
37560.0,0.9028699158592778,0.8986794858014335,0.8861403713457919,0.865346357704605,0.836444169916344,0.799617361656809,0.755059506019154,0.7029296840924134,0.6432742053827992,0.5758758287947628,0.49991817528104593,0.4130623132821024,0.30777513185884386,nan,nan,nan,nan,nan,nan,nan,0.209906062844019
37620.0,0.9008429611036236,0.8966624899167791,0.8841531096856633,0.863408180376841,0.8345737242566235,0.797832321667955,0.7533763028026529,0.7013632273426602,0.6418375463996162,0.5745796284217501,0.4987695080011973,0.41206041302851226,0.3068879151632496,nan,nan,nan,nan,nan,nan,nan,0.20937527811917386
37680.0,0.8988223369907413,0.8946517948450451,0.8821720597943724,0.8614760678882079,0.8327091408092999,0.7960528885783248,0.7516984023248245,0.6998017248026436,0.6404054539844279,0.5732875737760521,0.4976245379012364,0.4110617398285485,0.3060033029442148,nan,nan,nan,nan,nan,nan,nan,0.20884623856063092
37740.0,0.8968080228285346,0.8926473799818982,0.8801972013293835,0.8595500003276816,0.8308504002578239,0.794279043820404,0.7500257869140403,0.6982451598445351,0.6389779127269142,0.571999650905565,0.4964832528067266,0.4100662835965928,0.30512128679150935,nan,nan,nan,nan,nan,nan,nan,0.20831894087003947
37800.0,0.8947999979878872,0.8906492247856648,0.8782285140099352,0.8576299578447295,0.82899748334447,0.7925107688831292,0.7483584389523035,0.6966935158942366,0.6375549072802266,0.570715845939338,0.495345640619454,0.4090740342479217,0.30424185818624894,nan,nan,nan,nan,nan,nan,nan,0.20779338158954713
37860.0,0.8927982944910342,0.8886575790180535,0.876266897528769,0.8557179128299524,0.8271538437586181,0.7907533911253133,0.7467039386739291,0.6951570036883571,0.6361496841399586,0.5694529425634726,0.49423279261856146,0.40811200093408745,0.3034031809612447,nan,nan,nan,nan,nan,nan,nan,0.20726889942368212
37920.0,0.8908029438528845,0.8866722550651928,0.8743115102074736,0.8538119441321312,0.8253160698039679,0.7890016137014919,0.7450547229438562,0.6936254146647645,0.6347489831243202,0.5681941275240068,0.4931235739190951,0.40715312175233914,0.3025670288321094,nan,nan,nan,nan,nan,nan,nan,0.2067457070883252
37980.0,0.8888139246109974,0.8846932315610021,0.8723623309674474,0.8519120311465697,0.8234841415288101,0.7872554174833688,0.7434107736215515,0.6920987318402356,0.6333527886025745,0.5669393867786398,0.4920179723113673,0.40619738534545635,0.3017333186147155,nan,nan,nan,nan,nan,nan,nan,0.20622401142717817
38040.0,0.8868312153981718,0.8827204872341847,0.8704193388235262,0.8500181533598451,0.8216580390699183,0.7855147834282294,0.7417720726500348,0.6905769383147644,0.6319610850269999,0.5656887063612317,0.4909159755865408,0.4052447779920372,0.300902036226192,nan,nan,nan,nan,nan,nan,nan,0.20570388055792185
38100.0,0.8848547949154731,0.8807540008814121,0.868482512857635,0.8481302903242387,0.8198377426280796,0.7837796925558763,0.7401386020343912,0.6890600172515364,0.6305738569140101,0.564442072360981,0.4898175713883317,0.4042952847477545,0.300073175673545,nan,nan,nan,nan,nan,nan,nan,0.2051853515139587
38160.0,0.8828846419318107,0.878793751366902,0.8665518322183798,0.84624842165736,0.8180232324678012,0.7820501259484853,0.7385103438417824,0.6875479518768663,0.6291910888432151,0.5631994709083337,0.4887227470828869,0.4033488909317623,0.2992467340465831,nan,nan,nan,nan,nan,nan,nan,0.20466844675973558
38220.0,0.8809207352837788,0.8768397176222656,0.8646272761209061,0.8443725270420389,0.8162144889172696,0.780326064750662,0.7368872802015356,0.6860407254800132,0.627812765455458,0.5619608881522056,0.4876314897567016,0.40240558276529753,0.29842270893928,nan,nan,nan,nan,nan,nan,nan,0.20415318088518775
38280.0,0.8789630538752863,0.8748918786461417,0.8627088238465522,0.8425025862260208,0.8144114923681293,0.7786074901693283,0.7352693933050436,0.6845383214126736,0.6264388714488663,0.5607263102323334,0.4865437863177691,0.40146534748762547,0.29760109748616076,nan,nan,nan,nan,nan,nan,nan,0.20363956418948206
38340.0,0.8770115766767014,0.8729502135033498,0.8607964547420324,0.8406385790212129,0.8126142232748258,0.7768943834731713,0.7336566654051927,0.6830407230877125,0.6250693915720048,0.5594957232627161,0.4854596236402109,0.4005281731288829,0.29678189633989605,nan,nan,nan,nan,nan,nan,nan,0.20312760396778903
38400.0,0.8750662827250136,0.8710147013250557,0.8588901482196172,0.8387804853038916,0.810822662154871,0.7751867259929535,0.7320490788165623,0.6815479139782167,0.6237043106170929,0.5582691133357943,0.484378988647863,0.39959404833325857,0.2959651016811209,nan,nan,nan,nan,nan,nan,nan,0.20261730519239868
38460.0,0.8731271511236854,0.8690853213086267,0.8569898837569991,0.8369282850146007,0.8090367895887804,0.7734844991214803,0.7304466159152401,0.680059877616241,0.6223436134164502,0.557046466530687,0.4833018683429313,0.3986629622941088,0.29515070916624725,nan,nan,nan,nan,nan,nan,nan,0.20210867103261185
38520.0,0.8711941610426224,0.867162052717606,0.8550956408972845,0.8350819581581734,0.8072565862201505,0.771787684313699,0.728849259138711,0.6785765975913388,0.6209872848379056,0.5558277689238461,0.4822282498502534,0.3977349046328487,0.29433871394611894,nan,nan,nan,nan,nan,nan,nan,0.2016017033434015
38580.0,0.8692672917178913,0.8652448748814425,0.8532073992487541,0.8332414848035603,0.805482032755569,0.770096263086633,0.7272569909853155,0.67709805754757,0.6196353097795076,0.554613006610906,0.4811581204628932,0.396809865226806,0.2935291107417977,nan,nan,nan,nan,nan,nan,nan,0.20109640330726006
38640.0,0.8673465224514831,0.8633337671952557,0.8513251384846535,0.831406845083655,0.8037131099644773,0.7684102170191646,0.7256697940134347,0.675624241181321,0.6182876731719362,0.5534021657225169,0.48009146762532834,0.39588783415618845,0.2927218939439676,nan,nan,nan,nan,nan,nan,nan,0.20059277133595002
38700.0,0.865431832611298,0.8614287091198276,0.8494488383431882,0.8295780191952971,0.8019497986791706,0.7667295277519781,0.7240876508412153,0.6741551322410477,0.6169443599797036,0.5521952324262216,0.4790282789303362,0.3949688017012137,0.29191705759451264,nan,nan,nan,nan,nan,nan,nan,0.2000908071368346
38760.0,0.8635232016307408,0.8595296801812116,0.8475784786271829,0.8277549873990161,0.8001920797946064,0.7650541769871688,0.7225105441450217,0.6726907145237322,0.6156053552040851,0.5509921929534842,0.4779685421118928,0.39405275821396746,0.29111459551548424,nan,nan,nan,nan,nan,nan,nan,0.19959050999173558
38820.0,0.8616206090086361,0.8576366599706534,0.8457140392040188,0.8259377300189793,0.7984399342683135,0.7633841464879003,0.7209384566585884,0.6712309718753048,0.6142706438888653,0.5497930335987898,0.47691224501968943,0.39313969414904487,0.2903145012904176,nan,nan,nan,nan,nan,nan,nan,0.19909187872962214
38880.0,0.8597240343095195,0.8557496281448682,0.8438555000058651,0.8241262274431609,0.796693343120535,0.7617194180788431,0.719371371174652,0.669775888192599,0.6129402111129137,0.5485977407038639,0.4758593756533148,0.39222960009888086,0.28951676819816125,nan,nan,nan,nan,nan,nan,nan,0.19859491162731696
38940.0,0.8578334571626072,0.8538685644250588,0.8420028410288425,0.8223204601226963,0.7949522874335629,0.7600599736443849,0.7178092705398702,0.6683254474188487,0.6116140420109155,0.5474063007022388,0.47480992208467,0.3913224666271692,0.28872138943621684,nan,nan,nan,nan,nan,nan,nan,0.19809960692009476
39000.0,0.8559488572627596,0.8519934485978318,0.8401560423337995,0.8205204085724643,0.7932167483523099,0.7584057951302513,0.7162521376596904,0.6668796335481744,0.6102921217537066,0.5462187000763378,0.4737638725302759,0.39041828442907095,0.2879283579056158,nan,nan,nan,nan,nan,nan,nan,0.19760596227192923
39060.0,0.8540702143690085,0.8501242605137961,0.8383150840451071,0.8187260533701074,0.7914867070831366,0.7567568645405576,0.7146999554917264,0.6654384306228385,0.6089744355765863,0.5450349254028503,0.472721215253651,0.38951704412109966,0.2871376665096083,nan,nan,nan,nan,nan,nan,nan,0.19711397547426668
39120.0,0.8521975083058145,0.8482609800887568,0.8364799463516807,0.8169373751568478,0.7897621448948263,0.7551131639403461,0.7131527070514807,0.6640018227353374,0.6076609687550252,0.5438549633151946,0.4716819386460141,0.38861875875108126,0.2863493078893084,nan,nan,nan,nan,nan,nan,nan,0.19662364383435635
39180.0,0.8503307189615169,0.8464035873022382,0.8346506095056844,0.8151543546363295,0.7880430431169774,0.7534746754520594,0.7116103754067238,0.6625697940301088,0.6063517066315679,0.5426788005282225,0.47064603113354353,0.3877234593420232,0.28556327470137877,nan,nan,nan,nan,nan,nan,nan,0.19613496473140798
39240.0,0.8484698262895454,0.8445520621986367,0.8328270538235376,0.8133769725755163,0.7863293831412899,0.7518413812584145,0.710072943681812,0.6611423287013161,0.6050466345946343,0.5415064238228413,0.4696134812492261,0.38683106329438877,0.2847795594002898,nan,nan,nan,nan,nan,nan,nan,0.1956479352180194
39300.0,0.8466148103070344,0.8427063848858918,0.8310092596847052,0.8116052098034628,0.7846211464196882,0.750213263599022,0.7085403950545365,0.6597194109984086,0.6037457380980654,0.5403378200465552,0.46858427755660886,0.38594156126534895,0.28399815442865073,nan,nan,nan,nan,nan,nan,nan,0.19516255231752147
39360.0,0.844765651095572,0.840866535536194,0.8291972075323084,0.8098390472118966,0.7829183144653217,0.7485903047725357,0.7070127127583063,0.6583010252223445,0.6024490026480644,0.5391729761138047,0.46755840869703863,0.3850549439324447,0.2832190521059718,nan,nan,nan,nan,nan,nan,nan,0.19467881287559208
39420.0,0.8429223288002899,0.8390324943851059,0.8273908778722894,0.8080784657542798,0.7812208688511154,0.7469724871345134,0.7054898800812515,0.6568871557305925,0.6011564138125469,0.5380118789973948,0.46653586334461444,0.38417120197440435,0.28244224471960777,nan,nan,nan,nan,nan,nan,nan,0.19419671367635755
39480.0,0.8410848236316768,0.8372042417333385,0.8255902512751893,0.8063234464479374,0.7795287912128432,0.745359793100909,0.703971880365907,0.6554777869273827,0.5998679572107704,0.5368545157529196,0.4655166302785299,0.3832903260781692,0.28166772438628296,nan,nan,nan,nan,nan,nan,nan,0.19371625126100445
39540.0,0.839253115863248,0.8353817579444549,0.8237953083738118,0.8045739703712318,0.7778420632451744,0.743752205143935,0.7024586970101204,0.6540729032754622,0.598583618523919,0.5357008734872093,0.46450069829716945,0.38241230692971345,0.2808954832193315,nan,nan,nan,nan,nan,nan,nan,0.19323742215810033
39600.0,0.8374271858315344,0.8335650234448555,0.8220060298631996,0.8028300186635311,0.7761606667016653,0.7421497057921375,0.700950313467142,0.6526724892958778,0.597303383494526,0.5345509393583812,0.46348805621937617,0.3815371352126364,0.28012551332888763,nan,nan,nan,nan,nan,nan,nan,0.19276022288678013
39660.0,0.8356069658699583,0.8317537671512696,0.8202215372776103,0.801089709683982,0.7744813330748865,0.7405472693475136,0.6994395862036854,0.651266919825411,0.5960147479004667,0.5333888266021771,0.4624586385689814,0.3806388845911024,0.2793199692922146,nan,nan,nan,nan,nan,nan,nan,0.19228527990121577
39720.0,0.8337923889432167,0.8299481270555437,0.8184425807868759,0.7993548046508168,0.7728072212226288,0.7389498252830926,0.6979335783025736,0.6498657573162024,0.5947301725112063,0.5322303986268218,0.4614325067072497,0.37974348839349903,0.27851670790378846,nan,nan,nan,nan,nan,nan,nan,0.1918123795072322
39780.0,0.8319834364866971,0.8281480846735572,0.8166691421475225,0.7976252857186867,0.7711383138501469,0.737357356999756,0.6964322739975628,0.6484689869715761,0.5934496436532319,0.5310756430702388,0.46040964979212173,0.3788509384368103,0.2777157576811098,nan,nan,nan,nan,nan,nan,nan,0.19134131644853047
39840.0,0.8301800899813493,0.8263536215666507,0.8149012031612066,0.795901135086737,0.7694745937062005,0.7357698479407964,0.6949356575644069,0.6470765940381026,0.5921731476984464,0.5299245476139901,0.4593900570520473,0.37796122871919974,0.2769171152124071,nan,nan,nan,nan,nan,nan,nan,0.1908720176534246
39900.0,0.8283823309650129,0.8245647193528863,0.8131387456857697,0.7941823350093287,0.7678160435933634,0.7341872816017623,0.6934437133301596,0.6456885638140709,0.5909006710713035,0.5287770999911265,0.458373717907084,0.37707435443724224,0.2761207673823921,nan,nan,nan,nan,nan,nan,nan,0.19040444118196334
39960.0,0.8265901410328417,0.8227813597074616,0.8113817516356318,0.7924688677964158,0.7661626463684122,0.7326096415309147,0.6919564256737032,0.6443048816498824,0.5896322002488211,0.5276332879947125,0.4573606220859654,0.3761903104939024,0.275326699072594,nan,nan,nan,nan,nan,nan,nan,0.1899385583717157
40020.0,0.8248035018365613,0.8210035243619687,0.809630202981052,0.7907607158128228,0.7645143849416637,0.7310369113286869,0.6904737790253029,0.6429255329474933,0.5883677217603346,0.5264930994951165,0.4563507596289307,0.3753090908854392,0.2745348952575927,nan,nan,nan,nan,nan,nan,nan,0.18947434731068644
40080.0,0.8230223950842842,0.8192311951042051,0.8078840817479337,0.789057861478056,0.762871242276836,0.7294690746476304,0.6889957578666097,0.6415505031603509,0.5871072221895427,0.525356522461547,0.45534412076982783,0.3744306887862861,0.27374534126326805,nan,nan,nan,nan,nan,nan,nan,0.18901179053021805
40140.0,0.8212468025405207,0.8174643537781812,0.8061433700178271,0.7873602872663116,0.7612332013910798,0.7279061151924966,0.6875223467307608,0.6401797777936153,0.5858506881772829,0.524223544967951,0.4543406958645753,0.3735550966218879,0.27295802297214095,nan,nan,nan,nan,nan,nan,nan,0.18855087381604235
40200.0,0.8194767060261329,0.8157029822840727,0.8044080499278767,0.7856679757064309,0.759600245354974,0.726348016720291,0.6860535302024751,0.6388133424045566,0.5845981064253515,0.5230941551957284,0.45334047530538907,0.3726823062008015,0.2721729269021774,nan,nan,nan,nan,nan,nan,nan,0.18809158504259452
40260.0,0.8177120874181788,0.8139470625780616,0.802678103670663,0.7839809093817577,0.7579723572924291,0.7247947630402513,0.6845892929181029,0.6374511826032372,0.5833494637009922,0.5219683414273322,0.45234344944531024,0.37181230887348604,0.2713900401689688,nan,nan,nan,nan,nan,nan,nan,0.18763391326333956
40320.0,0.8159529286497382,0.8121965766721628,0.8009535134940299,0.7822990709299829,0.7563495203805768,0.7232463380137898,0.6831296195656847,0.6360932840535133,0.5821047468397093,0.5208460920297583,0.4513496085695817,0.3709450956660223,0.2706093503308529,nan,nan,nan,nan,nan,nan,nan,0.18717784858606284
40380.0,0.8141992117097672,0.810451506634078,0.7992342617009456,0.7806224430430267,0.7547317178496917,0.7217027255544776,0.6816744948851663,0.6347396324743843,0.5808639427457282,0.5197273954353856,0.45035894288696643,0.37008065737792445,0.26983084531126855,nan,nan,nan,nan,nan,nan,nan,0.1867233820403687
40440.0,0.8124509186429483,0.8087118345870465,0.7975203306493611,0.7789510084669211,0.7531189329831212,0.7201639096280648,0.6802239036687812,0.633390213641325,0.5796270383898675,0.5186122401249516,0.44937144253122435,0.3692189846447536,0.2690545133687913,nan,nan,nan,nan,nan,nan,nan,0.18627050533185088
40500.0,0.8107080315497663,0.8069775427099215,0.7958117027522811,0.7772847500018667,0.7515111491173206,0.7186298742524977,0.6787778307609534,0.6320450133853144,0.5783940208092471,0.5175006146396265,0.44838709755936534,0.3683600678897356,0.26828034314726434,nan,nan,nan,nan,nan,nan,nan,0.1858192109098458
40560.0,0.8089705325861188,0.8052486132367833,0.7941083604773982,0.775623650501931,0.7499083496416736,0.717100603497969,0.6773362610591891,0.6307040175958052,0.5771648771026454,0.5163925075388598,0.44740589795545616,0.36750389750077406,0.26750832351871734,nan,nan,nan,nan,nan,nan,nan,0.18536949150042956
40620.0,0.8072384039633221,0.8035250284569466,0.7924102863471039,0.7739676928750606,0.7483105179985123,0.7155760814870226,0.6758991795141858,0.6293672122190207,0.575939594427053,0.5152879074128334,0.44642783363993,0.366650463780104,0.2667384436072623,nan,nan,nan,nan,nan,nan,nan,0.18492134024580012
40680.0,0.805511627948056,0.8018067707149061,0.7907174629384341,0.7723168600830322,0.7467176376830851,0.7140562923945253,0.6744665711299267,0.6280345832589458,0.5747181599980412,0.514186802872021,0.44545289446641484,0.3657997569855368,0.2659706927670997,nan,nan,nan,nan,nan,nan,nan,0.184474750586717
40740.0,0.8037901868618736,0.8000938224098562,0.7890298728826327,0.770671135141114,0.7451296922434237,0.7125412204480692,0.6730384209648447,0.6267061167756297,0.5735005610751415,0.5130891825298751,0.4444810702572382,0.3649517674075429,0.26520506045506714,nan,nan,nan,nan,nan,nan,nan,0.18402971608255106
40800.0,0.8020740630816838,0.7983861659961624,0.7873474988655816,0.769030501118402,0.7435466652804938,0.711030849927631,0.6716147141305481,0.6253817988857775,0.5722867849752931,0.511995035025008,0.44351235077131507,0.36410648527141415,0.26444153638020773,nan,nan,nan,nan,nan,nan,nan,0.18358623066364393
40860.0,0.8003632390389608,0.7966837839825935,0.785670323627104,0.7673949411372906,0.7419685404480232,0.7095251651662255,0.6701954357932777,0.6240616157592958,0.5710768190508311,0.510904348995892,0.44254672575979737,0.3632639008503032,0.2636801103215214,nan,nan,nan,nan,nan,nan,nan,0.18314428834104957
40920.0,0.7986576972199261,0.7949866589324988,0.7839983299611376,0.7657644383736333,0.7403953014526283,0.7080241505496713,0.6687805712266146,0.622745553618107,0.569870650697405,0.5098171130964388,0.44158418494765883,0.3624240044072318,0.2629207722130579,nan,nan,nan,nan,nan,nan,nan,0.18270388331864187
40980.0,0.7969574201655959,0.7932947734638531,0.782331500715765,0.7641389760567409,0.7388269320537525,0.7065277905166126,0.6673701059231005,0.621433598737853,0.5686682673528621,0.5087333159892524,0.44062471803414827,0.36158678621527945,0.2621635121241017,nan,nan,nan,nan,nan,nan,nan,0.18226500997343037
41040.0,0.7952623904720343,0.7916081102495012,0.7806698187934289,0.7625185374695344,0.7372634160636768,0.7050360695582583,0.6659640248832266,0.6201257374500686,0.5674696565038599,0.5076529463479658,0.4396683146734102,0.360752236543747,0.26140832029756456,nan,nan,nan,nan,nan,nan,nan,0.18182766290383226
41100.0,0.793572590788324,0.7899266520152032,0.7790132671492427,0.7609031059474493,0.7357047373475509,0.7035489722193937,0.6645623134850307,0.6188219561219747,0.566274805646153,0.5065759928549454,0.4387149645917201,0.3599203457415769,0.2606551869187998,nan,nan,nan,nan,nan,nan,nan,0.18139183655647034
41160.0,0.7918880038196474,0.7882503815425999,0.7773618287935453,0.759292664880072,0.7341508798233333,0.7020664830970378,0.663164957162453,0.6175222411871375,0.565083702342291,0.5055024442024438,0.4377646574154564,0.359091104112662,0.2599041024651022,nan,nan,nan,nan,nan,nan,nan,0.18095752579906954
41220.0,0.790208612324214,0.7865792816662627,0.7757154867893818,0.7576871977095604,0.7326018274617871,0.7005885868411055,0.6617719413987622,0.616226579114816,0.563896334169085,0.5044322890962404,0.4368173828298636,0.358264502032749,0.25915505737547945,nan,nan,nan,nan,nan,nan,nan,0.18052472538449338
41280.0,0.7885343991142186,0.7849133352746118,0.7740742242532844,0.7560866879311277,0.7310575642864877,0.6991152681542838,0.6603832517287624,0.6149349564194122,0.5627126887331445,0.5033655162537429,0.4358731305313447,0.35744052991451947,0.2584080421512489,nan,nan,nan,nan,nan,nan,nan,0.1800934301127837
41340.0,0.7868653470571143,0.7832525253111344,0.7724380243562949,0.7544911190936598,0.7295180743738613,0.697646511792158,0.6589988737423792,0.6136473596731171,0.5615327536893847,0.5023021143989143,0.4349318901687397,0.35661917816584854,0.25766304748529956,nan,nan,nan,nan,nan,nan,nan,0.1796636350304015
41400.0,0.7852014390728803,0.7815968347717788,0.7708068703218028,0.7529004747984334,0.7279833418529639,0.6961823025621134,0.6576187930753967,0.6123637754787319,0.5603565167063771,0.501242072278724,0.4339936514574828,0.3558004372636719,0.25692006401583245,nan,nan,nan,nan,nan,nan,nan,0.17923533506424882
41460.0,0.7835427462316784,0.7799467168230085,0.7691823566073039,0.751318235844175,0.7264594583575672,0.6947320457877436,0.6562564184896883,0.6111023208417863,0.5592075869390192,0.5002155078885777,0.4330966962181194,0.3550344100570342,0.2562549028916498,nan,nan,nan,nan,nan,nan,nan,0.1788073142578933
41520.0,0.7818893386114759,0.7783018569359824,0.7675630199229718,0.7497410403543304,0.7249404344589455,0.6932864175815743,0.6548983983684041,0.6098449086512674,0.5580623557337259,0.4991922733064025,0.43220268414866886,0.3542709219961916,0.2555916649165545,nan,nan,nan,nan,nan,nan,nan,0.17837997768264954
41580.0,0.7802411976262059,0.7766622366167593,0.7659488420504968,0.7481688705677837,0.7234262530322583,0.691845401630994,0.6535447173798253,0.6085915247031083,0.5569208101087595,0.49817235677732785,0.4313116046249308,0.35350996151146835,0.25493027625190473,nan,nan,nan,nan,nan,nan,nan,0.1779537085506667
41640.0,0.7785983047738988,0.7750278374551958,0.7643398048545028,0.7466017088049992,0.7219168970323633,0.6904089817001948,0.6521953602638617,0.6073421548556563,0.5557829371312784,0.49715574658173517,0.4304234469830602,0.3527515129453706,0.25427072797261063,nan,nan,nan,nan,nan,nan,nan,0.17752863420600115
41700.0,0.7769606416173347,0.7733986411057138,0.7627358902636555,0.7450395374496727,0.7204123494761592,0.688977141613311,0.6508503118161062,0.606096785014984,0.5546487239045313,0.49614243102130245,0.42953820030487777,0.3519955586528222,0.25361302581716827,nan,nan,nan,nan,nan,nan,nan,0.17710482260515273
41760.0,0.7753281897837397,0.7717746292870017,0.7611370802703741,0.7434823389484296,0.718912593442214,0.6875498652538871,0.6495095568871313,0.6048554011342427,0.5535181575675159,0.49513239840345286,0.42865585321651406,0.3512420818232729,0.25295715162498816,nan,nan,nan,nan,nan,nan,nan,0.17668231718416919
41820.0,0.7737009309644953,0.7701557837817266,0.7595433569305465,0.7419300958105283,0.7174176120704044,0.6861271365643836,0.6481730803818567,0.6036179892130732,0.5523912252936072,0.4941256370121463,0.4277763939027015,0.3504910672624311,0.2523030995452607,nan,nan,nan,nan,nan,nan,nan,0.1762611467835424
41880.0,0.7720788469151426,0.7685420864365423,0.7579547023635363,0.7403827906078408,0.7159273885618145,0.6847089395459258,0.6468408672591515,0.6023845352971466,0.5512679142872018,0.4931221350745812,0.42689981026034307,0.34974250144005337,0.2516508774272894,nan,nan,nan,nan,nan,nan,nan,0.17584133180119998
41940.0,0.770461919455224,0.7669335191619318,0.756371098752023,0.7388404059746664,0.7144419061784685,0.6832952582579046,0.6455129025313157,0.6011550254773921,0.5501482117778644,0.49212188073998253,0.4260260900709337,0.3489963722867396,0.2510004880190334,nan,nan,nan,nan,nan,nan,nan,0.17542288730104336
42000.0,0.7688501304681002,0.7653300639320219,0.7547925283418113,0.7373029246075066,0.7129611482430208,0.6818860768175294,0.6441891712634937,0.5999294458886439,0.5490321050119614,0.4911248620783265,0.42515522116052307,0.3482526688234092,0.2503519327328726,nan,nan,nan,nan,nan,nan,nan,0.17500582458264421
42060.0,0.7672434619008227,0.7637317027844585,0.753218973441697,0.7357703292649012,0.7114850981385262,0.6804813793994992,0.6428696585731964,0.5987077827080838,0.5479195812464672,0.49013106709474896,0.42428719147562827,0.3475113809206476,0.24970521182193764,nan,nan,nan,nan,nan,nan,nan,0.17459015185319474
42120.0,0.7656418957639965,0.7621384178202666,0.7516504164233164,0.7342426027672404,0.7100137393081694,0.6790811502356179,0.6415543496296575,0.5974900221530284,0.5468106277437761,0.4891404837510086,0.4234219891385799,0.34677249910560415,0.24906032449868581,nan,nan,nan,nan,nan,nan,nan,0.17417587512631927
42180.0,0.7640454141316146,0.7605501912036813,0.7500868397209619,0.7327197279965366,0.7085470552549514,0.6776853736143377,0.6402432296529705,0.5962761504782309,0.545705231768803,0.4881530999907893,0.422559602484198,0.34603601437772313,0.24841726913241813,nan,nan,nan,nan,nan,nan,nan,0.17376299886392657
42240.0,0.7624539991409349,0.7589670051620219,0.748528225831444,0.7312016878962502,0.7070850295414495,0.6762940338803979,0.6389362839133065,0.5950661539739033,0.5446033805895679,0.4871689037584881,0.4217000200642684,0.34530191810989214,0.24777604336200645,nan,nan,nan,nan,nan,nan,nan,0.17335152621913205
42300.0,0.7608676329922992,0.7573888419855059,0.7469745573138838,0.7296884654710337,0.7056276457894654,0.6749071154342826,0.6376334977297445,0.5938600189630694,0.5435050614786221,0.48618788302500704,0.4208432306525613,0.34457020191226434,0.2471366442574398,nan,nan,nan,nan,nan,nan,nan,0.17294145942485484
42360.0,0.75928629794894,0.7558156840270511,0.7454258167894892,0.7281800437864497,0.7041748876796348,0.6735246027315619,0.6363348564688027,0.5926577317997896,0.542410261720015,0.48521002580751066,0.41998922321592624,0.3438408575738657,0.24649906841008756,nan,nan,nan,nan,nan,nan,nan,0.17253279986180942
42420.0,0.757709976336899,0.7542475137021878,0.743881986941455,0.726676405968844,0.7027267389512437,0.6721464802825534,0.6350403455437947,0.5914592788691012,0.5413189686125449,0.48423532017315785,0.4191379869067907,0.3431138770477704,0.24586331194674682,nan,nan,nan,nan,nan,nan,nan,0.1721255481430894
42480.0,0.7561386505449027,0.7526843134889303,0.7423430505148167,0.7251775352051594,0.7012831834019524,0.6707727326518359,0.6337499504141265,0.5902646465871513,0.5402311694729823,0.4832637542445194,0.41828951105692963,0.3423892524189361,0.2452293705792093,nan,nan,nan,nan,nan,nan,nan,0.17171970424165345
42540.0,0.7545723030242206,0.7511260659276306,0.7408089903162848,0.7236834147427271,0.6998442048875043,0.669403344457751,0.632463656584205,0.5890738213999969,0.5391468516408563,0.4822953162134549,0.4174437851612986,0.3416669758543743,0.24459723967396962,nan,nan,nan,nan,nan,nan,nan,0.17131526760906624
42600.0,0.753010916288144,0.7495727536204349,0.7392797892136229,0.7221940278884754,0.6984097873205517,0.6680383003704009,0.6311814496008189,0.5878867897853082,0.5380660024940042,0.48132999435688945,0.4166007988322394,0.3409470395216597,0.24396691442343033,nan,nan,nan,nan,nan,nan,nan,0.17091223748102546
42660.0,0.7514544729125663,0.7480243592318861,0.737755430136333,0.7207093580097916,0.6969799146719099,0.6666775851138034,0.6299033150563336,0.5867035382516845,0.5369886094308192,0.4803677770124467,0.41576054185316813,0.34022943570077063,0.2433383896207416,nan,nan,nan,nan,nan,nan,nan,0.17051061247595314
42720.0,0.7499029555348143,0.7464808654877064,0.7362358960742625,0.7192293885327377,0.6955545709679162,0.6653211834615472,0.6286292385834075,0.5855240533428088,0.5359146599036362,0.47940865261121396,0.41492300407523003,0.33951415661698625,0.24271166001933883,nan,nan,nan,nan,nan,nan,nan,0.17011039119559315
42780.0,0.7483563468544735,0.7449422551756552,0.7347211700785803,0.7177541029432917,0.694133740292267,0.66396908023991,0.6273592058590348,0.5843483216347896,0.5348441413939969,0.4784526096525008,0.4140881754937386,0.33880119456507574,0.24208672006059498,nan,nan,nan,nan,nan,nan,nan,0.16971157177839302
42840.0,0.7468146296323911,0.7434085111444879,0.7332112352605764,0.7162834847857871,0.6927174067836903,0.6626212603242924,0.6260932026014138,0.5831763297423244,0.5337770414376602,0.47749963671535756,0.413256046167877,0.33809054182344767,0.2414635641015504,nan,nan,nan,nan,nan,nan,nan,0.16931415224215898
42900.0,0.7452777866906899,0.7418796163039645,0.7317060747916532,0.714817517662878,0.6913055546360022,0.661277708639979,0.6248312145720697,0.5820080643193475,0.5327133476160797,0.4765497224476647,0.41242660624270777,0.3373821906895642,0.2408421863437107,nan,nan,nan,nan,nan,nan,nan,0.1689181303826251
42960.0,0.7437458009131863,0.7403555536252904,0.730205671903852,0.7133561852362437,0.6898981680990434,0.6599384101628442,0.6235732275747939,0.5808435120553074,0.5316530475549093,0.47560285557499715,0.4115998459602695,0.3366761334705714,0.24022258081516573,nan,nan,nan,nan,nan,nan,nan,0.1685235037518403
43020.0,0.742218655244997,0.7388363061407023,0.7287100098893563,0.7118994712259354,0.6884952314778444,0.6586033499186953,0.6223192274562531,0.5796826596778832,0.5305961289262875,0.474659024896154,0.4107757556472473,0.33597236247946144,0.23960474139997076,nan,nan,nan,nan,nan,nan,nan,0.1681302697022895
43080.0,0.7406963326908361,0.7373218569416704,0.7272190720983726,0.710447359407575,0.6870967291288205,0.6572725129794076,0.6210692001069065,0.5785254939661334,0.5295425794674176,0.47371821926659446,0.40995432563824286,0.33527087000969175,0.23898866201359917,nan,nan,nan,nan,nan,nan,nan,0.16773842562582647
43140.0,0.7391788163183052,0.73581218918237,0.7257328419432265,0.7089998336177483,0.6857026454669863,0.6559458844699525,0.6198231314587033,0.5773720017258746,0.5284923869475859,0.4727804276304684,0.40913554641642413,0.3345716483821264,0.23837433626989268,nan,nan,nan,nan,nan,nan,nan,0.1673479684977001
43200.0,0.7376660892540738,0.7343072860756468,0.7242513028935931,0.7075568777477522,0.6843129649577717,0.6546234495608516,0.6185810074883807,0.5762221698169685,0.5274455392025321,0.47184563898364046,0.4083194084605142,0.33387468989206964,0.23776175784899614,nan,nan,nan,nan,nan,nan,nan,0.16695889538208714
43260.0,0.7361581748812389,0.7328073497903946,0.7227751913287817,0.7061201117844693,0.6829305320223938,0.6533096094493135,0.6173491149111643,0.5750845099767959,0.5264131571508872,0.4709280914502574,0.4075241133413081,0.3332040941197334,0.23718880621685248,nan,nan,nan,nan,nan,nan,nan,0.16657062138620474
43320.0,0.7346550961771607,0.7313122234321607,0.7213038129109445,0.7046879524753336,0.6815525317064988,0.6519999833244415,0.6161211766864318,0.5739505080189875,0.5253841042922774,0.47001351783890083,0.40673141796896123,0.33253571381257874,0.23661754971826754,nan,nan,nan,nan,nan,nan,nan,0.16618334392588868
43380.0,0.7331568356711524,0.7298218896234705,0.7198371505400581,0.7032603831747927,0.6801789479820403,0.6506945559167506,0.6148971784179216,0.5728201505191475,0.5243583682938383,0.4691019070997897,0.4059413128398732,0.33186954034395894,0.23604795369597842,nan,nan,nan,nan,nan,nan,nan,0.16579724635799906
43440.0,0.7316633759712214,0.7283363310650444,0.7183751871927171,0.701837387311056,0.6788097648904996,0.6493933120211939,0.6136771057697012,0.5716934241129472,0.5233359368870415,0.4681932482489819,0.40515378847142647,0.33120556331049267,0.23548001459098336,nan,nan,nan,nan,nan,nan,nan,0.16541238875221315
43500.0,0.7301746997504943,0.7268555305222857,0.7169179059088159,0.7004189483731322,0.6774449665304928,0.6480962364856366,0.6124609444557703,0.5705703154867589,0.5223167978586833,0.46728753035769505,0.40436883531253387,0.3305437713998584,0.23491373442088162,nan,nan,nan,nan,nan,nan,nan,0.16502880262510328
43560.0,0.728690789746775,0.7253794708248313,0.7154652897910797,0.6990050499103537,0.676084537057377,0.6468033142106895,0.6112486802402046,0.5694508113778467,0.5213009390502704,0.46638474254505796,0.40358644365845847,0.32988415358940537,0.23434911529646188,nan,nan,nan,nan,nan,nan,nan,0.16464650687825758
43620.0,0.7272116287624116,0.723908134866406,0.7140173220048955,0.6975956755322091,0.6747284606831608,0.6455145301498358,0.6100402989375557,0.568334898574721,0.5202883483572073,0.4654848739649462,0.40280660363456927,0.3292266996381439,0.23378615826160204,nan,nan,nan,nan,nan,nan,nan,0.1642655140018873
43680.0,0.7257371996632902,0.7224415056038141,0.7125739857773065,0.6961908089073807,0.6733767216756957,0.6442298693089092,0.6088357864126047,0.5672225639167477,0.5192790137262189,0.46458791378833464,0.40202930526865555,0.32857140003596486,0.23322486337612403,nan,nan,nan,nan,nan,nan,nan,0.16388583260109957
43740.0,0.7242674853788565,0.7209795660569549,0.7111352643970126,0.6947904337637538,0.6720293043587522,0.6429493167463102,0.6076351285807121,0.5661137942942763,0.5182729231530894,0.46369385119471795,0.40125453855806464,0.3279182458672751,0.2326652298224951,nan,nan,nan,nan,nan,nan,nan,0.16350746824296855
43800.0,0.722802468901919,0.7195222993086183,0.7097011412141614,0.6933945338882312,0.6706861931119292,0.6416728575730981,0.6064383114080479,0.5650085766484642,0.5172700646792923,0.46280267536852754,0.4004822935254579,0.32726722871433733,0.23210725595499448,nan,nan,nan,nan,nan,nan,nan,0.16313042455192125
43860.0,0.7213421332883233,0.7180696885041555,0.7082715996400184,0.6920030931264413,0.6693473723704847,0.6404004769530183,0.6052453209117202,0.5639068979707076,0.5162704263880484,0.46191437550176245,0.39971256026538543,0.3266183405275589,0.23155093946668398,nan,nan,nan,nan,nan,nan,nan,0.1627547038587288
43920.0,0.7198864616567411,0.716621716851269,0.7068466231467588,0.6906160953825575,0.6680128266252296,0.6391321601025024,0.6040561431597808,0.562808745302053,0.5152739964023588,0.4610289407993389,0.3989453289596692,0.32597157355776807,0.2309962774719224,nan,nan,nan,nan,nan,nan,nan,0.16238030738065223
43980.0,0.7184354371882434,0.7151783676195813,0.7054261952670479,0.6892335246189403,0.6666825404223198,0.6378678922906732,0.6028707642712394,0.5617141057320691,0.5142807628812982,0.46014636048834123,0.3981805899101957,0.3253269202240148,0.23044326668047257,nan,nan,nan,nan,nan,nan,nan,0.16200723571142361
44040.0,0.7169890431259712,0.7137396241403107,0.7040102995937354,0.6878553648558888,0.6653564983631169,0.6366076588392993,0.6016891704158069,0.5606229663975039,0.5132907140199615,0.4592666238308316,0.3974183335252962,0.3246843730757115,0.2298919034482565,nan,nan,nan,nan,nan,nan,nan,0.1616354887286407
44100.0,0.7155472627748827,0.7123054698060212,0.7025989197796236,0.686481600171459,0.6640346851040919,0.6353514451227592,0.6005113478136407,0.5595353144813939,0.5123038380504352,0.4583897201297336,0.39665855031398606,0.3240439247733343,0.22934218380274832,nan,nan,nan,nan,nan,nan,nan,0.16126506575563862
44160.0,0.7141100795018559,0.7108758880707249,0.7011920395375628,0.6851122147015386,0.6627170853568549,0.6340992365680124,0.5993372827353607,0.5584511372137207,0.5113201232421766,0.45751563872296497,0.395901230890571,0.32340556810335513,0.22879410342481335,nan,nan,nan,nan,nan,nan,nan,0.16089596554943292
44220.0,0.7126774767348246,0.7094508624490277,0.6997896426396535,0.6837471926392095,0.66140368388781,0.6328510186544838,0.5981669615013542,0.5573704218685678,0.5103395579029794,0.45664436900612876,0.39514636596144553,0.3227692958741456,0.228247657809525,nan,nan,nan,nan,nan,nan,nan,0.16052818663329826
44280.0,0.7112494379628534,0.7080303765162081,0.6983917129173322,0.682386518234821,0.6600944655181596,0.631606776913916,0.597000370481619,0.5562931557653826,0.5093621303808944,0.4557759004227457,0.3943939463229525,0.3221351009529022,0.2277028422266254,nan,nan,nan,nan,nan,nan,nan,0.16016172717380928
44340.0,0.7098259467359168,0.7066144139079964,0.6969982342611573,0.6810301757958166,0.6587894151238223,0.6303664969303916,0.5958374960956427,0.5552193262678486,0.5083878290638623,0.4549102224728346,0.39364396285927916,0.32150297622880797,0.22715965176973402,nan,nan,nan,nan,nan,nan,nan,0.1597965851137843
44400.0,0.7084069866638403,0.7052029583195483,0.6956091906198948,0.6796781496860225,0.6574885176349278,0.6291301643396877,0.5946783248110845,0.5541489207838757,0.5074166423862003,0.4540473247164412,0.3928964065149976,0.3208729145821199,0.22661808145375884,nan,nan,nan,nan,nan,nan,nan,0.15943275827267522
44460.0,0.7069925414175733,0.7037959935066826,0.6942245660016271,0.6783304243265074,0.6561917580363877,0.627897764829928,0.5935228431452864,0.5530819267663056,0.5064485588215779,0.45318719676499186,0.392151268326105,0.32024490893907165,0.2260781260712254,nan,nan,nan,nan,nan,nan,nan,0.15907024415340928
44520.0,0.7055825947269905,0.702393503283747,0.6928443444718471,0.676986984194091,0.6548991213668158,0.6266692841402612,0.5923710376628795,0.5520183317129013,0.5054835668945652,0.45232982829011603,0.3914085393664876,0.31961895220566366,0.22553978038811762,nan,nan,nan,nan,nan,nan,nan,0.15870904020522092
44580.0,0.7041771303822391,0.7009954715249263,0.6914685101546254,0.6756478138222386,0.6536105927191348,0.625444708061646,0.5912228949774698,0.5509581231665692,0.5045216551725232,0.45147520901694693,0.39066821078376496,0.31899503731010564,0.22500303901732854,nan,nan,nan,nan,nan,nan,nan,0.1583491436671773
44640.0,0.702776132232,0.6996018821625631,0.6900970472311176,0.674312897799874,0.6523261572396188,0.6242240224356479,0.5900784017501093,0.5499012887166013,0.5035628122736167,0.4506233287241641,0.3899302737592173,0.31837315717883335,0.2244678965295835,nan,nan,nan,nan,nan,nan,nan,0.157990551707998
44700.0,0.7013795841863499,0.6982127191899148,0.6887299399420039,0.6729822207733478,0.6510458001295856,0.6230072131565143,0.5889375446912138,0.5488478159954941,0.5026070268559134,0.44977417725036395,0.38919471956759283,0.317753304752682,0.223934347304601,nan,nan,nan,nan,nan,nan,nan,0.15763326123140328
44760.0,0.6999874702114119,0.6968279666559991,0.6873671725829144,0.6716557674426705,0.6497695066420579,0.6217942661673619,0.5878003105578349,0.5477976926851326,0.5016542876336116,0.44892774447858885,0.3884615394779306,0.31713547295841676,0.22340238579449972,nan,nan,nan,nan,nan,nan,nan,0.15727726924088484
44820.0,0.6985997743340346,0.6954476086701022,0.6860087295084318,0.6703335225648285,0.6484972620847214,0.6205851674634512,0.586666686155749,0.5467509066768427,0.5007045833642425,0.4480840203506366,0.38773072483579507,0.3165196547339085,0.22287200629416243,nan,nan,nan,nan,nan,nan,nan,0.15692257251665806
44880.0,0.6972164806401863,0.6940716294002309,0.6846545951307108,0.6690154709526164,0.64722905181887,0.6193799030911045,0.5855366583389248,0.5457074458754655,0.49975790285207483,0.44724299486148816,0.38700226703798646,0.3159058430197798,0.2223432030145584,nan,nan,nan,nan,nan,nan,nan,0.15656916771894838
44940.0,0.6958375732701354,0.6927000130684651,0.6833047539153156,0.6677015974710945,0.6459648612561958,0.618178459144566,0.5844102140082775,0.5446672977566935,0.49881423495653876,0.44640465804093155,0.38627615746177235,0.315294030738591,0.22181597029645383,nan,nan,nan,nan,nan,nan,nan,0.15621705168132344
45000.0,0.6944630364269577,0.6913327439591599,0.6819591903885702,0.6663918870438695,0.6447046758644839,0.6169808217714453,0.5832873401135784,0.5436304501851476,0.49787356857878506,0.44556899998694816,0.3855523875851878,0.31468421082911385,0.22129030224065815,nan,nan,nan,nan,nan,nan,nan,0.15586622090657468
45060.0,0.6930928543684465,0.6899698064111395,0.6806178891305255,0.6650863246470007,0.6434484811620887,0.6157869771677995,0.5821680236523145,0.5425968910754232,0.4969358926702909,0.44473601083082337,0.3848309488840641,0.3140763762252703,0.22076619302505912,nan,nan,nan,nan,nan,nan,nan,0.15551667198943755
45120.0,0.6917270114097294,0.688611184820223,0.6792808347772391,0.6637848953109868,0.6421962627197305,0.614596911579668,0.5810522516699367,0.5415666083895775,0.4960011962307784,0.44390568074889053,0.3841118328632195,0.3134705198606068,0.2202436368079865,nan,nan,nan,nan,nan,nan,nan,0.15516840148968272
45180.0,0.6903654919260207,0.6872568636418833,0.6779480120231915,0.6624875841229042,0.6409480061624249,0.613410611304571,0.5799400112598224,0.5405395901347154,0.495069468307843,0.4430779999763481,0.3833950310843326,0.3128666346671091,0.21972262764110467,nan,nan,nan,nan,nan,nan,nan,0.15482140582365228
45240.0,0.6890082803449697,0.68590682738383,0.6766194056144658,0.6611943762202712,0.6397036971640799,0.6122280626878864,0.5788312895639965,0.5395158243676117,0.49414069799130433,0.44225295876679693,0.38268053510617706,0.3122647135969917,0.2192031596531001,nan,nan,nan,nan,nan,nan,nan,0.15447568148245394
45300.0,0.6876553611555171,0.6845610606146064,0.6752950003566914,0.6599052567982403,0.6384633214537496,0.6110492521267205,0.5777260737719366,0.5384952991904888,0.4932148744233815,0.4414305474400788,0.3819683365436605,0.3116647495864369,0.21868522686810676,nan,nan,nan,nan,nan,nan,nan,0.15413122482478991
45360.0,0.6863067189005937,0.683219547956485,0.6739747811084416,0.6586202111036167,0.637226864810566,0.6098741660669769,0.5766243511213974,0.5374780027527895,0.4922919867876948,0.44061075634429553,0.38125842702718865,0.31106673558880316,0.21816882333476945,nan,nan,nan,nan,nan,nan,nan,0.15378803222236226
45420.0,0.6849623381778631,0.6818822740861873,0.6726587327818905,0.6573392244354579,0.6359943130642784,0.6087027910036991,0.5755261088982604,0.5364639232506138,0.49137202430991167,0.43979357586008183,0.3805507982082259,0.3104706645714351,0.21765394310980835,nan,nan,nan,nan,nan,nan,nan,0.15344610004148138
45480.0,0.6836222036467722,0.6805492237417687,0.6713468403492724,0.6560622821508891,0.6347656520999224,0.6075351134834853,0.5744313344362295,0.535453048927993,0.4904549762719046,0.43897899643345634,0.3798454417862593,0.30987652948109845,0.21714058015896312,nan,nan,nan,nan,nan,nan,nan,0.1531054245315422
45540.0,0.6822863000219503,0.6792203817161722,0.6700390888368325,0.6547893696596534,0.6335408678534381,0.6063711201022156,0.573340015117105,0.5344453680756971,0.48954083199850296,0.43816700854501256,0.37914234948331266,0.3092843232758918,0.21662872844940187,nan,nan,nan,nan,nan,nan,nan,0.15276600192942186
45600.0,0.680954612065403,0.6778957328495878,0.6687354633176681,0.653520472417778,0.6323199463067604,0.6052107975023077,0.5722521383696796,0.5334408690271801,0.4886295808417993,0.43735760267961554,0.37844151301977313,0.3086940389544264,0.2161183820559178,nan,nan,nan,nan,nan,nan,nan,0.15242782858180182
45660.0,0.6796271246032869,0.6765752620458629,0.6674359489271067,0.6522555759412212,0.6311028734984679,0.6040541323785755,0.571167691671511,0.5324395401661842,0.4877212122147857,0.4365507693938647,0.3777429241685491,0.30810566948940643,0.21560953493133445,nan,nan,nan,nan,nan,nan,nan,0.15209090068185038
45720.0,0.6783038225178702,0.6752589542646363,0.6661405308553323,0.6509946657993264,0.6298896355186722,0.6029011114754123,0.5700866625480644,0.5314413699230942,0.4868157155752324,0.435746499283713,0.37704657472893044,0.30751920785913556,0.21510218101629752,nan,nan,nan,nan,nan,nan,nan,0.15175521439542744
45780.0,0.6769846907438526,0.6739467945177386,0.6648491943440212,0.6497377276118681,0.6286802185067293,0.6017517215854069,0.5690090385718332,0.5304463467724992,0.48591308041821407,0.4349447829712388,0.3763524565170033,0.30693464706092777,0.21459631428442733,nan,nan,nan,nan,nan,nan,nan,0.15142076591280118
45840.0,0.6756697142630365,0.6726387678639769,0.6635619246814737,0.6484847470448061,0.6274746086479738,0.6006059495472741,0.5679348073606927,0.5294544592290679,0.4850132962652169,0.4341456110867564,0.37566056135370113,0.30635198012990644,0.2140919288038984,nan,nan,nan,nan,nan,nan,nan,0.15108755151889683
45900.0,0.6743588781252139,0.6713348594295712,0.6622787072216982,0.6472357098269745,0.6262727921865868,0.5994637822538187,0.5668639565836306,0.5284656958625522,0.4841163527065525,0.4333489743409995,0.3749708811148756,0.3057712000639152,0.21358901848887377,nan,nan,nan,nan,nan,nan,nan,0.15075556730933432
45960.0,0.6730521674313329,0.6700350543916831,0.6609995273690277,0.6459906017366254,0.625074755415216,0.5983252066455069,0.5657964739561193,0.5274800452856897,0.4832222393671598,0.4325548634668729,0.37428340769074914,0.30519229988373076,0.21308757729961014,nan,nan,nan,nan,nan,nan,nan,0.150424809419289
46020.0,0.6717495673293822,0.6687393379743962,0.6597243705744082,0.644749408598268,0.6238804846724983,0.5971902097083125,0.5647323472370325,0.5264974961484341,0.48233094589779535,0.43176326921128994,0.3735981329859715,0.3046152726465058,0.21258759926397772,nan,nan,nan,nan,nan,nan,nan,0.15009527404491635
46080.0,0.6704510630256899,0.6674476954597619,0.6584532223456564,0.6435121162915252,0.6226899663499389,0.5960587784787925,0.5636715642343222,0.525518037149766,0.4814424619985064,0.430974182366092,0.372915048933494,0.30404011140699055,0.2120890783794389,nan,nan,nan,nan,nan,nan,nan,0.1497669573355449
46140.0,0.6691566397851012,0.6661601121879719,0.6571860682476192,0.6422787107512671,0.6215031868920127,0.5949309000441595,0.5626141128051042,0.5245416570378802,0.4805567774189936,0.4301875937684855,0.3722341474946542,0.303466809216714,0.2115920009316253,nan,nan,nan,nan,nan,nan,nan,0.14943985539198915
46200.0,0.6678662829239882,0.6648765735505271,0.6559228938958335,0.6410491779621391,0.6203201327918832,0.5938065615390171,0.5615599808518705,0.5235683446025624,0.47967388194410077,0.4294034942826361,0.37155542065159564,0.30289535914765425,0.21109633044391224,nan,nan,nan,nan,nan,nan,nan,0.14911396432938562
46260.0,0.666579977802871,0.6635970649830403,0.6546636849498897,0.6398235039528474,0.6191407905866989,0.5926857501409377,0.5605091563163433,0.5225980886647614,0.47879376537894347,0.4286218747866488,0.3708788604079644,0.30232575431487474,0.21060206535876388,nan,nan,nan,nan,nan,nan,nan,0.14878928031220506
46320.0,0.6652977098488234,0.6623215719870993,0.6534084271336227,0.6386016748135509,0.6179651468717149,0.591568453083094,0.5594616271963964,0.5216308781062963,0.4779164175943094,0.427842726217046,0.3702044587935468,0.30175798780578816,0.2101091993512666,nan,nan,nan,nan,nan,nan,nan,0.1484657994230647
46380.0,0.6640194645388531,0.66105008011405,0.6521571062201332,0.6373836766829561,0.6167931882898109,0.5904546576448804,0.558417381533493,0.5206667018478054,0.4770418284929474,0.42706603953569605,0.3695322078606958,0.3011920527324692,0.2096177261245213,nan,nan,nan,nan,nan,nan,nan,0.14814351776003723
46440.0,0.6627452273956937,0.6597825749608985,0.650909708028,0.6361694957449175,0.6156249015282795,0.5893443511482858,0.557376407407823,0.5197055488423356,0.4761699880028909,0.42629180572598824,0.36886209968664113,0.3006279422405514,0.20912763942244278,nan,nan,nan,nan,nan,nan,nan,0.14782243144953577
46500.0,0.6614749839967824,0.6585190421790617,0.6496662184293635,0.6349591182355461,0.6144602733250778,0.5882375209642876,0.5563386929468652,0.5187474080880983,0.47530088609361915,0.42552001580576004,0.36819412637191573,0.3000656494855636,0.2086389329905997,nan,nan,nan,nan,nan,nan,nan,0.14750253660633894
46560.0,0.6602087199823614,0.6572594674822623,0.6484266233572199,0.633752530449621,0.6132992904744682,0.587134154518625,0.5553042263331283,0.5177922686400018,0.4744345127906455,0.42475066083891677,0.36752828003881055,0.29950516761143164,0.20815160054081652,nan,nan,nan,nan,nan,nan,nan,0.14718382929751028
46620.0,0.6589464210416421,0.6560038366330438,0.6471909087929605,0.6325497187296307,0.6121419398173747,0.5860342392819283,0.5542729957909209,0.5168401195899401,0.47357085815054645,0.4239837319154451,0.36686455283376157,0.29894648978690924,0.20766563581149663,nan,nan,nan,nan,nan,nan,nan,0.14686630560401215
46680.0,0.657688072917485,0.6547521354473316,0.6459590607705852,0.6313506694694776,0.6109882082446391,0.5849377627730507,0.5532449895908184,0.5158909500734417,0.4727099122693762,0.4232192201581222,0.3662029369264741,0.298389609193183,0.2071810325471832,nan,nan,nan,nan,nan,nan,nan,0.146549961599867
46740.0,0.6564336613851162,0.6535043497736672,0.6447310653573881,0.6301553690971128,0.609838082681058,0.5838447125422166,0.5522201960280089,0.5149447492399882,0.47185166524754185,0.4224571166952864,0.3655434245130586,0.2978345190743949,0.20669778458896032,nan,nan,nan,nan,nan,nan,nan,0.14623479344335144
46800.0,0.6551831722917568,0.6522604655318736,0.6435069086899186,0.6289638041068636,0.6086915501150977,0.5827550762023792,0.551198603462573,0.5140015063082256,0.47099610725513735,0.4216974127114814,0.36488600781017155,0.29728121264356944,0.2062158857061275,nan,nan,nan,nan,nan,nan,nan,0.14592079720719134
46860.0,0.6539365915388793,0.6510204686957406,0.642286576957877,0.6277759610449551,0.6075485975855831,0.5816688414151748,0.5501802003014433,0.5130612105412319,0.47014322850265783,0.42094009942470084,0.36423067905750106,0.2967296831245748,0.20573532967148175,nan,nan,nan,nan,nan,nan,nan,0.14560796895459244
46920.0,0.6526939050768329,0.6497843452877841,0.6410700563992382,0.6265918265051245,0.606409212177665,0.5805859958866622,0.549164974992929,0.5121238512390103,0.46929301923211253,0.42018516807949424,0.36357743051854474,0.29617992376486824,0.2052561102841391,nan,nan,nan,nan,nan,nan,nan,0.1452963047622666
46980.0,0.651455098908359,0.648552081382672,0.6398573333034332,0.625411387131468,0.6052733810254184,0.579506527370057,0.5481529160302493,0.5111894177433876,0.4684454697228759,0.41943260995152576,0.36292625448006627,0.29563192782697034,0.20477822135431598,nan,nan,nan,nan,nan,nan,nan,0.14498580070514447
47040.0,0.6502201590561781,0.6473236630755137,0.6386483939815193,0.6242346295908917,0.6041410912854424,0.5784304236372757,0.547144011916456,0.5102578993936727,0.46760057024320956,0.41868241631274705,0.36227714325859506,0.2950856886572429,0.20430165682462934,nan,nan,nan,nan,nan,nan,nan,0.14467645298072704
47100.0,0.6489890716380304,0.6460990765552759,0.6374432248352384,0.6230615406368888,0.6030123301979703,0.5773576725447882,0.5461382512455969,0.5093292856292473,0.4667583111624249,0.41793457851198246,0.3616300891853918,0.2945411995267139,0.20382641048929329,nan,nan,nan,nan,nan,nan,nan,0.14436825762119576
47160.0,0.6477618228082335,0.6448783080476042,0.6362418123032312,0.6218921070598642,0.6018870850392709,0.5762882619823247,0.5451356226394951,0.5084035659096466,0.46591868286348614,0.41718908791208487,0.36098508461802803,0.2939984537548966,0.2033524762127291,nan,nan,nan,nan,nan,nan,nan,0.1440612107176248
47220.0,0.6465383987731215,0.643661343829929,0.6350441428752457,0.6207263157002558,0.6007653431342174,0.5752221798864169,0.5441361147644371,0.5074807297356547,0.46508167576607007,0.4164459359064983,0.36034212193728254,0.29345744467703466,0.20287984787178015,nan,nan,nan,nan,nan,nan,nan,0.14375530836074635
47280.0,0.645318785784697,0.6424481702252227,0.6338502030861581,0.6195641534428097,0.5996470918505467,0.5741594142341102,0.543139716323792,0.5065607666408506,0.4642472803183678,0.41570511391428244,0.35970119354911595,0.2929181656551956,0.2024085193737119,nan,nan,nan,nan,nan,nan,nan,0.14345054665887488
47340.0,0.6441029701284542,0.6412387735900269,0.632659979504506,0.6184056072056043,0.5985323185878514,0.5730999530309031,0.5421464160438527,0.5056436661754052,0.4634154869813876,0.41496661337063034,0.359062291888553,0.29238061009965066,0.20193848469078615,nan,nan,nan,nan,nan,nan,nan,0.1431469217722847
47400.0,0.6428909381725304,0.6400331403627801,0.6314734587787703,0.6172506639843479,0.5974210108219945,0.5720437843593879,0.5411562027309149,0.5047294179713963,0.46258628629223,0.41423042576510694,0.3584254094040482,0.29184477138264014,0.20146973772068888,nan,nan,nan,nan,nan,nan,nan,0.14284442977444356
47460.0,0.6416826763239319,0.6388312570207773,0.6302906275961542,0.6160993108129218,0.5963131560655468,0.5709908963359226,0.5401690652204288,0.5038180116846133,0.4617596688076858,0.41349654260751,0.35779053857129395,0.2913106429150511,0.20100227241075586,nan,nan,nan,nan,nan,nan,nan,0.1425430667755974
47520.0,0.6404781710408514,0.6376331100922797,0.6291114726941811,0.614951534774482,0.5952087418789145,0.5699412771228141,0.5391849923912949,0.5029094370109127,0.4609356251200796,0.4127649554374415,0.35715767188929837,0.29077821812480464,0.20053608272298734,nan,nan,nan,nan,nan,nan,nan,0.1422428288879957
47580.0,0.6392774088206082,0.6364386861445772,0.6279359808490151,0.613807322989882,0.594107755858352,0.5688949149152116,0.5382039731513,0.5020036836711003,0.4601141458444163,0.4120356558181533,0.3565268018850083,0.29024749047297765,0.20007116265787753,nan,nan,nan,nan,nan,nan,nan,0.14194371224823468
47640.0,0.6380803762088464,0.6352479717930924,0.6267641388843659,0.6126666626264987,0.593010185645096,0.567851797951088,0.5372259964482039,0.5011007414224347,0.4592952216281603,0.41130863534122464,0.3558979211097768,0.28971845344149694,0.1996075062362173,nan,nan,nan,nan,nan,nan,nan,0.141645713000217
47700.0,0.63688705981963,0.6340609537212749,0.6255959336909522,0.6115295409175143,0.5919160189453321,0.5668119145330689,0.5362510512939822,0.5002006000837812,0.45847884317258397,0.4105838856367182,0.35527102213153583,0.2891911005061545,0.19914510745929553,nan,nan,nan,nan,nan,nan,nan,0.14134882725791773
47760.0,0.6356974463089962,0.6328776186544189,0.624431352200886,0.6103959451365342,0.5908252435039099,0.5657752529996936,0.5352791267329013,0.4993032495024731,0.45766500120460624,0.4098613983597156,0.3546460975449725,0.288665425172,0.19868396036118693,nan,nan,nan,nan,nan,nan,nan,0.14105305115438593
47820.0,0.634511522383413,0.6316979533680371,0.6232703813958632,0.6092658626057016,0.5897378471127447,0.5647418017345974,0.5343102118517152,0.4984086795648894,0.45685368648577235,0.40914116519458893,0.3540231399682382,0.28814142096198353,0.19822405899199225,nan,nan,nan,nan,nan,nan,nan,0.14075838082607312
47880.0,0.633329274779617,0.63052194466778,0.6221130082871966,0.6081392806755255,0.5886538175897789,0.5637115491439864,0.5333442957558534,0.4975168801733328,0.45604488979403,0.40842317784717486,0.35340214204972553,0.2876190814379556,0.19776539744923638,nan,nan,nan,nan,nan,nan,nan,0.14046481244133519
47940.0,0.6321506903000486,0.6293495794247252,0.6209592199509051,0.6070161867603261,0.5875731428159434,0.562684483696204,0.5323813676112394,0.49662784128663023,0.4552386019557191,0.40770742805849525,0.35278309645612793,0.28709840016372434,0.19730796982263873,nan,nan,nan,nan,nan,nan,nan,0.1401723421503414
48000.0,0.630975755801752,0.6281808445643232,0.6198090035167209,0.6058965683271298,0.586495810723575,0.5616605939093318,0.5314214166311807,0.49574155290739275,0.4544348138355119,0.4069939076004031,0.35216599587611275,0.28657937071656314,0.19685177021135902,nan,nan,nan,nan,nan,nan,nan,0.13988096610076514
48060.0,0.6298044581862267,0.6270157270562899,0.6186623461580384,0.6047804128855134,0.5854218092858249,0.5606398683398449,0.530464432064375,0.49485800507036865,0.4536335163272323,0.40628260827163265,0.3515508330237219,0.2860619866977699,0.19639679273978303,nan,nan,nan,nan,nan,nan,nan,0.13959068045213044
48120.0,0.6286367844047145,0.6258542139198723,0.6175192350971497,0.6036677079928925,0.5843511265221717,0.5596222955885134,0.5295104032011444,0.49397718784849104,0.4528347003586114,0.40557352189982476,0.3509376006365661,0.28554624172712806,0.19594303154925669,nan,nan,nan,nan,nan,nan,nan,0.1393014813683367
48180.0,0.6274727214356285,0.6246962922012996,0.6163796575826607,0.602558441231605,0.5832837504747036,0.5586078642755989,0.5285593193480906,0.49309909132904584,0.4520383568727951,0.40486664033319886,0.3503262914814882,0.285032129462963,0.19549048083027476,nan,nan,nan,nan,nan,nan,nan,0.1390133650469787
48240.0,0.6263122563242225,0.6235419490134121,0.6152436009291787,0.6014526002491796,0.5822196692497887,0.5575965630844248,0.5276111698726091,0.49222370565552126,0.45124447686080876,0.4041619554551568,0.34971689834458114,0.2845196435668649,0.1950391347658598,nan,nan,nan,nan,nan,nan,nan,0.13872632766781753
48300.0,0.6251553761701645,0.6223911715232479,0.6141110525048803,0.6003501727457181,0.5811588710050172,0.5565883807477198,0.5266659441889313,0.4913510210144734,0.4504530518258158,0.4034594591796542,0.3491094140342505,0.28400877771467353,0.19458898754922946,nan,nan,nan,nan,nan,nan,nan,0.13844036540892157
48360.0,0.6240020681161751,0.6212439469406912,0.6129819997201418,0.5992511464623603,0.5801013439372606,0.5555833060351296,0.5257236317453627,0.49048102762352613,0.4496640730926863,0.4027591434470023,0.34850383138406094,0.28349952560656916,0.19414003339999183,nan,nan,nan,nan,nan,nan,nan,0.13815547446142531
48420.0,0.6228523193539478,0.6201002625243874,0.6118564300334616,0.5981555091872912,0.5790470762888882,0.5545813277597152,0.5247842220309172,0.4896137157376031,0.4488775308733569,0.402061000226025,0.3479001432512214,0.2829918809617817,0.1936922665556624,nan,nan,nan,nan,nan,nan,nan,0.13787165102183918
48480.0,0.6217061171127934,0.6189601055703822,0.6107343309400497,0.5970632487441603,0.577996056335862,0.5535824347656957,0.5238477045630555,0.4887490756376291,0.4480934162828103,0.40136502151003917,0.3472983425188483,0.282485837527452,0.19324568128656014,nan,nan,nan,nan,nan,nan,nan,0.13758889130513996
48540.0,0.6205634486715005,0.6178234634239861,0.6096156899837433,0.5959743530041709,0.5769482724001611,0.5525866159412355,0.5229140689004715,0.48788709764230564,0.44731172046957113,0.4006711993210263,0.34669842209357804,0.28198138906935266,0.19280027188020893,nan,nan,nan,nan,nan,nan,nan,0.13730719153109866
48600.0,0.6194243013604638,0.6166903234819046,0.6085004947591448,0.5948888098882514,0.5759037128520091,0.5515938602207331,0.5219833046453791,0.48702777211021203,0.4465324346173086,0.399979525710355,0.346100374905109,0.28147852937019113,0.19235603263849926,nan,nan,nan,nan,nan,nan,nan,0.137026547921826
48660.0,0.6182886931213767,0.6155608506704402,0.6073893498706874,0.5938079529281303,0.5748647250377571,0.5506078108772435,0.5210606366127892,0.48617820992615207,0.4457649140024426,0.399302099972461,0.34551992093904954,0.2809987709840883,0.19195131770363513,nan,nan,nan,nan,nan,nan,nan,0.1367464354810408
48720.0,0.6171566415977239,0.6144349148048379,0.6062816829433216,0.5927304766959414,0.573828984064643,0.5496248400333844,0.5201408470571494,0.48533129783687307,0.4449997906122015,0.39862679887320585,0.3449413049768529,0.2805205583097193,0.19154773289292648,nan,nan,nan,nan,nan,nan,nan,0.13646704182443814
48780.0,0.6160281336847521,0.6133125028522493,0.6051774811587152,0.5916563687268267,0.572796477953971,0.5486449363201124,0.5192239253299626,0.48448702600869464,0.4442370555004887,0.39795361439885163,0.34436451994535017,0.280043884642985,0.19114525692362871,nan,nan,nan,nan,nan,nan,nan,0.13618853061584277
48840.0,0.6149031563365153,0.6121936018383309,0.6040767317561297,0.590585616611992,0.5717671947809395,0.5476680884194469,0.5183098608303053,0.48364538465139945,0.4434766997600547,0.39728253856956297,0.3437895587897227,0.2795687421905402,0.19074389319047697,nan,nan,nan,nan,nan,nan,nan,0.13591095381973828
48900.0,0.6137816965578612,0.6110781988392778,0.6029794220245915,0.5895182079911012,0.5707411226673438,0.546694285057574,0.5173986429984081,0.48280636401237226,0.4427187145172642,0.39661356343449583,0.3432164144328722,0.27909512253494584,0.19034364663851983,nan,nan,nan,nan,nan,nan,nan,0.13563433770718647
48960.0,0.6126637414044307,0.6099662809818187,0.6018855393028805,0.588454130552258,0.569718249781554,0.5457235150048128,0.5164902613156228,0.48196995437657064,0.4419630909320644,0.39594668107007625,0.3426450797268752,0.27862301740241957,0.18994452070425719,nan,nan,nan,nan,nan,nan,nan,0.13535869742833434
49020.0,0.6115492779820132,0.6088578354425754,0.6007950709788987,0.5873933720313881,0.5686985643379131,0.5447557670750454,0.5155847053038904,0.48113614606605176,0.44120982019748745,0.3952818835750965,0.3420755474305883,0.27815241904696336,0.18954651722318527,nan,nan,nan,nan,nan,nan,nan,0.13508404283064368
49080.0,0.6104382934462347,0.6077528494477509,0.5997080044893581,0.5863359202119282,0.5676820545964326,0.543791030125423,0.5146819645254704,0.4803049294397202,0.44045889353899736,0.39461916306289635,0.34150781024276355,0.2776833202039034,0.18914963687194827,nan,nan,nan,nan,nan,nan,nan,0.13481038020071687
49140.0,0.6093307750025178,0.6066513102730882,0.5986243273197362,0.5852817629247786,0.5666687088627427,0.5428292930563124,0.5137820285828868,0.47947629489325555,0.43971030221385393,0.39395851165750784,0.3409418608290029,0.2772157140485165,0.18875387928699244,nan,nan,nan,nan,nan,nan,nan,0.1345377131948474
49200.0,0.6082267099059777,0.6055532052437653,0.5975440270041716,0.5842308880481957,0.5656585154879792,0.5418705448111848,0.5128848871188197,0.47865023285894964,0.4389640375099146,0.39329992148932036,0.34037769186200684,0.27674959411499966,0.18835924328066067,nan,nan,nan,nan,nan,nan,nan,0.13426604390156138
49260.0,0.6071260854611953,0.6044585217341687,0.596467091125233,0.5831832835075612,0.5646514628685573,0.5409147743763962,0.5119905298158948,0.4778267338053821,0.4382200907440182,0.39264338469420174,0.33981529605339283,0.2762849542133732,0.18796572707388914,nan,nan,nan,nan,nan,nan,nan,0.13399537345926477
49320.0,0.6060288890220042,0.6033672471676799,0.5953935073137094,0.582138937275172,0.5636475394459644,0.5399619707809864,0.511098946396479,0.4770057882370139,0.43747845326041623,0.3919888934166897,0.3392546661716064,0.275821788354286,0.18757332843735605,nan,nan,nan,nan,nan,nan,nan,0.1337257021998567
49380.0,0.6049351079913047,0.6022793690164897,0.5943232632484217,0.5810978373700537,0.5626467337065753,0.539012123096498,0.5102101266224796,0.4761873866936952,0.4367391164295882,0.3913364398150355,0.33869579505077496,0.2753600906956081,0.18718204476224104,nan,nan,nan,nan,nan,nan,nan,0.13345702976508703
49440.0,0.6038447298207528,0.6011948748012863,0.5932563466559123,0.5800599718576505,0.5616490341813464,0.5380652204366746,0.5093240602949614,0.4753715197497398,0.43600207164739935,0.39068601606982,0.33813867559458666,0.2748998554879776,0.18679187315884005,nan,nan,nan,nan,nan,nan,nan,0.13318935533386825
49500.0,0.602757742011048,0.6001137520915435,0.5921927453107311,0.5790253288501086,0.5606544294460916,0.5371212519577255,0.5084407372544638,0.47455817801475086,0.43526731033625,0.3900376143752725,0.3375833007717065,0.2744410771336586,0.18640281036054668,nan,nan,nan,nan,nan,nan,nan,0.1329226774541797
49560.0,0.601674132111079,0.5990359885046659,0.5911324470345827,0.5779938965054292,0.559662908120651,0.5361802068574982,0.5075601473799296,0.47374735213119706,0.4345348239435441,0.3893912269615741,0.3370296636226624,0.2739837500448442,0.18601485299698378,nan,nan,nan,nan,nan,nan,nan,0.1326569945846125
49620.0,0.600593887718437,0.5979615717065028,0.5900754396968382,0.5769656630279746,0.5586744588693834,0.5352420743759531,0.5066822805892892,0.47293903277597815,0.4338046039433985,0.3887468460798469,0.3364777572524018,0.2735278687405692,0.185627997408974,nan,nan,nan,nan,nan,nan,nan,0.13239230469912358
49680.0,0.5995169964786128,0.596890489410544,0.5890217112137333,0.5759406166676728,0.5576890704003835,0.5343068437943694,0.5058071268383909,0.4721332106582644,0.43307664183644484,0.38810446402094384,0.33592757483126834,0.2730734277337834,0.1852422398937455,nan,nan,nan,nan,nan,nan,nan,0.1321286057701071
49740.0,0.5984434460851229,0.5958227293780478,0.5879712495484951,0.5749187457201431,0.5567067314655963,0.5333745044354168,0.5049346761210654,0.4713298765203744,0.4323509291518286,0.3874640731077494,0.33537910958584105,0.27262042158446015,0.1848575765933745,nan,nan,nan,nan,nan,nan,nan,0.13186589550977748
49800.0,0.5973732242794486,0.5947582794179787,0.5869240427112798,0.573900038526631,0.555727430860756,0.5324450456631101,0.5040649184690791,0.4705290211373414,0.431627457446243,0.38682566569887883,0.33483235480347023,0.2721688448738376,0.18447400354784635,nan,nan,nan,nan,nan,nan,nan,0.13160417149641493
49860.0,0.596306318850296,0.5936971273862678,0.5858800787584371,0.57288448347328,0.5547511574246412,0.5315184568819418,0.5031978439509905,0.46973063531663517,0.43090621830829334,0.38618923419249024,0.3342873038127965,0.27171869219416955,0.18409151674045646,nan,nan,nan,nan,nan,nan,nan,0.1313434312051438
49920.0,0.5952427176341287,0.5926392611863461,0.5848393457930375,0.5718720689916509,0.5537779000395935,0.5305947275374756,0.5023334426730444,0.46893470989874947,0.43018720335525606,0.38555477102122915,0.3337439499983536,0.27126995816539823,0.1837101120458052,nan,nan,nan,nan,nan,nan,nan,0.13108367196003584
49980.0,0.5941824085140297,0.5915846687680064,0.5838018319637425,0.5708627835575937,0.5528076476303597,0.5296738471150108,0.5014717047775874,0.46814123575703215,0.4294704042386586,0.38492226865731793,0.33320228677581737,0.2708226374142959,0.1833297853155379,nan,nan,nan,nan,nan,nan,nan,0.13082489103964812
50040.0,0.5931253794216703,0.5905333381293698,0.582767525466758,0.5698566156931989,0.551840389166106,0.528755805141907,0.5006126204455962,0.467350203797265,0.4287558126352008,0.3842917196075495,0.3326623076320826,0.27037672459756723,0.18295053224988284,nan,nan,nan,nan,nan,nan,nan,0.1305670855087964
50100.0,0.5920716183337729,0.589485257313354,0.5817364145423194,0.5688535539632759,0.5508761136567522,0.5278405911834197,0.49975617989259125,0.46656160495909743,0.4280434202610738,0.38366311641829975,0.3321240060612697,0.2699322143644345,0.18257234861855756,nan,nan,nan,nan,nan,nan,nan,0.13031025252459894
50160.0,0.591021113274998,0.5884404144105552,0.5807084874775597,0.5678535869782273,0.5499148101559679,0.5269281948460749,0.4989023733718014,0.46577543021468093,0.42733321886095715,0.38303645167253714,0.33158737561423374,0.2694891013865341,0.18219523008040686,nan,nan,nan,nan,nan,nan,nan,0.13005438908250305
50220.0,0.589973852317165,0.5873987975584698,0.5796837326057326,0.5668567033932652,0.5489564677603518,0.5260186057767748,0.4980511911734364,0.46499167056913254,0.42662520021044187,0.38241171798979995,0.33105240988708695,0.2690473803508328,0.18181917222648183,nan,nan,nan,nan,nan,nan,nan,0.12979949207666913
50280.0,0.5889298235756562,0.5863603949379026,0.5786621383026309,0.565862891904802,0.5480010756056491,0.5251118136587246,0.4972026236214831,0.46421031706281335,0.4259193561268373,0.38178890802520593,0.33051910246927896,0.2686070459297646,0.18144417077777264,nan,nan,nan,nan,nan,nan,nan,0.12954555857161593
50340.0,0.5878890152154866,0.5853251947790297,0.5776436929926332,0.5648721412565472,0.5470486228731395,0.5242078082182435,0.4963566610788438,0.4634313607672914,0.4252156784519137,0.38116801447267434,0.3299874470278427,0.26816809282858706,0.18107022019376268,nan,nan,nan,nan,nan,nan,nan,0.12929258536119395
50400.0,0.5868514154466027,0.5842931853567013,0.5766283851440155,0.563884440234773,0.5460990987846726,0.5233065792195233,0.49551329394354,0.4626547927885922,0.4245141590645287,0.3805490300611671,0.3294574372444793,0.2677305157515989,0.18069728627499032,nan,nan,nan,nan,nan,nan,nan,0.12904056929210336
50460.0,0.5858169846087038,0.5832641892464999,0.575615625078905,0.5628985151639122,0.5451502771557671,0.5224046807280258,0.49466758397280347,0.4618738890354138,0.42380593826613117,0.37992046710013605,0.32891407857057753,0.2672735934267852,0.1802868024978714,nan,nan,nan,nan,nan,nan,nan,0.12879001076058388
50520.0,0.5847856834054106,0.5822383059331488,0.5746059275654107,0.5619155697902014,0.5442043210704283,0.5215055041162951,0.4938244249249332,0.46109534053684365,0.4230998552468554,0.3792938063527047,0.32837237252939744,0.2668180648020557,0.1798773288565071,nan,nan,nan,nan,nan,nan,nan,0.1285407170618463
50580.0,0.5837575006995851,0.5812155243380167,0.5735992816992459,0.5609355934958894,0.543261220303166,0.5206090396470578,0.49298380763388144,0.4603191387677827,0.42239590218634315,0.3786690407762161,0.32783231294407483,0.2663639250451639,0.1794688730309958,nan,nan,nan,nan,nan,nan,nan,0.12829252328843951
50640.0,0.5827324253873611,0.5801958334155659,0.5725956766086703,0.5599585756948269,0.5423209646587231,0.51971527761153,0.4921457229603242,0.4595452752288721,0.421694071290427,0.3780461633546317,0.32729389366666306,0.2659111702713153,0.17906142019931737,nan,nan,nan,nan,nan,nan,nan,0.12804537293602247
50700.0,0.5817104464061849,0.5791792221613435,0.5715951014623357,0.5589845058400762,0.5413835439793622,0.5188242083363288,0.4913101617981673,0.4587737414525002,0.42099435479638436,0.37742516710290336,0.3267571086084279,0.2654597971961347,0.17865495492235148,nan,nan,nan,nan,nan,nan,nan,0.12779923426415962
50760.0,0.5806915527351986,0.578165679612361,0.5705975454696546,0.5580133734242595,0.5404489481452004,0.51793582218382,0.49047711507493696,0.4580045290032159,0.4202967449731986,0.3768060450679473,0.3262219517791347,0.2650098024796793,0.17824946357549695,nan,nan,nan,nan,nan,nan,nan,0.1275540861947065
50820.0,0.5796757333946286,0.577155194846483,0.5696029978801954,0.55704516797897,0.5395171670736583,0.5170501095516392,0.4896465737514105,0.45723762947741736,0.4196012341211608,0.3761887903310227,0.32568841730879045,0.26456118237433296,0.17784493421160857,nan,nan,nan,nan,nan,nan,nan,0.12730991271733716
50880.0,0.5786629774455269,0.5761477569821711,0.5686114479834253,0.5560798790745213,0.5385881907192303,0.5161670608725182,0.48881852882151816,0.4564730345032856,0.41890781457192666,0.3755733960130862,0.32515649942496455,0.2641139327492854,0.17744135608609757,nan,nan,nan,nan,nan,nan,nan,0.1270667012050654
50940.0,0.5776532739897356,0.5751433551784463,0.5676228851086723,0.5551174963199083,0.537662009073454,0.5152866666142767,0.48799297131237424,0.4557107357408323,0.4182164786888585,0.3749598552777557,0.3246261924316808,0.26366804912108677,0.17703871952391764,nan,nan,nan,nan,nan,nan,nan,0.12682444153026254
51000.0,0.5766466121698037,0.5741419786348034,0.5666372986250362,0.5541580093627194,0.5367386121648383,0.5144089172797959,0.4871698922843051,0.4549507248819696,0.41752721886769106,0.3743481613348849,0.3240974906762679,0.2632235267214885,0.1766370156772106,nan,nan,nan,nan,nan,nan,nan,0.12658312504446337
51060.0,0.5756429811687895,0.5731436165910151,0.565654677941194,0.5532014078889486,0.5358179900586995,0.5135338034069008,0.4863492828307929,0.4541929936505361,0.4168400275374073,0.37373830744150077,0.3235703885216377,0.26278036056818316,0.1762362362845778,nan,nan,nan,nan,nan,nan,nan,0.1263427439828454
51120.0,0.5746423702100796,0.5721482583269497,0.5646750125052178,0.5522476816228216,0.5349001328570095,0.5126613155682526,0.4855311340784181,0.4534375338023761,0.4161548971611785,0.37313028689943895,0.32304488032960393,0.2623385455311264,0.17583637353906184,nan,nan,nan,nan,nan,nan,nan,0.12610329133859885
51180.0,0.5736447685572278,0.5711558931624103,0.5636982918044173,0.5512968203266473,0.5339850306982695,0.5117914443712586,0.4847154371868243,0.45268433712550893,0.41547182023711815,0.37252409305114903,0.32252096045192646,0.2618980763810482,0.17543742002392676,nan,nan,nan,nan,nan,nan,nan,0.1258647607574611
51240.0,0.5726501655137016,0.5701665104568826,0.5627245053650911,0.5503488138005828,0.5330726737573129,0.510924180457942,0.4839021833486977,0.4519333954404876,0.41479078929869984,0.3719197192725695,0.3219986232253524,0.2614589478363642,0.175039368620562,nan,nan,nan,nan,nan,nan,nan,0.12562714632697955
51300.0,0.5716585504231123,0.5691800996097629,0.5617536427527501,0.5494036518828431,0.5321630522454783,0.510059514505054,0.4830913637897926,0.45118470060008475,0.41411179691403943,0.3713171589800037,0.321477862977109,0.2610211545120847,0.17464221259538462,nan,nan,nan,nan,nan,nan,nan,0.1253904427231226
51360.0,0.5706699126685093,0.5681966500596565,0.5607856935714288,0.5484613244490582,0.5312561564100752,0.5091974372237221,0.4822829697688959,0.45043824449023406,0.4134348356865135,0.3707164056113185,0.32095867401428446,0.2605846910459637,0.1742459453397837,nan,nan,nan,nan,nan,nan,nan,0.12515464471375368
51420.0,0.5696842416727834,0.567216151284778,0.5598206474640801,0.5475218214126409,0.5303519765346877,0.5083379393596515,0.4814769925778692,0.4496940190294021,0.41275989825364245,0.3701174537468762,0.32044105063339334,0.26014955201443146,0.17385056054308637,nan,nan,nan,nan,nan,nan,nan,0.12491974751340754
51480.0,0.5687015268980361,0.5662385928023247,0.558858494111961,0.5465851327242165,0.529450502938702,0.5074810116928175,0.48067342354165066,0.44895201616938163,0.41208697728675847,0.36952029850960255,0.31992498711566536,0.25971573202921916,0.1734560519670631,nan,nan,nan,nan,nan,nan,nan,0.1246857463550283
51540.0,0.5677217578456223,0.5652639641685193,0.5578992232346783,0.5456512483716707,0.5285517259773496,0.5066266450375124,0.479872254018312,0.4482122278948208,0.41141606548911436,0.36892493024788126,0.31941047773705294,0.2592832256962063,0.17306241354196894,nan,nan,nan,nan,nan,nan,nan,0.12445263670733821
51600.0,0.5667449240561744,0.5642922549786328,0.5569428245902092,0.5447201583801624,0.5276556360417135,0.5057748302423367,0.47907347539901934,0.4474746462234145,0.41074715559697134,0.36833134249547744,0.3188975167625607,0.2588520276320009,0.17266963933060764,nan,nan,nan,nan,nan,nan,nan,0.12422041418241289
51660.0,0.565771015108918,0.5633234548663089,0.5559892879742511,0.5437918528115384,0.5267622235582625,0.5049255581899545,0.47827707910813444,0.4467392632054576,0.41008024037483926,0.3677395288013335,0.31838609846327803,0.2584221324789769,0.17227772347698195,nan,nan,nan,nan,nan,nan,nan,0.12398907449148687
51720.0,0.5648000206221435,0.5623575535040295,0.5550386032206709,0.5428663217647396,0.5258714789891775,0.5040788197972682,0.47748305660306767,0.44600607092380457,0.4094153126187526,0.36714948273551123,0.31787621710410907,0.2579935348874534,0.17188666025779953,nan,nan,nan,nan,nan,nan,nan,0.12375861349457376
51780.0,0.5638319302522599,0.5613945406021806,0.5540907602006113,0.5419435553749977,0.5249833928317194,0.5032346060150908,0.4766913993743003,0.44527506149290697,0.40875236515032104,0.3665611978825517,0.3173678669638788,0.25756622953597835,0.1714964440053697,nan,nan,nan,nan,nan,nan,nan,0.12352902710599338
51840.0,0.5628667336954586,0.5604344059106942,0.5531457488240541,0.5410235438152311,0.5240979556193115,0.5023929078286888,0.4759020989454874,0.44454622706113744,0.4080913908268268,0.36597466784938104,0.3168610423017957,0.2571402111085936,0.17110706922382676,nan,nan,nan,nan,nan,nan,nan,0.12330031144581026
51900.0,0.5619044206847675,0.5594771392161413,0.5522035590370561,0.540106277293585,0.5232151579196445,0.5015537162567897,0.47511514687288564,0.4438195598059651,0.407432382524697,0.36538988625487867,0.3163557374104835,0.25671547433141384,0.17071853038955714,nan,nan,nan,nan,nan,nan,nan,0.1230724625653793
51960.0,0.5609449809923078,0.5585227303439582,0.5512641808238639,0.539191746055308,0.5223349903361143,0.5007170223523443,0.47433053474590214,0.44309505193781135,0.4067753331516413,0.3648068467368155,0.3158519465773461,0.25629201394520856,0.1703308221051235,nan,nan,nan,nan,nan,nan,nan,0.12284547666217742
52020.0,0.559988404429028,0.5575711691581846,0.5503276042066638,0.5382799403825319,0.5214574435076533,0.4998828172024206,0.473548254186945,0.442372695699508,0.4061202356454764,0.36422554295149684,0.3153496640880643,0.255869824708173,0.16994393908488756,nan,nan,nan,nan,nan,nan,nan,0.12261935005964633
52080.0,0.5590346808411447,0.5566224455579578,0.5493938192422665,0.5373708505913471,0.5205825081064974,0.499051091926852,0.4727682968497789,0.4416524833593646,0.4054670829575702,0.3636459685681349,0.3148488842783883,0.255448901431022,0.1695578759399137,nan,nan,nan,nan,nan,nan,nan,0.12239407891455503
52140.0,0.5580838001157045,0.5556765494829881,0.5484628160272809,0.5364644670363559,0.5197101748416555,0.4982218376803868,0.47199065442233457,0.440934407222217,0.40481586807775916,0.3630681172758245,0.31434960145623075,0.2550292389253618,0.16917262750329426,nan,nan,nan,nan,nan,nan,nan,0.12216965965602793
52200.0,0.5571357521766069,0.554733470909644,0.5475345846944161,0.5355607801074205,0.5188404344564295,0.4973950456511162,0.47121531862455307,0.4402184596213783,0.4041665840169451,0.3624919827794407,0.31385180995586337,0.25461083203870044,0.1687881886056322,nan,nan,nan,nan,nan,nan,nan,0.1219460886843237
52260.0,0.5561905525746942,0.5537933553071549,0.5466096596314729,0.5346609699646321,0.5179753674754775,0.4965739513611821,0.4704469415464131,0.43951099372354024,0.403527628324289,0.3619284949469059,0.31336985801676154,0.25421373649366635,0.16844422606874349,nan,nan,nan,nan,nan,nan,nan,0.12172287499274673
52320.0,0.5552482166114184,0.5528560873505075,0.5456875344850035,0.5337638810132526,0.5171129131809967,0.4957553331418355,0.4696808779183747,0.43880565519849934,0.40289059348529577,0.36136670450479336,0.3128893678815732,0.25381785992052946,0.16810106591709031,nan,nan,nan,nan,nan,nan,nan,0.12150020327033391
52380.0,0.5543087338574736,0.5519216566673566,0.5447681990524255,0.532869503330071,0.5162530620339983,0.4949391819375916,0.4689171192615821,0.4381024362278243,0.40225547240480997,0.36080660509913065,0.3124103338859404,0.2534231968883014,0.16775869654338763,nan,nan,nan,nan,nan,nan,nan,0.12127822638939137
52440.0,0.553372093929488,0.5509900529310352,0.5438516431760927,0.5319778270356522,0.5153958045377861,0.4941254887334958,0.4681556571354428,0.43740132902787915,0.40162225801708246,0.36024819039916267,0.31193275038174506,0.2530297411832865,0.1674171255188603,nan,nan,nan,nan,nan,nan,nan,0.12105699193623565
52500.0,0.5524382864846353,0.5500612658552014,0.5429378567380413,0.5310888422892434,0.5145411312330789,0.49331424455049455,0.4673964831332533,0.4367023258457462,0.4009909432821847,0.3596914540944646,0.31145661171504296,0.25263748608322056,0.1670763593711299,nan,nan,nan,nan,nan,nan,nan,0.12083652329857199
52560.0,0.5515073012203868,0.5491352851935922,0.5420268296597522,0.5302025392885539,0.5136890326978026,0.4925054404452085,0.46663958888191576,0.4360054189589007,0.40036152118581203,0.359136389894394,0.31098191219328886,0.25224642495844046,0.16673640221769107,nan,nan,nan,nan,nan,nan,nan,0.1206168340157009
52620.0,0.550579127874002,0.54821210073952,0.5411185519016675,0.5293189082692913,0.5128394995466399,0.491699067509476,0.46588496604144397,0.43531060067471694,0.3997339847389349,0.35858299152589096,0.31050864606653056,0.25185655155703085,0.16639725635525848,nan,nan,nan,nan,nan,nan,nan,0.12039793259805227
52680.0,0.5496537562223784,0.5472917023257255,0.5402130134630481,0.528437939505032,0.511992522430903,0.49089511687019866,0.46513260630475844,0.43461786333024316,0.39910832697756077,0.35803125272963215,0.3100368075393332,0.25146786000445465,0.1660589227726846,nan,nan,nan,nan,nan,nan,nan,0.12017982427979017
52740.0,0.5487311760820013,0.5463740798243307,0.5393102043819332,0.5275596233071836,0.5111480920384913,0.49009357968927536,0.4643825013975762,0.43392719929206974,0.3984845409623876,0.35748116725679085,0.30956639079292536,0.25108034476561997,0.16572140138471306,nan,nan,nan,nan,nan,nan,nan,0.11996251209977013
52800.0,0.5478113773088157,0.5454592231467107,0.5384101147350209,0.5266839500248732,0.5103061990937768,0.48929444716346276,0.46363464307823216,0.4332386009561222,0.39786261977821435,0.35693272886651906,0.30909739000782993,0.25069400059405816,0.16538469130855626,nan,nan,nan,nan,nan,nan,nan,0.11974599766355605
52860.0,0.5468943497980704,0.5445471222433442,0.5375127346375228,0.5258109100448095,0.509466834357463,0.48849771052420693,0.4628890231374691,0.432552060747407,0.3972425565331345,0.35638593132452123,0.30862979938694834,0.2503088224690703,0.16504879110984239,nan,nan,nan,nan,nan,nan,nan,0.11953028173619801
52920.0,0.5459800834841323,0.5436377671036283,0.536618054242989,0.5249404937911131,0.50862998862641,0.4877033610374469,0.46214563339820564,0.43186757111969853,0.3966243443575489,0.3558407684039497,0.3081636131730333,0.24992480553169866,0.16471369896254973,nan,nan,nan,nan,nan,nan,nan,0.11931536443832598
52980.0,0.545068568340303,0.5427311477556983,0.5357260637431338,0.5240726917251475,0.5077956527334584,0.4869113900034101,0.46140446571529187,0.4311851245551291,0.3960079764031883,0.3552972338894357,0.3076988256567572,0.24954194503451452,0.16437941270442896,nan,nan,nan,nan,nan,nan,nan,0.11910124529073265
53040.0,0.5441597943787622,0.5418272542663727,0.5348367533677818,0.5232074943454648,0.5069638175473696,0.48612178875654355,0.46066551197541716,0.4305047135640069,0.3953934458429641,0.3547553215788239,0.30723543117640595,0.24916023633753664,0.16404592985562827,nan,nan,nan,nan,nan,nan,nan,0.11888792331001478
53100.0,0.5432537516503962,0.5409260767409831,0.5339501133847027,0.5223448921876437,0.5061344739726558,0.4853345486653164,0.4599287640968549,0.42982633068438436,0.3947807458707853,0.35421502528629834,0.30677342412034236,0.2487796748841023,0.16371324770501192,nan,nan,nan,nan,nan,nan,nan,0.1186753971775524
53160.0,0.5423504302447697,0.5400276053233466,0.533066134099585,0.5214848758242625,0.5053076129495502,0.4845496611321859,0.4591942140294217,0.4291499684819913,0.3941698697012651,0.3536763388431025,0.30631279892942415,0.24840025618918218,0.1633813633150599,nan,nan,nan,nan,nan,nan,nan,0.11846366523678352
53220.0,0.5414498202895793,0.539131830195227,0.5321848058555128,0.520627435864382,0.5044832254534626,0.48376711759297014,0.45846185375365245,0.42847561954894053,0.3935608105698737,0.3531392561076238,0.30585355009697196,0.2480219757765001,0.16305027372068798,nan,nan,nan,nan,nan,nan,nan,0.1182527258208256
53280.0,0.5405519119511845,0.5382387415768575,0.5313061190334705,0.5197725629540406,0.503661302495498,0.4829869095174411,0.4577316752815668,0.4278032765050055,0.39295356173332163,0.35260377095501205,0.3053956721652673,0.2476448292508944,0.1627199757084865,nan,nan,nan,nan,nan,nan,nan,0.11804257687988826
53340.0,0.5396566954336832,0.5373483297260273,0.530430064051454,0.518920247775375,0.5028418351215274,0.4822090284082525,0.45700367065525255,0.42713293199559443,0.3923481164704596,0.3520698772930467,0.3049391597221214,0.247268812201632,0.16239046610075225,nan,nan,nan,nan,nan,nan,nan,0.1178332164246673
53400.0,0.5387641609794314,0.5364605849385944,0.5295566313649666,0.5180704810471047,0.5020248144126965,0.4814334658015192,0.4562778319476398,0.4264645786930722,0.3917444680822185,0.3515375690518328,0.30448400740091863,0.2468939202674586,0.16206174156308029,nan,nan,nan,nan,nan,nan,nan,0.11762464223210121
53460.0,0.5378742988685284,0.5355754975479763,0.528685811466521,0.5172232535240374,0.5012102314849008,0.48066021326620745,0.4555541512616887,0.42579820929573786,0.3911426098927493,0.35100684019161227,0.3040302098748695,0.2465201490954279,0.16173379872575971,nan,nan,nan,nan,nan,nan,nan,0.11741685201753552
53520.0,0.5369870994182371,0.5346930579245713,0.5278175948850604,0.5163785559964722,0.500398077488134,0.47988926240336127,0.4548326207295647,0.42513381652810145,0.39054253525226357,0.3504776847022223,0.3035777618451873,0.24614749434892969,0.1614066341894087,nan,nan,nan,nan,nan,nan,nan,0.11720984344731271
53580.0,0.5361025529844601,0.5338132564772271,0.5269519721874167,0.5155363792916848,0.4995883436080914,0.4791206048479919,0.45411323251480984,0.4244713931412642,0.389944237530596,0.3499500965974726,0.30312665806964667,0.24577595172267552,0.161080244427905,nan,nan,nan,nan,nan,nan,nan,0.11700361400664959
53640.0,0.5352206499602005,0.5329360836517097,0.5260889339767885,0.5146967142723758,0.49878102106449257,0.478354232267109,0.4533959788101232,0.4238109319124769,0.38934771012348146,0.34942406992137054,0.3026768933346119,0.24540551692118234,0.16075462590195316,nan,nan,nan,nan,nan,nan,nan,0.11679816115463794
53700.0,0.5343413807748164,0.5320615299299606,0.5252284708920001,0.5138595518359141,0.4979761011102617,0.47759013635876885,0.4526808518363662,0.42315242564509636,0.3887529464552524,0.3488995987502258,0.3022284624432478,0.24503618564838556,0.16042977511718706,nan,nan,nan,nan,nan,nan,nan,0.11659348240601823
53760.0,0.5334647358967762,0.531189585832839,0.5243705736102328,0.5130248829171216,0.49717357503453863,0.4768283088555744,0.45196784384628935,0.42249586716890714,0.3881599399685612,0.3483766771838964,0.30178136026075,0.24466795364626354,0.1601056790469389,nan,nan,nan,nan,nan,nan,nan,0.11638957503376124
53820.0,0.5325907058295147,0.5303202419159936,0.5235152328429018,0.5121926984840527,0.4963734341581064,0.4760687415194425,0.45125694711934744,0.4218412493402983,0.3875686841383784,0.34785529935489445,0.3013355816520185,0.2443008166438696,0.1597822989078273,nan,nan,nan,nan,nan,nan,nan,0.11618643647106283
53880.0,0.5317192811144728,0.5294534887728913,0.5226624393386863,0.5113629895411004,0.4955756698367565,0.47531142614541394,0.450548153965292,0.4211885650418181,0.38697917246239183,0.34733545942357946,0.3008911215247615,0.2439347703910591,0.15945963446574318,nan,nan,nan,nan,nan,nan,nan,0.11598406403728964
53940.0,0.5308504523303654,0.5285893170340887,0.5218121838827929,0.5105357471282375,0.49478027346046755,0.47455635456075657,0.4498414567234382,0.4205378071824343,0.38639139846285736,0.346817151578193,0.3004479748207013,0.24356981065322175,0.1591376817403276,nan,nan,nan,nan,nan,nan,nan,0.11578245498700267
54000.0,0.5299842100903256,0.5277277173643748,0.5209644572940864,0.5097109623180481,0.49398723645019377,0.4738035186215104,0.44913684775998636,0.41988896869876496,0.3858053556933411,0.3463003700336009,0.30000614371657297,0.24320593319525877,0.15881643684614574,nan,nan,nan,nan,nan,nan,nan,0.11558160668236427
54060.0,0.5291205450465812,0.5268686804674492,0.5201192504297971,0.5088886262206026,0.4931965502631299,0.4730529102180768,0.4484343194721205,0.4192420425527596,0.38522103772857025,0.34578510903550197,0.299565621516852,0.24284313380146283,0.15849589579478993,nan,nan,nan,nan,nan,nan,nan,0.11538151634403204
54120.0,0.5282594478860734,0.5260121970815347,0.5192765541810909,0.5080687299788565,0.4924082063877735,0.4723045212701545,0.44773386428467976,0.41859702173412316,0.3846384381720465,0.34527136285343196,0.2991263967612688,0.24248140826670003,0.1581760546426851,nan,nan,nan,nan,nan,nan,nan,0.11518218123328809
54180.0,0.5274009093319527,0.5251582579808771,0.5184363594745848,0.507251264770227,0.4916221963456061,0.4715583437284262,0.44703547465118987,0.41795389925944537,0.3840575506538124,0.3447591257836896,0.2986884644788416,0.2421207523975269,0.15785690944742342,nan,nan,nan,nan,nan,nan,nan,0.1149835985991129
54240.0,0.5265449201448021,0.5243068539769697,0.5175986572735896,0.506436221807886,0.4908385116924724,0.4708143695758969,0.44633914305456135,0.41731266817137713,0.3834783688290996,0.34424839215266156,0.29825181973113196,0.2417611620099764,0.15753845624258805,nan,nan,nan,nan,nan,nan,nan,0.11478576564949274
54300.0,0.5256914711168598,0.5234579759127502,0.5167634385721986,0.5056235923346245,0.49005714401227585,0.4700725908223306,0.44564486200469855,0.4166733215412918,0.38290088637982994,0.34373915630057766,0.29781645758153225,0.241402632943489,0.15722069111921447,nan,nan,nan,nan,nan,nan,nan,0.1145886796465328
54360.0,0.5248405530817429,0.5226116146723739,0.515930694405251,0.5048133676331815,0.4892780849274848,0.46933299951326635,0.4449526240421061,0.41603585246530933,0.3823250970141771,0.34323141260907747,0.297382373141188,0.24104516103559764,0.15690361010439743,nan,nan,nan,nan,nan,nan,nan,0.11439233776367337
54420.0,0.5239921569076218,0.521767761174352,0.5151004158413343,0.5040055390189893,0.48850132609176616,0.4685955877237269,0.44426242173540265,0.41540025406700837,0.3817509944665891,0.3427251554818341,0.29694956153750074,0.24068874213977381,0.1565872092441719,nan,nan,nan,nan,nan,nan,nan,0.11419673718352077
54480.0,0.5231462734970429,0.5209264063713728,0.5142725939826043,0.5032000978400057,0.4877268591898673,0.4678603475581819,0.4435742476812627,0.4147665194971091,0.38117857249733,0.3422203793447826,0.2965180179146367,0.24033337212406564,0.15627148460611542,nan,nan,nan,nan,nan,nan,nan,0.11400187510163529
54540.0,0.5223028937833688,0.5200875412467217,0.5134472199611382,0.5023970354729709,0.4869546759339163,0.46712727114750835,0.44288809450314287,0.4141346419341659,0.3806078248916171,0.3417170786373696,0.2960877374196426,0.23997904687718247,0.1559564323236411,nan,nan,nan,nan,nan,nan,nan,0.11380774877992006
54600.0,0.5214620087436225,0.5192511568271977,0.5126242849520883,0.5015963433369066,0.48618476807675864,0.4663963506599374,0.4422039548558646,0.4135046145820574,0.3800387454626977,0.34121524784403184,0.2956587152524437,0.2396257622866129,0.15564204843632742,nan,nan,nan,nan,nan,nan,nan,0.11361435535400646
54660.0,0.5206236093878174,0.5184172441723822,0.511803780162754,0.500798012881899,0.48541712740087267,0.46566757829195193,0.441521821421796,0.41287643067206337,0.3794713280492985,0.3407148814680534,0.29523094662425386,0.2392735142566267,0.1553283290223958,nan,nan,nan,nan,nan,nan,nan,0.1134216919932637
54720.0,0.5197876867569552,0.5175857943726279,0.5109856968305482,0.500002035587086,0.4846517457165408,0.46494094626692417,0.44084168691010406,0.41225008346225045,0.3789055665139434,0.34021597402799575,0.2948044267539436,0.23892229871011456,0.15501527021289338,nan,nan,nan,nan,nan,nan,nan,0.11322975591747672
54780.0,0.5189542319259155,0.516756798551963,0.5101700262259459,0.49920840296363767,0.4838886148646972,0.46421644683736996,0.44016354405780356,0.4116255662375022,0.37834145474434394,0.3397185200639425,0.2943791508767863,0.2385721115846805,0.15470286816224807,nan,nan,nan,nan,nan,nan,nan,0.11303854436147351
54840.0,0.5181232360113078,0.5159302478759858,0.5093567596604954,0.49841710656285637,0.4831277267246695,0.46349407229107326,0.43948738563259987,0.41100287230960836,0.3777789866572269,0.33922251415456534,0.2939551142682166,0.23822294882167777,0.1543911189678882,nan,nan,nan,nan,nan,nan,nan,0.11284805447900209
54900.0,0.5172946901622613,0.5151061335426044,0.508545888477419,0.4976281379666714,0.48236907320509126,0.462773814943891,0.4388132044295411,0.41038199501715195,0.37721815619384985,0.33872795089710883,0.2935323122158948,0.23787480637887976,0.15408001876434751,nan,nan,nan,nan,nan,nan,nan,0.1126582834554827
54960.0,0.5164685855553887,0.5142844467769825,0.5077374040465443,0.496841488782698,0.4816126462394961,0.4620556671364754,0.4381409932690169,0.40976292772346246,0.37665895731517457,0.33823482489878876,0.2931107400133586,0.23752768023726567,0.1537695637439878,nan,nan,nan,nan,nan,nan,nan,0.11246922853165789
55020.0,0.5156449134068496,0.5134651788436543,0.5069312977765046,0.49605715065628686,0.48085843779734283,0.46133962124267425,0.43747074500139804,0.40914566381982126,0.3761013840113859,0.3377431307993377,0.29269039298276395,0.23718156638466092,0.15345975008127133,nan,nan,nan,nan,nan,nan,nan,0.11228088691468606
55080.0,0.5148236649694299,0.5126483210435892,0.506127561111783,0.4952751152676039,0.4801064398813416,0.46062566966749147,0.43680245250590566,0.4085301967246819,0.37554543029958903,0.337252863265542,0.29227126646933865,0.2368364608196088,0.15315057395101972,nan,nan,nan,nan,nan,nan,nan,0.11209325579966926
55140.0,0.514004831529032,0.5118338647106689,0.5053261855291636,0.4944953743281238,0.479356644524244,0.45991380484463845,0.4361361086892584,0.4079165198827309,0.374991090221029,0.336764016984664,0.2918533558347461,0.23649235955612935,0.1528420315504305,nan,nan,nan,nan,nan,nan,nan,0.1119063323955164
55200.0,0.5131884043956789,0.5110218012026875,0.5045271625288,0.4937179195720991,0.47860904378139746,0.45920401923089965,0.4354717064815735,0.40730462675992835,0.3744383578317806,0.3362765866514197,0.2914366564502271,0.2361492586345907,0.15253411912044593,nan,nan,nan,nan,nan,nan,nan,0.11172011394826055
55260.0,0.5123743749253,0.5102121219231579,0.5037304836559028,0.49294274277738226,0.4778636297490559,0.4584963053200032,0.4348092388460456,0.4066945108545575,0.37388722722445594,0.33579056700088167,0.291021163716905,0.23580715409487482,0.15222683288101294,nan,nan,nan,nan,nan,nan,nan,0.11153459766875118
55320.0,0.5115627345043846,0.5094048183059507,0.5029361404854614,0.49216983575075596,0.477120394551477,0.4577906556328431,0.43414869877212203,0.4060861656894351,0.373337692512907,0.33530595278528436,0.2906068730514417,0.23546604199522575,0.15192016907662717,nan,nan,nan,nan,nan,nan,nan,0.11134978078358868
55380.0,0.5107534745508442,0.5085998818161701,0.5021441246231562,0.49139919032886387,0.4763793303417641,0.4570870627180265,0.4334900792756278,0.40547958481195207,0.3727897478330906,0.33482273877623003,0.2901937798878167,0.2351259184101296,0.1516141239707863,nan,nan,nan,nan,nan,nan,nan,0.11116566052909416
55440.0,0.5099465865066759,0.5077973039428479,0.5013544276982049,0.490630798371499,0.4756404292960319,0.4563855191471992,0.43283337339479655,0.4048747617892594,0.3722433873357829,0.33434091975612285,0.28978187967322144,0.23478677943645676,0.15130869385958398,nan,nan,nan,nan,nan,nan,nan,0.11098223416689258
55500.0,0.509142061864459,0.5069970762253326,0.5005670413892029,0.4898646517858548,0.474903683634489,0.45568601753191296,0.4321785742045511,0.40427169022557075,0.37169860521285053,0.33386049054918354,0.28937116788300016,0.23444862117112564,0.15100387502214394,nan,nan,nan,nan,nan,nan,nan,0.11079949892720198
55560.0,0.5083398921440795,0.5061991902301073,0.49978195740142295,0.4891007425052192,0.4741690856029128,0.4549885505088016,0.4315256748039511,0.4036703637469577,0.37115539567416655,0.33338144599418434,0.28896164000747665,0.23411143973066606,0.15069966376408278,nan,nan,nan,nan,nan,nan,nan,0.1106174520586499
55620.0,0.5075400688992721,0.5054036375573059,0.4989991674731947,0.4883390624949607,0.4734366274778528,0.45429311074374373,0.4308746683197167,0.4030707760056167,0.3706137529540882,0.3329037809520981,0.2885532915556375,0.2337752312456988,0.15039605640525663,nan,nan,nan,nan,nan,nan,nan,0.11043609081427248
55680.0,0.5067425837162339,0.504610409839334,0.4982186633745603,0.4875796037512702,0.4727063015655288,0.4535996909309542,0.4302255479054326,0.4024729206789401,0.37007367131014657,0.33242749030457425,0.2881461180542902,0.23343999186187944,0.15009304928258693,nan,nan,nan,nan,nan,nan,nan,0.1102554124547974
55740.0,0.505947428205408,0.5038194987327006,0.4974404368993097,0.4868223582937096,0.47197810019530995,0.45290828378762105,0.42957830673685216,0.4018767914640318,0.3695351450152933,0.3319525689449493,0.28774011504316094,0.2331057177455967,0.1497906387669935,nan,nan,nan,nan,nan,nan,nan,0.11007541426810609
55800.0,0.5051545940161503,0.5030308959325995,0.49666447987919665,0.4860673181785099,0.4712520157313499,0.45221888206347277,0.42893293802026883,0.4012823820874797,0.3689981683717126,0.3314790117942659,0.2873352780836315,0.23277240507380453,0.14948882123315524,nan,nan,nan,nan,nan,nan,nan,0.10989609353449249
55860.0,0.5043640943350088,0.5022447300642863,0.4958912667696103,0.4853155329691239,0.4705299015208976,0.45153437379902334,0.4282936049428316,0.4006953971911177,0.3684703159407264,0.3310167418096035,0.28694476075415143,0.23245879849682474,0.14922932043506684,nan,nan,nan,nan,nan,nan,nan,0.10971699105816421
55920.0,0.5035759421485452,0.5014608980711508,0.4951203468816355,0.48456597390165534,0.46980992093722307,0.4508518825518657,0.42765614982922107,0.40011013067738543,0.3679440039339963,0.33055581831885755,0.28655538289576277,0.23214611793769951,0.14897040449763285,nan,nan,nan,nan,nan,nan,nan,0.10953829050718038
55980.0,0.5027901288194103,0.5006793913654846,0.494351711775461,0.4838186327794395,0.46909206611725984,0.4501714008767505,0.42702056572896685,0.3995265761594234,0.3674192265873566,0.3300962362256937,0.28616714010064065,0.23183435943102387,0.14871207301476103,nan,nan,nan,nan,nan,nan,nan,0.10936013513286116
56040.0,0.5020066457500301,0.4999002013991175,0.4935853530501165,0.4830735014435257,0.46837632923415884,0.4494929213628473,0.42638684572396435,0.39894472728041397,0.36689597816399555,0.3296379904579783,0.28578002797947527,0.23152351845630692,0.14845433783790452,nan,nan,nan,nan,nan,nan,nan,0.1091825685219502
56100.0,0.5012254843775645,0.4991233196584066,0.49282126233854895,0.48233057176790095,0.46766270249271263,0.4488164366294192,0.42575498292444747,0.3983645777098996,0.3663742529511721,0.3291810759649021,0.2853940421486442,0.23121359008050507,0.14819720733355832,nan,nan,nan,nan,nan,nan,nan,0.10900561206721704
56160.0,0.500446636173062,0.49834873766339727,0.49205943130680174,0.481589835658699,0.4669511781286025,0.4481419393251119,0.42512497046831776,0.3977861211431531,0.3658540452596326,0.32872548771615134,0.2850091782103884,0.23090456938728174,0.14794068683523834,nan,nan,nan,nan,nan,nan,nan,0.10882927822912287
56220.0,0.499670092641976,0.49757644696833586,0.49129985165452117,0.48085128505469255,0.46624174840887295,0.44746942212840346,0.4244968015215592,0.39720935130154456,0.36533534942391394,0.32827122070113957,0.28462543173805244,0.23059645169515514,0.14768477953122808,nan,nan,nan,nan,nan,nan,nan,0.10865357446994085
56280.0,0.49889584532409426,0.4968064391616016,0.4905425151148899,0.4801149119272334,0.4655344056318772,0.4467988777475515,0.4238704692781834,0.3966342619324793,0.3648181598022242,0.327818269927155,0.28424279827525467,0.23028923261373688,0.14742948710263715,nan,nan,nan,nan,nan,nan,nan,0.10847850530273397
56340.0,0.4981238857936475,0.4960387058658148,0.4897874134547361,0.4793807082803608,0.4648291421273841,0.4461302989206958,0.4232459669603176,0.3960608468094633,0.3643024707763529,0.327366630416805,0.2838612733471212,0.22998290802407131,0.14717481021624873,nan,nan,nan,nan,nan,nan,nan,0.10830407352029965
56400.0,0.4973542056585086,0.49527323873704104,0.48903453847375583,0.4786486661500523,0.4641259502558635,0.4454636784151806,0.4226232878175675,0.39548909973149476,0.36378827675086406,0.32691629720536425,0.28348085247822136,0.22967747401687402,0.14692074882964626,nan,nan,nan,nan,nan,nan,nan,0.10813028075875578
56460.0,0.49658679656007304,0.4945100294646747,0.48828388200439976,0.477918777604116,0.46342482240838645,0.4447990090274607,0.42200242512692077,0.39491901452293726,0.363275572152532,0.32646726533946313,0.2831015312099228,0.22937292683507884,0.14666730237236592,nan,nan,nan,nan,nan,nan,nan,0.1079571278020409
56520.0,0.495821650173289,0.4937490697714684,0.4875354359119048,0.47719103474222474,0.46272575100665936,0.44413628358313173,0.4213833721927654,0.39435058503347103,0.3627643514297976,0.3260195298775948,0.2827233051101266,0.2290692580742447,0.1464144698492204,nan,nan,nan,nan,nan,nan,nan,0.10778461477281172
56580.0,0.49505875820653217,0.4929903514134093,0.4867891920941724,0.4764654296957983,0.4620287285029111,0.443475494936822,0.42076612234678457,0.39378380513795636,0.36225460905260426,0.3255730858907792,0.28234616977240645,0.22876645800736278,0.14616224986693127,nan,nan,nan,nan,nan,nan,nan,0.1076127411883068
56640.0,0.49429811240157717,0.49223386617969134,0.48604514248174485,0.4757419546279837,0.461333747379876,0.44281663597217524,0.4201506689479262,0.3932186687363114,0.361746339511706,0.32512792846346333,0.2819701208267737,0.2284645320003418,0.14591064077565097,nan,nan,nan,nan,nan,nan,nan,0.10744150621902339
56700.0,0.49353970453321194,0.49147960589233375,0.4853032790374344,0.47502060173330085,0.46064080015045916,0.4421596996015292,0.4195370053820635,0.39265516975295645,0.3612395373177596,0.3246840526970059,0.28159515394528445,0.22816347663814368,0.14565964081777782,nan,nan,nan,nan,nan,nan,nan,0.10727090890506091
56760.0,0.4927835264094846,0.4907275624064249,0.48456359375655844,0.47430136323786515,0.4599498793579439,0.4415046787661121,0.4189251250621978,0.39209330213716664,0.3607341970023025,0.32424145370743485,0.2812212648323636,0.22786328858545313,0.14540924794695292,nan,nan,nan,nan,nan,nan,nan,0.10710094786120837
56820.0,0.4920295698710959,0.48997772760952146,0.48382607866635824,0.4735842313988353,0.4592609775754714,0.4408515664355413,0.4183150214279074,0.39153305986210185,0.36023031311616766,0.32380012663187846,0.2808484492371776,0.22756396449815766,0.14515946012111886,nan,nan,nan,nan,nan,nan,nan,0.10693162172948135
56880.0,0.4912778267915551,0.489230093421802,0.48309072582614726,0.47286919850455184,0.45857408740616706,0.44020035560793724,0.4177066879454407,0.39097443692502964,0.3597278802307228,0.32336006662687977,0.2804767029415604,0.22726550107438667,0.14491027512967747,nan,nan,nan,nan,nan,nan,nan,0.10676292890306945
56940.0,0.4905282890769818,0.4884846517958721,0.4823575273271211,0.47215625687435653,0.45788920148296963,0.4395510393097543,0.4171001181075276,0.39041742734704094,0.35922689293748705,0.32292126887013667,0.2801060217635539,0.22696789502830905,0.14466169068329987,nan,nan,nan,nan,nan,nan,nan,0.106594867666018
57000.0,0.4897809486656473,0.4877413947163089,0.4816264752919165,0.4714453988581687,0.4572063124682232,0.43890361059536204,0.41649530543284186,0.3898620251724191,0.35872734584909116,0.3224837285638046,0.27973640154815327,0.22667114308672626,0.14441370444293208,nan,nan,nan,nan,nan,nan,nan,0.10642743622930374
57060.0,0.489035797529042,0.487000314200718,0.48089756187563515,0.47073661683746554,0.4565254130546166,0.43825806254800115,0.41589224346720555,0.3893082244701179,0.35822923359756714,0.3220474409264065,0.27936783818468475,0.226375242011301,0.1441663139098286,nan,nan,nan,nan,nan,nan,nan,0.10626063258538208
57120.0,0.4882928276697209,0.48626140229760073,0.4801707792637748,0.47002990322329896,0.4558464959632746,0.43761438827782007,0.41529092578115423,0.3887560193311158,0.3577325508378464,0.3216124012065179,0.2790003275760467,0.22608018855001996,0.14391951666537411,nan,nan,nan,nan,nan,nan,nan,0.10609445483797605
57180.0,0.48755203112341,0.4855246510884398,0.4794461196742522,0.469325250458234,0.45516955394562497,0.43697258092380187,0.41469134597231216,0.38820540387084856,0.3572372922442467,0.32117860467053905,0.2786338656675242,0.2257859794842351,0.1436733101313502,nan,nan,nan,nan,nan,nan,nan,0.10592890086828077
57240.0,0.48681339995735395,0.4847900526860622,0.47872357535581345,0.4686226510148226,0.4544945797819195,0.4363326336522222,0.4140934976635488,0.3876563722276197,0.35674345251326345,0.32074604661006834,0.2782684484260971,0.2254926115955449,0.14342769174129927,nan,nan,nan,nan,nan,nan,nan,0.10576396857106701
57300.0,0.486076926270136,0.484057599234462,0.47800313858786103,0.4679220973954367,0.4538215662810704,0.43569453965647853,0.4134973745027758,0.38710891856243596,0.356251026363878,0.32031472234263325,0.2779040718382022,0.22520008166230301,0.1431826589587301,nan,nan,nan,nan,nan,nan,nan,0.10559965587927114
57360.0,0.48534260219321285,0.48332728291031907,0.47728480168192955,0.4672235821336848,0.453150506282026,0.43505829215852865,0.4129029701646491,0.38656303706033934,0.3557600085349175,0.31988462720578636,0.27754073192809736,0.2249083864892638,0.14293820912221283,nan,nan,nan,nan,nan,nan,nan,0.10543596055405426
57420.0,0.48461041988788994,0.482599095920003,0.4765685569787691,0.46652709779159895,0.45248139265101,0.43442388440598273,0.4123102783473822,0.3860187219286774,0.3552703937899561,0.31945575656297603,0.2771784247250992,0.22461752286955605,0.14269433966977338,nan,nan,nan,nan,nan,nan,nan,0.10527288047786965
57480.0,0.4838803715487046,0.48187303050292535,0.47585439685161013,0.4658326369627893,0.4518142182846303,0.4337913096753851,0.41171929277620556,0.38547596739854917,0.3547821769120006,0.31902810580004265,0.2768171462984283,0.224327487615819,0.14245104793111804,nan,nan,nan,nan,nan,nan,nan,0.10511041339141358
57540.0,0.4831524494000856,0.48114907892822817,0.47514231370293303,0.4651401922693081,0.45114897610676474,0.4331605612689442,0.41113000720017534,0.3849347677239857,0.3542953527080463,0.3186016703247593,0.27645689272578766,0.2240382775453715,0.14220830674962848,nan,nan,nan,nan,nan,nan,nan,0.10494855707498159
57600.0,0.48242664569836907,0.48042723349678296,0.47443229996641956,0.46444975636354935,0.45048565907045546,0.4325316325165096,0.41054241539399106,0.38439511718219666,0.3538099160066527,0.3181764455686602,0.2760976601110268,0.2237498894825579,0.14196611053354796,nan,nan,nan,nan,nan,nan,nan,0.10478730926938101
57660.0,0.4817029527304358,0.4797074865398375,0.47372434810562525,0.46376132192694397,0.44982426015660043,0.431904516774271,0.4099565111570013,0.3838570100735734,0.3533258616585685,0.3177524269842381,0.2757394445755189,0.22346232026212012,0.14172445753752533,nan,nan,nan,nan,nan,nan,nan,0.10462666770546634
57720.0,0.4809813628133375,0.4789898304186459,0.4730184506136176,0.4630748816696069,0.4491647723735993,0.4312792074243855,0.40937228831286643,0.3833204407216637,0.35284318453718516,0.3173296100444724,0.27538224225487107,0.22317556672933994,0.14148334492725495,nan,nan,nan,nan,nan,nan,nan,0.10446663011607624
57780.0,0.4802618682975306,0.47827425752767794,0.4723146000161264,0.4623904283334338,0.4485071887604588,0.43065569787804797,0.40878974071185237,0.3827854034731303,0.3523618795372779,0.3169079902497498,0.2750260493186143,0.22288962573108373,0.14124276982113285,nan,nan,nan,nan,nan,nan,nan,0.10430719416902323
57840.0,0.4795444615638961,0.47756076029166084,0.4716127888686386,0.4617079546892433,0.44785150238392596,0.4300339815726619,0.40820886222873426,0.38225189269779175,0.35188194157605424,0.3164875631213753,0.2746708619523842,0.22260449412421843,0.14100272934094674,nan,nan,nan,nan,nan,nan,nan,0.10414835752734072
57900.0,0.4788291350188477,0.476849331160719,0.4709130097516142,0.46102745353205954,0.44719770633379796,0.4294140519673984,0.40762964675965874,0.38171990278819107,0.3514033655930848,0.3160683241915756,0.27431667633466883,0.2223201687828038,0.14076322069968605,nan,nan,nan,nan,nan,nan,nan,0.10399011795820219
57960.0,0.4781158811049896,0.47613996262096114,0.4702152552809032,0.46034891769137876,0.4465457937331398,0.428795902552929,0.4070520882290676,0.38118942816036994,0.35092614654987814,0.3156502690254613,0.2739634886893159,0.22203664658026206,0.1405242410116983,nan,nan,nan,nan,nan,nan,nan,0.10383247309881574
58020.0,0.47740469229486027,0.47543264718826544,0.4695195181016303,0.45967234002514157,0.44589575773228407,0.42817952684570887,0.4064761805856291,0.38066046325340885,0.3504502794301302,0.3152333932081407,0.2736112952546864,0.2217539243997326,0.1402857874040142,nan,nan,nan,nan,nan,nan,nan,0.10367542059383941
58080.0,0.47669556108923705,0.4747273774065933,0.46882579088652915,0.45899771341808915,0.4452475915072244,0.42756491838652416,0.40590191780123613,0.3801330025290575,0.3499757592390546,0.3148176923413056,0.2732600922778221,0.2214719991361853,0.14004785703934297,nan,nan,nan,nan,nan,nan,nan,0.1035189581230971
58140.0,0.47598848001575383,0.4740241458466139,0.468134066334585,0.4583250307804238,0.44460128825830375,0.42695207073930136,0.405329293870184,0.3796070404714522,0.3495025810028843,0.3144031620404282,0.2729098760095185,0.2211908676982532,0.13981044713538873,nan,nan,nan,nan,nan,nan,nan,0.10336308342482586
58200.0,0.4752834416386991,0.47332294511544704,0.46744433718064526,0.45765428505728717,0.443956841219521,0.42634097749963634,0.40475830281509506,0.3790825715888569,0.3490307397715954,0.3139897979545916,0.2725606427418158,0.2209105269947457,0.13957355482075318,nan,nan,nan,nan,nan,nan,nan,0.10320779412085451
58260.0,0.4745804385504878,0.4726237678481833,0.4667565961870537,0.45698546922050876,0.4433142436504277,0.42573163228736616,0.4041889386817556,0.3785595904121419,0.3485602306165354,0.3135775957492303,0.2722123887753347,0.22063097394628253,0.1393371772602587,nan,nan,nan,nan,nan,nan,nan,0.10305308786876682
58320.0,0.47387946336762016,0.4719266067038568,0.46607083613966116,0.45631857626468386,0.4426734888324042,0.42512402874340643,0.403621195536934,0.37803809149310746,0.34809104862681783,0.31316655109826963,0.27186511041227535,0.22035220549231294,0.13910131167837314,nan,nan,nan,nan,nan,nan,nan,0.10289896238846129
58380.0,0.4731805087413373,0.47123145437605507,0.46538704985831925,0.455653599217501,0.4420345700785851,0.4245181605384264,0.4030550674743807,0.37751806940798316,0.34762318891644167,0.31275665970512617,0.2715188039829474,0.2200742185740494,0.13886595526304396,nan,nan,nan,nan,nan,nan,nan,0.10274541534855702
58440.0,0.47248356735305913,0.4705383035883761,0.4647052301923872,0.4549905311353195,0.44139748072960755,0.4239140213691309,0.402490548612255,0.37699951875592497,0.34715664662124096,0.31234791729371225,0.27117346583438384,0.21979701014171416,0.13863110520682453,nan,nan,nan,nan,nan,nan,nan,0.10259244441503095
58500.0,0.47178863191177695,0.46984714709183095,0.46402537001816047,0.4543293651006493,0.44076221415122724,0.42331160495622006,0.40192763309166085,0.376482434157864,0.3466914168966389,0.3119403196036074,0.27082909232566027,0.21952057715886336,0.1383967587227255,nan,nan,nan,nan,nan,nan,nan,0.1024400472697377
58560.0,0.4710956951516948,0.46915797766249173,0.4633474622365422,0.45367009421988136,0.440128763732211,0.42271090504263387,0.4013663150753297,0.3759668102551441,0.34622749491506905,0.31153386238603453,0.27048567982564237,0.21924491660647588,0.1381629130502358,nan,nan,nan,nan,nan,nan,nan,0.10228822161711319
58620.0,0.47040474984297553,0.4684707881122022,0.4626714997836451,0.45301271163364487,0.4394971228940347,0.422111915401732,0.4008065887536253,0.37545264171503373,0.3457648758765383,0.3111285414228786,0.27014322472740243,0.21897002546467897,0.13792956541017692,nan,nan,nan,nan,nan,nan,nan,0.10213696513231021
58680.0,0.4697157887830381,0.46778557127990356,0.46199747562220406,0.4523572105084178,0.43886728508302736,0.4215146298306651,0.4002484483396757,0.3749399232262577,0.3453035550000689,0.3107243525112748,0.2698017234365162,0.218695900727505,0.13769671304122744,nan,nan,nan,nan,nan,nan,nan,0.10198627550320036
58740.0,0.4690288047903661,0.4671023200254676,0.4613253827355043,0.45170358403069577,0.43823924376505285,0.42091904214584375,0.39969188806542755,0.37442864949443216,0.3448435275169484,0.3103212914555946,0.26946117236731104,0.21842253940950532,0.1374643532126,nan,nan,nan,nan,nan,nan,nan,0.10183615044530334
58800.0,0.4683437907198223,0.466421027244953,0.4606552141424247,0.45105182542150435,0.4376129924388403,0.4203251461942635,0.399136902191078,0.37391881525242326,0.34438478868696804,0.3099193540892072,0.26912156795516573,0.2181499385267897,0.13723248318379422,nan,nan,nan,nan,nan,nan,nan,0.10168658765491424
58860.0,0.46766073945699116,0.46574168586496933,0.45998696289188046,0.45040192793103684,0.43698852463105686,0.41973293584931887,0.3985834850015861,0.3734104152565181,0.3439273337924217,0.30951853626643155,0.2687829066519384,0.217878095103991,0.1370011002194217,nan,nan,nan,nan,nan,nan,nan,0.10153758482641859
58920.0,0.4669796439146987,0.4650642888392102,0.45932062205940316,0.4497538848353552,0.4363658338932775,0.4191424050082263,0.39803163080452736,0.37290344428406613,0.3434711581344103,0.3091188338575832,0.26844518492316444,0.21760700617856932,0.13677020159834116,nan,nan,nan,nan,nan,nan,nan,0.10138913966294458
58980.0,0.46630049703502474,0.464388829150457,0.4586561847491175,0.44910768943829626,0.43574491380373526,0.41855354759351093,0.39748133393133034,0.37239789713483834,0.34301625703497174,0.30872024275182763,0.2681083992496596,0.21733666879830454,0.13653978460834762,nan,nan,nan,nan,nan,nan,nan,0.10124124987020434
59040.0,0.4656232917739317,0.4637152997952823,0.4579936440787111,0.4484633350570558,0.4351257579540908,0.41796635754151157,0.396932588727164,0.37189376861994955,0.3425626258215355,0.30832275883771776,0.2677725461157331,0.21706708003584632,0.1363098465879627,nan,nan,nan,nan,nan,nan,nan,0.10109391320721997
59100.0,0.46494802112906053,0.46304369381171223,0.4573329932066129,0.4478208150482553,0.434508359973354,0.4173808288231633,0.3963853895692191,0.3713910535818789,0.3421102598550163,0.307926378038369,0.2674376220304996,0.21679823696242284,0.13608038485087212,nan,nan,nan,nan,nan,nan,nan,0.10094712739459409
59160.0,0.46427467812946294,0.4623740042690069,0.4566742253219529,0.44718012279831143,0.43389271351904535,0.4167969554363168,0.39583973085995056,0.37088974688707205,0.3416591545194344,0.3075310962984563,0.26710362351997574,0.21653013665750498,0.13585139671378169,nan,nan,nan,nan,nan,nan,nan,0.10080089014839518
59220.0,0.4636032558292843,0.46170622426137464,0.45601733363838515,0.4465412517175117,0.43327881227175713,0.41621473140101367,0.395295607022921,0.3703898434213866,0.341209305215524,0.30713690957621237,0.2667705471222325,0.21626277621478585,0.13562287951358287,nan,nan,nan,nan,nan,nan,nan,0.10065519920100391
59280.0,0.462933747311416,0.4610403469116059,0.45536231139765837,0.445904195243438,0.43266664993829684,0.41563415076221516,0.3947530125052002,0.3698913380927201,0.3407607073644212,0.30674381384804333,0.2664383893901859,0.21599615273871406,0.13539483059740778,nan,nan,nan,nan,nan,nan,nan,0.10051005228906056
59340.0,0.46226614568099506,0.4603763653646099,0.4547091518632791,0.4452689468349067,0.4320562202461183,0.4150552075848979,0.3942119417729342,0.36939422582617787,0.34031335640124527,0.3063518051008267,0.26610714688691833,0.21573026334977863,0.13516724733911964,nan,nan,nan,nan,nan,nan,nan,0.10036544717363116
59400.0,0.4616004440671913,0.45971427278919047,0.4540578483222532,0.44463549997363383,0.4314475169448517,0.4144778959554011,0.3936723893125604,0.3688985015653961,0.3398672477768547,0.305960879334021,0.2657768161869684,0.2154651051830773,0.13494012713480039,nan,nan,nan,nan,nan,nan,nan,0.10022138163466393
59460.0,0.4609366537503155,0.45905418334972836,0.4534088233843725,0.4440047909807928,0.4308421960279818,0.413904801403696,0.3931380914749124,0.36840930146600703,0.3394292301253452,0.30558006168536184,0.2654594726853734,0.21521821795250592,0.13475703387854637,nan,nan,nan,nan,nan,nan,nan,0.10007742639685145
59520.0,0.46027478584826326,0.45839600476313946,0.4527616747793015,0.4433759013338434,0.4302386158016229,0.41333334829367385,0.392605316545952,0.36792148794816,0.33899244654200256,0.3052003110731617,0.26514301646577954,0.21497202886551514,0.13457437892282711,nan,nan,nan,nan,nan,nan,nan,0.09993376399730056
59580.0,0.4596148332633768,0.45773972997461165,0.45211639557998773,0.44274882431611706,0.4296367698384579,0.41276353056155846,0.3920740588940243,0.3674350558745665,0.338556892438484,0.3048216235014757,0.264827444147871,0.2147265350183178,0.13439216915764104,nan,nan,nan,nan,nan,nan,nan,0.09979052770678232
59640.0,0.45895678893130293,0.457085351962441,0.4514729788919041,0.44212355324252556,0.42903665174147754,0.41219534217232234,0.3915443129144061,0.36695000013277185,0.33812256324882,0.3044439949938253,0.2645127523667342,0.21448173314972516,0.13421041811710435,nan,nan,nan,nan,nan,nan,nan,0.09964775698573988
59700.0,0.45830064581703917,0.45643286373410097,0.45083141784918856,0.4415000814558135,0.42843825514038764,0.4116287771162899,0.39101607302614005,0.36646631563225823,0.33768945442683107,0.30406742159096445,0.26419893776619774,0.2142376196725793,0.1340291345700435,nan,nan,nan,nan,nan,nan,nan,0.09950547081597355
59760.0,0.4576463969141718,0.4557822583254856,0.4501917056139011,0.4408784023258391,0.4278415736909218,0.41106382940848607,0.3904893336714214,0.3659839973038711,0.3372575614456012,0.3036918993503134,0.2638859969877886,0.21399419096137023,0.13384832401366484,nan,nan,nan,nan,nan,nan,nan,0.09936368009958825
59820.0,0.4569940352455881,0.45513352880161717,0.44955383537671967,0.4402585092502507,0.42724660107549006,0.41050049308924813,0.389964089316163,0.3655030401003266,0.3368268797979174,0.30331742434590525,0.26357392665975055,0.21375144353461267,0.13366798977091332,nan,nan,nan,nan,nan,nan,nan,0.09922239124271869
59880.0,0.45634355386313297,0.4544866682563064,0.4489178003566068,0.4396403956541647,0.42665333100287145,0.40993876222393366,0.38944033444971676,0.3650234389959453,0.3363974049960036,0.30294399266730115,0.2632627233936052,0.21350937411174853,0.13348813373556961,nan,nan,nan,nan,nan,nan,nan,0.09908160810329569
59940.0,0.45569494584772263,0.45384166981226404,0.4482835938009215,0.43902405499027464,0.4260617572083192,0.4093786309030186,0.388918063584959,0.36454518898671984,0.3359691325715231,0.30257160041831854,0.262952383788088,0.21326797960994026,0.1333087568416522,nan,nan,nan,nan,nan,nan,nan,0.09894133299758098
60000.0,0.4550482043087149,0.45319852662047644,0.447651208984806,0.4384094807382587,0.4254718734529935,0.4088200932415586,0.3883972712577816,0.3640682850898348,0.33554205807503296,0.3022002437151591,0.26264290443937927,0.21302725710465725,0.13312985940244915,nan,nan,nan,nan,nan,nan,nan,0.09880156730071854
60060.0,0.45440332238381775,0.4525572318601153,0.447020639211098,0.4377966664046956,0.42488367352388107,0.4082631433791108,0.3878779520270122,0.3635927223435728,0.33511617707567126,0.30182991868527026,0.26233428195324304,0.2127872037849564,0.1329514412493706,nan,nan,nan,nan,nan,nan,nan,0.09866231164015143
60120.0,0.45376029323911166,0.45191777873855943,0.4463918778103534,0.4371856055230867,0.42429715123381717,0.40770777547975173,0.3873601004744259,0.36311849580730154,0.33469148516093417,0.301460621467213,0.2620265129507693,0.21254781693496166,0.13277350181483805,nan,nan,nan,nan,nan,nan,nan,0.09852356604876736
60180.0,0.45311911006891825,0.4512801604912644,0.4457649181407184,0.43657629165373285,0.4237123004213665,0.40715398373196376,0.38684371120463185,0.3626456005613346,0.3342679779363654,0.30109234821103625,0.2617195940710123,0.2123090939212561,0.1325960402157222,nan,nan,nan,nan,nan,nan,nan,0.0983853301101148
60240.0,0.45247976609580115,0.45064437038176364,0.445139753587931,0.43596871838373646,0.4231291149508254,0.406601762348635,0.38632877884506933,0.3621740317069083,0.33384565102539066,0.3007250950782125,0.26141352197516293,0.2120710321782774,0.1324190553079854,nan,nan,nan,nan,nan,nan,nan,0.09824760305107069
60300.0,0.4518422545701987,0.4500104017013046,0.4445163775649662,0.43536287932665896,0.4225475887118937,0.4060511055667423,0.3858152980456863,0.3617037843657397,0.33342450006835506,0.3003588582433531,0.2611082933558434,0.21183362915905904,0.13224254589578832,nan,nan,nan,nan,nan,nan,nan,0.0981103840586941
60360.0,0.4512065687706432,0.44937824776906554,0.4438947835122463,0.4347587681227235,0.4219677156198676,0.4055020076475372,0.3853032634791253,0.36123485368027863,0.3330045207232996,0.29999363389363054,0.2608039049266255,0.2115968823795636,0.13206651052203122,nan,nan,nan,nan,nan,nan,nan,0.09797367194339825
60420.0,0.4505727020032687,0.4487479019316676,0.44327496489716556,0.4341563784383563,0.42138948961520084,0.40495446287612014,0.3847926698402841,0.36076723481308,0.33258570866470116,0.2996294182314675,0.26050035343413164,0.21136078935179778,0.13189094773869997,nan,nan,nan,nan,nan,nan,nan,0.09783746554720288
60480.0,0.4499406476018663,0.4481193575632293,0.44265691521414263,0.43355570396623666,0.42081290466355015,0.4044084655614814,0.3842835118463407,0.36030092294682536,0.332168059584136,0.29926620747491506,0.2601976356483238,0.21112534761728566,0.13171585595964752,nan,nan,nan,nan,nan,nan,nan,0.09770176351280127
60540.0,0.44931039892780733,0.4474926080652908,0.44204062798454635,0.432956738425225,0.4202379547557062,0.40386401003643285,0.38377578423668013,0.3598359132842462,0.33175156919009957,0.2989039978576742,0.25989574836565227,0.2108905547335919,0.13154123352583377,nan,nan,nan,nan,nan,nan,nan,0.09756656438732873
60600.0,0.4486819493695669,0.44686764686634073,0.4414260967562328,0.4323594755599148,0.4196646339071609,0.40332109065717703,0.3832694817724026,0.35937220104747203,0.3313362332081538,0.29854278563223025,0.2595946884034278,0.21065640826589227,0.13136707874102893,nan,nan,nan,nan,nan,nan,nan,0.09743186666581767
60660.0,0.4480552923437342,0.44624446742281837,0.44081331510452604,0.4317639091415809,0.41909293615902243,0.40277970180421657,0.38276459923735967,0.3589097814793915,0.3309220473806697,0.29818256706344926,0.25929445261021744,0.21042290580923126,0.1311933897711128,nan,nan,nan,nan,nan,nan,nan,0.09729766865870579
60720.0,0.44743042129303295,0.4456230632171501,0.440202276630296,0.4311700329663198,0.4185228555762154,0.4022398378805529,0.3822611314360992,0.3584486498411703,0.3305090074676846,0.2978233384391239,0.2589950378470622,0.210190044946143,0.1310201648562738,nan,nan,nan,nan,nan,nan,nan,0.0971639687808181
60780.0,0.4468073296881888,0.44500342775960156,0.43959297496177163,0.43057784085680295,0.417954386249179,0.40170149331338983,0.38175907319580876,0.3579888014145149,0.33009710924594116,0.29746509606080357,0.25869644100470257,0.2099578232856616,0.13084740210556028,nan,nan,nan,nan,nan,nan,nan,0.09703076526830695
60840.0,0.44618601102668065,0.444385554587039,0.43898540375332756,0.42998732666110284,0.4173875222927258,0.40116466255298006,0.3812584193650125,0.3575302315003147,0.3296863485096924,0.2971078362486337,0.2583986589926975,0.2097262384402257,0.13067509962188445,nan,nan,nan,nan,nan,nan,nan,0.09689805634872499
60900.0,0.44556645883206997,0.4437694372622631,0.4383795566848326,0.42939848425205984,0.4168222578454259,0.40062934007200046,0.3807591648128676,0.3570729354179517,0.3292767210711721,0.29675155534365255,0.2581016887336943,0.20949528801404002,0.1305032555658475,nan,nan,nan,nan,nan,nan,nan,0.09676584032664683
60960.0,0.44494866665609695,0.44315506937608984,0.43777542746368603,0.4288113075292568,0.4162585870715294,0.4000955203675031,0.3802613044313525,0.3566169085073826,0.3288682227590586,0.29639624970116585,0.25780552718101185,0.20926496963808708,0.13033186796240137,nan,nan,nan,nan,nan,nan,nan,0.09663411532586834
61020.0,0.4443326280751944,0.4425424445438896,0.43717300982142693,0.42822579041572484,0.4156965041577424,0.39956319795762024,0.3797648331316823,0.3561621461262961,0.3284608494212702,0.29604191569744787,0.2575101712906676,0.20903528092976792,0.1301609349435739,nan,nan,nan,nan,nan,nan,nan,0.09650287960225981
61080.0,0.443718336694091,0.4419315564091642,0.4365722975172408,0.4276419268613534,0.41513600331657213,0.3990323673849945,0.3792697458479766,0.35570864365269783,0.32805459692194777,0.2956885497252142,0.25721561804960513,0.20880621952432707,0.12999045454214914,nan,nan,nan,nan,nan,nan,nan,0.09637213128581971
61140.0,0.4431057861432924,0.44132239864104617,0.43597328433550614,0.4270597108405011,0.41457707878397687,0.39850302321436426,0.3787760375347322,0.3552563964833165,0.3276494611435364,0.2953361481953823,0.2569218644565123,0.20857778305927474,0.12982042481012554,nan,nan,nan,nan,nan,nan,nan,0.09624186852549185
61200.0,0.4424949700790695,0.44071496493428647,0.43537596408578233,0.42647913635198226,0.4140197248193495,0.39797516003254446,0.3782837031668347,0.354805400033702,0.32724543798675426,0.2949847075363945,0.25662890752203754,0.20834996917755577,0.12965084380690176,nan,nan,nan,nan,nan,nan,nan,0.09611208947343572
61260.0,0.44188586554624765,0.44010913522227013,0.43477992545633326,0.42589930665824755,0.4134623638494077,0.3974463194528024,0.37778919145636475,0.3543507697933618,0.3268360056561645,0.2946256142821218,0.2563251807462536,0.20810585446278518,0.12943789962194555,nan,nan,nan,nan,nan,nan,nan,0.09598320480487167
61320.0,0.44127844977822855,0.43950498446931946,0.43418553650472536,0.42532107828924315,0.4129065374370505,0.39691892913799137,0.3772960292746373,0.35389737311997516,0.3264276769774448,0.2942674820604003,0.2560222609448817,0.2078623828584825,0.12922541228258716,nan,nan,nan,nan,nan,nan,nan,0.0958550288663182
61380.0,0.4406727167954025,0.4389025067305224,0.43359279138958584,0.42474444557431545,0.41235224014672944,0.39639298394798267,0.37680421183163,0.353445205621233,0.32602044799737484,0.2939103073990859,0.25572014517741426,0.20761955206444938,0.12901337030442178,nan,nan,nan,nan,nan,nan,nan,0.09572742947149426
61440.0,0.4400686606347771,0.4383016960774978,0.4330016842858133,0.4241694028586496,0.4117994665581223,0.39586847875706893,0.37631373435077475,0.3529942629173685,0.3256143147748767,0.29355408683824874,0.25541883051438263,0.2073773600718386,0.1288017564867152,nan,nan,nan,nan,nan,nan,nan,0.09560036559731362
61500.0,0.43946627535638205,0.4377025466047624,0.4324122093908339,0.42359594450934385,0.4112482112719543,0.39534540845946786,0.3758245920740925,0.3525445406458722,0.32520927338519723,0.29319881693364025,0.25511831404316015,0.20713580517178662,0.12859055828160515,nan,nan,nan,nan,nan,nan,nan,0.09547381528842563
61560.0,0.4388655550441772,0.4371050524306346,0.43182436092548904,0.42302406491626765,0.4106984689108173,0.3948237679700942,0.37533678026292344,0.3520960344621849,0.3248053199205293,0.29284449425717873,0.25481859287586517,0.20689488574398243,0.12837976639952026,nan,nan,nan,nan,nan,nan,nan,0.09534776490188457
61620.0,0.4382664938058478,0.43650920769702917,0.43123813313383297,0.42245375849186373,0.41015023411897567,0.3943035522243789,0.37485029419777216,0.35164874003958285,0.3244024504898895,0.2924911153969597,0.2545196641588362,0.2066546000726879,0.12816937355351793,nan,nan,nan,nan,nan,nan,nan,0.09522220462640159
61680.0,0.43766908577244074,0.43591500656909676,0.43065352028277637,0.42188501967079994,0.4096035015620328,0.39378475617795544,0.37436512917803166,0.3512026530689427,0.32400066121888715,0.29213867695750917,0.2542215250766744,0.2064149462910833,0.12795937373134453,nan,nan,nan,nan,nan,nan,nan,0.09509712689210349
61740.0,0.4370733250982756,0.43532244323513436,0.4300705166619986,0.42131784290988156,0.4090582659268434,0.3932673748065819,0.37388128052192715,0.350757769258709,0.3235999482497059,0.2917871755608627,0.2539241728469713,0.20617592240249794,0.12774976176762137,nan,nan,nan,nan,nan,nan,nan,0.094972525558652
61800.0,0.4364792059609275,0.4347315119065682,0.4294891165839293,0.4207522226880326,0.40851452192149584,0.39275140310612483,0.3733987435665054,0.35031408433489075,0.3232003077411315,0.2914366078469612,0.2536276047167442,0.2059375262898357,0.12754053326097287,nan,nan,nan,nan,nan,nan,nan,0.09484839572347675
61860.0,0.43588672256117095,0.43414220681789706,0.4289093143836916,0.42018815350623817,0.40797226427525385,0.392236836092509,0.37291751366760484,0.3498715940410523,0.32280173586862687,0.29108697047475707,0.253331817952733,0.20569975574434343,0.1273316842764723,nan,nan,nan,nan,nan,nan,nan,0.09472473310971008
61920.0,0.43529586912283685,0.43355452222655116,0.42833110441896205,0.41962562988740637,0.407431487738425,0.3917236688015977,0.3724375861997577,0.3494302941382422,0.32240422882441994,0.2907382601225631,0.2530368098339245,0.20546260849051406,0.12712321118191658,nan,nan,nan,nan,nan,nan,nan,0.09460153383659194
61980.0,0.43470663989275504,0.4329684524128329,0.4277544810699119,0.41906464637631097,0.40689218708230507,0.39121189628914294,0.37195895655614936,0.34899018040497176,0.32200778281759307,0.2903904734876385,0.2527425776494332,0.20522608219811075,0.12691511065495287,nan,nan,nan,nan,nan,nan,nan,0.09447879446050765
62040.0,0.4341190291406353,0.43238399167979935,0.4271794387390902,0.4185051975394753,0.406354357099066,0.3907015136306858,0.3714816201485403,0.3485512486371707,0.32161239407420567,0.2900436072861494,0.2524491186918916,0.20499017450691262,0.1267073795404446,nan,nan,nan,nan,nan,nan,nan,0.09435651173927029
62100.0,0.4335330311589313,0.43180113435312606,0.42660597185128885,0.4179472779650405,0.40581799260163115,0.3901925159214445,0.37100557240717574,0.3481134946481528,0.3212180588374499,0.28969765825176663,0.2521564302552473,0.20475488304362072,0.12650001485993373,nan,nan,nan,nan,nan,nan,nan,0.09423468268292626
62160.0,0.4329486402626926,0.4312198747809599,0.4260340748533963,0.4173908822626222,0.4052830884235401,0.3896848982761958,0.37053080878069733,0.347676914268615,0.3208247733676644,0.289352623133742,0.2518645096351864,0.2045202054284336,0.1262930137709347,nan,nan,nan,nan,nan,nan,nan,0.09411330446826349
62220.0,0.43236585078990003,0.430640207334253,0.42546374221472866,0.4168360050636337,0.40474963941925285,0.389178655829542,0.37005732473634645,0.34724150334667325,0.3204325339421302,0.2890084987005973,0.25157335413201526,0.2042861392455832,0.12608636255978525,nan,nan,nan,nan,nan,nan,nan,0.09399237456278588
62280.0,0.4317846571005877,0.4300621264058869,0.4248949684261619,0.41628264102043844,0.4042176404633498,0.38867378373520733,0.36958511575943354,0.34680725774775595,0.3200413368552199,0.2886652817313945,0.25128296104371484,0.20405268211578728,0.12588002778925667,nan,nan,nan,nan,nan,nan,nan,0.09387189034251354
62340.0,0.4312050535778065,0.429485626411634,0.4243277480010833,0.41573078480727843,0.4036870864514076,0.38817027716680624,0.36911417735391305,0.3463741733547119,0.3196511784183363,0.2883229690251879,0.2509933276726687,0.2038198316201323,0.12567401010258106,nan,nan,nan,nan,nan,nan,nan,0.09375184953431359
62400.0,0.43062703462623647,0.4289107017887737,0.42376207547402295,0.41518043111894,0.4031579722987415,0.387668131316743,0.3686445050415761,0.34594224606762397,0.31926205495919036,0.2879815573883612,0.25070445132163677,0.20358758539010796,0.1254683067512668,nan,nan,nan,nan,nan,nan,nan,0.09363224966908175
62460.0,0.4300505946735232,0.4283373469974244,0.42319794540196976,0.41463157467203526,0.4026302929416119,0.387167341397264,0.36817609436281445,0.34551147180399716,0.31887396282281205,0.28764104364638643,0.2504163292953256,0.20335594102868018,0.12526291521091637,nan,nan,nan,nan,nan,nan,nan,0.09351308856852802
62520.0,0.429475728168692,0.4277655565189632,0.42263535236281136,0.41408421020348607,0.40210404333580135,0.3866679026392233,0.36770894087574163,0.3450818464984045,0.3184868983693343,0.2873014246314929,0.25012895890489717,0.20312489617962848,0.12505783287698918,nan,nan,nan,nan,nan,nan,nan,0.0933943639370965
62580.0,0.4289024295835516,0.4271953248574246,0.42207429095671367,0.413538332471862,0.4015792184578668,0.38616981029316433,0.36724304015695347,0.34465336610286024,0.31810085797640897,0.2869626971927735,0.24984233746103257,0.20289444847757415,0.12485305728446644,nan,nan,nan,nan,nan,nan,nan,0.09327607364372772
62640.0,0.42833069341115904,0.4266266465379711,0.4215147558046133,0.4129939362559222,0.40105581330378126,0.3856730596281549,0.3667783878007099,0.3442260265861587,0.31771583803576314,0.28662485818729716,0.24955646228546516,0.20266459558071007,0.12464858595855036,nan,nan,nan,nan,nan,nan,nan,0.09315821554105434
62700.0,0.42776051416710287,0.4260595161081711,0.4209567415494768,0.4124510163558302,0.400533822890061,0.3851776459327487,0.36631497941960944,0.34379982393454156,0.31733183495639955,0.28628790448650854,0.24927133069975393,0.2024353351530483,0.12444441650132851,nan,nan,nan,nan,nan,nan,nan,0.093040787564454
62760.0,0.42719188638751104,0.4254939281360164,0.42040024285435035,0.41190956759127856,0.4000132422520366,0.3846835645135214,0.3658528106434689,0.34337475415007873,0.3169488451593894,0.28595183297016874,0.24898694004183805,0.20220666487368608,0.12424054650863771,nan,nan,nan,nan,nan,nan,nan,0.0929237876338152
62820.0,0.42662480463170455,0.4249298772125623,0.4198452544049542,0.41136958480398056,0.3994940664461441,0.3841908106970038,0.36539187712084703,0.34295081325307486,0.31656686508482557,0.2856166405327199,0.24870328764476743,0.20197858243131117,0.12403697366513917,nan,nan,nan,nan,nan,nan,nan,0.0928072137698732
62880.0,0.42605926348065953,0.4243673579503977,0.4192917709081791,0.4108310628562255,0.3989762905485963,0.38369937982856084,0.3649321745181558,0.3425279972806476,0.3161858911877839,0.28528232407973414,0.2484203708489258,0.20175108552685966,0.12383369569087922,nan,nan,nan,nan,nan,nan,nan,0.09269106402820124
62940.0,0.425495257535166,0.4238063649818134,0.4187397870902894,0.4102939966291571,0.3984599096538041,0.3832092672710465,0.36447369851847994,0.342106302284784,0.31580591993401974,0.28494888052500283,0.2481381870136166,0.20152417187793273,0.12363071026852489,nan,nan,nan,nan,nan,nan,nan,0.0925753364069369
63000.0,0.42493278141859564,0.42324689296155504,0.4181892976996243,0.409758381025362,0.3979449188767498,0.38272046840682156,0.3640164448233245,0.3416857243352075,0.3154269478065226,0.2846163067951514,0.24785673349906862,0.2012978392124258,0.12342801515100654,nan,nan,nan,nan,nan,nan,nan,0.09246002898295985
63060.0,0.42437182977671906,0.4226889365666414,0.41764029750641846,0.4092242109686971,0.3974313133528287,0.38223297863761857,0.3635604091524969,0.34126625951918654,0.31504897130507903,0.284284599829314,0.24757600766759577,0.20107208526906087,0.12322560815451829,nan,nan,nan,nan,nan,nan,nan,0.09234513990285274
63120.0,0.42381239727482956,0.4221324904935045,0.41709278130000005,0.40869148140161005,0.3969190882353946,0.38174679338242745,0.3631055872421479,0.3408479039383565,0.3146719869399884,0.2839537565755784,0.24729600689997344,0.20084690780267728,0.12302348705873843,nan,nan,nan,nan,nan,nan,nan,0.09223066725907927
63180.0,0.42325447859889365,0.4215775494591337,0.4165467438899111,0.4081601872862099,0.39640823869674024,0.38126190807833954,0.3626519748455542,0.3404306537099873,0.3142959912345605,0.2836237739923921,0.2470167285889371,0.20062230458209956,0.12282164964646416,nan,nan,nan,nan,nan,nan,nan,0.0921166091392996
63240.0,0.42269806845849134,0.4210241082039978,0.4160021801087693,0.40763032360700036,0.39589875993059664,0.38077831818271685,0.3621995677352078,0.34001450497035013,0.3139209807311868,0.2832946490513779,0.2467381701238977,0.2003982733857197,0.12262009379765022,nan,nan,nan,nan,nan,nan,nan,0.0920029637412779
63300.0,0.42214316158276893,0.42047216148802363,0.41545908480833194,0.4071018853671244,0.3953906471486974,0.38029601917017974,0.3617483616998279,0.3395994538699791,0.3135469519833706,0.28296637873424724,0.24646032891044004,0.20017481200567228,0.12241881737291771,nan,nan,nan,nan,nan,nan,nan,0.09188972923153194
63360.0,0.4215897527197643,0.4199217040899259,0.4149174528588452,0.4065748675877478,0.39488389558021414,0.37981500653207023,0.36129835254370496,0.33918549657273545,0.31317390155496894,0.2826389600334695,0.24618320237140087,0.199951918245566,0.12221781821254296,nan,nan,nan,nan,nan,nan,nan,0.09177690374593508
63420.0,0.42103783664180405,0.4193727308125676,0.4143772791542758,0.40604926531303476,0.3943785004763086,0.3793352757805649,0.3608495360911425,0.3387726292625407,0.3128018260291046,0.28231238995286934,0.2459067879273277,0.1997295899236709,0.12201709423714359,nan,nan,nan,nan,nan,nan,nan,0.09166448550664875
63480.0,0.42048740814092966,0.4188252364784178,0.41383855860787855,0.40552507360593293,0.39387445710627345,0.3788568224451738,0.36040190818265605,0.3383608481376589,0.31243072200074185,0.2819866655072738,0.24563108301256978,0.1995078248697606,0.12181664336555156,nan,nan,nan,nan,nan,nan,nan,0.09155247272692053
63540.0,0.4199384620269209,0.4182792159275927,0.41330128615029305,0.4050022875463737,0.3933717607558623,0.37837964207109454,0.3599554646729881,0.3379501494081568,0.3120605860748852,0.28166178372410844,0.24535608507751,0.19928662091851393,0.12161646351166643,nan,nan,nan,nan,nan,nan,nan,0.09144086360929146
63600.0,0.4193909931339589,0.41773466402446396,0.4127654567359732,0.40448090223736366,0.3928704067329123,0.37790373022458856,0.3595102014373618,0.337540529304366,0.3116914148744012,0.2813377416402028,0.2450817915751139,0.1990659759251875,0.12141655263563911,nan,nan,nan,nan,nan,nan,nan,0.09132965640104568
63660.0,0.41884499631590494,0.4171915756529763,0.41223106533863174,0.40396091280066826,0.3923703903633596,0.37742908248917006,0.3590661143670462,0.3371319840708815,0.31132320503446675,0.2810145363040413,0.24480819997046205,0.1988458877545443,0.12121690870758996,nan,nan,nan,nan,nan,nan,nan,0.09121884935492315
63720.0,0.4183004664414455,0.4166499457118379,0.41169810694657255,0.40344231437237654,0.3918717069870268,0.37695569446131577,0.35862319936441894,0.3367245099611096,0.3109559531991622,0.2806921647777958,0.2445353077438689,0.1986263542701694,0.12101752968757432,nan,nan,nan,nan,nan,nan,nan,0.09110844070673627
63780.0,0.41775739840689924,0.41610976912721,0.4111665765750103,0.4029251021145994,0.39137435196867226,0.3764835617615886,0.3581814523557925,0.33631810325200046,0.3105896560316046,0.28037062413181174,0.2442631123792805,0.19840737336300152,0.12081841358708693,nan,nan,nan,nan,nan,nan,nan,0.09099842874349372
63840.0,0.41721578712755625,0.4155710408441254,0.4106364692577389,0.40240927120755815,0.39087832069051687,0.3760126800271133,0.3577408692827376,0.33591276023408007,0.31022431020708474,0.2800499114483241,0.24399161137212483,0.19818894293207362,0.12061955842745431,nan,nan,nan,nan,nan,nan,nan,0.09088881175733132
63900.0,0.4166756275389643,0.4150337558277629,0.41010778004836884,0.40189481685075856,0.3903836085533529,0.37554304491269264,0.35730144610336906,0.3355084772129264,0.3098599124140809,0.2797300238209005,0.2437208022281449,0.19797106088738115,0.12042096224600185,nan,nan,nan,nan,nan,nan,nan,0.09077958805235582
63960.0,0.41613691459664687,0.4144979090631681,0.409580504020055,0.40138173426273,0.38989021097628895,0.3750746520905449,0.35686317879206614,0.33510525050889833,0.3094964593540793,0.27941095835443297,0.2434506824635119,0.1977537251495913,0.12022262309427537,nan,nan,nan,nan,nan,nan,nan,0.09067075594265586
64020.0,0.41559964326478976,0.4139634955440453,0.40905463625460997,0.400870018670638,0.38939812338681595,0.3746074972402188,0.35642606332821336,0.334703076445049,0.30913394773342057,0.2790927121679502,0.2431812496126978,0.1975369336302515,0.12002453897691352,nan,nan,nan,nan,nan,nan,nan,0.09056231368407629
64080.0,0.4150638085443183,0.41343051030057276,0.40853017186952245,0.40035966533606104,0.388907341245459,0.3741415760736181,0.35599009572413387,0.3343019513771113,0.308772374283529,0.27877528238764077,0.24291250120892355,0.19732068428084865,0.11982670800326761,nan,nan,nan,nan,nan,nan,nan,0.09045425964354306
64140.0,0.4145294054504763,0.41289894837719054,0.4080071059963809,0.3998506695344054,0.38841786002609,0.3736768843150159,0.35555527200278003,0.3339018716695468,0.3084117357447468,0.2784586661524098,0.24264443479977668,0.19710497505367505,0.1196291282663128,nan,nan,nan,nan,nan,nan,nan,0.09034659216384815
64200.0,0.4139964290188339,0.41236880483855326,0.407485433786655,0.39934302656042076,0.38792967522120164,0.3732134177064081,0.35512158820370854,0.33350283370195954,0.3080520288706597,0.27814286061238525,0.24237704794302534,0.19688980391231858,0.11943179787507466,nan,nan,nan,nan,nan,nan,nan,0.09023930959988195
64260.0,0.41346487430230905,0.41184007476657736,0.4069651504088243,0.398836731725441,0.38744278233923257,0.3727511720047869,0.35468904038014903,0.3331048338661619,0.30769325042618056,0.2778278629292508,0.24211033820779057,0.19667516882716565,0.11923471494109887,nan,nan,nan,nan,nan,nan,nan,0.09013241030375659
64320.0,0.4129347363634972,0.4113127532528428,0.40644625104098353,0.3983317803502818,0.3869571768976795,0.3722901429751234,0.3542576245914582,0.33270786855862583,0.3073353971826228,0.2775136702771189,0.24184430317755928,0.19646106776376743,0.11903787754362213,nan,nan,nan,nan,nan,nan,nan,0.09002589258649853
64380.0,0.4124060103023513,0.4107868354260172,0.40592873089752557,0.39782816779087116,0.38647285444794854,0.3718303264156863,0.35382733693033974,0.33231193420771415,0.3069784659354749,0.2772002798393914,0.24157894043928727,0.19624749872470026,0.11884128385514234,nan,nan,nan,nan,nan,nan,nan,0.08991975485629175
64440.0,0.4118786912319487,0.4102623164278461,0.40541258520578083,0.39732588941580904,0.3859898105535968,0.3713717181358731,0.3533981734990099,0.3319170272498327,0.3066224534888273,0.27688768881149345,0.24131424759294337,0.19603445971295744,0.11864493203146359,nan,nan,nan,nan,nan,nan,nan,0.08981399549744876
64500.0,0.4113527742852707,0.4097391914198699,0.4048978092125526,0.39682494061264495,0.38550804079641887,0.3709143139624107,0.3529701304158634,0.3315231441360988,0.3062673566597247,0.2765758944001061,0.2410502222488376,0.19582194874218878,0.11844882024243342,nan,nan,nan,nan,nan,nan,nan,0.08970861290427055
64560.0,0.4108282546106952,0.4092174555789563,0.40438439817975524,0.39632531678364624,0.38502754077228074,0.3704581097351131,0.35254320381112214,0.3311302813283614,0.30591317227571363,0.276264893823016,0.24078686202749847,0.19560996383057302,0.11825294665887784,nan,nan,nan,nan,nan,nan,nan,0.08960360546728577
64620.0,0.4103051273712122,0.40869710409652144,0.4038723473836543,0.3958270133450611,0.3845483060903948,0.37000310130614195,0.35211738982607665,0.3307384352985062,0.3055598971744165,0.27595468430909187,0.24052416455964365,0.195398502999725,0.11805730945031495,nan,nan,nan,nan,nan,nan,nan,0.08949897157085436
64680.0,0.4097833877606568,0.4081781321946225,0.403361652130575,0.3953300257423564,0.38407033238831634,0.3695492845552766,0.3516926846287437,0.33034760254277584,0.30520752821234554,0.27564526309880427,0.2402621274866189,0.19518756429678308,0.11786190683192738,nan,nan,nan,nan,nan,nan,nan,0.08939470964272916
64740.0,0.4092630309876168,0.4076605351100052,0.40285230774133,0.3948343494351107,0.38359361531707487,0.3690966553747739,0.3512690843983401,0.3299577795675667,0.30485606225615514,0.2753366274437001,0.24000074845996536,0.1949771457725329,0.11766673701795845,nan,nan,nan,nan,nan,nan,nan,0.08929081810492454
64800.0,0.40874405228011046,0.4071443080987402,0.40234430955574496,0.3943399799014052,0.3831181505454951,0.36864520967376657,0.3508465853297927,0.3295689628935546,0.30450549618518,0.2750287746065525,0.23974002514154266,0.19476724548776314,0.11747179823523518,nan,nan,nan,nan,nan,nan,nan,0.08918729538799726
64860.0,0.40822646106626226,0.4066295482400678,0.4018380177094931,0.393847716347463,0.3826453544782128,0.36819716487359344,0.3504284030157009,0.3291855928027717,0.30416178601419047,0.27472961818787883,0.23949068174882995,0.19457385079619263,0.11732450992135936,nan,nan,nan,nan,nan,nan,nan,0.08908375447004423
64920.0,0.4077102666632543,0.40611617679890044,0.4013330892138598,0.39335677473895714,0.38217382315762516,0.3677503125594278,0.35001132674742735,0.328803229114486,0.3038189703783792,0.27443123305054223,0.2392419754958815,0.19438094858610272,0.1171774715514601,nan,nan,nan,nan,nan,nan,nan,0.08898037542073296
64980.0,0.40719546412262586,0.40560418885723964,0.40082951924177124,0.39286715039882536,0.38170355211347545,0.3673046485213423,0.3495953526244892,0.3284218682810035,0.3034770461189891,0.2741336164525837,0.23899390407609364,0.1941885369398283,0.11703069985909718,nan,nan,nan,nan,nan,nan,nan,0.08887727673216088
65040.0,0.4066820485209047,0.4050935795219312,0.40032730299056946,0.39237883867370893,0.3812345368982126,0.36686016857082676,0.34918047676624653,0.3280415067726585,0.30313601009335184,0.2738367656662415,0.23874646519513093,0.1939966137623344,0.11688420974430777,nan,nan,nan,nan,nan,nan,nan,0.08877449153918551
65100.0,0.40617001495529875,0.4045843439203819,0.3998264356777995,0.3918918349298584,0.3807667730830636,0.3664168685370774,0.34876669530845456,0.32766214107466735,0.30279585917206847,0.2735406779754809,0.2384996565673097,0.1938051767488297,0.1167380098755644,nan,nan,nan,nan,nan,nan,nan,0.08867203553492628
65160.0,0.4056593585426304,0.40407647719949996,0.3993269125401682,0.3914061345521217,0.3803002562570637,0.3659747442660795,0.3483540044024161,0.32728376768636486,0.30245659023833954,0.2732453506753848,0.2382534759108702,0.193614223531038,0.11659210551767554,nan,nan,nan,nan,nan,nan,nan,0.0885699174230041
65220.0,0.40515007441922424,0.4035699745255821,0.39882872883343357,0.39092173294383603,0.37983498202695,0.3655337916205075,0.34794240021488887,0.3269063831211241,0.3021182001878992,0.27295078107199644,0.23800792094257991,0.19342375179605228,0.1164464999103672,nan,nan,nan,nan,nan,nan,nan,0.08846814241688279
65280.0,0.4046421577419375,0.40306483108533886,0.3983318798334091,0.39043862552779923,0.37937094601808774,0.36509400648059165,0.3475318789288844,0.3265299839070826,0.30178068592966206,0.27265696648257903,0.2377629893738125,0.19323375934352313,0.11630119494827054,nan,nan,nan,nan,nan,nan,nan,0.08836671356965214
65340.0,0.40413560368704443,0.4025610420847846,0.3978363608348744,0.3899568077452131,0.378908143873459,0.36465538474316694,0.34712243674279175,0.3261545665863533,0.30144404438501754,0.27236390423459567,0.23751867891075595,0.19304424408838,0.11615619167671441,nan,nan,nan,nan,nan,nan,nan,0.08826563266502169
65400.0,0.4036304074510552,0.4020586027500517,0.39734216715237325,0.38947627505645444,0.37844657125439696,0.3642179223223605,0.34671406987101167,0.3257801277156009,0.3011082724883205,0.27207159166550454,0.23727498725682347,0.19285520405572562,0.11601149056734891,nan,nan,nan,nan,nan,nan,nan,0.08816490068708835
65460.0,0.40312656424996246,0.40155750832664083,0.396849294119477,0.38899702294036054,0.37798622383990094,0.36378161514894736,0.3463067745433625,0.325406663865508,0.30077336718637226,0.2717800261216975,0.23703191211784974,0.19266663735479547,0.11586709173479623,nan,nan,nan,nan,nan,nan,nan,0.08806451813963444
65520.0,0.40262406931912537,0.40105775407930633,0.39635773708867095,0.38851904689411754,0.37752709732652845,0.3633464591702472,0.345900547004986,0.32503417162068904,0.3004393254382669,0.27148920495797496,0.2367894512073227,0.19247854215721172,0.11572299500431106,nan,nan,nan,nan,nan,nan,nan,0.08796448512587461
65580.0,0.40212291791328775,0.4005593352920735,0.3958674914313706,0.38804234243327396,0.37706918742840645,0.3629124503501332,0.3454953835163558,0.32466264757969054,0.30010614421524445,0.2711991255374814,0.23654760225098154,0.1922909166798204,0.11557919997932303,nan,nan,nan,nan,nan,nan,nan,0.08786480144584581
65640.0,0.40162310530657047,0.4000622472682306,0.3953785525379133,0.3875669050917323,0.37661248987722135,0.36247958466902264,0.3450912803532685,0.324292088354977,0.2997738205006375,0.2709097852318678,0.23630636298692914,0.19210375918374803,0.11543570606589076,nan,nan,nan,nan,nan,nan,nan,0.08776546663815815
65700.0,0.4011246267923627,0.3995664853302212,0.3948909158174517,0.38709273042164516,0.3761570004221197,0.3620478581237827,0.3446882338067556,0.32392249057283906,0.2994423512897512,0.2706211814214781,0.23606573116615615,0.19191706796937918,0.11529250582445907,nan,nan,nan,nan,nan,nan,nan,0.08766648002142391
65760.0,0.40062747768328816,0.39907204481960906,0.3944045766979186,0.3866198139933781,0.3757027148296696,0.3616172667276921,0.3442862401830484,0.3235538508733405,0.299111733589597,0.2703333114956488,0.2358257045572927,0.1917308413562308,0.11514958856579517,nan,nan,nan,nan,nan,nan,nan,0.08756784084724031
65820.0,0.4001316533110826,0.39857892109695797,0.3939195306259081,0.38614815139539516,0.37524962888375135,0.36118780651033866,0.34388529580347893,0.3231861659102102,0.29878196441892485,0.27004617285311106,0.235586280943287,0.19154507769077758,0.11500695645374824,nan,nan,nan,nan,nan,nan,nan,0.08746954820004235
65880.0,0.3996371490265187,0.39808710954175536,0.3934357730665994,0.3856777382341821,0.3747977383854812,0.3607594735175451,0.34348539700441283,0.322819432350758,0.29845304080791796,0.26975976290234854,0.23534745812604763,0.19135977532572754,0.11486460846923023,nan,nan,nan,nan,nan,nan,nan,0.08737160117226939
65940.0,0.3991439601992759,0.39759660555228293,0.3929532995036299,0.3852085701341228,0.3743470391530933,0.3603322638112585,0.3430865401371361,0.3224536468757332,0.29812495979830167,0.26947407906230325,0.23510923392219332,0.1911749326297559,0.11472254351103277,nan,nan,nan,nan,nan,nan,nan,0.08727399874235209
66000.0,0.3986520822179526,0.3971074045456295,0.39247210543910627,0.3847406427375101,0.3738975270219487,0.35990617346955694,0.3426887215678658,0.3220888061793422,0.29779771844318953,0.2691891187622242,0.23487160616601746,0.19099054797735632,0.11458076046044473,nan,nan,nan,nan,nan,nan,nan,0.08717673987051996
66060.0,0.39816151048979465,0.39661950195741924,0.39199218639333705,0.3842739517042829,0.3734491978442822,0.35948119858640837,0.3422919376775035,0.3217249069689565,0.29747131380718644,0.2689048794429026,0.23463457270538562,0.19080661975229676,0.11443925815297226,nan,nan,nan,nan,nan,nan,nan,0.08707982345286804
66120.0,0.397672240440928,0.3961328932420443,0.39151353790506205,0.3838084927122516,0.3730020474894189,0.3590573352718771,0.3418961848618449,0.3213619459653584,0.2971457429663252,0.2686213585556378,0.23439813140471288,0.1906231463465615,0.11429803538958555,nan,nan,nan,nan,nan,nan,nan,0.08698324834167669
66180.0,0.39718426751542707,0.3956475738717364,0.39103615553053384,0.38334426145619804,0.37255607184290507,0.35863457965128726,0.34150145953072464,0.3209999199018653,0.29682100300842895,0.26833855356497727,0.234162280136705,0.19044012615566058,0.11415709097858498,nan,nan,nan,nan,nan,nan,nan,0.08688701339606338
66240.0,0.39669758717685877,0.39516353933810494,0.390560034845039,0.3828812536493655,0.37211126680794687,0.35821292786660647,0.34110775810942967,0.32063882552576806,0.29649709103252686,0.26805646194427873,0.23392701679545652,0.190257557588204,0.11401642365413894,nan,nan,nan,nan,nan,nan,nan,0.08679111738088857
66300.0,0.39621219490734544,0.39468078515120353,0.3900851714419751,0.3824194650225534,0.37166762830453637,0.357792376075606,0.3407150770378407,0.3202786595974544,0.2961740041491855,0.26777508117842924,0.23369233928863836,0.19007543905949306,0.11387603212674834,nan,nan,nan,nan,nan,nan,nan,0.08669555902928186
66360.0,0.3957280862056534,0.3941993068376257,0.3896115609309678,0.3819588913222757,0.37122515226766895,0.35737292045013375,0.3403234127686861,0.3199194188888444,0.2958517394813138,0.26749440876748665,0.23345824552420086,0.18989376897673602,0.11373591520523704,nan,nan,nan,nan,nan,nan,nan,0.08660033719835708
66420.0,0.39524525659101595,0.3937190999443131,0.3891391989416357,0.381499528314445,0.37078383465090703,0.35695455717956237,0.3399327617710311,0.3195611001865499,0.2955302941625792,0.2672144422191013,0.23322473343730965,0.18971254576850322,0.11359607155523754,nan,nan,nan,nan,nan,nan,nan,0.08650545056162505
66480.0,0.3947637016004985,0.3932401600359313,0.3886680811209959,0.3810413717818334,0.37034367142392344,0.35653728246841143,0.33954312052787383,0.3192037002897158,0.2952096653384956,0.26693517905358044,0.2329918009719721,0.189531767864557,0.11345649986394182,nan,nan,nan,nan,nan,nan,nan,0.08641089781870734
66540.0,0.3942834167872063,0.39276248269308367,0.3881982031316994,0.3805844175223456,0.36990465857082727,0.35612109253471746,0.33915448553454813,0.31884721600887006,0.29488985016712943,0.26665661680505337,0.23275944607104163,0.18935143368530477,0.1133171989234625,nan,nan,nan,nan,nan,nan,nan,0.08631667779686075
66600.0,0.39380439772495346,0.39228606351696305,0.3877295606566274,0.380128661353516,0.36946679209452077,0.3557059836142686,0.33876685330290546,0.3184916441691261,0.2945708458172371,0.2663787530169292,0.23252766670388778,0.18917154167132746,0.11317816739476456,nan,nan,nan,nan,nan,nan,nan,0.08622278915932374
66660.0,0.39332664000485484,0.3918108981259562,0.38726214939553616,0.3796740991092261,0.369030068013518,0.3552919519575115,0.3383802203582711,0.3181369816078876,0.2942526494695962,0.26610158524491107,0.23229646084646516,0.18899209026283298,0.11303940397384576,nan,nan,nan,nan,nan,nan,nan,0.08612923061021435
66720.0,0.39285013923399864,0.39133698215432206,0.3867959650637519,0.379220726638428,0.3685944823607029,0.35487899382834115,0.33799458323833875,0.3177832251742798,0.2939352583173395,0.2658251110559236,0.23206582647549956,0.18881307789945553,0.11290090741156063,nan,nan,nan,nan,nan,nan,nan,0.08603600091537811
66780.0,0.39237489103984613,0.39086431125657395,0.3863310033964987,0.3787685398093769,0.3681600311874407,0.3544671055081028,0.33760993849693105,0.3174303717314347,0.2936186695646178,0.2655493280288668,0.23183576159016545,0.18863450303061186,0.1127626763920011,nan,nan,nan,nan,nan,nan,nan,0.08594309875985713
66840.0,0.3919008910668183,0.39039288110407955,0.3858672601455405,0.37831753450634725,0.36772671056038636,0.35405628329248817,0.3372262827011046,0.3170784181547642,0.29330288042754865,0.26527423375369225,0.23160626419566607,0.1884563641088057,0.11262470962022261,nan,nan,nan,nan,nan,nan,nan,0.085850522850473
66900.0,0.3914281349754244,0.3899226873841938,0.38540473107832596,0.37786770662879454,0.36729451656066814,0.35364652349075154,0.33684361243051036,0.31672736133171636,0.2929878881341084,0.2649998258297956,0.23137733230065755,0.1882786595934505,0.11248700581806034,nan,nan,nan,nan,nan,nan,nan,0.08575827190988015
66960.0,0.3909566184460455,0.38945372580402604,0.3849434119817061,0.37741905209499377,0.3668634452874281,0.35323782242912793,0.33646192428037563,0.316377198163244,0.2926736899238647,0.2647261018701175,0.23114896393180118,0.18810138794583628,0.1123495636866002,nan,nan,nan,nan,nan,nan,nan,0.08566634463508835
67020.0,0.390486337175136,0.38898599208665763,0.3844832986582014,0.3769715668383855,0.3664334928542683,0.35283017644742787,0.3360812148585901,0.3160279255623344,0.2923602830478534,0.26445305949672154,0.23092115712049666,0.18792454763457997,0.11221238193959687,nan,nan,nan,nan,nan,nan,nan,0.08557473973499401
67080.0,0.390017286874508,0.38851948197043007,0.38402438692529917,0.37652524680688726,0.36600465538858307,0.35242358189842393,0.3357014807852433,0.3156795404537398,0.29204766476814426,0.26418069633963664,0.23069390990180552,0.18774813713711022,0.11207545930529247,nan,nan,nan,nan,nan,nan,nan,0.08548345593311506
67140.0,0.3895494632780817,0.3880541912156653,0.38356667262208577,0.37608008796938747,0.3655769290378646,0.35201803515378083,0.33532271869744185,0.3153320397765553,0.29173583235975403,0.2639090100460439,0.23046722033213074,0.18757215492807966,0.11193879448550918,nan,nan,nan,nan,nan,nan,nan,0.08539249191880421
67200.0,0.389082862135723,0.3875901155985302,0.3831101516031912,0.37563608630981626,0.36515030996394543,0.3516135325986405,0.33494492524490915,0.31498542048186245,0.29142478310889824,0.26363799827188983,0.23024108647306837,0.1873965994899126,0.11180238619297525,nan,nan,nan,nan,nan,nan,nan,0.08530184639178777
67260.0,0.38861747921499035,0.3871272509127762,0.3826548197405064,0.3751932378288262,0.36472479434463034,0.35121007063315635,0.3345680970912321,0.31463967953339667,0.2911145143134862,0.2633676586842635,0.23001550639598115,0.18722146930980285,0.1116662331407357,nan,nan,nan,nan,nan,nan,nan,0.08521151804953812
67320.0,0.38815331029522165,0.3866655929638517,0.38220067291737125,0.3747515385381054,0.36430037836819906,0.3508076456673943,0.33419223090974076,0.3142948139050151,0.2908050232807368,0.26309798895390957,0.22979047816890746,0.1870467628857439,0.11153033408345227,nan,nan,nan,nan,nan,nan,nan,0.08512150563743998
67380.0,0.3876903511761934,0.38620513757752334,0.3817477070370844,0.37431098446870437,0.3638770582414547,0.3504062541287979,0.3338173233895399,0.313950820584402,0.2904963073306661,0.262828986766183,0.2295659998757231,0.1868724787177105,0.11139468775694397,nan,nan,nan,nan,nan,nan,nan,0.0850318078753298
67440.0,0.38722859767837015,0.3857458806001245,0.3812959180231478,0.3738715716712758,0.3634548301899557,0.35000589246240243,0.3334433712356809,0.31360769657317356,0.2901883637961872,0.2625606498213679,0.22934206961668874,0.18669861530736817,0.1112592928764092,nan,nan,nan,nan,nan,nan,nan,0.08494242345537888
67500.0,0.38676804563750267,0.3852878178931768,0.3808453018139589,0.37343329621087973,0.3630336904529938,0.3496065571261768,0.3330703711653987,0.3132654388845656,0.28988119002093354,0.26229297582783884,0.2291186854964909,0.18652517116358333,0.11112414817415991,nan,nan,nan,nan,nan,nan,nan,0.08485335108792069
67560.0,0.3863086909066259,0.38483094533537954,0.3803958543647734,0.3729961541689043,0.3626136352854515,0.3492082445927482,0.33269831990950366,0.31292404454428074,0.28957478336004655,0.26202596250459503,0.22889584562871754,0.1863521448003402,0.1109892523854782,nan,nan,nan,nan,nan,nan,nan,0.08476458948426568
67620.0,0.38585052934313463,0.3843752588097421,0.3799475716350072,0.3725601416306592,0.3621946609458953,0.3488109513385231,0.332327214203559,0.31258351058426437,0.2892691411733637,0.2617596075656363,0.22867354811317073,0.18617953474607202,0.11085460432024954,nan,nan,nan,nan,nan,nan,nan,0.08467613744216498
67680.0,0.38539355683819876,0.3839207542328696,0.3795004496171368,0.3721252547136127,0.3617767637236748,0.3484146738684458,0.3319570508079595,0.31224383405686784,0.288964260840918,0.26149390875551093,0.22845179108749497,0.18600733952245144,0.11072020269995411,nan,nan,nan,nan,nan,nan,nan,0.08458799365129824
67740.0,0.38493776929408025,0.3834674275323801,0.3790544843144127,0.37169148954561626,0.3613599399180243,0.34801940869690456,0.33158782649244656,0.31190501202392484,0.28866013975098376,0.2612288638219032,0.2282305726873573,0.18583555766071994,0.11058604628334984,nan,nan,nan,nan,nan,nan,nan,0.08450015684326881
67800.0,0.38448316263008164,0.38301527465282625,0.3786096717467045,0.3712588422706154,0.3609441858435434,0.3476251523527383,0.3312195380401674,0.3115670415596144,0.2883567753032115,0.26096447052281996,0.2280098910568855,0.18566418769740078,0.1104521338335093,nan,nan,nan,nan,nan,nan,nan,0.08441262575226709
67860.0,0.3840297327785918,0.3825642915517594,0.37816600794661825,0.3708273090448696,0.36052949782660804,0.3472319013760117,0.33085218224501606,0.3112299197482619,0.28805416490593744,0.2607007266220855,0.22778974434398014,0.18549322817668784,0.11031846412938426,nan,nan,nan,nan,nan,nan,nan,0.08432539912879103
67920.0,0.38357747568423756,0.3821144741988847,0.37772348895866426,0.3703968860361416,0.36011587220460184,0.3468396523173226,0.330485755911062,0.310893643683866,0.287752305975605,0.26043762988837194,0.22757013069930965,0.18532267765097127,0.11018503596828909,nan,nan,nan,nan,nan,nan,nan,0.08423847574258901
67980.0,0.38312638731900045,0.3816658185911098,0.3772821108540957,0.36996756943814435,0.3597033053396288,0.34644840175012825,0.3301202558627137,0.31055821047850307,0.28745119594704027,0.2601751781124128,0.22735104829421485,0.18515253467167975,0.11005184812167529,nan,nan,nan,nan,nan,nan,nan,0.08415185433021055
68040.0,0.3826764636670964,0.3812183207374927,0.376841869716066,0.36953935545608974,0.359291793604796,0.346058146258414,0.32975567893455043,0.3102236172539189,0.2871508322631724,0.2599133690897832,0.22713249530279067,0.18498279779841917,0.10991889937935716,nan,nan,nan,nan,nan,nan,nan,0.08406553364746898
68100.0,0.382227700729414,0.3807719766636598,0.37640276164398545,0.3691122403109306,0.35888133338823913,0.3456688824403134,0.3293920219743065,0.3098898611439954,0.28685121237804956,0.2596522006259519,0.22691446990714237,0.1848134655962876,0.10978618853652636,nan,nan,nan,nan,nan,nan,nan,0.08397951245404098
68160.0,0.38178009451538314,0.38032678240371454,0.3759647827455572,0.36868622023165226,0.3584719210858918,0.3452806069016608,0.3290292818373469,0.30955693928953093,0.286552333750363,0.259391670528039,0.226696970291619,0.1846445366396062,0.10965371440048832,nan,nan,nan,nan,nan,nan,nan,0.08389378952243234
68220.0,0.3813336410568246,0.37988273401401873,0.3755279291503415,0.36826129146840053,0.35806355311380056,0.3448933162669699,0.32866745539607417,0.3092248488471276,0.28625419385447204,0.25913177661884895,0.2264799946526322,0.18447600950556553,0.10952147577917971,nan,nan,nan,nan,nan,nan,nan,0.08380836362270769
68280.0,0.3808883364039057,0.37943982756916866,0.37509219700579455,0.3678374502886481,0.357656225904528,0.3445070071762265,0.32830653953717953,0.30889358698659536,0.28595679017718406,0.2588725167327703,0.2262635411957811,0.18430788277607088,0.10938947148451664,nan,nan,nan,nan,nan,nan,nan,0.08372323352694946
68340.0,0.3804441766210986,0.378998059157973,0.37465758247331027,0.367414692973363,0.3572499359035585,0.34412167628168444,0.3279465311588977,0.30856315088835684,0.2856601202145349,0.2586138887116786,0.22604760813298705,0.18414015503959785,0.10925770033574374,nan,nan,nan,nan,nan,nan,nan,0.0836383980137143
68400.0,0.3800011577883408,0.3785574248846074,0.37422408172935895,0.3669930158181157,0.3568446795703419,0.3437373202487901,0.3275874271717701,0.30823353774413603,0.28536418147269615,0.25835589040623524,0.225832193683469,0.18397282489044556,0.10912616115801667,nan,nan,nan,nan,nan,nan,nan,0.08355385586627784
68460.0,0.37955927599084816,0.3781179208584858,0.37379169095554754,0.3665724151235177,0.3564404533693779,0.3433539357481675,0.32722922449144887,0.3079047447497849,0.2850689714596888,0.25809851966703834,0.2256172960683609,0.18380589093095848,0.10899485278559748,nan,nan,nan,nan,nan,nan,nan,0.08346960587829216
68520.0,0.37911852734555085,0.3776795432205472,0.3733604063644157,0.3661528872200356,0.35603725379335127,0.34297151947641547,0.32687192005736954,0.3075767691238972,0.28477448770688224,0.2578417743675831,0.2254029135246787,0.183639351765761,0.10886377405356337,nan,nan,nan,nan,nan,nan,nan,0.0833856468391041
68580.0,0.3786789079795881,0.3772422881218713,0.3729302241784505,0.365734428447804,0.3556350773443107,0.34259006813918796,0.32651551081755864,0.30724960809266433,0.28448072775150296,0.25758565238558007,0.22518904429395092,0.18347320600644018,0.10873292380454329,nan,nan,nan,nan,nan,nan,nan,0.08330197754569868
68640.0,0.37824041403613967,0.3768061517294777,0.3725011406357771,0.3653170351621001,0.35523392053877245,0.3422095784557819,0.3261599937327537,0.30692325889398087,0.28418768914137615,0.2573301516080187,0.22497568662529943,0.18330745227027312,0.10860230088688635,nan,nan,nan,nan,nan,nan,nan,0.08321859679946024
68700.0,0.3778030416734211,0.37637113022532626,0.3720731519891807,0.3649007037324053,0.3548337799068441,0.3418300471583381,0.32580536577566566,0.30659771877671493,0.2838953694341424,0.2570752699303742,0.22476283877489434,0.18314208918028013,0.10847190415515155,nan,nan,nan,nan,nan,nan,nan,0.08313550340695718
68760.0,0.3773667870529045,0.37593721979461503,0.3716462544946502,0.364485430531418,0.3544346519819689,0.34145147098248707,0.3254516239223631,0.3062729849921711,0.2836037661880958,0.2568210052473345,0.22455049899960594,0.18297711536588673,0.10834173247587738,nan,nan,nan,nan,nan,nan,nan,0.08305269618913493
68820.0,0.3769316463698857,0.3755044166561502,0.37122044444110863,0.36407121196356584,0.3540365333275401,0.341073846691622,0.3250987651746306,0.3059490548162412,0.283312876985955,0.25656735547685955,0.22433866557347643,0.18281252946120713,0.10821178471260773,nan,nan,nan,nan,nan,nan,nan,0.08297017395745908
68880.0,0.37649761582861824,0.3750727170376399,0.37079571812622736,0.3636580444418106,0.3536394205152495,0.34069717105715147,0.3247467865417785,0.30562592553138274,0.2830226994155231,0.25631431854060516,0.22412733677431332,0.1826483301064331,0.10808205973806259,nan,nan,nan,nan,nan,nan,nan,0.08288793553332283
68940.0,0.37606469164905654,0.3746421171823944,0.3703720718629846,0.3632459243939382,0.3532433101309582,0.3403214408638545,0.3243956850455748,0.30530359443150507,0.28273323107493115,0.25606189236923005,0.22391651088732328,0.1824845159474554,0.10795255643083573,nan,nan,nan,nan,nan,nan,nan,0.0828059797427839
69000.0,0.3756328700658047,0.3742126133482817,0.36994950197864584,0.36283484826158163,0.35284819877378104,0.3399466529090343,0.32404545771945575,0.3049820588211964,0.2824444695718443,0.255810074901617,0.22370618620455116,0.182321085635835,0.10782327367576633,nan,nan,nan,nan,nan,nan,nan,0.08272430541719399
69060.0,0.3752021473157984,0.37378420179549865,0.36952800480281456,0.36242481248877445,0.35245408304536185,0.3395728039926178,0.3236961015992856,0.3046613160066787,0.28215641251418394,0.2555588640757746,0.2234963610183461,0.18215803782849696,0.10769421036833311,nan,nan,nan,nan,nan,nan,nan,0.08264291140057087
69120.0,0.3747725196702711,0.3733568788183071,0.3691075766984407,0.36201581355165435,0.352060959577704,0.33919989094284686,0.32334761374733323,0.3043413633192765,0.2818690575342007,0.25530825785244327,0.22328703363831495,0.1819953711885261,0.10756536540324374,nan,nan,nan,nan,nan,nan,nan,0.0825617965304666
69180.0,0.37434398340875014,0.37293064071921667,0.3686882140365952,0.3616078479342991,0.35166882501052993,0.3388279105953778,0.32299999123276635,0.3040221980963233,0.2815824022688886,0.25505825419588796,0.2230782023775254,0.181833084384513,0.10743673768371044,nan,nan,nan,nan,nan,nan,nan,0.08248095965353117
69240.0,0.3739165348261081,0.3725054838159859,0.36826991320331093,0.36120091213527883,0.3512776759974198,0.33845685979894813,0.3226532311369392,0.3037038176863381,0.28129644436529516,0.25480885107910534,0.22286986555624447,0.1816711760907301,0.10730832611893035,nan,nan,nan,nan,nan,nan,nan,0.08240039962129186
69300.0,0.3734901702315514,0.3720814044406182,0.3678526705986027,0.3607950026667184,0.35088750920492895,0.33808673541455364,0.3223073305526177,0.30338621944826943,0.2810111814797674,0.2545600464831225,0.2226620215014527,0.18150964498703265,0.10718012962407406,nan,nan,nan,nan,nan,nan,nan,0.08232011529032689
69360.0,0.37306488593676573,0.3716583989276006,0.3674364826249914,0.3603901160433046,0.35049832130224534,0.3377175343058069,0.32196228657489256,0.30306940074264754,0.28072661126914084,0.25431183838880894,0.22245466854117474,0.18134848975772994,0.10705214712017727,nan,nan,nan,nan,nan,nan,nan,0.08224010552429904
69420.0,0.37264067828667957,0.37123646364442575,0.3670213457172854,0.3599862488108114,0.35011010898802775,0.3373492533639552,0.3216180963247556,0.3027533589545416,0.28044273141360127,0.25406422479812074,0.2222478050191883,0.1811877090945143,0.10692437753441295,nan,nan,nan,nan,nan,nan,nan,0.08216036918867799
69480.0,0.37221754363443804,0.3708155949667623,0.3666072563183528,0.3595833975228945,0.3497228689685724,0.3369818894875276,0.3212747569299192,0.3024380914748819,0.280159539598084,0.2538172037168152,0.22204142928305357,0.18102730169407288,0.10679681979986372,nan,nan,nan,nan,nan,nan,nan,0.08208090515503368
69540.0,0.3717954783481901,0.37039578928518846,0.36619421088569226,0.359181558747384,0.3493365979637335,0.33661543958785367,0.3209322655300172,0.3021235957055244,0.27987703351731674,0.25357077315913606,0.22183553968735673,0.18086726625873426,0.1066694728555792,nan,nan,nan,nan,nan,nan,nan,0.08200171229987205
69600.0,0.3713744788101279,0.3699770430042398,0.3657822058905037,0.35878072906539415,0.3489512927060814,0.3362499005882729,0.32059061927585414,0.30180986905852164,0.2795952108751135,0.2533249311471927,0.22163013459329386,0.18070760149629375,0.10654233564632323,nan,nan,nan,nan,nan,nan,nan,0.0819227895045329
69660.0,0.3709545414052414,0.3695593525312551,0.3653712378068108,0.35838090506089454,0.348566949931051,0.33588526941488145,0.3202498153206243,0.30149690894760306,0.27931406937612074,0.2530796757037098,0.2214252123638158,0.18054830611799136,0.10641540711964126,nan,nan,nan,nan,nan,nan,nan,0.08184413565399391
69720.0,0.37053566255050263,0.36914271430532236,0.3649613031396896,0.35798208334777304,0.3481835664025078,0.33552154302054416,0.3199098508426973,0.3011847128102823,0.27903360674723277,0.25283500487083943,0.22122077137622348,0.180389378843755,0.10628868623346413,nan,nan,nan,nan,nan,nan,nan,0.08176574963997442
69780.0,0.3701178386711243,0.36872712477373115,0.3645523984023047,0.35758426054782,0.3478011388919491,0.3351587183653596,0.31957072302708067,0.30087327808987074,0.2787538207201683,0.2525909166948533,0.22101681001191695,0.18023081839793154,0.10616217194991551,nan,nan,nan,nan,nan,nan,nan,0.08168763035841048
69840.0,0.3697010662069982,0.36831258039835896,0.3641445201221364,0.35718743329669794,0.34741966418414405,0.33479679242195726,0.3192324290704457,0.30056260224035425,0.2784747090361932,0.2523474092302923,0.22081332665917316,0.18007262351044268,0.10603586323698747,nan,nan,nan,nan,nan,nan,nan,0.08160977671013964
69900.0,0.3692853416117638,0.3678990776547467,0.3637376648400792,0.35679159824307655,0.34703913907631256,0.33443576217472193,0.3188949661803899,0.30025268272568234,0.27819626944545073,0.25210448053939366,0.22061031971274833,0.1799147929165497,0.10590975906824085,nan,nan,nan,nan,nan,nan,nan,0.08153218760077827
69960.0,0.3688706613418975,0.36748661302127766,0.3633318290998847,0.3563967520384935,0.3466595603685103,0.33407562461071516,0.3185583315667978,0.299943517011458,0.2779184996991261,0.2518621286853961,0.22040778756924057,0.17975732535411482,0.10578385841933216,nan,nan,nan,nan,nan,nan,nan,0.08145486193928533
70020.0,0.36845702188502716,0.3670751830072603,0.3629270094755591,0.35600289136366503,0.3462809248885792,0.333716376743233,0.318222522464257,0.29963510258650106,0.27764139756977596,0.25162035174990827,0.22020572863911955,0.17960021957070324,0.10565816027702016,nan,nan,nan,nan,nan,nan,nan,0.0813777986416897
70080.0,0.3680444197368985,0.3666647841300828,0.3625232025490752,0.35561001290708205,0.3459032294718496,0.33335801559264117,0.31788753611382126,0.29932743694530434,0.2773649608347882,0.25137914781877624,0.2200041413369363,0.17944347431780247,0.10553266363183249,nan,nan,nan,nan,nan,nan,nan,0.08130099662805797
70140.0,0.3676328514076214,0.3662554129214085,0.3621204049164166,0.35521811337081444,0.34552647096664424,0.33300053819157116,0.31755336976795545,0.2990205175927903,0.2770891872808656,0.25113851498591394,0.219803024083976,0.17928708835238824,0.10540736748005108,nan,nan,nan,nan,nan,nan,nan,0.08122445482331675
70200.0,0.36722231342075345,0.3658470659262667,0.36171861318668913,0.3548271894696565,0.3451506462334656,0.33264394158415,0.31722002068980243,0.29871434204361363,0.2768140747033818,0.25089845135275407,0.21960237530785162,0.17913106043665872,0.1052822708234304,nan,nan,nan,nan,nan,nan,nan,0.08114817215710736
70260.0,0.3668128023025622,0.3654397396924006,0.3613178239717213,0.3544372379211199,0.3447757521354735,0.33228822281697784,0.3168874861446056,0.29840890781400864,0.2765396208988513,0.25065895502182967,0.2194021934377662,0.17897538933494017,0.10515737266594713,nan,nan,nan,nan,nan,nan,nan,0.08107214756208356
70320.0,0.3664043146098904,0.3650334307979102,0.3609180339130539,0.3540482554714025,0.34440178556319434,0.33193337896254005,0.316555763421966,0.2981042124429437,0.2762658236844669,0.2504200241134257,0.21920247691680364,0.17882007382171283,0.10503267202223215,nan,nan,nan,nan,nan,nan,nan,0.08099637997832915
70380.0,0.36599684690748824,0.36462813582876474,0.3605192396599838,0.3536602388742628,0.3440287434144198,0.3315794071001606,0.31622484981773485,0.2978002534749107,0.2759926808822031,0.25018165675202964,0.21900322419192625,0.1786651126750789,0.10490816791070341,nan,nan,nan,nan,nan,nan,nan,0.08092086834976425
70440.0,0.36559039577415997,0.3642238513849014,0.36012143787551765,0.35327318489674797,0.3436566225996577,0.3312263043211663,0.31589474263892314,0.29749702846459014,0.27572019032312617,0.24994385107000433,0.21880443371668512,0.17851050467853197,0.10478385935542579,nan,nan,nan,nan,nan,nan,nan,0.08084561162511991
70500.0,0.36518495780186483,0.3638205740793324,0.3597246252355002,0.35288709031835375,0.3432854200413291,0.33087406772812494,0.3155654392029783,0.297194534976172,0.27544834984677263,0.24970660520705637,0.21860610395081204,0.17835624862067892,0.10465974538580469,nan,nan,nan,nan,nan,nan,nan,0.08077060875777647
70560.0,0.36478052958518026,0.3634183005276897,0.35932879841839566,0.3525019519211734,0.34291513266436885,0.3305226944259193,0.3152369368293226,0.29689277057539837,0.2751771572938888,0.24946991730403206,0.2184082333554565,0.17820234329199933,0.10453581794527227,nan,nan,nan,nan,nan,nan,nan,0.08069585870387075
70620.0,0.3643771077486461,0.3630170273753579,0.35893395413180496,0.3521177665154601,0.34254575742061727,0.33017218154490835,0.31490923286131023,0.29659173285020923,0.2749066105252687,0.2492337855190139,0.2182108204055409,0.1780487874932515,0.10441206103608087,nan,nan,nan,nan,nan,nan,nan,0.08062136042720822
70680.0,0.3639746889245201,0.3626167512754018,0.35854008909089363,0.3517345309188318,0.342177291268977,0.32982252622208474,0.3145823246483641,0.29629141939394554,0.2746367074064271,0.24899820801422298,0.21801386357970634,0.1778955800286312,0.10428847690771403,nan,nan,nan,nan,nan,nan,nan,0.08054711289526695
70740.0,0.36357326975881044,0.3622174688945521,0.35814720002424255,0.3513522419619103,0.34180973118079394,0.3294737256061842,0.3142562095508188,0.2959918278099027,0.2743674458117543,0.24876318295956915,0.2178173613630367,0.17774271970762484,0.1041650645365366,nan,nan,nan,nan,nan,nan,nan,0.08047311508028132
70800.0,0.36317284691039864,0.3618191769123348,0.35775528367299536,0.3509708964874991,0.3414430741390698,0.3291257768569372,0.3139308849392135,0.29569295571067095,0.274098823623918,0.24852870853213962,0.21762131224666142,0.1775902053447198,0.10404182290476388,nan,nan,nan,nan,nan,nan,nan,0.08039936595902221
70860.0,0.36277341704076704,0.36142187201087567,0.3573643367808854,0.3505904913409504,0.34107731712925127,0.3287786771363136,0.31360634818601674,0.2953948007104107,0.27383083872686553,0.2482947829102308,0.217425714723119,0.17743803575602565,0.1039187509963659,nan,nan,nan,nan,nan,nan,nan,0.08032586451022267
70920.0,0.3623749768406576,0.3610255509013594,0.3569743561201186,0.3502110233951624,0.34071245716313403,0.328432423631243,0.3132825966870999,0.2950973604448946,0.273563489023979,0.24806140428883292,0.21723056729838475,0.1772862097680385,0.10379584780768365,nan,nan,nan,nan,nan,nan,nan,0.08025260972125871
70980.0,0.361977523008385,0.36063021030250525,0.3565853384703172,0.3498324895302438,0.34034849125941635,0.3280870135351307,0.312959627844267,0.2948006325552017,0.27329677242330375,0.24782857086703017,0.2170358684820829,0.17713472621050858,0.10367311233878573,nan,nan,nan,nan,nan,nan,nan,0.08017960058271448
71040.0,0.3615810522557179,0.3602358469464041,0.3561972806242304,0.3494548866390283,0.33998541644897173,0.32774244405286956,0.3126374390699915,0.294504614692138,0.27303068684155335,0.24759628085141588,0.21684161679013883,0.17698358391837213,0.10355054359580573,nan,nan,nan,nan,nan,nan,nan,0.08010683608985615
71100.0,0.36118556130719276,0.3598424575778367,0.3558101793870665,0.34907821162642927,0.33962322977423104,0.3273987124002525,0.31231602778686207,0.2942093045157216,0.2727652302036443,0.24736453245569764,0.21664781074446898,0.17683278173150888,0.1034281405906386,nan,nan,nan,nan,nan,nan,nan,0.08003431524242595
71160.0,0.3607910468915045,0.35945003894572697,0.35542403156812363,0.34870246140134376,0.339261928281428,0.3270558157966017,0.31199539142063565,0.2939146996887317,0.27250040043688883,0.2471333238957588,0.21645444886911022,0.17668231849170385,0.103305902337162,nan,nan,nan,nan,nan,nan,nan,0.07996203704205833
71220.0,0.3603975057622725,0.3590585878237582,0.35503883400097735,0.34832763289617935,0.3389015090393021,0.3267137514825448,0.3116755274169912,0.2936207978922657,0.27223619548500044,0.24690265340156575,0.21626152969955154,0.17653219304997003,0.10318382786033747,nan,nan,nan,nan,nan,nan,nan,0.07989000049851233
71280.0,0.3600049346815569,0.35866810099400837,0.35465458352745594,0.34795372305135397,0.3385419691242516,0.3263725167059034,0.31135643322822953,0.29332759681338805,0.27197261329697403,0.2466725192077131,0.2160690517753236,0.1763824042607329,0.1030619161889762,nan,nan,nan,nan,nan,nan,nan,0.07981820462472439
71340.0,0.3596133304241739,0.3582785752512335,0.354271277001835,0.347580728819353,0.33818330562422017,0.32603210872538724,0.3110381063167542,0.2930350941483629,0.27170965182999557,0.24644291955589773,0.2158770136419368,0.17623295098335173,0.10294016635763087,nan,nan,nan,nan,nan,nan,nan,0.07974664843810349
71400.0,0.3592226897776875,0.3578900074028601,0.35388891129082944,0.34720864716472055,0.33782551563868746,0.3256925248105842,0.3107205441550641,0.29274328760264895,0.2714473090494393,0.2462138526949154,0.21568541385087386,0.17608383208210354,0.10281857740657349,nan,nan,nan,nan,nan,nan,nan,0.07967533096052386
71460.0,0.35883300954297354,0.35750239426954245,0.3535074832741316,0.34683747506457124,0.3374685962791528,0.32535376224242457,0.31040374422620526,0.29245217489134456,0.2711855829292976,0.24598531688102981,0.21549425095981325,0.17593504642624208,0.10269714838191484,nan,nan,nan,nan,nan,nan,nan,0.0796042512184336
71520.0,0.3584442865326624,0.35711573268362184,0.35312698984292,0.346467209507169,0.3371125446677892,0.3250158183118926,0.3100877040225198,0.29216175373796266,0.27092447145100784,0.24575731037696671,0.21530352353199644,0.17578659288978263,0.10257587833522393,nan,nan,nan,nan,nan,nan,nan,0.07953340824253359
71580.0,0.3580565175722716,0.3567300194902471,0.3527474279009426,0.3460978474929577,0.3367573579384182,0.3246786903209595,0.309772421046554,0.29187202187532413,0.2706639726043112,0.24552983145264987,0.21511323013668066,0.17563847035163377,0.10245476632377432,nan,nan,nan,nan,nan,nan,nan,0.07946280106800126
71640.0,0.35766969949983635,0.35634525154700847,0.35236879436416224,0.3457293860342226,0.33640303323618836,0.3243423755822762,0.30945789281076125,0.2915829770452684,0.2704040843869776,0.2453028783849654,0.2149233693489862,0.17549067769553542,0.10233381141044431,nan,nan,nan,nan,nan,nan,nan,0.07939242873441016
71700.0,0.35728382916577694,0.3559614257238061,0.3519910861606263,0.3453618221549635,0.3360495677174538,0.32400687141905793,0.30914411683739396,0.29129461699855524,0.2701448048047197,0.24507644945768695,0.21473393974983007,0.1753432138100019,0.10221301266365442,nan,nan,nan,nan,nan,nan,nan,0.07932229028567407
71760.0,0.3568989034318488,0.3555785389018046,0.3516143002294375,0.3449951528898912,0.3356969585488081,0.3236721751641702,0.30883109065765957,0.29100693949410994,0.26988613187053584,0.24485054296090522,0.21454493992539964,0.17519607758785313,0.10209236915692016,nan,nan,nan,nan,nan,nan,nan,0.07925238476953529
71820.0,0.35651491917349176,0.35519658797577164,0.3512384335230592,0.3446293752866758,0.33534520290924785,0.3233382841621743,0.3085188118136071,0.2907199423007053,0.2696280636061679,0.24462515719229547,0.21435636846833547,0.17504926792727388,0.1019718799698328,nan,nan,nan,nan,nan,nan,nan,0.07918271123874254
71880.0,0.35613187327786894,0.3548155698521267,0.3508634830053913,0.34426448640407115,0.33499429798836833,0.3230051957676208,0.3082072778565506,0.2904336231955528,0.2693705980408779,0.2444002904560541,0.21416822397674623,0.17490278373093435,0.1018515441872283,nan,nan,nan,nan,nan,nan,nan,0.0791132687500864
71940.0,0.3557497626443131,0.3544354814493845,0.3504894456522084,0.3439004833123418,0.3346442409867739,0.32267290734543724,0.30789648634742695,0.2901479799646207,0.26911373321172183,0.24417594106313795,0.213980505054434,0.17475662390619492,0.10173136089937214,nan,nan,nan,nan,nan,nan,nan,0.07904405636463105
72000.0,0.355368584184337,0.3540563196981656,0.35011631845116986,0.3435373630932722,0.33429502911608655,0.32234141627093627,0.3075864348568042,0.28986301040264295,0.2688574671635596,0.24395210733126974,0.21379321031089424,0.1746107873651022,0.10161132920195064,nan,nan,nan,nan,nan,nan,nan,0.07897507314771923
72060.0,0.3549883348224668,0.35367808154202196,0.3497440984026231,0.343175122840939,0.333946659599684,0.32201071993052277,0.30727712096556264,0.2895787123137731,0.26860179794965233,0.2437287875854264,0.21360633836165155,0.17446527302463552,0.10149144819637361,nan,nan,nan,nan,nan,nan,nan,0.07890631816926319
72120.0,0.35460901149402707,0.3533007639352419,0.34937278251746473,0.3428137596596533,0.3335991296707326,0.3216808157198109,0.3069685422630846,0.28929508350985295,0.26834672363008116,0.24350598015654148,0.21341988782735083,0.1743200798060317,0.10137171698894126,nan,nan,nan,nan,nan,nan,nan,0.07883779050297535
72180.0,0.3542306111467911,0.3529243638444853,0.3490023678187334,0.3424532706654919,0.3332524365736499,0.32135170104502475,0.3066606963486031,0.2890121218117046,0.26809224227292894,0.24328368338247192,0.2132338573344266,0.17417520663527725,0.10125213469144881,nan,nan,nan,nan,nan,nan,nan,0.07876948922694345
72240.0,0.35385313074047253,0.35254887824827935,0.34863285134111816,0.3420936529858244,0.33290657756365316,0.3210233733225658,0.30635358083078623,0.28872982504873534,0.2678383519539192,0.24306189560770036,0.21304824551489118,0.17403065244294955,0.10113270042098864,nan,nan,nan,nan,nan,nan,nan,0.07870141342345505
72300.0,0.35347656724672705,0.3521743041370209,0.34826423013095986,0.34173490375931337,0.3325615499067591,0.3206958299790135,0.3060471933277395,0.28844819105893926,0.2675850507564185,0.24284061518333547,0.2128630510063325,0.17388641616421152,0.10101341329993489,nan,nan,nan,nan,nan,nan,nan,0.07863356217898877
72360.0,0.3531009176497948,0.3518006385136122,0.3478965012468723,0.34137702013651405,0.33221735088035875,0.32036906845167706,0.3057415314675367,0.28816721768940207,0.26733233677189044,0.24261984046748492,0.21267827245219734,0.1737424967390085,0.1008942724560772,nan,nan,nan,nan,nan,nan,nan,0.07856593458430941
72420.0,0.35272617894476527,0.3514278783917414,0.3475296617580623,0.34101999927825294,0.33187397777166205,0.3200430861871035,0.30543659288678643,0.2878869027949448,0.26708020809867516,0.24239956982424793,0.21249390850101807,0.17359889311151797,0.10077527702219588,nan,nan,nan,nan,nan,nan,nan,0.07849852973417806
72480.0,0.35235234813885735,0.35105602079715076,0.34716370874556846,0.3406638383568223,0.331531427878844,0.31971788064217715,0.30513237523169107,0.2876072442391273,0.26682866284289214,0.2421798016244576,0.21230995780697864,0.17345560423054618,0.10065642613634782,nan,nan,nan,nan,nan,nan,nan,0.07843134672755049
72540.0,0.3519794222510158,0.35068506276723704,0.34679863930186955,0.34030853455560234,0.3311896985106815,0.3193934492837728,0.30482887615771304,0.2873282398939333,0.2665776991181579,0.24196053424544706,0.212126419029733,0.17331262904939632,0.10053771894175359,nan,nan,nan,nan,nan,nan,nan,0.07836438466750277
72600.0,0.3516073983118556,0.3503150013509959,0.3464344505308309,0.3399540850690088,0.33084878698650333,0.31906978958870724,0.30452609332953107,0.287049887639731,0.26632731504554935,0.24174176607101738,0.21194329083437813,0.17316996652584318,0.10041915458675953,nan,nan,nan,nan,nan,nan,nan,0.0782976426612004
72660.0,0.3512362733635375,0.3499458336088975,0.34607113954758073,0.3396004871023727,0.3305086906360771,0.31874689904363857,0.30422402442095314,0.28677218536519733,0.26607750875353753,0.24152349549137683,0.21176057189140068,0.17302761562205698,0.10030073222466725,nan,nan,nan,nan,nan,nan,nan,0.07823111981970571
72720.0,0.35086604445989933,0.3495775566130186,0.3457087034786418,0.33924773787206863,0.33016940679972634,0.31842477514516304,0.303922667114988,0.2864951309673721,0.26582827837803474,0.24130572090318886,0.21157826087672246,0.17288557530471613,0.10018245101404744,nan,nan,nan,nan,nan,nan,nan,0.0781648152583845
72780.0,0.35049670866626287,0.3492101674468492,0.3453471394617403,0.3388958346053286,0.3298309328281565,0.31810341539966047,0.30362201910371595,0.2862187223515485,0.2655796220622967,0.24108844070948177,0.21139635647162056,0.1727438445448803,0.10006431011844026,nan,nan,nan,nan,nan,nan,nan,0.07809872809655283
72840.0,0.3501282630594218,0.34884366320528104,0.34498644464579453,0.3385447745402313,0.3294932660824432,0.3177828173232805,0.3033220780882713,0.2859429574312546,0.26533153795690656,0.2408716533196362,0.21121485736271706,0.17260242231799766,0.09994630870639887,nan,nan,nan,nan,nan,nan,nan,0.07803285745754807
72900.0,0.3497607047275745,0.34847804099454066,0.34462661619084933,0.3381945549256381,0.32915640393397094,0.31746297844188454,0.30302284177878913,0.2856678341282046,0.2650840242197306,0.24065535714934658,0.21103376224194634,0.1724613076038749,0.09982844595145329,nan,nan,nan,nan,nan,nan,nan,0.07796720246869918
72960.0,0.3493940307700591,0.34811329793192625,0.34426765126781683,0.3378451730209423,0.3288203437641949,0.31714389629082534,0.3027243078942037,0.28539335037211827,0.2648370790157591,0.24043955062048383,0.21085306980642587,0.17232049938655256,0.0997107210319922,nan,nan,nan,nan,nan,nan,nan,0.07790176226116298
73020.0,0.34902823829782187,0.3477494311462729,0.34390954705893484,0.3374966260965121,0.3284850829650597,0.31682556841533127,0.30242647416259505,0.28511950410102854,0.2645907005173763,0.24022423216132813,0.2106727787586839,0.17217999665453446,0.09959313313144741,nan,nan,nan,nan,nan,nan,nan,0.07783653597025719
73080.0,0.3486633244329554,0.34738643777749384,0.3435523007573149,0.33714891143325343,0.3281506189385849,0.3165079923701227,0.3021293383208413,0.2848462932609701,0.26434488690408636,0.2400094002063313,0.21049288780643416,0.17203979840056732,0.09947568143809649,nan,nan,nan,nan,nan,nan,nan,0.07777152273516356
73140.0,0.34829928630875656,0.3470243149766378,0.34319590956699925,0.33680202632266454,0.3278169490969155,0.31619116571945816,0.3018328981146575,0.2845737158060137,0.26409963636254175,0.23979505319614272,0.21031339566260424,0.17189990362167218,0.09935836514507668,nan,nan,nan,nan,nan,nan,nan,0.07770672169898264
73200.0,0.3479361210696854,0.3466630599058484,0.34284037070292045,0.3364559680667968,0.32748407086228515,0.3158750860370986,0.30153715129856395,0.2843017696982371,0.2638549470865183,0.23958118957758567,0.2101343010453138,0.1717603113191245,0.0992411834503682,nan,nan,nan,nan,nan,nan,nan,0.07764213200872049
73260.0,0.3475738258714476,0.34630266973844503,0.34248568139098,0.3361107339783306,0.32715198166709036,0.31555975090638283,0.3012420956359634,0.28403045290780304,0.2636108172769884,0.23936780780371267,0.20995560267789454,0.17162102049846234,0.09912413555688529,nan,nan,nan,nan,nan,nan,nan,0.07757775281534143
73320.0,0.3472123978806201,0.3459431416585525,0.34213183886768683,0.3357663213802254,0.3268206789535497,0.3152451579198936,0.3009477288988114,0.28375976341263964,0.2633672451418262,0.2391549063335704,0.20977729928875524,0.17148203016939248,0.0990072206721478,nan,nan,nan,nan,nan,nan,nan,0.07751358327357549
73380.0,0.34685183427485583,0.34558447286130356,0.3417788403803542,0.3354227276059095,0.3264901601738902,0.31493130467964237,0.3006540488678031,0.2834896991986252,0.2631242288959801,0.2389424836323329,0.20959938961144337,0.1713433393458255,0.0988904380084909,nan,nan,nan,nan,nan,nan,nan,0.07744962254203692
73440.0,0.34649213224276526,0.34522666055272067,0.3414266831869843,0.335079949999169,0.32616042279023905,0.31461818879696474,0.3003610533322717,0.2832202582594917,0.2628817667613841,0.23873053817122872,0.20942187238459758,0.17120494704583913,0.0987737867829721,nan,nan,nan,nan,nan,nan,nan,0.07738586978316912
73500.0,0.34613328898389323,0.34486970194969363,0.3410753645562462,0.33473798591412535,0.3258314642746024,0.31430580789250046,0.3000687400901701,0.28295143859680855,0.2626398569669436,0.23851906842752782,0.2092447463519342,0.17106685229166702,0.09865726621735481,nan,nan,nan,nan,nan,nan,nan,0.07732232416323771
73560.0,0.34577530170901577,0.3445135942802741,0.3407248817677633,0.33439683271551496,0.3255032821091359,0.3139941595964545,0.2997771069483227,0.2826832382202199,0.26239849774874835,0.23830807288471234,0.2090680102623732,0.17092905410979906,0.098540875538229,nan,nan,nan,nan,nan,nan,nan,0.07725898485245905
73620.0,0.3454181676392517,0.34415833478279334,0.34037523211125,0.334056487777851,0.32517587378533525,0.3136832415478184,0.2994861517216796,0.2824156551467446,0.26215768734944467,0.23809755003196448,0.20889166286964955,0.17079155153066367,0.09842461397662204,nan,nan,nan,nan,nan,nan,nan,0.07719585102462666
73680.0,0.345061884006677,0.3438039207064719,0.34002641288710844,0.33371694848600253,0.3248492368045952,0.31337305139490945,0.2991958722338345,0.28214868740126453,0.26191742401867296,0.23788749836452044,0.20871570293257732,0.17065434358884185,0.09830848076825757,nan,nan,nan,nan,nan,nan,nan,0.07713292185737433
73740.0,0.3447064480541002,0.34345034931119733,0.33967842140620963,0.333378212234982,0.3245233686780056,0.3130635867951745,0.29890626631683787,0.2818823330163489,0.26167770601291107,0.23767791638354083,0.20854012921494847,0.17051742932298322,0.09819247515344819,nan,nan,nan,nan,nan,nan,nan,0.07707019653208377
73800.0,0.3443518570350343,0.34309761786749493,0.3393312549898666,0.3330402764299188,0.32419826692632514,0.3127548454151655,0.2986173318111748,0.2816165900322348,0.2614385315954561,0.23746880259609449,0.20836494048551885,0.17038080777579392,0.09807659637707625,nan,nan,nan,nan,nan,nan,nan,0.07700767423386816
73860.0,0.34399810821390253,0.34274572365673356,0.3389849109700348,0.3327031384862552,0.3238739290801724,0.31244682493072506,0.29832906656594266,0.2813514564969938,0.2611998990365711,0.23726015551527743,0.20819013551810303,0.17024447799411674,0.09796084368860965,nan,nan,nan,nan,nan,nan,nan,0.07694535415156964
73920.0,0.3436451988653772,0.3423946639704676,0.33863938668866617,0.332366795829117,0.32355035267941556,0.31213952302639747,0.2980414684382895,0.2810869304660085,0.2609618066130229,0.2370519736598306,0.20801571309126382,0.1701084390286665,0.09784521634196242,nan,nan,nan,nan,nan,nan,nan,0.07688323547770513
73980.0,0.34329312627481784,0.34204443611087304,0.33829467949813763,0.33203124589373045,0.32322753527357784,0.31183293739582113,0.2977545352937899,0.28082301000232385,0.26072425260839116,0.23684425555439312,0.20784167198851553,0.1699726899342026,0.09772971359555718,nan,nan,nan,nan,nan,nan,nan,0.07682131740847772
74040.0,0.3429418877380957,0.3416950373905723,0.3379507867610791,0.3316964861252556,0.3229054744216751,0.31152706574157274,0.2974682650062972,0.28055969317650975,0.2604872353129477,0.23663699972940092,0.20766801099824095,0.1698372297694576,0.09761433471227267,nan,nan,nan,nan,nan,nan,nan,0.07675959914375137
74100.0,0.34259148056155514,0.3413464651325966,0.3376077058503357,0.3313625139787495,0.32258416769218196,0.3112219057751351,0.2971826554579132,0.28029697806663406,0.260250753023631,0.2364302047210648,0.20749472891367227,0.1697020575971214,0.09749907895942297,nan,nan,nan,nan,nan,nan,nan,0.07669807988703144
74160.0,0.3422419020620685,0.3409987166704401,0.33726543414902316,0.33102932691922116,0.32226361266308623,0.31091745521695224,0.29689770453904335,0.28003486275831235,0.2600148040440889,0.23622386907140602,0.20732182453291964,0.16956717248386513,0.09738394560877515,nan,nan,nan,nan,nan,nan,nan,0.07663675884542197
74220.0,0.3418931495667449,0.3406517893477703,0.3369239690502397,0.3306969224213482,0.3219438069216114,0.3106137117961585,0.2966134101481358,0.2797733453444695,0.259779386684471,0.23601799132807835,0.20714929665882312,0.1694325735002132,0.09726893393640786,nan,nan,nan,nan,nan,nan,nan,0.07657563522966879
74280.0,0.3415452204130777,0.3403056805185749,0.33658330795721303,0.33036529796962233,0.32162474806436014,0.3103106732507207,0.29632977019182133,0.2795124239254673,0.25954449926153833,0.23581257004446107,0.20697714409902873,0.16929825972060886,0.09715404322277463,nan,nan,nan,nan,nan,nan,nan,0.0765147082540938
74340.0,0.34119811194884747,0.33996038754706503,0.336243448283204,0.33003445105825546,0.3213064336972241,0.3100083373273511,0.29604678258482897,0.27925209660902783,0.2593101400985959,0.2356076037796008,0.2068053656659397,0.16916423022337224,0.09703927275265482,nan,nan,nan,nan,nan,nan,nan,0.07645397713659013
74400.0,0.34085182153208193,0.33961590780763545,0.33590438745146833,0.32970437919114226,0.32098886143534716,0.30970670178147297,0.29576444524995493,0.27899236151020496,0.25907630752546695,0.23540309109818905,0.20663396017669655,0.16903048409068233,0.09692462181513026,nan,nan,nan,nan,nan,nan,nan,0.07639344109861196
74460.0,0.34050634653108974,0.339272238684899,0.3355661228952907,0.32937507988189463,0.3206720289031615,0.30940576437725686,0.29548275611809854,0.2787332167514171,0.25884299987852183,0.2351990305705862,0.20646292645319433,0.16889702040858967,0.09681007749604374,nan,nan,nan,nan,nan,nan,nan,0.07633309936525293
74520.0,0.34016168432422306,0.33892937757344904,0.33522865205774915,0.3290465506536092,0.3203559337341587,0.30910552288739834,0.2952017131280498,0.27847466046225267,0.25861021550050545,0.234995420772673,0.2062922633219639,0.16876383826691932,0.09669562265243453,nan,nan,nan,nan,nan,nan,nan,0.07627295116499677
74580.0,0.3398178322999834,0.33858732187796564,0.3348919723918218,0.32871878903897467,0.3200405735709966,0.3088059750932233,0.2949213142265918,0.278216690779564,0.25837795274061987,0.23479226028592123,0.20612196961422566,0.16863093675931254,0.09658125968479131,nan,nan,nan,nan,nan,nan,nan,0.07621299572988345
74640.0,0.3394747878569364,0.33824606901313065,0.33455608136030185,0.3283917925801869,0.31972594606541793,0.30850711878461023,0.29464155736842707,0.2779593058474,0.2581462099544647,0.23458954769734186,0.2059520441658462,0.1684983149831906,0.09646698781116353,nan,nan,nan,nan,nan,nan,nan,0.07615323229544337
74700.0,0.33913254840367746,0.3379056164035937,0.33422097643576504,0.32806555882891913,0.31941204887822006,0.3082089517599619,0.2943624405161513,0.277702503816982,0.2579149855040151,0.23438728159946517,0.20578248581732228,0.1683659720397402,0.09635280625458854,nan,nan,nan,nan,nan,nan,nan,0.07609366010067599
74760.0,0.3387911113589302,0.3375659614840696,0.33388665510066573,0.3277400853464151,0.319098879679348,0.30791147182629475,0.29408396164033884,0.2774462828467841,0.25768427775769387,0.23418546059040016,0.20561329341382428,0.16823390703395233,0.0962387142431268,nan,nan,nan,nan,nan,nan,nan,0.07603427838798005
74820.0,0.33845047415115465,0.3372271016989493,0.333553114846953,0.3274153697031138,0.3187864361475291,0.3076146767988885,0.29380611871921125,0.27719064110222563,0.2574540850900963,0.23398408327360354,0.20544446580501294,0.1681021190744615,0.09612471100967601,nan,nan,nan,nan,nan,nan,nan,0.07597508640326386
74880.0,0.33811063421877674,0.336889034502528,0.33322035317629567,0.32709140947887083,0.3184747159704886,0.30731856450149453,0.2935289097388353,0.2769355767558555,0.25722440588215484,0.2337831482580161,0.2052760018451448,0.16797060727363827,0.0960107957920682,nan,nan,nan,nan,nan,nan,nan,0.07591608339582714
74940.0,0.33777158901007126,0.3365517573588881,0.3328883675999679,0.32676820226284575,0.318163716844841,0.30702313276623167,0.29325233269302514,0.2766810879872619,0.25699523852105843,0.23358265415799398,0.20510790039301635,0.16783937074754052,0.09589696783300766,nan,nan,nan,nan,nan,nan,nan,0.07585726861837035
75000.0,0.33743333598313124,0.3362152677418696,0.33255715563881916,0.32644574565347356,0.3178534364760633,0.3067283794335607,0.2929763855833182,0.27642717298305064,0.25676658140023345,0.23338259959329163,0.204940160311949,0.16770840861590064,0.09578322638005343,nan,nan,nan,nan,nan,nan,nan,0.07579864132699236
75060.0,0.3370958726060017,0.335879563135203,0.33222671482340577,0.3261240372585931,0.31754387257861877,0.30643430235240443,0.29270106641909,0.276173829936951,0.25653843291943706,0.23318298318913913,0.20477278046985115,0.16757772000218585,0.09566957068569772,nan,nan,nan,nan,nan,nan,nan,0.07574020078136157
75120.0,0.336759196356206,0.3355446410320377,0.33189704269352616,0.3258030746949936,0.3172350228755191,0.3061408993797276,0.2924263732171571,0.2759210570494498,0.2563107914844316,0.23298380357596812,0.2046057597389929,0.16744730403338712,0.09555600000707601,nan,nan,nan,nan,nan,nan,nan,0.07568194624424367
75180.0,0.3364233047210421,0.33521049893523724,0.3315681367985117,0.32548285558869905,0.3169268850985997,0.3058481683808017,0.29215230400202774,0.27566885252802337,0.25608365550719125,0.23278505938958394,0.2044390969961456,0.1673171598401524,0.09544251360614789,nan,nan,nan,nan,nan,nan,nan,0.07562387698184528
75240.0,0.3360881951974491,0.33487713435724614,0.3312399946970962,0.32516337757484054,0.31661945698839644,0.30555610722908755,0.29187885680579206,0.2754172145870357,0.25585702340581107,0.23258674927108786,0.2042727911225178,0.16718728655672796,0.09532911074961396,nan,nan,nan,nan,nan,nan,nan,0.07556599226370196
75300.0,0.3357538652919762,0.33454454482005946,0.3309126139573856,0.3248446382976272,0.31631273629411816,0.30526471380620884,0.29160602966809746,0.27516614144771673,0.2556308936044868,0.23238887186686022,0.20410684100373963,0.16705768332094476,0.0952157907088925,nan,nan,nan,nan,nan,nan,nan,0.07550829136265808
75360.0,0.3354203125208968,0.3342127278553363,0.33058599215696977,0.32452663541045623,0.3160067207737534,0.30497398600205583,0.2913338206362457,0.2749156313382517,0.255405264533594,0.23219142582862695,0.20394124552991952,0.16692834927427402,0.09510255276015699,nan,nan,nan,nan,nan,nan,nan,0.07545077355479984
75420.0,0.33508753440978667,0.3338816810039794,0.33026012688250883,0.3242093665755076,0.31570140819367865,0.30468392171440933,0.29106222776484075,0.27466568249345735,0.2551801346294019,0.2319944098132135,0.20377600359543552,0.1667992835616316,0.09498939618415427,nan,nan,nan,nan,nan,nan,nan,0.07539343811956159
75480.0,0.3347555284937809,0.3335514018163919,0.32993501572998574,0.3238928294639924,0.3153967963288986,0.30439451884917235,0.29079124911600635,0.27441629315498234,0.2549555023342498,0.23179782248269631,0.20361111409906235,0.16667048533149975,0.09487632026630022,nan,nan,nan,nan,nan,nan,nan,0.07533628433961241
75540.0,0.33442429231745224,0.3332218878523559,0.32961065630458697,0.32357702175603575,0.3150928829629338,0.30410577532026284,0.29052088275928556,0.2741674615712149,0.2547313660964646,0.23160166250433148,0.2034465759439114,0.16654195373587155,0.09476332429661788,nan,nan,nan,nan,nan,nan,nan,0.07527931150086553
75600.0,0.33409382343477945,0.33289313668100035,0.32928704622067145,0.32326194114064694,0.3147896658877919,0.3038176890495856,0.29025112677161524,0.27391918599725995,0.2545077243703411,0.2314059285505366,0.20328238803741494,0.16641368793023792,0.09465040756971806,nan,nan,nan,nan,nan,nan,nan,0.07522251889246757
75660.0,0.33376411940923234,0.332565145880887,0.3289641831018549,0.3229475853158025,0.31448714290404867,0.30353025796711214,0.28998197923740027,0.2736714646950061,0.2542845756162003,0.231210619298942,0.20311854929137088,0.16628568707362784,0.09453756938483451,nan,nan,nan,nan,nan,nan,nan,0.07516590580685559
75720.0,0.3334351778134218,0.3322379130396607,0.32864206458066525,0.3226339519881091,0.31418531182052145,0.30324348001056683,0.28971343824822055,0.2734242959328588,0.2540619183001535,0.23101573343218526,0.20295505862176402,0.166157950328449,0.0944248090456431,nan,nan,nan,nan,nan,nan,nan,0.07510947153956328
75780.0,0.33310699622930207,0.3319114357542522,0.32832068829874245,0.32232103887299923,0.31388417045445943,0.3029573531256106,0.28944550190300256,0.27317767798589704,0.25383975089424005,0.23082126963803076,0.20279191494887067,0.16603047686058173,0.09431212586035712,nan,nan,nan,nan,nan,nan,nan,0.07505321538934528
75840.0,0.33277957224806454,0.33158571163077133,0.3280000519067341,0.3220088436946296,0.3135837166314457,0.3026718752657471,0.2891781683079326,0.27293160913579323,0.2536180718763569,0.23062722660930818,0.20262911719720458,0.16590326583933196,0.09419951914166806,nan,nan,nan,nan,nan,nan,nan,0.07499713665812376
75900.0,0.3324529034701065,0.33126073828447655,0.32768015306426496,0.3216973641858516,0.31328394818536887,0.30238704439229624,0.2889114355764316,0.2726860876707913,0.25339687973023783,0.23043360304389449,0.20246666429550247,0.16577631643741803,0.09408698820672651,nan,nan,nan,nan,nan,nan,nan,0.07494123465097692
75960.0,0.33212698750511266,0.33093651333985613,0.32736098944001724,0.3213865980882906,0.31298486295850025,0.3021028584744684,0.28864530182922477,0.27244111188576936,0.25317617294551076,0.23024039764476278,0.2023045551767655,0.1656496278310093,0.09397453237719722,nan,nan,nan,nan,nan,nan,nan,0.0748855086761803
76020.0,0.33180182197171715,0.3306130344302915,0.32704255871139876,0.3210765431520204,0.3126864588011793,0.30181931548906377,0.2883797651940611,0.2721966800819842,0.2529559500174683,0.2300476091197838,0.20214278877808808,0.1655231991995721,0.09386215097903268,nan,nan,nan,nan,nan,nan,nan,0.07482995804505276
76080.0,0.3314774044976976,0.33029029919825065,0.3267248585647339,0.32076719713575164,0.312388733571996,0.30153641342064785,0.28811482380587705,0.2719527905672207,0.25273620944720165,0.22985523618184125,0.20198136404075773,0.16539702972596027,0.09374984334260471,nan,nan,nan,nan,nan,nan,nan,0.07477458207205
76140.0,0.3311537327198724,0.3299683052951857,0.3264078866951629,0.3204585578067327,0.3120916851376958,0.3012541502614605,0.28785047580671197,0.2717094416557142,0.25251694974153144,0.22966327754877186,0.20182027991020285,0.1652711185963697,0.09363760880263788,nan,nan,nan,nan,nan,nan,nan,0.07471938007471987
76200.0,0.33083080428407086,0.3296470503815036,0.32609164080661246,0.32015062294072194,0.31179531137315275,0.3009725240113905,0.28758671934568486,0.27146663166812957,0.25229816941298844,0.2294717319433482,0.20165953533597866,0.16514546500032554,0.09352544669818809,nan,nan,nan,nan,nan,nan,nan,0.07466435137368999
76260.0,0.33050861684522576,0.3293265321266579,0.3257761186118874,0.31984339032207687,0.31149961016145594,0.30069153267805876,0.2873235525790715,0.2712243589316321,0.25207986697987683,0.22928059809333318,0.20149912927181257,0.16502006813072784,0.09341335637269307,nan,nan,nan,nan,nan,nan,nan,0.07460949529269219
76320.0,0.3301871680670115,0.32900674820878933,0.3254613178323153,0.3195368577434077,0.3112045793935753,0.30041117427649977,0.2870609736700077,0.2709826217796154,0.2518620409660319,0.22908987473127007,0.2013390606754259,0.16489492718368282,0.0933013371737623,nan,nan,nan,nan,nan,nan,nan,0.07455481115845014
76380.0,0.329866455622059,0.32868769631493866,0.32514723619795743,0.3192310230057833,0.31091021696856125,0.30013144682935217,0.2867989807886673,0.27074141855186495,0.25164468990096484,0.22889956059460806,0.20117932850863982,0.16477004135860607,0.09318938845329708,nan,nan,nan,nan,nan,nan,nan,0.07450029830074056
76440.0,0.3295464771918482,0.3283693741409407,0.32483387144750375,0.31892588391862936,0.3106165207934455,0.29985234836676494,0.2865375721121744,0.2705007475944775,0.2514278123197921,0.22870965442563967,0.2010199317373223,0.16464540985817339,0.09307750956742634,nan,nan,nan,nan,nan,nan,nan,0.07444595605235749
76500.0,0.3292272304666794,0.32805177939139546,0.324521221328245,0.3186214382997007,0.3103234887832158,0.2995738769263734,0.28627674582458157,0.27026060725984125,0.25121140676321635,0.22852015497148487,0.20086086933137448,0.1645210318883094,0.09296569987648551,nan,nan,nan,nan,nan,nan,nan,0.07439178374910134
76560.0,0.3289087131457705,0.3277349097797647,0.3242092835961681,0.3183176839751749,0.3100311188609062,0.2992960305533846,0.2860165001169498,0.2700209959067093,0.2509954717775921,0.22833106098414774,0.20070214026477887,0.16439690665823606,0.09285395874506516,nan,nan,nan,nan,nan,nan,nan,0.07433778072981931
76620.0,0.3285909229368875,0.3274187630280049,0.3238980560155936,0.3180146187792994,0.3097394089572561,0.2990188073002549,0.2857568331870466,0.2697819118999231,0.2507800059146802,0.22814237122030284,0.20054374351541632,0.16427303338029814,0.09274228554180976,nan,nan,nan,nan,nan,nan,nan,0.0742839463362556
76680.0,0.3282738575565668,0.32710333686678783,0.32358753635939447,0.3177122405546039,0.30944835701091666,0.298742205226885,0.28549774323952976,0.2695433536105811,0.25056500773179635,0.22795408444142415,0.2003856780651763,0.16414941127007185,0.0926306796395313,nan,nan,nan,nan,nan,nan,nan,0.07423027991314278
76740.0,0.3279575147300069,0.32678862903539346,0.3232777224088899,0.31741054715179784,0.30915796096835124,0.2984662224005264,0.2852392284858588,0.26930531941595737,0.2503504757917398,0.22776619941372275,0.20022794289990356,0.16402603954631437,0.09251914041514558,nan,nan,nan,nan,nan,nan,nan,0.07417678080815845
76800.0,0.32764189219104045,0.3264746372816816,0.32296861195381765,0.3171095364297436,0.3088682187838102,0.2981908568957571,0.28498128714427345,0.2690678076994822,0.2501364086627754,0.22757871490813136,0.20007053700938468,0.16390291743095373,0.09240766724965711,nan,nan,nan,nan,nan,nan,nan,0.07412344837191415
76860.0,0.3273269876822255,0.3261613593621832,0.3226602027924244,0.3168092062555443,0.3085791284194155,0.2979161067945628,0.28472391743986913,0.26883081685081084,0.24992280491869462,0.22739162970035703,0.19991345938739505,0.16378004414913286,0.0922962595282018,nan,nan,nan,nan,nan,nan,nan,0.07407028195798797
76920.0,0.32701279895449287,0.325848793041749,0.32235249273111916,0.3165095545042068,0.3082906878448364,0.29764197018602845,0.28446711760430904,0.26859434526556103,0.24970966313858184,0.22720494257067766,0.19975670903152026,0.16365741892904515,0.09218491663984994,nan,nan,nan,nan,nan,nan,nan,0.0740172809227946
76980.0,0.3266993237673566,0.3255369360937598,0.3220454795846808,0.3162105790588431,0.3080028950374838,0.2973684451665238,0.28421088587599774,0.26835839134547124,0.24949698190695507,0.22701865230406426,0.19960028494326398,0.1635350410020359,0.09207363797771846,nan,nan,nan,nan,nan,nan,nan,0.07396444462566168
77040.0,0.32638655988881043,0.3252257863000224,0.32173916117615586,0.31591227781057213,0.30771574798241574,0.29709552983961274,0.2839552204999969,0.26812295349832355,0.2492847598136974,0.22683275769012104,0.1994441861279959,0.1634129096025551,0.09196242293891095,nan,nan,nan,nan,nan,nan,nan,0.07391177242879088
77100.0,0.32607450509529945,0.3249153414507423,0.3214335353368316,0.31561464865849287,0.30742924467231136,0.2968232223160301,0.28370011972800313,0.26788803013792384,0.24907299545403885,0.2266472575230698,0.19928841159493788,0.16329102396814624,0.09185127092449769,nan,nan,nan,nan,nan,nan,nan,0.07385926369724703
77160.0,0.32576315717180554,0.32460559934460853,0.3211285999063193,0.315317689509766,0.3071433831075506,0.29655152071375623,0.28344558181841845,0.2676536196841654,0.24886168742861323,0.22646215060179958,0.199132960357209,0.16316938333948836,0.09174018133956381,nan,nan,nan,nan,nan,nan,nan,0.073806917798991
77220.0,0.3254525139115126,0.3242965577884603,0.3208243527322268,0.31502139827929465,0.3068581612959062,0.29628042315772585,0.28319160503607815,0.2674197205627818,0.24865083434323756,0.2262774357296733,0.1989778314316549,0.16304798696023984,0.0916291535930103,nan,nan,nan,nan,nan,nan,nan,0.07375473410475039
77280.0,0.32514257311600453,0.3239882145974842,0.3205207916703523,0.3147257728899141,0.30657357725272655,0.2960099277800015,0.2829381876524131,0.26718633120549373,0.24844043480904326,0.22609311171464272,0.19882302383894956,0.16292683407713382,0.09151818709766853,nan,nan,nan,nan,nan,nan,nan,0.07370271198809589
77340.0,0.32483333259516567,0.32368056759511554,0.3202179145845871,0.3144308112722961,0.30628962900084467,0.29574003271968685,0.28268532794536916,0.2669534500499363,0.24823048744241086,0.2259091773691913,0.19866853660354575,0.16280592393993315,0.09140728127023878,nan,nan,nan,nan,nan,nan,nan,0.0736508508254028
77400.0,0.32452479016715347,0.3233736146130104,0.31991571934688884,0.31413651136492426,0.3060063145705535,0.2954707361229041,0.2824330241993859,0.26672107553963914,0.24802099086495216,0.22572563151031858,0.19851436875366166,0.16268525580141946,0.09129643553127202,nan,nan,nan,nan,nan,nan,nan,0.07359914999584077
77460.0,0.32421694365848186,0.32306735349112925,0.3196142038373635,0.31384287111417286,0.30572363199968294,0.2952020361428667,0.2821812747054642,0.2664892061240887,0.24781194370356613,0.22554247295958926,0.1983605193213237,0.16256482891743487,0.0911856493052172,nan,nan,nan,nan,nan,nan,nan,0.07354760888141075
77520.0,0.3239097909036939,0.3227617820774113,0.31931336594394477,0.31354988847399545,0.3054415793332998,0.2949339309395954,0.2819300777609027,0.26625784025848664,0.24760334459022304,0.2253597005429437,0.1982069873422015,0.16244464254672822,0.09107492202022545,nan,nan,nan,nan,nan,nan,nan,0.07349622686680692
77580.0,0.3236033297455553,0.3224568982279667,0.31901320356258367,0.3132575614061094,0.30516015462388574,0.2946664186800869,0.2816794316694541,0.26602697640389383,0.24739519216209271,0.22517731309081054,0.19805377185570677,0.16232469595104915,0.09096423653844908,nan,nan,nan,nan,nan,nan,nan,0.07344500333950053
77640.0,0.32329755803495724,0.3221526998069799,0.3187137145971533,0.31296588787990354,0.30487935593124865,0.29439949753823,0.28142933474124776,0.26579661302715885,0.24718748506148075,0.22499530943805088,0.19790087190494432,0.1622049883951041,0.09085357228734241,nan,nan,nan,nan,nan,nan,nan,0.07339393768969998
77700.0,0.3229924736308897,0.32184918468668366,0.3184148969594234,0.312674865872413,0.3045991813224985,0.2941331656947829,0.28117978529276844,0.2655667486008986,0.24698022193581157,0.22481368842394306,0.19774828653669974,0.16208551914654545,0.09074293190786292,nan,nan,nan,nan,nan,nan,nan,0.07334302931034047
77760.0,0.32268807440052527,0.32154635074744214,0.3181167485691421,0.3123844933683997,0.30431962887212455,0.2938674213374466,0.2809307816469242,0.26533738160356074,0.24677340143768364,0.22463244889223202,0.19759601480148153,0.16196628747601408,0.09063231473545673,nan,nan,nan,nan,nan,nan,nan,0.07329227759711755
77820.0,0.3223843582188935,0.3212441958774264,0.3178192673537171,0.31209476836004124,0.3040406966616974,0.29360226266058254,0.28068232213278477,0.26510851051918466,0.24656702222465596,0.22445158969094087,0.19744405575335866,0.16184729265698544,0.09052172011015107,nan,nan,nan,nan,nan,nan,nan,0.07324168194835858
77880.0,0.3220813229690746,0.32094271797280827,0.31752245124840583,0.31180568884711685,0.30376238278004686,0.29333768786538134,0.2804344050857376,0.2648801338375439,0.24636108295937562,0.2242711096724835,0.19729240845005785,0.16172853396586478,0.09041114737666242,nan,nan,nan,nan,nan,nan,nan,0.07319124176509963
77940.0,0.32177896654210303,0.32064191493766353,0.3172262981962207,0.3115172528369151,0.3034846853231741,0.2930736951597798,0.28018702884741126,0.2646522500540763,0.24615558230951498,0.22409100769360943,0.19714107195291602,0.16161001068194264,0.0903005958843351,nan,nan,nan,nan,nan,nan,nan,0.07314095645104772
78000.0,0.32147728683694166,0.32034178468394664,0.3169308061479043,0.31122945834420973,0.30320760239422784,0.29281028275843857,0.2799401917656546,0.26442485766986495,0.245950518947755,0.22391128261538903,0.1969900453268678,0.1614917220873851,0.0901900649871197,nan,nan,nan,nan,nan,nan,nan,0.0730908254125709
78060.0,0.32117628176056506,0.32004232513157366,0.3166359730620108,0.31094230339133905,0.3029311321035817,0.2925474488828148,0.2796938921946044,0.2641979551917001,0.24574589155184004,0.22373193330326205,0.19683932764048878,0.1613736674672756,0.09007955404361861,nan,nan,nan,nan,nan,nan,nan,0.07304084805873196
78120.0,0.320875949227638,0.31974353420810214,0.31634179690459147,0.31065578600790006,0.30265527256853975,0.2922851917608846,0.2794481284944271,0.26397154113184307,0.2455416988043674,0.22355295862685234,0.19668891796583254,0.1612558461094632,0.08996906241689234,nan,nan,nan,nan,nan,nan,nan,0.07299102380116045
78180.0,0.32057628716070724,0.31944540984892217,0.31604827564938237,0.31036990423093136,0.30238002191351254,0.2920235096273089,0.27920289903147344,0.2637456140081681,0.24533793939291376,0.22337435746007947,0.19653881537852963,0.1611382573046569,0.08985858947456762,nan,nan,nan,nan,nan,nan,nan,0.07294135205412973
78240.0,0.32027729349010653,0.3191479499971622,0.3157554072777117,0.31008465610482283,0.30210537826993067,0.2917624007233523,0.278958202178203,0.2635201723440928,0.24513461200997283,0.22319612868110364,0.19638901895773936,0.16102090034638225,0.08974813458877531,nan,nan,nan,nan,nan,nan,nan,0.07289183223451956
78300.0,0.31997896615393157,0.3188511526036633,0.31546318977847515,0.3098000396812921,0.301831339776222,0.2915018632968613,0.2787140363131635,0.26329521466855976,0.2449317153529393,0.22301827117231182,0.19623952778613812,0.160903774530971,0.0896376971361314,nan,nan,nan,nan,nan,nan,nan,0.07284246376180656
78360.0,0.3196813030981206,0.31855501562706057,0.31517162114821506,0.30951605301946106,0.30155790457788545,0.2912418956023344,0.27847039982105676,0.263070739516096,0.24472924812416208,0.22284078382036476,0.19609034094996144,0.16078687915760217,0.089527276497779,nan,nan,nan,nan,nan,nan,nan,0.07279324605809881
78420.0,0.31938430227614156,0.31825953703347054,0.31488069939081414,0.3092326941855589,0.301285070827206,0.2909824959006523,0.2782272910924875,0.26284674542658504,0.2445272090307398,0.22266366551601682,0.19594145753884515,0.1606702135281551,0.08941687205920089,nan,nan,nan,nan,nan,nan,nan,0.0727441785480068
78480.0,0.3190879616491785,0.31796471479667804,0.3145904225176782,0.3089499612530995,0.30101283668342493,0.2907236624592395,0.2779847085241137,0.26262323094540285,0.24432559678464308,0.22248691515422425,0.19579287664592168,0.16055377694730025,0.08930648321032252,nan,nan,nan,nan,nan,nan,nan,0.07269526065872185
78540.0,0.31879227918603925,0.3176705468980433,0.31430078854764576,0.30866785230279326,0.3007412003126557,0.2904653935519844,0.2777426505185723,0.262400194623351,0.24412441010265437,0.22231053163409173,0.19564459736777323,0.1604375687224574,0.08919610934545384,nan,nan,nan,nan,nan,nan,nan,0.07264649181997883
78600.0,0.3184972528631303,0.31737703132647765,0.3140117955069638,0.3083863654225243,0.30047015988786163,0.29020768745921866,0.2775011154844602,0.26217763501663854,0.24392364770635194,0.22213451385885874,0.19549661880442043,0.1603215881637855,0.08908574986326862,nan,nan,nan,nan,nan,nan,nan,0.07259787146404664
78660.0,0.31820288066453556,0.3170841660785214,0.31372344142936415,0.30810549870742476,0.3001997135889274,0.2899505424677843,0.27726010183639643,0.2619555506869396,0.24372330832216116,0.22195886073594473,0.19534894005936235,0.16020583458422222,0.08897540416684512,nan,nan,nan,nan,nan,nan,nan,0.0725493990257611
78720.0,0.3179091605817117,0.3167919491580413,0.31343572435576683,0.3078252502595855,0.29992985960238217,0.28969395687077276,0.27701960799478026,0.26173394020117186,0.24352339068115675,0.22178357117677516,0.19520156023942378,0.16009030729934215,0.08886507166348545,nan,nan,nan,nan,nan,nan,nan,0.07250107394240134
78780.0,0.31761609061366936,0.31650037857641056,0.31314864233445594,0.3075456181882289,0.2996605961215646,0.28943792896768056,0.27677963238593495,0.2615128021316284,0.2433238935191803,0.2216086440968852,0.195054478454847,0.15997500562744385,0.08875475176481368,nan,nan,nan,nan,nan,nan,nan,0.07245289565376446
78840.0,0.3173236687668829,0.31620945235241904,0.31286219342099275,0.30726660060962263,0.29939192134654113,0.28918245706433204,0.27654017344203685,0.26129213505591287,0.2431248155767825,0.22143407841586843,0.19490769381924733,0.15985992888950995,0.08864444388671816,nan,nan,nan,nan,nan,nan,nan,0.07240486360212962
78900.0,0.31703189305526636,0.31591916851224955,0.3125763756781915,0.3069881956470576,0.2991238334840839,0.2889275394728589,0.2763012296010962,0.2610719375569213,0.2429261555992071,0.22125987305736378,0.19476120544960152,0.15974507640919688,0.088534147449334,nan,nan,nan,nan,nan,nan,nan,0.07235697723224888
78960.0,0.31674076150024993,0.3156295250895538,0.3122911871761943,0.3067104014309201,0.29885633074774076,0.288673174511766,0.2760627993070181,0.2608522082228988,0.2427279123364412,0.22108602694909912,0.19461501246628693,0.15963044751287378,0.08842386187708019,nan,nan,nan,nan,nan,nan,nan,0.07230923599138017
79020.0,0.3164502721304825,0.3153405201251565,0.31200662599218054,0.30643321609840984,0.29858941135756484,0.2884193605056765,0.2758248810093656,0.2606329456472227,0.24253008454302183,0.22091253902272137,0.19446911399293254,0.15951604152948376,0.08831358659848336,nan,nan,nan,nan,nan,nan,nan,0.07226163932916436
79080.0,0.3161604229820084,0.31505215166723155,0.3117226902105399,0.30615663779370783,0.29832307354027543,0.2881660957854834,0.27558747316350124,0.26041414842853244,0.2423326709781511,0.22073940821389815,0.1943235091565085,0.15940185779062943,0.0882033210462741,nan,nan,nan,nan,nan,nan,nan,0.07221418669770001
79140.0,0.3158712120981797,0.3147644177712142,0.3114393779227862,0.3058806646678932,0.2980573155291786,0.2879133786882747,0.2753505742305169,0.2601958151706644,0.24213567040563946,0.2205666334622676,0.19417819708728293,0.15928789563053328,0.08809306465733105,nan,nan,nan,nan,nan,nan,nan,0.07216687755150772
79200.0,0.3155826375296239,0.31447731649976973,0.3111566872275264,0.30560529487891286,0.29779213556413736,0.28766120755730573,0.27511418267720855,0.25997794448263,0.2419390815938849,0.2203942137114206,0.194033176918806,0.15917415438602495,0.08798281687265748,nan,nan,nan,nan,nan,nan,nan,0.07211971134751767
79260.0,0.3152947052827877,0.3141909148691008,0.31087486870008896,0.30533108694717154,0.2975285284706785,0.28741114974159676,0.2748805898289828,0.25976373306706235,0.24174724981301918,0.22022802667654592,0.1938966295453088,0.15907346812432843,0.08793593354787838,nan,nan,nan,nan,nan,nan,nan,0.07207240178804113
79320.0,0.31500742130380793,0.31390515759177057,0.31059368282457406,0.30505749230275736,0.29726550783356953,0.28716164433893376,0.27464750842291585,0.2595499854656138,0.2415558277355069,0.22006218866273294,0.19376036317925927,0.15897298481974492,0.087889098716772,nan,nan,nan,nan,nan,nan,nan,0.0720251101857894
79380.0,0.31472078355846883,0.3136200426467194,0.3103131276192027,0.3047845090287376,0.2970030718253862,0.2869126896348625,0.274414936879554,0.25933670025431327,0.24136481411185193,0.2198966986128272,0.19362437697349322,0.15887270384943897,0.08784234650137532,nan,nan,nan,nan,nan,nan,nan,0.07197791715491361
79440.0,0.31443479002139185,0.3133355680216679,0.310033201110804,0.3045121352165045,0.2967412186266404,0.28666428392237403,0.27418287362630445,0.2591238760153817,0.24117420769800518,0.21973155547430878,0.1934886700846065,0.1587726245661201,0.08779569090382405,nan,nan,nan,nan,nan,nan,nan,0.07193084233740646
79500.0,0.3141494386749375,0.31305173171202405,0.3097539013337415,0.30424036896473183,0.2964799464247766,0.28641642550095436,0.2739513170965501,0.2589115113364213,0.2409840072546394,0.21956675819866484,0.19335324167238216,0.1586727462727038,0.08774913869598391,nan,nan,nan,nan,nan,nan,nan,0.07188389429354351
79560.0,0.31386472750906785,0.3127685317207467,0.3094752263297784,0.30396920837924435,0.29621925341404864,0.2861691126764693,0.2737202657295419,0.25869960481031884,0.24079421154706454,0.2194023057413176,0.19321809089948627,0.15857306822999595,0.08770269368123801,nan,nan,nan,nan,nan,nan,nan,0.07183707763546746
79620.0,0.3135806545222808,0.31248596605927403,0.30919717414898795,0.3036986515738974,0.2959591377963563,0.28592234376194703,0.27348971797112026,0.25848815503589506,0.2406048193457968,0.21923819706210323,0.1930832169310659,0.15847358968609584,0.08765635796860775,nan,nan,nan,nan,nan,nan,nan,0.0717903948128884
79680.0,0.3132972177196106,0.3122040327455366,0.30891974284780577,0.30342869666869554,0.2956995977794543,0.28567611707590107,0.27325967227217096,0.25827716061651385,0.24041582942533854,0.21907443112422695,0.19294861893334786,0.1583743099018769,0.08761013301595441,nan,nan,nan,nan,nan,nan,nan,0.07174384749375623
79740.0,0.3130144151139114,0.31192272980523306,0.3086429304902808,0.30315934179099985,0.2954406315781022,0.28543043094340714,0.27303012708961627,0.25806662016097487,0.240227240564961,0.2189110068949033,0.19281429607331155,0.1582752281612091,0.08756401969894137,nan,nan,nan,nan,nan,nan,nan,0.07169743665255084
79800.0,0.31273224472592925,0.3116420552719016,0.30836673514814417,0.30289058507559613,0.2951822374141283,0.28518528369616325,0.2728010808864703,0.2578565322835632,0.24003905154874716,0.21874792334534815,0.19268024751826077,0.1581763437761836,0.08751801850745908,nan,nan,nan,nan,nan,nan,nan,0.071651162810819
79860.0,0.3124507045870336,0.31136200718963297,0.30809115490346906,0.3026224246672644,0.2949244135188771,0.2849406736747824,0.2725725321339475,0.2576468956059482,0.23985126116725347,0.2185851794520303,0.1925464724360983,0.15807765609586727,0.08747212964510663,nan,nan,nan,nan,nan,nan,nan,0.07160502616340357
79920.0,0.31216979272924994,0.3110825836031694,0.30781618783896697,0.302354858711402,0.2946671581242806,0.28469659922042756,0.2723444793037686,0.25743770875025485,0.23966386821143326,0.21842277419168962,0.19241296999508767,0.1579791644694639,0.08742635333637598,nan,nan,nan,nan,nan,nan,nan,0.07155902693039688
79980.0,0.3118895071974787,0.31080378257004276,0.30754183204988345,0.30208788536551806,0.29441046947380345,0.28445305868506604,0.2721169208775922,0.25722897034755615,0.2394768714800758,0.21826070654727717,0.19227973936522938,0.1578808682843581,0.08738068955631095,nan,nan,nan,nan,nan,nan,nan,0.07151316504986951
80040.0,0.31160984604254593,0.31052560215367053,0.3072680856372322,0.3018215027926966,0.29415434581621747,0.28421005042563674,0.27188985534165033,0.25702067903304215,0.23929026977555842,0.2180989755044247,0.19214677971887092,0.1577827669371154,0.08733513823974329,nan,nan,nan,nan,nan,nan,nan,0.07146744041581622
80100.0,0.3113308073200023,0.31024804042216403,0.3069949467066263,0.3015557091604665,0.2938987854045269,0.2839675728030432,0.2716632811858215,0.256812833445186,0.23910406190312308,0.21793758005097238,0.19201409022971244,0.15768485983467465,0.08728969926085206,nan,nan,nan,nan,nan,nan,nan,0.07142185285417846
80160.0,0.3110523890989447,0.3099710954570899,0.30672241337686573,0.30129050264909985,0.29364378650386913,0.28372562418955555,0.27143719691043955,0.25660543223187166,0.2389182466762028,0.2177765191809396,0.19188167007683174,0.15758714640595867,0.08724437238470377,nan,nan,nan,nan,nan,nan,nan,0.07137640206999564
80220.0,0.31077458945886616,0.3096947653503423,0.30645048377687123,0.30102588144864967,0.29338934738869415,0.28348420296616794,0.27121160102386266,0.25639847404819954,0.2387328229144433,0.2176157918930514,0.19174951844575608,0.15748962608574824,0.08719915736022375,nan,nan,nan,nan,nan,nan,nan,0.07133108775193298
80280.0,0.3104974064735969,0.30941904818819,0.30617915603005097,0.3007618437438415,0.2931354663283797,0.28324330750912285,0.2709864920300783,0.2561919575453385,0.23854778943409646,0.21745539718346624,0.1916176345188088,0.15739229830417073,0.0871540539539564,nan,nan,nan,nan,nan,nan,nan,0.07128590960754451
80340.0,0.31022083822659463,0.30914394206646517,0.30590842826918474,0.30049838772845766,0.29288214160092624,0.2830029362027401,0.2707618684405029,0.2559858813811345,0.2383631450571555,0.21729533405282425,0.19148601748392158,0.15729516249792094,0.08710906190468574,nan,nan,nan,nan,nan,nan,nan,0.0712408673139545
80400.0,0.30994488282457855,0.3088694451041068,0.3056382986496976,0.300235511618164,0.2926293715051703,0.28276308745085854,0.27053772878450527,0.25578024422957624,0.23817888861954106,0.21713560151247913,0.19135466654166658,0.15719821812457227,0.08706418085929553,nan,nan,nan,nan,nan,nan,nan,0.07119596044756143
80460.0,0.30966953834773503,0.30859555539369743,0.3053687653011851,0.2999732136036656,0.2923771543161825,0.28252375963505344,0.27031407157097714,0.255575044746238,0.23799501894128733,0.2169761985615936,0.1912235808781281,0.15710146461799349,0.0870194105685577,nan,nan,nan,nan,nan,nan,nan,0.07115118869869289
80520.0,0.30939480293392624,0.30832227108511145,0.3050998264093887,0.2997114919299255,0.2921254883606932,0.2822849511852931,0.27009089535331476,0.2553702816266759,0.2378115348767956,0.2168171242265614,0.19109275971256018,0.15700490145062035,0.0869747506163113,nan,nan,nan,nan,nan,nan,nan,0.07110655157542346
80580.0,0.3091206746726559,0.30804959028018697,0.30483148011297445,0.29945034479641414,0.2918743719221185,0.2820466604909708,0.2698681986476005,0.25516595353293,0.23762843525167635,0.21665837751083664,0.19096220223615815,0.15690852806446465,0.08693020071767017,nan,nan,nan,nan,nan,nan,nan,0.07106204872898768
80640.0,0.30884715170635924,0.30777751113334084,0.3045637246021356,0.29918977045239653,0.2916238033312847,0.2818088859858909,0.2696459800107515,0.25496205916367937,0.2374457189229633,0.2164999574437144,0.19083190767134284,0.15681234392666038,0.08688576048367416,nan,nan,nan,nan,nan,nan,nan,0.07101767969741707
80700.0,0.3085742321585503,0.3075060317801948,0.30429655804864614,0.29892976712933794,0.29137378090207045,0.281571626087982,0.2694242379850889,0.25475859720451155,0.23726338473646863,0.21634186304516057,0.19070187522930837,0.15671634849638874,0.08684142955758933,nan,nan,nan,nan,nan,nan,nan,0.07097344405374528
80760.0,0.308301914178399,0.30723515038185584,0.3040299786492559,0.29867033308283986,0.29112430297133485,0.28133487923669853,0.26920297113271313,0.25455556635871107,0.237081431553233,0.21618409334863325,0.19057210413592562,0.15662054123832106,0.08679720756816714,nan,nan,nan,nan,nan,nan,nan,0.07092934135537794
80820.0,0.30803019593346326,0.3069648651176966,0.30376398461861503,0.298411466585802,0.2908753678924071,0.2810986438869221,0.26898217802990476,0.25435296534226437,0.2368998582452071,0.2160266473969767,0.19044259362776836,0.15652492162284867,0.08675309412391508,nan,nan,nan,nan,nan,nan,nan,0.07088537113778504
80880.0,0.3077590755336061,0.3066951741097786,0.30349857411520853,0.29815316585684737,0.2906269739669387,0.2808629184451284,0.26876185720845813,0.25415079283133113,0.2367186636501033,0.21586952420316205,0.19031334290810237,0.1564294891050737,0.0867090888822054,nan,nan,nan,nan,nan,nan,nan,0.07084153298927846
80940.0,0.3074885511133188,0.30642607550462786,0.3032337453214968,0.29789542913776845,0.2903791195186408,0.2806277013384564,0.26854200721915733,0.2539490475190719,0.23653784662024926,0.21571272279291231,0.19018435119441154,0.1563342431466247,0.08666519147955143,nan,nan,nan,nan,nan,nan,nan,0.07079782647561349
81000.0,0.3072186208548044,0.30615756749616446,0.30296949646638555,0.2976382547152402,0.2901318029139566,0.28039299103406823,0.26832262664956097,0.25374772813155305,0.23635740603630195,0.21555624221689312,0.19005561773129928,0.15623918322079028,0.08662140152040011,nan,nan,nan,nan,nan,nan,nan,0.07075425112526287
81060.0,0.30694927553209506,0.30588958230896685,0.3027055835693243,0.29738110283669716,0.2898840649851043,0.28015727735847873,0.26810150749802864,0.2535437523201305,0.23617314774851245,0.21539440077700103,0.1899192177740276,0.15613183492511346,0.08651499272069318,nan,nan,nan,nan,nan,nan,nan,0.07071108101388479
81120.0,0.30668050592738144,0.30562216952759313,0.30244223317627983,0.29712449707280225,0.28963685045696547,0.27992205825713606,0.26788084822305447,0.25334019605345137,0.2359892632104058,0.21523288180774222,0.1897830830481083,0.15602468711321466,0.08640864456917802,nan,nan,nan,nan,nan,nan,nan,0.07066815732898647
81180.0,0.30641231033136346,0.3053553274532587,0.3021794436198669,0.29686843580802197,0.28939015778560817,0.27968733227651343,0.26766064747913987,0.25313705811019127,0.23580575133920015,0.21507168437843546,0.1896472127935381,0.15591773922926955,0.08630232494673738,nan,nan,nan,nan,nan,nan,nan,0.07062540278361962
81240.0,0.3061446870329256,0.3050890543853656,0.3019172132308956,0.2966129174250325,0.2891439854253338,0.27945309796135115,0.2674409039190945,0.2529343372673853,0.23562261105059906,0.21491080755729322,0.1895116062498211,0.15581099073688998,0.08619602014780833,nan,nan,nan,nan,nan,nan,nan,0.07058279827182537
81300.0,0.3058776343274628,0.3048233486297865,0.3016555403465255,0.29635794031266105,0.28889833183632,0.27921935386191754,0.26722161620083373,0.25273203230668123,0.23543984126441628,0.21475025041628268,0.18937626265988408,0.15570444114248708,0.08608972285963132,nan,nan,nan,nan,nan,nan,nan,0.07054033469672767
81360.0,0.3056111505170694,0.3045582084990503,0.30139442331044625,0.296103502866056,0.28865319548477775,0.2789860985341488,0.26700278298749747,0.2525301420144375,0.2352574409046645,0.21459001203121406,0.1892411812703362,0.15559808999638808,0.08598342888154165,nan,nan,nan,nan,nan,nan,nan,0.07049800713286325
81420.0,0.30534523390960366,0.30429363231141426,0.30113386047196733,0.29584960348580724,0.2884085748421132,0.27875333053886425,0.2667844029467297,0.25232866518108127,0.23507540889899461,0.21443009148122716,0.18910636133139444,0.15549193686512794,0.08587713526553345,nan,nan,nan,nan,nan,nan,nan,0.07045581222816988
81480.0,0.3050798828188636,0.3040296183910378,0.3008738501861892,0.2955962405781117,0.28816446838508536,0.2785210484419133,0.26656647475081396,0.2521276006012322,0.23489374417881037,0.21427048784889313,0.18897180209755077,0.15538598131295964,0.08577083982822778,nan,nan,nan,nan,nan,nan,nan,0.07041374754937449
81540.0,0.3048150955650419,0.30376616506843435,0.30061439081444563,0.2953434125552006,0.28792087459621296,0.2782892508145557,0.2663489970770218,0.25192694707401764,0.23471244567955254,0.21411120022047583,0.18883750282845216,0.15528022289034632,0.0856645409517142,nan,nan,nan,nan,nan,nan,nan,0.07037181133327357
81600.0,0.3045508704761093,0.303503270681846,0.3003554807256509,0.295091117836641,0.2876777919650121,0.2780579362346196,0.26613196860867555,0.2517267034040305,0.23453151234155598,0.21395222768674482,0.18870346279053923,0.1551746611225192,0.08555823739165341,nan,nan,nan,nan,nan,nan,nan,0.07033000224437057
81660.0,0.30428720588279334,0.30324093357225546,0.3000971182914114,0.29483935484461277,0.28743521898350166,0.27782710328229565,0.26591538803129067,0.2515268683978674,0.23435094310697707,0.2137935693402012,0.18856968125279067,0.15506929552608995,0.0854519279668336,nan,nan,nan,nan,nan,nan,nan,0.0702883190151104
81720.0,0.3040241001245132,0.3029791520892813,0.2998393018918032,0.2945881220094902,0.28719315415151514,0.2775967505451059,0.2656992540371338,0.2513274408682253,0.23417073692343982,0.2136352242784695,0.18843615749142242,0.1549641255922654,0.08534561174227007,nan,nan,nan,nan,nan,nan,nan,0.070246760652423
81780.0,0.30376155154522305,0.3027179245870488,0.2995820299113252,0.29433741776593236,0.2869515959729788,0.2773668766144227,0.26548356532203,0.25112841963103594,0.23399089274149465,0.21347719160202425,0.18830289078575566,0.15485915080391233,0.08523928784542856,nan,nan,nan,nan,nan,nan,nan,0.07020532623059568
81840.0,0.3034995584941516,0.30245724942492513,0.2993253007396196,0.29408724055357865,0.28671054295657444,0.2771374800860875,0.2652683205859311,0.2509298035059757,0.2338114095150715,0.21331947041458907,0.18816988041891258,0.15475437063223155,0.08513295543471888,nan,nan,nan,nan,nan,nan,nan,0.0701640149363266
81900.0,0.3032381193291449,0.30219712497083906,0.2990691127747249,0.29383758882019223,0.28646999361872993,0.2769085595632087,0.2650535185354822,0.25073159131878026,0.23363228620355747,0.21316205982519712,0.1880371256791404,0.1546497845344848,0.08502657478301028,nan,nan,nan,nan,nan,nan,nan,0.07012282606885133
81960.0,0.30297723242025126,0.30193754960484254,0.298813464426566,0.2935884610250308,0.2862299464868259,0.276680113659161,0.2648391578867797,0.2505337819037414,0.23345352177408063,0.21300495895046803,0.18790462585929332,0.15454539195971015,0.08492014096376188,nan,nan,nan,nan,nan,nan,nan,0.07008175899439763
82020.0,0.30271689612527297,0.30167852169482534,0.2985583540931565,0.2933398556158559,0.28599040007732046,0.27645214097712234,0.2646252373465857,0.2503363740867674,0.2332751151862713,0.21284816689977193,0.18777238024733287,0.15444119236860746,0.08481365317229672,nan,nan,nan,nan,nan,nan,nan,0.07004081298479778
82080.0,0.30245710882469035,0.3014200396312061,0.29830378019459297,0.2930917710617742,0.28575135292699627,0.2762246401393038,0.26441175563916197,0.2501393667095863,0.23309706541405498,0.2126916827962968,0.18764038813969913,0.15433718520595546,0.08470711074815523,nan,nan,nan,nan,nan,nan,nan,0.06999998746410975
82140.0,0.30219786889524597,0.30116210180069297,0.29804974114734223,0.2928442058283973,0.2855128035693265,0.2759976097648411,0.2641987114859722,0.24994275861143217,0.23291937142914387,0.21253550576114327,0.18750864883176402,0.15423336991886144,0.08460051301220564,nan,nan,nan,nan,nan,nan,nan,0.06995928183363581
82200.0,0.30193917472068305,0.3009047065969497,0.2977962353746939,0.2925971583879386,0.285274750544081,0.27577104847878064,0.2639861036139366,0.24974654863650872,0.23274203220780942,0.21237963491964282,0.18737716162056575,0.1541297459551667,0.08449385930636275,nan,nan,nan,nan,nan,nan,nan,0.0699186955142026
82260.0,0.3016810246996028,0.300647852428401,0.2975432613144074,0.2923506272266018,0.2850371924043559,0.27554495491865544,0.26377393076146716,0.2495507356394299,0.23256504673577322,0.2122240694061337,0.1872459258079457,0.15402631275640713,0.0843871490493852,nan,nan,nan,nan,nan,nan,nan,0.06987822800615515
82320.0,0.3014234172173054,0.3003915376902618,0.29729081739130536,0.2921046108181035,0.28480012769138197,0.2753193277109199,0.26356219165682987,0.24935531846568315,0.2323884139905486,0.21206880834710495,0.18711494069169743,0.15392306977107403,0.0842803815906759,nan,nan,nan,nan,nan,nan,nan,0.0698378787328671
82380.0,0.30116635069132913,0.3001357608097712,0.297038902061596,0.29185910766649115,0.2845635549752623,0.27509416550905824,0.2633508850531504,0.24916029598328077,0.23221213297013493,0.2119138508878866,0.1869842055779965,0.15382001644477653,0.08417355639282742,nan,nan,nan,nan,nan,nan,nan,0.06979764723530327
82440.0,0.3009098235256222,0.2998805202006717,0.2967875137682692,0.29161411626305334,0.2843274728139767,0.2748694669552343,0.26314000969317985,0.24896566705088186,0.23203620266407135,0.21175919616603,0.18685371976982618,0.153717152224652,0.08406667287346259,nan,nan,nan,nan,nan,nan,nan,0.06975753300404032
82500.0,0.30065383413338265,0.29962581428589563,0.2965366509633255,0.29136963510779335,0.2840918797738103,0.27464523069940594,0.2629295643268782,0.24877143053376216,0.23186062206795172,0.21160484332364363,0.18672348257208787,0.15361447656625302,0.08395973043947791,nan,nan,nan,nan,nan,nan,nan,0.06971753551505586
82560.0,0.30039838093623344,0.2993716414967459,0.29628631210697465,0.29112566270865675,0.2838567744286206,0.2744214553986307,0.26271954771073186,0.24857758530307417,0.231685390182739,0.21145079150878554,0.1865934932924425,0.15351198891642376,0.08385272856921423,nan,nan,nan,nan,nan,nan,nan,0.06967765431805972
82620.0,0.30014346236077694,0.29911800026947377,0.29603649566428125,0.29088219757828904,0.2836221553567516,0.2741981397141847,0.26250995860513804,0.24838413023356778,0.23151050601270415,0.21129703987212753,0.186463751239707,0.15340968872580985,0.08374566674040768,nan,nan,nan,nan,nan,nan,nan,0.06963788895924745
82680.0,0.29988907683945976,0.2988648890461374,0.2957872001060047,0.2906392382348464,0.2833880211418046,0.27397528231229323,0.26230079577511034,0.24819106420430673,0.231335968565975,0.21114358756615612,0.18633425572452147,0.15330757545643497,0.0836385443928505,nan,nan,nan,nan,nan,nan,nan,0.06959823894133972
82740.0,0.2996352228105437,0.29861230627457336,0.295538423908574,0.29039678320197326,0.2831543703726176,0.2737528818640939,0.26209205799017665,0.2479983860984145,0.23116177685446646,0.21099043374779308,0.1862050060589036,0.15320564856444177,0.08353136101760929,nan,nan,nan,nan,nan,nan,nan,0.0695587038191814
82800.0,0.2993818987181203,0.29836025040841074,0.29529016555409987,0.29015483100881334,0.2829212016432754,0.27353093704565473,0.26188374402442927,0.2478060948032,0.23098792989391473,0.21083757757709004,0.1860760015564642,0.15310390750869482,0.08342411611260572,nan,nan,nan,nan,nan,nan,nan,0.06951928315216475
82860.0,0.29912910999583253,0.29810878332933327,0.2950426568502713,0.28991389884923885,0.28268943717318584,0.2733109027957904,0.2616779845238064,0.24761716928074534,0.23081848811641334,0.21069053133565982,0.18595495415689803,0.15301456121432674,0.0833842402693644,nan,nan,nan,nan,nan,nan,nan,0.0694797124839186
82920.0,0.29887686202689345,0.29785785377764795,0.2947956760283954,0.2896734786016757,0.28245816247084854,0.2730913301866541,0.261472652763629,0.24742863201365323,0.23064938962479029,0.21054377780748154,0.1858341426093807,0.1529253850545595,0.08334439224541074,nan,nan,nan,nan,nan,nan,nan,0.06944014596782178
82980.0,0.2986251531823568,0.2976074601348798,0.29454922150126406,0.2894335687305447,0.2822273760719718,0.2728722178439698,0.26126774747732784,0.2472404818599129,0.23048063341824676,0.2103973161495606,0.18571356624111796,0.15283637852571275,0.08330460718507116,nan,nan,nan,nan,nan,nan,nan,0.0694006561817171
83040.0,0.2983739818404356,0.2973576007896662,0.29430329168864333,0.2891941677070122,0.2819970765186941,0.2726535643994979,0.26106326740391506,0.24705271768259465,0.23031221850047948,0.21025114552253066,0.18559322438182324,0.15274754111063174,0.08326489819931161,nan,nan,nan,nan,nan,nan,nan,0.06936126026293817
83100.0,0.2981233463853751,0.2971082741366369,0.29405788501617025,0.28895527400791643,0.2817672623585524,0.2724353684900572,0.26085921128707,0.24686533834900867,0.2301441438789184,0.21010526508999883,0.18547311636320407,0.15265887225910335,0.083225271372613,nan,nan,nan,nan,nan,nan,nan,0.06932196548088178
83160.0,0.29787324520741526,0.2968594785763756,0.2938129999153166,0.2887168861157329,0.2815379321444485,0.27221762875749356,0.2606555778751104,0.24667834273067618,0.22997640856469193,0.20995967401851592,0.18535324151886054,0.1525703713878989,0.08318573008707843,nan,nan,nan,nan,nan,nan,nan,0.06928277573580405
83220.0,0.2976236767032033,0.296611212515831,0.29356863482379025,0.28847900251896064,0.28130908443501784,0.272000343849026,0.2604523659213129,0.2464917297036178,0.22980901157287167,0.20981437147777193,0.18523359918405463,0.15248203789982873,0.08314627624541196,nan,nan,nan,nan,nan,nan,nan,0.06924369313734811
83280.0,0.29737463927467417,0.2963634743672034,0.29332478818444524,0.28824162171107115,0.2810807177936283,0.27178351241630966,0.2602495741830479,0.24630549814756636,0.22964195192177578,0.20966935664003988,0.1851141886949722,0.1523938712022933,0.0831069111048195,nan,nan,nan,nan,nan,nan,nan,0.0692047190471547
83340.0,0.29712613132962146,0.2961162625485128,0.29308145844583766,0.28800474219104416,0.2808528307888918,0.27156713311591457,0.26004720142222243,0.2461196469463659,0.22947522863331243,0.20952462868044253,0.18499500938839372,0.1523058707171884,0.08306763546101138,nan,nan,nan,nan,nan,nan,nan,0.06916585430415531
83400.0,0.29687815128201706,0.29586957548391596,0.2928386440625366,0.2877683624636692,0.28062542199494955,0.27135120460959483,0.2598452464055279,0.24593417498819387,0.22930884073316854,0.2093801867770863,0.1848760606013963,0.15221803588604738,0.083028449761931,nan,nan,nan,nan,nan,nan,nan,0.06912709935488384
83460.0,0.2966306975529084,0.2956234116045975,0.2925963434959979,0.28753248104038853,0.2803984899922771,0.271135725565043,0.25964370790513647,0.2457490811661875,0.22914278725134624,0.20923603011143846,0.18475734167126937,0.1521303661745817,0.08298935423019305,nan,nan,nan,nan,nan,nan,nan,0.06908845439664937
83520.0,0.296383768568469,0.29537776934683413,0.29235455521266623,0.28729709643746487,0.28017203336593877,0.27092069465425483,0.25944258469719195,0.24556436437707513,0.2289770672209668,0.20909215786735458,0.18463885193562737,0.1520428610645746,0.08295034899258084,nan,nan,nan,nan,nan,nan,nan,0.06904991952345545
83580.0,0.29613736275951213,0.29513264715151094,0.29211327768350215,0.2870622071755239,0.2799460507051531,0.27070611055312166,0.2592418755614323,0.245380023520832,0.22881167967796248,0.20894856923078337,0.18452059073296134,0.1519555200486252,0.08291143411723359,nan,nan,nan,nan,nan,nan,nan,0.06901149476576794
83640.0,0.29589147856074327,0.2948880434633791,0.29187250938325426,0.28682781177885097,0.27972054060262297,0.270491971940802,0.25904157928061106,0.24519605750015885,0.2286466236606305,0.20880526338947028,0.1844025574022022,0.15186834263044482,0.08287260959765559,nan,nan,nan,nan,nan,nan,nan,0.06897318007275119
83700.0,0.29564611442005906,0.29464395674029253,0.2916322487995099,0.28659390878413615,0.27949550166286247,0.2702782775075309,0.2588416946477016,0.24501246522698333,0.2284818982152432,0.20866223953705318,0.18428475128554211,0.15178132834130276,0.08283387527810734,nan,nan,nan,nan,nan,nan,nan,0.06893497523267345
83760.0,0.29540126878090345,0.29440038543568214,0.29139249441552273,0.28636049672388253,0.2792709324863992,0.2700650259398057,0.2586422204522276,0.24482924561011415,0.22831750238536322,0.20851949686512622,0.18416717172475644,0.1516944766998013,0.08279523107997311,nan,nan,nan,nan,nan,nan,nan,0.06889688011744485
83820.0,0.295156940101339,0.29415732801749966,0.29115324472877446,0.2861275741443406,0.27904683168685135,0.2698522159364003,0.2584431554950388,0.2446463975685793,0.22815343522336534,0.2083770345717516,0.18404981806617182,0.15160778725078053,0.08275667679049907,nan,nan,nan,nan,nan,nan,nan,0.06885889445479446
83880.0,0.29491312684936555,0.2939147829635672,0.2909144982464192,0.28589513960110713,0.2788231978867389,0.2696398462044395,0.25824449858468346,0.24446392002832656,0.2279896957875078,0.20823485185932278,0.18393268966209994,0.15152125954335907,0.08271821219465535,nan,nan,nan,nan,nan,nan,nan,0.06882101797130452
83940.0,0.2946698274844127,0.2936727487431945,0.29067625346726955,0.28566319164171894,0.2786000297009058,0.2694279154438479,0.2580462485230704,0.24428181190932835,0.22782628313094355,0.20809294792648292,0.18381578586052194,0.15143489311908376,0.0826798371043797,nan,nan,nan,nan,nan,nan,nan,0.06878325042177019
84000.0,0.29442704046925905,0.29343122382901743,0.2904385088933976,0.28543172881686246,0.278377325747196,0.26921642235736376,0.2578484041147014,0.24410007213388463,0.2276631963087998,0.20795132197339505,0.18369910601134523,0.15134868752116046,0.08264155132629875,nan,nan,nan,nan,nan,nan,nan,0.06874559155537346
84060.0,0.2941847643016311,0.2931902067283857,0.2902012630608911,0.28520074971009357,0.2781550846747573,0.2690053656770879,0.2576509641911487,0.24391869964864377,0.22750043439697257,0.20780997321575578,0.1835826494822129,0.15126264232247116,0.08260335455188461,nan,nan,nan,nan,nan,nan,nan,0.06870804099945674
84120.0,0.2939429974400983,0.29294969590975445,0.2899645144677255,0.28497025286813993,0.27793330509766323,0.26879474410222215,0.25745392755365465,0.24373769337297738,0.22733799644809963,0.2076689008518335,0.183466415620725,0.1511767570635429,0.08256524659730752,nan,nan,nan,nan,nan,nan,nan,0.06867059851329496
84180.0,0.29370173838772823,0.2927096898857789,0.2897282616551875,0.2847402368795825,0.27771198566984956,0.26858455636935774,0.2572572930379202,0.2435570522572078,0.22717588154114385,0.2075281041001206,0.18335040379822562,0.15109103131488757,0.0825272271666695,nan,nan,nan,nan,nan,nan,nan,0.06863326373808297
84240.0,0.29346098563799006,0.2924701871595798,0.2894925031552217,0.2845107003239742,0.27749112503665363,0.26837480120702056,0.25706105947221425,0.243376775244985,0.22701408874939827,0.20738758217471293,0.18323461338085834,0.15100546464110215,0.08248929598583055,nan,nan,nan,nan,nan,nan,nan,0.0685960363378904
84300.0,0.2932207376742917,0.2922311862242843,0.28925723748997945,0.28428164177140497,0.27727072183439977,0.268165477335283,0.25686522567701253,0.24319686127295376,0.2268526171401972,0.20724733428520492,0.18311904372940224,0.15092005659948352,0.08245145280857545,nan,nan,nan,nan,nan,nan,nan,0.06855891600619861
84360.0,0.2929809930304659,0.291992685623107,0.2890224632306945,0.28405305983939755,0.27705077474459283,0.2679565835165929,0.256669790511819,0.24301730931273063,0.22669146581054592,0.20710735966508714,0.1830036942326045,0.1508348067701903,0.08241369731260174,nan,nan,nan,nan,nan,nan,nan,0.06852190235689858
84420.0,0.2927417501917321,0.2917546838509743,0.2887881789012814,0.2838249530997451,0.2768312824051794,0.26774811847254404,0.25647475279851456,0.24283811830223084,0.22653063382886465,0.2069676575246745,0.18288856425213718,0.15074971471275908,0.0823760292423603,nan,nan,nan,nan,nan,nan,nan,0.06848499507360374
84480.0,0.292503007685522,0.29151717944474276,0.2885543830667443,0.283597320163952,0.27661224349193336,0.26754008096020676,0.2562801113916334,0.2426592872085752,0.22637012028837494,0.20682822709497342,0.1827736531730164,0.1506647800010604,0.08233844830279832,nan,nan,nan,nan,nan,nan,nan,0.0684481937988251
84540.0,0.2922647640387685,0.29128017094077335,0.2883210742916017,0.28337015964305307,0.2763936566801818,0.2673324697362319,0.25608586514532383,0.24248081499853968,0.2262099242820054,0.20668906760674247,0.18265896037998353,0.150580002208818,0.08230095419921303,nan,nan,nan,nan,nan,nan,nan,0.06841149817543633
84600.0,0.29202701775575385,0.29104365685292793,0.2880882511183238,0.28314347012677415,0.27617552062495243,0.26712528353823384,0.25589201289621755,0.24230270062324583,0.22605004488938216,0.20655017827947408,0.18254448524530134,0.1504953809030902,0.08226354665279813,nan,nan,nan,nan,nan,nan,nan,0.06837490786278427
84660.0,0.291789760834884,0.2908075748601571,0.2878556876655043,0.28291675089534274,0.2759569442391757,0.2669171172764034,0.2556964966608862,0.24212206496569813,0.22588655390589477,0.2064062188970775,0.1824227418395731,0.15039902788194506,0.08215943599184874,nan,nan,nan,nan,nan,nan,nan,0.06833867611599206
84720.0,0.29155298529878537,0.29057197152197467,0.28762359470344484,0.2826904886356393,0.27573880607569895,0.26670936541847967,0.25550136612417923,0.24194178159022717,0.2257233771938728,0.20626253112719548,0.18230122225312337,0.1503028441664067,0.08205531638317522,nan,nan,nan,nan,nan,nan,nan,0.06830265163431881
84780.0,0.29131668977754005,0.29033684547681704,0.28739197089553215,0.2824646820522738,0.27552110489611836,0.26650202679814594,0.25530662020616934,0.24176184951655977,0.22556051388444426,0.20611911422271414,0.18217992587411108,0.1502068293076469,0.08195115454817047,nan,nan,nan,nan,nan,nan,nan,0.06826676495984779
84840.0,0.2910808728992238,0.290102195361117,0.2871608149031621,0.2822393298478894,0.27530383946009945,0.2662951002472054,0.25511225782510943,0.24158226776265776,0.2253979631070532,0.20597596743514776,0.18205885209001138,0.15011098286811855,0.08184693772743129,nan,nan,nan,nan,nan,nan,nan,0.06823099953227829
84900.0,0.29084553329702345,0.289868019816388,0.286930125392717,0.2820144307299608,0.2750870085319276,0.26608858460181284,0.2549182779032736,0.2414030353501038,0.22523572399432706,0.2058330900188748,0.18193800029097565,0.15001530443965577,0.08174265935466216,nan,nan,nan,nan,nan,nan,nan,0.06819534763455253
84960.0,0.29061066960921883,0.2896343174892032,0.28669990103554377,0.2817899834107708,0.2748706108804807,0.26588247870244275,0.2547246793669197,0.24122415130405847,0.22507379568203661,0.20569048123110897,0.18181736986988983,0.14991979364764316,0.08163831568215395,nan,nan,nan,nan,nan,nan,nan,0.0681598050746978
85020.0,0.2903762804787869,0.28940108703080475,0.2864701405075699,0.28156598660703797,0.2746546452788747,0.2656767813935561,0.2545314611459825,0.24104561465298685,0.22491217730886354,0.20554814033169372,0.1816969602223974,0.14982445013495413,0.0815339041946831,nan,nan,nan,nan,nan,nan,nan,0.06812436913004935
85080.0,0.29014236455311343,0.28916832709681484,0.2862408424890214,0.2813424390396454,0.27443911050420433,0.2654714915233574,0.2543386221738503,0.24086742442846204,0.22475086801623576,0.20540606658295515,0.1815767707470924,0.1497292735460842,0.08142942298994123,nan,nan,nan,nan,nan,nan,nan,0.06808903777436398
85140.0,0.28990892048454725,0.28893603634778825,0.28601200566496376,0.2811193394341627,0.27422400533804114,0.26526660794426027,0.2541461613877918,0.24068957966554663,0.22458986694866492,0.20526425925000713,0.18145680084623467,0.14963426351883435,0.08132487067358521,nan,nan,nan,nan,nan,nan,nan,0.06805380955527775
85200.0,0.28967594693102877,0.28870421344983566,0.2857836287259129,0.28089668652143657,0.2740093285669951,0.26506212951341324,0.2539540777294371,0.2405120794032246,0.22442917325413142,0.20512271760111264,0.18133704992664793,0.14953941967559323,0.0812202461730356,nan,nan,nan,nan,nan,nan,nan,0.06801868337468767
85260.0,0.28944344255440013,0.2884728570729453,0.2855557103661905,0.2806744790360015,0.2737950789812008,0.2648580550912816,0.25376237014347736,0.24033492268324197,0.22426878608307235,0.204981440906795,0.1812175173985268,0.1494447416266742,0.08111554854565003,nan,nan,nan,nan,nan,nan,nan,0.06798365827218764
85320.0,0.28921140602166207,0.2882419658922317,0.2853282492851478,0.2804527157172623,0.2735812553754433,0.2646543835427001,0.25357103757862987,0.24015810855097097,0.22410870458914686,0.20484042844057507,0.1810982026762152,0.14935022896896794,0.08101077697499945,nan,nan,nan,nan,nan,nan,nan,0.06794873342093422
85380.0,0.2889798360017535,0.2880115385847363,0.2851012441840301,0.2802313953064633,0.27336785654627227,0.2644511137341725,0.2533800789851625,0.239981636053197,0.22394892792729001,0.2046996794771914,0.18097910517561186,0.1492558812950477,0.08090593069233276,nan,nan,nan,nan,nan,nan,nan,0.06791390804342103
85440.0,0.28874873117245853,0.287781573836289,0.2848746937727009,0.2800105165531879,0.27315488129819054,0.264248244539663,0.2531894933202017,0.2398055042428671,0.22378945525789704,0.2045591932964942,0.18086022431907844,0.14916169817741587,0.08080100911176034,nan,nan,nan,nan,nan,nan,nan,0.06787918155562339
85500.0,0.28851809021391955,0.28755207033506375,0.284648596763327,0.27979007820925417,0.27294232843784094,0.26404577483515457,0.25299927954274504,0.2396297121746336,0.22363028574291266,0.20441896917989424,0.18074155952992305,0.14906767918833935,0.08069601163654679,nan,nan,nan,nan,nan,nan,nan,0.0678445533587361
85560.0,0.28828791181178237,0.28732302677470345,0.2844229518734402,0.27957007903167475,0.27273019677682453,0.26384370350128694,0.2528094366160793,0.23945425890701716,0.2234714185477393,0.2042790064121126,0.18062311023463462,0.14897382389219205,0.08059093773946448,nan,nan,nan,nan,nan,nan,nan,0.06781002292550917
85620.0,0.2880581946622704,0.28709444185936006,0.2841977578308773,0.2793505177874308,0.2725184851362455,0.2636420294276078,0.2526199635116775,0.23927914350590643,0.22331285284436553,0.20413930428423058,0.18050487586427075,0.14888013184503932,0.0804857869583101,nan,nan,nan,nan,nan,nan,nan,0.06777558979408478
85680.0,0.28782893744695265,0.28686631427863035,0.2839730133492153,0.2791313932297308,0.27230719232410816,0.2634407514914243,0.25243085918981367,0.23910436502717378,0.22315458779590802,0.20399986207885895,0.18038685584352515,0.14878660261681953,0.08038053624934399,nan,nan,nan,nan,nan,nan,nan,0.06774125339196672
85740.0,0.28760013887867075,0.28663864275317746,0.2837487171724841,0.2789127041412231,0.27209631717645566,0.2632398685962937,0.25224212263484613,0.23892992254832945,0.22299662258480454,0.20386067909706532,0.18026904960941723,0.1486932357562641,0.08027514941383233,nan,nan,nan,nan,nan,nan,nan,0.06770701334299693
85800.0,0.287371797649295,0.28641142598283464,0.2835248680243038,0.27869444928484033,0.2718858585105751,0.26303937962824125,0.25205375281508163,0.23875581513250288,0.22283895638069454,0.20372175462775569,0.18015145659122908,0.1486000308253285,0.0801696292968902,nan,nan,nan,nan,nan,nan,nan,0.06767286914566906
85860.0,0.2871439124691176,0.2861846626857365,0.2833014646462363,0.2784766274408632,0.2716758151602793,0.262839283488769,0.2518657487130386,0.23858204185561874,0.22268158836470675,0.20358308797065494,0.1800340762243301,0.14850698737963122,0.08006397536241265,nan,nan,nan,nan,nan,nan,nan,0.06763882038440444
85920.0,0.2869164820562901,0.28595835158782623,0.28307850578750177,0.27825923739698266,0.2714661859664471,0.2626395790860059,0.2516781093173315,0.23840860179910442,0.2225245177229273,0.20344467843017877,0.17991690794678644,0.14841410497207158,0.07995818711317855,nan,nan,nan,nan,nan,nan,nan,0.06760486668069011
85980.0,0.28668950511598706,0.2857324914021581,0.2828559901846939,0.2780422779286953,0.2712569697583621,0.262440265317249,0.2514908336066653,0.23823549403551336,0.22236774363353354,0.20330652530328241,0.1797999511925236,0.14832138316111232,0.07985226399262844,nan,nan,nan,nan,nan,nan,nan,0.06757100759073485
86040.0,0.2864629803867971,0.2855070808749805,0.2826339166069433,0.2778257478429502,0.27104816539525645,0.2622413411078276,0.2513039205854755,0.23806271766058504,0.2222112652955846,0.20316862790602977,0.1796832054047428,0.14822882150327238,0.07974620555253253,nan,nan,nan,nan,nan,nan,nan,0.06753724277973838
86100.0,0.2862369065775189,0.2852821187229513,0.28241228379438577,0.2776096459186849,0.27083977170971374,0.26204280535815866,0.25111736923536765,0.2378902717495257,0.22205508188968762,0.20303098553777024,0.1795666700189444,0.14813641955528367,0.07964001126235472,nan,nan,nan,nan,nan,nan,nan,0.067503571824271
86160.0,0.28601128245016993,0.28505760371559546,0.2821910905389745,0.27739397098491914,0.27063178758199274,0.26184465701327303,0.2509311785789142,0.23771815541454286,0.22189919262982452,0.20289359752698732,0.1794503444840944,0.14804417688436244,0.07953368069511375,nan,nan,nan,nan,nan,nan,nan,0.06746999440441746
86220.0,0.2857861067216864,0.28483353457765803,0.2819703355887813,0.27717872182827696,0.27042421185201737,0.2616468949804864,0.2507453476040879,0.23754636773662474,0.2217435967018655,0.20275646317789753,0.17933422823814152,0.147952093047314,0.07942721335084707,nan,nan,nan,nan,nan,nan,nan,0.06743651012177378
86280.0,0.2855613781139402,0.28460991003878827,0.2817500176966897,0.276963897240041,0.27021704336415764,0.2614495181712893,0.2505598753027144,0.23737490780026324,0.22158829329486865,0.2026195817975152,0.17921832072040894,0.14786016760221213,0.07932060874111041,nan,nan,nan,nan,nan,nan,nan,0.06740311858652923
86340.0,0.28533709536176655,0.2843867288415148,0.28153013562821055,0.27674949602370447,0.2700102809744155,0.2612525255080692,0.250374760676643,0.2372037746990312,0.22143328160610204,0.20248295269991828,0.1791026213736128,0.14776840011064785,0.07921386640096556,nan,nan,nan,nan,nan,nan,nan,0.06736981942996492
86400.0,0.2851132572329605,0.2841639897611083,0.2813106881809478,0.2765355170137801,0.26980392356832317,0.26105591594085287,0.25019000275311865,0.23703296754947625,0.22127856085355257,0.2023465752168371,0.17898712964890812,0.14767679014350465,0.07910698591814798,nan,nan,nan,nan,nan,nan,nan,0.06733661233487621
86460.0,0.28488986865818217,0.2839417502292495,0.2810918909110945,0.2763224416061829,0.2695988304251959,0.26086104685900985,0.2500075925453794,0.2368652757578951,0.22112794294421337,0.2022156418630221,0.17887914553584106,0.14759699413947375,0.07907289345814471,nan,nan,nan,nan,nan,nan,nan,0.06730325312238414
86520.0,0.28466693453213443,0.2837199624688835,0.28087353740608845,0.2761097967006912,0.26939414938083506,0.26066656647814257,0.24982554280316743,0.23669791149168973,0.22097761496311313,0.20208495602440724,0.17877136102502755,0.14751734187598875,0.0790388121135172,nan,nan,nan,nan,nan,nan,nan,0.06726988844454344
86580.0,0.2844444535348145,0.2834986251684257,0.2806556263794928,0.27589758105242496,0.26918987924780546,0.2604724736834462,0.24964385249867876,0.23653087382370871,0.2208275760972307,0.20195451701589148,0.17866377557065435,0.14743783294778479,0.0790047790825328,nan,nan,nan,nan,nan,nan,nan,0.06723658368549507
86640.0,0.28422242435820083,0.2832777370282017,0.28043815655656645,0.27568579342784494,0.2689860188495193,0.2602787673703386,0.24946252061358687,0.23636416183543446,0.22067782554122228,0.20182432415881912,0.17855638863172066,0.14735846694388732,0.0789708065385129,nan,nan,nan,nan,nan,nan,nan,0.06720335370469877
86700.0,0.28400084569885503,0.2830572967530892,0.2802211266670297,0.2754744325977227,0.26878256701349146,0.26008544643807796,0.24928154613310075,0.23619777461155184,0.220528362492568,0.20169437677679897,0.1784491996687233,0.14727924343106152,0.07893690012016791,nan,nan,nan,nan,nan,nan,nan,0.06717020486088048
86760.0,0.2837797162578461,0.2828373030524438,0.2800045354449906,0.27526349733706945,0.2685795225712719,0.2598925097897,0.2491009280459064,0.23603171123989453,0.22037918615151778,0.20156467419565793,0.17834220814360213,0.14720016195098912,0.07890306288923139,nan,nan,nan,nan,nan,nan,nan,0.06713714050877408
86820.0,0.2835590347415917,0.28261775464093414,0.2797883816297647,0.2750529864259283,0.2683768843591988,0.25969995633272447,0.24892066534481966,0.23586597081203467,0.2202302957216042,0.2014352157438535,0.17823541351982256,0.14712122202994576,0.07886929648521611,nan,nan,nan,nan,nan,nan,nan,0.06710416237550515
86880.0,0.28333879986028476,0.28239865023697897,0.27957266396434227,0.2748428986478931,0.2681746512169905,0.2595077849778362,0.2487407570255713,0.23570055242218269,0.22008169040867093,0.20130600075169272,0.17812881526163982,0.14704242319578922,0.07883560208434735,nan,nan,nan,nan,nan,nan,nan,0.06707127168287931
86940.0,0.28311901032886577,0.28217998856371296,0.27935738119633574,0.2746332327910235,0.26797282198861594,0.2593159946397008,0.24856120208755894,0.23553545516786592,0.2199333694214641,0.201177028551802,0.17802241283406212,0.1469637649838834,0.07880198040176684,nan,nan,nan,nan,nan,nan,nan,0.0670384691495648
87000.0,0.2828996648670952,0.2819617683490589,0.2791425320780496,0.2744239876479136,0.2677713955223592,0.25912458423702567,0.24838199953390322,0.23537067814997856,0.21978533197167133,0.2010482984791498,0.17791620570256012,0.14688524694283686,0.07876843184545185,nan,nan,nan,nan,nan,nan,nan,0.06700575516144548
87060.0,0.2826807622010219,0.28174398832718633,0.2789281153679099,0.2742151620170718,0.26757037067213413,0.25893355269379187,0.2482031483725835,0.23520622047380557,0.21963757727480798,0.2009198098717192,0.17781019333296172,0.14680686864180664,0.07873495661267425,nan,nan,nan,nan,nan,nan,nan,0.06697312988050871
87120.0,0.2824623010573716,0.2815266472329368,0.27871412982500154,0.2740067546976437,0.26736974629246124,0.2587428989345485,0.24802464761210238,0.23504208124510426,0.21949010454679932,0.20079156206780746,0.17770437519112564,0.14672862965216613,0.07870155490576838,nan,nan,nan,nan,nan,nan,nan,0.06694059347519879
87180.0,0.2822442801727726,0.28130974381098856,0.2785005742180494,0.27379876449808893,0.26716952124672666,0.25855262189215067,0.247846496268615,0.2348782595765421,0.21934291300958025,0.20066355441035422,0.17759875074391274,0.14665052957333843,0.07866822672456704,nan,nan,nan,nan,nan,nan,nan,0.06690814590085808
87240.0,0.28202669828048216,0.28109327680267143,0.27828744731249644,0.2735911902236966,0.2669696943952986,0.2583627204966261,0.2476686933556717,0.234714754578433,0.21919600188303417,0.20053578624068688,0.17749331945809455,0.14657256799350518,0.07863497215541765,nan,nan,nan,nan,nan,nan,nan,0.06687578720396278
87300.0,0.28180955412622605,0.2808772449617008,0.2780747478859238,0.2733840306914837,0.2667702646097091,0.2581731936884623,0.24749123789645927,0.23455156536978838,0.21904937039459688,0.2004082569058972,0.17738808080235244,0.14649474453215522,0.07860179107913588,nan,nan,nan,nan,nan,nan,nan,0.06684351721553289
87360.0,0.2815928464556001,0.2806616470416628,0.27786247471578535,0.27317728471834485,0.2665712307613741,0.2579840404080385,0.2473141289140646,0.23438869106952445,0.21890301777160429,0.2002809657529235,0.17728303424624794,0.14641705880354192,0.07856868342873607,nan,nan,nan,nan,nan,nan,nan,0.06681133582187747
87420.0,0.2813765740195992,0.2804464818015067,0.27765062658479134,0.27297095112625347,0.2663725917265441,0.25779525960026395,0.24713736543574782,0.23422613080032129,0.21875694324465078,0.20015391213115388,0.17717817926064827,0.14633951043286642,0.07853564907438326,nan,nan,nan,nan,nan,nan,nan,0.06677924284371849
87480.0,0.28116073558601284,0.2802317480168647,0.27743920229200025,0.27276502875298003,0.2661743463965095,0.25760685022414337,0.24696094650175293,0.23406388369654663,0.21861114605437115,0.2000270953973729,0.17707351532381563,0.14626209906298843,0.07850268782448239,nan,nan,nan,nan,nan,nan,nan,0.06674723803891243
87540.0,0.2809453299011407,0.2800174444420221,0.27722820061555165,0.27255951641608156,0.26597649364331666,0.2574188112206464,0.2467848711357107,0.2339019488776091,0.2184656254285335,0.19990051489886415,0.17696904190519364,0.14618482431110083,0.07846979958954757,nan,nan,nan,nan,nan,nan,nan,0.06671532127007652
87600.0,0.2807303557314176,0.2798035698512654,0.2770176203531853,0.27235441295205437,0.2657790323570431,0.25723114154764154,0.24660913837681675,0.23374032547692405,0.21832038060692704,0.19977416999185374,0.17686475848308916,0.14610768581558964,0.07843698419643004,nan,nan,nan,nan,nan,nan,nan,0.06668349231391708
87660.0,0.28051581185533353,0.2795901230308557,0.2768074603143762,0.2721497172087345,0.26558196143856283,0.2570438401731152,0.24643374727358516,0.2335790126362896,0.2181754108365256,0.19964806003793062,0.1767606645413579,0.14603068322637663,0.07840424142767559,nan,nan,nan,nan,nan,nan,nan,0.0666517509016752
87720.0,0.2803016970275496,0.2793771027433842,0.2765977192854031,0.27194542801154364,0.2653852797674098,0.2568569060450543,0.24625869685611054,0.23341800948093405,0.21803071535010132,0.1995221843880832,0.17665675955288734,0.1459538161705815,0.07837157115340646,nan,nan,nan,nan,nan,nan,nan,0.06662009685446105
87780.0,0.28008801004698747,0.27916450779540747,0.2763883960956298,0.2717415442275368,0.26518898626275744,0.25667033814859674,0.246083986188696,0.23325731516682416,0.21788629340668522,0.19939654241328605,0.1765530430125335,0.14587708430887825,0.07833897311916647,nan,nan,nan,nan,nan,nan,nan,0.06658852986608196
87840.0,0.2798747496837355,0.27895233696484123,0.27617948954635296,0.2715380646966473,0.26499307981795606,0.2564841354446784,0.24590961431336045,0.23309692882990826,0.2177421442482203,0.19927113347144887,0.17644951440059822,0.1458004872814214,0.0783064471458582,nan,nan,nan,nan,nan,nan,nan,0.0665570497072454
87900.0,0.27966191471892504,0.2787405890405705,0.2759709984496186,0.27133498826919633,0.26479755933624705,0.25629829690350525,0.24573558028065565,0.23293684961378772,0.21759826712316366,0.19914595692561943,0.17634617320324084,0.14572402473411952,0.07827399303510936,nan,nan,nan,nan,nan,nan,nan,0.0665256561291321
87960.0,0.27944950396279133,0.27852926284039004,0.2757629216458038,0.27113231382288216,0.2646024237469401,0.2561128215197163,0.24556188316362132,0.2327770766822305,0.21745466129713298,0.19902101215241605,0.1762430189221176,0.1456476963276023,0.07824161053977279,nan,nan,nan,nan,nan,nan,nan,0.0664943488335561
88020.0,0.27923751619021003,0.27831835714697095,0.2755552579408652,0.2709300402021412,0.264407671947673,0.2559277082582657,0.24538852200797617,0.23261760917450827,0.21731132601490782,0.1988962985119212,0.17614005103995453,0.14557150170537442,0.07820929946849738,nan,nan,nan,nan,nan,nan,nan,0.06646312757872429
88080.0,0.2790259502151962,0.27810787078186283,0.2753480061788598,0.27072816628822904,0.26421330287114453,0.2557429561169684,0.2452154958896708,0.23245844625695755,0.21716826054428043,0.1987718153830399,0.17603726906060574,0.14549544052550348,0.07817705958974316,nan,nan,nan,nan,nan,nan,nan,0.06643199208256406
88140.0,0.2788148048401381,0.27789780255506574,0.2751411651925264,0.27052669095146326,0.2640193154396375,0.2555585640838773,0.24504280387567615,0.23229958708788095,0.21702546414621326,0.1986475621390227,0.17593467248162792,0.1454195124422648,0.07814489068128788,nan,nan,nan,nan,nan,nan,nan,0.06640094207227813
88200.0,0.27860407885578026,0.27768815126501384,0.27493473380326916,0.27032561305120817,0.2638257085650044,0.25537453113726905,0.24487044502397076,0.2321410308175357,0.21688293607482917,0.19852353814745743,0.17583226079427078,0.14534371710613575,0.07811279253024032,nan,nan,nan,nan,nan,nan,nan,0.06636997728435802
88260.0,0.2783937652773953,0.27747885928008437,0.2747285018024801,0.27012446574037297,0.26363165032327024,0.2551895436307562,0.24469649209735536,0.23198007577797394,0.21673698085520776,0.1983947028740741,0.17572293461384053,0.14525668557012653,0.07800849169524499,nan,nan,nan,nan,nan,nan,nan,0.06633933171394556
88320.0,0.27818385713795424,0.2772699704684265,0.27452266619873344,0.26992370360072376,0.2634379616737913,0.2550049059083444,0.24452286505480178,0.23181941875788956,0.21659129189828658,0.19826609813190543,0.1756137987787821,0.1451697981926352,0.07790410698870587,nan,nan,nan,nan,nan,nan,nan,0.06630886185726473
88380.0,0.2779743533321251,0.27706148373139056,0.27431722591334295,0.2697233255865708,0.2632446416165115,0.25482061702773623,0.24434956302328897,0.23165905896429662,0.21644586850074335,0.19813772331570015,0.1755048527926515,0.14508305460983692,0.07779960322762637,nan,nan,nan,nan,nan,nan,nan,0.0662785052050052
88440.0,0.2777652527520683,0.27685339796782715,0.2741121798651457,0.2695233306497857,0.2630516891489936,0.25463667604433027,0.2441765851275874,0.23149899560210194,0.2163007099572683,0.19800957781851566,0.17539609615799448,0.14499645446414713,0.0776949684220188,nan,nan,nan,nan,nan,nan,nan,0.06624824734731637
88500.0,0.2775565542939483,0.27664571208056626,0.27390752697688336,0.2693237177460236,0.26285910327241624,0.25445308201692973,0.24400393049561264,0.23133922787904285,0.21615581556502905,0.1978816610356211,0.1752875283794606,0.1449099974187035,0.0775901966946091,nan,nan,nan,nan,nan,nan,nan,0.06621808176903507
88560.0,0.27734825685759723,0.27643842497608195,0.27370326617487395,0.2691244858344034,0.26266688299126684,0.25426983400745096,0.24383159825815456,0.23117975500544052,0.21601118462345525,0.19775397236431255,0.17517914896365386,0.14482368316059901,0.07748528458504814,nan,nan,nan,nan,nan,nan,nan,0.06618800477028544
88620.0,0.2771403593470748,0.27623153556504987,0.27349939638955695,0.26892563387803375,0.2624750273138423,0.2540869310813907,0.24365958754930306,0.23102057619457786,0.21586681643456995,0.1976265112042085,0.17507095741954254,0.14473751139568153,0.07738023000585126,nan,nan,nan,nan,nan,nan,nan,0.0661580141993077
88680.0,0.2769328606695787,0.27602504276126344,0.2732959165544316,0.2687271608429877,0.26228353525127246,0.25390437230691204,0.24348789750561,0.2308616906619544,0.21572271030234877,0.19749927695668537,0.17496295325811523,0.1446514818320459,0.07727503129226371,nan,nan,nan,nan,nan,nan,nan,0.06612810835582741
88740.0,0.2767257597360589,0.2758189454822453,0.27309282560665604,0.2685290656988816,0.2620924058180709,0.25372215675536025,0.24331652726656167,0.23070309762570768,0.21557886553308897,0.19737226902520677,0.1748551359929578,0.14456559417535023,0.0771696872142055,nan,nan,nan,nan,nan,nan,nan,0.06609828600671709
88800.0,0.2765190554613181,0.2756132426493462,0.2728901224871445,0.26833134741896897,0.2619016380322248,0.2535402835013458,0.24314547597465458,0.2305447963066819,0.21543528143547358,0.19724548681538634,0.17474750514057694,0.1444798481234464,0.07706419683135363,nan,nan,nan,nan,nan,nan,nan,0.06606854622530033
88860.0,0.27631274676563894,0.2754079331893623,0.2726878061421517,0.26813400498167156,0.2617112309166524,0.25335875162410826,0.2429747427766449,0.2303867859295447,0.21529195732155243,0.1971189297358877,0.1746400602218619,0.14439424335883455,0.07695855941962865,nan,nan,nan,nan,nan,nan,nan,0.06603888830814325
88920.0,0.2761068325687924,0.27520301602858244,0.27248587551743997,0.26793703736494273,0.2615211834938358,0.253177560202493,0.24280432681894432,0.2302290657186781,0.21514889250315344,0.1969925971952133,0.17453280075744454,0.14430877956573132,0.0768527742141127,nan,nan,nan,nan,nan,nan,nan,0.06600931150581796
88980.0,0.27590131179877897,0.27499849010147154,0.2722843295667882,0.2677404435544902,0.26133149479365014,0.25299670832227755,0.24263422725433426,0.23007163490417368,0.2150060862971296,0.1968664886064573,0.174425726274309,0.14422345640711612,0.0767468406740775,nan,nan,nan,nan,nan,nan,nan,0.0659798152988319
89040.0,0.27569618338260693,0.27479435434151084,0.27208316724301584,0.2675442225351017,0.2611421638451046,0.25281619506844233,0.24246444323488228,0.2299144927155084,0.21486353801982788,0.19674060338232113,0.17431883629854195,0.14413827355087505,0.07664075820167675,nan,nan,nan,nan,nan,nan,nan,0.06595039910528878
89100.0,0.2754914462540284,0.2745906076888817,0.2718823875055123,0.2673483732979211,0.26095318968326975,0.25263601953165393,0.24229497391788324,0.22975763838685054,0.21472124699173498,0.1966149409393349,0.17421213036115576,0.14405323064970113,0.07653448506951324,nan,nan,nan,nan,nan,nan,nan,0.06592106249303985
89160.0,0.27528709935138224,0.27438724908832296,0.27168198931813825,0.2671528948384204,0.26076457134734615,0.2524561808064554,0.24212581846420084,0.2296010711555842,0.2145792125362054,0.19648950069679724,0.17410560799546843,0.14396832735245313,0.07642799233969713,nan,nan,nan,nan,nan,nan,nan,0.06589180504763734
89220.0,0.27508314161381425,0.27418427748537666,0.27148197164554533,0.2669577861528433,0.26057630787727887,0.2522766779881001,0.24195697603536653,0.22944479025971354,0.21443743397717296,0.19636428207458526,0.17399926873509633,0.14388356330823782,0.07632128209453005,nan,nan,nan,nan,nan,nan,nan,0.06586262635618373
89280.0,0.27487957199247276,0.27398169183750865,0.2712823334640752,0.26676304624873737,0.2603883983237827,0.2520975101819299,0.24178844580217282,0.22928879494555718,0.21429591064595932,0.1962392844996141,0.17389311211913408,0.14379893815614894,0.07621435385562607,nan,nan,nan,nan,nan,nan,nan,0.0658335260856621
89340.0,0.2746763894233324,0.2737794910871138,0.271083073735304,0.26656867411938834,0.2602008417240076,0.25191867648060956,0.24162022692381288,0.22913308444906677,0.21415464186473054,0.19611450739013692,0.17378713768006446,0.14371445154812038,0.07610720704940957,nan,nan,nan,nan,nan,nan,nan,0.06580450380186183
89400.0,0.2744735928650208,0.27357767419909035,0.27088419144286563,0.26637466877940474,0.26001363713540837,0.25174017599581167,0.24145231857691488,0.22897765802183961,0.2140136269695733,0.1959899501775879,0.17368134495939938,0.14363010312255012,0.07599984122862513,nan,nan,nan,nan,nan,nan,nan,0.06577555919508989
89460.0,0.2742711812709598,0.273376240133167,0.27068568556533185,0.26618102923850995,0.25982678361080075,0.25156200783488203,0.24128471993415868,0.2288225149119542,0.21387286529347108,0.19586561229049979,0.1735757334968206,0.14354589252066846,0.07589225592404625,nan,nan,nan,nan,nan,nan,nan,0.06574669192898978
89520.0,0.2740691535888764,0.27317518784341693,0.2704875550757363,0.2659877545010835,0.2596402801979234,0.25138417110043065,0.24111743016390114,0.2286676543636377,0.21373235616601682,0.19574149315420175,0.17347030282981768,0.14346181938771943,0.07578445063795587,nan,nan,nan,nan,nan,nan,nan,0.06571790163387879
89580.0,0.2738675087990694,0.2729745163162695,0.270289798978826,0.2657948436021561,0.259454125973697,0.25120666492237564,0.24095044845954494,0.2285130756436145,0.21359209893690448,0.19561759221275016,0.17336505250662862,0.14337788336014612,0.07567642500418703,nan,nan,nan,nan,nan,nan,nan,0.06568918806978516
89640.0,0.2736662458500587,0.27277422450658817,0.27009241624841757,0.26560229554687775,0.2592683199866139,0.2510294884040584,0.24078377399014977,0.228358777996779,0.21345209293635997,0.1954939088921604,0.17325998206550003,0.1432940840819261,0.07556817854166833,nan,nan,nan,nan,nan,nan,nan,0.06566055087567961
89700.0,0.2734653637161846,0.2725743113948865,0.2698954058834687,0.265410109364699,0.2590828613083025,0.2508526406704722,0.24061740594464126,0.22820476068589937,0.21331233751063614,0.1953704426330798,0.1731550910523187,0.14321042119552777,0.07545971084968536,nan,nan,nan,nan,nan,nan,nan,0.06563198976807066
89760.0,0.27326486137498524,0.2723747759648559,0.26969876688605576,0.2652182840880903,0.25889774901327467,0.2506761208493201,0.24045134351444616,0.22805102297601296,0.2131728320080452,0.19524719287804138,0.17305037901396894,0.1431268943436552,0.07535102153950955,nan,nan,nan,nan,nan,nan,nan,0.06560350447154661
89820.0,0.27306473778803314,0.27217561718432975,0.26950249824271827,0.26502681873451683,0.2587129821617729,0.2504999280549725,0.24028558587878301,0.22789756412119921,0.2130335757670977,0.19512415906076191,0.1729458454930654,0.14304350316860096,0.07524211018605166,nan,nan,nan,nan,nan,nan,nan,0.06557509466970783
89880.0,0.27286499196122455,0.2719768340651714,0.2693065989831489,0.26483571236314674,0.25852855985373197,0.2503240614389349,0.24012013225095186,0.22774438340627176,0.21289456815393104,0.1950013406390302,0.17284149004395596,0.14296024732208856,0.07513297644167159,nan,nan,nan,nan,nan,nan,nan,0.06554676012078851
89940.0,0.2726656228562417,0.27177842557532617,0.2691110680940051,0.26464496399157306,0.258344481149536,0.2501485201157358,0.23995498181034586,0.22759148008549634,0.21275580850726403,0.19487873704695255,0.17273731220961674,0.14287712644536704,0.07502361989568285,nan,nan,nan,nan,nan,nan,nan,0.0655185005149489
90000.0,0.27246662944873257,0.27158039069661327,0.26891590457554504,0.26445457265053707,0.25816074512209014,0.249973303211627,0.23979013374712949,0.22743885342286918,0.2126172961745808,0.19475634772624928,0.17263331153677505,0.14279414018313238,0.07491404016249444,nan,nan,nan,nan,nan,nan,nan,0.06549031556385133
90060.0,0.2722680162331437,0.27138278298677193,0.2687213098267505,0.2642649885315159,0.2579781561415333,0.2497996829217341,0.23962745696026555,0.227289126766981,0.21248262488056752,0.19463908370599065,0.1725364240990487,0.14272245440209128,0.07488480893896136,nan,nan,nan,nan,nan,nan,nan,0.06546197963925422
90120.0,0.27206978767228535,0.27118555769481767,0.268527090804796,0.26407576905091673,0.25779591640261174,0.24962639227956385,0.23946508614619577,0.22713967841842042,0.21234820024722462,0.19452203053595082,0.17243970687460375,0.14265089107953777,0.07485557560945673,nan,nan,nan,nan,nan,nan,nan,0.06543363195052083
90180.0,0.27187194269219384,0.2709887137535771,0.2683332464627956,0.2638869131953928,0.2576140249383676,0.24945343037685966,0.2393030204670447,0.22699050762080747,0.21221402161068476,0.19440518765638698,0.17234315941828213,0.14257944988718863,0.07482637973218291,nan,nan,nan,nan,nan,nan,nan,0.06540533129040006
90240.0,0.2716744802302079,0.27079225010711533,0.268139775764911,0.26369841996232674,0.2574324807921308,0.24928079631508893,0.23914125909398448,0.22684161362603655,0.2120800883144874,0.19428855451386826,0.1722467812896874,0.1425081304946354,0.07479723281868664,nan,nan,nan,nan,nan,nan,nan,0.06537709067516659
90300.0,0.27147739922722075,0.2705961657030282,0.2679466776787637,0.26351028835244406,0.2572512830104116,0.24910848919869455,0.23897980120092266,0.22669299568847634,0.21194639970435886,0.1941721305567316,0.17215057204956413,0.1424369325565008,0.07476814003786134,nan,nan,nan,nan,nan,nan,nan,0.06534891563398239
90360.0,0.27128069862764403,0.2704004594924065,0.2677539511753995,0.2633225173697782,0.257070430642867,0.24893650813506313,0.23881864596447266,0.22654465306494231,0.2118129551281833,0.19405591523505217,0.17205453125976905,0.14236585570794208,0.07473910414879315,nan,nan,nan,nan,nan,nan,nan,0.0653208090472911
90420.0,0.2710843773800392,0.2702051304304634,0.26756159522990475,0.26313510602226686,0.2568899227428701,0.2487648522350605,0.23865779256444955,0.2263965850151468,0.21167975393639699,0.19393990800096578,0.17195865848339745,0.14229489957030317,0.07471012663988015,nan,nan,nan,nan,nan,nan,nan,0.0652927724245035
90480.0,0.2708884344359815,0.2700101774754057,0.26736960882029925,0.26294805332068283,0.2567097583664918,0.24859352061207782,0.2384972401829925,0.2262487908009045,0.2115467954812843,0.1938241083080963,0.17186295328427775,0.14222406376342805,0.07468120855644063,nan,nan,nan,nan,nan,nan,nan,0.0652648068091584
90540.0,0.2706928687507302,0.26981559958909984,0.26717799092818956,0.2627613582792639,0.2565299365731012,0.2484225123825939,0.23833698800508238,0.22610126968659996,0.2114140791173858,0.1937085156118817,0.1717674152269603,0.14215334791080142,0.07465235055285077,nan,nan,nan,nan,nan,nan,nan,0.06523691283643708
90600.0,0.27049767928335383,0.2696213957371962,0.2669867405388906,0.26257501991583143,0.2563504564254775,0.24825182666628026,0.2381770352186387,0.2259540209392747,0.21128160420157097,0.19359312936962708,0.17167204387651977,0.14208275164457945,0.07462355300535999,nan,nan,nan,nan,nan,nan,nan,0.06520909085196695
90660.0,0.2703028649973257,0.2694275648897205,0.2667958566420049,0.2623890372523496,0.25617131699034257,0.24808146258650038,0.23801738101497988,0.22580704382904193,0.21114937009339652,0.19347794904077614,0.17157683879840346,0.14201227461048366,0.07459481611778593,nan,nan,nan,nan,nan,nan,nan,0.065181341023988
90720.0,0.2701084248596293,0.2692341060201858,0.26660533823055244,0.2622034093140846,0.25599251733756145,0.24791141926956117,0.23785802458813454,0.2256603376284633,0.2110173761545569,0.19336297408645703,0.17148179955830958,0.14194191646519497,0.07456614001757328,nan,nan,nan,nan,nan,nan,nan,0.06515366344349299
90780.0,0.26991435783867934,0.2690410181035263,0.26641518429894623,0.2620181351276488,0.25581405653828004,0.2477416958429691,0.23769896513323596,0.22551390161109727,0.210885621747613,0.19324820396845566,0.17138692572219247,0.1418716768682324,0.07453752482319757,nan,nan,nan,nan,nan,nan,nan,0.06512605819233419
90840.0,0.26972066290750407,0.26884830011925936,0.2662253938460905,0.26183321372399404,0.25563593366777454,0.24757229143809872,0.2375402018489789,0.22536773505371915,0.2107541062379333,0.19313363815075973,0.1712922168564546,0.14180155549238532,0.07450897054516056,nan,nan,nan,nan,nan,nan,nan,0.06509852524224702
90900.0,0.26952733904464027,0.268655951052374,0.26603596587625195,0.2616486441392533,0.2554581478062528,0.2474032051909439,0.23738173393831177,0.2252218372369424,0.2106228289942213,0.1930192760998871,0.17119767252869456,0.1417315520213345,0.07448047713802812,nan,nan,nan,nan,nan,nan,nan,0.06507106450858678
90960.0,0.26933438522741066,0.26846396988665333,0.26584689939251516,0.26146442540841797,0.2552806980328358,0.24723443623648045,0.23722356060324568,0.22507620744053436,0.21049178938444385,0.19290511728179247,0.1711032923063027,0.14166166613607745,0.07445204457131378,nan,nan,nan,nan,nan,nan,nan,0.06504367592180565
91020.0,0.26914180044416985,0.26827235561683926,0.2656581934087042,0.2612805565768558,0.2551035834365215,0.24706598371893623,0.23706568105431153,0.22493084495194704,0.21036098678323428,0.1927911611674547,0.17100907575962235,0.14159189753713114,0.0744236727158619,nan,nan,nan,nan,nan,nan,nan,0.06501635931282604
91080.0,0.2689495836808841,0.2680811072353009,0.265469846936318,0.26109703668768836,0.25492680310417015,0.2468978467805374,0.23690809450019693,0.22478574905696538,0.2102304205637621,0.1926774072267217,0.17091502245905016,0.14152224591744184,0.07439536148901642,nan,nan,nan,nan,nan,nan,nan,0.06498911455972416
91140.0,0.26875773393571584,0.26789022374652227,0.2652818589987277,0.2609138647955088,0.2547503561335618,0.24673002457374035,0.2367508001590103,0.22464091904986438,0.21010009010653205,0.19256385493492675,0.17082113197939075,0.1414527109860692,0.074367110738953,nan,nan,nan,nan,nan,nan,nan,0.06496194147117915
91200.0,0.26856625019051555,0.2676997041387845,0.265094228603426,0.26073103993956753,0.25457424160787134,0.24656251623731837,0.23659379723625945,0.22449635421356573,0.20996999478224893,0.19245050376009032,0.17072740388919075,0.1413832924322934,0.07433892039261925,nan,nan,nan,nan,nan,nan,nan,0.06493483993468507
91260.0,0.2683751314502807,0.267509547423361,0.2649069547804376,0.2605485611808868,0.2543984586309997,0.24639532092946315,0.23643708495533283,0.22435205384709017,0.20984013397547419,0.19233735318062894,0.17063383776690352,0.14131398996861655,0.07431079028927952,nan,nan,nan,nan,nan,nan,nan,0.06490780975009165
91320.0,0.26818437671927436,0.26731975261079616,0.2647200365590726,0.26036642757979844,0.2542230063061903,0.24622843780775067,0.23628066253905172,0.22420801724894793,0.20971050707033023,0.1922244026746293,0.17054043319065784,0.14124480330685352,0.0742827202707352,nan,nan,nan,nan,nan,nan,nan,0.06488085071978338
91380.0,0.2679939849867978,0.2671303186967718,0.26453347295407637,0.26018463818256066,0.25404788372328924,0.24606186601720412,0.23612452919867938,0.22406424370724515,0.20958111344199282,0.1921116517134541,0.17044718973196726,0.14117573214480694,0.0742547102304997,nan,nan,nan,nan,nan,nan,nan,0.06485396269781107
91440.0,0.2678039552806585,0.2669412447152199,0.26434726301767836,0.26000319207165223,0.2538730900066245,0.24589560473515643,0.2359686841752243,0.22392073253683473,0.20945195248856005,0.19199909978598614,0.17035410698081604,0.14110677620864828,0.07422675996148888,nan,nan,nan,nan,nan,nan,nan,0.06482714543826094
91500.0,0.26761428660261577,0.26675252967419755,0.2641614057767513,0.2598220883050498,0.25369862425719797,0.24572965311708334,0.2358131266895733,0.22377748303448025,0.20932302359263774,0.19188674636922726,0.1702611845144974,0.14103793520640295,0.07419886932025802,nan,nan,nan,nan,nan,nan,nan,0.0648003987583606
91560.0,0.2674249779578721,0.2665641725851819,0.26397590026151946,0.25964132594396877,0.253524485579095,0.2455640103213505,0.23565785596527283,0.22363449449933265,0.20919432613887004,0.19177459094178625,0.17016842191207454,0.1409692088478547,0.07417103815780612,nan,nan,nan,nan,nan,nan,nan,0.06477372246985728
91620.0,0.26723602838912025,0.266376172496891,0.2637907455387027,0.25946090408489064,0.25335067310997733,0.24539867553778663,0.2355028712548266,0.2234917662565335,0.20906585953408546,0.19166263299980923,0.17007581877198227,0.1409005968612595,0.07414326626762842,nan,nan,nan,nan,nan,nan,nan,0.0647471163278338
91680.0,0.2670474368991105,0.2661885284183663,0.26360594063613824,0.259280821786724,0.2531771859517338,0.24523364792269892,0.23534817177988732,0.223349297603538,0.20893762316148795,0.19155087202071602,0.16998337467191094,0.1408320989559258,0.07411555350121671,nan,nan,nan,nan,nan,nan,nan,0.0647205801444636
91740.0,0.26685920252316697,0.2660012393910063,0.2634214846133732,0.2591010781390206,0.2530040232354305,0.2450689266597364,0.23519375678726234,0.2232070878603419,0.20880961642351165,0.19143930749762783,0.16989108920656418,0.140763714853201,0.07408789967928875,nan,nan,nan,nan,nan,nan,nan,0.06469411370193973
91800.0,0.266671324318563,0.2658143044780125,0.26323737655132173,0.25892167225198065,0.2528311841117953,0.24490451095097415,0.23503962554070712,0.2230651363621135,0.20868183873553375,0.19132793893442307,0.16979896198214933,0.14069544428113684,0.07406030460864309,nan,nan,nan,nan,nan,nan,nan,0.06466771676909329
91860.0,0.2664838012826547,0.2656277226830683,0.2630536154725698,0.2587426031794373,0.2526586676778829,0.2447403999481882,0.23488577725771226,0.22292344240260265,0.2085542894775994,0.19121676580561475,0.16970699257347097,0.14062728694948376,0.07403276813407512,nan,nan,nan,nan,nan,nan,nan,0.06464138915123087
91920.0,0.2662966324382918,0.26544149303518044,0.2628702004245208,0.2585638699992069,0.25248647305358485,0.2445765928245557,0.23473221117545306,0.22278200529318198,0.208426968044787,0.1911057875982104,0.1696151805686948,0.14055924257577918,0.07400529008421339,nan,nan,nan,nan,nan,nan,nan,0.06461513063813949
91980.0,0.26610981680832396,0.26525561456335617,0.26268713045457825,0.25838547178910565,0.2523145993587926,0.2444130887532539,0.2345789265311048,0.22264082434522414,0.2082998738321747,0.19099500379921752,0.16952352555598663,0.1404913108775603,0.0739778702876864,nan,nan,nan,nan,nan,nan,nan,0.06458894101960616
92040.0,0.265923353519845,0.26507008640015267,0.26250440471162584,0.2582074077250202,0.25214304580678437,0.24424988699496897,0.23442592264228967,0.22249989894203265,0.20817300629639324,0.19088441394792668,0.16943202717666958,0.14042349160023213,0.07395050853323443,nan,nan,nan,nan,nan,nan,nan,0.06456282004819472
92100.0,0.26573724156332734,0.2648849075424154,0.26232202221154816,0.2580296768543072,0.2519718114884467,0.24408698669569856,0.234273198721197,0.22235922837263902,0.2080463648134033,0.19077401751510675,0.1693406850023993,0.14035578445267652,0.0739232046618749,nan,nan,nan,nan,nan,nan,nan,0.06453676752525334
92160.0,0.26555147996997774,0.26470007702745274,0.2621399820098843,0.257852278262645,0.25180089553115786,0.24392438703563546,0.23412075401145135,0.2222188119541825,0.20791994878321773,0.19066381399195662,0.16924949862560307,0.14028818915466487,0.07389595849903852,nan,nan,nan,nan,nan,nan,nan,0.06451078323758491
92220.0,0.26536606777526334,0.26451559389680523,0.2619582831663204,0.25767521103972013,0.2516302970661125,0.2437620871985486,0.2339685877599651,0.22207864900674193,0.20779375760836488,0.19055380287181198,0.16915846764088072,0.14022070542710752,0.07386876986852588,nan,nan,nan,nan,nan,nan,nan,0.06448486697047108
92280.0,0.2651810040755745,0.2643314572525314,0.2617769247998521,0.25749847433253725,0.25146001527908807,0.24360008641934727,0.23381669926063264,0.2219387388923693,0.20766779072748998,0.19044398367920737,0.16906759167268356,0.14015333300589616,0.07384163858149922,nan,nan,nan,nan,nan,nan,nan,0.0644590184981781
92340.0,0.2649962879559734,0.26414766618543684,0.2615959060184467,0.2573220672774436,0.2512900493457128,0.24343838392343162,0.23366508779861228,0.2217990809653119,0.20754204757252245,0.19033435593287623,0.16897687033991224,0.14008607162413694,0.07381456445147079,nan,nan,nan,nan,nan,nan,nan,0.06443323759702047
92400.0,0.26481191842904966,0.26396421971433676,0.2614152258595192,0.25714598894260166,0.251120398376685,0.24327697887536684,0.2335137526031741,0.22165967452988722,0.20741652753242854,0.1902249191144386,0.168886303225957,0.14001892099711438,0.07378754730698699,nan,nan,nan,nan,nan,nan,nan,0.0644075240564162
92460.0,0.26462789454500735,0.26378111689541067,0.2612348833971026,0.256970238431563,0.2509510615164026,0.24311587047129257,0.23336269293259515,0.2215205189163273,0.207291230018473,0.19011567272477709,0.16879588993263847,0.13995188084936283,0.07376058696879123,nan,nan,nan,nan,nan,nan,nan,0.06438187765898237
92520.0,0.2644442153664385,0.26359835679714344,0.2610548777172897,0.2567948148595348,0.2507820379203636,0.24295505791774577,0.2332119080546973,0.22138161346338953,0.2071661544493124,0.19000661627123358,0.16870563006755698,0.1398849509082781,0.07373368325714087,nan,nan,nan,nan,nan,nan,nan,0.06435629818716132
92580.0,0.26426088005811393,0.2634159385895202,0.26087520800564884,0.2566197174378657,0.25061332683561977,0.2427945405070253,0.23306139731603104,0.2212429575801525,0.2070413003045733,0.18989774931443057,0.16861552328598478,0.13981813092486023,0.07370683598828415,nan,nan,nan,nan,nan,nan,nan,0.06433078542195411
92640.0,0.2640778876246675,0.26323386128345294,0.2606958732918484,0.25644494522722966,0.25044492736573737,0.2426343173970223,0.23291115993976153,0.221104550565486,0.20691666696832872,0.18978907133148828,0.16852556916848158,0.1397514206131164,0.07368004498475247,nan,nan,nan,nan,nan,nan,nan,0.06430533914662061
92700.0,0.2638952371310048,0.2630521239497247,0.2605168726642336,0.25627049734501084,0.2502768386682873,0.2424743877962157,0.23276119519549338,0.22096639175973976,0.20679225386061595,0.18968058183095515,0.16843576732372714,0.13968481970097701,0.07365331006671247,nan,nan,nan,nan,nan,nan,nan,0.0642799591435705
92760.0,0.2637129276420314,0.26287072565911895,0.26033820521115003,0.2560963729085935,0.2501090599008403,0.24231475091308444,0.23261150235283107,0.2208284805032635,0.2066680604014721,0.18957228032137974,0.1683461173604012,0.13961832791637246,0.07362663105433069,nan,nan,nan,nan,nan,nan,nan,0.06425464519521348
92820.0,0.2635309583187718,0.26268966557790024,0.26015987011452313,0.2559225711258102,0.24994159030709887,0.2421554060367659,0.2324620807553769,0.22069081620256809,0.20654408606875702,0.18946416636194147,0.1682566189298228,0.13955194500918328,0.07360000777627843,nan,nan,nan,nan,nan,nan,nan,0.06422939709476393
92880.0,0.26334932823435814,0.26250894278502385,0.25998186647070753,0.25574909112178645,0.24977442905200545,0.24199635238264228,0.23231292967906858,0.2205533982036658,0.20642033028745668,0.18935623946552216,0.168167271644321,0.13948567070921852,0.07357344005345018,nan,nan,nan,nan,nan,nan,nan,0.06420421462555628
92940.0,0.2631680364380178,0.2623285563356987,0.2598041933527845,0.2555759319991531,0.24960757527908184,0.24183758914603615,0.2321640483814407,0.2204162258361146,0.20629679246817667,0.1892484991324117,0.1680780751056205,0.1394195047408282,0.07354692770462527,nan,nan,nan,nan,nan,nan,nan,0.06417909756823784
93000.0,0.26298708200786375,0.26214850531382794,0.25962684986195794,0.2554030928877229,0.249441028157734,0.24167911554650962,0.23201543614226564,0.22027929844935534,0.20617347203889938,0.18914094487811578,0.16798902892826012,0.13935344683495882,0.07352047055113894,nan,nan,nan,nan,nan,nan,nan,0.06415404570670297
93060.0,0.2628064640220093,0.2619687888033149,0.25944983509943215,0.25523057291730844,0.24927478685736787,0.24152093080362474,0.23186709224131583,0.2201426153928288,0.2060503684276074,0.18903357621813988,0.16790013272677853,0.13928749672255702,0.07349406841432637,nan,nan,nan,nan,nan,nan,nan,0.06412905882484601
93120.0,0.26262618166725826,0.26178940599603345,0.25927314827223424,0.2550583713200052,0.24910885064478383,0.2413630342281245,0.23171901604199943,0.22000617609087555,0.2059274811280421,0.18892639272524075,0.167811386162394,0.13922165416010512,0.07346772113208926,nan,nan,nan,nan,nan,nan,nan,0.06410413672605626
93180.0,0.26244623403102624,0.2616103559851276,0.25909678849062534,0.2548864872343797,0.2489432186977234,0.24120542504737477,0.231571206831247,0.21986997989934667,0.20580480957381408,0.1888193939198239,0.16772278885364036,0.1391559188807352,0.07344142852718066,nan,nan,nan,nan,nan,nan,nan,0.06407927919589658
93240.0,0.2622666201736974,0.2614316378368891,0.25892075483854843,0.2547149197735611,0.24877789016970644,0.2410481024660649,0.23142366387518884,0.21973402615546606,0.20568235318217964,0.18871257930805654,0.16763434040744232,0.13909029061122857,0.07341519041823358,nan,nan,nan,nan,nan,nan,nan,0.06405448601508144
93300.0,0.26208733918832,0.26125325065005733,0.2587450464317485,0.25454366808141643,0.2486128642435217,0.24089106571628602,0.23127638646508963,0.21959831421896625,0.20556011139015717,0.18860594841331105,0.16754604044475283,0.1390247690860406,0.07338900662885958,nan,nan,nan,nan,nan,nan,nan,0.06402975697018395
93360.0,0.26190839016794215,0.2610751935233714,0.2585696623859707,0.2543727313018128,0.24844814010195798,0.24073431403012913,0.2311293738922141,0.2194628434495799,0.20543808363476485,0.18849950075895974,0.16745788858652472,0.1389593540396267,0.07336287698267023,nan,nan,nan,nan,nan,nan,nan,0.06400509184777725
93420.0,0.2617297723178161,0.2608974656670323,0.25839460192620634,0.2542021086842082,0.24828371702833799,0.24057784673378685,0.23098262553415627,0.2193276132844922,0.20531626942117398,0.18839323592724105,0.1673698845008484,0.13889404523378426,0.07333680132303134,nan,nan,nan,nan,nan,nan,nan,0.063980490457118
93480.0,0.26155148474059303,0.2607200661893189,0.2582198641775505,0.2540317993815068,0.24811959421405486,0.24042166306740392,0.23083614068956934,0.21919262309006457,0.20519466819223586,0.18828715344656546,0.16728202781271106,0.13882884240530882,0.07331077947524516,nan,nan,nan,nan,nan,nan,nan,0.06395595258672072
93540.0,0.26137352651101925,0.26054299417078963,0.25804544823792874,0.2538618025203525,0.24795577082549902,0.2402657622477224,0.23068991863563665,0.2190578722133962,0.20507327937385203,0.18818125283070353,0.1671943181353769,0.13876374528419588,0.07328481125970107,nan,nan,nan,nan,nan,nan,nan,0.06393147801945856
93600.0,0.2611958967375606,0.2603662487254995,0.2578713532380975,0.2536921172591215,0.2477922460592734,0.24011014351976362,0.23054395867548516,0.2189233600248624,0.2049521024124057,0.18807553361111629,0.1671067550962759,0.1386987536086579,0.0732588965027251,nan,nan,nan,nan,nan,nan,nan,0.06390706654502154
93660.0,0.26101859452868303,0.26018982896750353,0.2576975783088132,0.25352274275619,0.24762901911198104,0.23995480612854903,0.230398260112242,0.21878908589483842,0.20483113675427989,0.18796999531926478,0.167019338322838,0.1386338671169072,0.07323303503064316,nan,nan,nan,nan,nan,nan,nan,0.06388271795309969
93720.0,0.26084161907925435,0.26001373409668743,0.2575241226649578,0.25335367825124294,0.24746608925763183,0.23979974939154686,0.23025282231552596,0.21865504925345425,0.20471038189847923,0.1878646375317192,0.16693206747818973,0.13856908556889957,0.07320722668642618,nan,nan,nan,nan,nan,nan,nan,0.06385843205229076
93780.0,0.2606649695221017,0.2598379632513065,0.2573509854610072,0.2531849229255817,0.2473034557146539,0.23964497257420503,0.23010764460721184,0.21852124948793342,0.2045898373062236,0.1877594597926592,0.16684494219982582,0.138504408708978,0.07318147130109322,nan,nan,nan,nan,nan,nan,nan,0.06383420863761585
93840.0,0.2604886449677117,0.2596625155474229,0.2571781658296851,0.25301647593948395,0.24714111768146052,0.2394904749232393,0.22996272629198156,0.21838768597004848,0.2044695024251267,0.1876544616346008,0.16675796211601107,0.13843983627586348,0.07315576870135952,nan,nan,nan,nan,nan,nan,nan,0.06381004749920721
93900.0,0.2603126445539061,0.2594873901282537,0.25700566293033067,0.25284833647895144,0.2469790743809545,0.23933625570828565,0.2298180666955536,0.21825435809047716,0.20434937671945036,0.18754964260433132,0.16667112686630378,0.13837536801515582,0.07313011871920633,nan,nan,nan,nan,nan,nan,nan,0.06378594843317895
93960.0,0.26013696742152925,0.25931258614001806,0.25683347592522554,0.2526805037328299,0.24681732503874626,0.23918231420151415,0.2296736651459721,0.21812126524198713,0.20422945965529704,0.18744500225021596,0.16658443609151077,0.13831100367321558,0.07310452118719715,nan,nan,nan,nan,nan,nan,nan,0.06376191123630656
94020.0,0.25996161270813234,0.25913810272566445,0.2566616039734452,0.252512976886864,0.24665586887748814,0.23902864967232695,0.22952952096877233,0.21798840681515552,0.20410975069682863,0.1873405401187177,0.16649788943070093,0.13824674299604905,0.07307897593883805,nan,nan,nan,nan,nan,nan,nan,0.06373793570639111
94080.0,0.2597865795588234,0.25896393903564763,0.25649004624142285,0.2523457551339113,0.24649470512660826,0.23887526139646736,0.22938563349528696,0.21785578220572333,0.20399024931276274,0.1872362557603762,0.1664114865263362,0.1381825857312235,0.07305348280795859,nan,nan,nan,nan,nan,nan,nan,0.06371402164163349
94140.0,0.25961186712336565,0.258790094225047,0.25631880190012424,0.2521788376712107,0.2463338330197073,0.23872214865358382,0.2292420020604245,0.21772339081262868,0.20387095497463537,0.18713214872820882,0.16632522702289942,0.13811853162735507,0.07302804162887733,nan,nan,nan,nan,nan,nan,nan,0.06369016884080184
94200.0,0.2594374745525464,0.2586165674499593,0.25614787012151224,0.2520122236969643,0.24617325179130112,0.2385693107241813,0.22909862599988962,0.2175912320355454,0.20375186715462668,0.18702821857570986,0.16623911056517732,0.13805458043346772,0.07300265223660904,nan,nan,nan,nan,nan,nan,nan,0.06366637710344084
94260.0,0.25926340099995443,0.2584433578692642,0.2559772500802774,0.2518459124120105,0.2460129606784149,0.23841674689111347,0.22895550465154385,0.21745930527608784,0.2036329853266254,0.18692446485782963,0.16615313679910051,0.1379907318993069,0.07297731446676338,nan,nan,nan,nan,nan,nan,nan,0.06364264622976931
94320.0,0.25908964562729786,0.258270464649907,0.2558069409590149,0.25167990302482407,0.24585295892534054,0.23826445644404304,0.22881263735953708,0.21732760994157418,0.20351430896950357,0.18682088713356249,0.16606730537363432,0.13792698577715368,0.07295202815737073,nan,nan,nan,nan,nan,nan,nan,0.06361897602261335
94380.0,0.2589162075952675,0.2580978869578226,0.2556369419393301,0.2515141947429257,0.24569324577546342,0.23811243867177856,0.22867002346720916,0.21719614543856075,0.2033958375614899,0.18671748496150078,0.16598161593753072,0.13786334181870807,0.07292679314574518,nan,nan,nan,nan,nan,nan,nan,0.06359536628408506
94440.0,0.2587430860659805,0.25792562396036256,0.2554672522042171,0.25134878677517886,0.24553382047344813,0.23796069286432386,0.22852766231898816,0.217064911174571,0.2032775705816748,0.18661425790102368,0.1658960681401971,0.13779979977592277,0.07290160926932354,nan,nan,nan,nan,nan,nan,nan,0.06357181681647076
94500.0,0.25857028020603773,0.2577536748293328,0.2552978709410356,0.25118367833466515,0.24537468226797401,0.23780921831544266,0.2283855532627661,0.21693390656025957,0.20315950751189316,0.1865112055137854,0.16581066163278307,0.1377363594020457,0.0728764763667151,nan,nan,nan,nan,nan,nan,nan,0.0635483274233425
94560.0,0.2583977891850275,0.2575820387395068,0.2551287973400538,0.2510188686372774,0.24521583041039602,0.23765801432140327,0.22824369564873626,0.21680313100835313,0.2030416478358027,0.18640832736298657,0.1657253960676485,0.13767302045111005,0.07285139427718787,nan,nan,nan,nan,nan,nan,nan,0.06352489790901406
94620.0,0.25822561217302703,0.2574107148661434,0.2549600305920149,0.2508543568993654,0.24505726415250512,0.237507080178896,0.22810208882751104,0.21667258393197705,0.20292399103736009,0.18630562301194076,0.1656402710972045,0.1376097826776419,0.07282636284043445,nan,nan,nan,nan,nan,nan,nan,0.06350152807810773
94680.0,0.25805374834489486,0.2572397023892515,0.2547915698923181,0.2506901423417803,0.24489898275037653,0.23735641518861123,0.22796073215335555,0.2165422647475303,0.20280653660343928,0.18620309202653773,0.16555528637590464,0.13754664583716206,0.07280138189697424,nan,nan,nan,nan,nan,nan,nan,0.0634782177362986
94740.0,0.25788219687912295,0.25706900049244935,0.25462341443990066,0.2505262241887928,0.24474098546334017,0.2372060186542826,0.22781962498332264,0.21641217287391656,0.20268928402313124,0.18610073397458463,0.16547044155971258,0.13748360968605178,0.0727764512880458,nan,nan,nan,nan,nan,nan,nan,0.06345496669011548
94800.0,0.2577109569564,0.25689860836153755,0.25445556343583847,0.25036260166674007,0.24458327155269347,0.23705588988148935,0.2276787666761709,0.21628230773158208,0.20257223278686762,0.18599854842498167,0.16538573630543535,0.1374206739813849,0.0727515708554724,nan,nan,nan,nan,nan,nan,nan,0.06343177474669187
94860.0,0.2575400277603148,0.2567285251851973,0.2542880160840309,0.2501992740046878,0.244425840282331,0.23690602817824266,0.22753815659289445,0.21615266874298678,0.20245538238684962,0.1858965349481254,0.1653011702710499,0.13735783848101027,0.07272674044172776,nan,nan,nan,nan,nan,nan,nan,0.06340864171388783
94920.0,0.2573694084723265,0.25655875014999413,0.2541207715863023,0.25003624042969597,0.24426869091424191,0.2367564328507846,0.22739779409288519,0.21602325532915428,0.2023387323139649,0.18579469311319693,0.16521674311359275,0.13729510294250732,0.07270195988932732,nan,nan,nan,nan,nan,nan,nan,0.0633855673998346
94980.0,0.2571990982804056,0.25638928244896203,0.25395382915081793,0.24987350017495252,0.24411182271624626,0.23660710321080552,0.2272576785405258,0.21589406691559873,0.20222228206308443,0.18569302249282119,0.1651324544927851,0.13723246712498,0.07267722904187415,nan,nan,nan,nan,nan,nan,nan,0.06336255161371701
95040.0,0.2570290963767231,0.25622012127930793,0.2537871879898329,0.24971105247759873,0.24395523495992574,0.23645803857351366,0.22711780930342682,0.21576510293073986,0.20210603113164627,0.18559152266182077,0.16504830407006382,0.13716993078857703,0.07265254774377927,nan,nan,nan,nan,nan,nan,nan,0.06333959416556417
95100.0,0.2568594019547587,0.2560512658395385,0.2536208473168765,0.2495488965760065,0.243798926918035,0.2363092382552201,0.22697818575022,0.21563636280391946,0.20198997901788251,0.18549019319565696,0.16496429150736763,0.13710749369389155,0.07262791583991161,nan,nan,nan,nan,nan,nan,nan,0.06331669486598772
95160.0,0.25669001421071624,0.2558827153308667,0.2534548063481297,0.24938703171111076,0.24364289786576873,0.23616070157452076,0.22683880725163813,0.21550784596637226,0.20187412522168718,0.18538903367119236,0.1648804164677314,0.13704515560225508,0.07260333317576925,nan,nan,nan,nan,nan,nan,nan,0.06329385352630994
95220.0,0.25652093234177364,0.2557144689554729,0.2532890643007217,0.24922545712476274,0.243487147079197,0.23601242785083984,0.22669967317918566,0.2153795518500271,0.20175846924353485,0.1852880436657314,0.16479667861455038,0.13698291627540585,0.0725787995973865,nan,nan,nan,nan,nan,nan,nan,0.06327106995848043
95280.0,0.2563521555485593,0.25554652591896504,0.2531236203951409,0.24906417206206033,0.24333167383747928,0.23586441640649092,0.22656078290701986,0.21525147988920307,0.2016430105860107,0.18518722275837857,0.16471307761262102,0.1369207754759579,0.07255431495146544,nan,nan,nan,nan,nan,nan,nan,0.06324834397519402
95340.0,0.2561836830349511,0.2553788854301795,0.2529584738550402,0.24890317577115909,0.24317647742268494,0.23571666656651002,0.22642213581179882,0.2151236295204725,0.20152774875368637,0.18508657052992833,0.16462961312805666,0.13685873296736334,0.07252987908536535,nan,nan,nan,nan,nan,nan,nan,0.06322567538988122
95400.0,0.2560155140069763,0.25521154670008733,0.25279362390616456,0.24874246750223689,0.24302155711880935,0.2355691776577396,0.22628373127184487,0.2149960001819066,0.20141268325244008,0.18498608656226143,0.16454628482782477,0.13679678851370344,0.07250549184704413,nan,nan,nan,nan,nan,nan,nan,0.06320306401665582
95460.0,0.2558476430254346,0.25504445978069223,0.25262888639566305,0.248581636959354,0.242866180044409,0.23542078952643575,0.22614386220983798,0.214866190219101,0.20129451426819797,0.18488124407308165,0.16445666611468626,0.13672451449186573,0.07240268946457241,nan,nan,nan,nan,nan,nan,nan,0.06318070950020628
95520.0,0.2556800646881563,0.2548776639220692,0.2524644352080371,0.24842108488373565,0.24271107052142776,0.23527265504247247,0.22600422997872238,0.21473659741994294,0.20117653994396428,0.18477657080357404,0.16436718785753643,0.13665234755064584,0.07229970670715943,nan,nan,nan,nan,nan,nan,nan,0.0631584845496735
95580.0,0.2555127782598138,0.254711158393228,0.25230026962525864,0.2482608105787902,0.24255622788294245,0.23512477357650957,0.22586483399429488,0.21460722125257037,0.20105875980716292,0.18467206634733033,0.16427784972330942,0.13658028743876693,0.0721965095156239,nan,nan,nan,nan,nan,nan,nan,0.06313633767671654
95640.0,0.25534578300511407,0.25454494246321135,0.2521363889293258,0.2481008133479414,0.24240165146203108,0.23497714449919266,0.22572567367232277,0.21447806118507906,0.20094117338516598,0.1845677302978826,0.16418865137887598,0.13650833390734887,0.07209308804686543,nan,nan,nan,nan,nan,nan,nan,0.06311425812564739
95700.0,0.25517907819235397,0.2543790154046289,0.2519727924057369,0.24794109249800253,0.24224734059500913,0.2348297671842124,0.22558674843138998,0.21434911668811826,0.20082378020760255,0.18446356225068616,0.16409959249265477,0.13643648671758024,0.0719894376927014,nan,nan,nan,nan,nan,nan,nan,0.06309224103800026
95760.0,0.2550126630918163,0.25421337649206405,0.25180947934192677,0.24778164733766284,0.24209329461998377,0.23468264100694605,0.22544805769164206,0.21422038723375672,0.2007065798053612,0.1843595618022755,0.16401067273395073,0.13636474564355147,0.07188554316545734,nan,nan,nan,nan,nan,nan,nan,0.06307028370667152
95820.0,0.2548465369760815,0.25404802500238377,0.2516464490275715,0.24762247717778174,0.24193951287713522,0.23453576534472143,0.22530960087502994,0.21409187229570242,0.2005895717107828,0.18425572855042724,0.16392189177311803,0.136293110471749,0.07178133635136147,nan,nan,nan,nan,nan,nan,nan,0.06304838441759449
95880.0,0.25468069912028246,0.2538829602149909,0.25148370075483467,0.24746358133162744,0.24178599470894332,0.23438913957702937,0.2251713774055054,0.21396357134947852,0.2004727554578143,0.18415206209428875,0.16383324928176138,0.13622158099629955,0.07167681356933132,nan,nan,nan,nan,nan,nan,nan,0.06302654207568358
95940.0,0.25451514880199494,0.2537181814117163,0.25132123381826244,0.24730495911477504,0.24163273946009112,0.23424276308543315,0.2250333867089379,0.2138354838723482,0.20035613058194285,0.1840485620343237,0.1637447449328474,0.13615015701194255,0.07157197395100794,nan,nan,nan,nan,nan,nan,nan,0.0630047558583053
96000.0,0.2543498853005298,0.2535536878761153,0.2511590475140937,0.24714660984444026,0.24147974647683007,0.23409663525297425,0.22489562821256745,0.21370760934282243,0.2002396966197646,0.18394522797195245,0.16365637840048697,0.13607883831053713,0.07146681674471085,nan,nan,nan,nan,nan,nan,nan,0.0629830250534033
96060.0,0.2541849078971917,0.25338947889372454,0.2509971411405117,0.24698853283972239,0.24132701510721188,0.23395075546438907,0.22475810134520438,0.21357994724083937,0.20012345310914195,0.1838420595096855,0.1635681493600856,0.13600762468121447,0.07136134134201305,nan,nan,nan,nan,nan,nan,nan,0.06296134908645612
96120.0,0.2540202158762174,0.25322555375299416,0.2508355139985581,0.24683072742248757,0.2411745447019288,0.23380512310689638,0.22462080553795333,0.21345249704841582,0.20000739958977276,0.18373905625160764,0.16348005748902866,0.1359365159070709,0.07125554728960709,nan,nan,nan,nan,nan,nan,nan,0.06293972753178857
96180.0,0.25385580852457196,0.2530619117450853,0.25067416539193355,0.24667319291717635,0.24102233461413078,0.23365973757002587,0.2244837402240556,0.21332525824950554,0.19989153560306672,0.183636217803291,0.1633921024666826,0.1358655117643689,0.07114943419701526,nan,nan,nan,nan,nan,nan,nan,0.06291816002061043
96240.0,0.25369168513189483,0.2528985521638168,0.2505130946269467,0.2465159286507539,0.240870384199378,0.23351459824557402,0.22434690483884862,0.21319823032996207,0.19977586069211356,0.18353354377179715,0.16330428397418947,0.13579461202451265,0.07104300170996086,nan,nan,nan,nan,nan,nan,nan,0.06289664621465761
96300.0,0.2535278449883435,0.25273547430352317,0.25035230101041395,0.24635893395068106,0.2407186928137096,0.2333697045257943,0.22421029881810117,0.21307141277604125,0.1996603744003722,0.1834310337645254,0.16321660169312982,0.1357238164578086,0.07093624949549678,nan,nan,nan,nan,nan,nan,nan,0.0628751857921884
96360.0,0.2533642873855101,0.2525726774599644,0.2501917838505518,0.24620220814577617,0.24056725981446322,0.23322505580416597,0.22407392159872072,0.21294480507503696,0.19954507627222878,0.18332868738973057,0.16312905530586902,0.1356531248334287,0.07082917723025761,nan,nan,nan,nan,nan,nan,nan,0.06285377843646492
96420.0,0.2532010116213492,0.25241016093522234,0.2500315424617745,0.2460457505708516,0.24041608456469032,0.23308065147952894,0.22393777262255593,0.21281840671870325,0.19942996585599115,0.18322650425912557,0.16304164449869155,0.13558253690961652,0.07072178468432282,nan,nan,nan,nan,nan,nan,nan,0.06283242391781024
96480.0,0.2530380169885517,0.2522479240261504,0.24987157615337569,0.245889560555776,0.2402651664227423,0.23293649094632915,0.2238018513274253,0.21269221719518153,0.1993150426968237,0.1831244839817019,0.16295436895466234,0.13551205245457956,0.07061407155419942,nan,nan,nan,nan,nan,nan,nan,0.06281112193015714
96540.0,0.2528753027929426,0.2520859660426499,0.24971188424743834,0.24573363744278176,0.24011450475874796,0.232792573610054,0.22366615716131355,0.21256623600177404,0.199200306347937,0.18302262617362142,0.16286722836384043,0.13544167122001127,0.07050603767548563,nan,nan,nan,nan,nan,nan,nan,0.06278987229910707
96600.0,0.25271286832933065,0.2519242862836799,0.24955246605532522,0.24557798056374644,0.23996409893298445,0.2326488988669707,0.22353068956373623,0.21244046262817662,0.19908575635589104,0.1829209304451441,0.16278022241071188,0.1353713929707785,0.07039768278082434,nan,nan,nan,nan,nan,nan,nan,0.06276867474547476
96660.0,0.25255071290975734,0.25176288406531894,0.24939332090517863,0.24542258926676727,0.23981394832117808,0.23250546612782771,0.2233954479875384,0.2123148965760928,0.19897139227781097,0.18281939641604647,0.16269335078729885,0.13530121745878393,0.07028900672369533,nan,nan,nan,nan,nan,nan,nan,0.0627475291038808
96720.0,0.2523888358334652,0.25160175869093226,0.24923444811268486,0.24526746288790913,0.2396640522876057,0.23236227479265617,0.2232604318757195,0.21218953733838017,0.19885721366306464,0.1827180236991383,0.16260661318042066,0.1352311444443811,0.0701800092838607,nan,nan,nan,nan,nan,nan,nan,0.06272643513286016
96780.0,0.2522272364221741,0.25144090948621395,0.24907584701541546,0.24511260078439134,0.23951441021669284,0.23221932428037179,0.22312564068865856,0.21206438442355383,0.19874322007484985,0.18261681191966092,0.16252000928444718,0.13516117368267067,0.07007068775991153,nan,nan,nan,nan,nan,nan,nan,0.06270539267098123
96840.0,0.25206591397921424,0.2512803357585919,0.2489175169330434,0.2449580022961405,0.23936502147640606,0.23207661399447949,0.22299107387257122,0.21193943732739265,0.19862941106513748,0.18251576069280737,0.1624335387879981,0.13509130493175325,0.06996096872262655,nan,nan,nan,nan,nan,nan,nan,0.06268440149931022
96900.0,0.251904867809081,0.25112003681665196,0.2487594571863794,0.24480366676418747,0.2392158854357698,0.23193414333948373,0.22285673087460356,0.2118146955465266,0.19851578618666638,0.18241486963448006,0.1623472013801516,0.13502153794959482,0.06985083532581265,nan,nan,nan,nan,nan,nan,nan,0.06266346140255609
96960.0,0.25174409723087343,0.2509600119834878,0.24860166711045475,0.2446495935433104,0.23906700147690488,0.23179191173216665,0.2227226111532048,0.21169015858777768,0.1984023450012088,0.1823141383685969,0.1622609967543516,0.13495187249411342,0.06974028732344462,nan,nan,nan,nan,nan,nan,nan,0.06264257220202829
97020.0,0.25158360157536075,0.25080026059378624,0.24844414605166532,0.24449578199927485,0.23891836899240015,0.23164991859912554,0.2225887141758624,0.21156582596612053,0.19828908707776866,0.1822135665254807,0.16217492460748745,0.1348823083235452,0.06962932450370068,nan,nan,nan,nan,nan,nan,nan,0.06262173374695876
97080.0,0.2514233801443235,0.2506407819534393,0.24828689332818965,0.2443422314705816,0.23876998734889024,0.23150816334265156,0.22245503938771882,0.2114416971764202,0.19817601196756934,0.1821131537197782,0.16208898462816682,0.13481284519558712,0.0695179465904839,nan,nan,nan,nan,nan,nan,nan,0.06260094581722007
97140.0,0.25126343225098896,0.25048157537971033,0.24812990826935358,0.2441889413065086,0.23862185592327828,0.231366645374664,0.2223215862427828,0.21131777172153982,0.1980631192289293,0.18201289957242084,0.1620031765083852,0.13474348286823515,0.06940615334133081,nan,nan,nan,nan,nan,nan,nan,0.06258020822007282
97200.0,0.2511037572283807,0.25032264020952844,0.24797319022375813,0.24403591087496598,0.23847397411021395,0.23122536412371586,0.22218835421037236,0.21119404911814563,0.19795040843241152,0.18191280371505963,0.16191749994575672,0.1346742211013831,0.06929394456274998,nan,nan,nan,nan,nan,nan,nan,0.0625595208059734
97260.0,0.2509443588214025,0.2501640234793521,0.24781691678991166,0.24388353787339465,0.23832705377840174,0.23108544796857794,0.2220570054660605,0.2110728705185023,0.19784110051281634,0.18181729221467294,0.16183825435887983,0.13461533107271756,0.0692718552574978,nan,nan,nan,nan,nan,nan,nan,0.06253869076323874
97320.0,0.250785240751805,0.25000568550115343,0.24766091736353557,0.2437314310095821,0.23818038864165852,0.23094577305600947,0.2219258810632566,0.21095189644733914,0.1977319743658694,0.18172193660069094,0.1617591350622156,0.1345565320945453,0.06924975058509648,nan,nan,nan,nan,nan,nan,nan,0.0625178421361173
97380.0,0.2506264022974851,0.24984762555729323,0.247505191240334,0.24357958960130682,0.23803397804833518,0.2308063387731339,0.22179498043573023,0.21083112639266918,0.1976230295414089,0.18162673649285865,0.16168014175311504,0.13449782394371895,0.06922766889815907,nan,nan,nan,nan,nan,nan,nan,0.06249702281673833
97440.0,0.25046784274466705,0.24968984293841553,0.24734973772415922,0.2434280129742722,0.23788782135439668,0.23066714451429227,0.22166430302398868,0.21071055984868445,0.1975142655948145,0.181531691515681,0.16160127413260159,0.13443920639798995,0.06920561995448374,nan,nan,nan,nan,nan,nan,nan,0.06247624293295667
97500.0,0.2503095613824433,0.24953233693801424,0.2471945561216597,0.24327670045688826,0.23774191791839186,0.2305281896762541,0.22153384827078293,0.21059019631161122,0.19740568208326764,0.18143680129514816,0.16152253190268803,0.13438067922857444,0.06918360787755588,nan,nan,nan,nan,nan,nan,nan,0.06245550660664634
97560.0,0.25015155750176804,0.24937510685143197,0.2470396457412946,0.24312565137931388,0.2375962671005327,0.23038947365734475,0.2214036156202926,0.21047003527896302,0.19729727856507961,0.1813420654581563,0.1614439147659333,0.13432224219685318,0.06916163500728739,nan,nan,nan,nan,nan,nan,nan,0.062434816138145936
97620.0,0.24999383039604656,0.24921815197644676,0.24688500589391044,0.24297486507401578,0.23745086826322942,0.23025099585795034,0.22127360451859535,0.21035007624996793,0.1971890546000705,0.18124748363282245,0.16136542242565813,0.1342638950538525,0.06913970256589805,nan,nan,nan,nan,nan,nan,nan,0.06241417270259012
97680.0,0.24983637936142364,0.249061471613558,0.24673063589302144,0.2428243408760397,0.23730572077134976,0.23011275568076073,0.2211438144138908,0.2102303187257717,0.19708100974974513,0.18115305544862378,0.16128705458596154,0.13420563754518078,0.06911781125958365,nan,nan,nan,nan,nan,nan,nan,0.062393576962113735
97740.0,0.24967920369553712,0.24890506506474813,0.24657653505359553,0.24267407812183714,0.2371608239911,0.2299747525297208,0.22101424475553455,0.2101107622085641,0.19697314357652326,0.18105878053577315,0.1612088109512656,0.13414746941806363,0.0690959616771067,nan,nan,nan,nan,nan,nan,nan,0.06237302946418627
97800.0,0.249522302698339,0.24874893163429873,0.24642270269285424,0.24252407615003774,0.2370161772907618,0.22983698581072082,0.22088489499467395,0.20999140620215337,0.19686545564424324,0.18096465852562404,0.16113069122648377,0.13408939042149456,0.06907415417797332,nan,nan,nan,nan,nan,nan,nan,0.06235253053035379
97860.0,0.2493656756723509,0.2485930706290441,0.2462691381305214,0.24237433430169053,0.2368717800409213,0.22969945493181165,0.22075576458444662,0.20987225021214512,0.19675794551831688,0.18087068905079148,0.16105269511695985,0.1340314003095447,0.06905238895289607,nan,nan,nan,nan,nan,nan,nan,0.062332080316516936
97920.0,0.24920932192245948,0.24843748135816782,0.24611584068862374,0.24222485192007087,0.2367276316142857,0.22956215930303236,0.22062685297982165,0.2097532937457989,0.19665061276560117,0.180776871745043,0.16097482232830407,0.13397349884322374,0.06903066611590318,nan,nan,nan,nan,nan,nan,nan,0.062311678903877586
97980.0,0.24905324075812574,0.2482821631353979,0.24596280969364268,0.24207562835276072,0.23658373138766473,0.2294250983382689,0.22049815963931246,0.2096345363135733,0.19654345695574324,0.18068320624434786,0.16089707256662858,0.1339156857962221,0.06900898569482444,nan,nan,nan,nan,nan,nan,nan,0.06229132629034871
98040.0,0.24889743148422677,0.2481271152699085,0.24581004446759558,0.24192666294302634,0.23644007873375694,0.22928827144755237,0.22036968401788107,0.2095159774227211,0.19643647765559313,0.1805896921824639,0.16081944553753422,0.1338579609294912,0.06898734781825443,nan,nan,nan,nan,nan,nan,nan,0.06227102257148778
98100.0,0.24874189341690509,0.24797233708206523,0.24565754434347037,0.24177795504474026,0.2362966730353651,0.22915167805038786,0.22024142557921775,0.20939761658837214,0.19632967443886576,0.1804963291985318,0.16074194094813918,0.13380032403242087,0.06896575241209126,nan,nan,nan,nan,nan,nan,nan,0.06225076764631164
98160.0,0.24858662586413693,0.24781782788412102,0.24550530864630254,0.24162950400408648,0.2361535136679674,0.22901531755941262,0.22011338378068565,0.20927945331994643,0.19622304687430062,0.1804031169277956,0.16066455850443995,0.1337427748740208,0.06894419954298218,nan,nan,nan,nan,nan,nan,nan,0.06223056155028882
98220.0,0.2484316281471228,0.24766358700146618,0.24535333671400555,0.24148130917969957,0.23601060001890348,0.22887918939838608,0.21998555808989487,0.20916148713610777,0.19611659453867764,0.1803100550117238,0.1605872979148682,0.13368531325172245,0.0689226891042434,nan,nan,nan,nan,nan,nan,nan,0.06221040415130735
98280.0,0.2482768995787576,0.2475096137512401,0.24520162787640465,0.2413333699223943,0.23586793146806329,0.22874329298408222,0.21985794796801972,0.20904371754971454,0.1960103170037288,0.18021714308788553,0.1605101588862543,0.1336279389456388,0.06890122109171258,nan,nan,nan,nan,nan,nan,nan,0.0621902954163055
98340.0,0.2481224394840868,0.2473559074626526,0.24505018147515778,0.24118568559442552,0.23572550740623588,0.22860762774349533,0.21973055288565102,0.20892614408211468,0.1959042138485484,0.18012438079945897,0.16043314112866996,0.13357065175599986,0.06887979540250219,nan,nan,nan,nan,nan,nan,nan,0.062170235217183546
98400.0,0.24796824718129176,0.24720246745809493,0.24489899684523836,0.24103825555158534,0.23558332721805314,0.228472193097846,0.21960337230806,0.20880876624986067,0.19579828464807383,0.18003176778646343,0.16035624435026422,0.13351345147220237,0.06885841198427943,nan,nan,nan,nan,nan,nan,nan,0.06215022347445513
98460.0,0.24781432200623255,0.2470492930775207,0.24474807333883636,0.24089107916631175,0.23544139030400726,0.22833698848322903,0.21947640571422175,0.20869158358184633,0.19569252898788952,0.17993930369694885,0.1602794682660262,0.13345633790236724,0.06883707071904213,nan,nan,nan,nan,nan,nan,nan,0.0621302600459396
98520.0,0.24766066327791234,0.2468963836441374,0.24459741029172546,0.2407441557951706,0.23529969604946724,0.22820201332155612,0.2193496525700443,0.20857459559519836,0.19558694644343158,0.1798469881713146,0.16020281258430236,0.13339931083735135,0.06881577154720926,nan,nan,nan,nan,nan,nan,nan,0.06211034484517152
98580.0,0.24750727031796746,0.24674373848376835,0.24444700704224376,0.2405974847972071,0.23515824384216444,0.22806726703695457,0.21922311234347672,0.20845780180888168,0.19548153659172163,0.17975482085115566,0.1601262770144689,0.13334237007074584,0.06879451439980595,nan,nan,nan,nan,nan,nan,nan,0.062090477776722684
98640.0,0.24735414246707527,0.24659135694115294,0.24429686294727265,0.24045106554939535,0.23501703308691346,0.22793274906957323,0.21909678451722772,0.20834120175514165,0.19537629902120018,0.17966280138674534,0.1600498612742191,0.13328551541180456,0.06877329915865821,nan,nan,nan,nan,nan,nan,nan,0.06207065869844401
98700.0,0.2472012790608682,0.24643923835601883,0.2441469773587806,0.24030489742395933,0.2348760631840028,0.22779845885531608,0.21897066857009534,0.20822479496270518,0.1952712333172833,0.1795709294260569,0.15997356507902522,0.13322874666571416,0.06875212571825105,nan,nan,nan,nan,nan,nan,nan,0.06205088748020156
98760.0,0.24704867942168324,0.24628738205488532,0.24399734961578784,0.24015897978060385,0.23473533352179243,0.22766439581889977,0.218844763970572,0.2081085809510267,0.19516633905741607,0.1794792046110022,0.159897388138506,0.13317206362694256,0.06873099400643082,nan,nan,nan,nan,nan,nan,nan,0.062031164023526215
98820.0,0.24689634288932588,0.2461357873816258,0.2438479790743271,0.24001331199548262,0.2345948435043155,0.2275305593997407,0.21871907020068967,0.20799255925173385,0.19506161582948578,0.17938762659153287,0.1598213301703652,0.13311546610190017,0.06870990391545333,nan,nan,nan,nan,nan,nan,nan,0.06201148819631351
98880.0,0.24674426881964878,0.24598445369605554,0.24369886510605876,0.23986789345985987,0.2344545925500038,0.22739694905075933,0.21859358675491816,0.20787672940763152,0.19495706323095463,0.17929619502502955,0.15974539089995965,0.1330589539067406,0.06868885530960671,nan,nan,nan,nan,nan,nan,nan,0.06199185984013033
98940.0,0.246592456537105,0.24583338032679608,0.2435500070520641,0.23972272353543278,0.23431458004911546,0.22726356419845234,0.21846831310339038,0.20776109093965395,0.19485268084054957,0.1792049095543365,0.15966957003767115,0.13300252683855285,0.06866784810790375,nan,nan,nan,nan,nan,nan,nan,0.061972278848061106
99000.0,0.24644090538044303,0.24568256661667076,0.24340140426734624,0.23957780159736,0.23417480540473565,0.22713040428134706,0.21834324872731878,0.20764564337868946,0.19474846824552006,0.17911376982894783,0.15959386730076322,0.13294618470263636,0.0686468822063792,nan,nan,nan,nan,nan,nan,nan,0.06195274509160714
99060.0,0.2462896147215644,0.2455320119414387,0.2432530561391964,0.23943312705202002,0.2340352680497001,0.22699746876587387,0.21821839313360733,0.20753038627867604,0.19464442505280583,0.17902277551411733,0.15951828242313268,0.132889927318379,0.0686259574682195,nan,nan,nan,nan,nan,nan,nan,0.06193325841196802
99120.0,0.2461385838894956,0.24538171563426486,0.24310496201314954,0.2392886992654162,0.23389596737836965,0.22686475708237744,0.21809374579593452,0.20741531916374265,0.1945405508438824,0.17893192625471777,0.1594428151171653,0.13283375448694887,0.06860507379909211,nan,nan,nan,nan,nan,nan,nan,0.06191381868953095
99180.0,0.2459878122275521,0.24523167704250953,0.24295712124865654,0.23914451761700772,0.23375690279792777,0.22673226867322863,0.217969306199052,0.20730044156795263,0.1944368452087116,0.17884122170241432,0.1593674651024159,0.13277766601558602,0.06858423109050688,nan,nan,nan,nan,nan,nan,nan,0.06189442579162311
99240.0,0.24583729912750074,0.24508189556166768,0.24280953325235796,0.23900058153188555,0.23361807375904542,0.2266000030215854,0.21784507386524346,0.2071857530589724,0.19433330776597693,0.1787506615328172,0.15929223212282165,0.13272166172574057,0.06856342921506499,nan,nan,nan,nan,nan,nan,nan,0.061875079568997245
99300.0,0.24568704392457352,0.24493237053106906,0.24266219737583192,0.23885689038189584,0.23347947966165072,0.22646795956301397,0.21772104827299882,0.20707125316525915,0.1942299381008485,0.17866024539359665,0.15921711589386955,0.13266574142228188,0.06854266806743092,nan,nan,nan,nan,nan,nan,nan,0.06185577989174573
99360.0,0.24553704596056933,0.24478310129656733,0.24251511297705228,0.2387134435450695,0.2333411199115658,0.2263361377386085,0.21759722890589484,0.20695694141982446,0.19412673580238926,0.17856997293566834,0.15914211613435114,0.13260990491200542,0.06852194753970635,nan,nan,nan,nan,nan,nan,nan,0.06183652662771455
99420.0,0.24538730458460037,0.2446340872112816,0.24236827942111588,0.23857024040632502,0.2332029939211771,0.22620453699561982,0.21747361525317344,0.20684281736075205,0.19402370046399733,0.17847984381356224,0.1590672325667383,0.1325541520038513,0.06850126752113891,nan,nan,nan,nan,nan,nan,nan,0.06181731964224789
99480.0,0.24523781914577883,0.24448532762833108,0.24222169607311944,0.23842728035058103,0.23306510110287068,0.22607315678129852,0.21735020680407663,0.20672888052612548,0.19392083167907087,0.17838985768180823,0.15899246491350297,0.13249848250675977,0.06848062790097617,nan,nan,nan,nan,nan,nan,nan,0.06179815880068998
99540.0,0.24508858908152678,0.24433682198856782,0.24207536238417124,0.23828456284593041,0.2329274409483,0.2259419966172321,0.21722700311621462,0.20661513051517616,0.19381812909344778,0.17830001423949007,0.15891781294040133,0.13244289625298325,0.06846002855124433,nan,nan,nan,nan,nan,nan,nan,0.061779043955439344
99600.0,0.24493961370680783,0.24418856961118546,0.24192927768610806,0.23814208724512897,0.23279001283919948,0.22581105592192585,0.21710400365239202,0.20650156684234247,0.1937155922802482,0.17821031312390911,0.15884327635316758,0.13238739304244734,0.06843946936785034,nan,nan,nan,nan,nan,nan,nan,0.06175997497684617
99660.0,0.2447908923769006,0.24404056985542932,0.2417834413500328,0.23799985293890316,0.23265281619349035,0.22568033414782124,0.21698120790662478,0.2063881890499779,0.1936132208365321,0.17812075399270644,0.15876885487729625,0.13233197268572003,0.06841895023883929,nan,nan,nan,nan,nan,nan,nan,0.0617409517293507
99720.0,0.24464242444974765,0.2438928220831913,0.2416378527496427,0.23785785932048847,0.2325158504314851,0.22554983074960216,0.2168586153749911,0.2062749966822805,0.1935110143609412,0.17803133650486702,0.15869454823958717,0.1322766349940727,0.06839847105173673,nan,nan,nan,nan,nan,nan,nan,0.06172197407700266
99780.0,0.24449420929074045,0.24374532566376342,0.24149251126589025,0.23771610579013633,0.23237911498018265,0.22541954518822205,0.2167362255593321,0.20616198928859936,0.19340897245655855,0.1779420603231992,0.15862035617036369,0.13222137978064583,0.06837803169347158,nan,nan,nan,nan,nan,nan,nan,0.06170304188355993
99840.0,0.244346246353761,0.24359808005435077,0.24134741636591775,0.2375745918314476,0.23224260934601623,0.22528947699911583,0.21661403802994877,0.20604916647947882,0.1933070947792285,0.17785292515593185,0.15854627844180366,0.13216620688078667,0.06835763204388443,nan,nan,nan,nan,nan,nan,nan,0.06168415500931315
99900.0,0.24419853495342295,0.24345108457379905,0.2412025673812202,0.2374333167968462,0.23210633291040372,0.22515962560049796,0.21649205224939838,0.20593652776915305,0.1932053809017586,0.17776393063981005,0.15847231476021323,0.13211111609489312,0.06833727199397158,nan,nan,nan,nan,nan,nan,nan,0.061665313320009775
99960.0,0.24405107445774354,0.24330433859400907,0.24105796369530758,0.23729228008905684,0.23197028510270112,0.225029990455532,0.21637026772155343,0.2058240727087872,0.19310383042879742,0.17767507643898997,0.15839846485715758,0.13205610723676464,0.06831695143045162,nan,nan,nan,nan,nan,nan,nan,0.06164651667930478
100020.0,0.2439038642347401,0.24315784148688163,0.24091360469169004,0.23715148111080447,0.23183446535226465,0.22490057102738156,0.2162486839502864,0.2057118008495463,0.19300244296499364,0.17758636221762772,0.15832472846420195,0.13200118012020085,0.06829667024004313,nan,nan,nan,nan,nan,nan,nan,0.06162776495085315
100080.0,0.2437569036666101,0.24301159263840533,0.24076948976768972,0.23701091927817125,0.2316988731011801,0.22477136679114373,0.21612730045043133,0.20559971175239466,0.1929012181235023,0.1774977876472625,0.1582511053193511,0.13194633456244242,0.0682764283098703,nan,nan,nan,nan,nan,nan,nan,0.06160905799922343
100140.0,0.24361019218913257,0.24286559148780112,0.24062561837281932,0.23687059405771174,0.23156350783963464,0.2246423772670071,0.21600611677824155,0.20548780501532413,0.19280015554961985,0.17740935242733089,0.1581775951849424,0.13189157039373323,0.06825622552859031,nan,nan,nan,nan,nan,nan,nan,0.0615903956924362
100200.0,0.24346372915299874,0.24271983738975658,0.24048198987371255,0.23673050483583002,0.23142836898143035,0.2245136019035544,0.2158851324241962,0.20537608017752648,0.1926992548376017,0.17732105621296806,0.15810419778467283,0.1318368874236681,0.06823606178242606,nan,nan,nan,nan,nan,nan,nan,0.061571777893030186
100260.0,0.24331751394474757,0.24257432973457352,0.2403386036719204,0.236590651032698,0.23129345597255063,0.22438504017953634,0.2157643469064854,0.20526453680296636,0.19259851560320707,0.1772328986779736,0.15803091285851878,0.13178228547054138,0.06821593695862598,nan,nan,nan,nan,nan,nan,nan,0.061553204465853655
100320.0,0.2431715459529701,0.2424290679145924,0.24019545917099255,0.23645103207042031,0.23115876826082102,0.22425669157543032,0.21564375974488542,0.2051531744570262,0.19249793746342608,0.1771448794972155,0.15795774014738842,0.13172776435314537,0.06819585094449716,nan,nan,nan,nan,nan,nan,nan,0.06153467527588705
100380.0,0.24302582456630206,0.24228405132219832,0.24005255577452306,0.23631164737114513,0.23102430529410745,0.22412855557174677,0.21552337045919456,0.20504199270512224,0.19239752003536015,0.177056998345671,0.15788467939185225,0.13167332389025496,0.06817580362927295,nan,nan,nan,nan,nan,nan,nan,0.06151619019002254
100440.0,0.2428803491727275,0.2421392793491292,0.2399098928854723,0.2361724963564086,0.2308900665196914,0.22400063164844114,0.21540317856869057,0.20493099111222393,0.19229726293583377,0.17696925489809417,0.15781173033170265,0.13161896390044867,0.06815579490476037,nan,nan,nan,nan,nan,nan,nan,0.061497749077681275
100500.0,0.24273511916820065,0.24199475139504067,0.2397674699145616,0.2360335784552507,0.23075605139200833,0.2238729192921904,0.21528318359884913,0.20482016924880056,0.19219716578620305,0.1768816488331349,0.15773889271140698,0.13156468420432277,0.0681358246573196,nan,nan,nan,nan,nan,nan,nan,0.06147935180317007
100560.0,0.2425901339480067,0.2418504668589238,0.23962528627186153,0.2358948930960828,0.2306222593648935,0.2237454179891018,0.2151633850746118,0.20470952668486272,0.19209722820753755,0.1767941798292113,0.15766616627464328,0.13151048462227274,0.06811589277590101,nan,nan,nan,nan,nan,nan,nan,0.06146099823334026
100620.0,0.2424453929093208,0.24170642514164747,0.23948334136928384,0.23575643970909682,0.2304886898938788,0.22361812722687296,0.21504378252238004,0.20459906299172728,0.19199744982204728,0.17670684756573266,0.15759355076591924,0.13145636497515045,0.06809599914966422,nan,nan,nan,nan,nan,nan,nan,0.06144268823531894
100680.0,0.24230089545238886,0.2415626256471315,0.23934163462173208,0.23561821772737845,0.23035534243725225,0.22349104649577867,0.21492437547091808,0.20448877774285132,0.19189783025388094,0.1766196517237424,0.1575210459307779,0.1314023250846555,0.06807614366927983,nan,nan,nan,nan,nan,nan,nan,0.06142442167774614
100740.0,0.24215664098093684,0.24141906778275343,0.2392001654475009,0.23548022658729312,0.23022221645642504,0.22336417528901353,0.21480516345166567,0.20437867051412137,0.19179836912940276,0.1765325919861411,0.1574486515158693,0.13134836477347078,0.0680563262273809,nan,nan,nan,nan,nan,nan,nan,0.061406198431204026
100800.0,0.24201262889710023,0.24127575095431003,0.23905893326333308,0.2353424657237049,0.2300893114113826,0.22323751309845208,0.2146861459948617,0.20426874088027197,0.19169906607376475,0.1764456680349243,0.15737636726806548,0.1312944838635821,0.06803654671297223,nan,nan,nan,nan,nan,nan,nan,0.06138801836290281
100860.0,0.24186885860650492,0.24113267457106613,0.23891793748937257,0.23520493457476732,0.22995662676524292,0.2231110594188972,0.21456732263342865,0.20415898841847427,0.19159992071434118,0.17635887955395047,0.15730419293534717,0.131240682177962,0.06801680501703244,nan,nan,nan,nan,nan,nan,nan,0.06136988134200561
100920.0,0.2417253295167622,0.24098983804425883,0.23877717754769734,0.2350676325805043,0.22982416198290623,0.22298481374682166,0.2144486929018218,0.20404941270727314,0.19150093267971152,0.17627222622812078,0.15723212826654134,0.1311869595400711,0.06799710103085459,nan,nan,nan,nan,nan,nan,nan,0.06135178723805111
100980.0,0.2415820410367484,0.24084724078638253,0.23863665286161803,0.2349305591821319,0.22969191653040655,0.2228587755797566,0.2143302563354717,0.2039400133261176,0.19140210159928195,0.17618570774296677,0.15716017301082827,0.13113331577386084,0.06797743464634287,nan,nan,nan,nan,nan,nan,nan,0.06133373592122405
101040.0,0.24143899257635534,0.24070488221094058,0.23849636285543532,0.23479371382182312,0.2295598898746869,0.22273294441607963,0.21421201247059063,0.203830789855198,0.19130342710315454,0.1760993237845069,0.15708832691757094,0.13107975070377487,0.06795780575611607,nan,nan,nan,nan,nan,nan,nan,0.061315727262449084
101100.0,0.24129618354958324,0.24056276173551752,0.2383563069574503,0.23465709594562068,0.2294280814863841,0.2226073197576407,0.21409396084656773,0.2037217418774624,0.19120490882375096,0.17601307404101943,0.1570165897384307,0.13102626415473573,0.06793821425223145,nan,nan,nan,nan,nan,nan,nan,0.061297761132228776
101160.0,0.2411536133714415,0.24042087877870083,0.23821648459694783,0.2345207050005182,0.22929649083703835,0.2224819011071308,0.21397610100356934,0.20361286897659597,0.19110654639418545,0.17592695820126603,0.15694496122524715,0.13097285595215816,0.06791866002746326,nan,nan,nan,nan,nan,nan,nan,0.06127983740180797
101220.0,0.24101128145886672,0.2402792327609926,0.23807689520509012,0.23438454043532506,0.22916511739991963,0.2223566879688615,0.21385843248324926,0.20350417073761984,0.1910083394487466,0.17584097595501788,0.1568734411306663,0.130919525921945,0.06789914297492407,nan,nan,nan,nan,nan,nan,nan,0.06126195594282888
101280.0,0.24086918722942785,0.24013782310352336,0.2379375382136556,0.23424860169944584,0.22903396064886314,0.22223167984767211,0.21374095482775446,0.20339564674602223,0.19091028762214124,0.17575512699233103,0.1568020292074932,0.13086627389030972,0.06787966298811303,nan,nan,nan,nan,nan,nan,nan,0.0612441166273777
101340.0,0.24072733010087727,0.23999664922760583,0.23779841305460153,0.2341128882424573,0.22890302005786506,0.2221068762485507,0.21362366757937917,0.2032872965874575,0.190812390549232,0.1756694110032948,0.15673072520846748,0.13081309968371463,0.06786021996093257,nan,nan,nan,nan,nan,nan,nan,0.06122631932800085
101400.0,0.2405857094967119,0.23985571056026003,0.23765951916548067,0.23397739951934937,0.22877229510608582,0.22198227668132753,0.21350657028483955,0.20317911985147624,0.1907146478682858,0.17558382768114528,0.15665952888904341,0.13076000312963404,0.06784081378748107,nan,nan,nan,nan,nan,nan,nan,0.06120856391750454
101460.0,0.24044432484060071,0.23971500652867672,0.23752085598401354,0.23384213498527362,0.2286417852728366,0.2218578806559722,0.21338966249099062,0.2030711161277875,0.19061705921771888,0.17549837671914542,0.15658844000460412,0.13070698405578973,0.06782144436226059,nan,nan,nan,nan,nan,nan,nan,0.06119085026915558
101520.0,0.2403031755580355,0.2395745365618578,0.2373824229496964,0.23370709409709856,0.22851149003906474,0.22173368768398655,0.21327294374609496,0.20296328500736593,0.19051962423706087,0.17541305781150945,0.156517458311287,0.13065404229037728,0.06780211158011545,nan,nan,nan,nan,nan,nan,nan,0.061173178256621906
101580.0,0.24016226107572639,0.2394343000900156,0.2372442195032121,0.23357227631283967,0.22838140888680852,0.2216096972778953,0.21315641359936338,0.20285562608205288,0.19042234256659873,0.17532787065305525,0.15644658356567245,0.13060117766199147,0.06778281533638483,nan,nan,nan,nan,nan,nan,nan,0.06115554775411731
101640.0,0.24002158082139236,0.23929429654436485,0.2371062450862261,0.23343768109146135,0.2282515412990085,0.2214859089510692,0.21304007160079558,0.20274813894441754,0.1903252138472531,0.1752428149390839,0.15637581552467625,0.13054838999960044,0.06776355552695582,nan,nan,nan,nan,nan,nan,nan,0.061137958636451634
101700.0,0.239881134226357,0.2391545253597014,0.23696849914391566,0.23330330789532672,0.22812188676184744,0.22136232221991384,0.2129239173031533,0.20264082318947188,0.19022823772210823,0.17515789036687193,0.15630515394688504,0.13049567913286636,0.06774433204760738,nan,nan,nan,nan,nan,nan,nan,0.06112041077840913
101760.0,0.23974092072294742,0.23901498597181803,0.23683098112243545,0.233169156187743,0.22799244476240554,0.22123893660167632,0.21280795025998311,0.20253367841295233,0.1901314138348792,0.1750730966341761,0.15623459859121822,0.13044304489182398,0.06772514479466768,nan,nan,nan,nan,nan,nan,nan,0.06110290405537137
101820.0,0.2396009397452647,0.2388756778182702,0.2366936904696682,0.23303522543368854,0.22786321478935512,0.221115751615095,0.21269217002620205,0.20242670421182885,0.19003474183036553,0.17498843343967627,0.15616414921732402,0.13039048710697596,0.0677059936648194,nan,nan,nan,nan,nan,nan,nan,0.06108543834313271
101880.0,0.23946119072907748,0.23873660033826993,0.23655662663512073,0.23290151509971144,0.22773419633286313,0.22099276678031063,0.2125765761580229,0.20231990018424406,0.18993822135439287,0.17490390048290044,0.15609380558549193,0.13033800560931758,0.06768687855524426,nan,nan,nan,nan,nan,nan,nan,0.06106801351802568
101940.0,0.23932167311178487,0.23859775297264907,0.23641978906988748,0.2327680246538941,0.2276053888845576,0.22086998161883542,0.21246116821292796,0.202213265929492,0.1898418520537922,0.17481949746419873,0.15602356745662185,0.1302856002303453,0.06766779936367308,nan,nan,nan,nan,nan,nan,nan,0.06105062945696447
102000.0,0.2391823863328742,0.23845913516431433,0.23628317722709832,0.23263475356628943,0.22747679193794534,0.22074739565393509,0.21234594574999108,0.2021068010482796,0.18974563357665272,0.1747352240850655,0.15595343459260214,0.1302332708019504,0.0676487559877651,nan,nan,nan,nan,nan,nan,nan,0.0610332860369064
102060.0,0.23904332983346238,0.23832074635779132,0.23614679056147014,0.23250170130848402,0.2273484049879934,0.22062500841024613,0.21223090832955505,0.2020005051424651,0.18964956557206883,0.17465108004781646,0.15588340675593101,0.13018101715652572,0.06762974832573004,nan,nan,nan,nan,nan,nan,nan,0.06101598313539159
102120.0,0.23890450305643177,0.23818258599935968,0.23601062852943927,0.23236886735372725,0.22722022753125287,0.22050281941388905,0.21211605551332716,0.20189437781513503,0.18955364769021477,0.1745670650556845,0.1558134837098285,0.13012883912693377,0.06761077627614366,nan,nan,nan,nan,nan,nan,nan,0.06099872063038303
102180.0,0.2387659054462536,0.2380446535368776,0.2358746905889897,0.2322362511767645,0.22709225906569996,0.2203808281923219,0.21200138686424985,0.2017884186704935,0.18945787958224358,0.17448317881270903,0.15574366521812752,0.13007673654652155,0.06759183973798334,nan,nan,nan,nan,nan,nan,nan,0.06098149840029288
102240.0,0.23862753644892679,0.23790694841972082,0.2357389761995929,0.23210385225377886,0.2269644990906808,0.2202590342742894,0.21188690194645596,0.20168262731382358,0.18936226090025216,0.17439942102369715,0.1556739510452357,0.13002470924912546,0.0675729386106401,nan,nan,nan,nan,nan,nan,nan,0.06096431632399158
102300.0,0.23848939551273624,0.23776947009953647,0.23560348482294816,0.23197167006310937,0.22683694710759478,0.22013743719045248,0.21177260032582407,0.20157700335196452,0.18926679129771556,0.17431579139469966,0.1556043409566047,0.12997275706900893,0.067554072793767,nan,nan,nan,nan,nan,nan,nan,0.06094717428069508
102360.0,0.23835148208749288,0.23763221802948786,0.23546821592224107,0.23183970408453136,0.22670960261920975,0.2200160364727576,0.2116584815694219,0.2014715463928335,0.18917147042905175,0.17423228963253423,0.15553483471826002,0.1299208798409249,0.06753524218743112,nan,nan,nan,nan,nan,nan,nan,0.060930072150077785
102420.0,0.23821379562475892,0.23749519166447797,0.23533316896236284,0.23170795379946976,0.2265824651298649,0.21989483165462348,0.21154454524567134,0.20136625604556727,0.1890762979497505,0.17414891544492672,0.15546543209694033,0.12986907740009737,0.06751644669206858,nan,nan,nan,nan,nan,nan,nan,0.06091300981223916
102480.0,0.23807633557744695,0.23735839046075152,0.23519834340951998,0.2315764186906208,0.22645553414511121,0.2197738222706066,0.21143079092404599,0.2012611319202554,0.18898127351613409,0.17406566854028224,0.1553961328599081,0.12981734958217991,0.06749768620844385,nan,nan,nan,nan,nan,nan,nan,0.06089598714765775
102540.0,0.237939101399681,0.23722181387575667,0.23506373873109848,0.2314450982418211,0.2263288091715866,0.21965300785628533,0.21131721817496602,0.2011561736278477,0.18888639678527425,0.17398254862760573,0.15532693677488402,0.12976569622324147,0.06747896063763567,nan,nan,nan,nan,nan,nan,nan,0.06087900403717522
102600.0,0.23780209254851783,0.2370854613698554,0.23492935439734214,0.23131399193967148,0.22620228971856052,0.21953238794969632,0.21120382657109743,0.20105138078130042,0.1887916674160202,0.1738995554174852,0.15525784361085998,0.12971411715994385,0.06746026988121163,nan,nan,nan,nan,nan,nan,nan,0.060862060362193736
102660.0,0.23766530848222223,0.23694933240460986,0.23479518987967096,0.2311830992719096,0.22607597529638646,0.21941196208989514,0.2110906156860503,0.2009467529944275,0.18869708506796856,0.17381668862110644,0.15518885313728448,0.1296626122293641,0.0674416138410532,nan,nan,nan,nan,nan,nan,nan,0.0608451560044782
102720.0,0.2375287486607778,0.2368134264432898,0.23466124465117918,0.23105241972789234,0.22594986541696,0.2192917298173827,0.21097758509476439,0.2008422898822411,0.18860264940176846,0.173733947950545,0.15511996512430376,0.1296111812690466,0.06742299241940759,nan,nan,nan,nan,nan,nan,nan,0.060828290846214834
102780.0,0.23739241254541732,0.23667774295040603,0.23452751818617773,0.23092195279815275,0.22582395959329837,0.21917169067371334,0.21086473437315362,0.20073799106063503,0.1885083600788364,0.17365133311850459,0.15505117934255824,0.12955982411692923,0.06740440551883146,nan,nan,nan,nan,nan,nan,nan,0.06081146476994939
102840.0,0.23725629959846,0.23654228139154854,0.23439400996003534,0.2307916979742468,0.22569825733939414,0.21905184420135912,0.21075206309798278,0.20063385614627494,0.18841421676125714,0.1735688438382263,0.15498249556311164,0.1295085406113171,0.06738585304217147,nan,nan,nan,nan,nan,nan,nan,0.0607946776585657
102900.0,0.23712040928532852,0.2364070412353909,0.23426071945114452,0.23066165475065448,0.22557275817202316,0.21893218994539243,0.21063957084839444,0.2005298847579577,0.18832021911300892,0.17348647982461196,0.15491391355832648,0.12945733059120268,0.06736733489280583,nan,nan,nan,nan,nan,nan,nan,0.060777929395551114
102960.0,0.23698474107252773,0.23627202195168176,0.23412764613895165,0.23053182262287475,0.2254474616089331,0.21881272745179997,0.21052725720437893,0.20042607651524902,0.1882263667987359,0.17340424079309869,0.1548454331009868,0.12940619389594502,0.06734885097440227,nan,nan,nan,nan,nan,nan,nan,0.060761219864730515
103020.0,0.23684929442824357,0.23613722301183987,0.23399478950454056,0.2304022010879899,0.22532236716937984,0.21869345626798195,0.2104151217472276,0.2003224310388875,0.18813265948411176,0.17332212645999207,0.15477705396455813,0.12935513036536492,0.06733040119098961,nan,nan,nan,nan,nan,nan,nan,0.06074454895034514
103080.0,0.23671406882200816,0.23600264388862136,0.23386214903030608,0.23027278964435022,0.22519747437382837,0.21857437594247398,0.21030316405927993,0.20021894795055717,0.1880390968356342,0.17324013654228315,0.15470877592304802,0.12930413983968253,0.06731198544691401,nan,nan,nan,nan,nan,nan,nan,0.06072791653700424
103140.0,0.23657906372449589,0.2358682840559172,0.2337297241997557,0.2301435877913819,0.22507278274376985,0.21845548602477688,0.210191383723769,0.20011562687274947,0.1879456785204998,0.17315827075753676,0.15464059875092107,0.12925322215947904,0.06729360364681208,nan,nan,nan,nan,nan,nan,nan,0.060711322509655635
103200.0,0.23644427860899153,0.23573414299021184,0.2335975144989399,0.23001459503096966,0.22494829180303544,0.21833678606657872,0.21007978032593147,0.20001246742975842,0.1878524042075051,0.17307652882469482,0.15457252222371037,0.12920237716597077,0.06727525569580359,nan,nan,nan,nan,nan,nan,nan,0.060694766753797647
103260.0,0.23630971294997985,0.23560022016918186,0.23346551941507765,0.2298858108661287,0.22482400107653439,0.21821827562058083,0.2099683534519414,0.19990946924672465,0.18775927356618088,0.17299491046330476,0.15450454611743014,0.129151604700746,0.06725694149930639,nan,nan,nan,nan,nan,nan,nan,0.06067824915527547
103320.0,0.23617536622354457,0.23546651507209249,0.23333373843694574,0.2297572348013801,0.2246999100906108,0.21809995424083017,0.20985710268921187,0.1998066319499056,0.1876662862670372,0.17291341539373767,0.15443667020874188,0.1291009046058393,0.06723866096308873,nan,nan,nan,nan,nan,nan,nan,0.060661769600338825
103380.0,0.23604123790742218,0.23533302717985094,0.23320217105493063,0.22962886634280205,0.22457601837309255,0.2179818214827645,0.20974602762643585,0.19970395516671136,0.1875734419815958,0.17283204333722033,0.15436889427497874,0.12905027672373853,0.06722041399326381,nan,nan,nan,nan,nan,nan,nan,0.060645327975636376
103440.0,0.23590732748103196,0.2351997559750362,0.2330708167610582,0.22950070499805797,0.22445232545331803,0.21786387690323755,0.2096351278536086,0.19960143852572396,0.18748074038240847,0.17275079401585297,0.15430121809415925,0.12899972089738793,0.06720220049628607,nan,nan,nan,nan,nan,nan,nan,0.060628924168211945
103500.0,0.23577363442520496,0.23506670094162996,0.23293967504872914,0.22937275027614046,0.2243288308618921,0.21774612006029143,0.2095244029618229,0.19949908165651845,0.1873881811428923,0.17266966715245033,0.15423364144486584,0.1289492369701527,0.06718402037897066,nan,nan,nan,nan,nan,nan,nan,0.06061255806552381
103560.0,0.23564015822243142,0.23493386156526225,0.23280874541296043,0.22924500168760514,0.22420553413090893,0.21762855051336433,0.2094138525434559,0.1993968841898261,0.18729576393748007,0.1725886624706874,0.15416616410635597,0.12889882478585077,0.06716587354847292,nan,nan,nan,nan,nan,nan,nan,0.060596229555424305
103620.0,0.2355068983567822,0.23480123733313335,0.23267802735030865,0.2291174587444965,0.22408243479388157,0.21751116782322505,0.20930347619211026,0.19929484575748257,0.18720348844157228,0.1725077796950533,0.15409878585852738,0.12884848418874217,0.0671477599122933,nan,nan,nan,nan,nan,nan,nan,0.06057993852616434
103680.0,0.23537385431387015,0.2346688277339757,0.23254752035883244,0.22899012096031182,0.22395953238570743,0.21739397155194057,0.2091932735025838,0.1991929659924007,0.1871113543315141,0.17242701855083253,0.15403150648190303,0.12879821502352,0.06712967937826347,nan,nan,nan,nan,nan,nan,nan,0.06056368486637931
103740.0,0.23524102558082435,0.234536632258028,0.23241722393806752,0.2288629878499768,0.22383682644264574,0.21727696126285517,0.20908324407085,0.1990912445285523,0.18701936128457974,0.17234637876409212,0.1539643257576212,0.12874801713530418,0.06711163185453782,nan,nan,nan,nan,nan,nan,nan,0.060547468465080065
103800.0,0.23510841164643057,0.23440465039717479,0.23228713758916297,0.22873605892997698,0.22371431650244145,0.21716013652070612,0.2089733874941666,0.19898968100106768,0.1869275089790565,0.17226586006174927,0.1538972434674887,0.1286978903696761,0.06709361724964791,nan,nan,nan,nan,nan,nan,nan,0.060531289211709194
103860.0,0.23497601200098558,0.23427288164480192,0.23215726081473992,0.22860933371822162,0.22359200210419639,0.21704349689150348,0.20886370337096316,0.19888827504613277,0.18683579709415746,0.17218546217150066,0.1538302593939255,0.12864783457264337,0.06707563547244826,nan,nan,nan,nan,nan,nan,nan,0.06051514699608491
103920.0,0.23484382613633153,0.23414132549583055,0.2320275931189248,0.22848281173407572,0.22346988278839983,0.21692704194255852,0.20875419130086753,0.19878702630101355,0.18674422531004206,0.1721051848218387,0.15376337331997736,0.1285978495906483,0.06705768643213035,nan,nan,nan,nan,nan,nan,nan,0.06049904170841556
103980.0,0.234711853545867,0.2340099814467281,0.23189813400736015,0.22835649249837048,0.22334795809693833,0.21681077124249243,0.20864485088471357,0.19868593440406299,0.18665279330782322,0.1720250277420591,0.15369658502932212,0.12854793527056724,0.06703977003821812,nan,nan,nan,nan,nan,nan,nan,0.06048297323929691
104040.0,0.2345800937245514,0.2338788489955128,0.23176888298720916,0.22823037553340786,0.22322622757309998,0.21669468436124023,0.208535681724544,0.19858499899472373,0.18656150076957057,0.1719449906622641,0.15362989430627236,0.12849809145970953,0.06702188620056454,nan,nan,nan,nan,nan,nan,nan,0.06046694147970999
104100.0,0.23444854616882338,0.23374792764167232,0.23163983956707543,0.22810446036288257,0.2231046907615004,0.2165787808699836,0.20842668342355203,0.1984842197134749,0.18647034737825782,0.1718650733133119,0.15356330093573525,0.12844831800581427,0.06700403482936557,nan,nan,nan,nan,nan,nan,nan,0.06045094632102599
104160.0,0.23431721037666714,0.23361721688623005,0.23151100325706847,0.22797874651194572,0.22298334720814317,0.21646306034120533,0.20831785558612836,0.19838359620187498,0.1863793328178061,0.1717852754268592,0.15349680470324642,0.12839861475705103,0.06698621583514439,nan,nan,nan,nan,nan,nan,nan,0.06043498765499897
104220.0,0.23418608584758605,0.23348671623171852,0.23138237356877733,0.2278532335071794,0.22286219646039573,0.2163475223486675,0.20820919781784186,0.1982831281025444,0.1862884567730665,0.17170559673534458,0.15343040539495703,0.12834898156201804,0.06696842912875438,nan,nan,nan,nan,nan,nan,nan,0.06041906537376626
104280.0,0.2340551720826024,0.23335642518217933,0.23125395001527077,0.22772792087659668,0.22274123806698926,0.21623216646741117,0.2081007097254396,0.1981828150591653,0.18619771892982065,0.1716260369719893,0.1533641027976345,0.1282994182697409,0.06695067462137745,nan,nan,nan,nan,nan,nan,nan,0.060403179369846245
104340.0,0.2339244685842684,0.2332263432431742,0.23112573211110815,0.22760280814965222,0.22262047157802883,0.21611699227376557,0.20799239091685442,0.19808265671648848,0.18610711897478718,0.17154659587080429,0.1532978966986684,0.1282499247296708,0.06693295222452239,nan,nan,nan,nan,nan,nan,nan,0.06038732953613441
104400.0,0.233793974856634,0.2330964699217527,0.2309977193723075,0.2274778948572115,0.2224998965449641,0.21600199934532133,0.20788424100118125,0.19798265272031215,0.1860166565956019,0.1714672731665711,0.153231786886055,0.12820050079168416,0.06691526185002437,nan,nan,nan,nan,nan,nan,nan,0.06037151576590617
104460.0,0.23366368679588084,0.2329667624528639,0.2308697523483298,0.2273528245427187,0.2223788746484254,0.21588617449752506,0.20777476440394277,0.1978806907986438,0.1859234155637915,0.17138404351129424,0.15316000995707044,0.1281416647977905,0.06681038091687613,nan,nan,nan,nan,nan,nan,nan,0.06035590322551344
104520.0,0.23353360031985188,0.2328372555210958,0.23074198272546792,0.2272279464246436,0.22225803770526592,0.21577052535843472,0.20766545230477346,0.19777888022025059,0.18583031076034706,0.17130093290498452,0.1530883325061442,0.12808290525153826,0.06670513169513927,nan,nan,nan,nan,nan,nan,nan,0.06034038198986333
104580.0,0.23340371497208084,0.23270794867258449,0.23061441005763783,0.22710326006978104,0.22213738530013252,0.21565505153536052,0.20755630433827812,0.19767722065149346,0.18573734188773233,0.1712179410905697,0.15301675432133746,0.1280242219919169,0.06659948243058002,nan,nan,nan,nan,nan,nan,nan,0.0603249123157112
104640.0,0.2332740302962516,0.23257884145361368,0.23048703389889577,0.22697876504505426,0.22201691701778453,0.21553975263570618,0.2074473201391343,0.19757571175878436,0.18564450864844032,0.17113506781098692,0.15294527519070533,0.12796561485858265,0.06649342515420893,nan,nan,nan,nan,nan,nan,nan,0.06030948608545318
104700.0,0.23314454583759525,0.23244993341200504,0.23035985380480856,0.22685446091885153,0.22189663244438362,0.21542462826819875,0.20733849934324783,0.1974743532096539,0.18555181074595833,0.17105231281002767,0.15287389490300043,0.12790708369487663,0.06638695645400369,nan,nan,nan,nan,nan,nan,nan,0.06029409978757492
104760.0,0.2330152611425931,0.2323212240968227,0.23023286933216267,0.22673034726074306,0.2217765311672216,0.21530967804262968,0.20722984158751093,0.1973731446725288,0.1854592478845681,0.1709696758321639,0.1528026132475319,0.12784862835025823,0.06628007458800267,nan,nan,nan,nan,nan,nan,nan,0.06027875154925463
104820.0,0.23288617575895104,0.2321927130583481,0.23010608003893968,0.22660642364145767,0.2216566127746981,0.21519490156983462,0.20712134650978384,0.19727208581671643,0.1853668197693329,0.17088715662253842,0.152731430014165,0.1277902486809675,0.06617276976500507,nan,nan,nan,nan,nan,nan,nan,0.06026344012490418
104880.0,0.23275728923574138,0.23206439984822075,0.22997948548445413,0.22648268963301582,0.22153687685644785,0.2150802984618127,0.20701301374900527,0.19717117631250386,0.18527452610618422,0.17080475492703762,0.15266034499339784,0.12773194454944156,0.06606495865419627,nan,nan,nan,nan,nan,nan,nan,0.060248164736838056
104940.0,0.23262860112377376,0.23193628401980662,0.2298530852297151,0.2263591448090797,0.2214173230036738,0.2149658683320392,0.20690484294547948,0.19707041583141655,0.1851823666021483,0.17072247049248182,0.15258935797659107,0.12767371582164502,0.06595662898143871,nan,nan,nan,nan,nan,nan,nan,0.06023292486872995
105000.0,0.23250011097426454,0.23180836512687636,0.22972687883613002,0.22623578874369932,0.2212979508079529,0.2148516107943454,0.20679683373984548,0.19696980404529008,0.1850903409645335,0.17064030306594294,0.15251846875538047,0.12761556236319288,0.06584778045950682,nan,nan,nan,nan,nan,nan,nan,0.060217720016084574
105060.0,0.2323718183406317,0.23168064272538852,0.22960086586725303,0.22611262101300345,0.22117875986284685,0.21473752546442887,0.20668898577446732,0.1968693406275222,0.18499844890202596,0.1705582523956657,0.15244767712263077,0.1275574840388565,0.065738412991908,nan,nan,nan,nan,nan,nan,nan,0.06020254984729095
105120.0,0.23224372277658217,0.23155311637158912,0.22947504588692183,0.22598964119339807,0.22105974976218562,0.21462361195824436,0.2065812986919527,0.1967690252517383,0.18490669012352184,0.17047631823008783,0.15237698287149884,0.1274994807118253,0.0656285264751293,nan,nan,nan,nan,nan,nan,nan,0.06018741401807661
105180.0,0.23211582383760856,0.2314257856234989,0.22934941846071574,0.22586684886297592,0.2209409201014106,0.21450986989326287,0.20647377213631202,0.1966688575928357,0.18481506433904094,0.17039450031860817,0.1523063857962191,0.1274415522433508,0.06551812092684763,nan,nan,nan,nan,nan,nan,nan,0.06017231229211145
105240.0,0.23198812108121902,0.23129865004114153,0.22922398315617937,0.22574424360173317,0.22082227047778097,0.2143962988886654,0.20636640575313667,0.19656883732714367,0.1847235712598667,0.17031279841171368,0.15223588569240867,0.12738369848988151,0.06540719641360773,nan,nan,nan,nan,nan,nan,nan,0.060157244473190874
105300.0,0.23186061406607406,0.23117170918568603,0.22909873954198198,0.22562182499075642,0.2207038004895991,0.21428289856461655,0.20625919918893054,0.19646896413182163,0.18463221059802018,0.17023121226054858,0.15216548235646804,0.12732591930591283,0.06529575300523804,nan,nan,nan,nan,nan,nan,nan,0.06014221036265796
105360.0,0.23173330235184186,0.23104496261930318,0.22897368718777672,0.2254995926120863,0.22058550973608065,0.21416966854214256,0.20615215209099735,0.1963692376847579,0.18454098206617092,0.17014974161682433,0.1520951755854911,0.12726821454400866,0.06518379080360226,nan,nan,nan,nan,nan,nan,nan,0.06012720978657569
105420.0,0.23160618549600137,0.23091840990198934,0.22884882566108644,0.22537754604570653,0.2204673978144852,0.21405660844044083,0.20604526410496415,0.1962696576623393,0.1844498853756853,0.17006838623115042,0.1520249651752219,0.1272105840612887,0.06507130987477393,nan,nan,nan,nan,nan,nan,nan,0.060112242532228605
105480.0,0.23147926306560432,0.23079205060325167,0.22872415453876027,0.22525568488062223,0.2203494643306731,0.21394371788677907,0.20593853488389424,0.19617022374765675,0.18435892024380995,0.1699871458592507,0.15195485092720418,0.12715302769906828,0.0649583068895901,nan,nan,nan,nan,nan,nan,nan,0.06009730850665603
105540.0,0.23135253461867852,0.230665884283633,0.2285996733888603,0.225134008697344,0.22023170888241397,0.21383099650084358,0.20583196407387816,0.19607093561753153,0.1842680863823126,0.16990602025210355,0.15188483263766586,0.1270955453132867,0.06484469841960326,nan,nan,nan,nan,nan,nan,nan,0.060082407508530604
105600.0,0.23122599972147084,0.2305399105118421,0.22847538178745613,0.22501251708412887,0.22011413107486338,0.21371844390925188,0.20572555132739412,0.1959717929545446,0.18417738350801804,0.1698250091651331,0.151814910107422,0.12703813674914255,0.0647304617407303,nan,nan,nan,nan,nan,nan,nan,0.060067539416721535
105660.0,0.2310996579410231,0.23041412885737794,0.22835127931139398,0.22489120962998746,0.21999673051389912,0.21360605973930397,0.2056192962975552,0.19587279544185698,0.18408681133826982,0.1697441123542333,0.15174508313776572,0.12698080185093494,0.06461559703832032,nan,nan,nan,nan,nan,nan,nan,0.060052704117004925
105720.0,0.23097350883996567,0.2302885388853576,0.2282273655332254,0.22477008591978043,0.21987950680144808,0.21349384361460022,0.2055131986340754,0.1957739427595777,0.1839963695877483,0.169663329572972,0.15167535152764236,0.12692354046853738,0.06450010446144452,nan,nan,nan,nan,nan,nan,nan,0.06003790145424224
105780.0,0.23084755199291382,0.23016314017280531,0.22810364003717773,0.22464914554966187,0.21976245955020354,0.21338179516884243,0.2054072579959747,0.1956752345962034,0.18390605797850723,0.16958266058148924,0.15160571508154538,0.12686635244278152,0.06438398424194013,nan,nan,nan,nan,nan,nan,nan,0.060023131344835313
105840.0,0.23072178696382578,0.23003793228615838,0.2279801023971004,0.22452838810575287,0.2196455883633015,0.2132699140267751,0.20530147403403376,0.19557667063282014,0.18381587622610351,0.16950210513414596,0.15153617359929566,0.12680923762171134,0.06426723655758768,nan,nan,nan,nan,nan,nan,nan,0.060008393647491644
105900.0,0.23059621333019667,0.22991291480530324,0.22785675220003043,0.22440781318693054,0.21952889285603855,0.21315819982455214,0.20519584640954364,0.19547825055998874,0.1837258240544493,0.16942166299277212,0.15146672688578447,0.1267521958494446,0.06414986164097142,nan,nan,nan,nan,nan,nan,nan,0.059993688266354456
105960.0,0.23047083066498433,0.2297880873056194,0.22773358902858748,0.22428742038780286,0.2194123726396465,0.21304665219452062,0.20509037478029724,0.19537997406512736,0.18363590118469664,0.16934133391674663,0.15139737474437331,0.12669522697094887,0.06403185971844799,nan,nan,nan,nan,nan,nan,nan,0.05997901509315565
106020.0,0.23034563853342724,0.2296634493548175,0.2276106124578744,0.22416720929571132,0.21929602731843612,0.2129352707625423,0.20498505879812323,0.19528184083028996,0.18354610733327936,0.1692611176612492,0.15132811697579007,0.12663833083259846,0.06391322507144953,nan,nan,nan,nan,nan,nan,nan,0.059964373998510956
106080.0,0.23022063650520289,0.22953900052501913,0.22748782206732002,0.22404717950218372,0.21917985650071167,0.21282405515822908,0.20487989811830976,0.19518385054065507,0.18345644221939583,0.1691810139839405,0.15125895338236386,0.12658150728001522,0.06379387140614944,nan,nan,nan,nan,nan,nan,nan,0.05994976486517888
106140.0,0.2300958241574771,0.22941474039578574,0.2273652174436494,0.22392733060580636,0.21906385980150808,0.21271300501750995,0.20477489240196683,0.195086002886654,0.18336690556689147,0.16910102264662394,0.15118988376891998,0.12652475615837092,0.06367377825467856,nan,nan,nan,nan,nan,nan,nan,0.059935187594022464
106200.0,0.22997120107140046,0.22929066855063834,0.2272427981774709,0.22380766220892365,0.21894803683944558,0.21260211997968104,0.20467004131331082,0.1949882975615243,0.1832774971020987,0.16902114341332639,0.15112090794163224,0.12646807731262463,0.06355294588216616,nan,nan,nan,nan,nan,nan,nan,0.05992064209553844
106260.0,0.229846770276766,0.22916682577877606,0.22712071904249442,0.2236885216027754,0.2188330105053185,0.2124923897646574,0.20456680712315023,0.1948928017910061,0.18319107412162372,0.16894532618877248,0.15105769412389106,0.126420837902173,0.06353723093162131,nan,nan,nan,nan,nan,nan,nan,0.059905968736810006
106320.0,0.22972253477807333,0.22904317723557419,0.22699883094058887,0.22356956672371867,0.21871816250876883,0.21238282844469517,0.20446373035743481,0.1947974499487054,0.18310477949517928,0.1688696194896363,0.15099457026801186,0.12637366362987223,0.06352149364777193,nan,nan,nan,nan,nan,nan,nan,0.059891274484820366
106380.0,0.229598494127426,0.2289197224758281,0.2268771334345993,0.22345079714792881,0.21860349244446248,0.21227343563795914,0.20436081066267503,0.19470224171419492,0.18301861294014599,0.1687940230763493,0.15093153618320465,0.126326554355363,0.06350576920360095,nan,nan,nan,nan,nan,nan,nan,0.059876596325809855
106440.0,0.22947464788055702,0.22879646105794282,0.22675562609091984,0.22333221245503043,0.21848899991037574,0.21216421096574775,0.2042580476883006,0.19460717676971756,0.18293257417629458,0.1687185367114004,0.15086859168021935,0.1262795099388257,0.0634900658333187,nan,nan,nan,nan,nan,nan,nan,0.0598619422260046
106500.0,0.22935099558384847,0.22867339253102742,0.22663430846681498,0.22321381221579342,0.2183746844960121,0.21205515404137237,0.2041554410763412,0.19451225479080353,0.182846662917477,0.1686431601522484,0.15080573656567012,0.12623253023513129,0.0634743869124331,nan,nan,nan,nan,nan,nan,nan,0.05984731539566826
106560.0,0.22922753678899152,0.22855051644946794,0.22651318012472854,0.2230955960060059,0.2182605457956701,0.21194626448265586,0.20405299047299716,0.19441747545675991,0.182760878880879,0.16856789315916154,0.1507429706482661,0.12618561509528775,0.06345873390146799,nan,nan,nan,nan,nan,nan,nan,0.05983271720848771
106620.0,0.22910427104983389,0.22842783236979333,0.22639224062920715,0.22297756340349234,0.21814658340559256,0.21183754190924925,0.20395069552615747,0.1943228384484218,0.18267522178503623,0.16849273549353722,0.15068029373751085,0.12613876436562096,0.06344310787963389,nan,nan,nan,nan,nan,nan,nan,0.05981814867590877
106680.0,0.22898119792176966,0.2283053398500691,0.22627148954630436,0.2228597139875354,0.21803279692341299,0.21172898594210895,0.2038485558849148,0.19422834344771275,0.18258969134944583,0.16841768691756817,0.15061770564340526,0.12609197788763754,0.06342750947237154,nan,nan,nan,nan,nan,nan,nan,0.05980361037563686
106740.0,0.22885831696152512,0.22818303844968413,0.22615092644337131,0.2227420473386727,0.2179191859479611,0.21162059620331336,0.20374657119939532,0.19413399013749028,0.18250428729442988,0.16834274719412104,0.15055520617630386,0.12604525550034357,0.06341193903755836,nan,nan,nan,nan,nan,nan,nan,0.059789102630433424
106800.0,0.22873562772719963,0.2280609277293917,0.22603055088909718,0.22262456303873598,0.2178057500793003,0.21151237231609815,0.20364474112079173,0.19403977820157609,0.1824190093411605,0.16826791608675645,0.15049279514688482,0.12599859704333932,0.06339639680973101,nan,nan,nan,nan,nan,nan,nan,0.05977462564641402
106860.0,0.2286131297774998,0.2279390072505483,0.22591036245276258,0.2225072606701293,0.21769248891803994,0.21140431390421155,0.20354306530076943,0.19394570732421912,0.18233385721118603,0.1681931933593412,0.1504304723659314,0.1259520023579779,0.06338088301423131,nan,nan,nan,nan,nan,nan,nan,0.0597601796210268
106920.0,0.22849082267246482,0.22781727657583442,0.22579036070494654,0.2223901398165129,0.2175794020659868,0.2112964205925254,0.20344154339202963,0.19385177719060492,0.18224883062688002,0.16811857877641484,0.15036823764451737,0.12590547128698834,0.063365397778149,nan,nan,nan,nan,nan,nan,nan,0.05974576465871917
106980.0,0.2283687059747975,0.2276957352705772,0.2256705452188235,0.2222732000640578,0.2174664891273419,0.21118869200815849,0.2033401750493452,0.19375798748779208,0.18216392931226377,0.16804407210385247,0.15030609079414833,0.12585900367920935,0.06334994113070853,nan,nan,nan,nan,nan,nan,nan,0.05973138077151537
107040.0,0.22824677924622389,0.2275743828991332,0.22555091556661605,0.22215644099801427,0.21735374970542837,0.2110811277774058,0.20323895992672952,0.19366433790215243,0.1820791529907535,0.16796967310703442,0.15024403162613695,0.12581259938176415,0.06333451315891282,nan,nan,nan,nan,nan,nan,nan,0.05971702802606951
107100.0,0.22812504205194264,0.22745321902930915,0.22543147132393052,0.22203986220690608,0.21724118340669057,0.21097372752949145,0.20313789768089685,0.19357082812249995,0.1819945013879116,0.16789538155307296,0.1501820599523299,0.12576625824978316,0.06331911384295724,nan,nan,nan,nan,nan,nan,nan,0.059702706388171246
107160.0,0.22800349395931074,0.2273322432310564,0.22531221206847618,0.22192346328129156,0.2171287898395132,0.210866490895461,0.20303698797024156,0.19347745783916687,0.181909974230628,0.16782119721011415,0.1501201755849573,0.12571998014299215,0.06330374317239809,nan,nan,nan,nan,nan,nan,nan,0.05968841583263612
107220.0,0.2278821345340063,0.22721145507265808,0.22519313737632635,0.2218072438101465,0.21701656861077173,0.2107594175049433,0.20293623045185144,0.1933842267413046,0.18182557124475812,0.16774711984548854,0.150058378335968,0.125673764917398,0.06328840114878366,nan,nan,nan,nan,nan,nan,nan,0.05967415634550644
107280.0,0.2277609633409984,0.22709085412169303,0.22507424682286378,0.22169120338177836,0.21690451932670438,0.21065250698696925,0.2028356247822628,0.19329113451756574,0.1817412921557196,0.16767314922617532,0.14999666801722622,0.12562761242718085,0.0632730877851246,nan,nan,nan,nan,nan,nan,nan,0.05965992792361139
107340.0,0.22763997995614035,0.2269704399565541,0.22495553999407641,0.22157534159475487,0.2167926416033333,0.21054575897975297,0.20273517062648158,0.19319818086425783,0.181657136695628,0.16759928512440975,0.14993504444281341,0.12558152254779592,0.06325780299337068,nan,nan,nan,nan,nan,nan,nan,0.05964573046874835
107400.0,0.2275191839440935,0.22685021214451437,0.2248370164650469,0.22145965803709328,0.21668093504662006,0.21043917311206567,0.2026348676408044,0.1931053654698171,0.18157310458971251,0.16752552730702838,0.14987350742449132,0.12553549513311582,0.06324254678613593,nan,nan,nan,nan,nan,nan,nan,0.05963156397736802
107460.0,0.22739857487735732,0.22673017026063455,0.2247186758184954,0.2213441523041999,0.21656939926957222,0.21033274901929194,0.20253471548762797,0.19301268802819174,0.18148919556801743,0.16745187554461624,0.14981205677594753,0.12548953005033717,0.06322731911706596,nan,nan,nan,nan,nan,nan,nan,0.0596174283905672
107520.0,0.22727815233337742,0.2266103138848897,0.22460051764196143,0.22122882399614374,0.21645803388964374,0.21022648634099045,0.20243471383319867,0.19292014823680798,0.1814054093636215,0.16737832961010807,0.1497506923122303,0.1254436271742023,0.06321211990814668,nan,nan,nan,nan,nan,nan,nan,0.05960332361977733
107580.0,0.2271579158804259,0.22649064258814036,0.2244825415140459,0.2211136727043459,0.21634683851604192,0.21012038470897879,0.20233486233662284,0.1928277457866414,0.1813217457039753,0.16730488927208065,0.14968941384586446,0.12539778636545879,0.06319694914008232,nan,nan,nan,nan,nan,nan,nan,0.059589249631449376
107640.0,0.22703786509935964,0.22637115595375112,0.22436474702561265,0.2209986980320917,0.2162358127692882,0.2100144437656953,0.20223516066680375,0.1927354803775148,0.18123820432422683,0.167231554305028,0.14962822119362015,0.12535200750001482,0.06318180673738641,nan,nan,nan,nan,nan,nan,nan,0.05957520633954915
107700.0,0.22691799956576553,0.22625185355985022,0.22424713376239008,0.22088389957769794,0.21612495626516573,0.20990866314913062,0.20213560848854173,0.19264335170554645,0.18115478495630402,0.16715832448097503,0.14956711417037719,0.12530629044800978,0.06316669264460484,nan,nan,nan,nan,nan,nan,nan,0.05956119367671969
107760.0,0.22679831885509832,0.2261327349844347,0.22412970130997795,0.22076927693935725,0.21601426861933948,0.2098030424971643,0.2020362054665349,0.1925513594667604,0.18107148733204584,0.1670851995718845,0.14950609259115338,0.12526063507855625,0.06315160681127052,nan,nan,nan,nan,nan,nan,nan,0.059547211580287564
107820.0,0.2266788225633805,0.2260137998259375,0.22401244927401814,0.2206548297346537,0.21590374946596824,0.20969758146503936,0.20193695128149813,0.19245950337162862,0.18098831119578318,0.16701217935935317,0.14944515628001215,0.12521504127535035,0.06313654914906398,nan,nan,nan,nan,nan,nan,nan,0.05953325995259344
107880.0,0.2265595102573589,0.2258950476537036,0.223895377231625,0.22054055755356972,0.2157933984128867,0.2095922796832836,0.2018378455913478,0.19236778311005967,0.1809052562740752,0.16693926361126527,0.1493843050479419,0.12516950890228065,0.06312151961871268,nan,nan,nan,nan,nan,nan,nan,0.05951933874123509
107940.0,0.22644038151471818,0.22577647804794557,0.2237784847705712,0.22042645999640012,0.2156832150777644,0.20948713679165862,0.20173888806251808,0.19227619837964482,0.18082232230012066,0.16686645210062817,0.1493235387108161,0.12512403783063605,0.06310651816261945,nan,nan,nan,nan,nan,nan,nan,0.059505447876901624
108000.0,0.2263214359131429,0.22565809058887604,0.22366177147862937,0.2203125366634397,0.2155731990782712,0.20938215242992633,0.20164007836144326,0.19218474887797554,0.1807395090071186,0.1667937446004493,0.14926285708450818,0.12507862793170552,0.0630915447231871,nan,nan,nan,nan,nan,nan,nan,0.05949158729028213
108060.0,0.2262026730586158,0.22553988488482432,0.2235452369711473,0.22019878718166386,0.2154633500575233,0.20927732626174045,0.2015414161765944,0.19209343432249973,0.18065681614537893,0.166721140897156,0.1492022599982619,0.12503327909192907,0.06307659921098722,nan,nan,nan,nan,nan,nan,nan,0.0594777568831624
108120.0,0.22608409253006975,0.22542186051724328,0.22342888083711382,0.22008521115254434,0.21535366763431285,0.20917265792791662,0.20144290117537783,0.19200225441168456,0.18057424344885528,0.16664864076434774,0.14914174726854043,0.12498799118326391,0.06306168156701855,nan,nan,nan,nan,nan,nan,nan,0.05946395658495659
108180.0,0.22596569390358287,0.22530401706474942,0.22331270266273628,0.2199718081748613,0.21524415142486503,0.20906814706686017,0.20134453302297667,0.19191120884199409,0.18049179064977516,0.16657624397427004,0.14908131871045818,0.12494276407613891,0.06304679173549098,nan,nan,nan,nan,nan,nan,nan,0.05945018632799463
108240.0,0.22584747676140723,0.22518635411209345,0.223196702040238,0.21985857785321586,0.21513480105095667,0.20896379332218923,0.20124631138938207,0.19182029731422467,0.1804094574840993,0.16650395030209636,0.14902097414204657,0.12489759764428846,0.0630319296536696,nan,nan,nan,nan,nan,nan,nan,0.05943644603830048
108300.0,0.22572944070205983,0.22506887126018688,0.223080878577692,0.21974551980754514,0.21502561614899207,0.20885959635125595,0.20114823595725034,0.19172951954056994,0.1803272436975894,0.16643175953087685,0.14896071338923783,0.12485249176833063,0.0630170952467281,nan,nan,nan,nan,nan,nan,nan,0.05942273563111013
108360.0,0.22561158533312967,0.22495156811895517,0.22296523189201167,0.21963263366634034,0.21491659636353405,0.2087555558190734,0.20105030641630228,0.1916388752395808,0.1802451490414737,0.16635967144805527,0.14890053628237102,0.12480744633272328,0.06300228843309581,nan,nan,nan,nan,nan,nan,nan,0.05940905501564229
108420.0,0.22549391022628165,0.22483444426262975,0.2228497615651035,0.21951991902422002,0.21480774130683833,0.2086516713603196,0.20095252242828487,0.19154836410463472,0.18016317324533337,0.16628768582367784,0.14884044263433477,0.12476246120671992,0.06298750915790846,nan,nan,nan,nan,nan,nan,nan,0.05939540412494309
108480.0,0.22537641496914546,0.22471749928130458,0.2227344671944313,0.21940737549085587,0.21469905060551797,0.2085479426231534,0.20085488366737664,0.19145798584029622,0.18008131604836944,0.16621580243552234,0.14878043226577273,0.12471753626633092,0.0629727573544334,nan,nan,nan,nan,nan,nan,nan,0.05938178288146969
108540.0,0.2252590991517039,0.22460073276741166,0.22261934837975172,0.2192950026781384,0.21459052388830258,0.20844436925772125,0.2007573898095882,0.19136774015277594,0.17999957719119797,0.16614402106253787,0.1487205049984799,0.1246726713883289,0.06295803295507227,nan,nan,nan,nan,nan,nan,nan,0.059368191206948924
108600.0,0.22514196240524015,0.22448414435441919,0.22250440476106878,0.21918280023690276,0.2144821608210693,0.20834095094905025,0.20066004056308517,0.19127762677717364,0.1799179564392669,0.16607234150423267,0.14866066067445788,0.1246278664628647,0.06294333587703171,nan,nan,nan,nan,nan,nan,nan,0.059354629010289595
108660.0,0.2250250043005549,0.2243677336156997,0.22238963591944627,0.2190707677609514,0.21437396101529435,0.20823768733108627,0.2005628355889437,0.19118764540628216,0.17983645352165895,0.16600076353000703,0.1486008991061165,0.12458312136049732,0.06292866605977071,nan,nan,nan,nan,nan,nan,nan,0.05934109621917195
108720.0,0.22490822443066355,0.22425150014669853,0.2222750414575963,0.21895890486503472,0.2142659241024351,0.2081345780565367,0.20046577456553547,0.1910977957484334,0.17975506818081333,0.1659292869203198,0.1485412201167346,0.1245384359589817,0.0629140234345751,nan,nan,nan,nan,nan,nan,nan,0.05932759275438158
108780.0,0.22479162238858166,0.22413544354286097,0.22216062097823108,0.21884721116390282,0.21415804971394892,0.20803162277810935,0.2003688571712323,0.19100807751195933,0.17967380015916964,0.1658579114556297,0.14848162352959082,0.12449381013607284,0.06289940793273073,nan,nan,nan,nan,nan,nan,nan,0.059314118536704125
108840.0,0.22467519780266115,0.22401956343474305,0.22204637411849934,0.21873568630563012,0.214050337513082,0.20792882117836076,0.20027208311190778,0.1909184904298627,0.1795926492204334,0.16578663693449078,0.1484221091849168,0.12444924377879196,0.06288481948246111,nan,nan,nan,nan,nan,nan,nan,0.059300673485257034
108900.0,0.22455895026852835,0.22390385942038415,0.22193230048365759,0.21862432990742903,0.21394278713364054,0.2078261729122039,0.20017545206796566,0.1908290342122983,0.1795116151086153,0.16571546313869878,0.14836267690724386,0.12440473676557857,0.06287025801482585,nan,nan,nan,nan,nan,nan,nan,0.05928725752070268
108960.0,0.22444287937362775,0.22378833108969423,0.22181839967098888,0.21851314157879603,0.21383539820207006,0.20772367762764057,0.20007896371344192,0.19073970856370848,0.17943069756280194,0.16564438984585966,0.14830332651717798,0.12436028897272688,0.06285572346159354,nan,nan,nan,nan,nan,nan,nan,0.05927387056408967
109020.0,0.22432698471579426,0.22367297804290723,0.22170467128790194,0.21840212093902628,0.21372817035416358,0.2076213349814494,0.19998261773045917,0.19065051319578993,0.1793498963283332,0.16557341683890014,0.1482440578403101,0.12431590027925554,0.06284121575363244,nan,nan,nan,nan,nan,nan,nan,0.05926051253597611
109080.0,0.2242112658928628,0.22355779988025706,0.22159111494180578,0.21829126760741507,0.21362110322571404,0.20751914463040905,0.19988641380114006,0.19056144782023943,0.17926921115054895,0.16550254390074692,0.14818487070223105,0.12427157056418339,0.06282673482181067,nan,nan,nan,nan,nan,nan,nan,0.05924718335692009
109140.0,0.2240957225433748,0.22344279624242439,0.2214777302797803,0.21818058124164857,0.213514196489138,0.2074171062656836,0.19979035163927256,0.19047251217714134,0.1791886417993716,0.16543177083550634,0.14812576494747648,0.12422729971664599,0.0628122805983367,nan,nan,nan,nan,nan,nan,nan,0.05923388295034368
109200.0,0.22398035426817264,0.22332796673263144,0.22136451691216547,0.21807006146385863,0.2134074497829344,0.20731521954659238,0.19969443092931888,0.19038370598028986,0.1791081880219574,0.1653610974276698,0.14806674040303702,0.1241830876164096,0.06279785301417778,nan,nan,nan,nan,nan,nan,nan,0.059220611237016586
109260.0,0.22386516065867373,0.2232133109447357,0.22125147444011575,0.21795970788728775,0.21330086273712232,0.20721348412449286,0.19959865134840948,0.1902950289369062,0.17902784955977052,0.16529052345682504,0.14800779689151683,0.12413893414089801,0.06278345199999077,nan,nan,nan,nan,nan,nan,nan,0.05920736813704539
109320.0,0.22375014131826487,0.22309882848448737,0.2211386024764507,0.21784952013646733,0.21319443499248963,0.20711189966085342,0.19950301258298583,0.19020648076255875,0.1789476261615036,0.16522004870878745,0.1479489342410906,0.12409483917050974,0.06276907748682667,nan,nan,nan,nan,nan,nan,nan,0.059194153571378805
109380.0,0.22363529585033276,0.22298451895763693,0.22102590063398972,0.21773949783592858,0.21308816618982432,0.2070104658171425,0.19940751431948922,0.190118061172816,0.17886751757584918,0.16514967296937233,0.14789015227993296,0.12405080258564344,0.06275472940573643,nan,nan,nan,nan,nan,nan,nan,0.05918096746096553
109440.0,0.22352062390061167,0.22287038201201223,0.22091336856682414,0.2176296406501442,0.2129820560080175,0.2069091822905979,0.19931215627728538,0.19002976991276635,0.17878752357719496,0.16507939604662153,0.1478314508553376,0.1240068242772886,0.06274040769096872,nan,nan,nan,nan,nan,nan,nan,0.05916780973129185
109500.0,0.22340612507561727,0.22275641725647258,0.22080100589082283,0.2175199482065965,0.2128761040906724,0.20680804874533082,0.19921693814524827,0.18994160670015953,0.17870764391613192,0.1650092177279927,0.14777282979689174,0.12396290412662642,0.06272611227381085,nan,nan,nan,nan,nan,nan,nan,0.05915468030364173
109560.0,0.22329179897205995,0.2226426242901346,0.22068881221229858,0.21741042012351983,0.2127703100725698,0.20670706483717038,0.19912185960462864,0.18985357124590987,0.17862787833730176,0.16493913779579705,0.1477142889297559,0.12391904201238564,0.0627118430848096,nan,nan,nan,nan,nan,nan,nan,0.059141579098248506
109620.0,0.22317764519910216,0.22252900272448745,0.22057678714969978,0.2173010560308929,0.21266467359969443,0.20660623023246347,0.19902692034635833,0.18976566326961194,0.1785482265929015,0.16486915603888125,0.14765582808471236,0.12387523781640938,0.06269760005545208,nan,nan,nan,nan,nan,nan,nan,0.05912850603667976
109680.0,0.2230636633659063,0.22241555217102033,0.22046493032147485,0.2171918555586945,0.21255919431803105,0.20650554459755693,0.19893212006136912,0.18967788249086043,0.17846868843512828,0.16479927224609214,0.14759744709254335,0.12383149142054059,0.06268338311722545,nan,nan,nan,nan,nan,nan,nan,0.05911546104050306
109740.0,0.22294985311433813,0.22230227227371768,0.22035324137794604,0.21708281836775073,0.2124538719029918,0.20640500762641784,0.1988374584660072,0.1895902286520534,0.17838926363612229,0.16472948622352143,0.14753914579841182,0.12378780271490612,0.06266919220524055,nan,nan,nan,nan,nan,nan,nan,0.05910244403589513
109800.0,0.22283621406237203,0.22218916265282457,0.22024171994615016,0.2169739440963523,0.21234870600849073,0.20630461899283525,0.19874293525805214,0.18950270147893014,0.17830995195345428,0.16465979776466252,0.14748092403697477,0.123744171583581,0.06265502725196091,nan,nan,nan,nan,nan,nan,nan,0.05908945494566549
109860.0,0.22272274582006166,0.22207622292071574,0.22013036564540434,0.2168652323753186,0.21224369628131448,0.2062043783639088,0.1986485501291284,0.1894153006917066,0.17823075313986483,0.1645902066588322,0.1474227816394065,0.12370059790863407,0.0626408881889724,nan,nan,nan,nan,nan,nan,nan,0.05907649369150733
109920.0,0.22260944800760013,0.2219634526998409,0.22001917810490784,0.21675668284503305,0.21213884237737357,0.2061042854153015,0.19855430277874003,0.18932802601766885,0.17815166695427775,0.16452071270069385,0.14736471844133975,0.1236570815747024,0.06262677494898441,nan,nan,nan,nan,nan,nan,nan,0.05906356019654286
109980.0,0.2224963202463156,0.22185085161377766,0.21990815695496624,0.21664829514694983,0.21203414395359987,0.20600433982363509,0.19846019290727301,0.18924087718489468,0.17807269315630908,0.1644513156855094,0.1473067342789064,0.1236136224667106,0.0626126874648321,nan,nan,nan,nan,nan,nan,nan,0.05905065438405429
110040.0,0.22238336215632606,0.22173841928490115,0.21979730182470655,0.216540068921383,0.21192960066583677,0.20590454126450497,0.19836622021416572,0.18915385392063394,0.1779938315049116,0.16438201540792663,0.1472488289874537,0.12357022046935198,0.06259862567032554,nan,nan,nan,nan,nan,nan,nan,0.05903777617826955
110100.0,0.22227057336059786,0.2216261553384168,0.21968661234603126,0.21643200381133226,0.2118252121724903,0.20580488941591552,0.1982723844010753,0.189066955954111,0.17791508176072046,0.1643128116640778,0.14719100240376587,0.12352687546798635,0.06258458949878021,nan,nan,nan,nan,nan,nan,nan,0.05902492550300252
110160.0,0.2221579534838006,0.22151405940122237,0.21957608815250268,0.21632409946140355,0.2117209781334991,0.20570538395731025,0.19817868517098425,0.18898018301573383,0.17783644368539137,0.16424370425098747,0.14713325436543725,0.12348358734838683,0.06257057888343173,nan,nan,nan,nan,nan,nan,nan,0.059012102282036745
110220.0,0.22204550215101182,0.22140213110062087,0.2194657288780808,0.21621635551658808,0.2116168982091689,0.20560602456847604,0.19808512222718985,0.18889353483619986,0.17775791704085192,0.1641746929659028,0.14707558471016333,0.12344035599645296,0.06255659375790483,nan,nan,nan,nan,nan,nan,nan,0.058999306439559376
110280.0,0.22193321898836266,0.22129037006496238,0.21935553415775286,0.21610877162287087,0.21151297206075373,0.20550681093008955,0.19799169527380794,0.18880701114694184,0.17767950158967502,0.1641057776066273,0.14701799327609402,0.12339718129835406,0.06254263405597939,nan,nan,nan,nan,nan,nan,nan,0.058986537899944805
110340.0,0.22182110362512003,0.22117877592571303,0.21924550362956308,0.2160013474291963,0.21140919935232894,0.2054077427254713,0.19789840401738806,0.18872061168160642,0.17760119709641906,0.16403695797261808,0.14696047990252611,0.12335406314116283,0.06252869971250657,nan,nan,nan,nan,nan,nan,nan,0.058973796588600164
110400.0,0.2217091556900835,0.22106734831387442,0.21913563693109958,0.21589408258406687,0.21130557974754954,0.20530881963755016,0.1978052481641184,0.18863433617349534,0.17752300332530838,0.16396823386308723,0.14690304442870525,0.12331100141175835,0.06251479066182365,nan,nan,nan,nan,nan,nan,nan,0.05896108243050216
110460.0,0.22159737481260208,0.22095608686099397,0.21902593370048584,0.2157869767365031,0.21120211291056507,0.20521004134971987,0.19771222742061464,0.1885481843562875,0.17744492004088774,0.1638996050775375,0.146845686694164,0.1232679959971356,0.06250090683820124,nan,nan,nan,nan,nan,nan,nan,0.05894839535060999
110520.0,0.221485760623724,0.22084499120030757,0.21891639357750167,0.21568002953712864,0.21109879850705393,0.2051114075468079,0.1976193414948117,0.18846215596485544,0.1773669470087628,0.16383107141636846,0.1467884065391041,0.12322504678475568,0.06248704817634921,nan,nan,nan,nan,nan,nan,nan,0.05893573527433224
110580.0,0.22137431275562333,0.22073406096617,0.21880701620302442,0.21557324063762948,0.21099563620370776,0.20501291791459225,0.19752659009551923,0.18837625073485847,0.1772890839952307,0.16376263268057406,0.14673120380420596,0.12318215366237126,0.062473214611164486,nan,nan,nan,nan,nan,nan,nan,0.05892310212729407
110640.0,0.22126303084073468,0.22062329579319492,0.21869780121818588,0.2154666096899379,0.21089262566745168,0.20491457213906816,0.19743397293175313,0.1882904684021672,0.17721133076679413,0.16369428867126357,0.1466740783301257,0.12313931651792934,0.06245940607791794,nan,nan,nan,nan,nan,nan,nan,0.05891049583549129
110700.0,0.2211519145132509,0.220512695317743,0.2185887482658312,0.21536013634764423,0.2107897665667936,0.2048163699077174,0.19734148971389237,0.1882048087038591,0.17713368709100266,0.16362603919049112,0.14661702995836529,0.12309653523973949,0.06244562251193098,nan,nan,nan,nan,nan,nan,nan,0.05889791632502376
110760.0,0.22104096340870036,0.22040225917750203,0.21847985699010705,0.21525382026559864,0.2106870585714435,0.20471831090914996,0.19724914015335215,0.18811927137793757,0.17705615273621533,0.16355788404102117,0.14656005853102727,0.12305380971642621,0.06243186384866675,nan,nan,nan,nan,nan,nan,nan,0.05888536352217064
110820.0,0.22093017716346916,0.22029198701101188,0.21837112703599626,0.21514766109946049,0.2105845013518826,0.2046203948326992,0.1971569239622153,0.18803385616301427,0.1769787274713321,0.1634898230260642,0.14650316389053675,0.12301113983687548,0.062418130023833354,nan,nan,nan,nan,nan,nan,nan,0.05887283735347546
110880.0,0.22081955541503917,0.22018187845790146,0.2182625580495499,0.215041658505923,0.21048209457957856,0.20452262136862354,0.19706484085341613,0.18794856279846742,0.1769014110659277,0.16342185594940872,0.14644634587978003,0.12296852549026135,0.06240442097333249,nan,nan,nan,nan,nan,nan,nan,0.05886033774570367
110940.0,0.2207090978001619,0.22007193315707413,0.21815414967610744,0.2149358121409905,0.21037983792534037,0.2044249902065638,0.1969728905393291,0.187863391023192,0.1768242032891586,0.16335398261443057,0.14638960434123946,0.12292596656569485,0.06239073663327532,nan,nan,nan,nan,nan,nan,nan,0.05884786462585282
111000.0,0.22059880395801904,0.21996215074984765,0.2180459015633768,0.21483012166295956,0.21027773106216463,0.204327501038213,0.19688107273421107,0.18777834057776274,0.17674710391165466,0.16328620282580705,0.1463329391184905,0.12288346295283176,0.062377076939954895,nan,nan,nan,nan,nan,nan,nan,0.05883541792113499
111060.0,0.22048867352933044,0.21985253087906848,0.21793781336056509,0.21472458673157807,0.2101757736644324,0.20423015355656332,0.19678938715351219,0.18769341120382385,0.17667011270498517,0.16321851638903342,0.14627635005577933,0.12284101454170102,0.0623634418298539,nan,nan,nan,nan,nan,nan,nan,0.05882299755898173
111120.0,0.22037870615534563,0.21974307318810923,0.21782988471739587,0.21461920700709353,0.21007396540700096,0.20413294745505348,0.19669783351309655,0.18760860264339851,0.17659322944105543,0.16315092310987567,0.14621983699754504,0.12279862122251085,0.0623498312396535,nan,nan,nan,nan,nan,nan,nan,0.05881060346704971
111180.0,0.22026890147834677,0.2196337773213686,0.21772211528459906,0.21451398215072737,0.20997230596565658,0.2040358824279941,0.19660641152963065,0.1875239146392333,0.1765164538924076,0.16308342279464325,0.14616339978865783,0.1227562828857455,0.062336245106229,nan,nan,nan,nan,nan,nan,nan,0.058798235573217866
111240.0,0.22015925914081794,0.21952464292344617,0.21761450471310176,0.21440891182389143,0.2098707950163663,0.20393895816986657,0.1965151209199466,0.1874393469342367,0.17643978583172681,0.16301601524972756,0.14610703827401006,0.12271399942203859,0.06232268336672118,nan,nan,nan,nan,nan,nan,nan,0.058785893805639006
111300.0,0.22004977878688248,0.2194156696405702,0.21750705265542863,0.2143039956895441,0.20976943223657285,0.20384217437653604,0.19642396140214413,0.18735489927245053,0.17636322503269594,0.16294870028240083,0.1460507522992241,0.12267177072239219,0.06230914595841275,nan,nan,nan,nan,nan,nan,nan,0.05877357809265054
111360.0,0.21994046006189738,0.21930685712019474,0.21739975876530687,0.21419923341180766,0.20966821730482932,0.20374553074490875,0.1963329326952798,0.1872705713987758,0.1762867712697542,0.16288147770059053,0.14599454171045234,0.1226295966781149,0.062295632818763165,nan,nan,nan,nan,nan,nan,nan,0.05876128836279972
111420.0,0.2198313026119947,0.2191982050105442,0.21729262269721916,0.21409462465553544,0.20956714990038566,0.20364902697254555,0.19624203451901528,0.18718636305866265,0.17621042431782458,0.16281434731262462,0.14593840635415153,0.12258747718075211,0.06228214388544815,nan,nan,nan,nan,nan,nan,nan,0.05874902454487206
111480.0,0.2197223060843102,0.21908971296084018,0.21718564410662655,0.21399016908652768,0.20946622970339507,0.2035526627578545,0.1961512665937924,0.18710227399826518,0.17613418395244987,0.1627473089273585,0.14588234607719539,0.12254541212212072,0.06226867909633998,nan,nan,nan,nan,nan,nan,nan,0.05873678656787716
111540.0,0.21961347012691743,0.21898138062123612,0.21707882264990397,0.21388586637146867,0.20936545639485388,0.2034564378000372,0.19606062864079032,0.18701830396441013,0.17605804994976254,0.16268036235412067,0.14582636072681027,0.12250340139435531,0.06225523838956495,nan,nan,nan,nan,nan,nan,nan,0.05872457436108881
111600.0,0.21950479438894174,0.21887320764293075,0.21697215798445182,0.21378171617803543,0.2092648296567053,0.20336035179918183,0.19597012038200018,0.1869344527046507,0.17598202208653663,0.1626135074028069,0.1457704501506865,0.12246144488982846,0.06224182170340397,nan,nan,nan,nan,nan,nan,nan,0.05871238785397558
111660.0,0.21939627852052823,0.21876519367813588,0.2168656497686644,0.21367771817486697,0.20916434917180993,0.20326440445623714,0.19587974154020366,0.18685071996725147,0.17590610014017327,0.16254674388385354,0.14571461419694678,0.122419542501173,0.06222842897632057,nan,nan,nan,nan,nan,nan,nan,0.05870022697622042
111720.0,0.21928792217280516,0.21865733838004048,0.21675929766189433,0.2135738720315296,0.20906401462391305,0.20316859547298227,0.19578949183894973,0.18676710550117098,0.17583028388868396,0.16248007160820774,0.14565885271411083,0.12237769412130771,0.06221506014699269,nan,nan,nan,nan,nan,nan,nan,0.058688091657742796
111780.0,0.21917972499790223,0.21854964140282848,0.21665310132447035,0.21347017741853447,0.20896382569766087,0.2030729245520419,0.1956993710025659,0.18668360905607068,0.17575457311069892,0.16241349038734215,0.14560316555111316,0.12233589964342453,0.0622017151542968,nan,nan,nan,nan,nan,nan,nan,0.05867598182868765
111840.0,0.21907168664880333,0.21844210240153256,0.21654706041755367,0.21336663400719807,0.20886378207846817,0.20297739139676468,0.19560937875605283,0.1866002303822257,0.1756789675853846,0.16234700003316063,0.14554755255721602,0.12229415896100582,0.06218839393730555,nan,nan,nan,nan,nan,nan,nan,0.05866389741940965
111900.0,0.21896380677960126,0.2183347210322874,0.21644117460338652,0.2132632414698833,0.2087638834527475,0.2028819957114335,0.19551951482526725,0.18651696923067881,0.1756034670925863,0.16228060035816147,0.1454920135821599,0.12225247196779453,0.06217509643529193,nan,nan,nan,nan,nan,nan,nan,0.058651838360500454
111960.0,0.21885608504542595,0.21822749695225824,0.2163354435452221,0.2131599994799314,0.20866412950784446,0.2027867372012061,0.19542977893687058,0.186433825353197,0.17552807141278806,0.16221429117539168,0.14543654847612095,0.12221083855780257,0.062161822587728024,nan,nan,nan,nan,nan,nan,nan,0.058639804582780994
112020.0,0.2187485211023631,0.21812042981955987,0.21622986690724505,0.21305690771158514,0.20856451993196456,0.20269161557204807,0.19534017081827026,0.18635079850222253,0.17545278032706696,0.16214807229839448,0.1453811570896631,0.12216925862532035,0.06214857233428376,nan,nan,nan,nan,nan,nan,nan,0.05862779601729281
112080.0,0.21864111460749466,0.2180135192932972,0.21612444435461126,0.21295396584002718,0.2084650544142097,0.20259663053076604,0.19525069019764874,0.18626788843089714,0.17537759361711605,0.1620819435412355,0.14532583927376205,0.12212773206491212,0.062135345614827524,nan,nan,nan,nan,nan,nan,nan,0.058615812595302366
112140.0,0.21853386521841825,0.21790676503308748,0.21601917555297898,0.21285117354092642,0.20836573264414654,0.20250178178460593,0.19516133680359915,0.18618509489273927,0.17530251106495465,0.16201590471823513,0.14527059487958632,0.12208625877134387,0.06212214236937978,nan,nan,nan,nan,nan,nan,nan,0.058603854248243
112200.0,0.21842677259407892,0.21780016669988686,0.21591406016932013,0.2127485304912231,0.20826655431255345,0.20240706904194855,0.19507211036575622,0.18610241764220292,0.17522753245342942,0.16194995564443154,0.14521542375887597,0.12204483863970805,0.06210896253819334,nan,nan,nan,nan,nan,nan,nan,0.0585919209078154
112260.0,0.2183198363945344,0.21769372395575717,0.21580909787169106,0.2126460363689069,0.2081675191112098,0.2023124920121135,0.19498301061461806,0.1860198564345199,0.17515265756607284,0.1618840961354501,0.14516032576383575,0.12200347156538814,0.06209580606173079,nan,nan,nan,nan,nan,nan,nan,0.05858001250595922
112320.0,0.21821305628068977,0.21758743646360207,0.21570428832897404,0.21254369085276675,0.20806862673265744,0.20221805040513677,0.19489403728134502,0.18593741102552155,0.17507788618694367,0.16181832600735538,0.1451053007470142,0.1219621574440192,0.06208267288063878,nan,nan,nan,nan,nan,nan,nan,0.058568128974821075
112380.0,0.21810643191442963,0.21748130388729875,0.21559963121100606,0.21244149362251585,0.20796987687031976,0.20212374393188173,0.1948051900978599,0.18585508117172755,0.17500321810070613,0.16175264507672524,0.14505034856136406,0.12192089617150753,0.06206956293576081,nan,nan,nan,nan,nan,nan,nan,0.05855627024677048
112440.0,0.2179999629580251,0.21737532589110825,0.21549512618800098,0.21233944435823202,0.207871269217969,0.20202957230354232,0.19471646879639593,0.18577286662994227,0.17492865309226951,0.16168705316032683,0.14499546905998448,0.12187968764392135,0.062056476168071056,nan,nan,nan,nan,nan,nan,nan,0.05854443625432428
112500.0,0.21789364907516012,0.2172695021406957,0.21539077293154968,0.2122375427413257,0.20777280347064775,0.20193553523250263,0.19462787311027913,0.18569076715795335,0.17485419094741247,0.16162155007567686,0.14494066209656692,0.12183853175768003,0.0620434125187889,nan,nan,nan,nan,nan,nan,nan,0.05853262693027748
112560.0,0.21778748993064212,0.21716383230284245,0.21528657111433813,0.21213578845426712,0.2076744793244092,0.2018416324320943,0.19453940277370757,0.1856087825143347,0.1747798314526069,0.16155613564088345,0.14488592752526933,0.12179742840950075,0.06203037192934665,nan,nan,nan,nan,nan,nan,nan,0.05852084220766625
112620.0,0.21768148519007402,0.21705831604512038,0.21518252040982772,0.21203418118027706,0.20757629647602255,0.20174786361632224,0.19445105752150177,0.18552691245822348,0.1747055743948185,0.16149080967446733,0.14483126520057388,0.12175637749633797,0.06201735434135298,nan,nan,nan,nan,nan,nan,nan,0.05850908201972629
112680.0,0.21757563452001794,0.21695295303605444,0.21507862049241477,0.21193272060348095,0.2074782546231202,0.20165422850000145,0.19436283708922894,0.18544515674943118,0.17463141956160633,0.1614255719954512,0.14477667497735788,0.12171537891541367,0.062004359696611056,nan,nan,nan,nan,nan,nan,nan,0.05849734629991357
112740.0,0.21746993758756983,0.21684774294470008,0.21497487103701607,0.21183140640850845,0.20738035346381634,0.2015607267984018,0.1942747412128796,0.18536351514815355,0.17455736674086264,0.16136042242312926,0.1447221567107143,0.1216744325641344,0.06199138793705782,nan,nan,nan,nan,nan,nan,nan,0.05848563498183616
112800.0,0.2173643940610282,0.21674268544130765,0.21487127171972037,0.21173023828112308,0.20728259269730626,0.20146735822780665,0.19418676962937648,0.18528198741542684,0.17448341572122186,0.16129536077742931,0.14466771025623415,0.12163353834022154,0.06197843900485964,nan,nan,nan,nan,nan,nan,nan,0.05847394799936149
112860.0,0.21725900360974132,0.21663778019717067,0.21476782221763974,0.21162921590807887,0.20718497202372974,0.20137412250538522,0.19409892207645824,0.18520057331302364,0.1744095662919671,0.1612303868788303,0.14461333546994182,0.12159269614168183,0.06196551284239039,nan,nan,nan,nan,nan,nan,nan,0.05846228528659182
112920.0,0.21715376590386337,0.2165330268843834,0.21466452220867188,0.21152833897689,0.20708749114395197,0.20128101934898882,0.1940111982924937,0.18511927260328648,0.17433581824288125,0.16116550054822995,0.14455903220819227,0.12155190586675954,0.06195260939219661,nan,nan,nan,nan,nan,nan,nan,0.058450646777825174
112980.0,0.2170486806144623,0.21642842517594818,0.21456137137160505,0.21142760717593279,0.20699014975966076,0.20118804847724098,0.19392359801656417,0.18503808504920144,0.17426217136431255,0.16110070160700338,0.14450480032771643,0.12151116741395754,0.06193972859701298,nan,nan,nan,nan,nan,nan,nan,0.05843903240757256
113040.0,0.21694374741360228,0.2163239747458571,0.21445836938619858,0.21132702019452346,0.2068929475734405,0.2010952096096071,0.1938361209885265,0.18495701041445373,0.17418862544722488,0.16103598987704884,0.14445063968565952,0.12147048068205074,0.061926870399759026,nan,nan,nan,nan,nan,nan,nan,0.05842744211055478
113100.0,0.21683896597420474,0.21621967526895428,0.21435551593304752,0.211226577722787,0.2067958842886471,0.2010025024662772,0.1937487669489067,0.18487604846333416,0.17411518028311346,0.16097136518071073,0.14439655013951697,0.12142984557006323,0.06191403474354287,nan,nan,nan,nan,nan,nan,nan,0.058415875821706036
113160.0,0.21673433597007588,0.21611552642096288,0.21425281069360924,0.21112627945168283,0.2066989596094327,0.20090992676818914,0.1936615356389209,0.18479519896075683,0.1740418356640214,0.16090682734079462,0.14434253154714738,0.12138926197727264,0.06190122157165979,nan,nan,nan,nan,nan,nan,nan,0.05840433347617243
113220.0,0.21662985707595236,0.21601152787853062,0.214150253350248,0.2110261250730484,0.20660217324078695,0.20081748223706725,0.19357442680051068,0.18471446167229089,0.17396859138256732,0.16084237618059294,0.14428858376679352,0.12134872980321754,0.06188843082759012,nan,nan,nan,nan,nan,nan,nan,0.058392815009309845
113280.0,0.21652552896747593,0.21590767931920474,0.21404784358621043,0.21092611427957497,0.2065055248885142,0.20072516859540077,0.19348744017632313,0.18463383636414293,0.17389544723193023,0.16077801152387086,0.14423470665707105,0.12130824894769314,0.061875662454999474,nan,nan,nan,nan,nan,nan,nan,0.05838132035668404
113340.0,0.21642135132115106,0.21580398042138943,0.21394558108558404,0.21082624676476786,0.2064090142591956,0.20063298556640902,0.19340057550967885,0.18455332280312728,0.1738224030058231,0.16071373319484536,0.1441809000769526,0.12126781931073949,0.06186291639772969,nan,nan,nan,nan,nan,nan,nan,0.05836984945406175
113400.0,0.2163173238144042,0.21570043086440538,0.21384346553335504,0.21072652222300223,0.20631264106024222,0.20054093287409025,0.19331383254461726,0.184472920756708,0.17374945849852963,0.1606495410182142,0.1441271638857895,0.12122744079265854,0.06185019259981172,nan,nan,nan,nan,nan,nan,nan,0.058358402237423196
113460.0,0.2162134461255669,0.2155970303284725,0.213741496615392,0.21062694034950702,0.20621640499987945,0.20044901024320794,0.19322721102588364,0.18439262999298658,0.1736766135048939,0.1605854348191474,0.1440734979433056,0.12118711329400966,0.061837491005461875,nan,nan,nan,nan,nan,nan,nan,0.05834697864295843
113520.0,0.21610971793385023,0.21549377849468448,0.21363967401842054,0.2105275008403409,0.20612030578712462,0.20035721739926904,0.1931407106989095,0.18431245028068446,0.17360386782030424,0.16052141442327478,0.14401990210958726,0.12114683671560242,0.061824811559076605,nan,nan,nan,nan,nan,nan,nan,0.05833557860706205
113580.0,0.21600613891935191,0.21539067504501636,0.2135379974300307,0.2104282033923992,0.2060243431317932,0.20026555406853047,0.1930543313098182,0.18423238138914785,0.17353122124069797,0.16045747965668913,0.1439663762450866,0.121106610958499,0.061812154205234025,nan,nan,nan,nan,nan,nan,nan,0.05832420206633468
113640.0,0.21590270876307072,0.2152877196623384,0.21343646653869108,0.21032904770342759,0.20592851674451196,0.20017401997801065,0.19296807260543503,0.18415242308835678,0.17345867356257028,0.160393630345956,0.14391292021062785,0.1210664359240134,0.06179951888869334,nan,nan,nan,nan,nan,nan,nan,0.05831284895758348
113700.0,0.21579942714687578,0.2151849120303856,0.2133350810337183,0.2102300334719926,0.20583282633669103,0.20008261485546414,0.19288193433326506,0.18407257514890535,0.17338622458295522,0.16032986631809412,0.14385953386739345,0.12102631151371085,0.0617869055543942,nan,nan,nan,nan,nan,nan,nan,0.058301519217819654
113760.0,0.21569629375350952,0.21508225183376092,0.21323384060528044,0.21013116039748495,0.2057372716205269,0.19999133842938416,0.1927959162414951,0.18399283734200378,0.17331387409942747,0.16026618740057763,0.1438062170769254,0.12098623762940719,0.061774314147456225,nan,nan,nan,nan,nan,nan,nan,0.05829021278425819
113820.0,0.21559330826659479,0.2149797387579421,0.21313274494440376,0.21003242818012582,0.2056418523090086,0.19990019042900845,0.1927100180789989,0.1839132094394823,0.17324162191010686,0.16020259342134116,0.14375296970112889,0.12094621417316817,0.061761744613178224,nan,nan,nan,nan,nan,nan,nan,0.058278929594317866
113880.0,0.21549047037062707,0.214877372489274,0.2130317937429651,0.20993383652095993,0.20554656811591088,0.1998091705843127,0.19262423959533098,0.18383369121378645,0.17316946781365355,0.1601390842087751,0.14369979160226898,0.12090624104730857,0.06174919689703774,nan,nan,nan,nan,nan,nan,nan,0.05826766958562032
113940.0,0.21538777975098763,0.21477515271498154,0.21293098669370486,0.20983538512186775,0.20545141875580586,0.19971827862602137,0.1925385805407365,0.18375428243798508,0.17309741160927622,0.16007565959173403,0.14364668264297678,0.12086631815439217,0.061736670944687926,nan,nan,nan,nan,nan,nan,nan,0.05825643269598597
114000.0,0.21528523609391512,0.21467307912314185,0.2128303234901992,0.20973707368553882,0.20535640394403776,0.19962751428558437,0.19245304066613023,0.1836749828857521,0.17302545309671422,0.16001231939951946,0.14359364268623648,0.12082644539723028,0.06172416670196084,nan,nan,nan,nan,nan,nan,nan,0.058245218863438725
114060.0,0.21518283908650843,0.21457115140268668,0.21272980382686268,0.20963890191547419,0.20526152339672527,0.19953687729517933,0.19236761972309868,0.1835957923313682,0.17295359207623986,0.15994906346188173,0.14354067159538675,0.12078662267888146,0.06171168411486588,nan,nan,nan,nan,nan,nan,nan,0.05823402802620409
114120.0,0.2150805884167328,0.21446936924340865,0.21262942739895452,0.2095408695159925,0.20516677683076723,0.1994463673877166,0.19228231746390434,0.1835167105497247,0.17288182834866195,0.15988589160902428,0.14348776923412382,0.12074684990265083,0.06169922312958784,nan,nan,nan,nan,nan,nan,nan,0.05822286012270657
114180.0,0.2149784837734128,0.21436773233595438,0.2125291939025716,0.20944297619222316,0.20507216396383618,0.19935598429683338,0.19219713364148064,0.18343773731631868,0.17281016171532126,0.1598228036715994,0.1434349354664986,0.12070712697208935,0.06168678369248693,nan,nan,nan,nan,nan,nan,nan,0.05821171509156989
114240.0,0.21487652484622913,0.2142662403718212,0.21242910303464535,0.20934522165010355,0.20497768451437565,0.19926572775689108,0.19211206800942887,0.18335887240725068,0.172738591978089,0.15975979948070732,0.14338217015691582,0.12066745379099106,0.06167436575009597,nan,nan,nan,nan,nan,nan,nan,0.058200592871614956
114300.0,0.21477471132571607,0.21416489304335468,0.21232915449293932,0.20924760559637662,0.2048833382015978,0.19917559750297337,0.1920271203220172,0.1832801155992233,0.17266711893936504,0.1596968788678939,0.1433294731701321,0.12062783026339577,0.06166196924912323,nan,nan,nan,nan,nan,nan,nan,0.0581894934018613
114360.0,0.21467304290325864,0.21406369004374554,0.21222934797604634,0.2091501277385877,0.20478912474548083,0.19908559327088346,0.19194229033417778,0.18320146666953924,0.17259574240207604,0.15963404166514908,0.14327684437125485,0.12058825629358759,0.06164959413645091,nan,nan,nan,nan,nan,nan,nan,0.05817841662152591
114420.0,0.21457151927108953,0.213962631067027,0.2121296831833855,0.20905278778508235,0.20469504386676632,0.19899571479714184,0.1918575778015047,0.1831229253960988,0.17252446216967365,0.15957128770490606,0.14322428362574163,0.12054873178609302,0.061637240359133344,nan,nan,nan,nan,nan,nan,nan,0.05816736247002176
114480.0,0.21447014012228607,0.21386171580807165,0.21203015981519946,0.20895558544500312,0.20460109528695658,0.19890596181898368,0.19177298248025162,0.18304449155739813,0.1724532780461329,0.15950861682003928,0.14317179079939887,0.1205092566456809,0.06162490786439695,nan,nan,nan,nan,nan,nan,nan,0.05815633088695749
114540.0,0.2143689051507659,0.21376094396258682,0.21193077757254986,0.2088585204282855,0.2045072787283106,0.1988163340743551,0.19168850412732819,0.18296616493252582,0.17238218983594925,0.1594460288438628,0.14311936575838025,0.12046983077735976,0.06161259659963961,nan,nan,nan,nan,nan,nan,nan,0.058145321812136934
114600.0,0.21426781405128656,0.2136603152271148,0.21183153615731723,0.20876159244565765,0.2044135939138439,0.19872683130191288,0.1916041425003001,0.1828879453011631,0.17231119734413858,0.15938352361012925,0.1430670083691861,0.12043045408638015,0.06160030651243,nan,nan,nan,nan,nan,nan,nan,0.05813433518555805
114660.0,0.21416686651944217,0.2135598292990289,0.21173243527219765,0.20866480120863712,0.2043200405673254,0.1986374532410219,0.1915198973573865,0.1828098324435814,0.1722403003762349,0.15932110095302818,0.1430147184986621,0.12039112647823319,0.06158803755050682,nan,nan,nan,nan,nan,nan,nan,0.05812337094741235
114720.0,0.21406606225165942,0.2134594858765299,0.21163347462069873,0.20856814642952726,0.2042266184132739,0.19854819963175147,0.19143576845745675,0.18273182614063943,0.172169498738288,0.15925876070718445,0.14296249601399807,0.12035184785864891,0.06157578966177837,nan,nan,nan,nan,nan,nan,nan,0.05811242903808432
114780.0,0.2139654009451952,0.21335928465864346,0.21153465390713747,0.20847162782141476,0.20413332717695598,0.19845907021487352,0.1913517555600286,0.18265392617378148,0.17209879223686203,0.1591965027076567,0.14291034078272677,0.12031261813359598,0.06156356279432176,nan,nan,nan,nan,nan,nan,nan,0.05810150939815064
114840.0,0.21386488229814038,0.21325922534522396,0.21143597283664387,0.2083752450981735,0.20404016658438928,0.19837006473186558,0.19126785842527094,0.18257613232504014,0.17202818067903805,0.15913432678994022,0.14285825267272584,0.12027343720928116,0.06155135689638333,nan,nan,nan,nan,nan,nan,nan,0.058090611968380126
114900.0,0.21376450600940625,0.2131593076369411,0.21133743111514774,0.20827899797445168,0.20394713636233058,0.19828118292489982,0.19118407681399385,0.18249844437702686,0.17195766387240535,0.15907223278995875,0.14280623155221187,0.12023430499214838,0.06153917191637643,nan,nan,nan,nan,nan,nan,nan,0.05807973668973211
114960.0,0.21366427177872413,0.21305953123527946,0.21123902844937836,0.2081828861656713,0.20385423623827525,0.19819242453684238,0.1911004104876481,0.18242086211293207,0.1718872416250613,0.15901022054406422,0.14275427728974033,0.12019522138887806,0.06152700780288112,nan,nan,nan,nan,nan,nan,nan,0.05806888350335591
115020.0,0.2135641793066463,0.21295989584253933,0.21114076454686534,0.20808690938802918,0.2037614659404583,0.19810378931125444,0.19101685920832573,0.1823433853165253,0.17181691374561203,0.15894828988903797,0.14270238975420615,0.12015618630638655,0.06151486450464413,nan,nan,nan,nan,nan,nan,nan,0.058058052350590514
115080.0,0.2134642282945414,0.2128604011618322,0.21104263911593404,0.20799106735849265,0.20366882519784985,0.1980152769923879,0.1909334227387567,0.18226601377215218,0.17174668004316954,0.1588864406620883,0.14265056881484187,0.12011719965182531,0.06150274197057794,nan,nan,nan,nan,nan,nan,nan,0.05804724317296375
115140.0,0.21336441844460258,0.2127610468970889,0.21094465186571382,0.20789535979480733,0.203576313740163,0.19792688732519276,0.19085010084231457,0.18218874726473983,0.17167654032735694,0.1588246727008549,0.14259881434122088,0.12007826133258133,0.06149064014976025,nan,nan,nan,nan,nan,nan,nan,0.05803645591219212
115200.0,0.21326474945982732,0.21266183275303968,0.21084680250611798,0.20779978641547775,0.20348393129783537,0.19783862005529973,0.19076689328300184,0.18211158557978335,0.17160649440829578,0.15876298584339787,0.1425471262032494,0.12003937125627478,0.06147855899143326,nan,nan,nan,nan,nan,nan,nan,0.05802569051017928
115260.0,0.21316522104401847,0.21256275843521494,0.21074909074784526,0.20770434693976889,0.20339167760203025,0.19775047492902176,0.19068379982545042,0.18203452850334634,0.17153654209660676,0.15870137992819816,0.14249550427116678,0.1200005293307586,0.06146649844500293,nan,nan,nan,nan,nan,nan,nan,0.058014946909015506
115320.0,0.21306583290178788,0.21246382364994898,0.2106515163023828,0.20760904108770906,0.2032995523846396,0.19766245169335628,0.1906008202349243,0.1819575758220634,0.17146668320341196,0.15863985479415982,0.14244394841554703,0.11996173546411848,0.061454458460038545,nan,nan,nan,nan,nan,nan,nan,0.05800422505097739
115380.0,0.2129665847385506,0.21236502810437433,0.21055407888200098,0.20751386858008483,0.20320755537827914,0.19757455009598096,0.19051795427731527,0.18188072732313604,0.17139691754033143,0.158578410280607,0.1423924585072966,0.11992298956467182,0.06144243898627196,nan,nan,nan,nan,nan,nan,nan,0.05799352487852695
115440.0,0.21286747626053065,0.21226637150642733,0.21045677819975886,0.20741882913844614,0.20311568631629331,0.1974867698852582,0.19043520171914677,0.18180398279433646,0.17132724491948673,0.1585170462272875,0.14234103441765655,0.1198842915409678,0.06143043997359729,nan,nan,nan,nan,nan,nan,nan,0.05798284633431123
115500.0,0.21276850717474488,0.2121678535648322,0.21035961396948832,0.20732392248509157,0.20302394493274098,0.1973991108102217,0.19035256232756229,0.18172734202399698,0.17125766515349083,0.15845576247436327,0.14228967601819634,0.11984564130178561,0.06141846137206979,nan,nan,nan,nan,nan,nan,nan,0.05797218936116121
115560.0,0.21266967718900348,0.2120694739891015,0.2102625859057949,0.20722914834306827,0.20293233096239577,0.19731157262057714,0.19027003587032543,0.1816508048010098,0.17118817805544856,0.1583945588624113,0.14223838318081372,0.11980703875613394,0.061406503131905474,nan,nan,nan,nan,nan,nan,nan,0.057961553902091234
115620.0,0.21257098601191177,0.211971232489538,0.21016569372405922,0.20713450643617415,0.20284084414074782,0.19722415506670338,0.19018762211582133,0.18157437091482864,0.1711187834389578,0.15833343523242466,0.14218715577773577,0.11976848381325064,0.06139456520348046,nan,nan,nan,nan,nan,nan,nan,0.05795093990029847
115680.0,0.21247243335286553,0.21187312877722983,0.21006893714043254,0.20703999648895316,0.20274948420399957,0.19713685789964855,0.19010532083305284,0.18149804015546528,0.17104948111810636,0.15827239142580984,0.14213599368151691,0.11972997638260209,0.06138264753733037,nan,nan,nan,nan,nan,nan,nan,0.05794034729916213
115740.0,0.2123740189220529,0.21177516256405265,0.2099723158718388,0.20694561822669724,0.20265825088906725,0.19704968087113178,0.1900231317916422,0.18142181231349075,0.1709802709074737,0.15821142728438833,0.14208489676503958,0.1196915163738825,0.06137075008415091,nan,nan,nan,nan,nan,nan,nan,0.0579297760422439
115800.0,0.21227574243044442,0.21167733356265944,0.20987582963596452,0.2068513713754368,0.20256714393357214,0.19696262373353476,0.18994105476182316,0.18134568718002872,0.17091115262212417,0.15815054265039052,0.14203386490151046,0.11965310369701299,0.06135887279479526,nan,nan,nan,nan,nan,nan,nan,0.05791922607328555
115860.0,0.21217760358979174,0.21157964148647962,0.209779478151258,0.20675725566193978,0.20247616307583965,0.19687568623990093,0.18985908951444047,0.18126966454675458,0.17084212607760657,0.15808973736645587,0.1419828979644599,0.11961473826214085,0.06134701562027402,nan,nan,nan,nan,nan,nan,nan,0.057908697336208674
115920.0,0.21207960211262802,0.21148208604971896,0.2096832611369294,0.2066632708137117,0.20238530805489918,0.19678886814393537,0.18977723582094963,0.1811937442058954,0.1707731910899544,0.1580290112756326,0.14193199582774196,0.11957641997963915,0.061335178511755094,nan,nan,nan,nan,nan,nan,nan,0.05789818977511458
115980.0,0.21198173771226375,0.21138466696735586,0.20958717831294676,0.20656941655899194,0.20229457861048086,0.19670216920000172,0.18969549345341408,0.1811179259502274,0.17070434747568325,0.1579683642213759,0.141881158365533,0.1195381487601059,0.0613233614205629,nan,nan,nan,nan,nan,nan,nan,0.05788770333428337
116040.0,0.21188401010278868,0.21128738395514302,0.2094912294000379,0.20647569262675558,0.20220397448301686,0.19661558916312344,0.1896138621845063,0.18104220957307698,0.17063559505179215,0.15790779604754893,0.1418303854523322,0.11949992451436395,0.06131156429817887,nan,nan,nan,nan,nan,nan,nan,0.05787723795817468
116100.0,0.2117864189990622,0.21119023672959797,0.20939541411968096,0.20638209874670416,0.2021134954136331,0.1965291277889759,0.1895323417875006,0.18096659486831423,0.1705669336357574,0.15784730659841767,0.1417796769629579,0.11946174715345943,0.06129978709623902,nan,nan,nan,nan,nan,nan,nan,0.05786679359142477
116160.0,0.2116889641167122,0.21109322500800187,0.20929973219410353,0.20628863464926486,0.2020231411441481,0.19644278483388566,0.18945093203627256,0.18089108163035214,0.170498363045532,0.15778689571865037,0.14172903277254714,0.1194236165886613,0.061288029766533685,nan,nan,nan,nan,nan,nan,nan,0.05785637017884638
116220.0,0.21159164517213508,0.21099634850839966,0.2092041833462824,0.20619530006559023,0.20193291141707304,0.19635656005483018,0.18936963270529839,0.18081566965414647,0.1704298830995458,0.15772656325331755,0.14167845275655563,0.11938553273146087,0.0612762922610076,nan,nan,nan,nan,nan,nan,nan,0.05784596766542884
116280.0,0.21149446188249182,0.210899606949596,0.20910876729993988,0.20610209472755486,0.20184280597560816,0.1962704532094345,0.18928844356965246,0.18074035873519328,0.1703614936167029,0.15766630904789025,0.1416279367907562,0.11934749549357108,0.06126457453175904,nan,nan,nan,nan,nan,nan,nan,0.05783558599633709
116340.0,0.21139741396571152,0.21080300005115893,0.20901348377954715,0.20600901836775823,0.20175282456364602,0.19618446405597442,0.18920736440500951,0.1806651486695309,0.17029319441638405,0.15760613294824172,0.1415774847512402,0.11930950478692676,0.0612528765310401,nan,nan,nan,nan,nan,nan,nan,0.05782522511691194
116400.0,0.21130050114047924,0.21070652753340768,0.20891833251031258,0.2059160707195137,0.20166296692576052,0.19609859235336613,0.1891263949876359,0.180590039253732,0.170224985318439,0.1575460348006411,0.14152709651441261,0.1192715605236824,0.061241198211254566,nan,nan,nan,nan,nan,nan,nan,0.05781488497266789
116460.0,0.21120372312623567,0.21061018911741242,0.20882331321818126,0.2058232515168481,0.2015732328072068,0.19601283786116613,0.18904553509438876,0.18051503028490318,0.17015686614318637,0.15748601445175314,0.14147677195699218,0.11923366261621188,0.06122953952495777,nan,nan,nan,nan,nan,nan,nan,0.05780456550929288
116520.0,0.21110707964317788,0.21051398452499484,0.2087284256298357,0.20573056049450222,0.20148362195392164,0.19592720033957173,0.18896478450271706,0.18044012156068534,0.17008883671141412,0.15742607174863885,0.1414265109560114,0.1191958109771083,0.06121790042485637,nan,nan,nan,nan,nan,nan,nan,0.057794266672648115
116580.0,0.21101057041225516,0.2104179134787243,0.20863366947269202,0.2056379973879272,0.20139413411251994,0.1958416795494175,0.18888414299065806,0.18036531287925103,0.1700208968443771,0.1573662065387533,0.1413763133888151,0.11915800551918306,0.06120628086380764,nan,nan,nan,nan,nan,nan,nan,0.057783988408767195
116640.0,0.2109141951551731,0.21032197570192163,0.20853904447490362,0.20554556193328816,0.20130476903029837,0.19575627525217879,0.18880361033684046,0.18029060403930702,0.1699530463637995,0.15730641866994782,0.14132617913306184,0.11912024615546615,0.06119468079481993,nan,nan,nan,nan,nan,nan,nan,0.05777373066385657
116700.0,0.21081795359438069,0.21022617091864643,0.20844455036534884,0.2054532538674521,0.20121552645522356,0.19567098720996084,0.18872318632047458,0.18021599484008544,0.16988528509186687,0.15724670799046322,0.14127610806671906,0.11908253279920404,0.06118310017105033,nan,nan,nan,nan,nan,nan,nan,0.05776349338429314
116760.0,0.21072184545307004,0.21013049885369678,0.20835018687363063,0.2053610729279878,0.2011264061359323,0.19558581518549867,0.18864287072135227,0.1801414850813439,0.1698176128512261,0.1571870743489296,0.1412261000680627,0.11904486536385915,0.06117153894580438,nan,nan,nan,nan,nan,nan,nan,0.057753276516623986
116820.0,0.21062587045517767,0.21003495923261054,0.20825595373007774,0.2052690188531668,0.2010374078217324,0.19550075894215818,0.18856266331984764,0.18006707456336585,0.1697500294649861,0.15712751759436716,0.141176155015678,0.11900724376311,0.061159997072536214,nan,nan,nan,nan,nan,nan,nan,0.05774308000756641
116880.0,0.2105300283253803,0.20993955178166113,0.20816185066574072,0.2051770913819596,0.20094853126259882,0.19541581824393234,0.18848256389691403,0.179992763086958,0.16968253475671533,0.15706803757618404,0.14112627278845763,0.11896966791085004,0.061148474504847616,nan,nan,nan,nan,nan,nan,nan,0.05773290380400693
116940.0,0.21043431878909816,0.2098442762278608,0.20806787741239505,0.20508529025403865,0.20085977620917683,0.19533099285544425,0.18840257223408624,0.17991855045345245,0.16961512855044372,0.15700863414417815,0.14107645326560297,0.11893213772118824,0.06113697119648874,nan,nan,nan,nan,nan,nan,nan,0.05772274785300209
117000.0,0.2103387415724834,0.20974913229894915,0.20797403370252993,0.20499361520976755,0.20077114241277166,0.1952462825419372,0.1883226881134719,0.17984443646469872,0.16954781067065575,0.1569493071485309,0.1410266963266197,0.11889465310844653,0.06112548710135546,nan,nan,nan,nan,nan,nan,nan,0.05771261210177558
117060.0,0.21024329640241932,0.20965411972339237,0.20788031926934752,0.2049020659902004,0.20068262962534772,0.19516168706927442,0.1882429113177509,0.1797704209230634,0.16948058094228985,0.15689005643980708,0.1409770018513174,0.11885721398715988,0.06111402217348933,nan,nan,nan,nan,nan,nan,nan,0.05770249649771813
117120.0,0.21014798300652165,0.20955923823038464,0.20778673384676422,0.20481064233708274,0.20059423759952977,0.19507720620393965,0.1881632416301761,0.17969650363143055,0.16941343919073915,0.15683088186895547,0.14092736971980996,0.11881982027207588,0.06110257636707768,nan,nan,nan,nan,nan,nan,nan,0.057692400988387675
117180.0,0.21005280111313435,0.20946448754984356,0.2076932771694064,0.20471934399284794,0.2005059660885992,0.19499283971303388,0.1880836788345704,0.1796226843931993,0.16934638524184908,0.1567717832873066,0.1408777998125142,0.11878247187815405,0.061091149636452624,nan,nan,nan,nan,nan,nan,nan,0.05768232552150831
117240.0,0.20995775045133247,0.20936986741241348,0.20759994897261336,0.2046281707006195,0.20041781484649634,0.1949085873642778,0.18800422271532843,0.17954896301228546,0.16927941892191908,0.15671276054657435,0.14082829201015057,0.11874516872056605,0.06107974193609189,nan,nan,nan,nan,nan,nan,nan,0.05767227004497098
117300.0,0.20986283075091136,0.20927537754945447,0.20750674899242694,0.20453712220420137,0.20032978362781123,0.19482444892600248,0.18792487305740896,0.17947533929311418,0.16921254005769604,0.15665381349885044,0.14077884619373932,0.11870791071469353,0.061068353220616114,nan,nan,nan,nan,nan,nan,nan,0.057662234506830834
117360.0,0.2097680417423862,0.20918101769304195,0.2074136769655907,0.20444619824807703,0.2002418721877829,0.19474042416714937,0.18784562964633394,0.1794018130406197,0.16914574847637368,0.15659494199660404,0.14072946224460003,0.11867069777612774,0.06105698344478882,nan,nan,nan,nan,nan,nan,nan,0.057652218855307046
117420.0,0.20967338315699247,0.20908678757596724,0.2073207326295507,0.20435539857741028,0.2001540802822998,0.19465651285727048,0.1877664922681892,0.17932838406024557,0.16907904400559337,0.1565361458926822,0.14068014004435192,0.11863352982066956,0.06104563256351646,nan,nan,nan,nan,nan,nan,nan,0.05764222303878291
117480.0,0.20957885472668222,0.20899268693173356,0.2072279157224518,0.20426472293804163,0.2000664076678967,0.1945727147665251,0.1876874607096214,0.17925505215794196,0.16901242647344156,0.15647742504030765,0.14063087947491237,0.11859640676432853,0.06103430053184764,nan,nan,nan,nan,nan,nan,nan,0.057632247005804896
117540.0,0.20948445618412678,0.20889871549455907,0.20713522598314013,0.20417417107649066,0.19997885410175675,0.19448902966568227,0.18760853475784006,0.17918181714016782,0.16894589570845142,0.15641877929308068,0.14058168041849783,0.11855932852332329,0.061022987304973804,nan,nan,nan,nan,nan,nan,nan,0.05762229070508337
117600.0,0.20939018726270622,0.2088048729993663,0.20704266315115305,0.2040837427399465,0.19989141934170235,0.19440545732611192,0.1875297142006097,0.17910867881388318,0.16887945153959655,0.1563602085049734,0.14053254275761978,0.11852229501407925,0.06101169283822658,nan,nan,nan,nan,nan,nan,nan,0.057612354085489856
117660.0,0.20929604769650892,0.2087111591817815,0.20695022696671855,0.203993437676267,0.19980410314619454,0.19432199751978455,0.1874509988262491,0.1790356369865492,0.16881309379629067,0.15630171253032948,0.14048346637508466,0.11848530615322828,0.06100041708707765,nan,nan,nan,nan,nan,nan,nan,0.05760243709605692
117720.0,0.2092020372203319,0.20861757377813542,0.20685791717075577,0.20390325563397937,0.1997169052743336,0.19423865001927135,0.18737238842363213,0.1789626914661283,0.16874682230838775,0.15624329122386466,0.14043445115399386,0.11844836185760878,0.06098916000713903,nan,nan,nan,nan,nan,nan,nan,0.0575925396859783
117780.0,0.20910815556967735,0.20852411652545927,0.20676573350487143,0.20381319636227674,0.19962982548585553,0.19415541459774138,0.1872938827821844,0.17888984206108158,0.1686806369061799,0.1561849444406645,0.14038549697774236,0.11841146204426468,0.06097792155416209,nan,nan,nan,nan,nan,nan,nan,0.057582661804607964
117840.0,0.20901440248075537,0.20843078716148794,0.2066736757113626,0.20372325961102078,0.19954286354113482,0.19407229102896384,0.18721548169188573,0.17881708858037088,0.16861453742039922,0.15612667203618624,0.1403366037300197,0.11837460663044588,0.06096670168403827,nan,nan,nan,nan,nan,nan,nan,0.0575728034014608
117900.0,0.20892077769047337,0.20833758542464925,0.20658174353320635,0.20363344513073173,0.19945601920117473,0.1939892790872992,0.1871371849432621,0.17874443083345126,0.16854852368221115,0.1560684738662532,0.14028777129480594,0.11833779553360599,0.06095550035279657,nan,nan,nan,nan,nan,nan,nan,0.05756296442620998
117960.0,0.20882728093643554,0.2082445110540635,0.20648993671405924,0.20354375267258784,0.19936929222760713,0.19390637854769882,0.18705899232738488,0.17867186863027087,0.16848259552321423,0.1560103497870544,0.14023899955637156,0.11830102867140198,0.06094431751660343,nan,nan,nan,nan,nan,nan,nan,0.05755314482868673
118020.0,0.20873391195694357,0.2081515637895441,0.20639825499825798,0.2034541819884262,0.1992826823826928,0.19382358918570536,0.18698090363587175,0.17859940178127132,0.16841675277544058,0.15595229965514512,0.1401902883992775,0.11826430596169427,0.06093315313176289,nan,nan,nan,nan,nan,nan,nan,0.057543344558880584
118080.0,0.20864067049099289,0.2080587433715939,0.20630669813081592,0.20336473283073916,0.19919618942931833,0.19374091077744987,0.18690291866088354,0.17852703009738505,0.16835099527135342,0.15589432332744496,0.14014163770837376,0.11822762732254569,0.060922007154715685,nan,nan,nan,nan,nan,nan,nan,0.05753356356693837
118140.0,0.20854755627827568,0.20796604954140824,0.2062152658574258,0.20327540495267699,0.19910981313099868,0.19365834309965413,0.18682503719512658,0.1784547533900374,0.16828532284384923,0.1558364206612393,0.14009304736880057,0.11819099267222208,0.06091087954204002,nan,nan,nan,nan,nan,nan,nan,0.05752380180316492
118200.0,0.20845456905917026,0.20787348204086428,0.20612395792444954,0.20318619810803806,0.1990235532518675,0.19357588592962172,0.18674725903184458,0.17838257147113928,0.16821973532625106,0.1557785915141739,0.14004451726598413,0.11815440192918983,0.06089977025044901,nan,nan,nan,nan,nan,nan,nan,0.05751405921802048
118260.0,0.20836170857474054,0.2077810406125205,0.20603277407891762,0.20309711205126826,0.1989374095566771,0.19349353904523783,0.18666958396481825,0.17831048415308678,0.16815423255230819,0.15572083574425463,0.13999604728563664,0.11811785501211575,0.06088867923679054,nan,nan,nan,nan,nan,nan,nan,0.05750433576212052
118320.0,0.2082689745667369,0.20768872499961755,0.20594171406852996,0.20300814653746196,0.1988513818107988,0.1934113022249696,0.18659201178836582,0.17823849124876176,0.16808881435619671,0.15566315320984797,0.13994763731375645,0.11808135183986693,0.06087760645804751,nan,nan,nan,nan,nan,nan,nan,0.05749463138623593
118380.0,0.20817636677759235,0.20759653494607455,0.20585077764165233,0.20291930132235825,0.1987654697802198,0.1933291752478634,0.18651454229734027,0.17816659257152923,0.16802348057251726,0.15560554376967903,0.1398992872366264,0.11804489233150998,0.06086655187133693,nan,nan,nan,nan,nan,nan,nan,0.057484946041292034
118440.0,0.2080838849504255,0.2075044701964919,0.20575996454731893,0.20283057616234368,0.1986796732315455,0.19324715789354655,0.18643717528713127,0.17809478793523925,0.1679582310362968,0.155548007282833,0.1398509969408152,0.1180084764063115,0.060855515433910747,nan,nan,nan,nan,nan,nan,nan,0.0574752796783694
118500.0,0.20799152882903024,0.2074125304961411,0.2056692745352225,0.20274197081444256,0.19859399193199057,0.1931652499422195,0.18635991055365764,0.17802307715422006,0.16789306558298228,0.15549054360874998,0.1398027663131734,0.11797210398373559,0.060844497103153185,nan,nan,nan,nan,nan,nan,nan,0.05746563224870111
118560.0,0.20789929815787517,0.2073207155909642,0.205578707355714,0.2026534850363168,0.19850842564937826,0.19308345117465486,0.18628274789336666,0.1779514600432774,0.16782798404844018,0.15543315260722465,0.13975459524083284,0.11793577498344379,0.06083349683658067,nan,nan,nan,nan,nan,nan,nan,0.057456003703672674
118620.0,0.20780719268210435,0.20722902522757447,0.20548826275980303,0.2025651185862662,0.19842297415214122,0.19300176137219816,0.18620568710323476,0.17787993641769503,0.16776298626895725,0.1553758341384067,0.1397064836112074,0.11789948932529491,0.06082251459184206,nan,nan,nan,nan,nan,nan,nan,0.05744639399482221
118680.0,0.2077152121475337,0.2071374591532529,0.2053979404991543,0.202476871223225,0.19833763720931818,0.19292018031676483,0.18612872798076463,0.17780850609323257,0.1676980720812383,0.1553185880627989,0.13965843131199124,0.11786324692934436,0.06081155032671786,nan,nan,nan,nan,nan,nan,nan,0.05743680307383951
118740.0,0.2076233563006537,0.20704601711595091,0.20530774032609062,0.20238874270676488,0.19825241459055626,0.19283870779084247,0.1860518703239873,0.17773716888612692,0.16763324132240745,0.15526141424125858,0.13961043823115973,0.11782704771584453,0.06080060399912079,nan,nan,nan,nan,nan,nan,nan,0.05742723089256683
118800.0,0.20753162488861945,0.20695469886428028,0.2052176619935827,0.20230073279708513,0.19816730606610222,0.19275734357748225,0.1859751139314545,0.1776659246130856,0.16756849383000255,0.15520431253499248,0.139562504256966,0.11779089160524234,0.060789675567093464,nan,nan,nan,nan,nan,nan,nan,0.05741767740299613
118860.0,0.20744001765925008,0.20686350414751287,0.20512770525524912,0.20221284125501238,0.19808231140680194,0.19267608746029896,0.18589845860223836,0.1775947730912864,0.1675038294419745,0.1551472828055565,0.13951462927794028,0.11775477851817923,0.060778764988808125,nan,nan,nan,nan,nan,nan,nan,0.057408142557269094
118920.0,0.20734853436102949,0.206772432715581,0.2050378698653566,0.20212506784200124,0.1979974303841009,0.19259493922347115,0.1858219041359317,0.17752371413837764,0.167439247996688,0.15509032491485608,0.1394668131828904,0.11771870837549102,0.060767872222567056,nan,nan,nan,nan,nan,nan,nan,0.05739862630767724
118980.0,0.2072571747431027,0.20668148431907418,0.20494815557881674,0.20203741232013078,0.19791266277004124,0.19251389865173824,0.1857454503326454,0.17745274757247587,0.16737474933291896,0.15503343872514436,0.13941905586090023,0.11768268109820712,0.060756997226801515,nan,nan,nan,nan,nan,nan,nan,0.05738912860666102
119040.0,0.20716593855527868,0.20659065870924165,0.20485856215118867,0.20194987445210716,0.19782800833726383,0.19243296553040284,0.18566909699301037,0.17738187321216767,0.1673103332898565,0.15497662409902355,0.1393713572013308,0.11764669660755103,0.06074613996007264,nan,nan,nan,nan,nan,nan,nan,0.057379649406810534
119100.0,0.2070748255480203,0.20649995563798257,0.20476908933866916,0.20186245400125447,0.19774346685899966,0.19235213964532238,0.18559284391817016,0.17731109087650282,0.16724599970709678,0.15491988089943984,0.13932371709381644,0.1176107548249379,0.06073530038106889,nan,nan,nan,nan,nan,nan,nan,0.057370188660863006
119160.0,0.20698383547244423,0.20640937485784577,0.2046797368980927,0.2017751507315142,0.19765903810906962,0.19227142078290893,0.1855166909097805,0.177240400384994,0.1671817484246429,0.1548632089896834,0.13927613542826456,0.11757485567197445,0.06072447844860599,nan,nan,nan,nan,nan,nan,nan,0.0573607463217026
119220.0,0.20689296808032107,0.2063189161220301,0.20459050458693162,0.2016879644074458,0.19757472186188457,0.19219080873012956,0.1854406377700097,0.1771698015576173,0.167117579282905,0.15480660823338843,0.1392286120948559,0.11753899907045892,0.060713674121627106,nan,nan,nan,nan,nan,nan,nan,0.057351322342360636
119280.0,0.20680222312407237,0.2062285791843811,0.204501392163293,0.2016008947942235,0.19749051789244276,0.1921103032745034,0.18536468430153594,0.17709929421480955,0.1670534921226984,0.15475007849453157,0.1391811469840431,0.1175031849423803,0.060702887359202075,nan,nan,nan,nan,nan,nan,nan,0.05734191667601469
119340.0,0.20671160035677288,0.2061383637993937,0.2044123993859211,0.20151394165763864,0.19740642597633168,0.19202990420410396,0.18528883030754956,0.17702887817747037,0.16698948678524508,0.1546936196374332,0.13913373998655182,0.11746741320991867,0.060692118120528174,nan,nan,nan,nan,nan,nan,nan,0.05733252927598933
119400.0,0.20662109953214114,0.20604826972220253,0.20432352601418802,0.2014271047640908,0.1973224458897198,0.1919496113075509,0.18521307559174527,0.17695855326695542,0.16692556311216786,0.15463723152675238,0.13908639099337677,0.11743168379544307,0.06068136636492752,nan,nan,nan,nan,nan,nan,nan,0.05732316009575352
119460.0,0.20653072040453896,0.20595829670858146,0.20423477180809316,0.20134038388058723,0.19723857740935602,0.19186942437400975,0.18513741995832206,0.176888319305076,0.1668617209454901,0.1545809140274869,0.13903909989578178,0.1173959966215111,0.060670632051847126,nan,nan,nan,nan,nan,nan,nan,0.05731380908892058
119520.0,0.20644046272897193,0.20586844451494424,0.20414613652826402,0.2012537787747433,0.1971548203125702,0.1917893431931924,0.18506186321198353,0.17681817611409964,0.16679796012763598,0.1545246670049733,0.13899186658529977,0.11736035161086915,0.06065991514085904,nan,nan,nan,nan,nan,nan,nan,0.0573044762092483
119580.0,0.20635032626108618,0.2057787128983412,0.20405761993595273,0.20116728921477972,0.19707117437727015,0.19170936755535428,0.18498640515793535,0.1767481235167475,0.16673428050142866,0.1544684903248854,0.13894469095373155,0.11732474868645142,0.0606492155916596,nan,nan,nan,nan,nan,nan,nan,0.05729516141063812
119640.0,0.20626031075717088,0.20568910161646164,0.2039692217930384,0.2010809149695245,0.19698763938194375,0.19162949725129624,0.18491104560188698,0.17667816133619635,0.16667068191009166,0.1544123838532354,0.1388975728931467,0.1172891877713805,0.06063853336407008,nan,nan,nan,nan,nan,nan,nan,0.05728586464713582
119700.0,0.2061704159741487,0.2055996104276246,0.20388094186201838,0.20099465580840425,0.19690421510565087,0.19154973207235704,0.18483578435004483,0.17660828939607193,0.16660716419724309,0.15435634745636917,0.13885051229588005,0.11725366878896501,0.060627868418034345,nan,nan,nan,nan,nan,nan,nan,0.05727658587292903
119760.0,0.20608064166957551,0.2055102390907782,0.20379277990600742,0.20090851150144384,0.19682090132802255,0.19147007181041276,0.18476062120911144,0.17653850752044858,0.1665437272068956,0.154300381000966,0.13880350905453118,0.11721819166269944,0.06061722071361875,nan,nan,nan,nan,nan,nan,nan,0.057267325042347064
119820.0,0.2059909876016409,0.20542098736550055,0.20370473568873826,0.20082248181926676,0.19673769782926187,0.19139051625787712,0.18468555598628633,0.17646881553384966,0.1664803707834563,0.1542444843540388,0.13875656306196502,0.11718275631626417,0.060606590211012376,nan,nan,nan,nan,nan,nan,nan,0.05725808210986115
119880.0,0.20590145352916478,0.20533185501199608,0.20361680897455858,0.20073656653309213,0.1966546043901406,0.19131106520769897,0.18461058848926304,0.1763992132612454,0.1664170947717254,0.15418865738293272,0.13870967421131017,0.11714736267352466,0.060595976870526216,nan,nan,nan,nan,nan,nan,nan,0.05724885703008359
119940.0,0.20581203921160002,0.2052428417910983,0.20352899952843342,0.20065076541473695,0.19657162079200174,0.19123171845336429,0.18453571852623135,0.17632970052805444,0.166353899016897,0.154132899955326,0.13866284239596005,0.11711201065853195,0.06058538065259388,nan,nan,nan,nan,nan,nan,nan,0.05723964975776842
120000.0,0.20572274440902308,0.20515394746426047,0.20344130711593594,0.20056507823660746,0.19648874681675116,0.19115247578888825,0.18446094590587003,0.17626027716013734,0.1662907833645541,0.1540772119392256,0.13861606750956926,0.11707670019552036,0.060574801517769256,nan,nan,nan,nan,nan,nan,nan,0.057230460247808944
120060.0,0.20563356888213366,0.20506517179355524,0.20335373150324726,0.20047950477169885,0.19640598224685704,0.19107333700881518,0.18438627043734654,0.1761909429837966,0.16622774766066772,0.1540215932029667,0.13856934944605329,0.11704143120890731,0.0605642394267264,nan,nan,nan,nan,nan,nan,nan,0.057221288455237676
120120.0,0.20554451239225516,0.2049765145416751,0.20326627245715684,0.20039404479359546,0.19632332686535067,0.19099430190821864,0.18431169193031727,0.17612169782577664,0.16616479175159787,0.15396604361521324,0.1385226880995889,0.11700620362329339,0.0605536943402598,nan,nan,nan,nan,nan,nan,nan,0.05721213433522648
120180.0,0.20545557470133152,0.20488797547192922,0.20317892974505938,0.20030869807646795,0.19624078045582324,0.190915370282699,0.18423721019492528,0.1760525415132619,0.1661019154840911,0.15391056304495612,0.13847608336461265,0.11697101736346151,0.060543166219283524,nan,nan,nan,nan,nan,nan,nan,0.05720299784308574
120240.0,0.20536675557192963,0.20479955434824587,0.2030917031349571,0.2002234643950756,0.1961583428024281,0.1908365419283854,0.1841628250418021,0.17598347387387825,0.1660391187052821,0.1538551513615144,0.13842953513582193,0.11693587235437741,0.06053265502483211,nan,nan,nan,nan,nan,nan,nan,0.057193878934265044
120300.0,0.20527805476723013,0.20471125093516335,0.20300459239545113,0.20013834352475768,0.1960760136898727,0.19075781664192798,0.1840885362820605,0.1759144947356867,0.1659764012626884,0.15379980843453075,0.13838304330817133,0.11690076852118736,0.060522160718058,nan,nan,nan,nan,nan,nan,nan,0.057184777564350774
120360.0,0.20518947205102728,0.20462306499782973,0.20291759729574077,0.20005333524143307,0.19599379290341828,0.19067919422049767,0.18401434372729458,0.17584560392718346,0.16591376300420968,0.15374453413397135,0.13833660777687254,0.11686570578921812,0.06051168326023155,nan,nan,nan,nan,nan,nan,nan,0.05717569368906599
120420.0,0.2051010071877292,0.20453499630200322,0.20283071760562427,0.19996843932160074,0.19591168022888011,0.1906006744617866,0.18394024718957985,0.17577680127729983,0.16585120377812865,0.15368932833012589,0.13829022843739455,0.11683068408397679,0.060501222612741316,nan,nan,nan,nan,nan,nan,nan,0.057166627264270645
120480.0,0.2050126599423548,0.20444704461404897,0.20274395309549564,0.19988365554233697,0.1958296754526248,0.1905222571640055,0.18386624648147076,0.17570808661540033,0.1657887234331086,0.1536341908936062,0.13824390518546223,0.11679570333115019,0.06049077873709325,nan,nan,nan,nan,nan,nan,nan,0.0571575782459607
120540.0,0.20492443008053618,0.20435920970094157,0.20265730353634698,0.19979898368129712,0.1957477783615724,0.19044394212588545,0.1837923414160027,0.17563945977128403,0.1657263218181951,0.15357912169534718,0.1381976379170574,0.11676076345660522,0.06048035159491133,nan,nan,nan,nan,nan,nan,nan,0.05714854659026889
120600.0,0.2048363173685097,0.2042714913302562,0.20257076869975973,0.1997144235167077,0.19566598874318836,0.19036572914667066,0.1837185318066851,0.17557092057517865,0.16566399878281057,0.15352412060660267,0.13815142652841525,0.11672586438638671,0.06046994114793538,nan,nan,nan,nan,nan,nan,nan,0.05713953225346228
120660.0,0.20474832157311562,0.20418388927016817,0.20248434835790446,0.19962997482736586,0.19558430638548324,0.19028761802611813,0.183644817467501,0.17550246885774018,0.16560175417675405,0.15346918749894484,0.1381052709160243,0.11669100604671724,0.060459547358020914,nan,nan,nan,nan,nan,nan,nan,0.05713053519194214
120720.0,0.20466044246179854,0.20409640328945336,0.2023980422835411,0.1995456373926398,0.19550273107701327,0.1902096085644978,0.18357119821290757,0.17543410445005328,0.16553958785020137,0.15341432224426474,0.1380591709766264,0.11665618836399708,0.06044917018713943,nan,nan,nan,nan,nan,nan,nan,0.0571215553622442
120780.0,0.2045726798026043,0.20400903315748528,0.20231185025001625,0.19946141099246584,0.19542126260687728,0.19013170056259027,0.1834976738578335,0.17536582718362895,0.16547749965370342,0.1533595247147705,0.13801312660721557,0.1166214112648036,0.060438809597377616,nan,nan,nan,nan,nan,nan,nan,0.05711259272103779
120840.0,0.20448503336418233,0.20392177864423727,0.2022257720312651,0.19937729540735055,0.19533990076471885,0.1900538938216883,0.1834242442176811,0.17529763689040628,0.16541548943818749,0.15330479478298867,0.13796713770503888,0.11658667467589157,0.06042846555093802,nan,nan,nan,nan,nan,nan,nan,0.05710364722512652
120900.0,0.2043975029157769,0.20383463952027378,0.20213980740180307,0.19929329041836275,0.19525864534071874,0.18997618814359019,0.1833509091083193,0.17522953340274638,0.16535355705495192,0.15325013232175963,0.1379212041675931,0.11655197852419111,0.0604181380101368,nan,nan,nan,nan,nan,nan,nan,0.05709471883144595
120960.0,0.2043100882272268,0.20374761555675025,0.20205395613672558,0.19920939580713296,0.19517749612559426,0.18989858333059867,0.1832776683460834,0.17516151655343198,0.16529170235566598,0.1531955372042375,0.13787532589262436,0.11651732273680734,0.060407826937403736,nan,nan,nan,nan,nan,nan,nan,0.05708580749706348
121020.0,0.20422278906896565,0.20366070652541324,0.20196821801170822,0.199125611355854,0.19509645291059985,0.18982107918552182,0.18320452174777546,0.17509358617566792,0.16522992519237,0.15314100930389052,0.13782950277812853,0.1164827072410207,0.060397532295282344,nan,nan,nan,nan,nan,nan,nan,0.057076913179178554
121080.0,0.2041356052120191,0.2035739121985976,0.20188259280300405,0.19904193684727778,0.19501551548752427,0.18974367551167032,0.18313146913066203,0.17502574210307897,0.16516822541747364,0.15308654849449904,0.1377837347223498,0.11644813196428586,0.06038725404642923,nan,nan,nan,nan,nan,nan,nan,0.057068035835121836
121140.0,0.2040485364280068,0.20348723234922864,0.20179708028744558,0.19895837206471786,0.1949346836486926,0.18966637211285922,0.1830585103124756,0.1749579841697113,0.16510660288375728,0.15303215465015713,0.13773802162378174,0.11641359683423244,0.06037699215361475,nan,nan,nan,nan,nan,nan,nan,0.05705917542235589
121200.0,0.20396158248913418,0.2034006667508138,0.20171168024243671,0.19887491679204117,0.1948539571869586,0.1895891687934011,0.1829856451114085,0.17489031221002682,0.16504505744436676,0.15297782764526802,0.13769236338116375,0.11637910177866273,0.060366746579720756,nan,nan,nan,nan,nan,nan,nan,0.057050331898472854
121260.0,0.20387474316819176,0.203314215177442,0.20162639244595207,0.19879157081366766,0.19477333589570456,0.1895120653581055,0.18291287334611206,0.17482272605890245,0.164983588952813,0.15292356735454396,0.13764675989348107,0.11634464672555161,0.06035651728774054,nan,nan,nan,nan,nan,nan,nan,0.05704150522119438
121320.0,0.20378801823855586,0.20322787740378434,0.20154121667653765,0.19870833391457077,0.19469281956884138,0.18943506161227924,0.1828401948356973,0.17475522555163092,0.16492219726297272,0.15286937365300637,0.13760121105996487,0.11631023160304646,0.06034630424077908,nan,nan,nan,nan,nan,nan,nan,0.057032695348371805
121380.0,0.20370140747418536,0.203141653205091,0.20145615271330783,0.1986252058802747,0.19461240800080612,0.18935815736172418,0.18276760939973247,0.1746878105239184,0.16486088222908607,0.15281524641598448,0.13755571678009096,0.11627585633946655,0.06033610740205234,nan,nan,nan,nan,nan,nan,nan,0.05702390223798535
121440.0,0.2036149106496242,0.20305554235719347,0.20137120033594752,0.19854218649685623,0.19453210098656382,0.18928135241273875,0.18269511685824485,0.17462048081188603,0.16479964370575836,0.1527611855191162,0.1375102769535808,0.11624152086330344,0.06032592673488778,nan,nan,nan,nan,nan,nan,nan,0.05701512584814482
121500.0,0.20352852753999273,0.20296954463649622,0.2012863593247041,0.1984592755509371,0.19445189832160018,0.1892046465721111,0.18262271703171423,0.17455323625206418,0.16473848154795484,0.15270719083834405,0.13746489148039814,0.11620722510321883,0.0603157622027224,nan,nan,nan,nan,nan,nan,nan,0.05700636613708728
121560.0,0.20344225792098758,0.20288365981997636,0.20120162946038692,0.19837647282968357,0.19437179980192104,0.18912803964711894,0.18255040974107262,0.1744860766813923,0.16467739561100045,0.15265326224991507,0.13741956026074884,0.11617296898804444,0.06030561376910259,nan,nan,nan,nan,nan,nan,nan,0.056997623063177016
121620.0,0.20335610156888187,0.2027978876851841,0.2011170105243678,0.19829377812080679,0.19429180522405287,0.1890515314455295,0.1824781948077044,0.17441900193721896,0.16461638575058013,0.15259939963038077,0.13737428319508105,0.11613875244678201,0.060295481397684314,nan,nan,nan,nan,nan,nan,nan,0.05698889658490566
121680.0,0.20327005826052244,0.20271222801023964,0.2010325022985782,0.1982111912125601,0.1942119143850402,0.18897512177559736,0.18240607205344456,0.17435201185730004,0.16455545182273704,0.15254560285659563,0.13732906018408403,0.1161045754086027,0.060285365052232476,nan,nan,nan,nan,nan,nan,nan,0.05698018666089149
121740.0,0.2031841277733319,0.20262668057383562,0.20094810456551118,0.19812871189374093,0.19413212708244731,0.1888988104460662,0.18233404130057979,0.1742851062798001,0.16449459368387376,0.15249187180571855,0.13728389112868888,0.1160704378028473,0.06027526469662145,nan,nan,nan,nan,nan,nan,nan,0.05697149324988002
121800.0,0.2030983098853005,0.20254124515522876,0.2008638171082137,0.19804633995368331,0.19405244311435113,0.18882259726616188,0.18226210237184243,0.17421828504328662,0.1644338111907475,0.15243820635520833,0.13723877593006553,0.11603633955902437,0.06026518029483307,nan,nan,nan,nan,nan,nan,nan,0.05696281631074176
121860.0,0.2030126043749858,0.20245592153423952,0.2007796397102859,0.19796407518225737,0.19397286227934085,0.18874648204559213,0.18219025509041015,0.17415154798673,0.16437310420046966,0.1523846063828236,0.13719371448962248,0.11600228060680993,0.06025511181095654,nan,nan,nan,nan,nan,nan,nan,0.05695415580247223
121920.0,0.202927011021513,0.20237070949125263,0.2006955721558818,0.19788191736986965,0.19389338437651824,0.1886704645945469,0.18211849927990637,0.17408489494950355,0.16431247257050627,0.15233107176662308,0.13714870670900678,0.11596826087604763,0.06024505920918864,nan,nan,nan,nan,nan,nan,nan,0.056945511684192034
121980.0,0.20284152960457205,0.20228560880721402,0.2006116142297063,0.1977998663074606,0.19381400920549496,0.1885945447236959,0.18204683476439767,0.17401832577138163,0.16425191615867618,0.15227760238496393,0.1371037524901032,0.11593428029674788,0.06023502245383302,nan,nan,nan,nan,nan,nan,nan,0.056936883915146154
122040.0,0.2027561599044199,0.2022006192636332,0.20052776571701741,0.19771792178650638,0.19373473656639467,0.18851872224419058,0.18197526136839587,0.17395184029254113,0.16419143482315213,0.15222419811650306,0.13705885173503468,0.1159003387990884,0.060225001509300935,nan,nan,nan,nan,nan,nan,nan,0.05692827245470456
122100.0,0.20267090170187232,0.20211574064257504,0.20044402640361825,0.19763608359901141,0.1936555662598458,0.18844299696765704,0.18190377891685156,0.1738854383535558,0.1641310284224563,0.15217085884019294,0.13701400434615954,0.1158664363134122,0.060214996340109024,nan,nan,nan,nan,nan,nan,nan,0.05691967726236003
122160.0,0.2025857547783036,0.2020309727266595,0.20036039607585682,0.19755435153750803,0.19357649808698107,0.18836736870619594,0.18183238723515383,0.1738191197953961,0.16407069681545966,0.1521175844352813,0.136969210226071,0.11583257277022725,0.06020500691087929,nan,nan,nan,nan,nan,nan,nan,0.056911098297728106
122220.0,0.20250071891564694,0.201946315299062,0.20027687452062637,0.1974727253950568,0.1934975318494379,0.1882918372723828,0.18176108614913067,0.17375288445942935,0.16401043986138247,0.15206437478131157,0.13692446927759752,0.11579874810020675,0.060195033186339404,nan,nan,nan,nan,nan,nan,nan,0.056902535520547214
122280.0,0.2024157938963916,0.20186176814351067,0.2001934615253625,0.19739120496524384,0.19341866734935595,0.1882164024792657,0.18168987548504667,0.17368673218741795,0.1639502574197924,0.15201122975812112,0.13687978140380164,0.1157649622341882,0.06018507513132189,nan,nan,nan,nan,nan,nan,nan,0.05689398889067797
122340.0,0.20233097950358506,0.20177733104428835,0.2001101568780455,0.19730979004218288,0.19333990438937887,0.1881410641403667,0.18161875506960476,0.17362066282152053,0.16389014935060603,0.15195814924584256,0.13683514650798062,0.11573121510317402,0.06017513271076482,nan,nan,nan,nan,nan,nan,nan,0.05688545836810379
122400.0,0.20224627552082503,0.20169300378622482,0.20002696036719234,0.19722848042050772,0.19326124277264736,0.18806582206967565,0.18154772472993985,0.17355467620428666,0.1638301155140837,0.1519051331248997,0.1367905644936635,0.1156975066383294,0.06016520588970978,nan,nan,nan,nan,nan,nan,nan,0.056876943912928746
122460.0,0.20216168173225912,0.20160878615469635,0.19994387178185644,0.19714727589537193,0.19318268230279872,0.1879906760816496,0.1814767842936189,0.1734887721786567,0.16377015577082957,0.1518521812760073,0.13674603526461104,0.11566383677098221,0.060155294633301805,nan,nan,nan,nan,nan,nan,nan,0.056868445485377436
122520.0,0.20207719792258533,0.2015246779356262,0.1998608909116282,0.19706617626244932,0.19310422278396733,0.18791562599121323,0.18140593358864093,0.1734229505879618,0.16371026998179178,0.15179929358017127,0.13670155872481554,0.11563020543262306,0.060145398906789646,nan,nan,nan,nan,nan,nan,nan,0.05685996304579525
122580.0,0.2019928238770491,0.20144067891548173,0.19977801754663208,0.19698518131793114,0.19302586402078192,0.18784067161375645,0.18133517244343517,0.17335721127592216,0.16365045800826075,0.15174646991868723,0.13665713477849994,0.11559661255490453,0.060135518675524954,nan,nan,nan,nan,nan,nan,nan,0.05685149655464757
122640.0,0.20190855938144542,0.2013567888812766,0.19969525147752862,0.19690429085852812,0.1929476058183677,0.18776581276513607,0.18126450068686217,0.17329155408664834,0.1635907197118703,0.1516937101731416,0.13661276333011868,0.11556305806964168,0.06012565390496299,nan,nan,nan,nan,nan,nan,nan,0.056843045972520385
122700.0,0.20182440422211112,0.20127300762056288,0.19961259249550703,0.19682350468146326,0.19286944798233918,0.18769104926166952,0.18119391814820834,0.173225978864636,0.16353105495459325,0.15164101422540763,0.13656844428435444,0.11552954190880999,0.06011580456066063,nan,nan,nan,nan,nan,nan,nan,0.05683461126011823
122760.0,0.20174035818592462,0.20118933492143082,0.19953004039228475,0.19674282258447115,0.19279139031880005,0.18761638092013427,0.18112342465718528,0.17316048545476548,0.16347146359874082,0.15158838195764526,0.13652417754611806,0.11549606400454523,0.060105970608276334,nan,nan,nan,nan,nan,nan,nan,0.056826192378264105
122820.0,0.201656421060306,0.20110577057250928,0.19944759496010778,0.19666224436579885,0.19271343263434326,0.1875418075577684,0.1810530200439302,0.17309507370230223,0.16341194550696314,0.15153581325230125,0.1364799630205488,0.11546262428914357,0.060096152013570305,nan,nan,nan,nan,nan,nan,nan,0.056817789287899594
122880.0,0.20157259263321467,0.20102231436296292,0.19936525599174815,0.1965817698242028,0.19263557473604886,0.1874673289922681,0.18098270413900397,0.1730297434528948,0.1633525005422475,0.15148330799210777,0.13643580061301305,0.11542922269506078,0.06008634874240384,nan,nan,nan,nan,nan,nan,nan,0.05680940195008421
122940.0,0.20148887269315102,0.2009389660824941,0.1992830232805057,0.19650139875895106,0.1925578164314856,0.18739294504178933,0.18091247677339234,0.17296449455257618,0.16329312856791955,0.15143086606008352,0.13639169022910524,0.11539585915491275,0.06007656076074001,nan,nan,nan,nan,nan,nan,nan,0.05680103032599595
123000.0,0.2014052610291491,0.20085572552133557,0.19920089662020093,0.19642113096981606,0.19248015752870412,0.1873186555249417,0.1808423377785004,0.1728993268477588,0.16323382944763865,0.15137848733952974,0.13634763177464482,0.11536253360147353,0.060066788034641605,nan,nan,nan,nan,nan,nan,nan,0.05679267437692923
123060.0,0.20132175743077602,0.20077259247025,0.19911887580517437,0.19634096625707415,0.19240259783623676,0.18724446026078792,0.18077228698615197,0.17283424018523383,0.16317460304539774,0.15132617171403007,0.136303625155676,0.11532924596767502,0.06005703053027111,nan,nan,nan,nan,nan,nan,nan,0.056784334064294895
123120.0,0.20123836168813253,0.20068956672053032,0.19903696063028717,0.19626090442150615,0.19232513716309774,0.18717035906884422,0.18070232422859017,0.17276923441217187,0.1631154492255235,0.15127391906745083,0.13625967027846814,0.11529599618660728,0.0600472882138909,nan,nan,nan,nan,nan,nan,nan,0.05677600934962028
123180.0,0.2011550735918502,0.20060664806399706,0.19895515089091834,0.19618094526439464,0.19224777531878096,0.18709635176907802,0.18063244933847533,0.17270430937612086,0.1630563678526748,0.1512217292839395,0.13621576704951427,0.11526278419151763,0.06003756105186262,nan,nan,nan,nan,nan,nan,nan,0.056767700194548555
123240.0,0.2010718929330935,0.20052383629300036,0.19887344638296667,0.1961010885875259,0.19217051211326153,0.1870224381819097,0.18056266214888617,0.1726394649250073,0.16299735879184366,0.1511696022479258,0.13617191537553222,0.11522960991581119,0.06002784901064776,nan,nan,nan,nan,nan,nan,nan,0.05675940656083935
123300.0,0.20098881950355227,0.20044113120041257,0.19879184690284368,0.19602133419318302,0.19209334735698916,0.18694861812820618,0.18049296249331442,0.17257470090713148,0.16293842190835106,0.15111753784411786,0.13612811516346154,0.11519647329304891,0.06001815205680573,nan,nan,nan,nan,nan,nan,nan,0.056751128410366676
123360.0,0.20090585309544137,0.20035853257962782,0.19871035224747297,0.19594168188414512,0.19201628086088796,0.1868748914292808,0.1804233502056644,0.17251001717116687,0.16287955706784646,0.1510655359575021,0.1360843663204633,0.11516337425694742,0.06000847015699387,nan,nan,nan,nan,nan,nan,nan,0.056742865705118856
123420.0,0.2008229935015011,0.2002760402245625,0.19862896221429083,0.19586213146368844,0.19193931243635662,0.1868012579068934,0.18035382512025322,0.1724454135661606,0.16282076413630814,0.1510135964733433,0.1360406687539202,0.1151303127413791,0.059998803277967604,nan,nan,nan,nan,nan,nan,nan,0.056734618407198734
123480.0,0.2007402405149945,0.20019365392965244,0.1985476766012435,0.19578268273558305,0.19186244189526608,0.1867277173832483,0.180284387071809,0.17238088994153133,0.16276204298004154,0.15096171927718344,0.13599702237143585,0.11509728868037139,0.059989151386579787,nan,nan,nan,nan,nan,nan,nan,0.056726386478822936
123540.0,0.2006575939297093,0.20011137348985508,0.19846649520678913,0.19570333550409516,0.19178566904996128,0.18665426968099585,0.18021503589547194,0.17231644614707098,0.16270339346568047,0.1509099042548423,0.13595342708083483,0.11506430200810722,0.0599795144497812,nan,nan,nan,nan,nan,nan,nan,0.056718169882322485
123600.0,0.20057505353995056,0.20002919870064212,0.19838541782989078,0.19562408957398023,0.19170899371325473,0.1865809146232263,0.180145771426789,0.17225208203293924,0.16264481546018256,0.15085815129241437,0.13590988279016056,0.11503135265892311,0.059969892434618886,nan,nan,nan,nan,nan,nan,nan,0.056709968580140796
123660.0,0.2004926191405405,0.19994712935799897,0.19830444427001573,0.19554494475048234,0.1916324156984258,0.1865076520334693,0.18007659350171362,0.1721877974496637,0.16258630883082928,0.15080646027626793,0.13586638940767465,0.11499844056730904,0.059960285308235994,nan,nan,nan,nan,nan,nan,nan,0.05670178253483363
123720.0,0.2004102905268187,0.19986516525842543,0.19822357432713616,0.19546590083933477,0.19155593481922156,0.1864344817356947,0.18000750195660573,0.17212359224813983,0.16252787344522587,0.1507548310930458,0.13582294684185714,0.11496556566790844,0.05995069303787194,nan,nan,nan,nan,nan,nan,nan,0.056693611709069225
123780.0,0.2003280674946395,0.19978330619893295,0.1981428078017266,0.19538695764675762,0.19147955088985408,0.18636140355430977,0.17993849662823008,0.17205946627962931,0.16246950917130007,0.15070326362966377,0.1357795550014056,0.11493272789551759,0.05994111559086184,nan,nan,nan,nan,nan,nan,nan,0.05668545606562765
123840.0,0.200245949840374,0.19970155197704645,0.19806214449476553,0.19530811497945932,0.19140326372500227,0.18628841731416124,0.1798695773537574,0.17199541939576118,0.16241121587730284,0.15065175777331152,0.13573621379523565,0.11489992718508603,0.05993155293463714,nan,nan,nan,nan,nan,nan,nan,0.05667731556740132
123900.0,0.2001639373609028,0.1996199023907973,0.19798158420772866,0.19522937264463008,0.19132707313980535,0.18621552284052895,0.179800743970759,0.17193145144852717,0.16235299343180443,0.15060031341144917,0.1356929231324783,0.11486716347171463,0.05992200503672369,nan,nan,nan,nan,nan,nan,nan,0.05666919017739309
123960.0,0.20008202985361573,0.19953835723872304,0.19790112674258842,0.19515073044994158,0.19125097894986265,0.18614271995912585,0.1797319963172066,0.17186756229028102,0.16229484170369396,0.15054893043180678,0.13564968292247978,0.1148344366906556,0.059912471864741614,nan,nan,nan,nan,nan,nan,nan,0.05666107985871622
124020.0,0.20000022711641205,0.19945691631986745,0.1978207719018144,0.1950721882035471,0.19117498097123398,0.18607000849609806,0.17966333423147235,0.17180375177373916,0.16223676056217962,0.1504976087223849,0.1356064930748014,0.11480174677731228,0.05990295338640567,nan,nan,nan,nan,nan,nan,nan,0.05665298457459449
124080.0,0.19991852894769813,0.19937557943377843,0.19774051948837093,0.19499374571407935,0.1910990790204371,0.1859973882780228,0.17959475755232707,0.17174001975197853,0.16217874987678718,0.15044634817145303,0.13556335349921908,0.11476909366723874,0.059893449569524575,nan,nan,nan,nan,nan,nan,nan,0.056644904288361525
124140.0,0.19983693514638665,0.19929434638050697,0.19766036930571618,0.19491540279064976,0.19102327291444732,0.185924859131908,0.17952626611893968,0.17167636607843656,0.1621208095173596,0.15039514866754927,0.13552026410572243,0.11473647729613946,0.059883960382000945,nan,nan,nan,nan,nan,nan,nan,0.05663683896346074
124200.0,0.1997554455118956,0.1992132169606063,0.19758032115780136,0.19483715924284747,0.1909475624706966,0.18585242088519105,0.17945785977087625,0.17161279060690995,0.16206293935405636,0.15034401009947984,0.13547722480451477,0.11470389759986896,0.059874485791831085,nan,nan,nan,nan,nan,nan,nan,0.05662878856344504
124260.0,0.19967405758782253,0.19913215862047828,0.19750025150146805,0.1947587373865907,0.1908714483337985,0.18577927729306626,0.1793883567497001,0.1715476131772004,0.16200280062417255,0.150289670404611,0.13542949910225127,0.11466339106986492,0.05977048170196956,nan,nan,nan,nan,nan,nan,nan,0.056620865596400546
124320.0,0.19959276892614833,0.19905119906883398,0.1974202792136593,0.19468041053788315,0.19079542590965573,0.18570622119238295,0.1793189360758713,0.17148251202157322,0.16194273113669522,0.1502353918817121,0.13538182525006218,0.11462292510885912,0.05966585760491169,nan,nan,nan,nan,nan,nan,nan,0.056612991160709086
124380.0,0.1995115793457395,0.19897033812549442,0.19734040411705292,0.19460217852414113,0.19071949503227353,0.1856332524255456,0.1792495976019618,0.17141748700450163,0.16188273076972473,0.1501811744242897,0.13533420315884503,0.11458249964777667,0.059560589735573544,nan,nan,nan,nan,nan,nan,nan,0.05660514063324757
124440.0,0.19943048866482277,0.19888957560964307,0.19726062603369604,0.19452404117216207,0.19064365553505463,0.18556037083437787,0.1791803411799902,0.1713525379899396,0.16182279940088304,0.15012701792542257,0.13528663273913397,0.11454211461731163,0.05945467358827303,nan,nan,nan,nan,nan,nan,nan,0.05659730937014422
124500.0,0.19934949670201166,0.19880891134084827,0.19718094478601378,0.1944459983091103,0.19056790725175343,0.18548757626103565,0.17911116666228397,0.1712876648421226,0.1617629369080429,0.15007292227840618,0.13523911390164212,0.11450176994857891,0.05934804066340171,nan,nan,nan,nan,nan,nan,nan,0.056589495348503716
124560.0,0.19926860327641763,0.1987283451391731,0.19710136019691782,0.19436804976262284,0.1904922500165775,0.18541486854810335,0.1790420739015693,0.17122286742565035,0.16170314316940215,0.15001888737681707,0.13519164655731458,0.11446146557393452,0.05924065801107066,nan,nan,nan,nan,nan,nan,nan,0.05658169759503949
124620.0,0.19918780820750576,0.19864787682503246,0.19702187208966565,0.19429019536067257,0.19041668366405695,0.18534224753847095,0.17897306275085728,0.17115814560538353,0.16164341806339236,0.149964913114435,0.13514423061726627,0.11442120142722834,0.05913252612795114,nan,nan,nan,nan,nan,nan,nan,0.05657391543574883
124680.0,0.19910711131517086,0.19856750621926855,0.1969424802879349,0.19421243493164056,0.19034120802911342,0.18526971307539852,0.17890413306350367,0.17109349924649772,0.16158376146872613,0.1499109993852831,0.1350968659928149,0.1143809774443953,0.05902364577315826,nan,nan,nan,nan,nan,nan,nan,0.05656614841988139
124740.0,0.19902651241976102,0.1984872331431743,0.19686318461584623,0.19413476830433815,0.19026582294708086,0.18519726500253617,0.17883528469322738,0.1710289282145,0.16152417326441193,0.1498571460836403,0.1350495525954927,0.11434079356355714,0.05891401789474623,nan,nan,nan,nan,nan,nan,nan,0.056558396257705694
124800.0,0.19894601134212744,0.19840705741854292,0.1967839848980117,0.19405719530805401,0.190190528253751,0.18512490316396657,0.17876651749414924,0.17096443237526446,0.16146465332978527,0.14980335310406784,0.13500229033707634,0.11430064972467505,0.05880363697595718,nan,nan,nan,nan,nan,nan,nan,0.05655065874380081
124860.0,0.19886560790374874,0.19832697886779116,0.1967048809596563,0.19397971577267142,0.1901153237854852,0.18505262740431017,0.1786978313208899,0.1709000115951203,0.1614052015445859,0.14974962034147457,0.13495507912965898,0.11426054586881693,0.05869243081255822,nan,nan,nan,nan,nan,nan,nan,0.056542935722303615
124920.0,0.19878530192573174,0.19824699731296677,0.19662587262564327,0.19390232952772452,0.1900402093783126,0.1849804375678771,0.1786292260277857,0.17083566574014303,0.1613458177883349,0.14969594769058986,0.13490791888519055,0.11422048193601014,0.05858038357600507,nan,nan,nan,nan,nan,nan,nan,0.05653522699526537
124980.0,0.1987050932306385,0.19816711257756375,0.19654695972225628,0.1938250364041243,0.18996518486957947,0.18490833350021843,0.17856070147032216,0.17077139467745042,0.16128650194147415,0.14964233504692806,0.1348608095163561,0.11418045786775738,0.058467496666331074,nan,nan,nan,nan,nan,nan,nan,0.056527532479971616
125040.0,0.1986249816402938,0.19808732448434374,0.19646814207506066,0.19374783623208708,0.18989025009596971,0.1848363150462642,0.17849225750341377,0.1707071982736472,0.16122725388399844,0.1495887823056309,0.13481375093551723,0.11414047360445803,0.05835377141623681,nan,nan,nan,nan,nan,nan,nan,0.05651985202853917
125100.0,0.1985449669782114,0.19800763285774714,0.19638941951126992,0.19367072884342715,0.18981540489569554,0.18476438205238388,0.1784238939833074,0.17064307639654636,0.16116807349696938,0.14953528936274932,0.13476674305595224,0.11410052908616064,0.05823918468433297,nan,nan,nan,nan,nan,nan,nan,0.05651218559051631
125160.0,0.19846504906710816,0.19792803752142246,0.1963107918573212,0.1935937140692075,0.1897406491062528,0.18469253436427552,0.17835561076563214,0.17057902891340532,0.16110896066096414,0.14948185611393028,0.13471978579056137,0.11406062425276495,0.058123673882433446,nan,nan,nan,nan,nan,nan,nan,0.0565045330602656
125220.0,0.198385227731288,0.1978485383005959,0.19623225894120055,0.19351679174199288,0.18966598256657363,0.18462077182898984,0.1782874077072697,0.17051505569261738,0.16104991525756318,0.14942848245567802,0.13467287905318284,0.11402075904222478,0.058007238266378325,nan,nan,nan,nan,nan,nan,nan,0.056496894390509284
125280.0,0.1983055027950878,0.19776913502052645,0.19615382059092712,0.1934399616943811,0.18959140511562336,0.18454909429361094,0.17821928466513492,0.1704511566026094,0.16099093716838064,0.14937516828453762,0.1346260227577386,0.11398093339206145,0.05788987946796662,nan,nan,nan,nan,nan,nan,nan,0.05648926951119184
125340.0,0.19822587408397663,0.1976898275075987,0.19607547663562525,0.19336322376004178,0.1895169165933927,0.18447750160618945,0.1781512414970386,0.17038733151262123,0.1609320262757501,0.1493219134976745,0.1345792168188642,0.1139411472378972,0.05777155714102771,nan,nan,nan,nan,nan,nan,nan,0.05648165837435475
125400.0,0.19814634142104015,0.19761061558582851,0.19599722690209506,0.19328657777039393,0.18944251683772376,0.1844059936127569,0.17808327805892815,0.17032358029021133,0.1608731824605301,0.14926871799099467,0.1345324611497395,0.11390140051965925,0.05765223121334974,nan,nan,nan,nan,nan,nan,nan,0.056474060899372874
125460.0,0.19806690463134122,0.1975314990811971,0.19591907121906638,0.19321002355872696,0.18936820568824697,0.1843345701610291,0.17801539420831003,0.17025990280435105,0.1608144056048263,0.14921558166148366,0.13448575566477355,0.11386169317402273,0.05753190391857444,nan,nan,nan,nan,nan,nan,nan,0.056466477028798194
125520.0,0.1979875635439011,0.19745247782362008,0.19584100941913113,0.19313356096207315,0.18929398298817024,0.18426323110208886,0.17794758980580427,0.17019629892683044,0.16075569559322883,0.14916250440828185,0.134439100280777,0.11382202513161226,0.0574105395354705,nan,nan,nan,nan,nan,nan,nan,0.05645890674425242
125580.0,0.1979083179818484,0.19737355163715659,0.19576304132913386,0.19305718981189762,0.1892198485753841,0.18419197628201933,0.1778798647074138,0.17013276852526768,0.16069705230666104,0.1491094861273624,0.13439249491104235,0.11378239633209566,0.05728810249199074,nan,nan,nan,nan,nan,nan,nan,0.05645134996919705
125640.0,0.19782916777036366,0.1972947203479054,0.19568516677792158,0.1929809099416066,0.18914580228963518,0.18412080554865148,0.17781221877075898,0.17006931146874682,0.16063847562734007,0.14905652671582337,0.13434593947011803,0.1137428067120197,0.05716458364189988,nan,nan,nan,nan,nan,nan,nan,0.056443806647345836
125700.0,0.19775011274175155,0.19721598378904606,0.19560738560129168,0.1929047211913409,0.1890718439771056,0.18404971875587198,0.1777446518590583,0.1700059276314174,0.1605799654419478,0.14900362607467532,0.13429943387651563,0.11370325619988418,0.0570399358960923,nan,nan,nan,nan,nan,nan,nan,0.05643627677294966
125760.0,0.19767115271982164,0.19713734178531506,0.19552969762675537,0.19282862339321472,0.18899797347631053,0.1839787157503573,0.17767716382887047,0.1699426168814098,0.16052152163186978,0.14895078410029886,0.13425297804407016,0.11366374473381241,0.0569141440013575,nan,nan,nan,nan,nan,nan,nan,0.05642876027999663
125820.0,0.19759228753109837,0.19705879416414754,0.19545210268447322,0.1927526163819099,0.18892419062821975,0.18390779638109495,0.17760975453889216,0.16987937908879083,0.16046314408020093,0.14889800069057557,0.1342065718881411,0.11362427224887323,0.056787168291029595,nan,nan,nan,nan,nan,nan,nan,0.056421257121734396
125880.0,0.19751351700635206,0.1969803407571985,0.19537460060874814,0.19267669999612264,0.18885049527763959,0.18383696050068354,0.1775424238511592,0.16981621412665046,0.16040483267270558,0.14884527574575646,0.13416021532617925,0.11358483867716296,0.05665897902664997,nan,nan,nan,nan,nan,nan,nan,0.05641376727054258
125940.0,0.19743484097397201,0.1969019813937568,0.19529719123156142,0.19260087407230084,0.1887768872672301,0.18376620795970425,0.17747517162584592,0.1697531218663982,0.16034658729367046,0.14879260916478904,0.134113908274497,0.11354544395246335,0.05652954398651176,nan,nan,nan,nan,nan,nan,nan,0.05640629068809031
126000.0,0.1973562592612043,0.19682371590197534,0.19521987438377986,0.19252513844581376,0.18870336643862212,0.18369553860777235,0.1774079977222366,0.16969010217864183,0.16028840782667955,0.1487400008460032,0.13406765064887227,0.113506088009374,0.056398827330903775,nan,nan,nan,nan,nan,nan,nan,0.056398827330903775
126060.0,0.19727777387406445,0.19674557587528857,0.1951427711197049,0.19244976576520237,0.1886304235450538,0.1836257354901839,0.17734206504106742,0.16962880958090115,0.16023259935624812,0.14869066971622644,0.1340261251692242,0.11347467508424765,0.05639126808099195,nan,nan,nan,nan,nan,nan,nan,0.05639126808099195
126120.0,0.19719938681804253,0.1966675336785472,0.19506576418354865,0.19237448691366818,0.18855757099009202,0.18355601823267917,0.17727621275039407,0.1695675908942016,0.16017685725465486,0.1486413962227262,0.1339846470952396,0.11344329693384944,0.056383689460817975,nan,nan,nan,nan,nan,nan,nan,0.056383689460817975
126180.0,0.1971210978990896,0.1965895891187927,0.194988853385616,0.19229930170693227,0.18848480859699474,0.18348638666813608,0.17721044069476327,0.16950644597679343,0.160121181395936,0.14859218025769452,0.1339432163404922,0.11341195349469048,0.05637611546566147,nan,nan,nan,nan,nan,nan,nan,0.05637611546566147
126240.0,0.1970429069332166,0.1965117420130704,0.19491203854604927,0.19222420997027612,0.1884121361981949,0.1834168406381155,0.1771447487268072,0.16944537469430954,0.16006557166070248,0.14854302171897618,0.13390183282307125,0.11338064470637485,0.05636855012417181,nan,nan,nan,nan,nan,nan,nan,0.05636855012417181
126300.0,0.19696481373868563,0.19643399218066615,0.19483531948719815,0.19214921153113407,0.1883395536282017,0.18334737998615602,0.1770791367010152,0.16938437691409775,0.16001002793111585,0.14849392050577997,0.13386049646215548,0.11334937050887842,0.05636099530136282,nan,nan,nan,nan,nan,nan,nan,0.05636099530136282
126360.0,0.1968868181384343,0.19635633944551456,0.19475869603598137,0.192074306221377,0.18826706072577698,0.18327800455981408,0.17701360447561032,0.1693234525069059,0.15995455009235598,0.14844487651989724,0.13381920717895773,0.11331813084294931,0.056353452034515715,nan,nan,nan,nan,nan,nan,nan,0.056353452034515715
126420.0,0.19680891994508287,0.19627878362129056,0.19468216800923127,0.19199949386307685,0.18819465732028345,0.18320871419775775,0.17694815190054647,0.16926260133594084,0.1598991380229032,0.1483958896573917,0.13377796489005367,0.11328692564457882,0.05634592092082098,nan,nan,nan,nan,nan,nan,nan,0.05634592092082098
126480.0,0.1967311189726445,0.196201324523054,0.19460573522514088,0.19192477427962612,0.18812234324234883,0.18313950873984908,0.17688277882688586,0.16920182326541755,0.1598437916021335,0.1483469598150959,0.13373676951258737,0.1132557548483835,0.056338402262425154,nan,nan,nan,nan,nan,nan,nan,0.056338402262425154
126540.0,0.19665341503720757,0.19612396196792806,0.19452939750393095,0.1918501472963861,0.18805011832448743,0.18307038802773204,0.1768174851073458,0.1691411181610578,0.15978851071076183,0.1482980868909894,0.13369562096457385,0.11322461838773801,0.05633089624967401,nan,nan,nan,nan,nan,nan,nan,0.05633089624967401
126600.0,0.19657580795689705,0.19604669577506084,0.19445315466781182,0.19177561274064908,0.18797798240106323,0.18300135190479674,0.17675227059626447,0.16908048589005842,0.15973329523081434,0.1482492707841736,0.13365451916484164,0.11319351619453755,0.056323403003030334,nan,nan,nan,nan,nan,nan,nan,0.056323403003030334
126660.0,0.19649829754860443,0.19596952576237392,0.19437700653778858,0.19170117043853735,0.18790593530531918,0.18293240021337442,0.17668713514699658,0.16901992631872062,0.15967814504352124,0.14820051139306856,0.13361346403170554,0.11316244820146967,0.056315922677149216,nan,nan,nan,nan,nan,nan,nan,0.056315922677149216
126720.0,0.1964208836316234,0.19589245175017703,0.19430095293721233,0.19162682021844915,0.18783397687267717,0.18286353279785184,0.17662207861480306,0.16895943931507892,0.15962306003165383,0.14815180861741079,0.13357245548436658,0.11313141433961915,0.05630845531815948,nan,nan,nan,nan,nan,nan,nan,0.05630845531815948
126780.0,0.19634356602425793,0.1958154735577958,0.19422499368846727,0.19155256190784448,0.18776210693766016,0.18279474950176705,0.1765571008541572,0.16889902474645105,0.15956804007734626,0.14810316235639082,0.13353149344161946,0.1131004145412503,0.056301001011425295,nan,nan,nan,nan,nan,nan,nan,0.056301001011425295
126840.0,0.19626634454620667,0.19573859100594232,0.19414912861529895,0.1914783953355032,0.1876903253360539,0.1827260501698481,0.1764922017206343,0.16883868248115536,0.15951308506362263,0.1480545725099564,0.13349057782269316,0.11306944873849968,0.056293559766949934,nan,nan,nan,nan,nan,nan,nan,0.056293559766949934
126900.0,0.196189219017114,0.19566180391527474,0.19407335754139982,0.19140432033015348,0.18761863190359396,0.18265743464677509,0.17642738106976444,0.168778412387469,0.15945819487347035,0.14800603897801923,0.13344970854672608,0.11303851686489758,0.05628613161175213,nan,nan,nan,nan,nan,nan,nan,0.05628613161175213
126960.0,0.196112189256979,0.19558511210680357,0.19399768029080822,0.19133033672085875,0.18754702647633664,0.18258890277753018,0.17636263875735753,0.16871821433392273,0.1594033693901024,0.14795756166068247,0.13340888553295338,0.11300761885413797,0.05627871655365429,nan,nan,nan,nan,nan,nan,nan,0.05627871655365429
127020.0,0.19603525508817027,0.1955085154038945,0.19392209668987492,0.1912564443389234,0.1874755088924802,0.18252045440911174,0.17629797464108876,0.16865808819074068,0.1593486084982358,0.14790914045929643,0.13336810870100219,0.1129767546457687,0.05627131457025118,nan,nan,nan,nan,nan,nan,nan,0.05627131457025118
127080.0,0.19595841633000297,0.19543201362687845,0.19384660656197106,0.19118264301276422,0.1874040789874629,0.18245208938592028,0.17623338857622978,0.16859803382596536,0.15929391208064958,0.14786077527360153,0.1333273779699782,0.11294592417210063,0.05626392568877398,nan,nan,nan,nan,nan,nan,nan,0.05626392568877398
127140.0,0.1958816728027704,0.19535560659705847,0.19377120973142226,0.19110893257172318,0.18733273659760707,0.18238380755318848,0.17616888041882228,0.16853805110833817,0.1592392800207436,0.14781246600385423,0.13328669325915599,0.11291512736772735,0.056256549919307265,nan,nan,nan,nan,nan,nan,nan,0.056256549919307265
127200.0,0.19580502433174418,0.1952792941406857,0.193695906027412,0.19103531284985037,0.18726148156373618,0.18231560876038652,0.17610445002882918,0.16847813991016053,0.15918471220507768,0.14776421255291566,0.13324605448872576,0.11288436417788794,0.05624918721329673,nan,nan,nan,nan,nan,nan,nan,0.05624918721329673
127260.0,0.19572847073676083,0.19520307607860918,0.19362069527382017,0.1909617836760556,0.18719031372175954,0.18224749285235828,0.17604009726193237,0.1684183000998472,0.15913020851676163,0.14771601482080338,0.13320546157787788,0.11285363453620181,0.056241837586129544,nan,nan,nan,nan,nan,nan,nan,0.056241837586129544
127320.0,0.19565201183911698,0.19512695223312923,0.19354557729595145,0.19088834488062967,0.18711923290890672,0.18217945967519045,0.1759758219749637,0.16835853154685698,0.15907576883983213,0.14766787270829884,0.13316491444607145,0.11282293837940996,0.05623450103601501,nan,nan,nan,nan,nan,nan,nan,0.05623450103601501
127380.0,0.19557564746604136,0.1950509224324423,0.19347055192489926,0.19081499629947404,0.1870482389677711,0.18211150908002025,0.17591162402942956,0.16829883412489344,0.15902139306208796,0.14761978611924587,0.13312441301402722,0.1127922756552,0.05622717751242081,nan,nan,nan,nan,nan,nan,nan,0.05622717751242081
127440.0,0.19549937743865614,0.19497498649867526,0.19339561898579796,0.1907417377627145,0.18697733173542447,0.1820436409127858,0.17584750328202448,0.16823920770329057,0.1589670810674551,0.14757175495433675,0.1330839572011638,0.1127616463000242,0.0562198670145877,nan,nan,nan,nan,nan,nan,nan,0.0562198670145877
127500.0,0.1954232015794713,0.19489914425533433,0.19332077830513628,0.19066856910178942,0.18690651105019337,0.1819758550206068,0.17578345959053632,0.1681796521523753,0.15891283274073983,0.14752377911497985,0.1330435469271959,0.1127310502528881,0.05621256953044502,nan,nan,nan,nan,nan,nan,nan,0.05621256953044502
127560.0,0.19534711971691424,0.19482339553180753,0.19324602971517746,0.19059549015373428,0.18683577675575563,0.18190815125564175,0.17571949281741767,0.16812016734671087,0.15885864797049398,0.14747585850558306,0.1330031821134155,0.11270048746158234,0.05620528501940794,nan,nan,nan,nan,nan,nan,nan,0.05620528501940794
127620.0,0.19527113167372773,0.1947477401518325,0.19317137304263726,0.19052250075020763,0.18676512869064837,0.18184052946520857,0.1756556028206399,0.1680607531567909,0.1588045266416714,0.14742799302767504,0.132962862679587,0.11266995786554086,0.056198013467508,nan,nan,nan,nan,nan,nan,nan,0.056198013467508
127680.0,0.19519523727367546,0.19467217794016162,0.19309680811522792,0.1904496007238337,0.18669456669433188,0.18177298949749443,0.1755917894589793,0.16800140945383976,0.1587504686398721,0.1473801825833015,0.13292258854574893,0.1126394614056984,0.056190754855996686,nan,nan,nan,nan,nan,nan,nan,0.056190754855996686
127740.0,0.1951194363510523,0.19459670873201476,0.1930223347709385,0.1903767899171983,0.18662409061579072,0.18170553120965605,0.17552805259951726,0.1679421361166239,0.1586964738573348,0.147332427079737,0.13288235963573522,0.11260899803362767,0.056183509144894145,nan,nan,nan,nan,nan,nan,nan,0.056183509144894145
127800.0,0.1950437287270358,0.19452133234957386,0.19294795283495747,0.19030406816047946,0.18655370029214643,0.18163815444767795,0.17546439209899034,0.16788293301451557,0.1586425421780303,0.14728472641774762,0.13284217586861294,0.11257856768784999,0.05617627631951239,nan,nan,nan,nan,nan,nan,nan,0.05617627631951239
127860.0,0.19496811422584193,0.1944460486180409,0.19287366213543825,0.1902314352867291,0.1864833955632683,0.18157085906013254,0.17540080781653128,0.16782380001906302,0.15858867348784467,0.14723708049960685,0.13280203716455313,0.11254817030990981,0.056169056359305046,nan,nan,nan,nan,nan,nan,nan,0.056169056359305046
127920.0,0.19489259267264303,0.19437085736356843,0.19279946250146762,0.19015889112990392,0.18641317626989062,0.18150364489640675,0.17533729961202713,0.1677647370024995,0.15853486767326663,0.14718948922806285,0.13276194344407466,0.11251780584230314,0.05616184924188166,nan,nan,nan,nan,nan,nan,nan,0.05616184924188166
127980.0,0.19481716389261144,0.19429575841230898,0.19272535376213243,0.19008643552396057,0.18634304225274767,0.18143651180588755,0.17527386734536493,0.16770574383705816,0.15848112462078495,0.1471419525058638,0.13272189462769624,0.11248747422752602,0.056154654944851806,nan,nan,nan,nan,nan,nan,nan,0.056154654944851806
128040.0,0.1947418277280334,0.19422075160742547,0.19265133576322044,0.19001406831904447,0.18627299336805195,0.1813694596525392,0.1752105108899308,0.167646820407226,0.15842744422763755,0.1470944702442205,0.1326818906429617,0.1124571754214966,0.0561474734238545,nan,nan,nan,nan,nan,nan,nan,0.0561474734238545
128100.0,0.19466658399917572,0.19414583677019467,0.1925774083290313,0.18994178934447195,0.18620302945210113,0.18130248828157033,0.17514723010174246,0.16758796658172384,0.15837382637723202,0.14704704234345542,0.13264193140837616,0.11242690936286359,0.05614030466279689,nan,nan,nan,nan,nan,nan,nan,0.05614030466279689
128160.0,0.1945914325314057,0.1940710137269629,0.19250357128884202,0.1898695984343841,0.18613315034580577,0.18123559754253388,0.17508402484084065,0.16752918223292443,0.1583202709561796,0.14699966870641304,0.13260201684453832,0.11239667599427593,0.05613314863903828,nan,nan,nan,nan,nan,nan,nan,0.05613314863903828
128220.0,0.1945163731516961,0.19399628230567215,0.19242982447349632,0.18979749542444066,0.18606335589152845,0.18116878728635027,0.17502089496853251,0.16747046723435,0.15826677785209994,0.1469523492367318,0.132562146872706,0.11236647525964162,0.056126005327876975,nan,nan,nan,nan,nan,nan,nan,0.056126005327876975
128280.0,0.19444140568701956,0.19392164233426443,0.1923561677138379,0.18972548015030127,0.18599364593163178,0.18110205736394003,0.17495784034612516,0.16741182145952288,0.15821334695261252,0.14690508383805012,0.13252232141413697,0.11233630710286868,0.05611887470461125,nan,nan,nan,nan,nan,nan,nan,0.05611887470461125
128340.0,0.19436652998456047,0.1938470936607713,0.19228260086043486,0.1896535524667453,0.18592402032675956,0.1810354076434424,0.17489486085087202,0.16735324479643088,0.15815997815797778,0.14685787242404988,0.13248254039918037,0.11230617148000158,0.05611175672712049,nan,nan,nan,nan,nan,nan,nan,0.05611175672712049
128400.0,0.19429174586549813,0.19377263610737644,0.19220912373847712,0.18958171220395212,0.18585447891403434,0.1809688379708423,0.17483195633950954,0.16729473711444987,0.15810667135219192,0.1468107148954907,0.1324428037464881,0.11227606833146957,0.05610465137569587,nan,nan,nan,nan,nan,nan,nan,0.05610465137569587
128460.0,0.19421705315703547,0.19369826950225066,0.19213573617903312,0.18950995919779912,0.18578502153602688,0.18090234819725637,0.17476912667352634,0.16723629828726685,0.15805342642301853,0.1467636111561253,0.1324031113774214,0.1122459976013189,0.056097558625437284,nan,nan,nan,nan,nan,nan,nan,0.056097558625437284
128520.0,0.19414245168827143,0.19362399367544936,0.19206243801502157,0.18943829328595746,0.18571564803702298,0.1808359381754164,0.17470637171590714,0.16717792818992597,0.15800024325940695,0.14671656111064874,0.1323634632141945,0.11221595923473435,0.05609047844981057,nan,nan,nan,nan,nan,nan,nan,0.05609047844981057
128580.0,0.19406794128830496,0.19354980845702802,0.1919892290793611,0.18936671430609814,0.18564635826130832,0.18076960775805434,0.17464369132963653,0.16711962669747116,0.15794712175030656,0.14666956466375597,0.1323238591790216,0.11218595317690068,0.05608341082228155,nan,nan,nan,nan,nan,nan,nan,0.05608341082228155
128640.0,0.19399352180650195,0.1934757136971866,0.19191610922474922,0.18929522211506525,0.18557715207150222,0.18070335681517202,0.17458108539369357,0.16706139369943984,0.15789406179728335,0.14662262173035565,0.1322842992038437,0.11215597938182216,0.05607635570759706,nan,nan,nan,nan,nan,nan,nan,0.05607635570759706
128700.0,0.1939191930661521,0.1934017092202064,0.19184307827843528,0.18922381654503417,0.18550802930663535,0.1806371851945512,0.17451855376647835,0.16700322906672171,0.15784106328567035,0.14657573221221507,0.13224478320808686,0.11212603779215555,0.05606931308172211,nan,nan,nan,nan,nan,nan,nan,0.05606931308172211
128760.0,0.1938449548965852,0.19332779485637225,0.19177013607356327,0.1891524974338944,0.18543898981120227,0.18057109274912025,0.17445609631115763,0.16694513267452585,0.15778812610456053,0.14652889601414565,0.13220531111407607,0.11209612835318604,0.05606228291802323,nan,nan,nan,nan,nan,nan,nan,0.05606228291802323
128820.0,0.1937708071290323,0.1932539704378588,0.1916972824451326,0.18908126462133396,0.18537003343141736,0.180505079333428,0.17439371289239874,0.166887104399421,0.15773525014423062,0.1464821130419168,0.13216588284504882,0.11206625101102624,0.056055265189049026,nan,nan,nan,nan,nan,nan,nan,0.056055265189049026
128880.0,0.19369674959472435,0.19318023579684065,0.1916245172281426,0.18901011794704095,0.18530116001349511,0.18043914480202305,0.1743314033748689,0.16682914411797586,0.15768243529495718,0.14643538320129795,0.13212649832424245,0.11203640571178872,0.05604825986734809,nan,nan,nan,nan,nan,nan,nan,0.05604825986734809
128940.0,0.19362278214435977,0.1931065907848424,0.19155184027659175,0.1889390572691212,0.1852323694212627,0.18037328902604705,0.17426916763860129,0.16677125172066407,0.15762968145909564,0.14638870640807775,0.13208715748446154,0.11200659240797534,0.056041266923223546,nan,nan,nan,nan,nan,nan,nan,0.056041266923223546
129000.0,0.19354890460358948,0.1930330352284922,0.19147925142003358,0.18886808242198355,0.18516366149588606,0.18030751185529253,0.17420700554385876,0.16671342708006864,0.15757698852346036,0.14634208256515374,0.13204786024620127,0.11197681104386731,0.05603428632986763,nan,nan,nan,nan,nan,nan,nan,0.05603428632986763
129060.0,0.19347511680386625,0.1929595689601851,0.19140675049368394,0.1887971932455259,0.18509503608378025,0.18024181314449714,0.17414491695548356,0.1666556700729167,0.15752435637846557,0.1462955115784096,0.13200860653280802,0.11194706156564994,0.056027318059803356,nan,nan,nan,nan,nan,nan,nan,0.056027318059803356
129120.0,0.19340141857846901,0.1928861918141313,0.19133433733454083,0.18872638958137378,0.18502649303301255,0.18017619274995506,0.1740829017397594,0.1665979805772398,0.1574717849156586,0.14624899335466862,0.13196939626852566,0.11191734392010796,0.05602036208534312,nan,nan,nan,nan,nan,nan,nan,0.05602036208534312
129180.0,0.1933278097606768,0.192812903624541,0.1912620117796024,0.18865567127115285,0.18495803219165016,0.18011065052796055,0.17402095976297005,0.16654035847106932,0.15741927402658673,0.1462025278007544,0.1319302293775981,0.11188765805402609,0.056013418378799286,nan,nan,nan,nan,nan,nan,nan,0.056013418378799286
129240.0,0.19325429020265672,0.19273970424439896,0.191189773684301,0.18858503817435984,0.1848896534248518,0.18004518635091077,0.1739590909063078,0.1664828036459105,0.15736682361451015,0.14615611483341384,0.13189110579344512,0.11185800391960984,0.05600648691298659,nan,nan,nan,nan,nan,nan,nan,0.05600648691298659
129300.0,0.19318085973227375,0.19266659350253393,0.19111762288035083,0.18851449012749794,0.18482135657578563,0.17997980007048422,0.17389729503178306,0.16642531597593285,0.1573144335676189,0.1461097543566259,0.13185202543768043,0.11182838146209012,0.05599956766007341,nan,nan,nan,nan,nan,nan,nan,0.05599956766007341
129360.0,0.19310751818302196,0.19259357123336993,0.19104555920495986,0.1884440269723962,0.18475314149271369,0.17991449154315858,0.17383557200584934,0.16636789533932128,0.1572621037775936,0.14606344627732717,0.1318129882346524,0.11179879062831338,0.055992660592377855,nan,nan,nan,nan,nan,nan,nan,0.055992660592377855
129420.0,0.19303426539016735,0.19252063727309224,0.19097358249706542,0.18837364855256034,0.18468500802550117,0.17984926062692203,0.17377392169635875,0.16631054161552464,0.15720983413721376,0.14601719050338494,0.13177399410957022,0.11176923136563466,0.05598576568226514,nan,nan,nan,nan,nan,nan,nan,0.05598576568226514
129480.0,0.1929611011889759,0.19244779145788615,0.19090169259560497,0.1883033547114959,0.18461695602401335,0.1797841071797629,0.17371234397116342,0.166253254683992,0.1571576245392589,0.14597098694266666,0.13173504298764313,0.11173970362140886,0.0559788829021005,nan,nan,nan,nan,nan,nan,nan,0.0559788829021005
129540.0,0.1928880254333124,0.19237503364242384,0.19082988935766815,0.18823314531030716,0.18454898535494718,0.1797190310755278,0.17365083871279285,0.1661960344374256,0.15710547488806398,0.14592483551295501,0.13169613480289588,0.1117102073482026,0.05597201222551324,nan,nan,nan,nan,nan,nan,nan,0.05597201222551324
129600.0,0.19281503795311183,0.19230236365759162,0.1907581726169892,0.1881630201874554,0.18448109586334338,0.17965403216765946,0.17358940578489201,0.1661388807514756,0.1570533850730962,0.14587873611927532,0.13165726947801074,0.11168074249187701,0.05596515362450626,nan,nan,nan,nan,nan,nan,nan,0.05596515362450626
129660.0,0.19274213858385197,0.1922297813397853,0.19068654221271222,0.1880929791866467,0.18441328739925889,0.17958911031432662,0.17352804505548022,0.1660817935057417,0.15700135498726675,0.14583268866960789,0.1316184469382973,0.11165130899984646,0.055958307071459185,nan,nan,nan,nan,nan,nan,nan,0.055958307071459185
129720.0,0.19266932716275537,0.19215728652713496,0.1906149979856842,0.18802302215323796,0.1843455598143297,0.1795242653751859,0.1734667563939536,0.16602477258106724,0.15694938452457072,0.14578669307286318,0.13157966710989216,0.11162190682001416,0.055951472538870214,nan,nan,nan,nan,nan,nan,nan,0.055951472538870214
129780.0,0.19259660352704464,0.1920848790577707,0.1905435397767521,0.1879531489325863,0.18427791296019164,0.1794594972098938,0.17340553966970834,0.16596781785829523,0.1568974735790032,0.14574074923795174,0.13154092991893188,0.11159253590028334,0.05594464999923756,nan,nan,nan,nan,nan,nan,nan,0.05594464999923756
129840.0,0.19252396752855705,0.19201255878434942,0.19047216744102707,0.18788335938387832,0.18421034670170838,0.17939480569056926,0.17334439476367075,0.16591092922867745,0.15684562205366742,0.14569485708164148,0.13150223529833294,0.1115631961926453,0.055937839426416454,nan,nan,nan,nan,nan,nan,nan,0.055937839426416454
129900.0,0.19245141900282176,0.19194032554331805,0.1904008808177034,0.18781365335086853,0.18414286088898307,0.17933019067542477,0.17328332154390103,0.16585410657185104,0.15679382984150314,0.14564901651193252,0.1314635831734464,0.11153388764452958,0.055931040792747855,nan,nan,nan,nan,nan,nan,nan,0.055931040792747855
129960.0,0.19237895778921715,0.19186817917494947,0.19032967974973208,0.18774403068095408,0.1840754553756029,0.1792656520259552,0.17322231988149608,0.16579734977019445,0.156742096837849,0.14560322743889434,0.13142497347140886,0.11150461020444244,0.055924254070930164,nan,nan,nan,nan,nan,nan,nan,0.055924254070930164
130020.0,0.19230658372879342,0.19179611952117842,0.1902585640816959,0.18767449122311378,0.18400813001666813,0.179201189605081,0.17316138964887187,0.1657406587072769,0.15669042293908558,0.14555748977349528,0.1313864061201326,0.11147536382135778,0.05591747923381697,nan,nan,nan,nan,nan,nan,nan,0.05591747923381697
130080.0,0.19223429666298772,0.19172414642432417,0.19018753365855534,0.18760503482669294,0.18394088466762926,0.17913680327605253,0.17310053071874962,0.1656840332669431,0.15663880804183453,0.1455118034269118,0.1313478810477094,0.11144614844435775,0.055910716254297846,nan,nan,nan,nan,nan,nan,nan,0.055910716254297846
130140.0,0.1921620964327926,0.1916522597262643,0.19011658832483735,0.18753566134061678,0.1838737191835355,0.1790724929017415,0.173039742963497,0.16562747333272013,0.15658725204246599,0.14546616831011386,0.1313093981819327,0.1114169640223703,0.055903965105678015,nan,nan,nan,nan,nan,nan,nan,0.055903965105678015
130200.0,0.19208998288051574,0.19158045927018336,0.190045727926352,0.18746637061505414,0.18380663342062514,0.17900825834614054,0.1729790262565223,0.16557097878907281,0.15653575483814136,0.14542058433474211,0.13127095745130873,0.11138781050472449,0.055897225760874907,nan,nan,nan,nan,nan,nan,nan,0.055897225760874907
130260.0,0.19201795584863274,0.19150874489943293,0.18997495230907335,0.187397162500333,0.18373962723528875,0.17894409947338563,0.17291838047136565,0.1655145495205853,0.15648431632613313,0.14537505141253604,0.13123255878439752,0.11135868784078859,0.0558904981929419,nan,nan,nan,nan,nan,nan,nan,0.0558904981929419
130320.0,0.19194601517991114,0.19143711645765474,0.1899042613192605,0.18732803684705768,0.18367270048418116,0.17888001614786175,0.17285780548179713,0.16545818541204962,0.15643293640389896,0.14532956945539596,0.13119420210988383,0.11132959598000905,0.05588378237501176,nan,nan,nan,nan,nan,nan,nan,0.05588378237501176
130380.0,0.19187416071748348,0.19136557378885338,0.18983365480352873,0.18725899350617792,0.18360585302428775,0.1788160082342652,0.17279730116187475,0.1654018863485176,0.15638161496912442,0.14528413837541918,0.13115588735661943,0.11130053487193364,0.05587707828026323,nan,nan,nan,nan,nan,nan,nan,0.05587707828026323
130440.0,0.19180239230592805,0.19129411673847052,0.18976313260990488,0.18719003233001244,0.18353908471390357,0.17875207559852496,0.1727368673867944,0.16534565221607317,0.15633035192042577,0.1452387580855081,0.13111761445403414,0.11127150446648326,0.05587038588231089,nan,nan,nan,nan,nan,nan,nan,0.05587038588231089
130500.0,0.19173070978898216,0.1912227451511119,0.1896926945855945,0.18712115317008327,0.1834723954105612,0.17868821810585303,0.17267650403109136,0.16528948290019863,0.1562791471558636,0.1451934284980839,0.13107938333126584,0.11124250471337681,0.055863705154380314,nan,nan,nan,nan,nan,nan,nan,0.055863705154380314
130560.0,0.1916591130110329,0.19115145887202906,0.18962234057843746,0.18705235587852734,0.1834057849723817,0.17862443562201544,0.17261621096981278,0.16523337828683954,0.15622800057391178,0.14514814952592484,0.13104119391772762,0.11121353556250613,0.05585703606984574,nan,nan,nan,nan,nan,nan,nan,0.05585703606984574
130620.0,0.1915876018169558,0.19108025774695916,0.18955207043675046,0.18698364030794426,0.18333925325792833,0.17856072801319478,0.17255598807839076,0.16517733826228975,0.15617691207335244,0.14510292108207595,0.13100304614304642,0.1111845969638954,0.05585037860217199,nan,nan,nan,nan,nan,nan,nan,0.05585037860217199
130680.0,0.19151617605202023,0.19100914162203067,0.1894818840092345,0.18691500631130603,0.18327280012612096,0.17849709514590945,0.17249583523256806,0.16512136271312342,0.15612588155321466,0.14505774307979552,0.13096493993702715,0.11115568886767735,0.05584373272488023,nan,nan,nan,nan,nan,nan,nan,0.05584373272488023
130740.0,0.19144483556152064,0.19093811034339733,0.18941178114461565,0.18684645374160955,0.18320642543590304,0.17843353688669916,0.17243575230810607,0.16506545152593882,0.15607490891256715,0.14501261543237037,0.13092687522941598,0.11112681122399669,0.05583709841173619,nan,nan,nan,nan,nan,nan,nan,0.05583709841173619
130800.0,0.19137358019155626,0.19086716375801258,0.18934176169240496,0.18677798245261218,0.1831401290469456,0.17837005310279003,0.1723757391814021,0.16500960458790068,0.15602399405095632,0.14496753805350654,0.13088885195040062,0.11109796398321435,0.05583047563635183,nan,nan,nan,nan,nan,nan,nan,0.05583047563635183
130860.0,0.1913024097885229,0.1907963017131247,0.189271825502403,0.18670959229835232,0.18307391081918822,0.17830664366166105,0.17231579572908692,0.16495382178638646,0.15597313686812106,0.1449225108570746,0.1308508700302844,0.11106914709577435,0.055823864372445034,nan,nan,nan,nan,nan,nan,nan,0.055823864372445034
130920.0,0.1912313241991679,0.19072552405633142,0.1892019724247537,0.1866412831332011,0.18300777061288895,0.17824330843109093,0.17225592182806854,0.16489810300902474,0.1559223372640231,0.1448775337571374,0.13081292939952138,0.11104036051221819,0.05581726459381153,nan,nan,nan,nan,nan,nan,nan,0.05581726459381153
130980.0,0.1911603232706225,0.19065483063561198,0.18913220230997546,0.18657305481189296,0.1829417082886533,0.1781800472791858,0.1721961173555575,0.16484244814371773,0.15587159513886562,0.1448326066679659,0.1307750299887371,0.11101160418319327,0.055810676274308364,nan,nan,nan,nan,nan,nan,nan,0.055810676274308364
131040.0,0.19108940684956724,0.1905842212984979,0.18906251500814739,0.18650490718873666,0.1828757237066796,0.17811686007366723,0.17213638218840935,0.16478685707805418,0.15582091039258888,0.14478772950359473,0.13073717172829377,0.11098287805925787,0.055804099387936575,nan,nan,nan,nan,nan,nan,nan,0.055804099387936575
131100.0,0.1910185747839978,0.19051369589382774,0.1889929103706317,0.18643684011928474,0.18280981672835583,0.1780537466833786,0.17207671620451617,0.16473132970055138,0.15577028292593692,0.1447429021787631,0.13069935454921033,0.11095418209129396,0.05579753390866623,nan,nan,nan,nan,nan,nan,nan,0.05579753390866623
131160.0,0.19094782692207396,0.19044325427060316,0.188923388248951,0.1863688534592453,0.18274398721521878,0.1779907069773029,0.17201711928189967,0.1646758658998458,0.15571971263976236,0.1446981246083014,0.13066157838256287,0.11092551623023805,0.055790979810550485,nan,nan,nan,nan,nan,nan,nan,0.055790979810550485
131220.0,0.19087716311224381,0.19037289627811257,0.1888539484949093,0.18630094706459932,0.18267823502906652,0.1779277408246693,0.17195759129880897,0.16462046556478022,0.15566919943510138,0.14465339670719762,0.13062384315954909,0.1108968804271103,0.05578443706771325,nan,nan,nan,nan,nan,nan,nan,0.05578443706771325
131280.0,0.19080658320331734,0.19030262176600393,0.18878459096066388,0.18623312079167048,0.18261256003202445,0.1778648480950154,0.17189813213377836,0.1645651285844554,0.15561874321321806,0.14460871839063608,0.13058614881152675,0.11086827463303162,0.055777905654341944,nan,nan,nan,nan,nan,nan,nan,0.055777905654341944
131340.0,0.19073608704410855,0.19023243058392947,0.1887153154983763,0.18616537449678663,0.18254696208622212,0.17780202865788194,0.17183874166534643,0.16450985484798233,0.15556834387539387,0.14456408957380407,0.130548495269811,0.11083969879916564,0.05577138554472696,nan,nan,nan,nan,nan,nan,nan,0.05577138554472696
131400.0,0.19066567448419236,0.19016232258229748,0.18864612196095049,0.18609770803699527,0.1824814410544776,0.17773928238345893,0.1717794197726507,0.16445464424500672,0.15551800132337323,0.1445195101723016,0.1305108824661031,0.1108111528768416,0.05576487671317811,nan,nan,nan,nan,nan,nan,nan,0.05576487671317811
131460.0,0.1905953453734113,0.19009229761178245,0.18857701020155168,0.1860301212695975,0.18241599679985132,0.17767660914216438,0.17172016633503984,0.16439949666536688,0.1554677154590729,0.14447498010187415,0.130473310332211,0.11078263681747419,0.055758379134079133,nan,nan,nan,nan,nan,nan,nan,0.055758379134079133
131520.0,0.19052509956192876,0.1900223555233777,0.18850798007365832,0.18596261405219794,0.18235062918569417,0.17761400880468997,0.1716609812321157,0.16434441199913097,0.15541748618461362,0.1444304992784415,0.13043577880007937,0.11075415057257232,0.05575189278188175,nan,nan,nan,nan,nan,nan,nan,0.05575189278188175
131580.0,0.19045493690026036,0.18995249616842683,0.18843903143109283,0.18589518624273488,0.18228533807567615,0.17755148124202774,0.17160186434375788,0.16428939013661853,0.1553673134023384,0.14438606761811507,0.1303982878018076,0.11072569409374405,0.05574541763110225,nan,nan,nan,nan,nan,nan,nan,0.05574541763110225
131640.0,0.1903848572392843,0.18988271939863374,0.1883701641280316,0.18582783769948985,0.1822201233337954,0.17748902632547886,0.17154281555013356,0.16423443096841425,0.15531719701482932,0.1443416850371995,0.13036083726962708,0.11069726733273022,0.055738953656347415,nan,nan,nan,nan,nan,nan,nan,0.055738953656347415
131700.0,0.1903148604302197,0.18981302506604125,0.18830137801898364,0.18576056828106696,0.18215498482435882,0.1774266439266352,0.17148383473167697,0.16417953438533908,0.1552671369248723,0.14429735145218864,0.13032342713594908,0.11066887024133351,0.05573250083225959,nan,nan,nan,nan,nan,nan,nan,0.05573250083225959
131760.0,0.19024494632464067,0.18974341302304504,0.18823267295880458,0.1856933778464062,0.1820899224119945,0.17736433391739137,0.17142492176910262,0.16412470027846904,0.15521713303547977,0.14425306677976832,0.13028605733333354,0.11064050277146473,0.055726059133552525,nan,nan,nan,nan,nan,nan,nan,0.055726059133552525
131820.0,0.1901751147744747,0.18967388312239206,0.18816404880269505,0.18562626625478235,0.18202493596165076,0.1773020961699434,0.17136607654340405,0.16406992853913316,0.15516718524988862,0.14420883093681605,0.13024872779449248,0.11061216487513773,0.055719628535007434,nan,nan,nan,nan,nan,nan,nan,0.055719628535007434
131880.0,0.19010536563200203,0.1896044352171799,0.1880955054061999,0.18555923336580388,0.1819600253385951,0.177239930556788,0.17130729893585278,0.16401521905891236,0.15511729347155842,0.14416464384040079,0.130211438452292,0.11058385650446646,0.05571320901147081,nan,nan,nan,nan,nan,nan,nan,0.05571320901147081
131940.0,0.19003569874982784,0.18953506916082927,0.18802704262518147,0.1854922790393872,0.18189519040838947,0.17717783695069925,0.171248588827979,0.1639605717296263,0.15506745760416316,0.14412050540776397,0.13017418923972016,0.11055557761168049,0.055706800537873614,nan,nan,nan,nan,nan,nan,nan,0.055706800537873614
132000.0,0.1899661139809406,0.1894657848071417,0.18795866031587605,0.1854254031358113,0.18183043103694266,0.17711581522477787,0.17118994610161264,0.16390598644336102,0.155017677551609,0.1440764155563597,0.13013698008995495,0.11052732814909226,0.055700403089190546,nan,nan,nan,nan,nan,nan,nan,0.055700403089190546
132060.0,0.18989661117867415,0.1893965820102622,0.18789035833485712,0.185358605515682,0.18176574709047616,0.1770538652524191,0.17113137063885675,0.16385146309245105,0.15496795321802276,0.14403237420382853,0.13009981093631967,0.11049910806911842,0.0556940166404666,nan,nan,nan,nan,nan,nan,nan,0.0556940166404666
132120.0,0.18982719019671174,0.1893274606246829,0.18782213653903915,0.18529188603993607,0.18170113843552788,0.1769919869073161,0.17107286232209007,0.16379700156948115,0.15491828450775294,0.14398838126800032,0.13006268171228832,0.11047091732427752,0.055687641166814225,nan,nan,nan,nan,nan,nan,nan,0.055687641166814225
132180.0,0.18975785088908842,0.18925842050524588,0.18775399478568025,0.18522524456984316,0.18163660493895423,0.1769301800634621,0.17101442103396897,0.1637426017672877,0.1548686713253707,0.14394443666689588,0.13002559235148786,0.11044275586718866,0.055681276643411576,nan,nan,nan,nan,nan,nan,nan,0.055681276643411576
132240.0,0.1896885931100037,0.18918946150695656,0.18768593293219918,0.18515868096682891,0.18157214646776088,0.1768684445949912,0.17095604665728206,0.16368826357883132,0.15481911357555958,0.14390054031862193,0.129988542787599,0.11041462365054194,0.05567492304550849,nan,nan,nan,nan,nan,nan,nan,0.05567492304550849
132300.0,0.1896194167142181,0.18912058348537805,0.187617950836562,0.18509219509284974,0.181507762889461,0.1768067803765152,0.17089773907525774,0.16363398689746605,0.15476961116334859,0.14385669214159347,0.12995153295456666,0.11038652062716092,0.05566858034841391,nan,nan,nan,nan,nan,nan,nan,0.05566858034841391
132360.0,0.18955032155679458,0.18905178629637412,0.18755004835703024,0.18502578681014847,0.18144345407184176,0.176745187282904,0.17083949817136357,0.163579771616764,0.1547201639939603,0.1438128920543886,0.1299145627864628,0.11035844674996201,0.055662248527504114,nan,nan,nan,nan,nan,nan,nan,0.055662248527504114
132420.0,0.18948130749312656,0.188983069796137,0.18748222535218795,0.1849594559812806,0.1813792198829895,0.17668366518930925,0.17078132382932815,0.16352561763053408,0.15467077197282728,0.14376913997576465,0.1298776322175012,0.11033040197195866,0.055655927558221775,nan,nan,nan,nan,nan,nan,nan,0.055655927558221775
132480.0,0.18941237437895425,0.1889144338412036,0.18741448168095784,0.1848932024691301,0.18131506019130467,0.17662221397117847,0.17072321593315382,0.16347152483283342,0.15462143500560183,0.1437254358246669,0.12984074118204617,0.11030238624626419,0.055649617416075464,nan,nan,nan,nan,nan,nan,nan,0.055649617416075464
132540.0,0.18934352207012212,0.18884587828821459,0.18734681720236435,0.18482702613667973,0.18125097486528224,0.17656083350404894,0.17066517436692796,0.16341749311780027,0.15457215299800886,0.14368177952009398,0.12980388961449227,0.11027439952604719,0.055643318076630074,nan,nan,nan,nan,nan,nan,nan,0.055643318076630074
132600.0,0.18927475042309225,0.18877740299442455,0.18727923177603478,0.18476092684749673,0.1811869637739763,0.17649952366398364,0.17060719901522212,0.16336352238000734,0.15452292585615707,0.1436381709813833,0.12976707744951893,0.11024644176462561,0.055637029515527084,nan,nan,nan,nan,nan,nan,nan,0.055637029515527084
132660.0,0.1892060592946098,0.18870900781736932,0.1872117252618728,0.18469490446541634,0.1811230267866971,0.1764382843272872,0.17054928976283196,0.16330961251423146,0.15447375348633588,0.1435946101280248,0.12973030462192436,0.11021851291540542,0.05563075170847134,nan,nan,nan,nan,nan,nan,nan,0.05563075170847134
132720.0,0.18913744854173897,0.18864069261490207,0.1871442975200936,0.18462895885457578,0.18105916377304385,0.1763771153705364,0.1704914464948052,0.16325576341547848,0.15442463579503765,0.14355109687968134,0.12969357106664364,0.11019061293188734,0.05562448463123249,nan,nan,nan,nan,nan,nan,nan,0.05562448463123249
132780.0,0.18906891802188444,0.18857245724521424,0.18707694841124467,0.18456308987943465,0.18099537460292417,0.17631601667059846,0.1704336690964584,0.16320197497899805,0.15437557268897056,0.14350763115620022,0.12965687671875914,0.11016274176767057,0.05561822825964582,nan,nan,nan,nan,nan,nan,nan,0.05561822825964582
132840.0,0.1890004675925854,0.18850430156663114,0.18700967779600505,0.1844972974045801,0.18093165914636766,0.17625498810445633,0.17037595745321735,0.16314824710014192,0.1543265640749332,0.14346421287749841,0.12962022151340175,0.11013489937641621,0.055611982569593495,nan,nan,nan,nan,nan,nan,nan,0.055611982569593495
132900.0,0.18893209711195127,0.18843622543804486,0.18694248553561016,0.18443158129513879,0.18086801727392002,0.17619402954957827,0.17031831145095444,0.16309457967466343,0.1542776098600798,0.14342084196380583,0.12958360538596006,0.11010708571192493,0.055605747537044274,nan,nan,nan,nan,nan,nan,nan,0.055605747537044274
132960.0,0.18886380643837772,0.18836822871863199,0.18687537149157504,0.18436594141650847,0.18080444885638602,0.1761331408836767,0.17026073097576885,0.16304097259852243,0.15422870995174726,0.14337751833550672,0.12954702827194403,0.11007930072808629,0.055599523138027594,nan,nan,nan,nan,nan,nan,nan,0.055599523138027594
133020.0,0.1887955954305773,0.18830031126788413,0.18680833552572396,0.18430037763438684,0.18074095376485763,0.17607232198473455,0.17020321591401022,0.16298742576790623,0.154179864257474,0.14333424191315677,0.1295104901069997,0.11005154437888426,0.05559330934863641,nan,nan,nan,nan,nan,nan,nan,0.05559330934863641
133080.0,0.1887274639475976,0.18823247294562595,0.1867413775002083,0.18423488981478878,0.18067753187072996,0.17601157273102047,0.17014576615229265,0.16293393907924206,0.1541310726850108,0.1432910126174932,0.12947399082691777,0.1100238166184004,0.0555871061450288,nan,nan,nan,nan,nan,nan,nan,0.0555871061450288
133140.0,0.18865941184865337,0.18816471361184836,0.18667449727734287,0.18416947782388762,0.1806141830455501,0.17595089300094713,0.17008838157736555,0.16288051242908227,0.1540823351422186,0.1432478303693408,0.12943753036755573,0.10999611740078344,0.05558091350340605,nan,nan,nan,nan,nan,nan,nan,0.05558091350340605
133200.0,0.18859143899348169,0.18809703312706133,0.18660769471995203,0.18410414152835092,0.18055090716133754,0.17589028267337103,0.1700310620763871,0.16282714571434734,0.15403365153728496,0.1432046950898108,0.12940110866500287,0.1099684466803137,0.05557473140005908,nan,nan,nan,nan,nan,nan,nan,0.05557473140005908
133260.0,0.18852354524211032,0.1880294313520639,0.1865409696911442,0.18403888079512148,0.180487704090375,0.1758297416273972,0.1699738075367458,0.16277383883216745,0.15398502177858292,0.14316160670017128,0.1293647256554727,0.10994080441136111,0.055568559811338174,nan,nan,nan,nan,nan,nan,nan,0.055568559811338174
133320.0,0.18845573045488292,0.1879619081479691,0.18647432205433598,0.18397369549144116,0.18042457370523154,0.1757692697424001,0.16991661784607998,0.16272059167989958,0.1539364457746863,0.14311856512186114,0.12932838127531454,0.10991319054838967,0.05556239871365626,nan,nan,nan,nan,nan,nan,nan,0.05556239871365626
133380.0,0.18838799449247365,0.18789446337621843,0.18640775167326673,0.1839085854848647,0.18036151587877525,0.17570886689803616,0.16985949289228902,0.16266740415513764,0.15388792343437863,0.14307557027649823,0.12929207546102045,0.1098856050459602,0.055556248083490814,nan,nan,nan,nan,nan,nan,nan,0.055556248083490814
133440.0,0.18832033721572464,0.1878270968984205,0.1863412584118399,0.1838435506431061,0.18029853048402691,0.17564853297410665,0.16980243256340807,0.1626142761556006,0.15383945466655324,0.14303262208578904,0.1292558081491516,0.10985804785869824,0.05555010789735999,nan,nan,nan,nan,nan,nan,nan,0.05555010789735999
133500.0,0.18825275848599,0.18775980857669283,0.18627484213445858,0.1837785908343638,0.18023561739447047,0.1755882678508478,0.16974543674787324,0.1625612075793691,0.15379103938042474,0.1429897204717201,0.12921957927649394,0.10983051894136192,0.05554397813187318,nan,nan,nan,nan,nan,nan,nan,0.05554397813187318
133560.0,0.18818525816491163,0.1876925982734389,0.1862085027058069,0.18371370592710864,0.18017277648385044,0.17552807140874188,0.1696885053343486,0.16250819832473126,0.1537426774853911,0.14294686535643328,0.1291833887799567,0.10980301824879778,0.055537858763698024,nan,nan,nan,nan,nan,nan,nan,0.055537858763698024
133620.0,0.18811783611444338,0.18762546585137227,0.18614223999087348,0.1836488957901069,0.18011000762619392,0.17546794352853734,0.16963163821174507,0.1624552482901994,0.1536943688910487,0.14290405666223896,0.12914723659658334,0.10977554573594542,0.05553174976956401,nan,nan,nan,nan,nan,nan,nan,0.05553174976956401
133680.0,0.1880504921968653,0.18755841117353098,0.18607605385496537,0.18358416029243363,0.18004731069582341,0.1754078840912609,0.16957483526923128,0.16240235737451963,0.15364611350720087,0.14286129431162442,0.1291111226635582,0.10974810135784044,0.05552565112626454,nan,nan,nan,nan,nan,nan,nan,0.05552565112626454
133740.0,0.18798322627461184,0.18749143410310637,0.1860099441635406,0.1835194993033103,0.17998468556720193,0.1753478929780728,0.169518096396101,0.16234952547655324,0.15359791124375194,0.14281857822715868,0.12907504691813,0.1097206850695781,0.05551956281063042,nan,nan,nan,nan,nan,nan,nan,0.05551956281063042
133800.0,0.18791603821063552,0.18742453450380475,0.18594391078256267,0.18345491269244854,0.1799221321152608,0.17528797007057323,0.16946142148205368,0.1622967524955281,0.1535497620109317,0.14277590833169318,0.1290390092977733,0.10969329682639009,0.05551348479958598,nan,nan,nan,nan,nan,nan,nan,0.05551348479958598
133860.0,0.1878489278681698,0.18735771223961192,0.1858779535782695,0.18339040032982606,0.17985965021518607,0.17522811525060272,0.16940481041701178,0.16224403833087467,0.15350166571914928,0.14273328454823117,0.12900300974008333,0.1096659365835945,0.05550741707011252,nan,nan,nan,nan,nan,nan,nan,0.05550741707011252
133920.0,0.1877818951107548,0.18729096717481813,0.18581207241719827,0.18332596208571084,0.1797972397424414,0.17516832840026347,0.16934826309114015,0.16219138288224383,0.1534536222790085,0.14269070679994167,0.12896704818278737,0.1096386042966012,0.05550135959925223,nan,nan,nan,nan,nan,nan,nan,0.05550135959925223
133980.0,0.18771493980225223,0.18722429917403374,0.18574626716620027,0.1832615978306754,0.17973490057278188,0.17510860940193218,0.1692917793948581,0.1621387860495172,0.15340563160131768,0.1426481750101679,0.12893112456375141,0.1096112999209151,0.055495312364110504,nan,nan,nan,nan,nan,nan,nan,0.055495312364110504
134040.0,0.18764806180667062,0.18715770810201476,0.1856805376922701,0.18319730743543142,0.17967263258209615,0.17504895813811247,0.16923535921870375,0.16208624773268573,0.1533576935969807,0.14260568910233135,0.12889523882090362,0.10958402341209772,0.055489275341826995,nan,nan,nan,nan,nan,nan,nan,0.055489275341826995
134100.0,0.1875812609885354,0.1870911938240312,0.18561488386290703,0.18313309077117976,0.17961043564674015,0.1749893744917472,0.16917900245362047,0.16203376783210674,0.15330980817722703,0.1425632490001346,0.12885939089239623,0.10955677472584836,0.05548324850963692,nan,nan,nan,nan,nan,nan,nan,0.05548324850963692
134160.0,0.1875145372126476,0.18702475620562695,0.18554930554587923,0.18306894770938217,0.1795483096433197,0.17492985834601485,0.16912270899077034,0.16198134624833632,0.15326197525346158,0.1425208546274293,0.12882358071650013,0.10952955381795125,0.0554772318448311,nan,nan,nan,nan,nan,nan,nan,0.0554772318448311
134220.0,0.18744789034411002,0.1869583951126459,0.18548380260924957,0.18300487812178617,0.1794862544487139,0.17487040958435146,0.169066478721554,0.16192898288214752,0.15321419473728132,0.14247850590823008,0.12878780823161617,0.10950236064428119,0.05547122532476026,nan,nan,nan,nan,nan,nan,nan,0.05547122532476026
134280.0,0.18738132024834245,0.18689211041124693,0.18541837492139038,0.18294088188043933,0.17942426994008898,0.17481102809046378,0.16901031153762303,0.16187667763454086,0.15316646654048455,0.1424362027667234,0.1287520733762818,0.10947519516080695,0.05546522892683759,nan,nan,nan,nan,nan,nan,nan,0.05546522892683759
134340.0,0.1873148267909395,0.18682590196776297,0.18535302235084478,0.18287695885755506,0.17936235599477024,0.17475171374820914,0.1689542073307695,0.16182443040664557,0.15311879057498257,0.14239394512718964,0.12871637608911,0.10944805732355911,0.055459242628513296,nan,nan,nan,nan,nan,nan,nan,0.055459242628513296
134400.0,0.18724840983795205,0.18675976964898022,0.1852877447666011,0.18281310892577846,0.1793005124904954,0.17469246644183284,0.16889816599314378,0.16177224109991517,0.15307116675297455,0.1423517329141567,0.12868071630891031,0.10942094708869368,0.05545326640732491,nan,nan,nan,nan,nan,nan,nan,0.05545326640732491
134460.0,0.18718206925571002,0.18669371332196238,0.18522254203792032,0.18274933195801873,0.1792387393052552,0.17463328605581868,0.16884218741711757,0.1617201096160044,0.15302359498683746,0.1423095660523035,0.12864509397461263,0.1093938644124521,0.05544730024086566,nan,nan,nan,nan,nan,nan,nan,0.05544730024086566
134520.0,0.18711580491083782,0.18662773285406598,0.1851574140343508,0.18268562782746423,0.1791770363173072,0.17457417247490215,0.16878627149529582,0.16166803585677986,0.1529760751891357,0.14226744446646808,0.12860950902527385,0.10936680925116464,0.05544134410678719,nan,nan,nan,nan,nan,nan,nan,0.05544134410678719
134580.0,0.18704961667026532,0.18656182811295108,0.18509236062573914,0.18262199640759225,0.1791154034051856,0.17451512558407933,0.16873041812052508,0.16161601972432763,0.1529286072726277,0.14222536808165398,0.12857396140008254,0.1093397815612529,0.05543539798280151,nan,nan,nan,nan,nan,nan,nan,0.05543539798280151
134640.0,0.18698350440123854,0.18649599896659208,0.1850273816822406,0.18255843757217957,0.17905384044771105,0.17445614526861647,0.16867462718590182,0.16156406112096056,0.1528811911502728,0.142183336823036,0.12853845103836425,0.10931278129923135,0.05542946184668067,nan,nan,nan,nan,nan,nan,nan,0.05542946184668067
134700.0,0.18691746797129574,0.1864302452832538,0.1849624770742958,0.18249495119527964,0.178992347323969,0.17439723141402924,0.16861889858475415,0.16151215994920198,0.15283382673521625,0.14214135061594688,0.1285029778795699,0.10928580842170366,0.055423535676256956,nan,nan,nan,nan,nan,nan,nan,0.055423535676256956
134760.0,0.18685150724828115,0.18636456693150527,0.18489764667264397,0.18243153715123553,0.1789309239133218,0.1743383839060945,0.16856323221065206,0.16146031611179493,0.15278651394079787,0.14209940938588483,0.12846754186328246,0.10925886288536477,0.05541761944942251,nan,nan,nan,nan,nan,nan,nan,0.05541761944942251
134820.0,0.1867856221003425,0.18629896378021726,0.18483289034832076,0.18236819531467782,0.17886957009540716,0.17427960263084852,0.16850762795740595,0.16140852951170073,0.15273925268055044,0.14205751305851255,0.12843214292921593,0.1092319446470004,0.05541171314412916,nan,nan,nan,nan,nan,nan,nan,0.05541171314412916
134880.0,0.18671981239592958,0.18623343569856082,0.18476820797265664,0.18230492556052297,0.1788082857501361,0.1742208874745853,0.16845208571906506,0.16135680005209765,0.15269204286819874,0.142015661559656,0.12839678101721447,0.10920505366348669,0.055405816738388326,nan,nan,nan,nan,nan,nan,nan,0.055405816738388326
134940.0,0.18665407800377648,0.1861679825559894,0.18470359941725978,0.18224172776395675,0.1787470707576776,0.17416223832384203,0.16839660538990406,0.16130512763636856,0.15264488441764845,0.14197385481529548,0.1283614560672457,0.10917818989178531,0.05539993021026919,nan,nan,nan,nan,nan,nan,nan,0.05539993021026919
135000.0,0.18658841879293386,0.18610260422227146,0.18463906455404724,0.18217860180046463,0.17868592499848707,0.17410365506542588,0.16834118686444788,0.16125351216812384,0.15259777724300663,0.14193209275158222,0.1283261680194129,0.10915135328895262,0.055394053537901736,nan,nan,nan,nan,nan,nan,nan,0.055394053537901736
135060.0,0.18652283463274735,0.18603730056746842,0.18457460325522418,0.18211554754581138,0.17862484835328735,0.17404513758639611,0.168285830037455,0.16120195355118583,0.15255072125856772,0.14189037529482718,0.12829091681394705,0.10912454381213367,0.05538818669947461,nan,nan,nan,nan,nan,nan,nan,0.05538818669947461
135120.0,0.18645732539285845,0.185972071461936,0.18451021539328466,0.1820525648760419,0.17856384070306933,0.17398668577406473,0.1682305348039183,0.16115045168958972,0.15250371637881446,0.14184870237150143,0.1282557023912067,0.10909776141856234,0.0553823296732351,nan,nan,nan,nan,nan,nan,nan,0.0553823296732351
135180.0,0.18639189094320513,0.1859069167763245,0.18444590084101203,0.18198965366748185,0.17850290192909246,0.17392829951599692,0.1681753010590652,0.16109900648758396,0.15245676251841825,0.14180707390823655,0.12822052469167844,0.10907100606556171,0.055376482437489105,nan,nan,nan,nan,nan,nan,nan,0.055376482437489105
135240.0,0.18632653115403391,0.185841836381591,0.18438165947149096,0.18192681379674908,0.17844203191289587,0.1738699787000213,0.16812012869836712,0.16104761784963817,0.15240985959224626,0.1417654898318315,0.12818538365598225,0.10904427771054588,0.05537064497060203,nan,nan,nan,nan,nan,nan,nan,0.05537064497060203
135300.0,0.18626124589587298,0.18577683014897248,0.18431749115808127,0.18186404514072801,0.1783812305362738,0.1738117232142073,0.16806501761751907,0.16099628568042543,0.15236300751534537,0.1417239500692373,0.12815027922485944,0.10901757631101551,0.05536481725099652,nan,nan,nan,nan,nan,nan,nan,0.05536481725099652
135360.0,0.18619603503954765,0.18571189795000145,0.1842533957744326,0.18180134757658464,0.1783204976812897,0.17375353294687812,0.16800996771245102,0.16094500988483204,0.15231620620295128,0.14168245454756592,0.12811521133917964,0.10899090182456021,0.055358999257153575,nan,nan,nan,nan,nan,nan,nan,0.055358999257153575
135420.0,0.18613089845617792,0.1856470396565033,0.18418937319448248,0.18173872098176388,0.17825983323027422,0.17369540778660866,0.16795497887932645,0.16089379036795648,0.15226945557048718,0.14164100319408887,0.12808017993993984,0.10896425420885819,0.055353190967612306,nan,nan,nan,nan,nan,nan,nan,0.055353190967612306
135480.0,0.18606583601717666,0.18558225514059448,0.1841254232924544,0.181676165233988,0.17819923706582325,0.1736373476222241,0.1679000510145407,0.1608426270351078,0.15222275553356257,0.14159959593623617,0.12804518496826334,0.1089376334216758,0.05534739236096967,nan,nan,nan,nan,nan,nan,nan,0.05534739236096967
135540.0,0.18600084759425872,0.1855175442746917,0.18406154594286653,0.18161368021126517,0.1781387090708062,0.17357935234280744,0.16784518401472792,0.16079151979181186,0.15217610600797887,0.14155823270160167,0.1280102263654041,0.10891103942086923,0.05534160341587988,nan,nan,nan,nan,nan,nan,nan,0.05534160341587988
135600.0,0.18593593305942013,0.1854529069314912,0.18399774102051178,0.18155126579186998,0.17807824912834752,0.1735214218376821,0.1677903777767455,0.1607404685437973,0.15212950690971672,0.14151691341793105,0.12797530407273744,0.10888447216438055,0.055335824111055074,nan,nan,nan,nan,nan,nan,nan,0.055335824111055074
135660.0,0.18587109228494997,0.1853883429839804,0.18393400840046895,0.1814889218543544,0.17801785712183715,0.17346355599642177,0.16773563219768256,0.16068947319700339,0.15208295815494302,0.1414756380131289,0.12794041803176512,0.10885793161023988,0.05533005442526458,nan,nan,nan,nan,nan,nan,nan,0.05533005442526458
135720.0,0.18580632514342824,0.18532385230543613,0.1838703479581011,0.1814266482775459,0.1779575329349286,0.17340575470884878,0.16768094717485882,0.16063853365757869,0.15203645966000987,0.1414344064152572,0.12790556818411475,0.108831417716565,0.055324294337334864,nan,nan,nan,nan,nan,nan,nan,0.055324294337334864
135780.0,0.18574163150772433,0.18525943476942272,0.18380675956905357,0.181364444940546,0.17789727645153766,0.17334801786503268,0.16762632260582322,0.16058764983188,0.1519900113414535,0.14139321855253473,0.1278707544715389,0.10880493044156092,0.05531854382614936,nan,nan,nan,nan,nan,nan,nan,0.05531854382614936
135840.0,0.18567701125099437,0.18519509024978964,0.18374324310925205,0.18130231172272787,0.17783708755584002,0.17329034535528814,0.16757175838835175,0.16053682162647043,0.15194361311599264,0.14135207435333563,0.1278359768359142,0.10877846974351889,0.05531280287064803,nan,nan,nan,nan,nan,nan,nan,0.05531280287064803
135900.0,0.18561246424668407,0.18513081862067418,0.18367979845490467,0.18124024850373888,0.17777696613227384,0.1732327370701772,0.16751725442044996,0.1604860489481214,0.15189726490053024,0.14131097374619078,0.12780123521924225,0.10875203558081784,0.05530707144982772,nan,nan,nan,nan,nan,nan,nan,0.05530707144982772
135960.0,0.18554799036852565,0.18506661975649846,0.18361642548249935,0.18117825516349761,0.17771691206553686,0.17317519290050673,0.1674628106003502,0.16043533170381064,0.15185096661215178,0.14126991665978617,0.1277665295636486,0.10872562791192314,0.05530134954274173,nan,nan,nan,nan,nan,nan,nan,0.05530134954274173
136020.0,0.1854835894905373,0.1850024935319689,0.1835531240688033,0.18111633158219362,0.17765692524058602,0.17311771273732807,0.16740842682651158,0.16038466980072155,0.15180471816812446,0.14122890302296276,0.12773185981138233,0.10869924669538655,0.05529563712849956,nan,nan,nan,nan,nan,nan,nan,0.05529563712849956
136080.0,0.1854192614870225,0.18493843982207545,0.18348989409086217,0.18105447764028648,0.1775970055426368,0.17306029647193633,0.1673541029976191,0.16033406314624285,0.15175851948589733,0.14118793276471595,0.1276972259048159,0.10867289188984598,0.055289934186266855,nan,nan,nan,nan,nan,nan,nan,0.055289934186266855
136140.0,0.18535500623256532,0.18487445850208703,0.1834267354259957,0.18099269321850175,0.17753715285715915,0.1730029439958664,0.16729983901258022,0.16028351164796537,0.15171237048309805,0.14114700581419334,0.12766262778644322,0.10864656345402407,0.05528424069526524,nan,nan,nan,nan,nan,nan,nan,0.05528424069526524
136200.0,0.18529082360203733,0.18481054944755843,0.1833636479518042,0.18093097819783696,0.17747736706988343,0.172945655200899,0.16724563477053012,0.1602330152136868,0.15166627107753713,0.14110612210069814,0.1276280653988824,0.10862026134673053,0.05527855663477206,nan,nan,nan,nan,nan,nan,nan,0.05527855663477206
136260.0,0.18522671347059194,0.18474671253432445,0.18330063154616327,0.1808693324595568,0.17741764806679558,0.17288842997905565,0.1671914901708274,0.1601825737514076,0.1516202211872047,0.14106528155368614,0.1275935386848735,0.1085939855268603,0.05527288198412028,nan,nan,nan,nan,nan,nan,nan,0.05527288198412028
136320.0,0.18516267571366404,0.18468294763849985,0.1832376860872234,0.1808077558851925,0.17735799573413663,0.17283126822259853,0.16713740511305378,0.16013218716933109,0.15157422073027,0.14102448410276575,0.12755904758727826,0.10856773595339354,0.055267216722698284,nan,nan,nan,nan,nan,nan,nan,0.055267216722698284
136380.0,0.18509871020696955,0.1846192546364787,0.1831748114534093,0.18074624835654135,0.1772984099584023,0.17277416982403004,0.16708337949701352,0.16008185537586267,0.1515282696250812,0.14098372967769757,0.12752459204908004,0.10854151258539549,0.05526156082994973,nan,nan,nan,nan,nan,nan,nan,0.05526156082994973
136440.0,0.18503481682650613,0.1845556334049352,0.18311200752342094,0.18068480975566756,0.1772388906263437,0.1727171346760934,0.1670294132227343,0.16003157827961065,0.15148236779016583,0.14094301820839505,0.1274901720133842,0.10851531538201623,0.05525591428537368,nan,nan,nan,nan,nan,nan,nan,0.05525591428537368
136500.0,0.1849709954485492,0.1844920838208196,0.18304927417622935,0.1806234399648985,0.17717943762496396,0.1726601626717692,0.16697550619046403,0.15998135578938344,0.15143651514422846,0.14090234962492204,0.12745578742341623,0.10848914430249049,0.055250277068523805,nan,nan,nan,nan,nan,nan,nan,0.055250277068523805
136560.0,0.1849072459496532,0.18442860576135953,0.18298661129107813,0.18056213886682554,0.17712005084151872,0.17260325370427662,0.16692165830067163,0.15993118781419027,0.1513907116061511,0.1408617238574934,0.12742143822252225,0.10846299930613747,0.055244649159008626,nan,nan,nan,nan,nan,nan,nan,0.055244649159008626
136620.0,0.18484356820665038,0.1843651991040588,0.1829240187474821,0.18050090634430352,0.1770607301635159,0.17254640766707252,0.16686786945404647,0.15988107426324044,0.151344957094993,0.14082114083647482,0.12738712435416882,0.10843688035236064,0.05523903053649128,nan,nan,nan,nan,nan,nan,nan,0.05523903053649128
136680.0,0.18477996209665012,0.1843018637266968,0.1828614964252266,0.1804397422804495,0.17700147547871437,0.17248962445385044,0.16681413955149743,0.15983101504594288,0.15129925152998958,0.140780600492382,0.12735284576194236,0.10841078740064743,0.05523342118068937,nan,nan,nan,nan,nan,nan,nan,0.05523342118068937
136740.0,0.18471642749704292,0.18423859950733218,0.1827990442043716,0.18037864655864694,0.17694228667512787,0.17243290395854433,0.16676046849415616,0.1597810100719087,0.15125359483055545,0.14074010275588322,0.12731860238955106,0.10838472041056996,0.05522782107137498,nan,nan,nan,nan,nan,nan,nan,0.05522782107137498
136800.0,0.18465296428548977,0.18417540632429263,0.1827366619652411,0.1803176190625354,0.17688316364101553,0.17237624607531948,0.16670685618336897,0.1597310592509441,0.15120798691627763,0.14069964755779324,0.12728439418082016,0.10835867934178306,0.05522223018837405,nan,nan,nan,nan,nan,nan,nan,0.05522223018837405
136860.0,0.1845895723399276,0.18411228405618016,0.18267434958842854,0.18025665967601595,0.17682410626488645,0.17231965069857713,0.16665330252070087,0.15968116249305395,0.15116242770691862,0.14065923482907636,0.12725022107969453,0.10833266415402529,0.05521664851156657,nan,nan,nan,nan,nan,nan,nan,0.05521664851156657
136920.0,0.1845262515385679,0.1840492325818697,0.18261210695479546,0.18019576828324957,0.1767651144354988,0.17226311772295322,0.16659980740793462,0.15963131970844083,0.1511169171224161,0.14061886450084576,0.12721608303023776,0.1083066748071184,0.05521107602088628,nan,nan,nan,nan,nan,nan,nan,0.05521107602088628
136980.0,0.1844630017598954,0.18398625178050773,0.18254993394547037,0.18013494476865627,0.17670618804185845,0.17220664704331742,0.16654637074706954,0.1595815308075043,0.15107145508288172,0.14057853650436286,0.12718197997663203,0.10828071126096728,0.05520551269632056,nan,nan,nan,nan,nan,nan,nan,0.05520551269632056
137040.0,0.1843998228826711,0.18392334153151543,0.1824878304418511,0.1800741890169174,0.1766473269732217,0.17215023855477551,0.166492992440324,0.15953179570084255,0.1510260415086031,0.14053825077103885,0.127147911863179,0.10825477347556009,0.055199958517910444,nan,nan,nan,nan,nan,nan,nan,0.055199958517910444
137100.0,0.18433671478592414,0.1838605017145806,0.18242579632559783,0.18001350091296867,0.17658853111908798,0.1720938921526627,0.16643967239012913,0.1594821142992474,0.15098067632003875,0.1404980072324302,0.12711387863429663,0.10822886141096712,0.055194413465750033,nan,nan,nan,nan,nan,nan,nan,0.055194413465750033
137160.0,0.18427367734895578,0.18379773220966142,0.1823638314786361,0.1799528803420033,0.17652980036920352,0.1720376077325468,0.16638641049913183,0.15943248651370648,0.1509353594378206,0.14045780582024103,0.12707988023452083,0.10820297502734126,0.05518887751998663,nan,nan,nan,nan,nan,nan,nan,0.05518887751998663
137220.0,0.18421071045133794,0.18373503289698526,0.18230193578315596,0.1798923271894711,0.17647113461356,0.17198138519022732,0.16633320667019358,0.1593829122554024,0.15089009078275295,0.14041764646632224,0.1270459166085047,0.10817711428491761,0.05518335066082048,nan,nan,nan,nan,nan,nan,nan,0.05518335066082048
137280.0,0.18414781397291238,0.18367240365704765,0.1822401091216108,0.17983184134107727,0.17641253374239357,0.1719252244217343,0.16628006080638996,0.1593333914357123,0.15084487027581212,0.1403775291026711,0.12701198770101849,0.1081512791440134,0.05517783286850467,nan,nan,nan,nan,nan,nan,nan,0.05517783286850467
137340.0,0.18408498779379096,0.18360984437061265,0.18217835137671773,0.179771422682783,0.17635399764618542,0.1718691253233289,0.16622697281101065,0.15928392396620783,0.15079969783814653,0.14033745366143124,0.12697809345694933,0.1081254695650277,0.0551723241233452,nan,nan,nan,nan,nan,nan,nan,0.0551723241233452
137400.0,0.18402223179435256,0.18354735491870983,0.18211666243145483,0.17971107110080248,0.17629552621565903,0.17181308779150062,0.16617394258755727,0.15923450975865308,0.15075457339107487,0.14029742007489135,0.12694423382130027,0.10809968550844119,0.05516682440570025,nan,nan,nan,nan,nan,nan,nan,0.05516682440570025
137460.0,0.18395954585524393,0.18348493518263498,0.1820550421690615,0.17965078648160349,0.17623711934178043,0.17175711172296815,0.16612097003974385,0.15918514872500522,0.1507094968560864,0.14025742827548532,0.12691040873919043,0.10807392693481602,0.05516133369598037,nan,nan,nan,nan,nan,nan,nan,0.05516133369598037
137520.0,0.18389692985737863,0.18342258504394912,0.18199349047303776,0.17959056871190668,0.17617877691575795,0.17170119701467837,0.16606805507149613,0.15913584077741375,0.15066446815484058,0.14021747819579175,0.12687661815585483,0.10804819380479552,0.05515585197464833,nan,nan,nan,nan,nan,nan,nan,0.05515585197464833
137580.0,0.18383438368193628,0.18336030438447787,0.1819320072271435,0.17953041767868472,0.17612049882904102,0.17164534356380573,0.16601519758695082,0.15908658582821983,0.1506194872091664,0.14017756976853357,0.12684286201664366,0.10802248607910411,0.055150379222218875,nan,nan,nan,nan,nan,nan,nan,0.055150379222218875
137640.0,0.18377190721036263,0.18329809308631126,0.1818705923153985,0.17947033326916237,0.17606228497332044,0.17158955126775233,0.16596239749045577,0.15903738378995638,0.15057455394106253,0.14013770292657832,0.12680914026702272,0.10799680371854709,0.055144915419258915,nan,nan,nan,nan,nan,nan,nan,0.055144915419258915
137700.0,0.18370950032436714,0.18323595103180157,0.18180924562207992,0.17941031537081428,0.17600413524052616,0.17153382002414588,0.16590965468656815,0.15898823457534655,0.15052966827269573,0.14009787760293643,0.12677545285257213,0.10797114668401031,0.05513946054638671,nan,nan,nan,nan,nan,nan,nan,0.05513946054638671
137760.0,0.18364716290592326,0.1831738781035635,0.18174796703172286,0.17935036387136516,0.1759460495228276,0.17147814973083997,0.16585696908005448,0.15893913809730364,0.15048483012640115,0.14005809373076172,0.1267417997189867,0.10794551493646007,0.05513401458427211,nan,nan,nan,nan,nan,nan,nan,0.05513401458427211
137820.0,0.1835848948372676,0.18311187418447344,0.18168675642911933,0.179290478658789,0.17588802771263282,0.17142254028591325,0.16580434057589016,0.15889009426893086,0.1504400394246816,0.1400183512433507,0.1267081808120753,0.10791990843694292,0.055128577513636395,nan,nan,nan,nan,nan,nan,nan,0.055128577513636395
137880.0,0.18352269600089915,0.1830499391576685,0.18162561369931762,0.17923065962130844,0.1758300697025878,0.17136699158766897,0.16575176907925876,0.15884110300352036,0.1503952960902073,0.13997865007414248,0.12667459607776083,0.10789432714658542,0.05512314931525201,nan,nan,nan,nan,nan,nan,nan,0.05512314931525201
137940.0,0.18346056627958038,0.18298807290654773,0.1815645387276231,0.1791709066473956,0.1757721753855775,0.1713115035346356,0.16569925449555278,0.15879216421455428,0.1503506000458164,0.13993899015671898,0.12664104546208044,0.10786877102659428,0.05511772996994278,nan,nan,nan,nan,nan,nan,nan,0.05511772996994278
138000.0,0.18339850555633275,0.18292627531476768,0.1815035313995943,0.17911121962576804,0.17571434465472177,0.1712560760255633,0.1656467967303704,0.15874327781570147,0.15030595121451226,0.13989937142480288,0.12660752891118382,0.10784324003825546,0.05511231945858313,nan,nan,nan,nan,nan,nan,nan,0.05511231945858313
138060.0,0.18333651371443832,0.18286454626624404,0.1814425916010442,0.17905159844539031,0.17565657740337698,0.17120070895942535,0.16559439568951662,0.15869444372081884,0.15026134951946443,0.13985979381225827,0.1265740463713338,0.10781773414293452,0.05510691776209825,nan,nan,nan,nan,nan,nan,nan,0.05510691776209825
138120.0,0.18327459063743887,0.18280288564515046,0.1813817192180393,0.17899204299547294,0.17559887352513484,0.1711454022354171,0.16554205127900246,0.15864566184395038,0.1502167948840081,0.13982025725309025,0.12654059778890595,0.10779225330207622,0.055101524861463975,nan,nan,nan,nan,nan,nan,nan,0.055101524861463975
138180.0,0.1832127362091349,0.1827412933359181,0.18132091413689885,0.17893255316547158,0.1755412329138219,0.17109015575295528,0.1654897634050444,0.15859693209932682,0.15017228723164347,0.13978076168144443,0.12650718311038836,0.10776679747720436,0.05509614073770656,nan,nan,nan,nan,nan,nan,nan,0.05509614073770656
138240.0,0.18315095031358736,0.18267976922323678,0.18126017624419635,0.1788731288450886,0.17548365546350086,0.1710349694116795,0.16543753197406538,0.15854825440136644,0.15012782648603684,0.13974130703160784,0.1264738022823821,0.10774136662992204,0.05509076537190284,nan,nan,nan,nan,nan,nan,nan,0.05509076537190284
138300.0,0.18308923283511214,0.18261831319205,0.18119950542675436,0.17881376992426806,0.17542614106846574,0.1709798431114476,0.16538535689269096,0.15849962866467165,0.1500834125710172,0.13970189323800594,0.12644045525159908,0.1077159607219105,0.055085398745179474,nan,nan,nan,nan,nan,nan,nan,0.055085398745179474
138360.0,0.18302758365828234,0.18255692512755672,0.1811389015716466,0.1787544762931976,0.17536868962324384,0.17092477675233753,0.16533323806775074,0.1584510548040302,0.15003904541057764,0.13966252023520395,0.12640714196486302,0.10769057971492964,0.05508004083871314,nan,nan,nan,nan,nan,nan,nan,0.05508004083871314
138420.0,0.18296600266792734,0.1824956049152108,0.18107836456619703,0.17869524784230767,0.1753113010225949,0.17086977023464642,0.16528117540627774,0.15840253273441476,0.14999472492887458,0.1396231879579062,0.126373862369109,0.1076652235708176,0.055074691633730334,nan,nan,nan,nan,nan,nan,nan,0.055074691633730334
138480.0,0.18290448974913173,0.1824343524407198,0.1810178942979788,0.1786360844622706,0.17525397516151026,0.17081482345889004,0.1652291688155077,0.158354062370982,0.14995045105022756,0.13958389634095575,0.126340616411383,0.1076398922514906,0.05506935111150724,nan,nan,nan,nan,nan,nan,nan,0.05506935111150724
138540.0,0.18284304478723676,0.18237316759004646,0.18095749065481587,0.1785769860440019,0.17519671193521402,0.17075993632580358,0.16517721820287984,0.1583056436290738,0.1499062236991196,0.13954464531933503,0.1263074040388425,0.10761458571894308,0.055064019253369914,nan,nan,nan,nan,nan,nan,nan,0.055064019253369914
138600.0,0.1827816676678355,0.1823120502494039,0.18089715352477792,0.17851795247865565,0.17513951123915877,0.17070510873633793,0.16512532347603354,0.15825727642421358,0.14986204280019458,0.13950543482816333,0.1262742251987546,0.10758930393524686,0.05505869604069337,nan,nan,nan,nan,nan,nan,nan,0.05505869604069337
138660.0,0.1827203582767747,0.18225100030525732,0.18083688279618268,0.1784589836576264,0.17508237296902726,0.1706503405916611,0.1650734845428095,0.15820896067210793,0.14981790827825817,0.1394662648026978,0.12624107983849672,0.10756404686255126,0.05505338145490192,nan,nan,nan,nan,nan,nan,nan,0.05505338145490192
138720.0,0.18265911650015396,0.1821900176443233,0.1807766783575944,0.17840007947254816,0.17502529702073155,0.1705956317931574,0.1650217013112492,0.1581606962886457,0.1497738200582775,0.13942713517833288,0.12620796790555613,0.10753881446308299,0.055048075477468976,nan,nan,nan,nan,nan,nan,nan,0.055048075477468976
138780.0,0.18259794222432463,0.18212910215356876,0.1807165400978235,0.17834123981529343,0.17496828329041225,0.1705409822424268,0.16496997368959399,0.15811248318989746,0.14972977806538026,0.1393880458905999,0.12617488934752966,0.10751360669914584,0.055042778089916825,nan,nan,nan,nan,nan,nan,nan,0.055042778089916825
138840.0,0.1825368353358909,0.182068253720212,0.18065646790592724,0.1782824645779745,0.17491133167443906,0.1704863918412855,0.16491830158628587,0.15806432129211614,0.14968578222485562,0.1393489968751676,0.12614184411212412,0.10748842353312085,0.05503748927381687,nan,nan,nan,nan,nan,nan,nan,0.05503748927381687
138900.0,0.18247579572170583,0.18200747223171856,0.18059646167120585,0.17822375365293933,0.17485444206940778,0.17043186049176273,0.16486668490996453,0.15801621051173426,0.14964183246215146,0.13930998806784,0.1261088321471546,0.10746326492746548,0.05503220901078875,nan,nan,nan,nan,nan,nan,nan,0.05503220901078875
138960.0,0.18241482326887265,0.18194675757580284,0.18053652128320397,0.17816510693277296,0.17479761437214103,0.17037738809610214,0.16481512356946837,0.1579681507653648,0.14959792870287555,0.13927101940455708,0.12607585340054506,0.1074381308447138,0.05502693728250065,nan,nan,nan,nan,nan,nan,nan,0.05502693728250065
139020.0,0.1823539178647439,0.1818861096404271,0.1804766466317097,0.17810652431029672,0.17474084847968768,0.17032297455676057,0.16476361747383372,0.15792014196980084,0.14955407087279463,0.13923209082139434,0.12604290782032793,0.10741302124747623,0.05502167407066909,nan,nan,nan,nan,nan,nan,nan,0.05502167407066909
139080.0,0.18229307939692052,0.18182552831380044,0.18041683760675384,0.17804800567856732,0.17468414428932205,0.17026861977640756,0.16471216653229426,0.1578721840420145,0.14951025889783418,0.13919320225456247,0.12600999535464386,0.10738793609843941,0.055016419357058734,nan,nan,nan,nan,nan,nan,nan,0.055016419357058734
139140.0,0.1822323077532529,0.18176501348438007,0.1803570940986105,0.17798955093087782,0.17462750169854463,0.17021432365792621,0.16466077065428156,0.15782427689915796,0.14946649270407875,0.13915435364040749,0.12597711595174185,0.10736287536036618,0.05501117312348263,nan,nan,nan,nan,nan,nan,nan,0.05501117312348263
139200.0,0.1821716028218369,0.18170456504086713,0.18029741599779386,0.17793115996075393,0.17457092060507876,0.1701600861044098,0.16460942974942233,0.15777642045856058,0.1494227722177698,0.13911554491540926,0.12594426955997806,0.10733783899609489,0.055005935351801316,nan,nan,nan,nan,nan,nan,nan,0.055005935351801316
139260.0,0.1821109644910152,0.18164418287220815,0.18023780319505903,0.17787283266195525,0.17451440090687176,0.17010590701916295,0.1645581437275393,0.15772861463773,0.14937909736530638,0.1390767760161816,0.12591145612781598,0.10731282696853961,0.055000706023923124,nan,nan,nan,nan,nan,nan,nan,0.055000706023923124
139320.0,0.18205039264937642,0.18158386686759426,0.18017825558140124,0.17781456892847441,0.17445794250209407,0.1700517863057008,0.16450691249865046,0.1576808593543512,0.1493354680732445,0.13903804687947224,0.12587867560382623,0.10728783924068974,0.05499548512180399,nan,nan,nan,nan,nan,nan,nan,0.05499548512180399
139380.0,0.1819898871857543,0.1815236169164601,0.18011877304805524,0.17775636865453645,0.17440154528913854,0.16999772386774842,0.16445573597296861,0.15763315452628618,0.14929188426829676,0.13899935744216219,0.12584592793668617,0.10726287577560997,0.05499027262744726,nan,nan,nan,nan,nan,nan,nan,0.05499027262744726
139440.0,0.18192944798922872,0.1814634329084852,0.1800593554864961,0.17769823173459942,0.17434520916662136,0.16994371960924146,0.16440461406090195,0.15758550007157457,0.14924834587733288,0.13896070764126625,0.12581321307518037,0.10723793653644037,0.054985068522903933,nan,nan,nan,nan,nan,nan,nan,0.054985068522903933
139500.0,0.18186907494912163,0.1814033147335897,0.18000000278843534,0.1776401580633511,0.17428893403337847,0.1698897734343231,0.16435354667305105,0.15753789590843076,0.14920485282737744,0.13892209741393113,0.1257805309681989,0.10721302148639547,0.054979872790271764,nan,nan,nan,nan,nan,nan,nan,0.054979872790271764
139560.0,0.1818087679549985,0.18134326228193567,0.17994071484582233,0.17758214753570975,0.17423271978846683,0.1698358852473449,0.16430253372020995,0.157490341955245,0.1491614050456102,0.1388835266974358,0.12574788156473798,0.1071881305887646,0.054974685411695576,nan,nan,nan,nan,nan,nan,nan,0.054974685411695576
139620.0,0.18174852689666746,0.18128327544392664,0.17988149155084338,0.17752420004682384,0.1741765663311634,0.1697820549528662,0.16425157511336538,0.15744283813058266,0.14911800245936624,0.13884499542919143,0.12571526481389947,0.10716326380691152,0.05496950636936707,nan,nan,nan,nan,nan,nan,nan,0.05496950636936707
139680.0,0.18168835166417843,0.1812233541102064,0.17982233279592105,0.17746631549207084,0.1741204735609648,0.16972828245565352,0.16420067076369624,0.15739538435318376,0.14907464499613493,0.13880650354674065,0.1256826806648908,0.10713842110427432,0.054964335645524665,nan,nan,nan,nan,nan,nan,nan,0.054964335645524665
139740.0,0.1816282421478243,0.1811634981716603,0.17976323847371514,0.17740849376705858,0.17406444137758809,0.16967456766068129,0.16414982058257438,0.15734798054196364,0.14903133258356097,0.1387680509877584,0.12565012906702505,0.10711360244436562,0.05495917322245368,nan,nan,nan,nan,nan,nan,nan,0.05495917322245368
139800.0,0.1815681982381367,0.18110370751941102,0.1797042084771186,0.1773507347676211,0.17400846968096678,0.1696209104731285,0.16409902448156147,0.15730062661601021,0.14898806514944146,0.1387296376900495,0.12561760996971957,0.10708880779077148,0.05495401908248548,nan,nan,nan,nan,nan,nan,nan,0.05495401908248548
139860.0,0.18150821982588747,0.1810439820448202,0.17964524269925902,0.17729303838982008,0.17395255837125284,0.16956731079837983,0.16404828237240993,0.15725332249458474,0.14894484262172716,0.1386912635915496,0.12558512332249647,0.10706403710715187,0.054948873207997795,nan,nan,nan,nan,nan,nan,nan,0.054948873207997795
139920.0,0.18144830680208798,0.18098432163948736,0.179586341033498,0.1772354045299443,0.17389670734881515,0.16951376854202516,0.1639975941670625,0.15720606809712137,0.14890166492852175,0.13865292863032458,0.1255526690749822,0.10703929035724036,0.05494373558141451,nan,nan,nan,nan,nan,nan,nan,0.05494373558141451
139980.0,0.18138845905798812,0.1809247261952493,0.17952750337343001,0.17717783308450855,0.17384091651423944,0.1694602836098585,0.1639469597776516,0.1571588633432267,0.14885853199808138,0.13861463274457034,0.1255202471769073,0.10701456750484381,0.054938606185205505,nan,nan,nan,nan,nan,nan,nan,0.054938606185205505
140040.0,0.18132867648507744,0.18086519560418107,0.17946872961288363,0.17712032395025473,0.1737851857683287,0.16940685590787924,0.16389637911649985,0.15711170815268027,0.14881544375881534,0.13857637587261315,0.12548785757810688,0.10698986851384276,0.05493348500188687,nan,nan,nan,nan,nan,nan,nan,0.05493348500188687
140100.0,0.18126895897508108,0.18080572975859194,0.17941001964591752,0.17706287702414805,0.17372951501209988,0.16935348534228856,0.16384585209611727,0.1570646024454318,0.1487724001392835,0.13853815795290764,0.1254555002285187,0.1069651933481903,0.05492837201402004,nan,nan,nan,nan,nan,nan,nan,0.05492837201402004
140160.0,0.18120930641996125,0.18074632855102685,0.17935137336682194,0.17700549220337852,0.1736739041467851,0.16930017181949064,0.1637953786292023,0.15701754614160235,0.14872940106819724,0.13849997892403745,0.12542317507818418,0.10694054197191245,0.05492326720421208,nan,nan,nan,nan,nan,nan,nan,0.05492326720421208
140220.0,0.18114971871191643,0.18068699187426554,0.17929279067011794,0.1769481693853599,0.17361835307383094,0.16924691524609214,0.163744958628641,0.15697053916148349,0.14868644647441903,0.13846183872471496,0.1253908820772477,0.10691591434910798,0.054918170555115546,nan,nan,nan,nan,nan,nan,nan,0.054918170555115546
140280.0,0.18109019574338042,0.1806277196213219,0.17923427145055632,0.17689090846772915,0.1735628616948976,0.16919371552890122,0.16369459200750663,0.1569235814255369,0.14864353628696172,0.1384237372937807,0.1253586211759563,0.10689131044394806,0.05491308204942827,nan,nan,nan,nan,nan,nan,nan,0.05491308204942827
140340.0,0.1810307374070234,0.1805685116854447,0.17917581560311885,0.1768337093483473,0.17350742991185972,0.16914057257492848,0.16364427867906012,0.15687667285439497,0.14860067043498926,0.13838567457020404,0.1253263923246604,0.10686673022067658,0.054908001669893604,nan,nan,nan,nan,nan,nan,nan,0.054908001669893604
140400.0,0.1809713435957482,0.18050936796011394,0.17911742302301445,0.17677657192529567,0.1734520576268032,0.16908748629138393,0.16359401855674757,0.15682981336885815,0.1485578488478143,0.1383476504930808,0.12529419547381168,0.10684217364360915,0.05490292939929954,nan,nan,nan,nan,nan,nan,nan,0.05490292939929954
140460.0,0.18091201420269143,0.1804502883390422,0.17905909360568045,0.17671949609687743,0.1733967447420262,0.16903445658567773,0.16354381155420072,0.15678300288989588,0.1485150714548991,0.1383096650016345,0.1252620305739642,0.10681764067713335,0.05489786522047903,nan,nan,nan,nan,nan,nan,nan,0.05489786522047903
140520.0,0.1808527491212228,0.18039127271617372,0.17900082724678185,0.17666248176161653,0.17334149116003844,0.16898148336541985,0.16349365758523665,0.15673624133864592,0.14847233818585484,0.13827171803521549,0.1252298975757737,0.10679313128570866,0.0548928091163098,nan,nan,nan,nan,nan,nan,nan,0.0548928091163098
140580.0,0.18079354824494426,0.1803323209856836,0.17894262384221055,0.17660552881825728,0.1732862967835605,0.1689285665384192,0.16344355656385717,0.15668952863641392,0.14842964897044128,0.13823380953330075,0.12519779642999737,0.10676864543386608,0.054887761069714186,nan,nan,nan,nan,nan,nan,nan,0.054887761069714186
140640.0,0.1807344114676911,0.1802734330419789,0.1788844832880862,0.17654863716576477,0.1732311615155246,0.16887570601268448,0.1633935084042492,0.156642864704674,0.14838700373856728,0.13819593943549427,0.12516572708749416,0.10674418308620834,0.054882721063659344,nan,nan,nan,nan,nan,nan,nan,0.054882721063659344
140700.0,0.18067533868352792,0.18021460877969475,0.17882640548075263,0.17649180670332182,0.17317608525907136,0.16882290169642092,0.16334351302078248,0.15659624946506617,0.14834440242028857,0.13815810768152514,0.12513368949922338,0.10671974420740912,0.054877689081156394,nan,nan,nan,nan,nan,nan,nan,0.054877689081156394
140760.0,0.1806163297867502,0.18015584809369575,0.17876839031677894,0.1764350373303299,0.17312106791755086,0.16877015349803165,0.1632935703280099,0.15654968283939713,0.14830184494580828,0.13812031421124832,0.12510168361624516,0.10669532876221317,0.05487266510526073,nan,nan,nan,nan,nan,nan,nan,0.05487266510526073
140820.0,0.18055738467188334,0.18009715087907507,0.1787104376929591,0.17637832894640854,0.173066109394522,0.1687174613261167,0.16324368024066732,0.15650316474963985,0.14825933124547686,0.13808255896464394,0.12506970938972012,0.10667093671543618,0.05486764911907186,nan,nan,nan,nan,nan,nan,nan,0.05486764911907186
140880.0,0.18049850323368194,0.18003851703115376,0.17865254750631077,0.17632168145139449,0.17301120959375157,0.1686648250894725,0.16319384267367287,0.1564566951179329,0.14821686124979114,0.13804484188181726,0.12503776677090905,0.10664656803196453,0.05486264110573321,nan,nan,nan,nan,nan,nan,nan,0.05486264110573321
140940.0,0.18043968536713073,0.1799799464454817,0.17859471965407636,0.17626509474534258,0.1729563684192156,0.16861224469709268,0.16314405754212755,0.15641027386658116,0.14817443488939533,0.13800716290299886,0.12500585571117326,0.10662222267675549,0.05485764104843232,nan,nan,nan,nan,nan,nan,nan,0.05485764104843232
141000.0,0.18038093096744087,0.1799214390178339,0.1785369540337196,0.17620856872852242,0.17290158577509548,0.16855972005816489,0.16309432476131241,0.1563639009180532,0.1481320520950784,0.13796952196854287,0.12497397616197306,0.10659790061483632,0.05485264893040008,nan,nan,nan,nan,nan,nan,nan,0.05485264893040008
141060.0,0.1803222399300512,0.1798629946442116,0.17847925054292652,0.17615210330141934,0.17284686156577933,0.16850725108207182,0.16304464424668963,0.1563175761949822,0.14808971279777505,0.1379319190189275,0.12494212807486837,0.10657360181130454,0.05484766473491095,nan,nan,nan,nan,nan,nan,nan,0.05484766473491095
141120.0,0.18026361215062747,0.17980461322084174,0.17842160907960483,0.17609569836473382,0.17279219569586135,0.16845483767839076,0.16299501591390175,0.1562712996201653,0.1480474169285652,0.13789435399475483,0.12491031140151836,0.10654932623132773,0.05484268844528283,nan,nan,nan,nan,nan,nan,nan,0.05484268844528283
141180.0,0.18020504752506167,0.17974629464417616,0.17836402954188316,0.1760393538193808,0.17273758807014106,0.16840247975689268,0.16294543967877123,0.15622507111656328,0.1480051644186734,0.13785682683675018,0.12487852609368097,0.10652507384014326,0.05483772004487689,nan,nan,nan,nan,nan,nan,nan,0.05483772004487689
141240.0,0.18014654594947274,0.17968803881089235,0.17830651182811202,0.17598306956649037,0.1726830385936242,0.16835017722754314,0.16289591545730112,0.1561788906073009,0.1479629551994695,0.13781933748576275,0.12484677210321359,0.10650084460305856,0.05483275951709779,nan,nan,nan,nan,nan,nan,nan,0.05483275951709779
141300.0,0.1800881073202031,0.17962984561788997,0.17824905583686007,0.17592684550740453,0.1726285471715192,0.16829793000049934,0.16284644316567204,0.15613275801566456,0.14792078920246646,0.1377818858827636,0.1248150493820713,0.10647663848545022,0.054827806845392804,nan,nan,nan,nan,nan,nan,nan,0.054827806845392804
141360.0,0.18002973153381996,0.17957171496229213,0.17819166146691545,0.17587068154367824,0.17257411370923875,0.1682457379861108,0.16279702272024343,0.1560866732651032,0.14787866635932093,0.13774447196884648,0.12478335788230752,0.10645245545276413,0.05482286201325217,nan,nan,nan,nan,nan,nan,nan,0.05482286201325217
141420.0,0.1799714184871143,0.17951364674144443,0.17813432861728504,0.17581457757707877,0.17251973811239874,0.16819360109491915,0.1627476540375528,0.15604063627922746,0.1478365866018329,0.13770709568522715,0.12475169755607352,0.10642829547051547,0.0548179250042089,nan,nan,nan,nan,nan,nan,nan,0.0548179250042089
141480.0,0.17991316807710028,0.17945564085291443,0.17807705718719377,0.17575853350958487,0.17246542028681766,0.16814151923765722,0.16269833703431513,0.1559946469818095,0.14779454986194523,0.13766975697324327,0.12472006835561847,0.10640415850428829,0.05481299580183861,nan,nan,nan,nan,nan,nan,nan,0.05481299580183861
141540.0,0.1798549802010163,0.1793976971944925,0.17801984707608542,0.17570254924338785,0.17241116013851754,0.16808949232524978,0.16264907162742365,0.15594870529678348,0.14775255607174426,0.1376324557743547,0.12468847023328933,0.10638004451973593,0.05480807438975972,nan,nan,nan,nan,nan,nan,nan,0.05480807438975972
141600.0,0.17979685475632107,0.17933981566418808,0.1779626981836191,0.17564662468088793,0.1723569575737206,0.16803752026881072,0.16259985773394692,0.15590281114824298,0.14771060516345733,0.13759519203014164,0.12465690314152977,0.10635595348257987,0.05480316075163267,nan,nan,nan,nan,nan,nan,nan,0.05480316075163267
141660.0,0.1797387916406951,0.17928199616023113,0.17790561040967057,0.1755907597246956,0.17230281249885038,0.16798560297964393,0.16255069527112992,0.15585696446044195,0.14766869706945393,0.13755796568230536,0.12462536703288045,0.10633188535861027,0.05479825487116019,nan,nan,nan,nan,nan,nan,nan,0.05479825487116019
141720.0,0.17968079075203983,0.1792242385810713,0.17784858365433132,0.17553495427763088,0.17224872482053108,0.1679337403692427,0.1625015841563934,0.15581116515779417,0.14762683172224486,0.13752077667266766,0.12459386185997887,0.10630784011368552,0.05479335673208714,nan,nan,nan,nan,nan,nan,nan,0.05479335673208714
141780.0,0.17962285198847694,0.17916654282537722,0.1777916178179082,0.17547920824272245,0.1721946944455869,0.16788193234928908,0.16245252430733337,0.15576541316487266,0.147585009054482,0.13748362494317062,0.12456238757555887,0.10628381771373221,0.05478846631820034,nan,nan,nan,nan,nan,nan,nan,0.05478846631820034
141840.0,0.17956497524834925,0.17910890879203728,0.1777347128009238,0.17542352152320873,0.17214072128104285,0.16783017883165469,0.1624035156417216,0.15571970840641042,0.14754322899895878,0.137446510435877,0.12453094413245111,0.10625981812474525,0.0547835836133288,nan,nan,nan,nan,nan,nan,nan,0.0547835836133288
141900.0,0.1795071604302171,0.17905133638015616,0.17767786850411343,0.1753678940225344,0.1720868052341215,0.1677784797283976,0.16235455807750304,0.1556740508072978,0.14750149148860803,0.1374094330929684,0.12449953148358164,0.10623584131278693,0.0547787086013429,nan,nan,nan,nan,nan,nan,nan,0.0547787086013429
141960.0,0.17944940743285973,0.17899382548905618,0.1776210848284261,0.1753123256443516,0.1720329462122442,0.16772683495176346,0.16230565153279675,0.15562844029258346,0.14745979645650267,0.13737239285674588,0.12446814958197235,0.10621188724398731,0.05477384126615466,nan,nan,nan,nan,nan,nan,nan,0.05477384126615466
142020.0,0.17939171615527436,0.17893637601827642,0.1775643616750237,0.17525681629251916,0.17197914412303011,0.16767524441418494,0.16225679592589531,0.15558287678747376,0.1474181438358553,0.13733538966962952,0.12443679838074062,0.10618795588454391,0.054768981591717586,nan,nan,nan,nan,nan,nan,nan,0.054768981591717586
142080.0,0.17933408649667557,0.17887898786757195,0.17750769894528062,0.17520136587110202,0.17192539887429611,0.16762370802828092,0.16220799117526413,0.15553736021733236,0.1473765335600177,0.13729842347415827,0.12440547783309916,0.10616404720072159,0.054764129562026545,nan,nan,nan,nan,nan,nan,nan,0.054764129562026545
142140.0,0.17927651835649608,0.17882166093691493,0.1774510965407843,0.175145974284372,0.171871710374057,0.16757222570685743,0.16215923719954223,0.15549189050768075,0.14733496556248143,0.13726149421299003,0.1243741878923562,0.10614016115885266,0.05475928516111792,nan,nan,nan,nan,nan,nan,nan,0.05475928516111792
142200.0,0.17921901163438342,0.17876439512649087,0.17739455436333193,0.1750906414368045,0.17181807853052256,0.16752079736290446,0.1621105339175396,0.15544646758419564,0.14729343977687556,0.13722460182890012,0.1243429285119141,0.10611629772533607,0.05475444837306885,nan,nan,nan,nan,nan,nan,nan,0.05475444837306885
142260.0,0.17916156623020105,0.1787071903367,0.17733807231493168,0.17503536723307964,0.17176450325209888,0.16746942290959727,0.162061881248238,0.1554010913727103,0.1472519561369676,0.1371877462647819,0.12431169964526996,0.10609245686663765,0.05474961918199749,nan,nan,nan,nan,nan,nan,nan,0.05474961918199749
142320.0,0.17910418204402753,0.17865004646815652,0.1772816502978019,0.17498015157808156,0.17171098444738736,0.16741810226029552,0.16201327911079041,0.15535576179921334,0.14721051457666284,0.13715092746364613,0.1242805012460152,0.10606863854928988,0.05474479757206289,nan,nan,nan,nan,nan,nan,nan,0.05474479757206289
142380.0,0.179046858976156,0.17859296342168782,0.17722528821437056,0.17492499437689785,0.17165752202518425,0.1673668353285429,0.1619647274245206,0.1553104787898489,0.14716911503000402,0.13711414536862085,0.12424933326783524,0.10604484273989173,0.054739983527464786,nan,nan,nan,nan,nan,nan,nan,0.054739983527464786
142440.0,0.1789895969270949,0.17853594109833543,0.17716898596727582,0.17486989553482019,0.1716041158944814,0.1673156220280675,0.16191622610892348,0.1552652422709168,0.14712775743117182,0.13707739992295176,0.12421819566450992,0.10602106940510889,0.05473517703244384,nan,nan,nan,nan,nan,nan,nan,0.05473517703244384
142500.0,0.17893239579756454,0.1784789793993515,0.17711274345936293,0.17481485495734114,0.17155076596446303,0.1672644622727793,0.1618677750836629,0.1552200521688701,0.14708644171448287,0.1370406910700004,0.12418708838991208,0.10599731851167271,0.05473037807128085,nan,nan,nan,nan,nan,nan,nan,0.05473037807128085
142560.0,0.17887525548849842,0.17842207822620015,0.17705656059368538,0.17475987255015546,0.17149747214450706,0.167213355976771,0.16181937426857212,0.15517490841031634,0.14704516781439017,0.13700401875324475,0.12415601139800804,0.10597359002638077,0.054725586628297025,nan,nan,nan,nan,nan,nan,nan,0.054725586628297025
142620.0,0.17881817590104232,0.1783652374805566,0.17700043727350415,0.17470494821915922,0.1714442343441842,0.1671623030543173,0.16177102358365356,0.15512981092201664,0.14700393566548295,0.13696738291627888,0.12412496464285729,0.10594988391609643,0.054720802687853815,nan,nan,nan,nan,nan,nan,nan,0.054720802687853815
142680.0,0.17876115693655376,0.1783084570643064,0.1769443734022868,0.17465008187044917,0.17139105247325753,0.16711130341987454,0.161722722949078,0.15508475963088533,0.14696274520248612,0.13693078350281257,0.12409394807861218,0.1059262001477487,0.05471602623435279,nan,nan,nan,nan,nan,nan,nan,0.05471602623435279
142740.0,0.1787041984966027,0.17825173687954657,0.17688836888370874,0.17459527341032366,0.17133792644168305,0.1670603569880811,0.16167447228518544,0.15503975446399054,0.1469215963602607,0.1368942204566718,0.12406296165951827,0.10590253868833249,0.05471125725223581,nan,nan,nan,nan,nan,nan,nan,0.05471125725223581
142800.0,0.17864730048296837,0.17819507682858193,0.17683242362164953,0.17454052274527918,0.17128485615960687,0.16700946367375494,0.16162627151248235,0.15499479534855187,0.14688048907380183,0.13685769372179685,0.12403200533991295,0.10587889950490767,0.05470649572598427,nan,nan,nan,nan,nan,nan,nan,0.05470649572598427
142860.0,0.17859046279764018,0.17813847681392647,0.17677653752019423,0.17448582978201185,0.171231841537366,0.1669586233918942,0.16157812055164264,0.1549498822119411,0.14683942327823954,0.136821203242243,0.124001079074226,0.10585528256459939,0.054701741640119365,nan,nan,nan,nan,nan,nan,nan,0.054701741640119365
142920.0,0.1785336853428172,0.17808193673830258,0.17672071048363275,0.17443119442741645,0.17117888248548796,0.1669078360576769,0.16153001932350702,0.1549050149816818,0.14679839890883817,0.13678474896218032,0.12397018281697908,0.10583168783459787,0.054696994979201954,nan,nan,nan,nan,nan,nan,nan,0.054696994979201954
142980.0,0.1784769680209074,0.17802545650464024,0.176664942416459,0.1743766165885858,0.17112597891469006,0.16685710158646008,0.16148196774908263,0.1548601935854488,0.14675741590099603,0.13674833082589288,0.1239393165227857,0.10580811528215817,0.05469225572783238,nan,nan,nan,nan,nan,nan,nan,0.05469225572783238
143040.0,0.17842031073452846,0.17796903601607805,0.1766092332233718,0.17432209617281172,0.17107313073587993,0.1668064198937808,0.16143396574954344,0.15481541795106868,0.1467164741902459,0.13671194877777965,0.12390848014635136,0.10578456487460045,0.05468752387065069,nan,nan,nan,nan,nan,nan,nan,0.05468752387065069
143100.0,0.17836371338650456,0.17791267517595985,0.17655358280927158,0.1742676330875817,0.17102033786015294,0.16675579089535303,0.16138601324622784,0.1547706880065176,0.1466755737122529,0.1366756027623524,0.12387767364247226,0.10576103657930899,0.054682799392335876,nan,nan,nan,nan,nan,nan,nan,0.054682799392335876
143160.0,0.1783071758798673,0.1778563738878358,0.17649799107926167,0.17421322724058003,0.17096760019879298,0.16670521450706888,0.16133811016063948,0.154726003679922,0.14663471440281536,0.13663929272423656,0.12384689696603576,0.10573753036373262,0.05467808227760612,nan,nan,nan,nan,nan,nan,nan,0.05467808227760612
143220.0,0.17825069811785532,0.1778001320554617,0.1764424579386474,0.17415887853968726,0.1709149176632718,0.16665469064499777,0.1612902564144467,0.15468136489955803,0.14659389619786414,0.13660301860817062,0.12381615007202015,0.10571404619538444,0.05467337251121869,nan,nan,nan,nan,nan,nan,nan,0.05467337251121869
143280.0,0.17819428000391332,0.17774394958279843,0.1763869832929356,0.17410458689297945,0.1708622901652485,0.1666042192253861,0.16124245192948203,0.1546367715938513,0.14655311903346252,0.13656678035900602,0.12378543291549425,0.10569058404184156,0.05466867007796973,nan,nan,nan,nan,nan,nan,nan,0.05466867007796973
143340.0,0.17813792144169302,0.1776878263740126,0.1763315670478352,0.1740503522087289,0.17080971761657027,0.16655380016465773,0.1611946966277428,0.15459222369137715,0.1465123828458063,0.13653057792170734,0.1237547454516178,0.10566714387074541,0.05466397496269451,nan,nan,nan,nan,nan,nan,nan,0.05466397496269451
143400.0,0.17808162233504993,0.17763176233347344,0.17627620910925434,0.17399617439540108,0.1707571999292693,0.1665034333794113,0.16114699043138858,0.15454772112085857,0.14647168757122223,0.1364944112413507,0.12372408763564013,0.10564372564980082,0.05465928715026665,nan,nan,nan,nan,nan,nan,nan,0.05465928715026665
143460.0,0.17802538258804437,0.1775757573657538,0.1762209093833012,0.1739420533616559,0.17070473701556405,0.16645311878642116,0.1610993332627421,0.15450326381116697,0.14643103314616832,0.13645828026312443,0.12369345942290061,0.10562032934677633,0.05465460662559839,nan,nan,nan,nan,nan,nan,nan,0.05465460662559839
143520.0,0.17796920210494085,0.17751981137562955,0.1761656677762835,0.17388798901634678,0.17065232878785835,0.1664028563026368,0.16105172504428866,0.1544588516913216,0.14639041950723364,0.1364221849323285,0.12366286076882833,0.10559695492950394,0.05464993337364044,nan,nan,nan,nan,nan,nan,nan,0.05464993337364044
143580.0,0.1779130807902074,0.17746392426807903,0.17611048419470768,0.17383398126852018,0.17059997515874098,0.16635264584518242,0.1610041656986757,0.15441448469048913,0.14634984659113787,0.1363861251943744,0.12363229162894192,0.10557360236587895,0.05464526737938185,nan,nan,nan,nan,nan,nan,nan,0.05464526737938185
143640.0,0.17785701854851632,0.17740809594828338,0.17605535854527982,0.17378003002741615,0.17054767604098633,0.16630248733135722,0.16095665514871327,0.15437016273798415,0.1463093143347316,0.1363501009947853,0.12360175195884969,0.1055502716238602,0.054640608627850196,nan,nan,nan,nan,nan,nan,nan,0.054640608627850196
143700.0,0.17780101528474104,0.17735232632162395,0.17600029073490253,0.17372613520246574,0.17049543134755157,0.16625238067863313,0.16090919331737163,0.15432588576326703,0.14626882267499458,0.13631411227919468,0.12357124171424848,0.10552696267146912,0.05463595710411081,nan,nan,nan,nan,nan,nan,nan,0.05463595710411081
143760.0,0.17774507090395722,0.1772966152936831,0.17594528067067589,0.17367229670329154,0.17044324099157748,0.16620232580465544,0.16086178012778202,0.1542816536959446,0.14622837154903637,0.13627815899334655,0.12354076085092407,0.10550367547679008,0.0546313127932671,nan,nan,nan,nan,nan,nan,nan,0.0546313127932671
143820.0,0.17768918531144196,0.17724096277024343,0.17589032825989692,0.17361851443970733,0.17039110488638803,0.1661523226272424,0.16081441550323633,0.15423746646576966,0.1461879608940958,0.13624224108309546,0.12351030932475086,0.10548041000797016,0.054626675680460354,nan,nan,nan,nan,nan,nan,nan,0.054626675680460354
143880.0,0.17763335841267328,0.17718536865728732,0.17583543341005872,0.1735647883217174,0.17033902294548964,0.16610237106438455,0.16076709936718636,0.15419332400264057,0.1461475906475406,0.13620635849440582,0.12347988709169165,0.105457166233219,0.05462204575086963,nan,nan,nan,nan,nan,nan,nan,0.05462204575086963
143940.0,0.17757759011333082,0.17712983286099765,0.17578059602885174,0.1735111182595173,0.170286995082572,0.16605247103424536,0.16071983164324455,0.15414922623660182,0.14610726074686795,0.1361705111733525,0.12344949410779782,0.10543394412080896,0.054617422989711915,nan,nan,nan,nan,nan,nan,nan,0.054617422989711915
144000.0,0.17752188031929278,0.17707435528775461,0.17572581602416007,0.1734575041634907,0.17023502121150513,0.1660026224551588,0.1606726122551814,0.15410517309784164,0.14606697112970243,0.1361346990661192,0.12341913032920822,0.10541074363907424,0.05461280738224142,nan,nan,nan,nan,nan,nan,nan,0.05461280738224142
144060.0,0.17746622893663686,0.17701893584413692,0.1756710933040629,0.17340394594421077,0.1701831012463404,0.16595282524562988,0.1606254411269265,0.15406116451669297,0.14602672173379683,0.1360989221189989,0.1233887957121495,0.10538756475641123,0.05460819891374985,nan,nan,nan,nan,nan,nan,nan,0.05460819891374985
144120.0,0.1774106358716397,0.17696357443692096,0.17561642777683364,0.17335044351243917,0.17013123510131,0.1659030793243344,0.16057831818256785,0.15401720042363293,0.14598651249703146,0.13606318027839348,0.12335849021293588,0.10536440744127828,0.05460359756956624,nan,nan,nan,nan,nan,nan,nan,0.05460359756956624
144180.0,0.17735510103077623,0.1769082709730802,0.17556181935093965,0.1732969967791257,0.17007942269082615,0.16585338461011823,0.16053124334635138,0.1539732807492822,0.14594634335741408,0.13602747349081365,0.12332821378796885,0.10534127166219558,0.05459900333505681,nan,nan,nan,nan,nan,nan,nan,0.05459900333505681
144240.0,0.1772996243207204,0.17685302535978614,0.1755072679350425,0.1732436056554088,0.17002766392948215,0.16580374102199802,0.1604842165426817,0.15392940542440578,0.14590621425308023,0.13599180170287897,0.1232979663937374,0.10531815738774515,0.05459441619562517,nan,nan,nan,nan,nan,nan,nan,0.05459441619562517
144300.0,0.1772442056483421,0.17679783750440498,0.1754527734379953,0.17319027005261295,0.16997595873204913,0.1657541484791586,0.16043723769611928,0.15388557437991068,0.14586612512229113,0.1359561648613165,0.123267747986817,0.10529506458657024,0.0545898361367116,nan,nan,nan,nan,nan,nan,nan,0.0545898361367116
144360.0,0.17718884492070813,0.17674270731449887,0.17539833576884373,0.17313698988224926,0.16992430701347735,0.1657046069009538,0.16039030673138183,0.15384178754684674,0.14582607590343472,0.13592056291296126,0.12323755852386968,0.10527199322737552,0.054585263143793306,nan,nan,nan,nan,nan,nan,nan,0.054585263143793306
144420.0,0.1771335420450818,0.17668763469782503,0.17534395483682513,0.17308376505601525,0.16987270868889548,0.16565511620690593,0.16034342357334336,0.15379804485640602,0.14578606653502482,0.13588499580475588,0.1232073979616441,0.10524894327892682,0.05458069720238426,nan,nan,nan,nan,nan,nan,nan,0.05458069720238426
144480.0,0.177078296928922,0.17663261956233547,0.1752896305513681,0.17303059548579397,0.16982116367361008,0.16560567631670525,0.16029658814703387,0.15375434623992254,0.1457460969557011,0.13584946348375027,0.12317726625697503,0.10522591471005105,0.054576138298035086,nan,nan,nan,nan,nan,nan,nan,0.054576138298035086
144540.0,0.17702310947988414,0.17657766181617732,0.17523536282209326,0.17297748108365474,0.16976967188310615,0.1655562871502107,0.1602498003776399,0.15371069162887266,0.1457061671042293,0.13581396589710204,0.12314716336678377,0.10520290748963629,0.05457158641633323,nan,nan,nan,nan,nan,nan,nan,0.05457158641633323
144600.0,0.17696797960581706,0.17652276136769016,0.17518115155881014,0.17292442176185044,0.16971823323304458,0.16550694862744708,0.16020306019050198,0.153667080954873,0.14566627691949946,0.1357785029920748,0.12311708924807688,0.10517992158663106,0.05456704154290226,nan,nan,nan,nan,nan,nan,nan,0.05456704154290226
144660.0,0.17691290721476396,0.17646791812540683,0.1751269966715182,0.17287141743281836,0.16966684763926293,0.1654576606686061,0.1601563675111158,0.1536235141496812,0.14562642634052653,0.13574307471603891,0.1230870438579466,0.10515695697004451,0.05456250366340214,nan,nan,nan,nan,nan,nan,nan,0.05456250366340214
144720.0,0.17685789221496198,0.1764131319980529,0.17507289807040646,0.1728184680091797,0.1696155150177749,0.16540842319404592,0.16010972226513148,0.15357999114519533,0.14558661530644995,0.1357076810164709,0.12305702715357059,0.10513401360894634,0.05455797276352904,nan,nan,nan,nan,nan,nan,nan,0.05455797276352904
144780.0,0.1768029345148414,0.17635840289454605,0.17501885566585254,0.17276557340373871,0.16956423528476977,0.16535923612429032,0.16006312437835296,0.1535365118734536,0.14554684375653332,0.13567232184095332,0.1230270390922116,0.10511109147246644,0.05455344882901525,nan,nan,nan,nan,nan,nan,nan,0.05455344882901525
144840.0,0.17674803402302636,0.1763037307239967,0.1749648693684235,0.1727127335294838,0.16951300835661307,0.16531009938002966,0.16001657377673886,0.15349307626663478,0.14550711163016475,0.13563699713717503,0.12299707963121792,0.10508819052979529,0.05454893184562932,nan,nan,nan,nan,nan,nan,nan,0.05454893184562932
144900.0,0.17669319064833197,0.1762491153957051,0.17491093908887312,0.17265994829958425,0.16946183414984384,0.16526101288211814,0.15997007038639988,0.15344968425705616,0.14546741886685513,0.13560170685292966,0.12296714872802197,0.10506531075018297,0.0545444217991754,nan,nan,nan,nan,nan,nan,nan,0.0545444217991754
144960.0,0.17663840429976538,0.1761945568191624,0.17485706473814255,0.17260721762739165,0.16941071258117563,0.1652119765515747,0.15992361413359985,0.15340633577717422,0.14542776540623864,0.13556645093611608,0.12293724634014086,0.1050424521029395,0.054539918675493494,nan,nan,nan,nan,nan,nan,nan,0.054539918675493494
145020.0,0.17658367488652493,0.17614005490405005,0.17480324622736004,0.1725545414264389,0.16935964356749583,0.16516299030958248,0.15987720494475494,0.15336303075958413,0.1453881511880724,0.1355312293347383,0.12290737242517602,0.10501961455743472,0.054535422460459275,nan,nan,nan,nan,nan,nan,nan,0.054535422460459275
145080.0,0.1765290023179998,0.17608560956023897,0.17474948346784003,0.17250191961043992,0.16930862702586527,0.1651140540774884,0.15983084274643347,0.1533197691370194,0.1453485761522362,0.13549604199690474,0.12287752694081303,0.10499679808309795,0.05453093313998399,nan,nan,nan,nan,nan,nan,nan,0.05453093313998399
145140.0,0.1764743865037704,0.17603122069779037,0.17469577637108408,0.1724493520932901,0.16925766287351862,0.16506516777680352,0.15978452746535626,0.1532765508423524,0.1453090402387327,0.13546088887082897,0.12284770984482184,0.10497400264941831,0.054526450700014654,nan,nan,nan,nan,nan,nan,nan,0.054526450700014654
145200.0,0.17641982735360578,0.17597688822695298,0.1746421248487778,0.17239683878906367,0.16920675102786192,0.16501633132920085,0.15973825902839428,0.15323337580859217,0.14526954338768583,0.135425769904828,0.12281792109505556,0.10495122822594388,0.05452197512653332,nan,nan,nan,nan,nan,nan,nan,0.05452197512653332
145260.0,0.17636532477746442,0.17592261205816398,0.17458852881279208,0.17234437961201463,0.16915589140647352,0.16496754465651603,0.15969203736256982,0.15319024396888514,0.14523008553934127,0.13539068504732282,0.12278816064945094,0.10492847478228198,0.05451750640555735,nan,nan,nan,nan,nan,nan,nan,0.05451750640555735
145320.0,0.17631087868549372,0.17586839210204813,0.17453498817518237,0.17229197447657613,0.1691050839271034,0.1649188076807468,0.15964586239505557,0.15314715525651498,0.1451906666340662,0.13535563424683814,0.12275842846602808,0.10490574228809887,0.05451304452313929,nan,nan,nan,nan,nan,nan,nan,0.05451304452313929
145380.0,0.17625648898802926,0.17581422826941762,0.17448150284818792,0.1722396232973598,0.16905432850767266,0.16487012032405252,0.15959973405317435,0.15310410960490164,0.14515128661234872,0.13532061745200197,0.12272872450289012,0.1048830307131198,0.05450858946536673,nan,nan,nan,nan,nan,nan,nan,0.05450858946536673
145440.0,0.1762021555955957,0.17576012047127224,0.1744280727442327,0.17218732598915673,0.16900362506627414,0.16482148250875484,0.1595536522643995,0.15306110694760233,0.14511194541479844,0.135285634611546,0.1226990487182236,0.10486034002712898,0.05450414121836243,nan,nan,nan,nan,nan,nan,nan,0.05450414121836243
145500.0,0.17614787841890367,0.17570606861879703,0.17437469777592243,0.1721350824669343,0.16895297352116984,0.16477289415733498,0.1595076169563529,0.15301814721830917,0.1450726429821447,0.13525068567430418,0.12266940107029715,0.10483767019996883,0.054499699768283755,nan,nan,nan,nan,nan,nan,nan,0.054499699768283755
145560.0,0.17609365736885088,0.1756520726233629,0.17432137785604576,0.17208289264583743,0.16890237379079182,0.16472435519243495,0.15946162805680553,0.1529752303508501,0.14503337925523704,0.13521577058921314,0.12263978151746209,0.10481502120154038,0.054495265101322826,nan,nan,nan,nan,nan,nan,nan,0.054495265101322826
145620.0,0.17603949235652155,0.17559813239652622,0.17426811289757332,0.17203075644118804,0.16885182579374164,0.16467586553685673,0.15941568549367702,0.15293235627918825,0.14499415417504496,0.13518088930531189,0.12261019001815199,0.1047923930018029,0.05449083720370642,nan,nan,nan,nan,nan,nan,nan,0.05449083720370642
145680.0,0.1759853832931857,0.17554424785002803,0.17421490281365754,0.1719786737684841,0.16880132944878984,0.16462742511356193,0.15936978919503508,0.15288952493742167,0.14495496768265748,0.13514604177174153,0.12258062653088253,0.10476978557077389,0.054486416061695846,nan,nan,nan,nan,nan,nan,nan,0.054486416061695846
145740.0,0.17593133009029985,0.1754904188957949,0.17416174751763291,0.17192664454340081,0.1687508846748764,0.16457903384567224,0.15932393908909637,0.15284673625978368,0.14491581971928347,0.13511122793774558,0.1225510910142517,0.10474719887852912,0.05448200166158711,nan,nan,nan,nan,nan,nan,nan,0.05448200166158711
145800.0,0.17587733265950434,0.17543664544593607,0.1741086469230136,0.1718746686817874,0.16870049139110843,0.1645306916564671,0.15927813510422392,0.15280399018064095,0.14487671022625018,0.13507644775266847,0.12252158342693864,0.10472463289520192,0.054477593989710235,nan,nan,nan,nan,nan,nan,nan,0.054477593989710235
145860.0,0.17582339091262406,0.17538292741274436,0.17405560094349412,0.17182274609966852,0.16865014951676088,0.16448239846938456,0.15923237716892802,0.15276128663449426,0.14483763914500342,0.1350417011659561,0.1224921037277042,0.10470208759098343,0.05447319303242955,nan,nan,nan,nan,nan,nan,nan,0.05447319303242955
145920.0,0.17576950476166803,0.1753292647086957,0.17400260949294893,0.17177087671324323,0.16859985897127602,0.16443415420802068,0.1591866652118658,0.15271862555597784,0.1447986064171076,0.1350069881271555,0.1224626518753904,0.10467956293612246,0.0544687987761435,nan,nan,nan,nan,nan,nan,nan,0.0544687987761435
145980.0,0.1757156741188288,0.17527565724644828,0.17394967248543167,0.1717190604388848,0.16854961967426302,0.1643859587961291,0.15914099916184077,0.1526760068798592,0.14475961198424508,0.13497230858591452,0.1224332278289204,0.10465705890092525,0.054464411207284576,nan,nan,nan,nan,nan,nan,nan,0.054464411207284576
146040.0,0.17566189889648293,0.1752221049388435,0.17389678983517595,0.1716672971931411,0.16849943154549832,0.16433781215762155,0.15909537894780312,0.1526334305410394,0.1447206557882167,0.13493766249198216,0.12240383154729866,0.10463457545575566,0.054460030312319434,nan,nan,nan,nan,nan,nan,nan,0.054460030312319434
146100.0,0.17560817900718848,0.17516860769890302,0.17384396145659262,0.17161558689273215,0.16844929450492335,0.1642897142165655,0.15904980449884787,0.1525908964745512,0.14468173777093996,0.1349030497952071,0.12237446298960991,0.10461211257103442,0.054455656077748264,nan,nan,nan,nan,nan,nan,nan,0.054455656077748264
146160.0,0.1755545143636858,0.1751151654398299,0.1737911872642707,0.1715639294545509,0.16839920847264533,0.16424166489718495,0.15900427574421538,0.15254840461555977,0.1446428578744498,0.1348684704455382,0.12234512211501943,0.1045896702172394,0.05445128849010505,nan,nan,nan,nan,nan,nan,nan,0.05445128849010505
146220.0,0.17550090487889689,0.17506177807500778,0.17373846717297675,0.1715123247956627,0.16834917336893657,0.1641936641238601,0.15895879261329102,0.15250595489936208,0.14460401604089798,0.1348339243930243,0.12231580888277278,0.10456724836490539,0.05444692753595739,nan,nan,nan,nan,nan,nan,nan,0.05444692753595739
146280.0,0.17544735046592497,0.1750084455180004,0.1736858010976543,0.17146077283330477,0.16829918911423417,0.16414571182112658,0.15891335503560455,0.15246354726138667,0.1445652122125529,0.13479941158781378,0.12228652325219566,0.10454484698462398,0.05444257320190643,nan,nan,nan,nan,nan,nan,nan,0.05444257320190643
146340.0,0.17539385103805502,0.17495516768255226,0.17363318895342453,0.17140927348488674,0.1682492556291405,0.16409780791367617,0.15886796294083083,0.1524211816371941,0.14452644633179987,0.13476493198015482,0.12225726518269414,0.10452246604704368,0.054438225474586974,nan,nan,nan,nan,nan,nan,nan,0.054438225474586974
146400.0,0.17534040650875113,0.17490194448258597,0.17358063065558368,0.17135782666798824,0.1681993728344207,0.1640499523263544,0.1588226162587875,0.15237885796247477,0.1444877183411396,0.13473048552039418,0.12222803463375345,0.1045001055228692,0.05443388434066689,nan,nan,nan,nan,nan,nan,nan,0.05443388434066689
146460.0,0.1752870167916573,0.1748487758322031,0.17352812611960378,0.1713064323003596,0.16814954065100368,0.16400214498416144,0.1587773149194358,0.15233657617305002,0.14444902818318855,0.1346960721589777,0.12219883156493853,0.10447776538286169,0.05442954978684732,nan,nan,nan,nan,nan,nan,nan,0.05442954978684732
146520.0,0.17523368180059706,0.17479566164568344,0.1734756752611322,0.17125509029992136,0.16809975899998136,0.16395438581225152,0.15873205885288025,0.15229433620487126,0.14441037580067875,0.13466169184644963,0.1221696559358936,0.10445544559783856,0.05442522179986253,nan,nan,nan,nan,nan,nan,nan,0.05442522179986253
146580.0,0.17518040144957267,0.17474260183748486,0.17342327799599108,0.17120380058476375,0.1680500278026083,0.1639066747359326,0.15868684798936777,0.15225213799401988,0.14437176113645733,0.13462734453345276,0.12214050770634197,0.10443314613867333,0.05442090036647987,nan,nan,nan,nan,nan,nan,nan,0.05442090036647987
146640.0,0.17512717565276595,0.17468959632224346,0.17337093424017797,0.17115256307314736,0.16800034698030233,0.16385901168066655,0.15864168225928876,0.1522099814767075,0.1443331841334869,0.13459303017072843,0.12211138683608644,0.10441086697629576,0.05441658547349981,nan,nan,nan,nan,nan,nan,nan,0.05441658547349981
146700.0,0.1750740043245355,0.17463664501477127,0.17331864390986312,0.1711013776835004,0.16795071645464194,0.16381139657206728,0.15859656159317445,0.15216786658927425,0.14429464473484396,0.13455874870911547,0.122082293285008,0.10438860808169115,0.05441227710775545,nan,nan,nan,nan,nan,nan,nan,0.05441227710775545
146760.0,0.1750208873794176,0.174583747830057,0.17326640692139053,0.17105024433441976,0.16790113614736724,0.1637638293359013,0.158551485921698,0.15212579326818926,0.14425614288371957,0.13452450009955025,0.12205322701306628,0.10436636942590058,0.054407975256112635,nan,nan,nan,nan,nan,nan,nan,0.054407975256112635
146820.0,0.17496782473212572,0.17453090468326538,0.17321422319127716,0.17099916294467038,0.16785160598037954,0.16371630989808728,0.15850645517567383,0.1520837614500503,0.1442176785234186,0.1344902842930667,0.12202418798029938,0.10434415098002067,0.05440367990546989,nan,nan,nan,nan,nan,nan,nan,0.05440367990546989
146880.0,0.17491481629754987,0.1744781154897368,0.17316209263621266,0.1709481334331847,0.1678021258757405,0.1636688381846955,0.15846146928605737,0.15204177107158343,0.14417925159735986,0.13445610124079588,0.1219951761468235,0.10432195271520359,0.05439939104275828,nan,nan,nan,nan,nan,nan,nan,0.05439939104275828
146940.0,0.17486186199075726,0.17442538016498782,0.1731100151730597,0.17089715571906344,0.1677526957556731,0.16362141412194847,0.15841652818394528,0.1519998220696434,0.14414086204907617,0.1344219508939663,0.12196619147283329,0.10429977460265696,0.05439510865494159,nan,nan,nan,nan,nan,nan,nan,0.05439510865494159
147000.0,0.17480896172698968,0.17437269862470858,0.17305799071885164,0.1708462297215728,0.16770331554255896,0.16357403763621878,0.15837163180057368,0.15195791438121178,0.14410250982221276,0.1343878332039026,0.1219372339186007,0.10427761661364338,0.05439083272901567,nan,nan,nan,nan,nan,nan,nan,0.05439083272901567
147060.0,0.17475611542166436,0.1743200707847637,0.17300601919079325,0.17079535536014545,0.16765398515893926,0.16352670865402957,0.1583267800673186,0.15191604794339758,0.14406419486052796,0.134353748122026,0.12190830344447542,0.10425547871948049,0.0543865632520087,nan,nan,nan,nan,nan,nan,nan,0.0543865632520087
147120.0,0.17470332299037347,0.17426749656119153,0.1729541005062602,0.1707445325543801,0.16760470452751436,0.16347942710205432,0.15828197291569573,0.15187422269343684,0.14402591710789273,0.1343196955998539,0.1218794000108846,0.1042333608915409,0.05438230021098103,nan,nan,nan,nan,nan,nan,nan,0.05438230021098103
147180.0,0.1746505843488835,0.174214975870204,0.17290223458279858,0.17069376122404084,0.16755547357114298,0.16343219290711625,0.15823721027735987,0.15183243856869233,0.14398767650829028,0.13428567558899976,0.12185052357833256,0.10421126310125198,0.05437804359302511,nan,nan,nan,nan,nan,nan,nan,0.05437804359302511
147240.0,0.1745978994131358,0.1741625086281869,0.17285042133812534,0.17064304128905772,0.16750629221284297,0.16338500599618894,0.15819249208410538,0.15179069550665383,0.14394947300581665,0.1342516880411733,0.12182167410740113,0.10418918532009605,0.054373793385265594,nan,nan,nan,nan,nan,nan,nan,0.054373793385265594
147300.0,0.17454526809924423,0.17411009475169734,0.17279866069012598,0.17059237266952448,0.1674571603757891,0.16333786629639402,0.15814781826786423,0.15174899344493645,0.14391130654467882,0.13421773290817907,0.12179285155874855,0.10416712751960966,0.05436954957485877,nan,nan,nan,nan,nan,nan,nan,0.05436954957485877
147360.0,0.17449269032349582,0.17405773415746476,0.1727469525568552,0.17054175528569906,0.1674080779833135,0.1632907737350019,0.15810318876070673,0.15170733232128117,0.1438731770691955,0.1341838101419172,0.12176405589310976,0.10414508967138375,0.05436531214899275,nan,nan,nan,nan,nan,nan,nan,0.05436531214899275
147420.0,0.1744401660023503,0.17400542676239025,0.17269529685653656,0.17049118905800337,0.16735904495890552,0.16324372823943137,0.15805860349484097,0.15166571207355437,0.14383508452379662,0.1341499196943827,0.12173528707129634,0.10412307174706363,0.05436108109488738,nan,nan,nan,nan,nan,nan,nan,0.05436108109488738
147480.0,0.1743876950524395,0.17395317248354614,0.17264369350756173,0.17044067390702272,0.1673100612262109,0.16319672973724925,0.15801406240261245,0.1516241326397476,0.14379702885302303,0.13411606151766553,0.12170654505419609,0.10410107371834867,0.054356856399794116,nan,nan,nan,nan,nan,nan,nan,0.054356856399794116
147540.0,0.1743352773905681,0.17390097123817644,0.17259214242849125,0.17039020975350616,0.1672611267090326,0.16314977815617066,0.15796956541650453,0.15158259395797793,0.1437590100015269,0.13408223556395069,0.1216778298027733,0.10407909555699256,0.054352638050996153,nan,nan,nan,nan,nan,nan,nan,0.054352638050996153
147600.0,0.17428291293371082,0.17384882294369433,0.17254064353805199,0.17033979651836437,0.16721224133132825,0.16310287342405688,0.15792511246913654,0.15154109596648613,0.14372102791407015,0.13404844178551698,0.12164914127806781,0.10405713723480259,0.05434842603580786,nan,nan,nan,nan,nan,nan,nan,0.05434842603580786
147660.0,0.1742306015990136,0.17379672751768324,0.1724891967551379,0.17028943412267025,0.16716340501721128,0.16305601546891638,0.1578807034932642,0.1514996386036372,0.1436830825355249,0.13401468013473744,0.12162047944119536,0.10403519872363981,0.05434422034157498,nan,nan,nan,nan,nan,nan,nan,0.05434422034157498
147720.0,0.1741783433037928,0.17374468487789602,0.17243780199880968,0.17023912248765863,0.16711461769094993,0.16300920421890397,0.15783633842177952,0.1514582218079202,0.14364517381087322,0.13398095056407897,0.12159184425334721,0.10401327999541891,0.05434002095567452,nan,nan,nan,nan,nan,nan,nan,0.05434002095567452
147780.0,0.17412613796553478,0.1736926949422546,0.17238645918829398,0.17018886153472557,0.16706587927696726,0.1629624396023206,0.15779201718771008,0.15141684551794768,0.14360730168520675,0.13394725302610225,0.12156323567578997,0.10399138102210814,0.05433582786551463,nan,nan,nan,nan,nan,nan,nan,0.05433582786551463
147840.0,0.1740739855018964,0.1736407576288503,0.17233516824298428,0.1701386511854289,0.16701718969984136,0.16291572154761375,0.15774773972421965,0.15137550967245614,0.14356946610372703,0.13391358747346171,0.12153465366986597,0.10396950177572933,0.054331641058534746,nan,nan,nan,nan,nan,nan,nan,0.054331641058534746
147900.0,0.1740218858307027,0.17358887285594182,0.17228392908243825,0.17008849136148602,0.16696854888430315,0.16286904998337529,0.1577035059646063,0.1513342142103043,0.143531667011744,0.13387995385890467,0.12150609819699207,0.10394764222835731,0.05432746052220503,nan,nan,nan,nan,nan,nan,nan,0.05432746052220503
147960.0,0.17396983886994752,0.17353704054195568,0.17223274162637855,0.17003838198477458,0.16691995675523724,0.1628224248383423,0.1576593158423028,0.15129295907047358,0.14349390435467652,0.13384635213527135,0.12147756921866007,0.10392580235212001,0.05432328624402656,nan,nan,nan,nan,nan,nan,nan,0.05432328624402656
148020.0,0.1739178445377931,0.17348526060548575,0.17218160579469244,0.16998832297733207,0.16687141323768143,0.16277584604139653,0.15761516929087646,0.15125174419206794,0.143456178078052,0.13381278225549478,0.12144906669643649,0.10390398211919845,0.054319118211531216,nan,nan,nan,nan,nan,nan,nan,0.054319118211531216
148080.0,0.17386590275256958,0.17343353296529285,0.17213052150743124,0.16993831426135517,0.1668229182568261,0.16272931352156395,0.15757106624402858,0.15121056951431325,0.14341848812750607,0.13377924417260062,0.12142059059196225,0.10388218150182646,0.05431495641228158,nan,nan,nan,nan,nan,nan,nan,0.05431495641228158
148140.0,0.1738140134327754,0.17338185754030522,0.17207948868481077,0.16988835575920036,0.16677447173801482,0.16268282720801525,0.15752700663559488,0.15116943497655788,0.14338083444878297,0.1337457378397072,0.1213921408669531,0.1038604004722909,0.05431080083387107,nan,nan,nan,nan,nan,nan,nan,0.05431080083387107
148200.0,0.17376217649707495,0.17333023424961613,0.17202850724720903,0.16983844739338166,0.16672607360674213,0.16263638703006372,0.15748299039954372,0.1511283405182708,0.143343216987734,0.13371226321002444,0.1213637174831984,0.10383863900293097,0.05430665146392337,nan,nan,nan,nan,nan,nan,nan,0.05430665146392337
148260.0,0.17371039186429954,0.1732786630124848,0.1719775771151671,0.1697885890865714,0.1666777237886544,0.16258999291716614,0.15743901746997657,0.1510872860790424,0.14330563569031798,0.13367882023685423,0.12133532040256159,0.10381689706613839,0.054302508290092644,nan,nan,nan,nan,nan,nan,nan,0.054302508290092644
148320.0,0.17365865945344663,0.17322714374833545,0.17192669820938844,0.16973878076159965,0.16662942220954904,0.16254364479892197,0.1573950877811277,0.15104627159858383,0.14326809050260103,0.13364540887359014,0.12130694958697989,0.10379517463435729,0.05429837130006342,nan,nan,nan,nan,nan,nan,nan,0.05429837130006342
148380.0,0.17360697918367943,0.1731756763767574,0.17187587045073852,0.16968902234145372,0.16658116879537438,0.16249734260507334,0.15735120126736374,0.1510052970167268,0.14323058137075617,0.13361202907371708,0.12127860499846416,0.10377347168008404,0.05429424048155045,nan,nan,nan,nan,nan,nan,nan,0.05429424048155045
148440.0,0.17355535097432748,0.1731242608175052,0.17182509376024535,0.16963931374927874,0.16653296347222993,0.16245108626550508,0.15730735786318412,0.15096436227342402,0.14319310824106368,0.13357868079081167,0.121250286599099,0.10375178817586739,0.05429011582229892,nan,nan,nan,nan,nan,nan,nan,0.05429011582229892
148500.0,0.17350377474488418,0.17307289699049638,0.17177436805909707,0.16958965490837546,0.1664848061663643,0.1624048757102431,0.1572635575032191,0.15092346730874726,0.1431556710599095,0.13354536397854097,0.12122199435104186,0.10373012409430782,0.05428599731008383,nan,nan,nan,nan,nan,nan,nan,0.05428599731008383
148560.0,0.17345225041500764,0.17302158481581212,0.17172369326864279,0.16954004574220083,0.166436696804176,0.16235871086945464,0.15721980012223064,0.15088261206288825,0.14311826977378603,0.13351207859066289,0.1211937282165234,0.10370847940805769,0.054281884932710196,nan,nan,nan,nan,nan,nan,nan,0.054281884932710196
148620.0,0.1734007779045201,0.17297032421369699,0.17167306931039203,0.16949048617436765,0.1663886353122128,0.16231259167344833,0.1571760856551117,0.150841796476158,0.14308090432929144,0.13347882458102586,0.12116548815784714,0.10368685408982123,0.054277778678012985,nan,nan,nan,nan,nan,nan,nan,0.054277778678012985
148680.0,0.17334935713340754,0.1729191151045582,0.1716224961060143,0.16944097612864406,0.16634062161717136,0.16226651805267328,0.15713241403688608,0.15080102048898664,0.1430435746731295,0.13344560190356863,0.12113727413738933,0.1036652481123542,0.054273678533856964,nan,nan,nan,nan,nan,nan,nan,0.054273678533856964
148740.0,0.17329798802182006,0.17286795740896624,0.17157197357733955,0.16939151552895396,0.16629265564589785,0.16222048993771976,0.15708878520270858,0.1507602840419237,0.14300628075211003,0.1334124105123205,0.12110908611759919,0.10364366144846418,0.05426958448813685,nan,nan,nan,nan,nan,nan,nan,0.05426958448813685
148800.0,0.1732466704900697,0.17281685104765254,0.17152150164635593,0.16934210429937493,0.16624473732538547,0.1621745072593172,0.1570451990878634,0.1507195870756364,0.14296902251314728,0.13337925036140022,0.12108092406099782,0.10362209407100985,0.05426549652877677,nan,nan,nan,nan,nan,nan,nan,0.05426549652877677
148860.0,0.17319540445863102,0.1727657959415103,0.17147108023521054,0.16929274236413888,0.16619686658277566,0.16212856994833494,0.15700165562776472,0.1506789295309104,0.14293179990326046,0.13334612140501612,0.12105278793017869,0.1036005459529012,0.054261414643730445,nan,nan,nan,nan,nan,nan,nan,0.054261414643730445
148920.0,0.17314418984814084,0.1727147920115938,0.1714207092662089,0.16924342964763162,0.16614904334535713,0.16208267793578157,0.1569581547579561,0.15063831134864925,0.14289461286957345,0.13331302359746613,0.12102467768780728,0.10357901706709942,0.0542573388209811,nan,nan,nan,nan,nan,nan,nan,0.0542573388209811
148980.0,0.1730930265793975,0.17266383917911807,0.17137038866181445,0.16919416607439225,0.16610126754056564,0.16203683115280465,0.15691469641411032,0.15059773246987407,0.1428574613593144,0.13327995689313732,0.12099659329662096,0.1035575073866167,0.05425326904854133,nan,nan,nan,nan,nan,nan,nan,0.05425326904854133
149040.0,0.1730419145733615,0.17261293736545943,0.1713201183446492,0.16914495156911385,0.16605353909598464,0.16199102953069114,0.15687128053202964,0.15055719283572397,0.1428203453198162,0.13324692124650622,0.12096853471942909,0.1035360168845164,0.054249205314453264,nan,nan,nan,nan,nan,nan,nan,0.054249205314453264
149100.0,0.17299085375115317,0.1725620864921531,0.17126989823749122,0.1690957860566412,0.1660058579393429,0.16194527300086542,0.15682790704764404,0.15051669238745438,0.14278326469851482,0.13321391661213774,0.12094050191911218,0.1035145455339124,0.054245147606787995,nan,nan,nan,nan,nan,nan,nan,0.054245147606787995
149160.0,0.17293984403405346,0.172511286480894,0.17121972826327572,0.16904666946197144,0.16595822399851526,0.16189956149489,0.15678457589701192,0.15047623106643762,0.1427462194429501,0.13318094294468535,0.12091249485862222,0.1034930933079693,0.054241095913645815,nan,nan,nan,nan,nan,nan,nan,0.054241095913645815
149220.0,0.17288888534350347,0.17246053725353616,0.1711696083450942,0.1689976017102538,0.16591063720152235,0.16185389494446495,0.15674128701631945,0.15043580881416244,0.1427092095007651,0.133148000198891,0.12088451350098234,0.10347166017990225,0.05423705022315605,nan,nan,nan,nan,nan,nan,nan,0.05423705022315605
149280.0,0.17283797760110384,0.17240983873209237,0.17111953840619432,0.1689485827267888,0.16586309747653,0.16180827328142758,0.15669804034188045,0.15039542557223384,0.142672234819706,0.13311508832958466,0.12085655780928665,0.10345024612297685,0.05423301052347703,nan,nan,nan,nan,nan,nan,nan,0.05423301052347703
149340.0,0.17278712072861538,0.1723591908387347,0.17106951836998013,0.1688996124370291,0.1658156047518496,0.16176269643775298,0.15665483581013662,0.15035508128237327,0.14263529534762243,0.13308220729168482,0.12082862774670051,0.1034288511105093,0.05422897680279615,nan,nan,nan,nan,nan,nan,nan,0.05422897680279615
149400.0,0.17273631464795672,0.172308593495792,0.17101954816000997,0.16885069076657716,0.16576815895593633,0.16171716434555186,0.15661167335765586,0.15031477588641717,0.14259839103246585,0.13304935704019719,0.12080072327645953,0.10340747511586564,0.05422494904932938,nan,nan,nan,nan,nan,nan,nan,0.05422494904932938
149460.0,0.1726855592812051,0.17225804662575106,0.1709696276999972,0.1688018176411859,0.1657207600173896,0.16167167693707135,0.15656855292113273,0.15027450932631728,0.14256152182229023,0.13301653753021497,0.12077284436186991,0.10338611811246211,0.05422092725132145,nan,nan,nan,nan,nan,nan,nan,0.05422092725132145
149520.0,0.17263485455059593,0.1722075501512557,0.17091975691380978,0.16875299298675844,0.16567340786495277,0.16162623414469457,0.15652547443738823,0.1502342815441406,0.1425246876652517,0.13298374871691881,0.1207449909663082,0.1033647800737649,0.05421691139704575,nan,nan,nan,nan,nan,nan,nan,0.05421691139704575
149580.0,0.17258420037852215,0.17215710399510656,0.17086993572546955,0.16870421672934735,0.16562610242751258,0.16158083590094008,0.15648243784336935,0.15019409248206872,0.1424878885096082,0.13295099055557635,0.12071716305322111,0.10334346097329009,0.05421290147480418,nan,nan,nan,nan,nan,nan,nan,0.05421290147480418
149640.0,0.17253359668753493,0.17210670808026146,0.17082016405915304,0.16865548879515543,0.16557884363409964,0.16153548213846242,0.15643944307614938,0.15015394208239846,0.14245112430371965,0.13291826300154264,0.12068936058612569,0.10332216078460363,0.05420889747292736,nan,nan,nan,nan,nan,nan,nan,0.05420889747292736
149700.0,0.17248304340034126,0.1720563623298333,0.17077044183918916,0.16860680911053338,0.16553163141388644,0.16149017279005035,0.15639649007292622,0.15011383028754,0.14241439499604688,0.13288556601025886,0.12066158352860848,0.10330087948132094,0.054204899379774046,nan,nan,nan,nan,nan,nan,nan,0.054204899379774046
149760.0,0.17243254043980485,0.17200606666709067,0.1707207689900598,0.1685581776019806,0.16548446569618797,0.16144490778862722,0.15635357877102302,0.15007375704001769,0.14237770053515192,0.1328528995372528,0.12063383184432572,0.10327961703710689,0.054200907183731335,nan,nan,nan,nan,nan,nan,nan,0.054200907183731335
149820.0,0.17238208772894548,0.17195582101545748,0.17067114543639955,0.16850959419614475,0.16543734641046143,0.1613996870672506,0.15631070910788775,0.1500337222824695,0.14234104086969754,0.13282026353813847,0.12060610549700321,0.1032583734256758,0.05419692087321458,nan,nan,nan,nan,nan,nan,nan,0.05419692087321458
149880.0,0.1723316851909386,0.17190562529851236,0.17062157110299514,0.16846105881982112,0.16539027348630556,0.1613545105591121,0.1562678810210927,0.14999372595764676,0.14230441594844723,0.13278765796861594,0.120578404450436,0.10323714862079127,0.05419294043666725,nan,nan,nan,nan,nan,nan,nan,0.05419294043666725
149940.0,0.17228133274911592,0.1718554794399893,0.17057204591478586,0.1684125713999534,0.16534324685346127,0.1613093781975375,0.15622509444833516,0.1499537680084145,0.14226782572026536,0.13275508278447168,0.1205507286684888,0.10321594259626621,0.05418896586256111,nan,nan,nan,nan,nan,nan,nan,0.05418896586256111
150000.0,0.17223103032696296,0.1718053833637753,0.1705225697968616,0.1683641318636313,0.16529626644180961,0.16126428991598496,0.1561823493274353,0.1499138483777499,0.14223127013411574,0.1327225379415771,0.12052307811509486,0.1031947553259624,0.05418499713939566,nan,nan,nan,nan,nan,nan,nan,0.05418499713939566
150060.0,0.17218077784812014,0.17175533699391127,0.17047314267446337,0.16831574013809147,0.1652493321813724,0.16121924564804585,0.1561396455963371,0.14987396700874275,0.14219474913906227,0.1326900233958893,0.12049545275425633,0.10317358678379053,0.054181034255698333,nan,nan,nan,nan,nan,nan,nan,0.054181034255698333
150120.0,0.1721305752363819,0.17170534025459142,0.1704237644729829,0.1682673961507169,0.16520244400231165,0.16117424532744412,0.15609698319310783,0.14983412384459513,0.14215826268426845,0.13265753910345063,0.12046785255004415,0.10315243694371012,0.054177077200024425,nan,nan,nan,nan,nan,nan,nan,0.054177077200024425
150180.0,0.17208042241569654,0.17165539307016286,0.17037443511796224,0.16821909982903646,0.16515560183492964,0.16112928888803585,0.15605436205593765,0.1497943188286212,0.1421218107189972,0.13262508502038833,0.12044027746659769,0.10313130577972944,0.05417312596095694,nan,nan,nan,nan,nan,nan,nan,0.05417312596095694
150240.0,0.17203031931016663,0.17160549536512598,0.1703251545350941,0.16817085110072555,0.16510880560966862,0.1610843762638099,0.15601178212313993,0.14975455190424736,0.14208539319261107,0.13259266110291504,0.12041272746812508,0.10311019326590548,0.05416918052710677,nan,nan,nan,nan,nan,nan,nan,0.05416918052710677
150300.0,0.17198026584404666,0.17155564706413245,0.17027592265021993,0.16812264989360381,0.16506205525710954,0.16103950738888584,0.1559692433331497,0.1497148230150107,0.14204901005457096,0.13256026730732748,0.12038520251890224,0.10308909937634356,0.054165240887112144,nan,nan,nan,nan,nan,nan,nan,0.054165240887112144
150360.0,0.17193026194174407,0.17150584809198588,0.17022673938933044,0.16807449613563602,0.16501535070797224,0.16099468219751478,0.15592674562452427,0.14967513210455985,0.14201266125443654,0.13252790359000688,0.1203577025832732,0.10306802408519727,0.05416130702963886,nan,nan,nan,nan,nan,nan,nan,0.05416130702963886
150420.0,0.1718803075278185,0.17145609837364129,0.1701776046785653,0.16802638975493145,0.16496869189311525,0.1609499006240787,0.15588428893594253,0.14963547911665406,0.14197634674186602,0.1324955699074187,0.12033022762564995,0.1030469673666686,0.05415737894338012,nan,nan,nan,nan,nan,nan,nan,0.05415737894338012
150480.0,0.17183040252698145,0.17140639783420464,0.17012851844421242,0.16797833067974355,0.16492207874353526,0.16090516260309035,0.1558418732062049,0.14959586399516347,0.14194006646661564,0.1324632662161124,0.12030277761051207,0.10302592919500754,0.05415345661705651,nan,nan,nan,nan,nan,nan,nan,0.05415345661705651
150540.0,0.17178054686409686,0.17135674639893345,0.17007948061270875,0.16793031883847037,0.16487551119036764,0.16086046806919332,0.15579949837423357,0.149556286684069,0.14190382037854032,0.13243099247272166,0.12027535250240715,0.10300490954451241,0.054149540039416036,nan,nan,nan,nan,nan,nan,nan,0.054149540039416036
150600.0,0.17173074046417872,0.17130714399323452,0.17003049111063795,0.16788235415965252,0.16482898916488442,0.1608158169571606,0.15575716437907083,0.14951674712746116,0.14186760842759194,0.13239874863396345,0.12024795226594971,0.10298390838952916,0.0541456291992337,nan,nan,nan,nan,nan,nan,nan,0.0541456291992337
150660.0,0.171680983252392,0.17125759054266476,0.16998154986473124,0.16783443657197397,0.16478251259849497,0.16077120920189483,0.1557148711598797,0.14947724526954018,0.14183143056382008,0.13236653465663803,0.12022057686582165,0.10296292570445159,0.05414172408531165,nan,nan,nan,nan,nan,nan,nan,0.05414172408531165
150720.0,0.17163127515405213,0.17120808597293058,0.1699326568018668,0.16778656600426134,0.1647360814227457,0.16072664473842824,0.15567261865594345,0.14943778105461616,0.14179528673737166,0.13233435049762904,0.12019322626677195,0.1029419614637212,0.05413782468647908,nan,nan,nan,nan,nan,nan,nan,0.05413782468647908
150780.0,0.17158161609462444,0.17115863020988759,0.1698838118490695,0.1677387423854837,0.1646896955693194,0.1606821235019219,0.1556304068066653,0.1493983544271083,0.14175917689849046,0.132302196113903,0.1201659004336165,0.10292101564182707,0.05413393099159215,nan,nan,nan,nan,nan,nan,nan,0.05413393099159215
150840.0,0.17153200599972473,0.17110922317954097,0.16983501493351122,0.167690965644753,0.16464335497003585,0.16063764542766643,0.1555882355515688,0.1493589653315454,0.14172310099751761,0.1322700714625099,0.12013859933123827,0.10290008821330593,0.05413004298953407,nan,nan,nan,nan,nan,nan,nan,0.05413004298953407
150900.0,0.17148244479511718,0.17105986480804342,0.16978626598250873,0.1676432357113219,0.1645970595568499,0.16059321045108,0.15554610483029616,0.14931961371256458,0.1416870589848903,0.1322379765005816,0.1201113229245865,0.10287917915274167,0.05412616066921465,nan,nan,nan,nan,nan,nan,nan,0.05412616066921465
150960.0,0.171432932406715,0.1710105550216959,0.1697375649235247,0.16759555251458463,0.164550809261852,0.1605488185077091,0.15550401458260876,0.14928029951491129,0.14165105081114215,0.13220591118533265,0.12008407117867693,0.10285828843476544,0.05412228401957047,nan,nan,nan,nan,nan,nan,nan,0.05412228401957047
151020.0,0.17138346876058,0.170961293746947,0.16968891168416686,0.1675479159840765,0.1645046040172679,0.160504469533228,0.15546196474838694,0.14924102268343953,0.1416150764269028,0.13217387547405984,0.12005684405859166,0.10283741603405555,0.054118413029564764,nan,nan,nan,nan,nan,nan,nan,0.054118413029564764
151080.0,0.1713340537829221,0.17091208091039267,0.16964030619218773,0.1675003260494734,0.1644584437554582,0.16046016346343844,0.15541995526762936,0.14920178316311106,0.14157913578289777,0.13214186932414185,0.12002964152947886,0.10281656192533735,0.054114547688187346,nan,nan,nan,nan,nan,nan,nan,0.054114547688187346
151140.0,0.17128468740009983,0.1708629164387766,0.16959174837548519,0.16745278264059232,0.16441232840891867,0.1604159002342701,0.1553779860804537,0.14916258089899606,0.14154322882994874,0.13210989269303983,0.12000246355655299,0.1027957260833833,0.05411068798445472,nan,nan,nan,nan,nan,nan,nan,0.05411068798445472
151200.0,0.1712353695386182,0.17081380025898824,0.16954323816210032,0.16740528568738933,0.1643662579102786,0.16037167978177852,0.1553360571270947,0.14912341583627148,0.14150735551897226,0.132077945538296,0.1199753101050941,0.10277490848301246,0.05410683390740958,nan,nan,nan,nan,nan,nan,nan,0.05410683390740958
151260.0,0.17118610012512955,0.17076473229806333,0.16949477548021794,0.16735783511996027,0.16432023219230119,0.16032750204214608,0.15529416834790505,0.1490842879202216,0.14147151580098,0.132046027817534,0.11994818114044783,0.10275410909909063,0.05410298544612104,nan,nan,nan,nan,nan,nan,nan,0.05410298544612104
151320.0,0.17113687908643288,0.17071571248318368,0.16944636025816656,0.16731043086854042,0.16427425118788336,0.16028336695168144,0.15525231968335468,0.14904519709623765,0.14143570962707888,0.13201413948845891,0.11992107662802551,0.10273332790653018,0.054099142589684485,nan,nan,nan,nan,nan,nan,nan,0.054099142589684485
151380.0,0.1710877063494735,0.17066674074167637,0.16939799242441755,0.16726307286350373,0.16422831483005512,0.16023927444681915,0.15521051107403067,0.1490061433098176,0.14139993694847025,0.13198228050885688,0.11989399653330371,0.10271256488029001,0.05409530532722148,nan,nan,nan,nan,nan,nan,nan,0.05409530532722148
151440.0,0.17103858184134366,0.17061781700101467,0.16934967190758574,0.16721576103536379,0.16418242305198005,0.16019522446412,0.1551687424606375,0.14896712650656618,0.1413641977164506,0.13195045083659523,0.11986694082182459,0.1026918199953756,0.05409147364787991,nan,nan,nan,nan,nan,nan,nan,0.05409147364787991
151500.0,0.17098950548928013,0.17056894118881563,0.1693013986364275,0.16716849531477138,0.16413657578695368,0.1601512169402694,0.15512701378399546,0.148928146632194,0.14132849188241006,0.13191865042962153,0.11983990945919498,0.10267109322683848,0.054087647540833506,nan,nan,nan,nan,nan,nan,nan,0.054087647540833506
151560.0,0.17094047722066527,0.17052011323284083,0.16925317253984132,0.16712127563251544,0.16409077296840374,0.16010725181207788,0.1550853249850411,0.14888920363251745,0.14129281939783295,0.13188687924596393,0.1198129024110867,0.10265038454977635,0.054083826995282004,nan,nan,nan,nan,nan,nan,nan,0.054083826995282004
151620.0,0.1708914969630263,0.17047133306099624,0.16920499354686735,0.16707410191952257,0.16404501452989007,0.16006332901648074,0.15504367600482719,0.14885029745345868,0.1412571802142974,0.13185513724373096,0.11978591964323641,0.10262969393933302,0.054080012000451066,nan,nan,nan,nan,nan,nan,nan,0.054080012000451066
151680.0,0.17084256464403502,0.17042260060133124,0.1691568615866871,0.16702697410685652,0.16399930040510396,0.16001944849053762,0.15500206678452183,0.14881142804104525,0.14122157428347515,0.13182342438111117,0.11975896112144524,0.10260902137069822,0.05407620254559217,nan,nan,nan,nan,nan,nan,nan,0.05407620254559217
151740.0,0.17079368019150815,0.17037391578203961,0.1691087765886236,0.16697989212571868,0.16395363052786885,0.15997561017143286,0.15496049726540942,0.14877259534141035,0.14118600155713168,0.13179174061637344,0.11973202681157917,0.10258836681910775,0.054072398619982726,nan,nan,nan,nan,nan,nan,nan,0.054072398619982726
151800.0,0.17074484353340538,0.1703252785314572,0.16906073848213993,0.16693285590744622,0.16390800483213816,0.159931813996474,0.15491896738888852,0.14873379930079153,0.14115046198712528,0.13176008590786598,0.11970511667956818,0.10256773025984292,0.05406860021292562,nan,nan,nan,nan,nan,nan,nan,0.05406860021292562
151860.0,0.17069605459783016,0.17027668877806268,0.16901274719683923,0.16688586538351272,0.16386242325199624,0.15988805990309213,0.15487747709647282,0.14869503986553106,0.1411149555254071,0.1317284602140165,0.11967823069140635,0.10254711166823073,0.05406480731374941,nan,nan,nan,nan,nan,nan,nan,0.05406480731374941
151920.0,0.17064731331302901,0.17022814645047715,0.16896480266246489,0.16683892048552762,0.1638168857216577,0.15984434782884155,0.1548360263297905,0.14865631698207563,0.141079482124021,0.1316968634933322,0.11965136881315182,0.1025265110196437,0.054061019911808166,nan,nan,nan,nan,nan,nan,nan,0.054061019911808166
151980.0,0.17059861960739126,0.17017965147746364,0.1689169048088996,0.16679202114523597,0.1637713921754672,0.15980067771139947,0.154794615030584,0.14861763059697602,0.1410440417351034,0.13166529570439944,0.11962453101092667,0.1025059282894998,0.05405723799648143,nan,nan,nan,nan,nan,nan,nan,0.05405723799648143
152040.0,0.17054997340944936,0.17013120378792748,0.1688690535661663,0.1667451672945188,0.1637259425478998,0.15975704948856637,0.15475324314071043,0.14857898065688757,0.1410086343108834,0.1316337568058839,0.11959771725091684,0.10248536345326253,0.05405346155717434,nan,nan,nan,nan,nan,nan,nan,0.05405346155717434
152100.0,0.1705013746478771,0.17008280331091466,0.16882124886442584,0.1666983588653912,0.16368053677355904,0.15971346309826423,0.15471191060213985,0.1485403671085685,0.1409732598036816,0.13160224675652965,0.11957092749937161,0.10246481648644036,0.05404969058331713,nan,nan,nan,nan,nan,nan,nan,0.05404969058331713
152160.0,0.17045282325149008,0.170034449975612,0.16877349063397773,0.16665159579000297,0.16363517478717782,0.15966991847853723,0.15467061735695598,0.14850178989888058,0.14093791816591056,0.13157076551515937,0.1195441617226037,0.10244428736458694,0.054045925064365306,nan,nan,nan,nan,nan,nan,nan,0.054045925064365306
152220.0,0.1704043191492454,0.16998614371134718,0.1687257788052598,0.16660487800063825,0.16358985652361763,0.15962641556755125,0.1546293633473556,0.1484632489747888,0.14090260935007443,0.13153931304067426,0.11951741988698902,0.10242377606330089,0.0540421649897996,nan,nan,nan,nan,nan,nan,nan,0.0540421649897996
152280.0,0.17035586227024113,0.169937884447588,0.1686781133088478,0.16655820542971506,0.16354458191786853,0.1595829543035936,0.1545881485156486,0.14842474428336105,0.1408673333087687,0.13150788929205368,0.11949070195896674,0.10240328255822584,0.054038410349125814,nan,nan,nan,nan,nan,nan,nan,0.054038410349125814
152340.0,0.17030745254371693,0.16988967211394293,0.16863049407545547,0.16651157800978575,0.16349935090504925,0.15953953462507334,0.15454697280425783,0.14838627577176827,0.1408320899946805,0.13147649422835556,0.11946400790503914,0.10238280682505033,0.054034661131874974,nan,nan,nan,nan,nan,nan,nan,0.054034661131874974
152400.0,0.17025908989905178,0.16984150664015915,0.16858292103593325,0.16646499567353512,0.16345416342040575,0.1594961564705196,0.154505836155718,0.14834784338728335,0.1407968793605874,0.13144512780871503,0.11943733769177109,0.1023623488395074,0.054030917327602866,nan,nan,nan,nan,nan,nan,nan,0.054030917327602866
152460.0,0.17021077426576495,0.16979338795612325,0.1685353941212685,0.1664184583537811,0.1634090193993114,0.15945281977858222,0.154464738512676,0.1483094470772814,0.14076170135935787,0.1314137899923452,0.11941069128579018,0.10234190857737477,0.05402717892589022,nan,nan,nan,nan,nan,nan,nan,0.05402717892589022
152520.0,0.1701625055735154,0.16974531599186077,0.16848791326258508,0.1663719659834742,0.16336391877726697,0.1594095244880313,0.1544236798178905,0.14827108678923936,0.1407265559439508,0.13138248073853662,0.1193840686537865,0.10232148601447463,0.05402344591634259,nan,nan,nan,nan,nan,nan,nan,0.05402344591634259
152580.0,0.1701142837521014,0.1696972906775357,0.16844047839114304,0.16632551849569738,0.16331886148989996,0.15936627053775693,0.1543826600142318,0.14823276247073605,0.14069144306741538,0.1313512000066571,0.11935746976251252,0.10230108112667362,0.05401971828859027,nan,nan,nan,nan,nan,nan,nan,0.05401971828859027
152640.0,0.17006610873146097,0.1696493119434511,0.16839308943833903,0.1662791158236661,0.1632738474729652,0.1593230578667693,0.15434167904468193,0.14819447406945208,0.14065636268289144,0.13131994775615202,0.11933089457878329,0.10228069388988276,0.05401599603228841,nan,nan,nan,nan,nan,nan,nan,0.05401599603228841
152700.0,0.17001798044166996,0.1696013797200469,0.16834574633570454,0.16623275790072678,0.16322887666234295,0.1592798864141975,0.15430073685233345,0.14815622153316868,0.1406213147436081,0.13128872394654328,0.11930434306947559,0.10226032428005714,0.0540122791371166,nan,nan,nan,nan,nan,nan,nan,0.0540122791371166
152760.0,0.1699698988129427,0.16955349393790098,0.16829844901490623,0.16618644466035734,0.1631839489940397,0.1592367561192897,0.15425983338038957,0.14811800480976817,0.14058629920288418,0.1312575285374296,0.11927781520152819,0.10223997227319595,0.054008567592778986,nan,nan,nan,nan,nan,nan,nan,0.054008567592778986
152820.0,0.16992186377563145,0.16950565452772826,0.16825119740774583,0.16614017603616674,0.16313906440418743,0.1591936669214129,0.15421896857216416,0.1480798238472336,0.1405513160141281,0.13122636148848643,0.11925131094194175,0.10221963784534238,0.05400486138900422,nan,nan,nan,nan,nan,nan,nan,0.05400486138900422
152880.0,0.1698738752602262,0.1694578614203805,0.16820399144615944,0.16609395196189458,0.16309422282904365,0.15915061876005265,0.15417814237108124,0.14804167859364833,0.1405163651308374,0.1311952227594654,0.11922483025777847,0.1021993209725835,0.054001160515545335,nan,nan,nan,nan,nan,nan,nan,0.054001160515545335
152940.0,0.1698259331973549,0.1694101145468468,0.1681568310622183,0.16604777237141158,0.1630494242049914,0.15910761157481323,0.15413735472067533,0.14800356899719672,0.14048144650659913,0.131164112310195,0.11919837311616246,0.10217902163105039,0.0539974649621799,nan,nan,nan,nan,nan,nan,nan,0.0539974649621799
153000.0,0.16977803751778162,0.16936241383825168,0.16810971618812665,0.16600163719871774,0.1630046684685379,0.15906464530541642,0.15409660556459004,0.14796549500616235,0.14044656009508863,0.1311330301005792,0.11917193948427887,0.10215873979691761,0.05399377471870954,nan,nan,nan,nan,nan,nan,nan,0.05399377471870954
153060.0,0.1697301881524073,0.1693147592258556,0.16806264675622243,0.16595554637794296,0.1629599555563147,0.15902171989170144,0.1540558948465785,0.14792745656892864,0.14041170585006996,0.1311019760905979,0.11914552932937411,0.10213847544640334,0.05399008977496013,nan,nan,nan,nan,nan,nan,nan,0.05399008977496013
153120.0,0.16968238503226923,0.16926715064105458,0.16801562269897685,0.1659094998433466,0.1629152854050778,0.1589788352736251,0.15401522251050295,0.14788945363397862,0.14037688372539558,0.13107095024030688,0.11911914261875567,0.10211822855576923,0.05398641012078167,nan,nan,nan,nan,nan,nan,nan,0.05398641012078167
153180.0,0.1696346280885406,0.16921958801537992,0.16796864394899413,0.16586349752931717,0.16287065795170685,0.15893599139126133,0.15397458850033466,0.14785148614989457,0.14034209367500614,0.13103995250983722,0.11909277931979209,0.10209799910132034,0.05398273574604824,nan,nan,nan,nan,nan,nan,nan,0.05398273574604824
153240.0,0.169586917252531,0.16917207128049852,0.1679217104390116,0.16581753937037264,0.16282607313320568,0.1588931881848013,0.15393399276015396,0.1478135540653582,0.1403073356529306,0.13100898285939588,0.11906643939991286,0.10207778705940523,0.05397906664065807,nan,nan,nan,nan,nan,nan,nan,0.05397906664065807
153300.0,0.16953925245568455,0.16912460036821092,0.16787482210189836,0.16577162530115874,0.16278153088670078,0.15885042559455223,0.15389343523414895,0.14777565732914966,0.14027260961328533,0.13097804124926454,0.11904012282660795,0.10205759240641549,0.05397540279453315,nan,nan,nan,nan,nan,nan,nan,0.05397540279453315
153360.0,0.16949163362958045,0.16907717521045212,0.16782797887065531,0.1657257552564495,0.16273703114944155,0.1588077035609376,0.15385291586661598,0.14773779589014757,0.1402379155102743,0.1309471276397999,0.11901382956742784,0.10203741511878575,0.053971744197619353,nan,nan,nan,nan,nan,nan,nan,0.053971744197619353
153420.0,0.16944406070593263,0.1690297957392911,0.16778118067841527,0.16567992917114688,0.16269257385880012,0.1587650220244968,0.15381243460195937,0.14769996969732896,0.14020325329818886,0.13091624199143354,0.11898755958998344,0.10201725517299373,0.05396809083988637,nan,nan,nan,nan,nan,nan,nan,0.05396809083988637
153480.0,0.1693965336165893,0.16898246188693028,0.16773442745844228,0.1656341469802804,0.16264815895227103,0.15872238092588506,0.1537719913846909,0.147662178699769,0.14016862293140747,0.13088538426467164,0.11896131286194589,0.10199711254555996,0.05396444271132761,nan,nan,nan,nan,nan,nan,nan,0.05396444271132761
153540.0,0.16934905229353356,0.16893517358570617,0.16768771914413194,0.1655884086190075,0.16260378636747147,0.15867978020587353,0.15373158615943022,0.14762442284664118,0.14013402436439595,0.13085455442009522,0.11893508935104671,0.10197698721304803,0.053960799801960294,nan,nan,nan,nan,nan,nan,nan,0.053960799801960294
153600.0,0.1693016166688812,0.1688879307680874,0.16764105566900994,0.1655427140226119,0.16255945604213962,0.15863721980534784,0.15369121887090356,0.14758670208721597,0.14009945755170644,0.13082375241835914,0.11890888902507712,0.101956879152064,0.05395716210182506,nan,nan,nan,nan,nan,nan,nan,0.05395716210182506
153660.0,0.1692542266748816,0.1688407333666752,0.1675944369667324,0.16549706312650395,0.16251516791413537,0.1585946996653086,0.15365088946394406,0.1475490163708615,0.14006492244797758,0.13079297822019262,0.11888271185188817,0.1019367883392566,0.053953529600986136,nan,nan,nan,nan,nan,nan,nan,0.053953529600986136
153720.0,0.16920688224391722,0.16879358131420338,0.16754786297108556,0.16545145586622056,0.1624709219214397,0.158552219726871,0.1536105978834915,0.147511365647043,0.14003041900793456,0.1307622317863986,0.11885655779939068,0.10191671475131704,0.05394990228953119,nan,nan,nan,nan,nan,nan,nan,0.05394990228953119
153780.0,0.16915958330850323,0.1687464745435375,0.16750133361598532,0.16540589217742455,0.16242671800215458,0.15850977993126453,0.15357034407459175,0.14747374986532263,0.13999594718638847,0.13073151307785394,0.11883042683555496,0.10189665836497898,0.053946280157571316,nan,nan,nan,nan,nan,nan,nan,0.053946280157571316
153840.0,0.16911232980128776,0.1686994129876756,0.16745484883547784,0.1653603719959051,0.16238255609450314,0.15846738021983336,0.1535301279823976,0.14743616897535972,0.13996150693823683,0.1307008220555095,0.11880431892841112,0.10187661915701858,0.05394266319524107,nan,nan,nan,nan,nan,nan,nan,0.05394266319524107
153900.0,0.16906512165505036,0.1686523965797462,0.1674084085637375,0.16531489525757617,0.16233843613682808,0.15842502053403473,0.15348994955216683,0.1473986229269096,0.1399270982184625,0.13067015868038906,0.11877823404604806,0.10185659710425399,0.053939051392698126,nan,nan,nan,nan,nan,nan,nan,0.053939051392698126
153960.0,0.16901795880270246,0.16860542525300898,0.16736201273506765,0.16526946189847697,0.16229435806759232,0.15838270081543937,0.15344980872926295,0.14736111166982388,0.1398927209821338,0.1306395229135897,0.1187521721566141,0.10183659218354557,0.05393544474012337,nan,nan,nan,nan,nan,nan,nan,0.05393544474012337
154020.0,0.16897084117728692,0.1685584989408544,0.16731566128390019,0.1652240718547716,0.16225032182537852,0.15834042100573142,0.15340970545915483,0.14732363515405025,0.1398583751844044,0.1306089147162818,0.11872613322831643,0.10181660437179568,0.05393184322772085,nan,nan,nan,nan,nan,nan,nan,0.05393184322772085
154080.0,0.16892376871197778,0.16851161757680322,0.16726935414479516,0.1651787250627485,0.16220632734888868,0.15829818104670795,0.1533696396874164,0.14728619332963216,0.13982406078051313,0.13057833404970842,0.11870011722942117,0.1017966336459486,0.05392824684571767,nan,nan,nan,nan,nan,nan,nan,0.05392824684571767
154140.0,0.16887674134008043,0.16846478109450694,0.16722309125244117,0.16513342145882123,0.1621623745769447,0.1582559808802791,0.1533296113597269,0.14724878614670917,0.1397897777257842,0.13054778087518595,0.11867412412825341,0.10177667998299073,0.05392465558436412,nan,nan,nan,nan,nan,nan,nan,0.05392465558436412
154200.0,0.16882975899503014,0.16841798942774622,0.16717687254165364,0.1650881609795264,0.16211846344848663,0.158213820448467,0.15328962042186947,0.14721141355551548,0.13975552597562593,0.1305172551541028,0.1186481538931966,0.10175674335994997,0.05392106943393327,nan,nan,nan,nan,nan,nan,nan,0.05392106943393327
154260.0,0.16878282161039238,0.16837124251043106,0.16713069794737537,0.16504294356152444,0.16207459390257312,0.15817169969340583,0.15324966681973182,0.14717407550638073,0.13972130548553138,0.13048675684791988,0.1186222064926927,0.10173682375389587,0.05391748838472107,nan,nan,nan,nan,nan,nan,nan,0.05391748838472107
154320.0,0.16873592911986254,0.16832454027660082,0.1670845674046762,0.16499776914159908,0.16203076587838122,0.15812961855734187,0.15320975049930563,0.14713677194972927,0.13968711621107788,0.13045628591817043,0.11859628189524198,0.10171692114193957,0.05391391242704631,nan,nan,nan,nan,nan,nan,nan,0.05391391242704631
154380.0,0.16868908145726552,0.1682778826604235,0.1670384808487525,0.16495263765665721,0.16198697931520611,0.15808757698263276,0.1531698714066864,0.14709950283608025,0.13965295810792688,0.1304258423264597,0.11857038006940289,0.10169703550123371,0.05391034155125054,nan,nan,nan,nan,nan,nan,nan,0.05391034155125054
154440.0,0.16864227855655628,0.16823126959619653,0.1669924382149277,0.16490754904372895,0.1619432341524611,0.15804557491174825,0.15313002948807375,0.1470622681160476,0.1396188311318241,0.13039542603446524,0.11854450098379232,0.10167716680897242,0.05390677574769812,nan,nan,nan,nan,nan,nan,nan,0.05390677574769812
154500.0,0.16859552035181777,0.1681847010183445,0.16694643943865053,0.16486250323996632,0.16189953032967636,0.15800361228726845,0.15309022468977007,0.14702506774033905,0.13958473523859874,0.13036503700393592,0.1185186446070847,0.10165731504239094,0.05390321500677591,nan,nan,nan,nan,nan,nan,nan,0.05390321500677591
154560.0,0.1685488067772618,0.1681381768614202,0.16690048445549555,0.16481750018264346,0.1618558677864994,0.1579616890518843,0.15305045695818084,0.1469879016597564,0.13955067038416333,0.1303346751966922,0.11849281090801235,0.10163748017876573,0.05389965931889334,nan,nan,nan,nan,nan,nan,nan,0.05389965931889334
154620.0,0.1685021377672285,0.16809169706010402,0.1668545732011628,0.1647725398091565,0.1618122464626946,0.15791980514839743,0.1530107262398145,0.1469507698251952,0.13951663652451393,0.13030434057462606,0.11846699985536524,0.10161766219541435,0.05389610867448234,nan,nan,nan,nan,nan,nan,nan,0.05389610867448234
154680.0,0.1684555132561859,0.1680452615492036,0.16680870561147748,0.16472762205702307,0.16176866629814293,0.15787796051971972,0.15297103248128202,0.14691367218764456,0.13948263361572974,0.1302740330997007,0.11844121141799094,0.10159786106969537,0.05389256306399731,nan,nan,nan,nan,nan,nan,nan,0.05389256306399731
154740.0,0.16840893317873043,0.16799887026365418,0.16676288162239034,0.1646827468638828,0.16172512723284233,0.15783615510887355,0.15293137562929715,0.1468766086981874,0.13944866161397323,0.13024375273395072,0.11841544556479461,0.10157807677900843,0.05388902247791513,nan,nan,nan,nan,nan,nan,nan,0.05388902247791513
154800.0,0.1683623974695852,0.167952523138517,0.16671710116997573,0.16463791416749546,0.16168162920690612,0.15779438885899055,0.1528917556306754,0.1468395793079993,0.13941472047548928,0.13021349943948118,0.11838970226473847,0.10155830930079374,0.05388548690673487,nan,nan,nan,nan,nan,nan,nan,0.05388548690673487
154860.0,0.16831590606360045,0.16790622010897974,0.16667136419043255,0.16459312390574182,0.16163817216056353,0.15775266171331181,0.15285217243233395,0.14680258396834872,0.1393808101566053,0.13018327317846806,0.11836398148684185,0.10153855861253232,0.05388195634097784,nan,nan,nan,nan,nan,nan,nan,0.05388195634097784
154920.0,0.16826945889575332,0.16785996111035617,0.16662567062008357,0.16454837601662298,0.16159475603415924,0.15771097361518777,0.15281262598129192,0.14676562263059684,0.13934693061373113,0.13015307391315795,0.1183382832001812,0.10151882469174583,0.053878430771187584,nan,nan,nan,nan,nan,nan,nan,0.053878430771187584
154980.0,0.1682230559011473,0.16781374607808588,0.16658002039537523,0.1645036704382601,0.16155138076815329,0.1576693245080778,0.15277311622466955,0.14672869524619736,0.13931308180335886,0.13012290160586765,0.11831260737388975,0.10149910751599645,0.05387491018792974,nan,nan,nan,nan,nan,nan,nan,0.05387491018792974
155040.0,0.16817669701501273,0.16776757494773442,0.166534413452878,0.16445900710889497,0.16150804630312104,0.1576277143355506,0.15273364310968887,0.14669180176669655,0.13927926368206278,0.13009275621898495,0.11828695397715783,0.10147940706288705,0.053871394581792215,nan,nan,nan,nan,nan,nan,nan,0.053871394581792215
155100.0,0.16813038217270507,0.16772144765499192,0.16648884972928454,0.1644143859668881,0.16146475257975218,0.15758614304128263,0.15269420658367225,0.14665494214373243,0.1392454762064986,0.13006263771496696,0.118261322979232,0.10145972331006059,0.0538678839433847,nan,nan,nan,nan,nan,nan,nan,0.0538678839433847
155160.0,0.1680841113097055,0.16767536413567335,0.16644332916141058,0.16436980695071937,0.1614214995388506,0.1575446105690587,0.15265480659404274,0.14661811632903463,0.13921171933340384,0.13003254605634101,0.11823571434941553,0.10144005623520035,0.0538643782633389,nan,nan,nan,nan,nan,nan,nan,0.0538643782633389
155220.0,0.16803788436162043,0.16762932432571842,0.16639785168619425,0.16432526999898778,0.16137828712133456,0.1575031168627716,0.15261544308832392,0.14658132427442455,0.1391779930195973,0.13000248120570423,0.1182101280570679,0.1014204058160298,0.053860877532308386,nan,nan,nan,nan,nan,nan,nan,0.053860877532308386
155280.0,0.16799170126418125,0.16758332816119093,0.1663524172406958,0.16428077505041094,0.16133511526823607,0.15746166186642174,0.1525761160141395,0.14654456593181503,0.13914429722197902,0.12997244312572326,0.11818456407160488,0.10140077203031247,0.05385738174096856,nan,nan,nan,nan,nan,nan,nan,0.05385738174096856
155340.0,0.1679455619532448,0.16753737557827952,0.16630702576209794,0.16423632204382554,0.16129198392070146,0.1574202455241176,0.1525368253192137,0.14650784125321034,0.13911063189753048,0.1299424317791345,0.11815902236249863,0.10138115485585217,0.053853890880016755,nan,nan,nan,nan,nan,nan,nan,0.053853890880016755
155400.0,0.1678994663647914,0.16749146651329555,0.1662616771877044,0.1641919109181856,0.16124889301998951,0.1573788677800741,0.15249757095136984,0.14647115019070528,0.13907699700331355,0.1299124471287434,0.11813350289927699,0.10136155427049223,0.05385040494017182,nan,nan,nan,nan,nan,nan,nan,0.05385040494017182
155460.0,0.16785341443492552,0.16744560090267396,0.1662163714549402,0.16414754161256329,0.1612058425074723,0.15733752857861327,0.15245835285853088,0.14643449269648554,0.1390433924964709,0.1298824891374245,0.11810800565152364,0.10134197025211603,0.05384692391217429,nan,nan,nan,nan,nan,nan,nan,0.05384692391217429
155520.0,0.1678074060998756,0.16739977868297282,0.16617110850135153,0.16410321406614825,0.1611628323246347,0.15729622786416392,0.152419170988719,0.14639786872282726,0.13900981833422557,0.12985255776812143,0.11808253058887815,0.10132240277864653,0.053843447786786285,nan,nan,nan,nan,nan,nan,nan,0.053843447786786285
155580.0,0.1677614412959934,0.16735399979087293,0.16612588826460511,0.1640589282182474,0.1611198624130741,0.1572549655812611,0.15238002529005537,0.14636127822209688,0.138976274473881,0.12982265298384651,0.1180570776810355,0.10130285182804648,0.053839976554791454,nan,nan,nan,nan,nan,nan,nan,0.053839976554791454
155640.0,0.16771551995975453,0.1673082641631783,0.16608071068248892,0.16401468400828534,0.16107693271450071,0.1572137416745466,0.15234091571076053,0.14632472114675155,0.13894276087282104,0.12979277474768108,0.11803164689774653,0.10128331737831814,0.053836510206994995,nan,nan,nan,nan,nan,nan,nan,0.053836510206994995
155700.0,0.16766964202775678,0.16726257173681425,0.16603557569291022,0.1639704813758026,0.16103404317073605,0.15717255608876762,0.1523018421991529,0.14628819744933755,0.138909277488509,0.12976292302277462,0.11800623820881707,0.10126379940750321,0.05383304873422341,nan,nan,nan,nan,nan,nan,nan,0.05383304873422341
155760.0,0.1676238074367207,0.16721692244882835,0.16599048323389634,0.16392632026045645,0.16099119372371345,0.15713140876877707,0.1522628047036494,0.14625170708249113,0.1388758242784881,0.12973309777234504,0.11798085158410827,0.10124429789368275,0.05382959212732457,nan,nan,nan,nan,nan,nan,nan,0.05382959212732457
155820.0,0.1675780161234891,0.16717131623638976,0.16594543324359412,0.16388220060202024,0.1609483843154778,0.1570902996595333,0.15222380317276507,0.14621524999893792,0.13884240120038097,0.1297032989596784,0.11795548699353635,0.10122481281497707,0.05382614037716762,nan,nan,nan,nan,nan,nan,nan,0.05382614037716762
155880.0,0.16753226802502688,0.1671257530367888,0.1659004256602698,0.1638381223403833,0.16090561488818514,0.15704922870609977,0.1521848375551127,0.1461788261514929,0.13880900821188968,0.12967352654812875,0.1179301444070725,0.10120534414954573,0.05382269347464293,nan,nan,nan,nan,nan,nan,nan,0.05382269347464293
155940.0,0.16748656307842105,0.16708023278743755,0.16585546042230917,0.1637940854155511,0.16086288538410293,0.15700819585364545,0.15214590779940326,0.14614243549306047,0.13877564527079578,0.12964378050111852,0.11790482379474305,0.1011858918755876,0.05381925141066221,nan,nan,nan,nan,nan,nan,nan,0.05381925141066221
156000.0,0.16744090122087954,0.16703475542586815,0.16581053746821608,0.16375008976764377,0.1608201957456087,0.1569672010474435,0.15210701385444458,0.14610607797663341,0.13874231233495948,0.1296140607821373,0.1178795251266287,0.10116645597134033,0.05381581417615811,nan,nan,nan,nan,nan,nan,nan,0.05381581417615811
156060.0,0.1673952823897315,0.1669893208897333,0.16576565673661292,0.1637061353368968,0.16077754591519056,0.15692624423287133,0.15206815566914178,0.14606975355529325,0.13870900936231978,0.12958436735474235,0.11785424837286486,0.10114703641508052,0.05381238176208435,nan,nan,nan,nan,nan,nan,nan,0.05381238176208435
156120.0,0.16734970652242698,0.16694392911680594,0.16572081816624032,0.16366222206366032,0.16073493583544668,0.15688532535541075,0.15202933319249684,0.14603346218220992,0.13867573631089433,0.12955470018255838,0.11782899350364139,0.10112763318512369,0.05380895415941565,nan,nan,nan,nan,nan,nan,nan,0.05380895415941565
156180.0,0.16730417355653648,0.1668985800449788,0.1656760216959567,0.16361834988839907,0.16069236544908522,0.15684444436064748,0.15199054637360848,0.1459972038106416,0.13864249313877924,0.12952505922927735,0.11780376048920249,0.10110824625982405,0.05380553135914768,nan,nan,nan,nan,nan,nan,nan,0.05380553135914768
156240.0,0.1672586834297516,0.166853273612265,0.16563126726473856,0.16357451875169268,0.16064983469892435,0.15680360119427145,0.1519517951616725,0.14596097839393488,0.13860927980414925,0.12949544445865857,0.11777854929984685,0.10108887561757475,0.053802113352297155,nan,nan,nan,nan,nan,nan,nan,0.053802113352297155
156300.0,0.16721323607988303,0.16680800975679613,0.1655865548116793,0.16353072859423412,0.16060734352789108,0.15676279580207536,0.15191307950598026,0.14592478588552374,0.13857609626525672,0.12946585583452802,0.11775335990592697,0.10106952123680725,0.05379870012990144,nan,nan,nan,nan,nan,nan,nan,0.05379870012990144
156360.0,0.16716783144486144,0.16676278841682296,0.16554188427598931,0.16348697935683007,0.16056489187902162,0.1567220281299553,0.15187439935591945,0.1458886262389298,0.13854294248043197,0.12943629332077844,0.11772819227784942,0.10105018309599162,0.053795291683018685,nan,nan,nan,nan,nan,nan,nan,0.053795291683018685
156420.0,0.16712246946273682,0.16671760953071513,0.16549725559699582,0.16344327098040085,0.16052247969546116,0.15668129812391035,0.15183575466097332,0.1458524994077622,0.13850981840808319,0.12940675688136932,0.11770304638607457,0.1010308611736363,0.05379188800272776,nan,nan,nan,nan,nan,nan,nan,0.05379188800272776
156480.0,0.1670771500716784,0.1666724730369607,0.16545266871414252,0.1633996034059798,0.16048010692046322,0.15664060573004224,0.15179714537072098,0.14581640534571716,0.13847672400669586,0.1293772464803266,0.11767792220111653,0.10101155544828815,0.0537884890801282,nan,nan,nan,nan,nan,nan,nan,0.0537884890801282
156540.0,0.16703187320997476,0.16662737887416648,0.16540812356698995,0.16335597657471385,0.1604377734973904,0.1565999508945557,0.15175857143483712,0.14578034400657833,0.13844365923483345,0.12934776208174273,0.11765281969354341,0.10099226589853222,0.05378509490634019,nan,nan,nan,nan,nan,nan,nan,0.05378509490634019
156600.0,0.16698663881603248,0.16658232698105663,0.16536362009521374,0.16331239042786191,0.16039547936971268,0.15655933356375712,0.15172003280309126,0.14574431534421572,0.13841062405113602,0.12931830364977612,0.11762773883397634,0.10097299250299172,0.05378170547250437,nan,nan,nan,nan,nan,nan,nan,0.05378170547250437
156660.0,0.16694144682837656,0.16653731729647292,0.16531915823860555,0.16326884490679544,0.16035322448100797,0.156518753684055,0.15168152942534777,0.14570831931258604,0.1383776184143208,0.12928887114865126,0.11760267959308998,0.10095373524032794,0.05377832076978189,nan,nan,nan,nan,nan,nan,nan,0.05377832076978189
156720.0,0.16689629718564997,0.1664923497593747,0.1652747379370722,0.1632253399529979,0.16031100877496182,0.15647821120195968,0.15164306125156585,0.14567235586573243,0.13834464228318177,0.12925946454265846,0.11757764194161222,0.10093449408924016,0.05377494078935432,nan,nan,nan,nan,nan,nan,nan,0.05377494078935432
156780.0,0.16685118982661343,0.16644742430883822,0.16523035913063586,0.16318187550806473,0.16026883219536708,0.15643770606408286,0.1516046282317991,0.14563642495778406,0.13831169561658962,0.1292300837961539,0.11755262585032414,0.10091526902846555,0.0537715655224236,nan,nan,nan,nan,nan,nan,nan,0.0537715655224236
156840.0,0.16680612469014555,0.16640254088405698,0.16518602175943403,0.1631384515137035,0.16022669468612408,0.1563972382171381,0.1515662303161958,0.1456005265429568,0.13827877837349184,0.12920072887355943,0.11752763129006,0.1008960600367793,0.053768194960212075,nan,nan,nan,nan,nan,nan,nan,0.053768194960212075
156900.0,0.16676110171524164,0.16635769942434064,0.1651417257637181,0.16309506791173234,0.1601845961912396,0.15635680760793952,0.15152786745499786,0.14556466057555154,0.13824589051291183,0.12917139973936217,0.11750265823170673,0.10087686709299411,0.05376482909396224,nan,nan,nan,nan,nan,nan,nan,0.05376482909396224
156960.0,0.16671612084101395,0.16631289986911513,0.1650974710838539,0.16305172464408077,0.1601425366548268,0.156316414183402,0.151489539598541,0.14552882700995506,0.13821303199394916,0.1291420963581144,0.1174777066462041,0.10085769017596041,0.05376146791493681,nan,nan,nan,nan,nan,nan,nan,0.05376146791493681
157020.0,0.1666711820066914,0.16626814215792224,0.16505325766032136,0.163008421652789,0.16010051602110542,0.15627605789054105,0.15145124669725463,0.14549302580063947,0.13818020277577944,0.1291128186944338,0.11745277650454447,0.10083852926456618,0.05375811141441862,nan,nan,nan,nan,nan,nan,nan,0.05375811141441862
157080.0,0.1666262851516192,0.16622342623041958,0.16500908543371406,0.16296515888000776,0.16005853423440108,0.1562357386764726,0.15141298870166148,0.14545725690216207,0.13814740281765386,0.12908356671300275,0.1174278677777728,0.10081938433773688,0.05375475958371063,nan,nan,nan,nan,nan,nan,nan,0.05375475958371063
157140.0,0.16658143021525937,0.16617875202638077,0.16496495434473965,0.16292193626799878,0.16001659123914586,0.15619545648841304,0.15137476556237786,0.14542152026916566,0.13811463207889965,0.12905434037856897,0.11740298043698669,0.10080025537443564,0.05375141241413608,nan,nan,nan,nan,nan,nan,nan,0.05375141241413608
157200.0,0.1665366171371889,0.1661341194856939,0.16492086433421846,0.16287875375913297,0.15997468697987666,0.1561552112736782,0.15133657723011262,0.14538581585637722,0.13808189051891917,0.12902513965594442,0.11737811445333574,0.10078114235366269,0.053748069897037905,nan,nan,nan,nan,nan,nan,nan,0.053748069897037905
157260.0,0.16649184585710045,0.16608952854836198,0.16487681534308377,0.16283561129589125,0.159932821401236,0.1561150029796835,0.15129842365566737,0.14535014361860862,0.13804917809718992,0.12899596451000567,0.11735326979802183,0.10076204525445545,0.053744732023779045,nan,nan,nan,nan,nan,nan,nan,0.053744732023779045
157320.0,0.16644711631480205,0.16604497915450284,0.16483280731238167,0.16279250882086405,0.15989099444797134,0.15607483155394392,0.15126030478993627,0.14531450351075606,0.13801649477326464,0.1289668149056938,0.1173284464422989,0.10074296405588865,0.053741398785742314,nan,nan,nan,nan,nan,nan,nan,0.053741398785742314
157380.0,0.16640242845021658,0.16600047124434836,0.16478884018327067,0.16274944627675103,0.15984920606493497,0.1560346969440735,0.1512222205839057,0.1452788954877999,0.13798384050677082,0.12893769080801395,0.11730364435747283,0.10072389873707395,0.053738070174330355,nan,nan,nan,nan,nan,nan,nan,0.053738070174330355
157440.0,0.16635778220338235,0.16595600475824548,0.16474491389702184,0.1627064236063614,0.1598074561970843,0.15599459909778574,0.15118417098865464,0.14524331950480499,0.13795121525741116,0.12890859218203574,0.11727886351490152,0.10070484927716014,0.05373474618096565,nan,nan,nan,nan,nan,nan,nan,0.05373474618096565
157500.0,0.1663131775144514,0.16591157963665396,0.16470102839501768,0.16266344075261238,0.15976574478948052,0.1559545379628922,0.15114615595535347,0.1452077755169195,0.13791861898496252,0.1288795189928924,0.1172541038859944,0.10068581565533288,0.05373142679709032,nan,nan,nan,nan,nan,nan,nan,0.05373142679709032
157560.0,0.16626861432369003,0.16586719582014736,0.16465718361875237,0.16262049765852998,0.15972407178728895,0.15591451348730317,0.15110817543526428,0.14517226347937537,0.13788605164927611,0.12885047120578105,0.1172293654422125,0.10066679785081459,0.053728112014166156,nan,nan,nan,nan,nan,nan,nan,0.053728112014166156
157620.0,0.16622409257147855,0.16582285324941246,0.16461337950983151,0.16257759426724833,0.15968243713577884,0.1558745256190272,0.15107022937974052,0.14513678334748797,0.13785351321027747,0.1288214487859625,0.11720464815506837,0.10064779584286451,0.05372480182367455,nan,nan,nan,nan,nan,nan,nan,0.05372480182367455
157680.0,0.16617961219831082,0.16577855186524915,0.1645696160099717,0.16253473052200956,0.15964084078032292,0.1558345743061707,0.15103231774022702,0.145101335076656,0.13782100362796612,0.128792451698761,0.11717995199612584,0.1006288096107785,0.05372149621711646,nan,nan,nan,nan,nan,nan,nan,0.05372149621711646
157740.0,0.16613517314478599,0.165734291608562,0.16452589306099308,0.162491906366156,0.1595992826663903,0.15579465949693116,0.15099444046825328,0.14506591862235552,0.1377885228624106,0.12876347990955994,0.11715527693699679,0.1006098391338866,0.053718195186010585,nan,nan,nan,nan,nan,nan,nan,0.053718195186010585
157800.0,0.1660907753516313,0.16569007242038286,0.16448221060484036,0.1624491217431514,0.1595577627395664,0.1557547811396163,0.15095659751545137,0.14503053394015591,0.1377560708737623,0.1287345333838139,0.11713062294935037,0.10059088439155983,0.05371489872189821,nan,nan,nan,nan,nan,nan,nan,0.05371489872189821
157860.0,0.1660464187596848,0.16564589424185377,0.16443856858356673,0.16240637659656487,0.1595162809455378,0.15571493918262944,0.15091878883354218,0.14499518098570793,0.13772364762224498,0.1287056120870395,0.11710599000490601,0.10057194536320506,0.053711606816339574,nan,nan,nan,nan,nan,nan,nan,0.053711606816339574
157920.0,0.16600210330989798,0.16560175701422963,0.16439496693933647,0.16236367087007342,0.1594748372300945,0.15567513357447177,0.15088101437433799,0.1449598597147455,0.13769125306815644,0.12867671598481675,0.11708137807543445,0.10055302202826576,0.05370831946091441,nan,nan,nan,nan,nan,nan,nan,0.05370831946091441
157980.0,0.16595782894333685,0.16555766067887928,0.16435140561442568,0.16232100450746276,0.15943343153913098,0.15563536426374325,0.1508432740897428,0.1449245700830863,0.13765888717186897,0.1286478450427897,0.1170567871327581,0.10053411436622232,0.05370503664722218,nan,nan,nan,nan,nan,nan,nan,0.05370503664722218
158040.0,0.1659135956011285,0.16551360517723213,0.16430788455117043,0.16227837745257695,0.1593920638185976,0.15559563119909706,0.1508055679317104,0.14488931204659375,0.13762654989379564,0.12861899922663764,0.11703221714872829,0.10051522235657609,0.05370175836687186,nan,nan,nan,nan,nan,nan,nan,0.05370175836687186
158100.0,0.1658694032245739,0.1654695904508907,0.16426440369207662,0.16223578964942492,0.15935073401460315,0.1555559343293358,0.1507678958523334,0.14485408556125762,0.13759424119446168,0.12859017850213578,0.11700766809527346,0.10049634597888316,0.0536984846115035,nan,nan,nan,nan,nan,nan,nan,0.0536984846115035
158160.0,0.1658252517550745,0.1654256164415573,0.16422096297974842,0.16219324104211116,0.15930944207334763,0.1555162736033487,0.15073025780378524,0.14481889058314149,0.13756196103445814,0.1285613828351157,0.11698313994436786,0.1004774852127322,0.05369521537277416,nan,nan,nan,nan,nan,nan,nan,0.05369521537277416
158220.0,0.16578114113413994,0.16538168309104187,0.16417756235689587,0.16215073157484305,0.15926818794113026,0.15547664897011854,0.1506926537383263,0.14478372706838832,0.1375297093744467,0.12853261219146978,0.11695863266803472,0.10045864003774713,0.053691950642359466,nan,nan,nan,nan,nan,nan,nan,0.053691950642359466
158280.0,0.16573707130339296,0.16533779034126683,0.16413420176633953,0.16210826119193542,0.15922697156435298,0.1554370603787257,0.15065508360830773,0.14474859497322398,0.13749748617516253,0.12850386653715334,0.11693414623834847,0.10043981043358821,0.05368869041195446,nan,nan,nan,nan,nan,nan,nan,0.05368869041195446
158340.0,0.16569304220452483,0.16529393813422275,0.1640908811509667,0.16206582983776813,0.15918579288948048,0.15539750777830968,0.15061754736613617,0.14471349425392488,0.1374652913973864,0.12847514583816105,0.11690968062741527,0.10042099637993869,0.05368543467326436,nan,nan,nan,nan,nan,nan,nan,0.05368543467326436
158400.0,0.1656490537793894,0.16525012641206183,0.16404760045382405,0.16202343745687556,0.15914465186312554,0.15535799111815024,0.15058004496434835,0.1446784248668862,0.13743312500200414,0.12844645006057748,0.11688523580741393,0.10040219785653343,0.05368218341802415,nan,nan,nan,nan,nan,nan,nan,0.05368218341802415
158460.0,0.16560510596994185,0.1652063551170371,0.16400435961805715,0.16198108399388852,0.15910354843199337,0.15531851034761443,0.15054257635556245,0.14464338676857746,0.13740098694996783,0.12841777917054406,0.11686081175056935,0.10038341484314019,0.053678936637985834,nan,nan,nan,nan,nan,nan,nan,0.053678936637985834
158520.0,0.16556119871824537,0.16516262419150893,0.16396115858691718,0.1619387693935402,0.15906248254288763,0.1552790654161625,0.15050514149248334,0.14460837991554723,0.13736887720229998,0.1283891331342627,0.11683640842915524,0.10036464731956164,0.05367569432491977,nan,nan,nan,nan,nan,nan,nan,0.05367569432491977
158580.0,0.16551733196647483,0.16511893357794885,0.1639179973037647,0.16189649360067015,0.15902145414271385,0.15523965627335107,0.15046774032790566,0.14457340426442614,0.13733679572009602,0.12836051191799788,0.11681202581549592,0.10034589526563664,0.053672456470615526,nan,nan,nan,nan,nan,nan,nan,0.053672456470615526
158640.0,0.16547350565686714,0.1650752832188901,0.16387487571202092,0.16185425656017693,0.15898046317843445,0.15520028286879078,0.15043037281467453,0.14453845977189086,0.13730474246449265,0.1283319154880496,0.11678766388194484,0.10032715866122485,0.053669223066871524,nan,nan,nan,nan,nan,nan,nan,0.053669223066871524
158700.0,0.16542971973182666,0.1650316730570323,0.1638317937552706,0.16181205821711808,0.15893950959716413,0.15516094515223625,0.1503930389057687,0.14450354639474008,0.13727271739673477,0.12830334381081052,0.11676332260093,0.10030843748623913,0.053665994105516916,nan,nan,nan,nan,nan,nan,nan,0.053665994105516916
158760.0,0.16538597413385653,0.16498810303517344,0.1637887513771952,0.16176989851664486,0.15889859334610779,0.15512164307352722,0.1503557385542465,0.14446866408984496,0.13724072047813185,0.12827479685272875,0.11673900194492434,0.10028973172062441,0.05366276957839731,nan,nan,nan,nan,nan,nan,nan,0.05366276957839731
158820.0,0.16534226880556593,0.16494457309621688,0.16374574852157986,0.16172777740400957,0.15885771437256702,0.15508237658259522,0.15031847171325147,0.1444338128141545,0.13720875167006263,0.12824627458031182,0.11671470188644895,0.10027104134436002,0.05365954947737631,nan,nan,nan,nan,nan,nan,nan,0.05365954947737631
158880.0,0.16529860368967458,0.16490108318317592,0.16370278513231779,0.16168569482456938,0.15881687262394423,0.15504314562946697,0.15028123833601598,0.1443989925246987,0.1371768109339779,0.12821777696012915,0.11669042239807488,0.10025236633746099,0.05365633379433648,nan,nan,nan,nan,nan,nan,nan,0.05365633379433648
158940.0,0.16525497872896153,0.1648576332391229,0.16365986115336048,0.1616436507237382,0.15877606804769623,0.15500395016422103,0.15024403837582057,0.14436420317855203,0.1371448982313682,0.12818930395878453,0.11666616345240127,0.10023370667996269,0.05365312252116962,nan,nan,nan,nan,nan,nan,nan,0.05365312252116962
159000.0,0.16521139386637348,0.16481422320729683,0.16361697652882312,0.16160164504708885,0.15873530059143237,0.15496479013707992,0.15020687178607983,0.14432944473291076,0.13711301352383215,0.1281608555429741,0.11664192502210183,0.10021506235195339,0.053649915649797215,nan,nan,nan,nan,nan,nan,nan,0.053649915649797215
159060.0,0.16516784904495416,0.16477085303103325,0.1635741312029157,0.1615596777402865,0.15869457020285055,0.15492566549834996,0.15016973852028634,0.14429471714504255,0.13708115677303206,0.12813243167944877,0.11661770707989444,0.10019643333355302,0.05364671317215715,nan,nan,nan,nan,nan,nan,nan,0.05364671317215715
159120.0,0.16512434420785188,0.1647275226537717,0.1635313251199507,0.16151774874909572,0.15865387682974402,0.15488657619842805,0.15013263853201686,0.14426002037229185,0.13704932794069846,0.12810403233501805,0.11659350959854455,0.10017781960491548,0.053643515080205095,nan,nan,nan,nan,nan,nan,nan,0.053643515080205095
159180.0,0.16508087929832418,0.1646842320190603,0.16348855822434732,0.1614758580193849,0.1586132204200058,0.15484752218780495,0.15009557177493588,0.14422535437208317,0.13701752698863323,0.12807565747655258,0.11656933255086702,0.10015922114622992,0.05364032136591541,nan,nan,nan,nan,nan,nan,nan,0.05364032136591541
159240.0,0.16503745425968935,0.16464098107050767,0.16344583046058395,0.16143400549708023,0.15857260092158432,0.1548085034170245,0.1500585382027571,0.1441907191018862,0.13698575387867853,0.1280473070709579,0.11654517590970515,0.10014063793770625,0.05363713202127184,nan,nan,nan,nan,nan,nan,nan,0.05363713202127184
159300.0,0.16499406903542882,0.1645977697518846,0.16340314177329882,0.1613921911282628,0.15853201828257663,0.15476951983677073,0.1500215377693248,0.14415611451928945,0.13695400857278217,0.1280189810852299,0.11652103964797515,0.10012206995960599,0.05363394703828714,nan,nan,nan,nan,nan,nan,nan,0.05363394703828714
159360.0,0.16495072356912044,0.1645545980070577,0.16336049210722425,0.16135041485910542,0.15849147245116785,0.15473057139781107,0.14998457042856084,0.14412154058195253,0.13692229103295495,0.12799067948641868,0.1164969237386371,0.10010351719222207,0.05363076640899027,nan,nan,nan,nan,nan,nan,nan,0.05363076640899027
159420.0,0.1649074178044457,0.1645114657799968,0.1633178814071941,0.1613086766358793,0.15845096337563744,0.15469165805100232,0.14994763613447035,0.14408699724761084,0.13689060122127555,0.1279624022416324,0.11647282815469809,0.10008497961588114,0.053627590125427796,nan,nan,nan,nan,nan,nan,nan,0.053627590125427796
159480.0,0.16486415168519392,0.1644683730147789,0.16327530961814746,0.1612669764049583,0.15841049100436344,0.15465277974729452,0.14991073484114512,0.14405248447407903,0.13685893909989283,0.1279341493180397,0.11644875286921419,0.10006645721094473,0.05362441817966473,nan,nan,nan,nan,nan,nan,nan,0.05362441817966473
159540.0,0.16482092515521599,0.16442531965554216,0.1632327766850838,0.16122531411277471,0.15837005528578,0.15461393643769095,0.14987386650272694,0.14401800221921754,0.1368273046309968,0.1279059206828445,0.1164246978552702,0.10004794995779506,0.05362125056377505,nan,nan,nan,nan,nan,nan,nan,0.05362125056377505
159600.0,0.16477773815852234,0.16438230564658357,0.1631902825531585,0.16118368970591246,0.15832965616846678,0.15457512807333237,0.14983703107348512,0.143983550441003,0.13679569777688058,0.1278777163033391,0.11640066308602223,0.10002945783686518,0.05361808726986169,nan,nan,nan,nan,nan,nan,nan,0.05361808726986169
159660.0,0.16473459063921914,0.16433933093229514,0.1631478271676206,0.16114210313104643,0.15828929360109067,0.15453635460544218,0.1498002285077662,0.14394912909748248,0.13676411849989994,0.12784953614686964,0.11637664853467003,0.10001098082861926,0.053614928290043495,nan,nan,nan,nan,nan,nan,nan,0.053614928290043495
159720.0,0.16469148254151506,0.1642963954571709,0.16310541047381935,0.1611005543349489,0.15824896753241208,0.15449761598533227,0.14976345875999889,0.1439147381467783,0.13673256676247772,0.12782138018083983,0.11635265417445981,0.09999251891355485,0.053611773616456665,nan,nan,nan,nan,nan,nan,nan,0.053611773616456665
159780.0,0.16464841380972547,0.164253499165811,0.16306303241720835,0.16105904326449363,0.15820867791128873,0.15445891216440663,0.1497267217846979,0.14388037754709104,0.13670104252710635,0.12779324837271305,0.1163286799786863,0.09997407207220399,0.053608623241255565,nan,nan,nan,nan,nan,nan,nan,0.053608623241255565
159840.0,0.16460538438822636,0.16421064200287588,0.16302069294330074,0.16101756986661211,0.158168424686634,0.15442024309412203,0.149690017536427,0.14384604725666653,0.1366695457563187,0.1277651406899877,0.11630472592067269,0.09995564028511933,0.05360547715660344,nan,nan,nan,nan,nan,nan,nan,0.05360547715660344
159900.0,0.16456239422155175,0.16416782391318302,0.1629783919977639,0.16097613408838585,0.15812820780750497,0.1543816087260711,0.14965334596987642,0.14381174723386564,0.1366380764127499,0.12773705710024957,0.11628079197381257,0.09993722353290363,0.05360233535469206,nan,nan,nan,nan,nan,nan,nan,0.05360233535469206
159960.0,0.1645194432543301,0.16412504484164406,0.16293612952635766,0.1609347358769861,0.15808802722304496,0.1543430090119281,0.14961670703981245,0.14377747743711866,0.1366066344590968,0.12770899757113768,0.11625687811154281,0.09991882179619052,0.05359919782772893,nan,nan,nan,nan,nan,nan,nan,0.05359919782772893
160020.0,0.16447653143129132,0.16408230473327132,0.162893905474941,0.16089337517968064,0.15804788288248994,0.15430444390345494,0.14958010070108285,0.14374323782493054,0.13657521985812274,0.1276809620703479,0.11623298430734622,0.09990043505564661,0.05359606456793865,nan,nan,nan,nan,nan,nan,nan,0.05359606456793865
160080.0,0.16443365869727072,0.16403960353318198,0.1628517197894761,0.1608520519438374,0.1580077747351719,0.15426591335250445,0.14954352690862022,0.14370902835588345,0.13654383257265978,0.12765295056563528,0.11620911053475352,0.09988206329197265,0.053592935567563754,nan,nan,nan,nan,nan,nan,nan,0.053592935567563754
160140.0,0.16439082499716318,0.16399694118655248,0.16280957241598326,0.160810766116881,0.15796770273047747,0.15422741731098127,0.1495069856174055,0.14367484898860394,0.13651247256557963,0.1276249630247891,0.11618525676732341,0.09986370648588971,0.053589810818855804,nan,nan,nan,nan,nan,nan,nan,0.053589810818855804
160200.0,0.16434803027602018,0.163954317638715,0.16276746330063602,0.1607695176463848,0.15792766681793582,0.15418895573092484,0.14947047678254488,0.1436406996818327,0.13648113979985543,0.12759699941568542,0.11616142297868454,0.09984536461816854,0.05358669031409421,nan,nan,nan,nan,nan,nan,nan,0.05358669031409421
160260.0,0.16430527447898655,0.1639117328350946,0.16272539238969919,0.160728306480011,0.1578876669471614,0.15415052856445527,0.14943400035921983,0.1436065803943792,0.13644983423852153,0.12756905970625287,0.1161376091425082,0.09982703766961039,0.05358357404557394,nan,nan,nan,nan,nan,nan,nan,0.05358357404557394
160320.0,0.16426255755130734,0.1638691867212159,0.16268335962953553,0.16068713256551675,0.15784770306785992,0.15411213576377916,0.14939755630269222,0.14357249108512632,0.13641855584467769,0.1275411438644763,0.11611381523251117,0.09980872562104909,0.053580462005606906,nan,nan,nan,nan,nan,nan,nan,0.053580462005606906
160380.0,0.16421987943833175,0.16382667924270716,0.1626413649666098,0.16064599585075864,0.15780777512983235,0.15407377728119304,0.14936114456830785,0.14353843171303363,0.13638730458149181,0.12751325185839904,0.11609004122245761,0.09979042845335231,0.053577354186522666,nan,nan,nan,nan,nan,nan,nan,0.053577354186522666
160440.0,0.1641772400854678,0.1637842103452552,0.162599408347444,0.1606048962836489,0.15776788308293327,0.15403545306904454,0.1493247651114601,0.1435044022371042,0.13635608041217087,0.12748538365609816,0.11606628708613917,0.09977214614740762,0.05357425058065966,nan,nan,nan,nan,nan,nan,nan,0.05357425058065966
160500.0,0.16413463943827836,0.16374177997470069,0.1625574897187118,0.16056383381224706,0.15772802687715848,0.1539971630798147,0.14928841788766647,0.14347040261645425,0.1363248833000222,0.12745753922573672,0.11604255279741689,0.09975387868415186,0.053571151180383886,nan,nan,nan,nan,nan,nan,nan,0.053571151180383886
160560.0,0.16409207744241863,0.16369938807697618,0.16251560902717715,0.16052280838470026,0.1576882064625879,0.1539589072660642,0.14925210285251866,0.1434364328102679,0.13629371320841366,0.12742971853552962,0.11601883833019387,0.09973562604455212,0.05356805597807666,nan,nan,nan,nan,nan,nan,nan,0.05356805597807666
160620.0,0.1640495540436428,0.1636570345981127,0.16247376621970072,0.16048181994924987,0.15764842178939187,0.1539206855804393,0.1492158199616881,0.14340249277780187,0.1362625701007778,0.12740192155374752,0.1159951436584183,0.0997173882096076,0.053564964966136004,nan,nan,nan,nan,nan,nan,nan,0.053564964966136004
160680.0,0.16400706918780805,0.16361471948424375,0.16243196124324388,0.16044086845423505,0.1576086728078347,0.15388249797567513,0.14917956917092887,0.14336858247838863,0.1362314539406144,0.1273741482487187,0.11597146875608512,0.09969916516035107,0.05356187813697738,nan,nan,nan,nan,nan,nan,nan,0.05356187813697738
160740.0,0.16396462282082974,0.16357244268156051,0.16239019404482516,0.16039995384805047,0.15756895946823393,0.15384434440455752,0.14914335043604252,0.1433347018714039,0.13620036469146224,0.12734639858880514,0.11594781359721668,0.09968095687783488,0.05355879548302474,nan,nan,nan,nan,nan,nan,nan,0.05355879548302474
160800.0,0.16392221488877626,0.1635302041364066,0.1623484645716125,0.1603590760792361,0.15752928172104658,0.15380622482000395,0.1491071637129529,0.14330085091633513,0.13616930231695906,0.12731867254245355,0.11592417815590371,0.09966276334316022,0.05355571699672948,nan,nan,nan,nan,nan,nan,nan,0.05355571699672948
160860.0,0.16387984533780722,0.1634880037952161,0.16230677277086314,0.16031823509641863,0.15748963951681275,0.1537681391750107,0.14907100895765754,0.1432670295727368,0.1361382667808024,0.12729097007816204,0.11590056240627865,0.09964458453745811,0.05355264267055811,nan,nan,nan,nan,nan,nan,nan,0.05355264267055811
160920.0,0.16383751411418015,0.1634458416045206,0.16226511858992998,0.1602774308483178,0.15745003280616196,0.15373008742265865,0.14903488612623245,0.14323323780023528,0.1361072580467539,0.12726329116448373,0.1158769663225185,0.09962642044189142,0.05354957249699356,nan,nan,nan,nan,nan,nan,nan,0.05354957249699356
160980.0,0.16379522116425432,0.16340371751095287,0.16222350197626556,0.16023666328375005,0.15741046153981667,0.1536920695161166,0.14899879517483572,0.14319947555853182,0.13607627607864167,0.12723563577002892,0.1158533898788465,0.0996082710376561,0.053546506468535975,nan,nan,nan,nan,nan,nan,nan,0.053546506468535975
161040.0,0.16375296643444678,0.1633616314612032,0.16218192287737893,0.16019593235158702,0.1573709256685522,0.15365408540860362,0.14896273605967228,0.14316574280737063,0.13604532084033244,0.12720800386344122,0.11582983304951314,0.09959013630596782,0.05354344457769409,nan,nan,nan,nan,nan,nan,nan,0.05354344457769409
161100.0,0.1637107498713256,0.1633195834021119,0.16214038124092678,0.16015523800084364,0.15733142514328136,0.15361613505346863,0.14892670873706798,0.14313203950660608,0.13601439229579068,0.12718039541344792,0.11580629580883642,0.09957201622809027,0.05354038681700348,nan,nan,nan,nan,nan,nan,nan,0.05354038681700348
161160.0,0.16366857142154909,0.1632775732806091,0.162098877014654,0.16011458018062064,0.1572919599149994,0.15357821840413868,0.14889071316342123,0.143098365616159,0.13598349040904,0.1271528103888272,0.1157827781311756,0.09955391078531663,0.05353733317901467,nan,nan,nan,nan,nan,nan,nan,0.05353733317901467
161220.0,0.16362643103187227,0.1632356010437212,0.16205741014640018,0.1600739588401107,0.15725252993478983,0.15354033541412435,0.14885474929520848,0.14306472109602125,0.1359526151441675,0.12712524875841166,0.11575927999093401,0.0995358199589717,0.0535342836562944,nan,nan,nan,nan,nan,nan,nan,0.0535342836562944
161280.0,0.16358432864915087,0.16319366663857462,0.16201598058410327,0.16003337392860226,0.15721313515382795,0.15350248603702316,0.14881881708898698,0.14303110590625878,0.13592176646532592,0.12709771049109037,0.11573580136256074,0.099517743730413,0.053531238241426415,nan,nan,nan,nan,nan,nan,nan,0.053531238241426415
161340.0,0.16354226422029788,0.16315177001235284,0.16197458827575734,0.15999282539543827,0.15717377552334166,0.1534646702264824,0.14878291650136063,0.14299752000697993,0.13589094433670626,0.12707019555578544,0.11571234222053182,0.09949968208101748,0.05352819692700318,nan,nan,nan,nan,nan,nan,nan,0.05352819692700318
161400.0,0.16350023769237537,0.16310991111238748,0.1619332331695021,0.15995231319010325,0.15713445099469442,0.15342688793627773,0.1487470474890526,0.1429639633584021,0.13586014872259605,0.12704270392150172,0.11568890253939006,0.09948163499220965,0.053525159705643366,nan,nan,nan,nan,nan,nan,nan,0.053525159705643366
161460.0,0.16345824901253456,0.16306808988609897,0.16189191521356464,0.15991183726216662,0.15709516151933142,0.15338913912026203,0.148711210008858,0.14293043592080826,0.13582937958734154,0.12701523555729433,0.11566548229371906,0.09946360244544322,0.05352212656998044,nan,nan,nan,nan,nan,nan,nan,0.05352212656998044
161520.0,0.16341629812802247,0.16302630628100287,0.16185063435626562,0.1598713975612887,0.15705590704878492,0.1533514237323707,0.14867540401764895,0.1428969376545517,0.1357986368953515,0.1269877904322723,0.11564208145814603,0.09944558442220314,0.05351909751266395,nan,nan,nan,nan,nan,nan,nan,0.05351909751266395
161580.0,0.16337438498618556,0.16298456024471372,0.161809390546023,0.15983099403722448,0.1570166875346782,0.15331374172662526,0.14863962947237747,0.14286346852005888,0.13576792061109974,0.12696036851560039,0.11561870000734345,0.09942758090400669,0.05351607252636016,nan,nan,nan,nan,nan,nan,nan,0.05351607252636016
161640.0,0.163332509534427,0.16294285172490233,0.1617681837313102,0.15979062663978288,0.15697750292868623,0.15327609305709625,0.14860388633004187,0.1428300284777984,0.13573723069909788,0.12693296977647617,0.11559533791601044,0.09940959187239042,0.05351305160374366,nan,nan,nan,nan,nan,nan,nan,0.05351305160374366
161700.0,0.16329067172029715,0.16290118066938614,0.16172701386074473,0.15975029531891263,0.15693835318261837,0.15323847767798127,0.14856817454775822,0.1427966174883465,0.13570656712395318,0.12690559418417893,0.11557199515891221,0.09939161730893788,0.05351003473751524,nan,nan,nan,nan,nan,nan,nan,0.05351003473751524
161760.0,0.16324887149143474,0.16285954702607025,0.1616858808830302,0.15971000002464658,0.15689923824836438,0.15320089554355415,0.14853249408271377,0.14276323551234424,0.1356759298503306,0.12687824170803774,0.11554867171085423,0.09937365719526156,0.05350702192039026,nan,nan,nan,nan,nan,nan,nan,0.05350702192039026
161820.0,0.16320710879557307,0.16281795074295383,0.16164478474696295,0.15966974070710727,0.1568601580779005,0.15316334660817044,0.1484968448921719,0.1427298825105024,0.1356453188429572,0.12685091231743487,0.11552536754668517,0.09935571151300482,0.053504013145099845,nan,nan,nan,nan,nan,nan,nan,0.053504013145099845
161880.0,0.16316538358054375,0.16277639176813388,0.16160372540143544,0.15962951731651098,0.1568211126232925,0.15312583082627074,0.14846122693347513,0.14269655844360388,0.13561473406662428,0.12682360598180797,0.11550208264129842,0.09933778024384304,0.053501008404391696,nan,nan,nan,nan,nan,nan,nan,0.053501008404391696
161940.0,0.16312369579423444,0.16273487004976323,0.16156270279539506,0.1595893298031273,0.15678210183665786,0.15308834815234418,0.14842564016401155,0.1426632632724735,0.1355841754861606,0.1267963226706269,0.1154788169696139,0.09931986336947074,0.0534980076910216,nan,nan,nan,nan,nan,nan,nan,0.0534980076910216
162000.0,0.16308204538467844,0.16269338553613935,0.16152171687793146,0.159549178117364,0.15674312567024634,0.1530508985410055,0.14839008454128577,0.1426299969580423,0.13555364306648934,0.12676906235344243,0.11545557050661669,0.09930196087162885,0.05349501099777131,nan,nan,nan,nan,nan,nan,nan,0.05349501099777131
162060.0,0.16304043229999626,0.1626519381756466,0.16148076759821967,0.15950906220971195,0.1567041840763875,0.1530134819469448,0.1483545600228728,0.1425967594613056,0.13552313677259092,0.12674182499985456,0.1154323432273318,0.09928407273208689,0.05349201831743689,nan,nan,nan,nan,nan,nan,nan,0.05349201831743689
162120.0,0.1629988564884019,0.16261052791676225,0.16143985490552615,0.15946898203075088,0.15666527700749627,0.15297609832493297,0.1483190665664229,0.1425635507433274,0.13549265656950707,0.1267146105795159,0.11540913510682692,0.09926619893264499,0.05348902964283,nan,nan,nan,nan,nan,nan,nan,0.05348902964283
162180.0,0.1629573178982067,0.16256915470806035,0.16139897874921252,0.15942893753115292,0.1566264044160764,0.15293874762982493,0.14828360412966463,0.1425303707652434,0.13546220242234303,0.12668741906213382,0.11538594612021406,0.09924833945513495,0.053486044966778605,nan,nan,nan,nan,nan,nan,nan,0.053486044966778605
162240.0,0.1629158164777774,0.16252781849817013,0.16135813907869465,0.15938892866164323,0.1565875662546823,0.15290142981652383,0.14824817267037155,0.1424972194882304,0.1354317742962412,0.12666025041744763,0.11536277624263139,0.09923049428140754,0.053483064282119096,nan,nan,nan,nan,nan,nan,nan,0.053483064282119096
162300.0,0.16287435217562463,0.16248651923586382,0.16131733584352906,0.1593489553730834,0.15654876247599953,0.1528641448400568,0.14821277214643253,0.14246409687357048,0.13540137215643724,0.12663310461527655,0.11533962544928154,0.09921266339335938,0.053480087581713014,nan,nan,nan,nan,nan,nan,nan,0.053480087581713014
162360.0,0.16283292494034524,0.16244525686999953,0.1612765689933567,0.15930901761641725,0.15650999303279242,0.15282689265552546,0.14817740251580597,0.14243100288260907,0.1353709959682235,0.12660598162548853,0.11531649371540668,0.09919484677291546,0.05347711485843611,nan,nan,nan,nan,nan,nan,nan,0.05347711485843611
162420.0,0.16279153472062863,0.16240403134952724,0.16123583847790895,0.1592691153426763,0.15647125787790972,0.15278967321811143,0.14814206373652472,0.14239793747675977,0.13534064569695278,0.12657888141800364,0.1152933810162912,0.09917704440203097,0.05347414610517958,nan,nan,nan,nan,nan,nan,nan,0.05347414610517958
162480.0,0.16275018146526024,0.1623628426234926,0.16119514424701115,0.15922924850298362,0.15643255696428784,0.15275248648307932,0.1481067557666989,0.14236490061750676,0.13531032130804097,0.1265518039627959,0.1152702873272633,0.09915925626269245,0.05347118131485071,nan,nan,nan,nan,nan,nan,nan,0.05347118131485071
162540.0,0.16270886512308058,0.16232169064099589,0.16115448625054246,0.15918941704851464,0.15639389024491368,0.15271533240574162,0.14807147856448344,0.1423318922663752,0.13528002276694062,0.12652474922987114,0.115247212623677,0.09914148233690515,0.05346822048036504,nan,nan,nan,nan,nan,nan,nan,0.05346822048036504
162600.0,0.16266758564307218,0.16228057535127877,0.1611138644385211,0.15914962093057977,0.15635525767290348,0.15267821094153317,0.1480362320881471,0.14229891238499415,0.13524975003919643,0.12649771718931416,0.11522415688095024,0.09912372260671976,0.05346526359466299,nan,nan,nan,nan,nan,nan,nan,0.05346526359466299
162660.0,0.16262634297430292,0.16223949670366763,0.16107327876104854,0.15910986010057043,0.1563166592014515,0.15264112204596259,0.1480010162960273,0.14226596093505534,0.13521950309040914,0.1264707078112579,0.11520112007453992,0.099105977054215,0.053462310650699035,nan,nan,nan,nan,nan,nan,nan,0.053462310650699035
162720.0,0.16258513706593203,0.16219845464757984,0.16103272916831576,0.1590701345099651,0.15627809478383525,0.15260406567461754,0.14796583114653525,0.14223303787831798,0.13518928188623944,0.12644372106588694,0.11517810217994473,0.09908824566149951,0.05345936164144285,nan,nan,nan,nan,nan,nan,nan,0.05345936164144285
162780.0,0.16254396786721387,0.16215744913252736,0.16099221561060678,0.1590304441103326,0.15623956437341927,0.15256704178316788,0.14793067659815848,0.14220014317661103,0.13515908639241025,0.1264167569234391,0.11515510317270677,0.0990705284107129,0.05345641655988001,nan,nan,nan,nan,nan,nan,nan,0.05345641655988001
162840.0,0.16250283532745718,0.16211648010807614,0.16095173803825882,0.1589907888532935,0.15620106792361774,0.15253005032733064,0.14789555260942894,0.14216727679180408,0.13512891657468085,0.12638981535418375,0.11513212302839375,0.09905282528401334,0.05345347539900384,nan,nan,nan,nan,nan,nan,nan,0.05345347539900384
162900.0,0.1624617393961111,0.16207554752393183,0.16091129640174637,0.1589511686906019,0.15616260538797294,0.15249309126294391,0.14786045913899096,0.1421344386858693,0.13509877239890164,0.12636289632846842,0.11510916172263637,0.09903513626360394,0.05345053815183266,nan,nan,nan,nan,nan,nan,nan,0.05345053815183266
162960.0,0.16242068002270915,0.162034651329884,0.16087089065162644,0.15891158357409205,0.1561241767201041,0.1524561645459188,0.14782539614555693,0.14210162882084104,0.13506865383097835,0.12633599981668822,0.11508621923110407,0.09901746133171552,0.053447604811398576,nan,nan,nan,nan,nan,nan,nan,0.053447604811398576
163020.0,0.16237965715687525,0.16199379147581208,0.16083052073854448,0.15887203345568407,0.15608578187371286,0.15241927013224438,0.14779036358791206,0.1420688471588201,0.13503856083687615,0.12630912578928907,0.11506329552950761,0.09899980047060848,0.05344467537074862,nan,nan,nan,nan,nan,nan,nan,0.05344467537074862
163080.0,0.16233867074832722,0.16195296791168898,0.16079018661323782,0.15883251828738762,0.15604742080258688,0.15238240797799119,0.1477553614249172,0.14203609366197645,0.13500849338262166,0.12628227421677005,0.11504039059360056,0.09898215366257393,0.05344174982294554,nan,nan,nan,nan,nan,nan,nan,0.05344174982294554
163140.0,0.16229772074683685,0.16191218058754117,0.16074988822649655,0.15879303802126352,0.15600909346056308,0.1523455780392764,0.14772038961547695,0.1420033682925204,0.13497845143427745,0.1262554450696612,0.115017504399162,0.09896452088992147,0.053438828161060006,nan,nan,nan,nan,nan,nan,nan,0.053438828161060006
163200.0,0.1622568071023146,0.16187142945353314,0.16070962552924645,0.15875359260950445,0.15597079980160472,0.15230878027233685,0.14768544811860726,0.1419706710127633,0.13494843495799624,0.12622863831856965,0.11499463692203327,0.09894690213500491,0.05343591037818703,nan,nan,nan,nan,nan,nan,nan,0.05343591037818703
163260.0,0.1622159297647544,0.1618307144599122,0.1606693984724948,0.15871418200438245,0.15593253977975133,0.15227201463348147,0.14765053689339117,0.14193800178507832,0.13491844391998553,0.12620185393414995,0.11497178813809394,0.09892929738020566,0.053432996467435274,nan,nan,nan,nan,nan,nan,nan,0.053432996467435274
163320.0,0.16217508868423952,0.1617900355570148,0.1606292070073364,0.1586748061582545,0.15589431334912401,0.15223528107909653,0.14761565589898382,0.14190536057190423,0.13488847828651146,0.1261750918871067,0.11494895802326457,0.09891170660793429,0.05343008642192818,nan,nan,nan,nan,nan,nan,nan,0.05343008642192818
163380.0,0.16213428381094613,0.16174939269526956,0.16058905108495686,0.15863546502356593,0.15585612046392877,0.15219857956564853,0.14758080509461508,0.1418727473357482,0.13485853802390102,0.1261483521481972,0.11492614655350798,0.09889412980063181,0.053427180234804694,nan,nan,nan,nan,nan,nan,nan,0.053427180234804694
163440.0,0.16209351509510384,0.16170878582515827,0.16054893065659404,0.15859615855281303,0.15581796107842036,0.1521619100496504,0.14754598443955835,0.14184016203915728,0.1348286230985169,0.12612163468820922,0.1149033537048123,0.09887656694075744,0.05342427789921191,nan,nan,nan,nan,nan,nan,nan,0.05342427789921191
163500.0,0.16205278248707924,0.1616682148972991,0.16050884567361984,0.15855688669862217,0.15577983514697855,0.15212527248773328,0.14751119389319678,0.1418076046447785,0.13479873347681076,0.12609493947800698,0.11488057945322716,0.09885901801081427,0.053421379408320584,nan,nan,nan,nan,nan,nan,nan,0.053421379408320584
163560.0,0.1620120859373215,0.16162767986239213,0.16046879608748682,0.15851764941369814,0.15574174262405838,0.15208866683659955,0.1474764334149801,0.14177507511531998,0.13476886912528852,0.12606826648850142,0.11485782377484012,0.09884148299333259,0.05341848475531501,nan,nan,nan,nan,nan,nan,nan,0.05341848475531501
163620.0,0.16197142539636805,0.1615871806712254,0.16042878184973403,0.15847844665082994,0.15570368346419566,0.15205209305302808,0.14744170296442918,0.1417425734135547,0.13473903001051404,0.1260416156906532,0.1148350866457792,0.09882396187087161,0.05341559393339413,nan,nan,nan,nan,nan,nan,nan,0.05341559393339413
163680.0,0.16193080081484829,0.16154671727467834,0.16038880291199034,0.1584392783628938,0.15566565762201007,0.1520155510938771,0.14740700250113903,0.14171009950232338,0.13470921609911146,0.12601498705547476,0.11481236804221429,0.09880645462602064,0.053412706935772186,nan,nan,nan,nan,nan,nan,nan,0.053412706935772186
163740.0,0.16189021214344446,0.16150628962368285,0.16034885922593645,0.15840014450281636,0.15562766505216968,0.15197904091605088,0.14737233198474742,0.14167765334450608,0.13467942735774016,0.12598838055400902,0.11478966794034028,0.09878896124138689,0.05340982375567102,nan,nan,nan,nan,nan,nan,nan,0.05340982375567102
163800.0,0.16184965933297416,0.16146589766930564,0.16030895074338536,0.1583610450236529,0.1555897057094659,0.15194256247657034,0.14733769137500088,0.1416452349030819,0.13464966375314757,0.1259617961573745,0.11476698631641293,0.09877148169962113,0.053406944386336336,nan,nan,nan,nan,nan,nan,nan,0.053406944386336336
163860.0,0.1618091423343366,0.16142554136269438,0.16026907741622987,0.15832197987853625,0.15555177954876487,0.15190611573252696,0.14730308063171169,0.14161284414109007,0.13461992525213473,0.1259352338367356,0.1147443231467255,0.09875401598340097,0.0534040688210271,nan,nan,nan,nan,nan,nan,nan,0.0534040688210271
163920.0,0.16176866109851842,0.16138522065508387,0.16022923919644838,0.15828294902068243,0.1555138865250123,0.1518697006410879,0.14726849971476247,0.14158048102163426,0.13459021182155997,0.12590869356330622,0.11472167840761127,0.09873656407543266,0.05340119705301668,nan,nan,nan,nan,nan,nan,nan,0.05340119705301668
163980.0,0.1617282155765971,0.1613449354977991,0.16018943603610802,0.15824395240339376,0.155476026593237,0.1518333171594988,0.1472339485841091,0.14154814550788491,0.13456052342834135,0.1258821753083514,0.11469905207544495,0.09871912595845217,0.05339832907559353,nan,nan,nan,nan,nan,nan,nan,0.05339832907559353
164040.0,0.16168780571970234,0.16130468584221713,0.16014966788732726,0.15820498998002253,0.1554381997085157,0.15179696524505076,0.14719942719975002,0.14151583756305164,0.1345308600394317,0.1258556790431665,0.11467644412662603,0.09870170161521347,0.05339546488205351,nan,nan,nan,nan,nan,nan,nan,0.05339546488205351
164100.0,0.16164743147909777,0.16126447163984817,0.16010993470235535,0.1581660617040481,0.15540040582604703,0.1517606448551503,0.1471649355217909,0.14148355715044172,0.13450122162187095,0.1258292047391212,0.11465385453761423,0.09868429102851331,0.053392604465716136,nan,nan,nan,nan,nan,nan,nan,0.053392604465716136
164160.0,0.16160709280612762,0.1612242928422825,0.16007023643352045,0.15812716752902647,0.15536264490110335,0.15172435594727374,0.14713047351040254,0.14145130423342211,0.134471608142752,0.12580275236763105,0.11463128328490627,0.09866689418117507,0.05338974781991398,nan,nan,nan,nan,nan,nan,nan,0.05338974781991398
164220.0,0.16156678965222263,0.16118414940119657,0.16003057303323526,0.158088307408596,0.15532491688903594,0.15168809847897208,0.14709604112582547,0.14141907877542334,0.13444201956922464,0.1257763219001603,0.11460873034503848,0.09864951105605055,0.05338689493799382,nan,nan,nan,nan,nan,nan,nan,0.05338689493799382
164280.0,0.1615265219689033,0.16114404126835596,0.15999094445400042,0.1580494812964804,0.15528722174527812,0.15165187240787406,0.14706163832837238,0.1413868807399421,0.13441245586849732,0.12574991330822388,0.11458619569458828,0.09863214163602088,0.05338404581331732,nan,nan,nan,nan,nan,nan,nan,0.05338404581331732
164340.0,0.16148628970774195,0.16110396839557797,0.15995135064836713,0.15801068914645272,0.1552495594253107,0.15161567769165346,0.1470272650783983,0.14135471009051373,0.1343829170078134,0.1257235265633666,0.11456367931015751,0.0986147859039851,0.05338120043925402,nan,nan,nan,nan,nan,nan,nan,0.05338120043925402
164400.0,0.16144609282044317,0.16106393073481134,0.1599117915690161,0.15797193091241168,0.15521192988473498,0.15157951428809802,0.1469929213363642,0.14132256679077024,0.13435340295450193,0.12569716163720707,0.11454118116840763,0.09859744384288449,0.05337835880919615,nan,nan,nan,nan,nan,nan,nan,0.05337835880919615
164460.0,0.1614059312587913,0.16102392823808404,0.15987226716870584,0.15793320654833187,0.15517433307922515,0.15154338215506458,0.14695860706279557,0.14129045080440264,0.1343239136759447,0.12567081850140888,0.11451870124603669,0.09858011543568676,0.053375520916548985,nan,nan,nan,nan,nan,nan,nan,0.053375520916548985
164520.0,0.16136580497465614,0.16098396085750918,0.1598327774002787,0.1578945160082692,0.1551367689645335,0.15150728125048385,0.14692432221828652,0.14125836209516476,0.1342944491395795,0.1256444971276841,0.11449623951978197,0.09856280066538767,0.05337268675473186,nan,nan,nan,nan,nan,nan,nan,0.05337268675473186
164580.0,0.16132571391999634,0.16094402854528816,0.15979332221666379,0.157855859246364,0.1550992374964933,0.15147121153236337,0.146890066763503,0.14122630062687594,0.13426500931290236,0.1256181974877948,0.11447379596642134,0.09854549951501203,0.05336985631717884,nan,nan,nan,nan,nan,nan,nan,0.05336985631717884
164640.0,0.16128565804682182,0.16090413125367342,0.15975390157084043,0.15781723621680552,0.155061738630985,0.15143517295875536,0.14685584065915258,0.14119426636339377,0.13423559416344366,0.12559191955353266,0.11445137056275688,0.0985282119676022,0.053367029597331674,nan,nan,nan,nan,nan,nan,nan,0.053367029597331674
164700.0,0.16124563730727323,0.16086426893504732,0.15971451541591575,0.15777864687390716,0.15502427232400806,0.15139916548782462,0.14682164386604757,0.14116225926867138,0.13420620365881875,0.12556566329676225,0.1144289632856496,0.09851093800624255,0.0533642065886546,nan,nan,nan,nan,nan,nan,nan,0.0533642065886546
164760.0,0.16120565165357004,0.1608244415418707,0.15967516370507406,0.1577400911720574,0.15498683853163403,0.15136318907780422,0.14678747634506412,0.14113027930672023,0.13417683776669492,0.12553942868939286,0.11440657411199678,0.09849367761404353,0.05336138728462472,nan,nan,nan,nan,nan,nan,nan,0.05336138728462472
164820.0,0.1611657010380163,0.16078464902668854,0.15963584639158238,0.157701569065725,0.1549494372100117,0.15132724368700046,0.14675333805714635,0.14109832644161402,0.13414749645479496,0.12551321570338156,0.11438420301873443,0.09847643077414334,0.05335857167873304,nan,nan,nan,nan,nan,nan,nan,0.05335857167873304
164880.0,0.16112578541300387,0.16074489134213304,0.15959656342879364,0.15766308050946243,0.15491206831537005,0.15129132927379546,0.1467192289633093,0.1410664006374911,0.13411817969089931,0.1254870243107348,0.11436184998283878,0.09845919746970895,0.05335575976448507,nan,nan,nan,nan,nan,nan,nan,0.05335575976448507
164940.0,0.16108590473097542,0.16070516844088698,0.15955731477011043,0.15762462545787034,0.15487473180398464,0.15125544579661565,0.14668514902460927,0.14103450185852787,0.13408888744282235,0.12546085448348862,0.11433951498131009,0.09844197768392479,0.05335295153539322,nan,nan,nan,nan,nan,nan,nan,0.05335295153539322
165000.0,0.16104605894450272,0.1606654802757616,0.15951810036906172,0.15758620386567232,0.1548374276322487,0.15121959321399878,0.14665109820220618,0.14100263006899505,0.13405961967846247,0.12543470619375097,0.11431719799120675,0.09842477140001671,0.05335014698499291,nan,nan,nan,nan,nan,nan,nan,0.05335014698499291
165060.0,0.16100624800623556,0.16062582679964563,0.15947892017925278,0.15754781568766602,0.1548001557566267,0.15118377148455003,0.14661707645732283,0.14097078523322107,0.13403037636576948,0.125408579413674,0.11429489898962314,0.09840757860123642,0.05334734610683205,nan,nan,nan,nan,nan,nan,nan,0.05334734610683205
165120.0,0.16096647186890742,0.16058620796551115,0.15943977415437058,0.15750946087872858,0.15476291613365967,0.15114798056694706,0.14658308375124962,0.140938967315596,0.13400115747274807,0.12538247411545717,0.11427261795369197,0.09839039927086306,0.05334454889447221,nan,nan,nan,nan,nan,nan,nan,0.05334454889447221
165180.0,0.1609267304853385,0.16054662372641643,0.15940066224818716,0.15747113939381996,0.15472570871996774,0.1511122204199425,0.14654912004534673,0.14090717628057378,0.13397196296745997,0.1253563902713489,0.11425035486058566,0.0983732333922043,0.05334175534148926,nan,nan,nan,nan,nan,nan,nan,0.05334175534148926
165240.0,0.16088702380839942,0.16050707403546985,0.1593615844145237,0.15743285118794778,0.15468853347221723,0.15107649100233286,0.14651518530101548,0.14087541209264595,0.13394279281800045,0.12533032785362677,0.11422810968750045,0.09835608094858514,0.05333896544146656,nan,nan,nan,nan,nan,nan,nan,0.05333896544146656
165300.0,0.16084735179108836,0.16046755884590666,0.1593225406073262,0.1573945962162411,0.1546513903471909,0.1510407922730247,0.14648127947975942,0.1408436747163975,0.13391364699254793,0.12530428683463954,0.1142058824116902,0.09833894192337148,0.0533361791880094,nan,nan,nan,nan,nan,nan,nan,0.0533361791880094
165360.0,0.16080771438648064,0.1604280781110389,0.15928353078061616,0.15735637443390238,0.1546142793017417,0.1510051241909912,0.14644740254314448,0.1408119641164704,0.1338845254593317,0.12527826718677967,0.11418367301044423,0.09832181629995479,0.05333339657473555,nan,nan,nan,nan,nan,nan,nan,0.05333339657473555
165420.0,0.16076811154773432,0.16038863178426088,0.15924455488849604,0.1573181857962126,0.15457720029279856,0.15096948671527738,0.14641355445280324,0.14078028025756747,0.13385542818663515,0.12525226888248642,0.1141614814610898,0.09830470406175375,0.05333061759527635,nan,nan,nan,nan,nan,nan,nan,0.05333061759527635
165480.0,0.1607285432280933,0.16034921981905215,0.1592056128851522,0.15728003025853454,0.15454015327736853,0.15093387980500222,0.14637973517043745,0.14074862310445493,0.13382635514279834,0.12522629189424755,0.11413930774099353,0.09828760519221529,0.05332784224327726,nan,nan,nan,nan,nan,nan,nan,0.05332784224327726
165540.0,0.16068900938085134,0.160309842168942,0.15916670472481978,0.15724190777627844,0.1545031382125044,0.15089830341932836,0.14634594465778958,0.1407169926219361,0.1337973062961945,0.1252003361945796,0.11411715182754559,0.09827051967480327,0.0533250705123913,nan,nan,nan,nan,nan,nan,nan,0.0533250705123913
165600.0,0.16064950995942823,0.1602704987875851,0.1591278303618573,0.1572038183049743,0.15446615505537387,0.1508627575175269,0.14631218287670308,0.1406853887749067,0.1337682816152789,0.1251744017560695,0.1140950136981931,0.09825344749302234,0.05332230239629294,nan,nan,nan,nan,nan,nan,nan,0.05332230239629294
165660.0,0.16061004491732017,0.1602311896287119,0.15908898975069788,0.1571657618002248,0.15442920376321462,0.15082724205893525,0.14627844978908322,0.14065381152831874,0.1337392810685573,0.12514848855134747,0.11407289333041831,0.09823638863040224,0.053319537888669055,nan,nan,nan,nan,nan,nan,nan,0.053319537888669055
165720.0,0.16057061420810512,0.1601919146461344,0.1590501828458547,0.15712773821771042,0.15439228429333873,0.15079175700296146,0.14624474535690107,0.14062226084718463,0.133710304624589,0.1251225965530901,0.11405079070174104,0.09821934307049973,0.0533167769832199,nan,nan,nan,nan,nan,nan,nan,0.0533167769832199
165780.0,0.16053121778544593,0.16015267379374878,0.159011409601924,0.15708974751319232,0.15435539660313607,0.1507563023090871,0.14621106954219626,0.1405907366965793,0.13368135225198918,0.12509672573402175,0.11402870578971999,0.09820231079689945,0.05331401967365968,nan,nan,nan,nan,nan,nan,nan,0.05331401967365968
165840.0,0.16049185560305476,0.16011346702550058,0.15897266997355036,0.15705178964247882,0.15431854065004164,0.1507208779368366,0.14617742230704853,0.1405592390416145,0.13365242391940607,0.12507087606689546,0.1140066385719372,0.09818529179320287,0.053311265953709566,nan,nan,nan,nan,nan,nan,nan,0.053311265953709566
165900.0,0.16045252761476844,0.16007429429545902,0.1589339639155001,0.1570138645614965,0.15428171639160398,0.15068548384584202,0.14614380361363766,0.14052776784749327,0.1336235195955689,0.12504504752453383,0.11398458902603105,0.09816828604305172,0.05330851581711249,nan,nan,nan,nan,nan,nan,nan,0.05330851581711249
165960.0,0.1604132337744993,0.1600351555577686,0.15889529138261355,0.15697597222624388,0.15424492378544086,0.15065011999580058,0.14611021342420438,0.14049632307947452,0.13359463924925682,0.12501924007980225,0.11396255712967465,0.09815129353011268,0.05330576925762349,nan,nan,nan,nan,nan,nan,nan,0.05330576925762349
166020.0,0.16037397403624049,0.1599960507666542,0.1588566523298101,0.15693811259279639,0.15420816278924374,0.15061478634647973,0.14607665170105477,0.1404649047028766,0.13356578284930204,0.12499345370561198,0.11394054286057834,0.09813431423807907,0.053303026269010775,nan,nan,nan,nan,nan,nan,nan,0.053303026269010775
166080.0,0.16033474835406925,0.15995697987642415,0.15881804671209127,0.1569002856173093,0.1541714333607808,0.1505794828577194,0.14604311840656245,0.14043351268307996,0.13353695036459204,0.12496768837492163,0.1139185461964909,0.09811734815067184,0.0533002868450563,nan,nan,nan,nan,nan,nan,nan,0.0533002868450563
166140.0,0.16029555668211157,0.1599179428414355,0.15877947448450638,0.15686249125598456,0.15413473545786516,0.15054420948940211,0.1460096135031409,0.1404021469855014,0.13350814176404685,0.1249419440607182,0.11389656711518423,0.09810039525162881,0.0532975509795488,nan,nan,nan,nan,nan,nan,nan,0.0532975509795488
166200.0,0.16025639897461663,0.1598789396161677,0.1587409356022253,0.15682472946514098,0.15409806903842205,0.15050896620151655,0.14597613695330247,0.14037080757564802,0.1334793570166669,0.12491622073605736,0.11387460559448596,0.09808345552472732,0.053294818666298586,nan,nan,nan,nan,nan,nan,nan,0.053294818666298586
166260.0,0.16021727518590834,0.1598399701551745,0.1587024300204909,0.15678700020116862,0.15406143406044515,0.15047375295411625,0.14594268871961985,0.1403394944190821,0.13345059609150173,0.12489051837403733,0.11385266161225807,0.09806652895376958,0.05329208989912791,nan,nan,nan,nan,nan,nan,nan,0.05329208989912791
166320.0,0.16017818527039054,0.15980103441308927,0.1586639576946243,0.15674930342053348,0.15402483048200105,0.15043856970732378,0.14590926876473026,0.14030820748142486,0.13342185895765357,0.12486483694780146,0.11383073514639937,0.0980496155225841,0.05328936467187199,nan,nan,nan,nan,nan,nan,nan,0.05328936467187199
166380.0,0.16013912918255013,0.15976213234462777,0.15862551858002788,0.15671163907978058,0.15398825826123225,0.15040341642133365,0.14587587705133778,0.14027694672835878,0.13339314558427912,0.12483917643054007,0.11380882617484668,0.09803271521502678,0.0532866429783796,nan,nan,nan,nan,nan,nan,nan,0.0532866429783796
166440.0,0.16010010687692247,0.15972326390455416,0.15858711263215133,0.1566740071355012,0.15395171735632568,0.15036829305638255,0.14584251354218605,0.14024571212560252,0.13336445594056753,0.1248135367954716,0.11378693467555986,0.0980158280149701,0.05328392481250714,nan,nan,nan,nan,nan,nan,nan,0.05328392481250714
166500.0,0.16006111830816452,0.15968442904775343,0.15854873980656348,0.15663640754440206,0.15391520772557918,0.150333199572812,0.14580917820011638,0.14021450363896382,0.13333578999578727,0.12478791801588243,0.11376506062655369,0.0979989539063258,0.05328121016813126,nan,nan,nan,nan,nan,nan,nan,0.05328121016813126
166560.0,0.1600221634310072,0.15964562772918425,0.15851040005890538,0.15659884026326035,0.1538787293273582,0.1502981359310277,0.14577587098802966,0.14018332123430513,0.13330714771925556,0.12476232006510096,0.11374320400587709,0.09798209287303017,0.05327849903914063,nan,nan,nan,nan,nan,nan,nan,0.05327849903914063
166620.0,0.15998324220026053,0.15960685990388374,0.15847209334489545,0.15656130524892847,0.1538422821201004,0.15026310209150373,0.14574259186889074,0.14015216487754728,0.1332785290803416,0.12473674291650026,0.11372136479161538,0.09796524489904551,0.05327579141943681,nan,nan,nan,nan,nan,nan,nan,0.05327579141943681
166680.0,0.15994435457081663,0.15956812552697092,0.1584338196203325,0.15652380245833694,0.1538058660623185,0.1502280980147852,0.14570934080573067,0.14012103453467145,0.13324993404846852,0.12471118654349998,0.11369954296189146,0.09794840996836124,0.05327308730293477,nan,nan,nan,nan,nan,nan,nan,0.05327308730293477
166740.0,0.15990550049761557,0.15952942455361233,0.15839557884106228,0.1564863318484619,0.15376948111256916,0.150193123661459,0.1456761177616195,0.1400899301716949,0.1332213625930917,0.12468565091954745,0.11367773849485104,0.09793158806498314,0.0532703866835564,nan,nan,nan,nan,nan,nan,nan,0.0532703866835564
166800.0,0.1598666799357177,0.15949075693909417,0.15835737096304814,0.1564488933763939,0.1537331272295187,0.1501581789922158,0.1456429226997239,0.14005885175472294,0.13319281468374483,0.12466013601815723,0.11365595136869422,0.09791477917295587,0.053267689555244295,nan,nan,nan,nan,nan,nan,nan,0.053267689555244295
166860.0,0.15982789284025647,0.15945212263877542,0.15831919594232494,0.15641148699929303,0.1536968043719003,0.15012326396780956,0.1456097555832696,0.14002779924991482,0.13316429029000978,0.1246346418128855,0.11363418156165483,0.09789798327634837,0.053264995911952745,nan,nan,nan,nan,nan,nan,nan,0.053264995911952745
166920.0,0.15978913916644358,0.15941352160809277,0.15828105373500406,0.15637411267439374,0.15366051249851864,0.150088378549062,0.14557661637554542,0.13999677262348764,0.13313578938152,0.12460916827733273,0.1136124290520027,0.0978812003592554,0.053262305747648724,nan,nan,nan,nan,nan,nan,nan,0.053262305747648724
166980.0,0.1597504188695719,0.15937495380256372,0.15824294429727642,0.15633677035900775,0.1536242515682525,0.150053522696865,0.1455435050399058,0.13996577184171832,0.13310731192796216,0.12458371538514523,0.1135906938180449,0.09786443040579845,0.05325961905631246,nan,nan,nan,nan,nan,nan,nan,0.05325961905631246
167040.0,0.15971173190498178,0.15933641917775307,0.15820486758537936,0.15629946001049216,0.15358802154002432,0.15001869637215198,0.1455104215397437,0.13993479687091936,0.133078857899055,0.12455828310999693,0.11356897583811114,0.09784767340011545,0.053256935831930564,nan,nan,nan,nan,nan,nan,nan,0.053256935831930564
167100.0,0.1596730782281325,0.1592979176893437,0.15816682355566647,0.15626218158631694,0.1535518223728649,0.1499838995359588,0.14547736583854765,0.13990384767749034,0.13305042726459454,0.12453287142562827,0.1135472750905848,0.09783092932638254,0.05325425606851054,nan,nan,nan,nan,nan,nan,nan,0.05325425606851054
167160.0,0.15963445779455562,0.1592594492930905,0.15812881216456204,0.15622493504402082,0.1535156540258711,0.14994913214938393,0.1454443378998646,0.13987292422788425,0.1330220199944246,0.12450748030582072,0.11352559155388268,0.09781419816880005,0.053251579760071374,nan,nan,nan,nan,nan,nan,nan,0.053251579760071374
167220.0,0.1595958705598601,0.15922101394482538,0.15809083336856627,0.15618772034121628,0.1534795164582106,0.14991439417359298,0.145411337687304,0.13984202648861127,0.13299363605843992,0.12448210972439958,0.11350392520645725,0.09779747991159371,0.05324890690064449,nan,nan,nan,nan,nan,nan,nan,0.05324890690064449
167280.0,0.15955731647973517,0.15918261160045993,0.1580528871242577,0.1561505374355921,0.15344340962912434,0.14987968556982087,0.14537836516453997,0.1398111544262408,0.13296527542658804,0.12445675965523566,0.11348227602679782,0.09778077453901585,0.05324623748427439,nan,nan,nan,nan,nan,nan,nan,0.05324623748427439
167340.0,0.15951879550991718,0.1591442422159528,0.15801497338826104,0.15611338628488197,0.15340733349789648,0.14984500629934366,0.14534542029528505,0.13978030800737745,0.1329369380688481,0.12443143007222701,0.11346064399341607,0.09776408203533495,0.053243571505012806,nan,nan,nan,nan,nan,nan,nan,0.053243571505012806
167400.0,0.15948030760625986,0.1591059057473793,0.1579770921173158,0.15607626684693116,0.15337128802391825,0.14981035632353873,0.14531250304334611,0.13974948719871186,0.13290862395527578,0.12440612094933745,0.11343902908487681,0.09774740238485743,0.05324090895693105,nan,nan,nan,nan,nan,nan,nan,0.05324090895693105
167460.0,0.15944185272468858,0.1590676021508859,0.1579392432682317,0.1560391790796531,0.1533352731666464,0.14977573560384538,0.14527961337258785,0.13971869196698763,0.1328803330559739,0.12438083226057142,0.11341743127977796,0.09773073557191359,0.05323824983411197,nan,nan,nan,nan,nan,nan,nan,0.05323824983411197
167520.0,0.1594034308212052,0.1590293313826952,0.1579014267978931,0.15600212294103394,0.15329928888560754,0.14974114410176925,0.14524675124693676,0.1396879222790049,0.13285206534109584,0.1243555639799768,0.11339585055675266,0.09771408158085886,0.05323559413065082,nan,nan,nan,nan,nan,nan,nan,0.05323559413065082
167580.0,0.15936504185189096,0.1589910933991089,0.15786364266326217,0.15596509838913555,0.15326333514040083,0.14970658177888474,0.14521391663038338,0.13965717810162237,0.13282382078084712,0.12433031608164635,0.11337428689447052,0.097697440396075,0.05323294184065576,nan,nan,nan,nan,nan,nan,nan,0.05323294184065576
167640.0,0.1593266857728738,0.15895288815647493,0.15782589082134674,0.155928105382064,0.15322741189066824,0.14967204859680672,0.14518110948695634,0.13962645940173354,0.1327955993454646,0.12430508853969996,0.11335274027162336,0.09768081200195974,0.053230292958241755,nan,nan,nan,nan,nan,nan,nan,0.053230292958241755
167700.0,0.1592883625403977,0.15891471561125672,0.1577881712292681,0.15589114387803593,0.15319151909615758,0.1496375445172504,0.14514832978077727,0.1395957661463172,0.13276740100526072,0.1242798813283224,0.11333121066695549,0.0976641963829484,0.053227647477543515,nan,nan,nan,nan,nan,nan,nan,0.053227647477543515
167760.0,0.1592500721107774,0.15887657571998814,0.15775048384421692,0.1558542138353352,0.1531556567166814,0.1496030695019922,0.14511557747602533,0.13956509830240424,0.13273922573059477,0.12425469442173884,0.11330969805924404,0.09764759352349983,0.05322500539270704,nan,nan,nan,nan,nan,nan,nan,0.05322500539270704
167820.0,0.15921181444040344,0.15883846843927832,0.1577128286234578,0.1558173152123178,0.1531198247121215,0.14956862351287423,0.14508285253694062,0.13953445583708174,0.13271107349187583,0.12422952779421724,0.11328820242730092,0.09763100340809792,0.05322236669789056,nan,nan,nan,nan,nan,nan,nan,0.05322236669789056
167880.0,0.1591735894857448,0.1588003937258145,0.1576752055243323,0.15578044796741425,0.1530840230424313,0.14953420651180643,0.1450501549278267,0.13950383871749458,0.13268294425956478,0.12420438142007009,0.11326672374997424,0.09761442602125249,0.053219731387265046,nan,nan,nan,nan,nan,nan,nan,0.053219731387265046
167940.0,0.15913539720331674,0.15876235153632987,0.15763761450422709,0.15574361205909937,0.15304825166760672,0.14949981846073906,0.14501748461302466,0.13947324691082216,0.13265483800415329,0.12417925527363669,0.11324526200613402,0.09759786134748923,0.053217099455007875,nan,nan,nan,nan,nan,nan,nan,0.053217099455007875
168000.0,0.1590972375497491,0.1587243418276717,0.15760005552064116,0.1557068074459568,0.1530125105477482,0.1494654593217214,0.1449848415569679,0.1394426803843281,0.13262675469620805,0.12415414932932059,0.11322381717470223,0.097581309371371,0.05321447089531626,nan,nan,nan,nan,nan,nan,nan,0.05321447089531626
168060.0,0.15905911048174196,0.158686364556757,0.15756252853114194,0.155670034086637,0.15297679964302033,0.1494311290568634,0.14495222572414637,0.13941213910532785,0.13259869430634189,0.12412906356156515,0.1132023892346333,0.09756477007748396,0.0532118457023985,nan,nan,nan,nan,nan,nan,nan,0.0532118457023985
168120.0,0.1590210159560701,0.15864841968057722,0.15752503349337013,0.15563329193986153,0.15294111891365614,0.14939682762833983,0.14491963707911049,0.13938162304119206,0.132570656805217,0.12410399794485624,0.11318097816491612,0.09754824345043905,0.053209223870474914,nan,nan,nan,nan,nan,nan,nan,0.053209223870474914
168180.0,0.1589829539295861,0.15861050715620095,0.15748757036504252,0.15559658096442597,0.15290546831995955,0.14936255499839282,0.1448870755864734,0.13935113215934883,0.13254264216354678,0.12407895245372373,0.11315958394457538,0.09753172947487286,0.05320660539377842,nan,nan,nan,nan,nan,nan,nan,0.05320660539377842
168240.0,0.15894492435918822,0.15857262694074248,0.15745013910392058,0.15555990111916942,0.15286984782227653,0.14932831112930423,0.14485454121088548,0.13932066642726038,0.13251465035207516,0.12405392706272403,0.11313820655265744,0.09751522813543784,0.05320399026654836,nan,nan,nan,nan,nan,nan,nan,0.05320399026654836
168300.0,0.15890692720188815,0.15853477899142876,0.15741273966787672,0.15552325236303885,0.15283425738105644,0.14929409598345378,0.1448220339170883,0.13929022581247225,0.1324866813416202,0.12402892174647712,0.11311684596826015,0.09749873941682306,0.05320137848304352,nan,nan,nan,nan,nan,nan,nan,0.05320137848304352
168360.0,0.1588689624147669,0.1584969632655557,0.15737537201485122,0.15548663465504717,0.15279869695681209,0.1492599095232814,0.1447895536698794,0.1392598102825811,0.1324587351030457,0.12400393647964236,0.11309550217051335,0.09748226330374071,0.05319877003753367,nan,nan,nan,nan,nan,nan,nan,0.05319877003753367
168420.0,0.15883102995497944,0.15845917972049284,0.15733803610285674,0.1554500479542777,0.1527631665101238,0.14922575171129104,0.1447571004341162,0.13922941980523842,0.13243081160726428,0.12397897123692117,0.1130741751385811,0.09746579978092748,0.05319616492430044,nan,nan,nan,nan,nan,nan,nan,0.05319616492430044
168480.0,0.15879312977975774,0.15842142831368622,0.15730073188998112,0.1554134922198869,0.15272766600164236,0.14919162251005325,0.14472467417471807,0.1391990543481524,0.13240291082523914,0.12395402599305852,0.1130528648516628,0.09744934883314549,0.05319356313763788,nan,nan,nan,nan,nan,nan,nan,0.05319356313763788
168540.0,0.15875526184637895,0.1583837090026268,0.15726345933435665,0.15537696741107443,0.15269219539205992,0.14915752188217796,0.14469227485664135,0.1391687138790651,0.13237503272796383,0.12392910072282565,0.11303157128897938,0.09743291044517244,0.05319096467184702,nan,nan,nan,nan,nan,nan,nan,0.05319096467184702
168600.0,0.15871742611223238,0.1583460217449172,0.15722621839422513,0.15534047348714652,0.152656754642171,0.1491234497903719,0.14465990244493246,0.13913839836580083,0.13234717728650514,0.12390419540105665,0.11301029442980264,0.0974164846018224,0.05318836952124739,nan,nan,nan,nan,nan,nan,nan,0.05318836952124739
168660.0,0.15867962253477583,0.1583083664982281,0.1571890090278955,0.1553040104074746,0.1526213437128327,0.14908940619740135,0.14462755690469326,0.13910810777623467,0.13231934447197516,0.1238793100026247,0.11298903425343612,0.09740007128793227,0.053185777680169515,nan,nan,nan,nan,nan,nan,nan,0.053185777680169515
168720.0,0.15864185107154044,0.1582707432203031,0.15715183119374843,0.15526757813149988,0.15258596256496926,0.14905539106609578,0.14459523820108483,0.13907784207829582,0.13229153425553422,0.12385444450244443,0.11296779073921714,0.09738367048836324,0.05318318914295571,nan,nan,nan,nan,nan,nan,nan,0.05318318914295571
168780.0,0.15860411168013333,0.1582331518689614,0.15711468485023894,0.1552311766187358,0.1525506111595742,0.1490214043593508,0.14456294629932956,0.13904760123996962,0.13226374660839274,0.1238295988754737,0.1129465638665181,0.09736728218800161,0.053180603903960566,nan,nan,nan,nan,nan,nan,nan,0.053180603903960566
168840.0,0.15856640431820643,0.1581955924020667,0.1570775699558658,0.15519480582873862,0.15251528945768236,0.14898744604010078,0.1445306811646864,0.13901738522927487,0.13223598150179128,0.12380477309669631,0.1129253536147326,0.09735090637174917,0.05317802195754486,nan,nan,nan,nan,nan,nan,nan,0.05317802195754486
168900.0,0.15852872894352257,0.15815806477759314,0.1570404864692365,0.15515846572116995,0.1524799974204295,0.14895351607137602,0.14449844276250345,0.13898719401431192,0.1322082389070427,0.1237799671411583,0.11290415996330466,0.09733454302454368,0.053175443298088446,nan,nan,nan,nan,nan,nan,nan,0.053175443298088446
168960.0,0.15849108551391236,0.15812056895358215,0.15700343434902458,0.15512215625575598,0.15244473500901362,0.14891961441626544,0.14446623105818357,0.1389570275632311,0.13218051879550474,0.12375518098394425,0.11288298289170967,0.09731819213134545,0.05317286791998186,nan,nan,nan,nan,nan,nan,nan,0.05317286791998186
169020.0,0.15845347398727885,0.1580831048881473,0.15696641355397467,0.15508587739229177,0.15240950218469873,0.1488857410379209,0.14443404601718823,0.13892688584423646,0.13215282113858287,0.12373041460017994,0.11286182237945647,0.09730185367713887,0.0531702958176272,nan,nan,nan,nan,nan,nan,nan,0.0531702958176272
169080.0,0.15841589432160033,0.1580456725394769,0.15692942404290486,0.15504962909064396,0.15237429890881776,0.1488518958995592,0.14440188760503964,0.13889676882558752,0.13212514590773214,0.12370566796503378,0.11284067840608855,0.09728552764693321,0.053167726985438694,nan,nan,nan,nan,nan,nan,nan,0.053167726985438694
169140.0,0.1583783464748995,0.1580082718658035,0.1568924657746768,0.15501341131072155,0.15233912514274434,0.14881807896443588,0.1443697557872962,0.138866676475577,0.13209749307443738,0.12368094105369999,0.11281955095117055,0.09726921402575311,0.05316516141783675,nan,nan,nan,nan,nan,nan,nan,0.05316516141783675
169200.0,0.15834083040530858,0.1579709028254686,0.1568555387082593,0.15497722401253772,0.15230398084795196,0.14878429019590123,0.14433765052960426,0.13883660876257808,0.132069862610255,0.12365623384143427,0.11279843999431681,0.09725291279865875,0.05316259910926052,nan,nan,nan,nan,nan,nan,nan,0.05316259910926052
169260.0,0.15830334607102695,0.15793356537688036,0.1568186428026868,0.1549410671561695,0.15226886598597555,0.1487505295573635,0.14430557179766465,0.13880656565501373,0.1320422544867858,0.1236315463035305,0.11277734551517285,0.09723662395073264,0.05316004005415971,nan,nan,nan,nan,nan,nan,nan,0.05316004005415971
169320.0,0.1582658934303256,0.1578962594785184,0.15678177801706383,0.15490494070176208,0.15223378051841566,0.14871679701229323,0.14427351955723605,0.13877654712135973,0.13201466867567782,0.12360687841532329,0.11275626749341723,0.09722034746708114,0.053157484246995436,nan,nan,nan,nan,nan,nan,nan,0.053157484246995436
169380.0,0.15822847244154997,0.15785898508893614,0.1567449443105678,0.1548688446095315,0.15219872440694066,0.14868309252422518,0.14424149377413714,0.1387465531301469,0.1319871051486281,0.1235822301521895,0.11273520590876283,0.09720408333283526,0.0531549316822408,nan,nan,nan,nan,nan,nan,nan,0.0531549316822408
169440.0,0.1581910830630895,0.1578217421667308,0.1567081416424191,0.15483277883973562,0.15216369761325937,0.14864941605673265,0.14420949441422254,0.13871658364993894,0.13195956387736327,0.12355760148953149,0.11271416074094344,0.09718783153314112,0.053152382354375416,nan,nan,nan,nan,nan,nan,nan,0.053152382354375416
169500.0,0.15815372525344185,0.15778453067060744,0.15667136997194414,0.15479674335273552,0.15212870009917945,0.1486157675734823,0.14417752144343396,0.1386866386493792,0.13193204483368068,0.12353299240281244,0.11269313196974215,0.09717159205318009,0.05314983625789691,nan,nan,nan,nan,nan,nan,nan,0.05314983625789691
169560.0,0.15811639897117113,0.15774735055933706,0.15663462925853425,0.15476073810895513,0.15209373182656927,0.1485821470381985,0.14414557482776677,0.13865671809716001,0.1319045479894216,0.12350840286753337,0.1126721195749727,0.09715536487815571,0.05314729338731346,nan,nan,nan,nan,nan,nan,nan,0.05314729338731346
169620.0,0.15807910417491236,0.15771020179176115,0.15659791946165005,0.15472476306888616,0.15205879275736198,0.14854855441466686,0.14411365453327363,0.1386268219620263,0.13187707331647408,0.12348383285923556,0.11265112353648166,0.09713914999329502,0.05314475373714457,nan,nan,nan,nan,nan,nan,nan,0.05314475373714457
169680.0,0.15804184082337416,0.15767308432679444,0.15656124054082435,0.15468881819309016,0.15202388285355806,0.14851498966673687,0.14408176052606675,0.13859695021277726,0.1318496207867747,0.12345928235350209,0.11263014383414958,0.0971229473838495,0.053142217301921556,nan,nan,nan,nan,nan,nan,nan,0.053142217301921556
169740.0,0.15800460887530862,0.15763599812339496,0.15652459245563247,0.15465290344217025,0.15198900207719787,0.14848145275829602,0.14404989277229377,0.13856710281824475,0.13182219037228926,0.12343475132594134,0.11260918044787774,0.09710675703508556,0.05313968407618203,nan,nan,nan,nan,nan,nan,nan,0.05313968407618203
169800.0,0.15796740828957506,0.1575989431406273,0.15648797516575452,0.15461701877683137,0.15195415039041957,0.14844794365332414,0.14401805123818845,0.1385372797473392,0.13179478204505352,0.1234102397522218,0.11258823335761599,0.09709057893230458,0.0531371540544816,nan,nan,nan,nan,nan,nan,nan,0.0531371540544816
169860.0,0.1579302390250983,0.1575619193376213,0.15645138863093488,0.154581164157841,0.15191932775542139,0.14841446231585814,0.14398623589003767,0.1385074809690198,0.13176739577714677,0.12338574760804946,0.11256730254334482,0.09707441306082974,0.05313462723138619,nan,nan,nan,nan,nan,nan,nan,0.05313462723138619
169920.0,0.1578931010408735,0.1575249266735766,0.15641483281098656,0.1545453395460334,0.15188453413446562,0.1483810087099956,0.14395444669418517,0.13847770645229748,0.13174003154069452,0.1233612748691701,0.11254638798507696,0.09705825940600762,0.05313210360147295,nan,nan,nan,nan,nan,nan,nan,0.05313210360147295
169980.0,0.15785599429596847,0.15748796510776522,0.15637830766579375,0.15450954490231192,0.15184976948988116,0.14834758279989724,0.1439226836170332,0.13844795616623706,0.13171268930787028,0.12333682151137092,0.11252548966285894,0.09704211795320894,0.05312958315933067,nan,nan,nan,nan,nan,nan,nan,0.05312958315933067
170040.0,0.15781891874949416,0.15745103459950222,0.15634181315528298,0.15447378018762126,0.15181503378403655,0.1483141845497613,0.14389094662501944,0.1384182300799357,0.13168536905087658,0.12331238751046412,0.11250460755675766,0.09702598868781927,0.053127065899554106,nan,nan,nan,nan,nan,nan,nan,0.053127065899554106
170100.0,0.15778187436066754,0.15741413510820776,0.15630534923948425,0.1544380453630067,0.15178032697939672,0.1482808139238776,0.14385923568466671,0.1383885281625682,0.13165807074198518,0.12328797284232149,0.1124837416468883,0.09700987159525867,0.05312455181675607,nan,nan,nan,nan,nan,nan,nan,0.05312455181675607
170160.0,0.1577448610887704,0.15737726659336673,0.15626891587849118,0.15440234038957537,0.15174564903848634,0.14824747088659215,0.14382755076255027,0.13835885038335757,0.13163079435351074,0.12326357748285169,0.1124628919133961,0.0969937666609689,0.05312204090555951,nan,nan,nan,nan,nan,nan,nan,0.05312204090555951
170220.0,0.15770787889315396,0.15734042901453307,0.15623251303246527,0.15436666522850043,0.15171099992389325,0.1482141554023112,0.14379589182530159,0.1383291967115782,0.13160353985781384,0.12323920140800301,0.11244205833645851,0.09697767387041478,0.05311953316059842,nan,nan,nan,nan,nan,nan,nan,0.05311953316059842
170280.0,0.1576709277332415,0.15730362233133227,0.15619614066163856,0.15433101984102354,0.1516763795982714,0.1481808674355033,0.1437642588396103,0.13829956711655764,0.13157630722730243,0.12321484459376458,0.11242124089628608,0.09696159320908507,0.05311702857651829,nan,nan,nan,nan,nan,nan,nan,0.05311702857651829
170340.0,0.15763400756849905,0.15726684650343237,0.15615979872628477,0.15429540418842722,0.15164178802431372,0.14814760695067433,0.14373265177220085,0.13826996156765547,0.1315490964344133,0.1231905070161504,0.11240043957310986,0.09694552466248332,0.053114527147970686,nan,nan,nan,nan,nan,nan,nan,0.053114527147970686
170400.0,0.15759711835849718,0.15723010149060554,0.1561234871867802,0.15425981823209337,0.15160722516480873,0.14811437391242055,0.143701070589882,0.13824038003430816,0.13152190745165157,0.12316618865123327,0.11237965434720848,0.09692946821614715,0.05311202886962478,nan,nan,nan,nan,nan,nan,nan,0.05311202886962478
170460.0,0.15756026006287088,0.15719338725268783,0.1560872060035639,0.15422426193346517,0.15157269098260384,0.14808116828539394,0.14366951525951438,0.1382108224859998,0.13149474025156502,0.12314188947512264,0.1123588851988904,0.09691342385563559,0.05310953373615982,nan,nan,nan,nan,nan,nan,nan,0.05310953373615982
170520.0,0.15752343264132374,0.1571567037495836,0.15605095513714218,0.15418873525405108,0.1515381854406092,0.14804799003430605,0.14363798574801423,0.13818128889226539,0.1314675948067467,0.12311760946396705,0.1123381321084959,0.09689739156653067,0.053107041742265944,nan,nan,nan,nan,nan,nan,nan,0.053107041742265944
170580.0,0.15748663605363059,0.15712005094126807,0.156014734548091,0.15415323815542747,0.1515037085018,0.14801483912393004,0.14360648202235535,0.1381517792226924,0.13144047108983664,0.12309334859395553,0.11231739505639811,0.09688137133443793,0.053104552882644665,nan,nan,nan,nan,nan,nan,nan,0.053104552882644665
170640.0,0.1574498702596086,0.15708342878775855,0.15597854419702792,0.15411777059921095,0.1514692601291904,0.14798171551907618,0.14357500404954604,0.13812229344690016,0.13141336907350343,0.12306910684130173,0.1122966740229904,0.09686536314497758,0.05310206715200378,nan,nan,nan,nan,nan,nan,nan,0.05310206715200378
170700.0,0.15741313521917843,0.15704683724917531,0.15594238404467148,0.15408233254711656,0.15143484028588894,0.14794861918464397,0.1435435517966779,0.13809283153458404,0.13138628873048314,0.12304488418227745,0.1122759689887132,0.09684936698380359,0.05309958454506815,nan,nan,nan,nan,nan,nan,nan,0.05309958454506815
170760.0,0.1573764308923243,0.15701027628570177,0.15590625405180267,0.15404692396091996,0.15140044893506238,0.14791555008558802,0.14351212523089393,0.1380633934554865,0.13135923003355415,0.1230206805931908,0.11225527993403656,0.09683338283659122,0.05309710505657264,nan,nan,nan,nan,nan,nan,nan,0.05309710505657264
170820.0,0.15733975723909846,0.15697374585758914,0.15587015417926886,0.1540115448024613,0.15136608603993956,0.147882508186922,0.1434807243193922,0.13803397917940022,0.13133219295553966,0.12299649605038855,0.11223460683946186,0.09681741068903829,0.05309462868126295,nan,nan,nan,nan,nan,nan,nan,0.05309462868126295
170880.0,0.15730311421962348,0.1569372459251584,0.15583408438798635,0.15397619503364796,0.1513317515638138,0.1478494934537205,0.1434493490294276,0.1380045886761701,0.13130517746930934,0.1229723305302575,0.11221394968552323,0.09680145052686612,0.053092155413895975,nan,nan,nan,nan,nan,nan,nan,0.053092155413895975
170940.0,0.15726650179406404,0.1569007764487726,0.15579804463891256,0.15394087461642725,0.15129744547001686,0.14781650585109474,0.1434179993282893,0.1379752219156724,0.131278183547761,0.12294818400920896,0.11219330845277461,0.09678550233581046,0.05308968524923434,nan,nan,nan,nan,nan,nan,nan,0.05308968524923434
171000.0,0.15722991992268695,0.15686433738889627,0.15576203489310497,0.15390558351284372,0.15126316772197385,0.14778354534424432,0.1433866751833488,0.13794587886785858,0.13125121116385946,0.12292405646371159,0.11217268312181668,0.09676956610164046,0.053087218182058075,nan,nan,nan,nan,nan,nan,nan,0.053087218182058075
171060.0,0.15719336856582206,0.15682792870605666,0.15572605511168264,0.15387032168500187,0.15122891828316762,0.14775061189842342,0.1433553765620285,0.1379165595027268,0.13122426029061127,0.12289994787027016,0.11215207367327927,0.09675364181014634,0.053084754207157005,nan,nan,nan,nan,nan,nan,nan,0.053084754207157005
171120.0,0.15715684768386642,0.15679155036084783,0.15569010525583032,0.15383508909507015,0.15119469711714223,0.14771770547894447,0.14332410343180518,0.13788726379032493,0.13119733090106722,0.1228758582054276,0.11213148008782345,0.09673772944714074,0.05308229331933154,nan,nan,nan,nan,nan,nan,nan,0.05308229331933154
171180.0,0.1571203572372868,0.15675520231393317,0.15565418528680117,0.15379988570528338,0.15116050418750576,0.1476848260511803,0.14329285576021206,0.1378579917007523,0.1311704229683243,0.12285178744576651,0.11211090234614243,0.09672182899845938,0.053079835513393195,nan,nan,nan,nan,nan,nan,nan,0.053079835513393195
171240.0,0.15708389718659144,0.1567188845260174,0.15561829516588885,0.15376471147791604,0.15112633945790424,0.14765197358054,0.1432616335148161,0.13782874320413957,0.1311435364655073,0.1228277355678937,0.1120903404289493,0.09670594044995252,0.05307738078415942,nan,nan,nan,nan,nan,nan,nan,0.05307738078415942
171300.0,0.15704746749238982,0.15668259695790593,0.15558243485448603,0.1537295663753387,0.15109220289207603,0.14761914803252002,0.14323043666326574,0.1377995182706916,0.13111667136580724,0.12280370254847281,0.11206979431700323,0.09669006378750332,0.05307492912646451,nan,nan,nan,nan,nan,nan,nan,0.05307492912646451
171360.0,0.15701106811535362,0.15664633957046598,0.15554660431404627,0.1536944503599812,0.15105809445381654,0.1475863493726709,0.14319926517325984,0.1377703168706595,0.13108982764245639,0.12277968836420312,0.11204926399109236,0.09667419899701579,0.0530724805351525,nan,nan,nan,nan,nan,nan,nan,0.0530724805351525
171420.0,0.15697469901622105,0.1566101123246309,0.1555108035060883,0.15365936339433678,0.15102401410698196,0.14755357756660076,0.1431681190125511,0.1377411389743436,0.1310630052687311,0.12275569299182174,0.11202874943203561,0.0966583460644162,0.05307003500507791,nan,nan,nan,nan,nan,nan,nan,0.05307003500507791
171480.0,0.15693836015579932,0.15657391518140273,0.1554750323921983,0.15362430544096425,0.15098996181549154,0.14752083257997745,0.1431369981489479,0.13771198455209524,0.13103620421795298,0.12273171640810504,0.11200825062068387,0.09664250497565366,0.05306759253110623,nan,nan,nan,nan,nan,nan,nan,0.05306759253110623
171540.0,0.1569020514949367,0.1565377481018245,0.15543929093400266,0.1535892764624617,0.15095593754330233,0.14748811437850484,0.1431059025502922,0.1376828535742966,0.13100942446347164,0.12270775858985333,0.1119877675379076,0.09662667571669163,0.0530651531081089,nan,nan,nan,nan,nan,nan,nan,0.0530651531081089
171600.0,0.15686577299458157,0.15650161104703847,0.1554035790932257,0.1535542764215223,0.15092194125446268,0.1474554229279731,0.14307483218450653,0.1376537460114034,0.13098266597870184,0.12268381951392324,0.11196730016462292,0.09661085827352617,0.05306271673097388,nan,nan,nan,nan,nan,nan,nan,0.05306271673097388
171660.0,0.15682952461574384,0.1564655039782484,0.15536789683165197,0.1535193052808978,0.15088797291307726,0.1474227581942259,0.14304378701956327,0.13762466183391708,0.13095592873709938,0.12265989915720654,0.11194684848177461,0.096595052632174,0.0530602833945988,nan,nan,nan,nan,nan,nan,nan,0.0530602833945988
171720.0,0.1567933063194993,0.15642942685672345,0.1553322441111305,0.15348436300340274,0.15085403248331097,0.14739012014316402,0.14301276702348803,0.1375956010123877,0.13092921271216357,0.12263599749663255,0.11192641247033792,0.09657925877867382,0.053057853093891647,nan,nan,nan,nan,nan,nan,nan,0.053057853093891647
171780.0,0.15675711806699189,0.15639337964380054,0.155296620893577,0.1534494495519165,0.15082011992939104,0.14735750874074724,0.1429817721643616,0.13756656351741597,0.13090251787743862,0.12261211450916935,0.1119059921113197,0.09656347669908702,0.05305542582377125,nan,nan,nan,nan,nan,nan,nan,0.05305542582377125
171840.0,0.15672095981940637,0.1563573623008573,0.15526102714094706,0.15341456488935734,0.15078623521558226,0.14732492395297106,0.142950802410298,0.13753754931963308,0.13087584420649628,0.12258825017180884,0.1118855873857463,0.09654770637948915,0.053053001579162117,nan,nan,nan,nan,nan,nan,nan,0.053053001579162117
171900.0,0.15668483153802637,0.15632137478936958,0.15522546281529315,0.15337970897873757,0.15075237830623953,0.14729236574591625,0.1429198577294909,0.13750855838974285,0.13084919167297304,0.12256440446159857,0.11186519827468916,0.096531947805988,0.05305058035500532,nan,nan,nan,nan,nan,nan,nan,0.05305058035500532
171960.0,0.1566487331841965,0.15628541707087393,0.15518992787872726,0.15334488178312755,0.15071854916577365,0.14725983408571663,0.14288893809018338,0.13747959069849444,0.13082256025054578,0.12254057735562085,0.11184482475924803,0.09651620096471189,0.05304816214625138,nan,nan,nan,nan,nan,nan,nan,0.05304816214625138
172020.0,0.15661266471932642,0.15624948910697165,0.15515442229342521,0.15331008326565956,0.15068474775865492,0.14722732893856239,0.1428580434606711,0.13745064621668526,0.13079594991293444,0.12251676883099522,0.111824466820553,0.09650046584181082,0.05304574694786108,nan,nan,nan,nan,nan,nan,nan,0.05304574694786108
172080.0,0.15657662610489337,0.15621359085933112,0.15511894602162873,0.15327531338953024,0.15065097404941535,0.14719485027070228,0.14282717380930443,0.13742172491516252,0.1307693606339036,0.1224929788648796,0.11180412443976528,0.09648474242345734,0.05304333475480587,nan,nan,nan,nan,nan,nan,nan,0.05304333475480587
172140.0,0.1565406173024149,0.156177722289661,0.1550834990256193,0.1532405721179747,0.15061722800262412,0.1471623980484203,0.1427963291044666,0.13739282676480388,0.13074279238724487,0.12246920743445541,0.1117837975980655,0.09646903069583794,0.05304092556206286,nan,nan,nan,nan,nan,nan,nan,0.05304092556206286
172200.0,0.15650463827350639,0.15614188335976714,0.1550480812677738,0.1532058594143209,0.15058350958293953,0.14712997223808483,0.1427655093146196,0.13736395173655883,0.13071624514681407,0.12244545451695918,0.11176348627667884,0.09645333064517114,0.05303851936462546,nan,nan,nan,nan,nan,nan,nan,0.05303851936462546
172260.0,0.1564686889798435,0.15610607403151538,0.15501269271052837,0.15317117524195448,0.15054981875507528,0.14709757280611668,0.14273471440827426,0.1373350998014216,0.13068971888650693,0.12242172008966194,0.11174319045685856,0.09643764225769565,0.053036116157496455,nan,nan,nan,nan,nan,nan,nan,0.053036116157496455
172320.0,0.1564327693831664,0.15607029426683564,0.15497733331638205,0.15313651956432217,0.15051615548380376,0.1470651997189925,0.1427039443539936,0.13730627093043424,0.1306632135802618,0.12239800412987137,0.11172291011988789,0.09642196551967175,0.05303371593568873,nan,nan,nan,nan,nan,nan,nan,0.05303371593568873
172380.0,0.1563968794452819,0.1560345440277243,0.1549420030478993,0.15310189234493443,0.15048251973395865,0.147032852943247,0.14267319912039467,0.13727746509468813,0.1306367292020612,0.12237430661493326,0.1117026452470809,0.09640630041738195,0.053031318694225726,nan,nan,nan,nan,nan,nan,nan,0.053031318694225726
172440.0,0.15636101912803696,0.15599882327621747,0.1549067018676837,0.1530672935473398,0.15044891147041028,0.14700053244544953,0.14264247867612703,0.13724868226530468,0.1306102657259145,0.12235062752221675,0.11168239581977091,0.09639064693712268,0.05302892442813658,nan,nan,nan,nan,nan,nan,nan,0.05302892442813658
172500.0,0.1563251883933751,0.15596313197444747,0.1548714297384335,0.15303272313517877,0.1504153306581172,0.14696823819225313,0.14261178298991833,0.1372199224134765,0.13058382312589445,0.12232696682914533,0.11166216181933528,0.09637500506522197,0.05302653313246641,nan,nan,nan,nan,nan,nan,nan,0.05302653313246641
172560.0,0.15628938720329957,0.155927470084606,0.1548361866229053,0.15299818107214871,0.15038177726209268,0.1469359701503626,0.14258111203054438,0.1371911855104404,0.13055740137611338,0.12230332451317671,0.11164194322717924,0.09635937478802792,0.0530241448022696,nan,nan,nan,nan,nan,nan,nan,0.0530241448022696
172620.0,0.15625361551987746,0.1558918375689481,0.15480097248391805,0.1529636673220076,0.1503482512474082,0.14690372828653814,0.1425504657668326,0.13716247152748048,0.13053100045072588,0.12227970055180501,0.11162174002473763,0.09634375609190994,0.05302175943261054,nan,nan,nan,nan,nan,nan,nan,0.05302175943261054
172680.0,0.15621787330524178,0.1558562343897946,0.15476578728435547,0.1529291818485764,0.15031475257919574,0.14687151256759712,0.14251984416766403,0.13713378043592978,0.13050462032393007,0.12225609492256186,0.11160155219347584,0.09632814896325946,0.05301937701856404,nan,nan,nan,nan,nan,nan,nan,0.05301937701856404
172740.0,0.15618216052156528,0.15582066050950572,0.15473063098714002,0.15289472461571382,0.15028128122262374,0.14683932296039154,0.14248924720195189,0.13710511220715096,0.13047826096995085,0.12223250760300208,0.11158137971487832,0.09631255338848167,0.05301699755521056,nan,nan,nan,nan,nan,nan,nan,0.05301699755521056
172800.0,0.15614647713111623,0.15578511589053676,0.15469550355528763,0.1528602955873694,0.15024783714294776,0.14680715943185602,0.14245867483868646,0.13707646681257715,0.13045192236307576,0.12220893857073441,0.11156122257047309,0.09629696935401307,0.053014621037646335,nan,nan,nan,nan,nan,nan,nan,0.053014621037646335
172860.0,0.1561108230962221,0.1557496004954018,0.15466040495187214,0.15282589472754915,0.15021442030547758,0.14677502194897643,0.14242812704690588,0.13704784422368524,0.13042560447763152,0.1221853878034013,0.11154108074181582,0.09628139684630999,0.053012247460976734,nan,nan,nan,nan,nan,nan,nan,0.053012247460976734
172920.0,0.15607519837927328,0.15571411428667764,0.15462533514002905,0.15279152200031892,0.15018103067558058,0.1467429104787934,0.14239760379569932,0.13701924441199895,0.13039930728798657,0.12216185527868122,0.11152095421049134,0.09626583585184992,0.05300987682031703,nan,nan,nan,nan,nan,nan,nan,0.05300987682031703
172980.0,0.15603960294272562,0.15567865722700608,0.15459029408295788,0.15275717736980687,0.150147668218684,0.14671082498840415,0.14236710505420894,0.1369906673490903,0.1303730307685526,0.12213834097428994,0.11150084295811494,0.09625028635713212,0.05300750911079278,nan,nan,nan,nan,nan,nan,nan,0.05300750911079278
173040.0,0.1560040367490743,0.15564322927906807,0.1545552817438966,0.15272286080017866,0.1501143329002511,0.1466787654449403,0.14233663079160885,0.1369621130065609,0.13034677489376773,0.12211484486796606,0.11148074696632061,0.0962347483486695,0.05300514432753496,nan,nan,nan,nan,nan,nan,nan,0.05300514432753496
173100.0,0.15596849976090887,0.15560783040563844,0.15452029808617562,0.15268857225568974,0.15008102468583145,0.1466467318156151,0.14230618097714928,0.13693358135608177,0.130320539638132,0.12209136693750156,0.11146066621678559,0.09621922181300596,0.053002782465690304,nan,nan,nan,nan,nan,nan,nan,0.053002782465690304
173160.0,0.15593299194087748,0.15557246056955026,0.1544853430731826,0.15265431170065136,0.15004774354102818,0.14661472406769255,0.142275755580128,0.1369050723693675,0.13029432497618437,0.12206790716072179,0.11144060069121435,0.09620370673670503,0.05300042352041455,nan,nan,nan,nan,nan,nan,nan,0.05300042352041455
173220.0,0.1558975132516906,0.15553711973369874,0.15445041666836623,0.15262007909943404,0.15001448943150145,0.14658274216849082,0.1422453545698932,0.13687658601817887,0.130268130882505,0.12204446551548781,0.11142055037134038,0.09618820310635112,0.05299806748687317,nan,nan,nan,nan,nan,nan,nan,0.05299806748687317
173280.0,0.15586206365612343,0.15550180786104326,0.15441551883523857,0.15258587441647,0.14998126232297065,0.14655078608538413,0.14221497791584536,0.13684812227432452,0.1302419573317169,0.12202104197969749,0.11140051523892722,0.09617271090855031,0.05299571436024182,nan,nan,nan,nan,nan,nan,nan,0.05299571436024182
173340.0,0.15582664311699007,0.15546652491458196,0.15438064953734973,0.15255169761622855,0.14994806218119086,0.14651885578578064,0.14218462558741685,0.13681968110964238,0.13021580429846916,0.12199763653127145,0.11138049527575698,0.09615723012992217,0.052993364135701646,nan,nan,nan,nan,nan,nan,nan,0.052993364135701646
173400.0,0.15579125159719803,0.15543127085740607,0.15434580873834125,0.1525175486632678,0.1499148889720025,0.1464869512371694,0.14215429755411524,0.13679126249603907,0.1301896717574723,0.121974249148183,0.11136049046365448,0.09614176075711689,0.052991016808449164,nan,nan,nan,nan,nan,nan,nan,0.052991016808449164
173460.0,0.15575588905971277,0.1553960456526642,0.15431099640191134,0.15248342752220106,0.14988174266129906,0.14645507240708966,0.14212399378549506,0.13676286640546434,0.1301635596834752,0.12195087980843856,0.11134050078447169,0.09612630277680417,0.05298867237368986,nan,nan,nan,nan,nan,nan,nan,0.05298867237368986
173520.0,0.15572055546756144,0.1553608492635665,0.15427621249181867,0.1524493341577004,0.1498486232150303,0.14642321926313412,0.1420937142511608,0.13673449280991357,0.13013746805126764,0.1219275284900799,0.11132052622008912,0.09611085617567433,0.05298633082663882,nan,nan,nan,nan,nan,nan,nan,0.05298633082663882
173580.0,0.15568525078383522,0.1553256816533867,0.15424145697188443,0.15241526853449883,0.14981553059920483,0.14639139177295118,0.14206345892076883,0.13670614168142958,0.13011139683568168,0.12190419517118517,0.1113005667524171,0.09609542094043919,0.0529839921625212,nan,nan,nan,nan,nan,nan,nan,0.0529839921625212
173640.0,0.15564997497166383,0.1552905427854369,0.15420672980596767,0.1523812306173661,0.14978246477986645,0.14635958990422276,0.14203322776400684,0.13667781299208426,0.13008534601157543,0.12188087982985513,0.11128062236338437,0.09607999705782386,0.05298165637656765,nan,nan,nan,nan,nan,nan,nan,0.05298165637656765
173700.0,0.1556147279942694,0.1552554326231212,0.15417203095801782,0.15234722037115989,0.1497494257231434,0.14632781362471076,0.14200302075063717,0.1366495067140173,0.1300593155538675,0.12185758244424258,0.11126069303496199,0.09606458451458381,0.05297932346402393,nan,nan,nan,nan,nan,nan,nan,0.05297932346402393
173760.0,0.15557950981493132,0.1552203511299005,0.15413736039204035,0.1523132377607924,0.14971641339521635,0.14629606290222666,0.14197283785046846,0.13662122281941116,0.13003330543751465,0.1218343029925332,0.11124077874914769,0.09604918329749386,0.05297699342014467,nan,nan,nan,nan,nan,nan,nan,0.05297699342014467
173820.0,0.15554432039699018,0.15518529826929667,0.15410271807210052,0.15227928275123398,0.1496834277623219,0.14626433770463515,0.1419426790333589,0.13659296128049347,0.1300073156375141,0.12181104145294758,0.11122087948796772,0.09603379339334919,0.052974666240193986,nan,nan,nan,nan,nan,nan,nan,0.052974666240193986
173880.0,0.1555091597038497,0.15515027400489437,0.1540681039623256,0.15224535530751537,0.14965046879075464,0.14623263799985572,0.1419125442692179,0.1365647220695389,0.1299813461289049,0.12178779780374238,0.11120099523347768,0.09601841478896629,0.05297234191944597,nan,nan,nan,nan,nan,nan,nan,0.05297234191944597
173940.0,0.15547402769895208,0.15511527830031643,0.15403351802688026,0.15221145539470365,0.1496175364468441,0.14620096375584124,0.14188243352798613,0.13653650515885063,0.12995539688675192,0.12176457202319659,0.11118112596775147,0.0960030474711748,0.052970020453179965,nan,nan,nan,nan,nan,nan,nan,0.052970020453179965
174000.0,0.15543892434583065,0.15508031111927648,0.15399896023001858,0.15217758297795286,0.1495846306970034,0.14616931494062357,0.14185234677967773,0.13650831052079926,0.12992946788617987,0.12174136408964079,0.11116127167290485,0.09598769142683446,0.05296770183669043,nan,nan,nan,nan,nan,nan,nan,0.05296770183669043
174060.0,0.15540384960807552,0.15504537242554456,0.15396443053605002,0.152143738022471,0.1495517515076975,0.14613769152228384,0.14182228399435304,0.13648013812779747,0.12990355910235127,0.12171817398143801,0.11114143233108,0.09597234664282406,0.052965386065280534,nan,nan,nan,nan,nan,nan,nan,0.052965386065280534
174120.0,0.15536880344933732,0.1550104621829508,0.1539299289093434,0.15210992049352362,0.1495188988454466,0.14610609346895564,0.1417922451421212,0.1364519879523028,0.12987767051046856,0.1216950016769859,0.11112160792444734,0.09595701310604271,0.052963073134262816,nan,nan,nan,nan,nan,nan,nan,0.052963073134262816
174180.0,0.1553337858333292,0.1549755803553878,0.15389545531432872,0.152076130356436,0.1494860726768285,0.14607452074882685,0.14176223019314213,0.13642385996681916,0.1298518020857757,0.12167184715471782,0.11110179843520628,0.09594169080341042,0.05296076303895964,nan,nan,nan,nan,nan,nan,nan,0.05296076303895964
174240.0,0.15529879672380234,0.15494072690678565,0.1538610097154731,0.1520423675765695,0.14945327296845543,0.14604297333011845,0.14173223911760674,0.13639575414387903,0.12982595380354217,0.12164871039308921,0.11108200384557448,0.09592637972186052,0.052958455774698585,nan,nan,nan,nan,nan,nan,nan,0.052958455774698585
174300.0,0.1552638360845981,0.1549059018011644,0.15382659207733204,0.15200863211937138,0.14942049968702237,0.14601145118112954,0.1417022718857786,0.13636767045608128,0.12980012563909676,0.12162559137060658,0.11106222413781094,0.09591107984835588,0.05295615133682213,nan,nan,nan,nan,nan,nan,nan,0.05295615133682213
174360.0,0.15522890387961405,0.1548711050025998,0.15379220236451602,0.15197492395034243,0.14938775279927557,0.14597995427020793,0.141672328467967,0.13633960887606658,0.1297743175678055,0.12160249006580856,0.11104245929420088,0.09589579116987834,0.05295384972068137,nan,nan,nan,nan,nan,nan,nan,0.05295384972068137
174420.0,0.1551940000728076,0.15483633647522735,0.153757840541694,0.15194124303504025,0.1493550322720161,0.14594848256575338,0.14164240883452953,0.13631156937651998,0.12974852956507413,0.12157940645726807,0.11102270929705738,0.09588051367342981,0.052951550921636684,nan,nan,nan,nan,nan,nan,nan,0.052951550921636684
174480.0,0.15515912462819811,0.154801596183244,0.15372350657359568,0.15190758933908163,0.1493223380721017,0.14591703603621947,0.141612512955874,0.13628355193017236,0.12972276160634932,0.1215563405235933,0.11100297412872233,0.09586524734603297,0.0529492549350581,nan,nan,nan,nan,nan,nan,nan,0.0529492549350581
174540.0,0.1551242775098425,0.15476688409088407,0.15368920042498743,0.15187396282811913,0.14928967016642464,0.14588561465009242,0.1415826408024389,0.13625555650978288,0.1296970136671032,0.12153329224341448,0.1109832537715556,0.09584999217472359,0.05294696175632106,nan,nan,nan,nan,nan,nan,nan,0.05294696175632106
174600.0,0.155089458681887,0.1547322001624708,0.1536549220607231,0.1518403634678902,0.1492570285219587,0.14585421837593585,0.14155279234473472,0.13622758308817662,0.1296712857228664,0.12151026159541221,0.11096354820795803,0.09583474814656677,0.05294467138081547,nan,nan,nan,nan,nan,nan,nan,0.05294467138081547
174660.0,0.1550546681085334,0.15469754436238256,0.15362067144571082,0.15180679122418522,0.14922441310572862,0.1458228471823615,0.14152296755331706,0.13619963163821974,0.12964557774920654,0.12148724855829898,0.11094385742035645,0.09581951524864633,0.052942383803939785,nan,nan,nan,nan,nan,nan,nan,0.052942383803939785
174720.0,0.1550199057540427,0.15466291665505674,0.1535864485449168,0.15177324606285106,0.14919182388481317,0.1457915010380325,0.14149316639878942,0.13617170213282245,0.12961988972173044,0.12146425311082115,0.11092418139120518,0.09580429346806604,0.05294009902110165,nan,nan,nan,nan,nan,nan,nan,0.05294009902110165
174780.0,0.15498517158273722,0.15462831700499174,0.15355225332336717,0.15173972794979282,0.1491592608263474,0.1457601799116654,0.14146338885180498,0.1361437945449404,0.1295942216160856,0.1214412752317601,0.11090452010298717,0.09578908279195023,0.052937817027718284,nan,nan,nan,nan,nan,nan,nan,0.052937817027718284
174840.0,0.15495046555897649,0.15459374537672288,0.1535180857461245,0.15170623685095114,0.14912672389750053,0.14572888377200893,0.14143363488304733,0.13611590884755717,0.12956857340794453,0.12141831489991892,0.11088487353820314,0.09577388320743604,0.05293553781921202,nan,nan,nan,nan,nan,nan,nan,0.05293553781921202
174900.0,0.15491578764720837,0.15455920173487334,0.15348394577833782,0.1516727727323508,0.14909421306552234,0.14569761258788844,0.14140390446327128,0.1360880450137215,0.12954294507303782,0.12139537209415062,0.11086524167939431,0.09575869470168988,0.052933261391019726,nan,nan,nan,nan,nan,nan,nan,0.052933261391019726
174960.0,0.15488113781193574,0.15452468604412106,0.15344983338520995,0.1516393355600688,0.14906172829771303,0.1456663663281769,0.14137419756327615,0.13606020301652283,0.12951733658713252,0.12137244679333982,0.11084562450912767,0.09574351726189653,0.052930987738586656,nan,nan,nan,nan,nan,nan,nan,0.052930987738586656
175020.0,0.15484651601771998,0.1544901982692022,0.1534157485320011,0.15160592530023803,0.14902926956142643,0.14563514496179825,0.14134451415390892,0.1360323828290943,0.12949174792603457,0.12134953897640458,0.11082602200999749,0.0957283508752606,0.052928716857367136,nan,nan,nan,nan,nan,nan,nan,0.052928716857367136
175080.0,0.15481192222918327,0.15445573837491336,0.1533816911840308,0.15157254191904906,0.1489968368240719,0.14560394845772906,0.14131485420606557,0.13600458442461388,0.12946617906559021,0.12132664862229765,0.11080643416462628,0.09571319552900698,0.05292644874282493,nan,nan,nan,nan,nan,nan,nan,0.05292644874282493
175140.0,0.1547773564109846,0.15442130632608772,0.15334766130665484,0.15153918538272781,0.14896443005309268,0.145572776784978,0.1412852176906722,0.1359768077762874,0.12944062998167036,0.12130377570999336,0.11078686095565418,0.09569805121037342,0.05292418339042893,nan,nan,nan,nan,nan,nan,nan,0.05292418339042893
175200.0,0.1547428185278703,0.1543869020876454,0.15331365886531423,0.15150585565758312,0.14893204921601177,0.14554162991262937,0.14125560457872546,0.1359490528573849,0.1294151006502034,0.12128092021851537,0.1107673023657615,0.09568291790662643,0.05292192079566232,nan,nan,nan,nan,nan,nan,nan,0.05292192079566232
175260.0,0.15470830854464118,0.15435252562456067,0.15327968382550347,0.1514725527099757,0.148899694280402,0.14551050780981473,0.14122601484126604,0.13592131964121698,0.12938959104715395,0.12125808212691862,0.11074775837765397,0.09566779560505093,0.05291966095401657,nan,nan,nan,nan,nan,nan,nan,0.05291966095401657
175320.0,0.15467382642615596,0.15431817690186542,0.15324573615277368,0.15143927650632155,0.14886736521388935,0.14547941044571608,0.1411964484493817,0.13589360810113724,0.12936410114852498,0.12123526141429118,0.11072822897406431,0.09565268429295126,0.05291740386099211,nan,nan,nan,nan,nan,nan,nan,0.05291740386099211
175380.0,0.15463937213733348,0.15428385588465132,0.15321181581273485,0.15140602701309386,0.14883506198415475,0.1454483377895674,0.14116690537420884,0.13586591821054395,0.12933863093035938,0.1212124580597555,0.11070871413775332,0.095637583957652,0.052915149512098726,nan,nan,nan,nan,nan,nan,nan,0.052915149512098726
175440.0,0.15460494564312904,0.15424956253804636,0.15317792277103273,0.15137280419680055,0.14880278455891252,0.14541728981063456,0.14113738558691358,0.1358382499428626,0.12931318036872458,0.12118967204245536,0.11068921385149923,0.09562249458649044,0.05291289790285123,nan,nan,nan,nan,nan,nan,nan,0.05291289790285123
175500.0,0.15457054690858443,0.1542152968272644,0.15314405699339753,0.15133960802403185,0.1487705329059561,0.14538626647825822,0.14110788905873195,0.1358106032715825,0.12928774943974483,0.12116690334158338,0.1106697280981199,0.09560741616683228,0.05291064902877859,nan,nan,nan,nan,nan,nan,nan,0.05291064902877859
175560.0,0.1545361758987952,0.15418105871757307,0.15311021844561223,0.1513064384614292,0.14873830699312823,0.1453552677618259,0.14107841576094343,0.13578297817023308,0.1292623381195801,0.12114415193636313,0.11065025686045848,0.0955923486860615,0.05290840288541792,nan,nan,nan,nan,nan,nan,nan,0.05290840288541792
175620.0,0.15450183257891434,0.15414684817429686,0.15307640709351597,0.15127329547568877,0.14870610678832402,0.1453242936307748,0.14104896566487418,0.13575537461238618,0.12923694638442856,0.12112141780605098,0.11063080012138489,0.09557729213158138,0.05290615946831523,nan,nan,nan,nan,nan,nan,nan,0.05290615946831523
175680.0,0.1544675169141543,0.15411266516281943,0.1530426229030061,0.1512401790335633,0.14867393225949324,0.1452933440545938,0.14101953874189851,0.13572779257165798,0.1292115742105277,0.12109870092993741,0.11061135786379671,0.09556224649081507,0.05290391877302573,nan,nan,nan,nan,nan,nan,nan,0.05290391877302573
175740.0,0.15443322886976368,0.1540785096485606,0.15300886584001533,0.15120708910184005,0.14864178337461864,0.14526241900280334,0.14099013496342022,0.13570023202169162,0.12918622157413945,0.12107600128733388,0.11059193007060883,0.09554721175119842,0.05290168079510969,nan,nan,nan,nan,nan,nan,nan,0.05290168079510969
175800.0,0.15439896841107653,0.15404438159702497,0.15297513587056003,0.15117402564738752,0.1486096601017612,0.14523151844499776,0.14096075430091204,0.1356726929361934,0.1291608884515819,0.12105331885760032,0.11057251672477547,0.09553218790019544,0.05289944553014125,nan,nan,nan,nan,nan,nan,nan,0.05289944553014125
175860.0,0.15436473550348018,0.15401028097377029,0.15294143296070875,0.15114098863712505,0.14857756240903064,0.1452006423508179,0.14093139672589006,0.13564517528890924,0.12913557481920857,0.12103065362012724,0.11055311780927579,0.09551717492528813,0.05289721297370267,nan,nan,nan,nan,nan,nan,nan,0.05289721297370267
175920.0,0.15433053011241885,0.15397620774441076,0.15290775707658566,0.15110797803802611,0.14854549026458874,0.14516979068995362,0.1409020622099163,0.1356176790536271,0.1291102806534107,0.12100800555433765,0.11053373330711544,0.09550217281397769,0.05289498312138497,nan,nan,nan,nan,nan,nan,nan,0.05289498312138497
175980.0,0.15429635220339552,0.15394216187461915,0.1528741081843724,0.15107499381712008,0.14851344363665114,0.14513896343214605,0.14087275072460054,0.13559020420417886,0.12908500593061856,0.12098537463968825,0.11051436320132753,0.095487181553785,0.05289275596878827,nan,nan,nan,nan,nan,nan,nan,0.05289275596878827
176040.0,0.154262201741949,0.15390814333010377,0.15284048625028582,0.15104203594147061,0.14848142249346624,0.14510816054716758,0.14084346224158167,0.13556275071442303,0.1290597506272865,0.12096276085565669,0.1104950074749623,0.09547220113224347,0.052890531511517645,nan,nan,nan,nan,nan,nan,nan,0.052890531511517645
176100.0,0.15422807869370267,0.15387415207665714,0.15280689124062544,0.15100910437822174,0.14844942680335982,0.14507738200486367,0.14081419673256707,0.1355353185582807,0.12903451471992455,0.1209401641817684,0.11047566611110891,0.09545723153691443,0.05288830974519192,nan,nan,nan,nan,nan,nan,nan,0.05288830974519192
176160.0,0.15419398302433265,0.15384018808012417,0.15277332312174244,0.15097619909456772,0.148417456534706,0.1450466277751257,0.1407849541693066,0.13550790770971205,0.12900929818507778,0.12091758459757919,0.11045633909288118,0.09544227275537703,0.05288609066543795,nan,nan,nan,nan,nan,nan,nan,0.05288609066543795
176220.0,0.15415991469957127,0.1538062513064057,0.15273978186004294,0.15094332005775649,0.14838551165593028,0.1450158978278938,0.140755734523596,0.13548051814271914,0.12898410099932864,0.12089502208267709,0.11043702640341922,0.09542732477522935,0.05288387426789121,nan,nan,nan,nan,nan,nan,nan,0.05288387426789121
176280.0,0.1541258736852091,0.15377234172146056,0.1527062674219902,0.15091046723509124,0.1483535921355115,0.14498519213315875,0.14072653776727798,0.13545314983134715,0.12895892313929808,0.12087247661668335,0.11041772802589027,0.09541238758408907,0.05288166054819617,nan,nan,nan,nan,nan,nan,nan,0.05288166054819617
176340.0,0.1540918599470722,0.15373845929128277,0.1526727797740821,0.1508776405939092,0.1483216979419611,0.1449545106609422,0.14069736387222437,0.1354258027496679,0.12893376458163108,0.12084994817924007,0.1103984439434786,0.09539746116958628,0.05287944950200224,nan,nan,nan,nan,nan,nan,nan,0.05287944950200224
176400.0,0.15405787345107017,0.15370460398194954,0.15263931888289844,0.15084484010162702,0.1482898290438669,0.14492385338133823,0.14066821281037442,0.13539847687181505,0.12890862530302766,0.12082743675003664,0.11037917413940697,0.09538254551937864,0.05287724112497238,nan,nan,nan,nan,nan,nan,nan,0.05287724112497238
176460.0,0.15402391416316497,0.1536707757595901,0.15260588471507003,0.15081206572571115,0.1482579854098645,0.1448932202644862,0.14063908455370983,0.13537117217196099,0.12888350528022247,0.1208049423087925,0.11035991859692254,0.09536764062114149,0.052875035412777466,nan,nan,nan,nan,nan,nan,nan,0.052875035412777466
176520.0,0.15398998204937409,0.15363697459038894,0.1525724772372822,0.1507793174336811,0.14822616700864058,0.14486261128057398,0.1406099790742573,0.13534388862431948,0.1288584044899872,0.12078246483525897,0.11034067729929854,0.09535274646256894,0.052872832361096925,nan,nan,nan,nan,nan,nan,nan,0.052872832361096925
176580.0,0.1539560770757727,0.15360320044058798,0.15253909641627675,0.1507465951931111,0.14819437380893455,0.14483202639983933,0.14058089634409032,0.13531662620314702,0.1288333229091317,0.1207600043092203,0.11032145022983507,0.0953378630313745,0.052870631965619065,nan,nan,nan,nan,nan,nan,nan,0.052870631965619065
176640.0,0.15392219920847108,0.15356945327646399,0.15250574221882976,0.150713898971609,0.14816260577951793,0.1448014655925507,0.14055183633531115,0.13528938488272657,0.12880826051448957,0.1207375607104814,0.11030223737184905,0.09532299031528392,0.05286843422203706,nan,nan,nan,nan,nan,nan,nan,0.05286843422203706
176700.0,0.15388834841366233,0.15353573306437604,0.15247241461179836,0.15068122873686143,0.14813086288923805,0.14477092882904816,0.14052279902008868,0.13526216463740212,0.1287832172829489,0.12071513401889394,0.11028303870869552,0.0953081283020503,0.05286623912605748,nan,nan,nan,nan,nan,nan,nan,0.05286623912605748
176760.0,0.1538545246575911,0.15350203977073473,0.15243911356209025,0.15064858445660417,0.14809914510698952,0.14474041607971672,0.14049378437063395,0.13523496544155617,0.12875819319143206,0.12069272421433938,0.11026385422375373,0.09529327697944424,0.05286404667339472,nan,nan,nan,nan,nan,nan,nan,0.05286404667339472
176820.0,0.1538207279065572,0.15346837336200528,0.152405839036667,0.15061596609862543,0.14806745240171723,0.14470992731498922,0.14046479235920242,0.135207787269612,0.12873318821689805,0.1206703312767307,0.11024468390042866,0.09527843633525496,0.052861856859771614,nan,nan,nan,nan,nan,nan,nan,0.052861856859771614
176880.0,0.15378695812691745,0.15343473380470973,0.15237259100254608,0.1505833736307678,0.14803578474241846,0.14467946250534797,0.14043582295809595,0.13518063009603537,0.1287082023363437,0.12064795518601354,0.11022552772215197,0.09526360635729078,0.05285966968091978,nan,nan,nan,nan,nan,nan,nan,0.05285966968091978
176940.0,0.15375321528506347,0.15340112106540474,0.15233936942677898,0.15055080702090706,0.14800414209812252,0.14464902162130575,0.1404068761396449,0.1351534938953181,0.12868323552678945,0.12062559592215395,0.11020638567237197,0.0952487870333723,0.05285748513257567,nan,nan,nan,nan,nan,nan,nan,0.05285748513257567
177000.0,0.15371949934746876,0.1533675351107284,0.15230617427649729,0.15051826623699682,0.14797252443793324,0.1446186046334461,0.14037795187624547,0.13512637864201266,0.1286582877653094,0.12060325346516435,0.11018725773457465,0.09523397835134713,0.05285530321048893,nan,nan,nan,nan,nan,nan,nan,0.05285530321048893
177060.0,0.1536858102806579,0.15333397590736958,0.15227300551888273,0.15048575124703956,0.14794093173100153,0.14458821151239712,0.1403490501403356,0.13509928431070922,0.1286333590290119,0.12058092779508651,0.11016814389227003,0.09521918029908016,0.05285312391041696,nan,nan,nan,nan,nan,nan,nan,0.05285312391041696
177120.0,0.15365214805121008,0.1533004434220715,0.15223986312117027,0.15045326201908948,0.1479093639465282,0.14455784222883422,0.14032017090439736,0.13507221087603874,0.1286084492950414,0.12055861889199355,0.11014904412899362,0.09520439286445478,0.05285094722812549,nan,nan,nan,nan,nan,nan,nan,0.05285094722812549
177180.0,0.15361851262576084,0.1532669376216334,0.15220674705065024,0.15042079852125473,0.14787782105376562,0.1445274967534817,0.1402913141409586,0.13504515831267397,0.1285835585405798,0.12053632673599088,0.11012995842830725,0.09518961603537332,0.05284877315938894,nan,nan,nan,nan,nan,nan,nan,0.05284877315938894
177240.0,0.15358490397098032,0.15323345847288902,0.15217365727464666,0.15038836072167622,0.147846303021998,0.14449717505709417,0.14026247982257534,0.13501812659531365,0.12855868674283236,0.1205140513072041,0.11011088677378938,0.0951748497997502,0.05284660169998646,nan,nan,nan,nan,nan,nan,nan,0.05284660169998646
177300.0,0.1535513220536195,0.15320000594275238,0.15214059376056288,0.15035594858857199,0.1478148098205834,0.14446687711049624,0.140233667921869,0.1349911156987163,0.1285338338790576,0.1204917925858047,0.1100918291490557,0.09516009414552663,0.05284443284571027,nan,nan,nan,nan,nan,nan,nan,0.05284443284571027
177360.0,0.15351776684048005,0.15316657999818806,0.15210755647585172,0.1503235620902083,0.14778334141892635,0.14443660288455656,0.14020487841150203,0.13496412559767804,0.12850899992654777,0.1204695505519933,0.11007278553774572,0.095145349060661,0.05284226659236026,nan,nan,nan,nan,nan,nan,nan,0.05284226659236026
177420.0,0.1534842382984176,0.1531331806062142,0.15207454538801882,0.15029120119490275,0.1477518977864808,0.14440635235019056,0.14017611126418078,0.13493715626703517,0.12848418486263094,0.1204473251860015,0.1100537559235241,0.09513061453312983,0.05284010293574454,nan,nan,nan,nan,nan,nan,nan,0.05284010293574454
177480.0,0.15345073639434365,0.1530998077339046,0.15204156046462453,0.15025886587102616,0.14772047889275175,0.1443761254783623,0.14014736645265674,0.1349102076816655,0.1284593886646723,0.12042511646809284,0.1100347402900817,0.0951158905509286,0.05283794187167979,nan,nan,nan,nan,nan,nan,nan,0.05283794187167979
177540.0,0.15341726109520387,0.15306646134836696,0.1520086016732627,0.15022655608698207,0.1476890847072757,0.1443459222400656,0.14011864394970952,0.1348832798164724,0.1284346113100601,0.120402924378551,0.11001573862112578,0.0951011771020647,0.0528357833959874,nan,nan,nan,nan,nan,nan,nan,0.0528357833959874
177600.0,0.15338381236802398,0.15303314141678873,0.15197566898160544,0.15019427181125006,0.1476577151996623,0.14431574260636365,0.14008994372818323,0.13485637264641862,0.12840985277623534,0.12038074889770493,0.10999675090040044,0.095086474174572,0.05283362750450164,nan,nan,nan,nan,nan,nan,nan,0.05283362750450164
177660.0,0.1533503901798799,0.15299984790640708,0.15194276235737408,0.15016201301235754,0.1476263703395671,0.14428558654836326,0.14006126576096278,0.134829486146504,0.12838511304067246,0.12035859000591251,0.10997777711167339,0.09507178175650138,0.05283147419306438,nan,nan,nan,nan,nan,nan,nan,0.05283147419306438
177720.0,0.15331699449790082,0.1529665807845125,0.15190988176834205,0.15012977965888283,0.14759505009669463,0.14425545403721757,0.1400326100209764,0.13480262029176815,0.1283603920808812,0.12033644768356222,0.1099588172387373,0.09505709983592184,0.052829323457525584,nan,nan,nan,nan,nan,nan,nan,0.052829323457525584
177780.0,0.15328362528927136,0.1529333400184503,0.1518770271823371,0.1500975717194568,0.14756375444079997,0.1442253450441277,0.14000397648119706,0.1347757750572918,0.1283356898744083,0.1203143219110743,0.10993987126541067,0.09504242840092092,0.05282717529374372,nan,nan,nan,nan,nan,nan,nan,0.05282717529374372
177840.0,0.15325028252120998,0.15290012557559962,0.15184419856721995,0.1500653891627428,0.14753248334166935,0.14419525954032447,0.1399753651146256,0.13474895041818113,0.1283110063988231,0.12029221266888876,0.10992093917552835,0.0950277674395981,0.052825029697581946,nan,nan,nan,nan,nan,nan,nan,0.052825029697581946
177900.0,0.1532169661610143,0.15286693742341828,0.15181139589092896,0.1500332319574794,0.14750123676916138,0.1441651974971072,0.1399467758943267,0.13472214634960078,0.12828634163174735,0.12027011993749057,0.10990202095296163,0.09501311694007905,0.05282288666491611,nan,nan,nan,nan,nan,nan,nan,0.05282288666491611
177960.0,0.1531836761760316,0.15283377552941352,0.15177861912145105,0.15000110007245246,0.14747001469318016,0.14413515888581835,0.1399182087934053,0.13469536282675243,0.12826169555083566,0.12024804369739328,0.10988311658160513,0.09499847689050632,0.052820746191629527,nan,nan,nan,nan,nan,nan,nan,0.052820746191629527
178020.0,0.153150412533662,0.15280063986114512,0.15174586822682484,0.1499689934764983,0.14743881708367823,0.14410514367784638,0.13988966378500942,0.13466859982487694,0.1282370681337779,0.12022598392914075,0.10986422604537825,0.09498384727904031,0.05281860827361358,nan,nan,nan,nan,nan,nan,nan,0.05281860827361358
178080.0,0.1531171752013603,0.15276753038622734,0.1517131431751426,0.1499369121385053,0.14740764391065816,0.14407515184462727,0.13986114084233126,0.13464185731925596,0.1282124593583003,0.12020394061330825,0.10984534932822597,0.09496922809385991,0.052816472906768004,nan,nan,nan,nan,nan,nan,nan,0.052816472906768004
178140.0,0.15308396414661504,0.15273444707230788,0.1516804439345294,0.1499048560273939,0.14737649514415344,0.14404518335762614,0.1398326399385906,0.1346151352851963,0.12818786920215178,0.1201819137304907,0.10982648641410939,0.09495461932315574,0.05281434008699716,nan,nan,nan,nan,nan,nan,nan,0.05281434008699716
178200.0,0.15305077933699288,0.15270138988711213,0.1516477704731869,0.14987282511215902,0.1473453707542691,0.14401523818837622,0.13980416104707044,0.1345884336980627,0.12816329764313272,0.12015990326132751,0.10980763728702579,0.09494002095514442,0.05281220981021798,nan,nan,nan,nan,nan,nan,nan,0.05281220981021798
178260.0,0.15301762074010977,0.15266835879841467,0.15161512275936506,0.14984081936184246,0.14731427071115527,0.14398531630845332,0.1397757041410937,0.13456175253325647,0.1281387446590764,0.12013790918648634,0.1097888019309955,0.09492543297805925,0.05281008207235479,nan,nan,nan,nan,nan,nan,nan,0.05281008207235479
178320.0,0.1529844883236339,0.15263535377404186,0.15158250076136492,0.14980883874553588,0.1472831949850099,0.1439554176894787,0.13974726919402575,0.1345350917662178,0.1281142102278509,0.12011593148666493,0.10976998033006337,0.09491085538015119,0.05280795686933984,nan,nan,nan,nan,nan,nan,nan,0.05280795686933984
178380.0,0.15295138205528766,0.15260237478187416,0.15154990444754057,0.14977688323238242,0.14725214354608068,0.14392554230312068,0.13971885617927593,0.1345084513724272,0.12808969432736014,0.12009397014259204,0.10975117246829962,0.09489628814968956,0.05280583419711367,nan,nan,nan,nan,nan,nan,nan,0.05280583419711367
178440.0,0.1529183019028267,0.15256942178982494,0.15151733378627869,0.14974495279155708,0.14722111636464574,0.14389569012107672,0.13969046507028082,0.13448183132739017,0.12806519693553076,0.120072025135016,0.10973237832979044,0.09488173127495535,0.05280371405162134,nan,nan,nan,nan,nan,nan,nan,0.05280371405162134
178500.0,0.15288524783408416,0.15253649476588477,0.15148478874604174,0.14971304739230862,0.1471901134110541,0.1438658611151113,0.13966209584053943,0.13445523160666945,0.12804071803034014,0.12005009644472911,0.10971359789865782,0.09486718474425515,0.052801596428820395,nan,nan,nan,nan,nan,nan,nan,0.052801596428820395
178560.0,0.15285221981694183,0.15250359367809252,0.1514522692953399,0.14968116700393197,0.14715913465569935,0.14383605525703122,0.1396337484635905,0.13442865218586403,0.1280162575897984,0.12002818405255164,0.10969483115904657,0.09485264854591216,0.052799481324675636,nan,nan,nan,nan,nan,nan,nan,0.052799481324675636
178620.0,0.1528192178193333,0.15247071849453867,0.151419775402734,0.14964931159577163,0.1471281800690225,0.14380627251868827,0.1396054229130147,0.13440209304061146,0.12799181559194997,0.12000628793933366,0.10967607809512579,0.09483812266826713,0.05279736873515972,nan,nan,nan,nan,nan,nan,nan,0.05279736873515972
178680.0,0.1527862418092457,0.15243786918336694,0.15138730703683725,0.14961748113722298,0.14709724962151371,0.1437765128719809,0.13957711916243618,0.13437555414658908,0.12796739201487486,0.11998440808595599,0.10965733869108973,0.09482360709967885,0.052795258656253494,nan,nan,nan,nan,nan,nan,nan,0.052795258656253494
178740.0,0.15275329175469926,0.15240504571275393,0.1513548641662954,0.149585675597713,0.14706634328369333,0.14374677628883625,0.13954883718550604,0.1343490354794991,0.12794298683667552,0.11996254447331879,0.10963861293114842,0.09480910182851778,0.05279315108394233,nan,nan,nan,nan,nan,nan,nan,0.05279315108394233
178800.0,0.15272036762379074,0.15237224805095237,0.15132244675982892,0.14955389494674148,0.14703546102615195,0.14371706274124793,0.13952057695593745,0.13432253701510027,0.12791860003550476,0.11994069708236571,0.10961990079954735,0.0947946068431797,0.052791046014223846,nan,nan,nan,nan,nan,nan,nan,0.052791046014223846
178860.0,0.15268746938466515,0.15233947616626306,0.15129005478620566,0.14952213915385426,0.1470046028195241,0.14368737220125136,0.13949233844748252,0.1342960587291874,0.12789423158954757,0.11991886589406822,0.10960120228055462,0.09478012213207684,0.05278894344310287,nan,nan,nan,nan,nan,nan,nan,0.05278894344310287
178920.0,0.1526545970055187,0.15230673002703768,0.1512576882142435,0.14949040818864587,0.14697376863449146,0.1436577046409266,0.13946412163393518,0.13426960059759327,0.12786988147702313,0.11989705088942723,0.10958251735846239,0.09476564768363882,0.05278684336659199,nan,nan,nan,nan,nan,nan,nan,0.05278684336659199
178980.0,0.15262175045460072,0.15227400960168064,0.15122534701281237,0.14945870202076147,0.14694295844178418,0.14362806003239972,0.13943592648913217,0.13424316259619018,0.12784554967618578,0.11987525204947405,0.10956384601758765,0.09475118348631315,0.05278474578071189,nan,nan,nan,nan,nan,nan,nan,0.05278474578071189
179040.0,0.15258892970019314,0.152241314858629,0.15119303115081412,0.14942702061987737,0.14691217221216243,0.14359843834782546,0.1394077529869372,0.13421674470087502,0.12782123616531196,0.11985346935525923,0.10954518824226318,0.09473672952855879,0.052782650681487714,nan,nan,nan,nan,nan,nan,nan,0.052782650681487714
179100.0,0.1525561347106538,0.15220864576639517,0.15116074059722487,0.1493953639557421,0.14688140991645582,0.14356883955942412,0.13937960110127504,0.13419034688760081,0.1277969409227282,0.11983170278787629,0.10952654401685671,0.09472228579885994,0.05278055806495669,nan,nan,nan,nan,nan,nan,nan,0.05278055806495669
179160.0,0.1525233654543882,0.15217600229353903,0.15112847532106738,0.14936373199814956,0.1468506715255375,0.14353926363945751,0.13935147080610938,0.1341639691323559,0.12777266392679276,0.1198099523284464,0.10950791332575846,0.09470785228571699,0.05277846792716323,nan,nan,nan,nan,nan,nan,nan,0.05277846792716323
179220.0,0.1524906218998525,0.15214338440867084,0.1510962352914141,0.14933212471694204,0.14681995701032724,0.14350971056023157,0.13932336207544505,0.13413761141116656,0.12774840515589767,0.11978821795811975,0.10948929615338245,0.09469342897764753,0.05277638026415936,nan,nan,nan,nan,nan,nan,nan,0.05277638026415936
179280.0,0.15245790401555553,0.15211079208045325,0.15106402047738893,0.1493005420820118,0.14678926634179287,0.14348018029409781,0.13929527488332946,0.13411127370009807,0.1277241645884699,0.1197664996580768,0.10947069248416724,0.09467901586318694,0.05277429507200512,nan,nan,nan,nan,nan,nan,nan,0.05277429507200512
179340.0,0.1524252117700384,0.15207822527758097,0.1510318308481474,0.1492689840632821,0.146758599490932,0.1434506728134362,0.13926720920383656,0.13408495597524017,0.12769994220295833,0.11974479740951688,0.10945210230256713,0.09466461293088199,0.052772212346765,nan,nan,nan,nan,nan,nan,nan,0.052772212346765
179400.0,0.15239254513191727,0.15204568396882345,0.15099966637291856,0.1492374506307475,0.14672795642881076,0.14342118809069151,0.1392391650111009,0.13405865821273788,0.12767573797786125,0.11972311119368209,0.10943352559307094,0.09465022016930431,0.0527701320845154,nan,nan,nan,nan,nan,nan,nan,0.0527701320845154
179460.0,0.1523599040698555,0.15201316812299703,0.15096752702097757,0.14920594175444757,0.14669733712653857,0.1433917260983496,0.1392111422792954,0.13403238038877163,0.1276515518917086,0.1197014409918417,0.1094149623401898,0.09463583756704166,0.05276805428133979,nan,nan,nan,nan,nan,nan,nan,0.05276805428133979
179520.0,0.15232728855256666,0.15198067770896806,0.15093541276164885,0.14917445740446977,0.14666674155527093,0.14336228680894014,0.1391831409826338,0.13400612247955898,0.12762738392306358,0.1196797867852938,0.10939641252845841,0.09462146511269882,0.05276597893332921,nan,nan,nan,nan,nan,nan,nan,0.05276597893332921
179580.0,0.15229469854881636,0.15194821269565456,0.15090332356430766,0.14914299755095112,0.14663616968621088,0.14333287019503782,0.13915516109537196,0.13397988446135636,0.12760323405052404,0.11965814855536643,0.10937787614243581,0.09460710279489817,0.05276390603658261,nan,nan,nan,nan,nan,nan,nan,0.05276390603658261
179640.0,0.15226213402740224,0.15191577305200654,0.15087125939836077,0.14911156216405919,0.14660562149059103,0.14330347622924539,0.1391272025917921,0.13395366631044434,0.12757910225270963,0.11963652628340642,0.10935935316669651,0.09459275060227336,0.052761835587203265,nan,nan,nan,nan,nan,nan,nan,0.052761835587203265
179700.0,0.15222959495719623,0.15188335874704778,0.1508392202332875,0.14908015121403217,0.14657509693971182,0.14327410488422998,0.13909926544623633,0.13392746800315825,0.12755498850828875,0.1196149199508028,0.10934084358584935,0.09457840852348273,0.0527597675813063,nan,nan,nan,nan,nan,nan,nan,0.0527597675813063
179760.0,0.15219708130711695,0.15185096974984855,0.15080720603861292,0.14904876467115288,0.14654459600491648,0.14324475613269932,0.13907134963308482,0.1339012895158683,0.1275308927959612,0.11959332953897159,0.10932234738452516,0.09456407654720053,0.05275770201501381,nan,nan,nan,nan,nan,nan,nan,0.05275770201501381
179820.0,0.15216459304613272,0.1518186060295286,0.15077521678391084,0.14901740250575143,0.14651411865759384,0.14321542994740433,0.13904345512675811,0.13387513082498184,0.12750681509445977,0.11957175502935737,0.10930386454737817,0.09454975466211787,0.052755638884455364,nan,nan,nan,nan,nan,nan,nan,0.052755638884455364
179880.0,0.1521321301432634,0.15178626755525887,0.1507432524388054,0.14898606468820702,0.14648366486917985,0.14318612630114078,0.13901558190171848,0.13384899190694435,0.1274827553825515,0.11955019640343428,0.10928539505908667,0.09453544285694335,0.05275357818576833,nan,nan,nan,nan,nan,nan,nan,0.05275357818576833
179940.0,0.1520996925675606,0.15175395429624194,0.15071131297295196,0.14895475118892915,0.14645323461113974,0.14315684516673208,0.13898772993245423,0.13382287273822538,0.12745871363902497,0.11952865364269519,0.10926693890434436,0.0945211411203967,0.05275151991509446,nan,nan,nan,nan,nan,nan,nan,0.05275151991509446
180000.0,0.15206728028814934,0.15172166622175345,0.15067939835607766,0.14892346197839726,0.14642282785500582,0.1431275865170654,0.13895989919351306,0.13379677329534864,0.12743468984271725,0.11950712672867468,0.10924849606787884,0.09450684944122208,0.05274946406858711,nan,nan,nan,nan,nan,nan,nan,0.05274946406858711
180060.0,0.15203489327420097,0.151689403301115,0.15064750855795497,0.14889219702713483,0.14639244457235284,0.143098350325068,0.13893208965948026,0.13377069355487248,0.12741068397249616,0.11948561564293407,0.10923006653443952,0.09449256780817944,0.052747410642406546,nan,nan,nan,nan,nan,nan,nan,0.052747410642406546
180120.0,0.15200253149493603,0.1516571655036972,0.15061564354840454,0.1488609563057123,0.14636208473480067,0.14306913656371012,0.1389043013049811,0.1337446334933918,0.12738669600726255,0.11946412036706293,0.10921165028879898,0.09447829621004544,0.05274535963272043,nan,nan,nan,nan,nan,nan,nan,0.05274535963272043
180180.0,0.15197019491962602,0.15162495279892135,0.15058380329729693,0.14882973978474856,0.14633174831401577,0.14303994520600616,0.1388765341046822,0.1337185930875395,0.12736272592595088,0.1194426408826802,0.10919324731575365,0.09446403463561404,0.05274331103570412,nan,nan,nan,nan,nan,nan,nan,0.05274331103570412
180240.0,0.1519378835175739,0.1515927651562401,0.1505519877745335,0.1487985474348927,0.14630143528169365,0.14301077622499808,0.13884878803327602,0.13369257231397214,0.12733877370751712,0.11942117717142323,0.10917485760011521,0.09444978307369023,0.0527412648475373,nan,nan,nan,nan,nan,nan,nan,0.0527412648475373
180300.0,0.15190559725815533,0.15156060254517834,0.15052019695008684,0.14876737922686284,0.14627114560959628,0.1429816295937908,0.13882106306551367,0.13366657114940006,0.12731483933096513,0.11939972921497084,0.10915648112672893,0.09443554151310321,0.052739221064411146,nan,nan,nan,nan,nan,nan,nan,0.052739221064411146
180360.0,0.1518733361107918,0.1515284649353065,0.15048843079397423,0.1487362351314208,0.1462408792695275,0.1429525052855291,0.13879335917618363,0.13364058957056768,0.12729092277532944,0.11937829699502818,0.10913811788046167,0.09442130994269779,0.052737179682523644,nan,nan,nan,nan,nan,nan,nan,0.052737179682523644
180420.0,0.15184110004495346,0.15149635229624359,0.1504566892762607,0.1487051151193749,0.14621063623333588,0.14292340327340017,0.13876567634011383,0.13361462755425588,0.12726702401967688,0.11935688049332843,0.1091197678462032,0.09440708835133538,0.052735140698080094,nan,nan,nan,nan,nan,nan,nan,0.052735140698080094
180480.0,0.15180888903016096,0.15146426459765866,0.15042497236706076,0.14867401916158135,0.14618041647291619,0.14289432353063494,0.13873801453217324,0.1335886850772829,0.12724314304310802,0.11933547969163388,0.10910143100886696,0.09439287672789445,0.05273310410729343,nan,nan,nan,nan,nan,nan,nan,0.05273310410729343
180540.0,0.15177670303596613,0.15143220180925196,0.15039328003651942,0.14864294722892635,0.1461502199601919,0.14286526603049177,0.13871037372725636,0.13356276211649054,0.12721927982474449,0.11931409457172508,0.10908310735338146,0.09437867506126453,0.05273106990638077,nan,nan,nan,nan,nan,nan,nan,0.05273106990638077
180600.0,0.15174454203199275,0.15140016390079514,0.15036161225485198,0.14861189929236443,0.14612004666715217,0.14283623074629115,0.1386827539003158,0.1335368586487739,0.1271954343437553,0.11929272511542352,0.10906479686470852,0.09436448334035898,0.05272903809157067,nan,nan,nan,nan,nan,nan,nan,0.05272903809157067
180660.0,0.15171240598790986,0.15136815084210492,0.15032996899231832,0.1485808753228933,0.14608989656582788,0.14280721765139315,0.13865515502634107,0.13351097465106176,0.1271716065793399,0.11927137130457686,0.10904649952783128,0.09435030155410674,0.05272700865909839,nan,nan,nan,nan,nan,nan,nan,0.05272700865909839
180720.0,0.1516802948734348,0.1513361626030462,0.1502983502192253,0.14854987529155667,0.14605976962829392,0.14277822671919982,0.1386275770803609,0.13348511010031888,0.12714779651072983,0.11925003312106056,0.10902821532775565,0.09433612969145311,0.05272498160520644,nan,nan,nan,nan,nan,nan,nan,0.05272498160520644
180780.0,0.15164820865833484,0.1513041991535333,0.15026675590592892,0.14851889916944588,0.14602966582667104,0.14274925792315646,0.13860002003744448,0.1334592649735473,0.12712400411718985,0.11922871054677875,0.10900994424951091,0.09432196774136031,0.05272295692614483,nan,nan,nan,nan,nan,nan,nan,0.05272295692614483
180840.0,0.1516161473124082,0.1512722604635116,0.15023518602281535,0.1484879469276818,0.14599958513310846,0.14272031123673556,0.1385724838726864,0.13343343924777212,0.12710022937800564,0.11920740356365384,0.10899168627814133,0.09430781569280156,0.05272093461816777,nan,nan,nan,nan,nan,nan,nan,0.05272093461816777
180900.0,0.15158411080552417,0.15124034650299698,0.15020364054034038,0.14845701853745288,0.14596952751982034,0.1426913866334712,0.13854496856123877,0.13340763290007132,0.12707647227250993,0.11918611215364862,0.10897344139872409,0.09429367353477366,0.05271891467754073,nan,nan,nan,nan,nan,nan,nan,0.05271891467754073
180960.0,0.151552099107597,0.15120845724205012,0.15017211942900377,0.14842611396999045,0.14593949295906206,0.14266248408693655,0.13851747407829018,0.13338184590755625,0.12705273278006535,0.11916483629875188,0.10895520959635754,0.09427954125628882,0.05271689710053581,nan,nan,nan,nan,nan,nan,nan,0.05271689710053581
181020.0,0.1515201121885887,0.1511765926507791,0.15014062265935207,0.14839523319657144,0.14590948142313281,0.14263360357074625,0.1384900003990681,0.13335607824737392,0.12702901088006646,0.11914357598097991,0.1089369908561626,0.09426541884637546,0.05271488188343225,nan,nan,nan,nan,nan,nan,nan,0.05271488188343225
181080.0,0.15148815001851065,0.15114475269934136,0.15010915020198018,0.14836437618851964,0.14587949288437702,0.142604745058558,0.13846254749884,0.13333032989670798,0.1270053065519407,0.11912233118237746,0.10891878516328327,0.09425130629407884,0.05271286902251676,nan,nan,nan,nan,nan,nan,nan,0.05271286902251676
181140.0,0.15145621256740502,0.1511129373579247,0.15007770202751303,0.14833354291718837,0.14584952731516732,0.14257590852405627,0.13843511535289865,0.13330460083276538,0.12698161977513622,0.11910110188500722,0.10890059250287845,0.09423720358845496,0.052710858514080264,nan,nan,nan,nan,nan,nan,nan,0.052710858514080264
181200.0,0.1514242998053842,0.15108114659678692,0.15004627810664445,0.14830273335399774,0.14581958468794065,0.14254709394098647,0.13840770393659357,0.13327889103280507,0.12695795052914782,0.11907988807097208,0.10888241286013965,0.0942231107185833,0.0527088503544247,nan,nan,nan,nan,nan,nan,nan,0.0527088503544247
181260.0,0.1513924117026051,0.15104938038623011,0.15001487841011185,0.14827194747041036,0.14578966497517487,0.14251830128313286,0.1383803132253105,0.13325320047411918,0.12693429879349977,0.11905868972240052,0.10886424622027932,0.09420902767355856,0.052706844539858605,nan,nan,nan,nan,nan,nan,nan,0.052706844539858605
181320.0,0.15136054822927195,0.15101763869660337,0.1499835029086988,0.14824118523793384,0.14575976814939096,0.14248953052432062,0.13835294319447364,0.13322752913403502,0.12691066454774805,0.11903750682144833,0.1088460925685322,0.09419495444249154,0.05270484106669758,nan,nan,nan,nan,nan,nan,nan,0.05270484106669758
181380.0,0.15132870935563786,0.15098592149830445,0.14995215157323694,0.1482104466281224,0.1457298941831549,0.14246078163841763,0.13832559381954693,0.13320187698991645,0.12688704777148116,0.11901633935029941,0.10882795189015604,0.09418089101450963,0.05270283993126458,nan,nan,nan,nan,nan,nan,nan,0.05270283993126458
181440.0,0.15129689505198643,0.1509542287617614,0.14992082437458754,0.14817973161255937,0.1457000430490606,0.14243205459931835,0.13829826507601914,0.13317624401915013,0.12686344844430825,0.11899518729115557,0.1088098241704232,0.094166837378751,0.052700841129886634,nan,nan,nan,nan,nan,nan,nan,0.052700841129886634
181500.0,0.15126510528867074,0.1509225604574714,0.1498895212836801,0.1481490401628942,0.1456702147197655,0.1424033493809774,0.13827095693943545,0.13315063019917428,0.12683986654588433,0.1189740506262583,0.10879170939463842,0.09415279352437697,0.052698844658901796,nan,nan,nan,nan,nan,nan,nan,0.052698844658901796
181560.0,0.15123334003608802,0.1508909165559756,0.1498582422714872,0.14811837225081848,0.14564040916796755,0.1423746659573879,0.13824366938537674,0.13312503550746008,0.126816302055894,0.11895292933787446,0.10877360754812715,0.09413875944056399,0.05269685051465459,nan,nan,nan,nan,nan,nan,nan,0.05269685051465459
181620.0,0.1512015992646822,0.15085929702786163,0.14982698730902722,0.14808772784806823,0.1456106263664076,0.1423460043025837,0.13821640238946203,0.13309945992151345,0.12679275495405304,0.11893182340829798,0.10875551861623693,0.0941247351165044,0.052694858693496535,nan,nan,nan,nan,nan,nan,nan,0.052694858693496535
181680.0,0.1511698829449458,0.15082770184376523,0.149795756367366,0.14805710692642576,0.14558086628787084,0.1423173643906407,0.1381891559273497,0.13307390341887643,0.12676922522010936,0.11891073281985064,0.10873744258433808,0.09411072054140704,0.05269286919178641,nan,nan,nan,nan,nan,nan,nan,0.05269286919178641
181740.0,0.15113819104740134,0.15079613097435224,0.14976454941759892,0.14802650945770213,0.1455511289051702,0.14228874619566106,0.13816192997472276,0.13304836597711386,0.12674571283383154,0.11888965755487195,0.10871937943781546,0.09409671570449138,0.05269088200588703,nan,nan,nan,nan,nan,nan,nan,0.05269088200588703
181800.0,0.15110652354264026,0.15076458439035695,0.14973336643088875,0.14799593541377387,0.14552141419118153,0.14226014969180684,0.13813472450731987,0.1330228475738415,0.12672221777503342,0.11886859759574064,0.10870132916208583,0.09408272059499985,0.05268889713217209,nan,nan,nan,nan,nan,nan,nan,0.05268889713217209
181860.0,0.1510748804012976,0.1507330620625571,0.1497022073784409,0.14796538476655918,0.14549172211882078,0.1422315748532779,0.13810753950091534,0.13299734818670766,0.12669874002355813,0.1188475529248607,0.10868329174258669,0.09406873520218983,0.05268691456702169,nan,nan,nan,nan,nan,nan,nan,0.05268691456702169
181920.0,0.1510432615940548,0.15070156396177634,0.1496710722315062,0.14793485748802038,0.1454620526610463,0.14220302165431453,0.13808037493132105,0.1329718677933952,0.1266752795592798,0.11882652352466282,0.10866526716477722,0.09405475951533453,0.05268493430682283,nan,nan,nan,nan,nan,nan,nan,0.05268493430682283
181980.0,0.15101166709164116,0.15067009005888626,0.1496399609613825,0.14790435355016546,0.14543240579086042,0.1421744900691986,0.1380532307743878,0.13294640637162267,0.12665183636210428,0.11880550937760531,0.10864725541413923,0.0940407935237234,0.05268295634796969,nan,nan,nan,nan,nan,nan,nan,0.05268295634796969
182040.0,0.1509800968648159,0.15063864032478802,0.14960887353939673,0.147873872925031,0.14540278148129288,0.14214598007223825,0.13802610700599094,0.13292096389913127,0.12662841041195788,0.11878451046616403,0.10862925647616897,0.09402683721665649,0.05268098068686055,nan,nan,nan,nan,nan,nan,nan,0.05268098068686055
182100.0,0.15094855088440642,0.15060721473045063,0.14957780993694275,0.1478434155847184,0.14537317970543578,0.14211749163780052,0.13799900360206097,0.13289554035371248,0.1266050016888118,0.11876352677285376,0.10861127033639437,0.09401289058345658,0.05267900731990431,nan,nan,nan,nan,nan,nan,nan,0.05267900731990431
182160.0,0.1509170291212832,0.150575813246886,0.14954677012545647,0.14781298150137015,0.1453436004364209,0.1420890247402902,0.13797192053856341,0.13287013571319017,0.12658161017266623,0.11874255828021418,0.10859329698036362,0.09399895361346125,0.052677036243516245,nan,nan,nan,nan,nan,nan,nan,0.052677036243516245
182220.0,0.15088553154636275,0.1505444358451517,0.1495157540764189,0.1477825706471726,0.14531404364742193,0.1420605793541519,0.13794485779150115,0.1328447499554223,0.12655823584355197,0.11872160497081147,0.10857533639364665,0.0939850262960237,0.05267506745411845,nan,nan,nan,nan,nan,nan,nan,0.05267506745411845
182280.0,0.1508540581306089,0.15051308249635253,0.14948476176135742,0.14775218299435727,0.14528450931165615,0.14203215545387154,0.13791781533691574,0.13281938305830238,0.12653487868153135,0.11870066682723915,0.10855738856183572,0.09397110862051339,0.052673100948140116,nan,nan,nan,nan,nan,nan,nan,0.052673100948140116
182340.0,0.15082260884501517,0.15048175317162288,0.14945379315182847,0.14772181851518398,0.14525499740236808,0.142003753013961,0.13789079315087285,0.13279403499974596,0.1265115386666869,0.11867974383210818,0.10853945347053742,0.09395720057631009,0.05267113672201443,nan,nan,nan,nan,nan,nan,nan,0.05267113672201443
182400.0,0.15079118366064254,0.150450447842164,0.14942284821945445,0.14769147718197673,0.14522550789286393,0.14197537200899052,0.13786379120949277,0.13276870575771876,0.12648821577914565,0.11865883596806795,0.10852153110538956,0.09394330215281624,0.05266917477218515,nan,nan,nan,nan,nan,nan,nan,0.05266917477218515
182460.0,0.15075978254859468,0.1504191664792197,0.1493919269358997,0.14766115896710014,0.145196040756489,0.1419470124135676,0.1378368094889306,0.13274339531021845,0.1264649099990633,0.11863794321779261,0.10850362145205027,0.09392941333944879,0.05266721509510231,nan,nan,nan,nan,nan,nan,nan,0.05266721509510231
182520.0,0.15072840548002073,0.15038790905407912,0.14936102927287295,0.14763086384296242,0.14516659596663042,0.14191867420233933,0.13780984796537837,0.13271810363527642,0.12644162130662578,0.11861706556398251,0.10848572449619903,0.09391553412564033,0.052665257687222695,nan,nan,nan,nan,nan,nan,nan,0.052665257687222695
182580.0,0.15069705242611678,0.15035667553807813,0.14933015520212894,0.1476005917820163,0.14513717349671823,0.14189035734999356,0.1377829066150663,0.1326928307109591,0.12641834968205046,0.1185962029893651,0.10846784022353748,0.09390166450083941,0.0526633025450101,nan,nan,nan,nan,nan,nan,nan,0.0526633025450101
182640.0,0.15066572335810835,0.1503254659025816,0.14929930469545133,0.14757034275674266,0.14510777332020958,0.1418620618312439,0.13775598541424863,0.13266757651535516,0.12639509510557456,0.11857535547668513,0.10844996861978153,0.09388780445450491,0.05266134966493222,nan,nan,nan,nan,nan,nan,nan,0.05266134966493222
182700.0,0.1506344182472876,0.15029428011902105,0.14926847772468882,0.14754011673968587,0.1450783954106225,0.14183378762086182,0.13772908433923364,0.13264234102660266,0.12637185755747943,0.1185545230087253,0.10843210967067791,0.09387395397611809,0.05265939904346724,nan,nan,nan,nan,nan,nan,nan,0.05265939904346724
182760.0,0.1506031370649891,0.15026311815886986,0.14923767426173173,0.14750991370343067,0.14504903974151412,0.14180553469365556,0.13770220336636407,0.13261712422287125,0.12634863701807472,0.11853370556829296,0.10841426336199354,0.09386011305517464,0.05265745067709955,nan,nan,nan,nan,nan,nan,nan,0.05265745067709955
182820.0,0.15057187978259234,0.15023197999364632,0.14920689427851447,0.14747973362060462,0.1450197062864825,0.1417773030244726,0.13767534247201924,0.13259192608236414,0.12632543346770012,0.11851290313822137,0.1083964296795165,0.09384628168118571,0.0526555045623202,nan,nan,nan,nan,nan,nan,nan,0.0526555045623202
182880.0,0.15054064637152337,0.150200865594915,0.14917613774701685,0.14744957646387968,0.14499039501916852,0.1417490925882009,0.13764850163261622,0.1325667465833192,0.12630224688672642,0.11849211570137055,0.10837860860905674,0.09383245984367823,0.052653560695627176,nan,nan,nan,nan,nan,nan,nan,0.052653560695627176
182940.0,0.15050943680323736,0.15016977493426936,0.14914540463924733,0.1474194422059556,0.14496110591323982,0.14172090335975376,0.137621680824596,0.13254158570399632,0.12627907725554405,0.11847134324061778,0.1083608001364384,0.09381864753218944,0.05265161907352241,nan,nan,nan,nan,nan,nan,nan,0.05265161907352241
183000.0,0.15047825104925544,0.15013870798336854,0.14911469492727886,0.14738933081959488,0.14493183894242434,0.14169273531410181,0.137594880024453,0.13251644342270424,0.12625592455458715,0.11845058573887787,0.10834300424751617,0.0938048447362787,0.052649679692518096,nan,nan,nan,nan,nan,nan,nan,0.052649679692518096
183060.0,0.15044708908114068,0.1501076647139134,0.1490840085832255,0.14735924227760014,0.14490259408048856,0.14166458842625218,0.13756809920871574,0.13249131971778302,0.12623278876431793,0.11842984317909,0.10832522092816468,0.0937910514455197,0.052647742549132584,nan,nan,nan,nan,nan,nan,nan,0.052647742549132584
183120.0,0.15041595087050075,0.15007664509764906,0.149053345579245,0.1473291765528163,0.14487337130123976,0.14163646267125074,0.13754133835394894,0.13246621456760596,0.12620966986522827,0.11840911554421905,0.10830745016427956,0.0937772676495014,0.05264580763989082,nan,nan,nan,nan,nan,nan,nan,0.05264580763989082
183180.0,0.1503848363889893,0.1500456491063666,0.14902270588754005,0.1472991336181323,0.14484417057852747,0.14160835802418345,0.13751459743675487,0.13244112795058072,0.12618656783784094,0.11838840281725646,0.10828969194177815,0.09376349333782844,0.05264387496132458,nan,nan,nan,nan,nan,nan,nan,0.05264387496132458
183240.0,0.15035374560828893,0.15001467671188562,0.14899208948034176,0.14726911344646457,0.1448149918862277,0.14158027446016147,0.13748787643375932,0.13241605984513666,0.1261634826626981,0.11836770498121067,0.1082719462465917,0.09374972850011563,0.0526419445099696,nan,nan,nan,nan,nan,nan,nan,0.0526419445099696
183300.0,0.1503226785001474,0.14998372788609085,0.14896149632994504,0.1472391160107917,0.14478583519827623,0.1415522119543527,0.137461175321641,0.13239101022975164,0.12614041432038528,0.11834702201912739,0.10825421306468191,0.09373597312599972,0.05264001628237169,nan,nan,nan,nan,nan,nan,nan,0.05264001628237169
183360.0,0.15029163503635418,0.1499528026009082,0.1489309264086856,0.1472091412841319,0.14475670048864697,0.1415241704819611,0.1374344940771125,0.13236597908293446,0.12611736279151564,0.1183263539140764,0.10823649238203008,0.09372222720513171,0.052638090275082816,nan,nan,nan,nan,nan,nan,nan,0.052638090275082816
183420.0,0.15026061518874267,0.14992190082830753,0.14890037968894215,0.14717918923954543,0.14472758773135425,0.14149615001822902,0.13740783267692216,0.13234096638322687,0.12609432805673196,0.1183057006491529,0.10821878418463834,0.09370849072717757,0.0526361664846614,nan,nan,nan,nan,nan,nan,nan,0.0526361664846614
183480.0,0.150229618929192,0.14989102254030406,0.14886985614313825,0.14714925985013594,0.1446984969004541,0.14146815053843853,0.13738119109785546,0.13231597210920465,0.12607131009670733,0.11828506220747849,0.1082010884585304,0.093694763681819,0.05263424490767268,nan,nan,nan,nan,nan,nan,nan,0.05263424490767268
183540.0,0.15019864622960988,0.14986016770894145,0.14883935574372528,0.1471193530890345,0.14466942797002907,0.14144017201789671,0.13735456931672135,0.13229099623946503,0.1260483088921343,0.11826443857219154,0.1081834051897437,0.09368104605874766,0.05263232554068562,nan,nan,nan,nan,nan,nan,nan,0.05263232554068562
183600.0,0.1501676970619686,0.14982933630632764,0.14880887846321808,0.14708946892943364,0.14464038091422066,0.1414122144319667,0.13732796731038102,0.13226603875265328,0.12602532442374825,0.11824382972646737,0.10816573436434582,0.09366733784767696,0.052630408380279374,nan,nan,nan,nan,nan,nan,nan,0.052630408380279374
183660.0,0.1501367713982816,0.14979852830461143,0.14877842427417157,0.14705960734456508,0.14461135570720812,0.1413842777560474,0.1373013850557292,0.13224109962744535,0.12600235667231197,0.11822323565350512,0.1081480759684238,0.09365363903833442,0.05262849342303904,nan,nan,nan,nan,nan,nan,nan,0.05262849342303904
183720.0,0.15010586921060604,0.1497677436759852,0.14874799314918358,0.14702976830770223,0.14458235232321076,0.14135636196557583,0.1372748225296962,0.13221617884254983,0.1259794056186175,0.1182026563365291,0.10813042998808528,0.09363994962046246,0.052626580665556165,nan,nan,nan,nan,nan,nan,nan,0.052626580665556165
183780.0,0.15007499047104408,0.14973698239268612,0.14871758506089602,0.1469999517921615,0.14455337073648938,0.1413284670360282,0.13724827970924894,0.13219127637670886,0.12595647124348702,0.11818209175878983,0.10811279640945928,0.09362626958381896,0.052624670104429,nan,nan,nan,nan,nan,nan,nan,0.052624670104429
183840.0,0.15004413515172646,0.1497062444269796,0.14868719998197877,0.14697015777128628,0.14452441092133067,0.14130059294290553,0.13722175657137764,0.13216639220868606,0.12593355352776198,0.11816154190355435,0.10809517521868844,0.09361259891817181,0.05262276173625959,nan,nan,nan,nan,nan,nan,nan,0.05262276173625959
183900.0,0.15001330322484766,0.1496755297511947,0.148656837885164,0.14694038621848102,0.14449547285207998,0.14127273966176435,0.13719525309312428,0.13214152631729248,0.12591065245232602,0.11814100675412637,0.1080775664019453,0.09359893761331034,0.05262085555765994,nan,nan,nan,nan,nan,nan,nan,0.05262085555765994
183925.9026292588,0.14999999998095428,0.14966227709417973,0.14864373734516,0.14692754046382966,0.14448298669807727,0.14126072153384567,0.13718381733351115,0.13213079709414186,0.12590077095565097,0.11813214605529086,0.10806996831171946,0.09359304277504987,0.05262003331618919,nan,nan,nan,nan,nan,nan,nan,0.05262003331618919
