time_s,0.0,0.1,0.2,0.3,0.4,0.5,0.6,0.7,0.8,0.9,1.0,1.1,1.2,1.3,1.4,1.5,1.6,1.7,1.8,1.9,药材表面
60.0,28.000000000001155,28.000000000003112,28.00000000001817,28.000000000114984,28.000000000703977,28.00000000405203,28.000000021666576,28.000000107005448,28.00000048671192,28.000002036367675,28.000007834987393,28.000027734053347,28.000090407060227,28.000271785318184,28.000754880620594,28.001941461752235,28.004635635955736,28.010306567390153,28.021408818211434,28.041700656668937,28.07484207670251
120.0,28.00000032009198,28.000000442072068,28.000000926856384,28.000002234357932,28.000005545805877,28.000013661359276,28.000032919674087,28.000077069392827,28.00017467412102,28.000382549233347,28.000808884369654,28.00165098683312,28.00325371455573,28.00619524583156,28.011406177517937,28.020325076601594,28.03508743818985,28.058734815314693,28.09541763086783,28.150566210524808,28.22385852906488
180.0,28.000032369823455,28.00003812630181,28.0000578864915,28.00010001687293,28.000181654809868,28.000334256302164,28.000612921256216,28.001111128233518,28.00198300080259,28.003475593785,28.005973707932387,28.010059088753525,28.016584096347774,28.02675671033815,28.042229062438103,28.06517663763429,28.098352035752672,28.145098633556465,28.209317889736216,28.295478368286478,28.39404490902482
240.0,28.00040424400555,28.00044766968227,28.000588841417333,28.000862519780345,28.00133374059653,28.002109069830166,28.003353461415657,28.00531356368506,28.008348160531895,28.012965939294748,28.01986983698332,28.03000577876802,28.044611604416527,28.065259567411264,28.093883346781237,28.13277914720845,28.184571783748538,28.25214229114139,28.338527704170914,28.447033077602686,28.558464028577006
300.0,28.002086124360595,28.002238753754956,28.002721416912735,28.00361108199989,28.005044847066983,28.007233157513674,28.010478179401158,28.015196950144976,28.02194853778299,28.031463989373723,28.04467760264126,28.062758510839963,28.087143472626803,28.11957577525282,28.162160995890236,28.21745576765036,28.28860565011177,28.37953713640454,28.495201199237655,28.642283162438883,28.788565369539583
360.0,28.006669350746243,28.007024313131033,28.008128810161036,28.010104116219686,28.01316045784738,28.017609020062263,28.023878527279933,28.032536330072194,28.044314150989543,28.060138960889667,28.081169717432235,28.108840405880578,28.14490829663284,28.1915027525269,28.25116428445223,28.326857526839706,28.421939358149583,28.540070415664804,28.685122990348393,28.86186355430353,29.020528717793365
420.0,28.01590897024348,28.016557404371902,28.018556315988796,28.022068940596796,28.027375355610808,28.03488446531136,28.04515064025693,28.058894718052063,28.077028747816797,28.10068332190297,28.131235628668886,28.1703355889026,28.219926942784095,28.282260301121894,28.35989633314355,28.455699283191084,28.57282321924735,28.71469795175558,28.885119573018304,29.08946846821681,29.260332932348135
480.0,28.03149648911642,28.03252748128344,28.03568775050212,28.041181332340418,28.049355384234484,28.060710496605008,28.075914427585182,28.09581850119515,28.121475628768547,28.154158581090442,28.19537670226731,28.246888543770147,28.310706659638452,28.389088842958003,28.484507719556923,28.599589163313173,28.73701220433185,28.899380546166434,29.089255748737184,29.310598724396975,29.479688576787666
540.0,28.0550632696129,28.05655848438649,28.06112275885091,28.068993552064974,28.080571717739765,28.096428634959835,28.11731514776361,28.14417118882519,28.178134563787957,28.220547025672914,28.272955694974808,28.337108494789824,28.414944163957177,28.508581051331475,28.620313953573827,28.75263276904437,28.908277519874773,29.090356066293698,29.302775748965026,29.552353975927826,29.732557233669933
600.0,28.087984579847742,28.090006146355428,28.09615689145478,28.106695737191426,28.122056716986545,28.142852320456818,28.16987746407632,28.204113589737357,28.2467325583807,28.299100359186525,28.3627811069896,28.439542098851142,28.531360428577038,28.64043037221718,28.769168366392716,28.92020967911933,29.096391320879416,29.30075545164153,29.53693836593482,29.81148711249649,29.993635725133498
660.0,28.13119886840318,28.133784032035933,28.141629565110144,28.15500602923679,28.174365783337176,28.200345026718,28.233766489733362,28.27564262209942,28.32717909850839,28.389778450126045,28.46504372546084,28.55478249147879,28.661012523906354,28.785972443221606,28.93214304965338,29.102286977698647,29.299516978872145,29.52745793515626,29.790956682649757,30.09897766389695,30.28899254850011
720.0,28.18525929749332,28.1884317498447,28.19804209482416,28.214369641778056,28.237881060049975,28.269232127067095,28.309270249806794,28.359037919464633,28.41977739590168,28.49293702418271,28.580179458201016,28.683391318563757,28.80469190838734,28.946435198741998,29.111194859814642,29.301719082863194,29.520851595567038,29.77151729922737,30.057347908687184,30.385689424275526,30.5686118829984
780.0,28.25057421531894,28.254354635748737,28.265791860164725,28.28517419139213,28.31298350306258,28.349897241455285,28.39679105453478,28.45474170691746,28.525029612034004,28.60913987520372,28.708760321443012,28.825774868689493,28.962251240603646,29.120423787226983,29.302675061807733,29.511523548485837,29.749640387287847,30.02003965978303,30.32706868642791,30.67993711730287,30.859523330402173
840.0,28.32754316778878,28.33195300789808,28.34528113624557,28.367823531911124,28.4000739424964,28.442724324666134,28.496665010374812,28.56298419324856,28.642966284499717,28.738088666462847,28.850016272321568,28.98059300580527,29.131827948715515,29.30587236442216,29.50498113661681,29.73145256170661,29.98756570980436,30.2756999322767,30.59932758707102,30.96665890142253,31.13374309058487
900.0,28.416518629283328,28.42157200100719,28.43683155817892,28.4625954521435,28.49935995209432,28.547818226543303,28.60885812048786,28.683558343110597,28.773182222644095,28.87916789375617,29.003113531350923,29.146756190283543,29.311943177046103,29.500595900815394,29.71466800685572,29.956104797614195,30.226846416346746,30.52910217894337,30.86659329100915,31.248533590712867,31.403611571769254
960.0,28.51765845955971,28.52335741238679,28.540552421323664,28.569537313781932,28.61079963682163,28.66501711620167,28.73305213717743,28.815943755708634,28.914896750320423,29.031267410562027,29.166546275942107,29.322339106014773,29.500349165637125,29.702366456287827,29.930272435242102,30.186075066829524,30.47203249545668,30.791122713550724,31.148552019410644,31.556173065651247,31.702988937341896
1020.0,28.63086719662286,28.637198727422376,28.656287754790295,28.688416657638797,28.734052978328904,28.793844802855254,28.86861439832151,28.959350376147533,29.067198901273358,29.193454689182055,29.339552460083286,29.507058675528203,29.69766117909464,29.91315058300812,30.155383322524735,30.426222089728142,30.727513368082008,31.06139842294139,31.431683907213287,31.848258384721746,31.976783862388054
1080.0,28.755786157891933,28.762727058968135,28.783640053961864,28.81879521101697,28.86863996284233,28.933795100996655,29.015049133094678,29.11335082129088,29.229799516527997,29.365632762054,29.522210935056037,29.70100008981084,29.903557482725873,30.13152990158993,30.386682603753016,30.670992602626033,30.986909076627192,31.338096156975404,31.731327321862093,32.1816850191472,32.300953921944505
1140.0,28.891981933149317,28.899510143960796,28.9221811321477,28.96025311360613,29.01415363932003,29.08447551372526,29.1719714512495,29.277548083540037,29.40226039700327,29.547308173466327,29.71403617450693,29.903938973374203,30.118668657683948,30.360038767237928,30.630013501051806,30.930684590445583,31.264330783497716,31.633904590705644,32.04467278069136,32.50941578124861,32.60926760539348
1200.0,29.039042786694512,29.047137213045772,29.071503719354332,29.112391521688377,29.170214492257664,29.245549129446637,29.339132029551543,29.451856952782524,29.584771284015183,29.739071211529286,29.916094410248565,30.117308713691507,30.34429566123608,30.598729519878923,30.88235798849627,31.197016976980834,31.544814733519914,31.928844963955576,32.355116616495465,32.838268045123336,32.91951478671142
1260.0,29.196652753742843,29.20530223530477,29.231332373626078,29.274987827143836,29.33667492333081,29.41695940144787,29.516563038862195,29.63635893428039,29.777365140762345,29.940736210845454,30.12775190622532,30.339801582177255,30.57836132464929,30.844959150364886,31.141126109962663,31.468361221918006,31.828254418136225,32.223133432258145,32.65792844663267,33.145991492037176,33.204840498907465
1320.0,29.36465067400336,29.373846853537493,29.401514895351795,29.447892665748874,29.513374400003375,29.59850715411763,29.703985329026874,29.83064269348438,29.979441149536513,30.15145549364966,30.34785398969379,30.5698762955943,30.81881384715214,31.09600386124088,31.402860323049318,31.741004182384135,32.11266557777067,32.521704061066714,32.97589531301617,33.49354115086442,33.53241584247554
1380.0,29.542818019432026,29.55254465841174,29.581800117893817,29.63081006824262,29.699947438118144,29.789727675158453,29.90080232197042,30.03395139472006,30.190075511955527,30.370189228307172,30.57541723557791,30.806994423413858,31.066268621933574,31.354701885550064,31.673870268567093,32.02550324423921,32.41172938377884,32.835882644835706,33.30459221281677,33.83452569507394,33.849650332197115
1440.0,29.730753685709743,29.740985847008744,29.771753748256053,29.823270976946336,29.895891356586887,29.99010590398124,30.106538880417396,30.245943070723907,30.40919418503329,30.597283835734093,30.81130990373431,31.052462401789516,31.32200252809902,31.62123425293991,31.951480471577504,32.31412847031816,32.71093431814922,33.144932633611624,33.62267350516768,nan,34.152054877717404
1500.0,29.92802843658787,29.938747453521906,29.970973158815152,30.02491089102123,30.100900759126908,30.199414312028857,30.32104953911348,30.46652377704555,30.636663852183208,30.832392435184175,31.054709019618258,31.30466302811283,31.583315398330683,31.891685813893737,32.2306968025521,32.601183815486905,33.00416350827132,33.441693707252504,33.91906280913212,nan,34.41872738994376
1560.0,30.134330099226972,30.14551892316857,30.17915023554432,30.235417547614627,30.31463990407246,30.417256290378546,30.5438170068722,30.69497116939601,30.87144928888777,31.074039936559835,31.303560203625853,31.560821630363396,31.846597390061365,32.16160522895972,32.50654398183689,32.882282424087265,33.290399012317316,33.7343638585493,34.22208206176368,nan,34.714157353068764
1620.0,30.349236211176915,30.360864644551594,30.395808045263834,30.4542392027323,30.53644103797003,30.642798979678552,30.773790360550528,30.929971194525656,31.11196112555035,31.320427781850952,31.556071859658626,31.81961343059766,32.11177810191203,32.43328203390464,32.78483190452882,33.167217216024994,33.58167658604108,34.03083527989424,34.52102677595167,nan,34.986580024672996
1680.0,30.57201788402761,30.58404032305777,30.620157984246482,30.68052055859702,30.76537309677567,30.87504946935036,31.00996337282121,31.17059690142498,31.35748654693826,31.571206338823426,31.812347959929816,32.08149857740282,32.3792200076211,32.70604181902978,33.06250895338872,33.44938905749217,33.86822694369254,34.322516015515895,34.82030759270237,nan,35.27165949883139
1740.0,30.801811061604088,30.814183456531637,30.851344024274375,30.913421630202606,31.000626796234492,31.11324542320123,31.251630270964267,31.416190622722258,31.60738094155069,31.82568994576846,32.071632497704165,32.345748209562174,32.64861363207507,32.980883727265926,33.34340624072236,33.73751326565163,34.1656632608633,34.632694115605915,35.14860243622498,nan,35.59476234451049
1800.0,31.03781908275015,31.050500915539324,31.08858370045311,31.152178414867077,31.24146721699786,31.35669973523256,31.498188915468074,31.666307553630855,31.861486984149675,32.084219540450725,32.33506605585013,32.61466857880916,32.923767563633504,33.26322796525378,33.63410570728348,34.037848271712896,34.476796405797316,34.95527466231424,35.48230960362247,nan,35.909807857148365
1860.0,31.279164343571985,31.292106049764907,31.33096577810362,31.395847206379337,31.486922715386477,31.604433049790483,31.74868730777285,31.920063487263914,32.119009574484366,32.34604478282249,32.60176019216753,32.88681820114867,33.201952776382456,33.54798398215698,33.925894327724095,34.33707569988725,34.78391361202364,35.270989575490354,35.80796974139171,nan,36.2277074839566
1920.0,31.52532313312011,31.53851871279524,31.578140114668187,31.644291346401076,31.737145811767583,31.85694636900842,32.00400532959807,32.178704238920545,32.38149306677236,32.61288792843206,32.873465358513,33.1638493534215,33.48468655240483,33.83661259630235,34.22024410648744,34.63629036155433,35.085941709482455,35.5718364027986,36.10071129522665,nan,36.4923553011021
1980.0,31.776282666857057,31.789733896483934,31.830122123992524,31.897550710474505,31.992190944344976,32.11428008166332,32.264117518205246,32.4420578045222,32.64849869908044,32.88386214697277,33.1485665242758,33.44299085322605,33.76743886005123,34.1221296972177,34.50728185245972,34.923407958405114,35.37196968057213,35.85665326752565,36.38632898711275,nan,36.76532295689168
2040.0,32.0320139558391,32.045712227077,32.08683801801925,32.15548318155208,32.25179710644885,32.37598084443414,32.52827837887913,32.70896485033312,32.91833196032928,33.15667147094161,33.4242587401538,33.72133997855622,34.04813170364207,34.40485560537767,34.79186512621509,35.209961861908326,35.661029739404924,36.14925632997464,36.68407567278542,nan,37.05140427970071
2100.0,32.29212693007729,32.30603903513504,32.347799707290974,32.41748084414817,32.515198420160644,32.64110691584128,32.79539198469335,32.9782618892878,33.18993839315264,33.430647786690955,33.700612442106966,34.0000431605191,34.32913537992697,34.688085637081656,35.07717637628985,35.49701694506581,35.94906458693868,36.436717850797585,36.96815643216404,nan,37.31521432608601
2160.0,32.55589926206415,32.569986034130736,32.61226508352807,32.682791726455584,32.78165523136066,32.908974479921284,33.0648919226864,33.24956571632392,33.463159745920485,33.70583107951381,33.97771461583284,34.27890640580516,34.609453812515326,34.969379217347296,35.358797876890755,35.77822360591518,36.22918053265328,36.715404591433035,37.24580785427495,nan,37.577049261562
2220.0,32.82266511956327,32.836894865451605,32.879597876297105,32.95081453856552,33.05060904417014,33.17906469197425,33.336277308448864,33.52234689517127,33.737367849525114,33.98141862421895,34.2545528643937,34.55679708123616,34.88816820047611,35.248743742663244,35.6388482417529,36.059443611286866,36.512829850652096,37.00394163007941,37.54347087820149,nan,37.86659025788392
2280.0,33.09183728119349,33.1061785032491,33.149210946228884,33.220960183620996,33.321466406757466,33.45078111845136,33.608963240354264,33.79607546081173,34.01218189530697,34.2573481613363,34.53164465053993,34.835153792867025,35.16798572509376,35.53032035513344,35.922519052963544,36.34537387242401,36.80060176937469,37.2919137539845,37.82794565335857,nan,38.13059806463183
2340.0,33.36285476988941,33.377282055610365,33.42056988081289,33.492735856774736,33.59380838806279,33.72382532090895,33.8828320876331,34.070879180174074,34.288018577141166,34.534298770301724,34.80975905929796,35.11442777461886,35.448340133703866,35.81161399959836,36.20465101775448,36.62854701237965,37.08581627926205,37.58173968423407,38.12763414120284,nan,38.42248128379764
2400.0,33.635370288639336,33.64987148050402,33.693379424030546,33.76590694580719,33.86747453508269,33.99810915947936,34.15784298216866,34.346712507818886,34.5647589441046,34.81203069726024,35.088588868794666,35.39451727535381,35.72994316088178,36.09508813856283,36.49038917227918,36.91674725586361,37.37600997061901,37.872049264437514,38.41379024000788,nan,38.68794941588065
2460.0,33.90919515371033,33.92376204401566,33.96746629289622,34.04031859786935,34.14233666321403,34.27354497066053,34.43397427583664,34.62366045256636,34.84264205355213,35.09095597907994,35.368631853138545,35.675690343449055,36.0121627455048,36.37817128499978,36.774133730275395,37.20116660112474,37.661792098548176,38.16128881633785,38.711043464113445,nan,38.97522002056838
2520.0,34.184229982829955,34.19885974500211,34.24275199423953,34.31591543197799,34.41836394273353,34.55011570719009,34.711192121675715,34.90161685078402,35.12141558986742,35.370617365000875,35.64925862555196,35.95739323994812,36.295117926971045,36.6626362504646,37.06040018662906,37.489381226135286,37.95157983136114,38.45115862727312,38.997603293948124,nan,39.24248041623585
2580.0,34.46040612774108,34.47509394396302,34.519159673851625,34.592610094695765,34.69545627119283,34.82771315097863,34.989398790085836,35.180532785345356,35.401133084894234,35.6512098921808,35.930755486793856,36.23973137764374,36.5780627651961,36.9456664964482,37.3425559750867,37.769080415726876,38.226414863084095,38.717685139329085,39.251075943191545,nan,39.47325876244871
2640.0,34.73764444887361,34.752386516395745,34.79661388000975,34.87032956275047,34.97353694117168,35.10623679732377,35.268422270989966,35.46007083819951,35.68113248231575,35.93151406414069,36.211062823960646,36.51955952971539,36.85674705966952,37.222441745081554,37.61679051248399,38.0407384810498,38.49680859350603,38.990543910510084,39.53398855579882,nan,39.74731931324544
2700.0,35.01579077332223,35.03057119971467,35.07490947198015,35.14879571029314,35.25221063718511,35.38512159771504,35.54747763825307,35.73920465741684,35.960202312549455,36.21034515570128,36.48949163234654,36.79750732257021,37.13431516463438,37.49999490078028,37.894960848509406,38.32025675012305,38.77807997649912,39.27294737687611,39.81494987965944,nan,40.01078508588156
2760.0,35.29440624917593,35.30919819059256,35.3535676340677,35.42749516729618,35.53094762411685,35.66387714095429,35.82622026592256,36.017897260332695,36.23881137126045,36.488847399760644,36.767869083325294,37.07571755477552,37.41222083365368,37.777236097697525,38.17075653971764,38.59312997668867,39.04551581891671,39.530995234380846,40.057714979263864,nan,40.23151476489252
2820.0,35.573100721094434,35.587891702176194,35.6322571027092,35.70617398467897,35.80960297876307,35.94248617786276,36.10474331575989,36.296265240323855,36.51690345184218,36.766454848604745,37.04464306649948,37.35110417798414,37.68539684371582,38.047072196397785,38.43584807576377,38.85194098505612,39.296673624054236,39.77374030217587,40.29247256959479,nan,40.44924961854193
2880.0,35.85168455676773,35.86646178064665,35.9107822954626,35.98461168862026,36.087889392389215,36.22052363973393,36.382384073134006,36.57329198934645,36.793008788207,37.041224673084976,37.317553181138415,37.62154457348614,37.952743324814186,38.31082752323425,38.69587232094288,39.10878364086569,39.55201154660638,40.03092694257198,40.5572767279979,nan,40.7024760812748
2940.0,36.129745869221814,36.144478263184396,36.18865865708812,36.26223585883927,36.365121916707146,36.49718865000611,36.65826382673613,36.84812814194447,37.06651450641087,37.313111418828456,37.5875726513365,37.889536980680454,38.218664715666904,38.57470038889899,38.95757271867871,39.36756410163805,39.805683982208095,40.2746836283492,40.782103722927346,nan,40.905871764546745
3000.0,36.406670599841874,36.421329346263605,36.46528585301453,36.53848062567857,36.64081349819512,36.772142000257475,36.932278660559824,37.120986521459294,37.33797181676672,37.58287322364436,37.855249949127405,38.15457835952346,38.48027943218738,38.83181222554052,39.208875167473316,39.61176844459216,40.04204065115454,40.50380191109845,41.00705501824431,nan,41.11631699620071
3060.0,36.68206666510758,36.69663654725081,36.74032364997345,36.813059655810065,36.914728375088366,37.045162149496576,37.20413672406043,37.391364781314735,37.60648886807628,37.8490756186585,38.11861573204502,38.414538988291156,38.73626008961915,39.08327547986364,39.45533229031001,39.85270758745629,40.27672514163619,40.730916139721586,41.22419303168363,nan,41.31700104497797
3120.0,36.95558948712729,36.9700473497294,37.01339432957607,37.085549961457595,37.18637802412453,37.31568346183183,37.47320827802344,37.658626739940566,37.871540848314034,38.11147888520075,38.37790450642452,38.6702529117019,38.98802319877173,39.33096601555797,39.699407294599006,40.094755619060265,40.52030764489176,40.98273955862722,41.49576686747252,nan,41.57903526698432
3180.0,37.22677546715866,37.24109766839545,37.284034673315105,37.355497516400334,37.45533756549531,37.58334675439438,37.739259571984455,37.92275871596447,38.13348708978657,38.37106966780972,38.635149778867024,38.92544548928797,39.241831735933204,39.58445074734249,39.95385262064315,40.35119773862316,40.77867075671234,41.2405766269992,41.74663151080894,nan,41.81361179935071
3240.0,37.49530147636473,37.50948221885402,37.55199691341555,37.622763821174196,37.721649639051094,37.848474045984204,38.00301616030317,38.185022587215315,38.39421637699656,38.63030648393454,38.89299945943116,39.182020296961305,39.49715672103974,39.8383474020792,40.205840840962296,40.60047819671703,41.02424977507738,41.481560465285085,41.98266445652496,nan,42.03489986437324
3300.0,37.76135684765895,37.77542003725112,37.81758648697007,37.88778742788305,37.985910099536994,38.11180016345466,38.26526437821399,38.44607298729771,38.653961602917505,38.88863368394888,39.14976791172665,39.437040313409824,39.75017722086386,40.089058777559664,40.45389659870474,40.84553522316128,41.26602439138707,41.71989666911493,42.21761997005902,nan,42.25552164219081
3360.0,38.025408168467806,38.03937388302886,38.08124971327306,38.15097184874629,38.24843431698384,38.37348937159587,38.52594772362991,38.70557844552026,38.9121086730771,39.14522416074215,39.40457383907982,39.68978477544268,40.0004967336348,40.336426233789496,40.69747512047357,41.08393264278266,41.49692765233627,41.939569760957234,42.42018995083872,nan,42.4431611735319
3420.0,38.28768435760344,38.301557138123044,38.343153919476045,38.41240978214855,38.509215623380655,38.633416418978,38.784808021801815,38.963131841509444,39.16806712049399,39.39922215793654,39.65612983246575,39.93825953084525,40.2450651947807,40.576094412338605,40.93118900462447,41.31083199664473,41.7167813434562,42.153393633377355,42.631057953102015,nan,42.64066309326132
3480.0,38.54814862152505,38.56191879056202,38.60320474396722,38.6719321237554,38.767974666469534,38.89115070075616,39.041218367287534,39.21787000543578,39.420726832215884,39.649336337194555,39.90317687590238,40.18167609538379,40.484250162379695,40.81036899859121,41.159657959554536,41.53208320233556,41.928374935318146,42.35111154522377,nan,nan,42.80432183492212
3540.0,38.806471934425105,38.82011574830117,38.86101860878693,38.929094062578145,39.024195609269704,39.14611291067259,39.29456611073675,39.469197962376825,39.66956388802913,39.89512174595104,40.145226829353525,40.41914351917511,40.716091134646135,41.03534580952978,41.37642697617441,41.739423297899215,42.12559432927055,42.53862904066486,nan,nan,42.97201423771243
3600.0,39.06217001739513,39.07565967883823,39.11609503986529,39.18337426480271,39.277324420413564,39.39769675104142,39.5441604155127,39.71629557261524,39.91358806705156,40.13543079203135,40.38114168247964,40.65001470020012,40.94142559871531,41.255016277682174,41.590984242961326,41.950524529323566,42.33655168763819,42.75510001488882,nan,nan,43.1893983137312
3660.0,39.31471157756017,39.32801970992193,39.36790591001831,39.43425526019656,39.52687538060477,39.645496019934114,39.78977032341503,39.95927985842769,40.153546390000784,40.372054436676805,40.61428934204272,40.879794646133554,41.16824844410299,41.47955364701844,41.81394456866731,42.17215718783602,42.55582872580637,42.968581985384375,nan,nan,43.37655966545876
3720.0,39.56365285554027,39.57676611558844,39.6160688033603,39.6814502920164,39.77272840674946,39.88965280372523,40.03190970456138,40.199127814712085,40.390885423431,40.60671981324699,40.84614282452691,41.10867048369706,41.39387868438068,41.70150112717865,42.03159664659655,42.38484695945313,42.76313639453636,43.170829957642965,nan,nan,43.561500115184536
3780.0,39.809049920482536,39.821984257293614,39.86075312440723,39.92525447696301,40.015319465635415,40.13071409983774,40.271141359385275,40.436243962942264,40.62560896577851,40.83877738908482,41.07526527203474,41.334605964444414,41.6164255069949,41.92056433102294,42.24726726542524,42.597497875789394,42.97352827198731,43.380234647871475,nan,nan,43.75746530036853
3840.0,40.05121003041667,40.063978355646874,40.10225065230815,40.1659291783315,40.25485204336529,40.368794854038505,40.507473362773744,40.67054774800905,40.857629886564695,41.06829623399565,41.302110426001555,41.55866036887375,41.83761347467704,42.138793704699324,42.462296137714915,42.808697974303705,43.17953075118633,43.57845574554698,nan,nan,43.932000153722036
3900.0,40.290321842977505,40.302933136452175,40.340736003196696,40.40363769462871,40.49148455238876,40.604063206050434,40.741101899464816,40.90227177872173,41.087188519769825,41.29541607576404,41.52647664906265,41.77987352445756,42.055135328069916,42.35189366058717,42.67001911752449,43.00987850456704,43.37286872105842,43.762644896847746,nan,nan,44.0944967164517
3960.0,40.52655477898432,40.53901625809698,40.57636995683248,40.63852350700714,40.725322383073966,40.836548818319045,40.97191999977365,41.13108570784378,41.31362652911476,41.519055670438206,41.7468301106559,41.99637942099439,42.267162207273465,42.55876287771382,42.87105322127111,43.20447858259196,43.56061821574959,43.943433135563374,nan,nan,44.2569319287327
4020.0,40.759932206885665,40.77223785211191,40.80912213413055,40.87048671071594,40.956166414299,41.06592741262196,41.19946488235759,41.356400831668765,41.53628356746707,41.738591646864435,41.96274651398726,42.20813836361068,42.474168857764994,42.76031589661433,43.06623958255694,43.391989744184976,43.738470713421776,44.108575494123535,nan,nan,44.39696424837908
4080.0,40.990243529437855,41.00237861478027,41.03874875458306,41.09924814937743,41.183698927907336,41.29184872455932,41.42336713558276,41.57784119605751,41.75477072115153,41.95356572419573,42.1735499355243,42.41397597341286,42.67405887707847,42.95303857927629,43.25029608789728,43.56558437348934,43.89951843159278,44.254708930015234,nan,nan,44.518693879698695
4140.0,41.21718010115416,41.22912569218231,41.26492362927976,41.324456610984384,41.40752644751317,41.51384992749766,41.64305303686454,41.79466418480175,41.96810856415215,42.16270857309908,42.37769940599979,42.612273804290496,42.86567461609694,43.137358578531156,43.42726284169852,43.736227069532305,44.066694055488966,44.42407690805983,nan,nan,44.68282977460363
4200.0,41.44029460468703,41.45202191995489,41.487160296838226,41.545578506144764,41.62705629995413,41.73128290784293,41.85785675013506,42.00628868522585,42.17601228619609,42.36640556695474,42.57682812759388,42.806674610851005,43.055440424225075,43.32279478828791,43.608671261655594,43.91343258879359,44.2382710948889,44.58627801344798,nan,nan,44.823250273871345
4260.0,41.65907328301184,41.67056270267833,41.70498691386964,41.762214115514766,41.84202583267557,41.94411887350264,42.06810838805155,42.21353247260293,42.3798594102976,42.56650003030436,42.77282987166945,42.99822863650678,43.24214804759043,43.504225583635474,43.78447490450279,44.08361334736282,44.40366498887135,44.74924614245384,nan,nan,44.97527730661382
4320.0,41.873398814757145,41.884655698910805,41.9183838606276,41.97445614941372,42.052661767457636,42.15270817637341,42.27422447060923,42.416767579755856,42.579834084710384,42.76288250058795,42.96537315107726,43.1868345057446,43.42696613841689,43.68579172211332,43.963886558534,44.26273552213034,44.58536696451089,44.93771168232681,nan,nan,45.158554165511845
4380.0,42.08343020492486,42.094465012726694,42.12752952133575,42.18250482174665,42.25919567946726,42.35733554933048,42.47659486208328,42.616593952899876,42.77692221072971,42.95716425661399,43.15693099069248,43.37588754402414,43.613764095269104,43.87033762451066,44.14539656185751,44.43875958711876,44.75053300096925,45.08205442349688,nan,nan,45.27293464751399
4440.0,42.28947891286992,42.300316890573654,42.332796190288,42.38681366517421,42.46219968755371,42.55872075236983,42.67608144213547,42.81392418714443,42.97182539578375,43.149287610039025,43.345729727371214,43.560481362105705,43.79279387231819,44.04189085022456,44.307096716285564,44.588108677525256,44.88554255029774,45.202119516750145,nan,nan,45.3749808112851
4500.0,42.49206128630428,42.502722756169405,42.53467226101443,42.58780436579373,42.66194079929054,42.75682623958956,42.872122033339856,43.007398485697244,43.16212803975526,43.33568427179006,43.527354826360536,43.73637968352736,43.962029501848,44.203743370618476,44.46135407223725,44.73545119251663,45.02800444564859,45.343643260434995,nan,nan,45.507834190553936
4560.0,42.69116853842173,42.701631490312835,42.73298015396267,42.78509322949318,42.85776632997161,42.950709399078896,43.063544857485894,43.19580879854341,43.34695875970849,43.51639256207998,43.70348264763557,43.90762883588521,44.12833086589725,44.36528487588576,44.618522354601645,44.888647493072995,45.177320131559846,45.48841482171169,nan,nan,45.639459731502335
4620.0,42.88625930024808,42.896497383331074,42.92716955705063,42.97814975470709,43.04922854319908,43.14011466942379,43.2504383847814,43.37975800770725,43.527572114766635,43.693341035998834,43.87652287479047,44.076631147491746,44.293324113600676,44.52654169991631,44.776717942552814,45.04512518069282,45.334489976904486,45.65032698435828,nan,nan,45.79488179497641
4680.0,43.07707847656101,43.08709204421415,43.11709266580271,43.16696081303697,43.23649981864936,43.32544030151443,43.43344771860725,43.56013466584936,43.705080087461525,43.86785745682106,44.048072504590365,44.24540816859349,44.45967242685373,44.690849252340996,44.939172584657804,45.20528929344373,45.49067841356167,45.79878869879368,nan,nan,45.928033469656775
4740.0,43.26383405928349,43.273644610541496,43.30304113462339,43.35191921771769,43.42010805412691,43.507375167650544,43.61343288609842,43.73794668438519,43.880546031470836,44.04083934812125,44.21843623683129,44.41298270325969,44.62421965702028,44.85208309993475,45.09687862035148,45.35959214089424,45.64248181193808,45.95040016560764,nan,nan,46.07042180613333
4800.0,43.44704650042253,43.45668357523737,43.48556356616267,43.533593332741944,43.60061952682265,43.68643155346842,43.790766204290456,43.91331489386682,44.05373502776529,44.21166724399438,44.386759527880606,44.57869766934053,44.78724134156883,45.01227097240081,45.25386940669515,45.512504417621706,45.78947380554949,46.08806832237321,nan,nan,46.19363266327056
4860.0,43.627176780408064,43.63665923554143,43.66507785318423,43.71234674585301,43.778323908326755,43.86281279472435,43.96556435193317,44.086279538566465,44.22461255375422,44.38017508427304,44.5525417444744,44.74125710611999,44.945847274328976,45.1658472556741,45.400873676878945,45.65080833351387,45.916240084336586,46.199580944242385,nan,nan,46.28986393896341
4920.0,43.8045004732305,43.81383717223565,43.841818392226024,43.888357136013816,43.95330709678447,44.036460442543394,44.13754449487536,44.256217797439255,44.39206735132369,44.54461104629447,44.71331281180048,44.89762296679077,45.09706249907812,45.31137655484281,45.540789299017284,45.78640947446372,46.05090970090938,46.33992219784473,nan,nan,46.424339371441896
4980.0,43.97899303651159,43.98817093507697,44.01567239407556,44.061400318021946,44.125191820486386,44.20681748638453,44.30598223346101,44.422329847281574,44.55545337998556,44.70491212582962,44.87025180080851,45.051018311988884,45.24675100128214,45.456946635715944,45.681010786519565,45.918267170417835,46.16819412370553,46.43131192434786,nan,nan,46.497402672736854
5040.0,44.15032488073993,44.15932851576405,44.18630621878101,44.23115820782305,44.293717459947075,44.373748149448126,44.47094248032834,44.58491501801549,44.71519378483574,44.86120835023912,45.0222776330655,45.19760503386151,45.38629625337563,45.58742481471243,45.800180515612695,46.02415221734495,46.259852987728834,46.50985025807178,nan,nan,46.565257058425765
5100.0,44.31828739169821,44.327103326782726,44.353513366535026,44.397403028981124,44.45857756561086,44.536756175995116,44.631564555277485,44.74252724302505,44.86906260966647,45.01048500812062,45.166020453972834,45.334844238741084,45.516151485392626,45.70927547448286,45.91387579239448,46.13023873863887,46.35980397948083,46.60632233565744,nan,nan,46.65350782382046
5160.0,44.48236786079057,44.49095592258805,44.516675692017245,44.55939317441147,44.61888281879637,44.69482517214548,44.78680584276876,44.894318587553194,45.01677685199931,45.153540009210666,45.30396292341248,45.46748035566958,45.64374082027939,45.8328071587281,46.03544508452095,46.25353990608552,46.490767929006445,46.75401863532008,nan,nan,46.79685133956405
5220.0,44.64183710301444,44.65016862349683,44.67511780576797,44.71654934139254,44.774240911947196,44.84788951156979,44.93712335051894,45.041522111305554,45.160648034770986,45.29408819598599,45.44150371764857,45.60267544262565,45.77753172894317,45.966150133338026,46.16875022042958,46.3857491060641,46.61805920909189,46.86811838313951,nan,nan,46.89983849980402
5280.0,44.796580551443654,44.80467715193117,44.82892935069627,44.869225977644035,44.92538712827049,44.9971718986623,45.084288379516366,45.18640472287873,45.30315936936607,45.434167798319656,45.5790230425928,45.73728892797275,45.90849032878382,46.09211537996982,46.28766224735628,46.49479357031167,46.71373533660644,46.946330119971336,nan,nan,46.96825724960221
5340.0,44.947357428910905,44.9552664762493,44.978961220347145,45.01834467930457,45.073255723073785,45.143469216575646,45.22869529789078,45.328577643134324,45.44269175974621,45.57054669899569,45.71159753236828,45.86528161756997,46.03109810468485,46.20875507873884,46.398411903497085,46.601057523984345,46.819139443874974,47.057902614451116,nan,nan,47.07317453324353
5400.0,45.09474970318152,45.10247972372972,45.12563581122039,45.164115850468924,45.2177492271465,45.28629703311819,45.36945420704701,45.46685560186919,45.57808806917138,45.702709464842684,45.840272494081916,45.99034728893523,46.15253469130248,46.32646816864875,46.51182316975328,46.70839671812894,46.916411850655436,47.137490181343175,nan,nan,47.14436861928377
5460.0,45.23863912783142,45.24617817838126,45.26876144936759,45.30628746759178,45.35858766548912,45.425427193898805,45.506506092615716,45.60146115496343,45.7098697467906,45.83125909753092,45.96512901327897,46.11100280277224,46.26852882721221,46.4376598853639,46.61893838658535,46.81392545526026,47.025890025508225,47.261256550410764,nan,nan,47.262259510283684
5520.0,45.37894099246574,45.38628970401919,45.408301900566485,45.444876093027965,45.49584451732828,45.56097631889296,45.63998435170275,45.73253792476048,45.838283753236546,45.95687574029665,46.08801046626678,46.23146025777317,46.38709302153409,46.55487424156929,46.73486972469178,46.927316808851316,47.13293353078472,nan,nan,nan,47.348890004963735
5580.0,45.51569933820219,45.52286684446238,45.54433922727699,45.58002696816469,45.62978380123716,45.69341095872467,45.77066269431235,45.86125244866655,45.96485872694088,46.08112983786495,46.2096878087237,46.350134950730876,46.50207230732787,46.66514759682886,46.83916224312353,47.024291257746846,47.2215453395224,nan,nan,nan,47.42329120900625
5640.0,45.6492713987582,45.65628068364885,45.67728054920047,45.71218706252133,45.76086041391266,45.823104960683864,45.89866931226295,45.98724680439975,46.08847711921318,46.201950313775335,46.327215278180205,46.46379611199802,46.61122286232526,46.76908870494314,46.93715680493267,47.1155663584422,47.30526616395102,nan,nan,nan,47.493423704556186
5700.0,45.779901800995255,45.78675306036213,45.807277316521585,45.841385709410446,45.888929235241356,45.949697709698626,46.02341912436575,46.10976059541388,46.20833304013613,46.31870324889925,46.44041946566872,46.57306002324179,46.716318388591574,46.870141248774075,47.03494097521024,47.21192359171122,47.40365976752739,nan,nan,nan,47.59307800512189
5760.0,45.90744365253399,45.91412468135855,45.93413682484441,45.967387476648945,46.01372330897681,46.07293276726979,46.14475148287156,46.22887225846726,46.32496088932314,46.43267748389903,46.551699996535085,46.681743431706956,46.82256766540537,46.973974100918156,47.13581235850722,47.3080604528808,47.491133318267295,nan,nan,nan,47.66137610054664
5820.0,46.031760976626515,46.03827423392323,46.05778539247976,46.09020911569539,46.13540480113314,46.19317880030085,46.26328697517733,46.34543680426881,46.43928782790775,46.54444901962277,46.66047229669319,46.78684369483815,46.92297855226994,47.06823495207027,47.221971941292146,47.383702583972635,47.55345945171841,nan,nan,nan,47.70474886369712
5880.0,46.153035624785836,46.159390943455854,46.178427844348924,46.21005866684277,46.25413558521955,46.310447815699455,46.37871748260358,46.45859437316548,46.54965060127834,46.65137772562758,46.76319144122439,46.88445258564524,47.01451715060557,47.15283119780316,47.29909036159016,47.45349899075626,47.61723414430623,nan,nan,nan,47.76097174796119
5940.0,46.27120949435868,46.27738842512374,46.295891543246675,46.32661718572618,46.36939399719011,46.42397889692259,46.490056209486625,46.56724065182256,46.65508879483829,46.75312663154166,46.86090513102988,46.97810031952465,47.10467711658219,47.24113421511098,47.38884351367339,47.55051257771758,47.730903478738476,nan,nan,nan,47.89326646975127
6000.0,46.38581400032658,46.3917939193417,46.409699622026395,46.43943014647697,46.48082180713403,46.533657078643316,46.597680870290645,46.672627288506966,46.7582590881643,46.85441892672705,46.961085934651464,47.07842450788958,47.20680930023612,47.346818954357296,47.49921972145288,47.66501769674463,47.84577762342895,nan,nan,nan,47.99709017852784
6060.0,46.49685758063297,46.502672041110266,46.52009245893315,46.54905230853715,46.58944851940351,46.64115280592179,46.70402642461655,46.77793652939564,46.86277102259435,46.95844758647869,47.06491228042152,47.18212503066793,47.31003511725671,47.44856091706756,47.59760669854007,47.757182528267464,47.92777819045999,nan,nan,nan,48.062952267012214
6120.0,46.60545698394665,46.61117675440342,46.6283217388963,46.65684962344935,46.696691819597994,46.747755377638576,46.80992373983019,46.88305451488497,46.96697208656442,47.06145273443032,47.16620043650877,47.28081342482238,47.40474605601329,47.5372790438209,47.67752544812214,47.82452575672742,47.97755139376329,nan,nan,nan,48.09126001115923
6180.0,46.712580687193956,46.71822770726762,46.73515240118547,46.76330453001813,46.80259640088178,46.852896458796046,46.91401978701747,46.9857161374257,47.06765845170513,47.15943949115573,47.260591529467504,47.370652610124175,47.48930826244916,47.616634335906284,47.75345563438148,47.901838154410086,48.065825030597104,nan,nan,nan,48.19218324629191
6240.0,46.81805866107307,46.82359640702925,46.84018586902355,46.86775524036842,46.90618380653512,46.95530237248847,47.01489779562834,47.08472511184204,47.16453024666286,47.25408364827419,47.35321990268282,47.461871886170165,47.58008483241808,47.708003317775024,47.84585035600255,47.993969778555,48.15310984167575,nan,nan,nan,48.26616579586708
6300.0,46.92118570743754,46.926593036847656,46.942793234755534,46.96972187501185,47.007274742293426,47.05531252664253,47.11366701111285,47.18214784439757,47.26054840861967,47.348649229505455,47.446218623777945,47.5530135289295,47.668788888308036,47.79333139709234,47.92654436082625,48.06863478750532,48.22053563840372,nan,nan,nan,48.32404202063934
6360.0,47.02204285569756,47.02734055530455,47.04321432915712,47.06960630977999,47.10642034438626,47.15352222083547,47.21073959279878,47.27786125385172,47.3546352969643,47.44076556523511,47.53590585741857,47.63965218957416,47.751536163276015,47.871028925907844,47.99757808306176,48.13072673769323,48.27043799316284,nan,nan,nan,48.35993030315575
6420.0,47.12088745095181,47.12607613916076,47.14162067478015,47.1674558292005,47.203470697355606,47.24950524226616,47.30534517160242,47.37071502437014,47.44526967134183,47.52858527173927,47.62015236002342,47.71937627181321,47.82559333051445,47.9381149887972,48.056318221349564,48.17981800996396,48.3088244752995,nan,nan,nan,48.38783242400858
6480.0,47.217475177101434,47.2225285380248,47.23766121531523,47.26278996286752,47.297772690198215,47.34240376037204,47.39640810610158,47.45943498846586,47.531052615732364,47.610745374874504,47.69791619493791,47.791897675745346,47.89197725751364,47.99744453417506,48.10767523286063,48.22228496128539,48.341451613675964,nan,nan,nan,48.41091629306213
6540.0,47.31114801668823,47.31602567392535,47.33062497958557,47.35484413605561,47.38851099469645,47.43138001153175,47.483129612010096,47.54336237509918,47.611612688645536,47.68737041600494,47.770134628896905,47.85951690278453,47.95541523923052,48.05827380232394,48.16943424011972,48.2915956929787,48.429513538611666,nan,nan,nan,48.51260965025032
6600.0,47.40118845600432,47.405859773331656,47.41983848526123,47.4430199911141,47.47523430390045,47.516254655067755,47.56581333186652,47.623627255781116,47.68943381320324,47.76303248896198,47.844319860984776,47.933297151279234,48.03002745790013,48.134533088731665,48.24665819508632,48.36597829783117,48.49193248329239,nan,nan,nan,48.5586825095687
6660.0,47.487471797080595,47.49196412151834,47.50541562673763,47.52775167308184,47.55885344345215,47.59856516581561,47.64670163197411,47.703053020805086,47.76738330742508,47.83941897373245,47.918827248752784,48.005188104541574,48.097971013566756,48.19653439861922,48.300172526352135,48.4082487248083,48.52051237486162,nan,nan,nan,48.5765555002799
6720.0,47.57090533517234,47.57526800468956,47.58833359348187,47.61003449126287,47.640256653492486,47.678836977302666,47.72555878419732,47.78014538389,47.84225299837915,47.911466715335806,47.98730654128243,48.069254188972245,48.15681328689582,48.249614986386376,48.347580168460894,48.45116271603894,48.56177602836806,nan,nan,nan,48.61559512364221
6780.0,47.65188342435596,47.65610653071559,47.66874902476602,47.68972994268949,47.71891296298192,47.75610523695075,47.80105768031941,47.85346890238191,47.91299584682172,47.97927519920914,48.05196051987838,48.130780581662606,48.21562432192034,48.306658082397,48.404486057940844,48.510390441384914,48.62678973136663,nan,nan,nan,48.681376100349404
6840.0,47.73000845079918,47.73407196473734,47.746235374447295,47.76641807744448,47.794488657074474,47.83027014557772,47.87354882328478,47.92408705883117,47.98163922306027,48.04596685344826,48.116845340391805,48.194051293678015,48.27732119449008,48.366282518887466,48.460381028765646,48.55886391814164,48.6609490740307,nan,nan,nan,48.70334559732278
6900.0,47.805225825999095,47.80914587665846,47.82088314885692,47.84036951781071,47.86749296030135,47.90209917664077,47.94399278104822,47.99293788624259,48.048659981989275,48.11085557539371,48.17922323384278,48.253537320795544,48.33378900008523,48.42041339506445,48.514610749446575,48.61877879807414,48.73718880715136,nan,nan,nan,48.78734862126426
6960.0,47.8779184534421,47.881710124191336,47.89306331532813,47.91191341113754,47.938155979284076,47.97165317427091,48.012245592544005,48.05977182062713,48.1140968995689,48.175147893939986,48.24294963351157,48.317648402643904,48.39951059252628,48.4888935535981,48.58621252882907,48.69197663256655,48.807075246271445,nan,nan,nan,48.8504103004307
7020.0,47.94834690375669,47.95203471922724,47.96308396793464,47.98145366105764,48.00708070608677,48.03988722161522,48.07978950470579,48.12670700833381,48.18056913957776,48.24131777619666,48.30890473663645,48.38328648277196,48.46442316145079,48.55229578727021,48.64696598081504,48.748728111436506,48.858493243799664,nan,nan,nan,48.896596269635786
7080.0,48.017267924961,48.02089769331588,48.0317777120853,48.049880479156705,48.07516119342859,48.107558778250585,48.14699627204075,48.193379561837624,48.24659312898931,48.30649117089149,48.372882394519316,48.445507636684,48.52401250272791,48.607924086796174,48.696653531453194,48.78957079223316,48.88626767339237,nan,nan,nan,48.91625568413257
7140.0,48.08525387063988,48.088835480856126,48.09956922550145,48.1174210921245,48.14233175814557,48.174212270166954,48.21293749657949,48.25833756429771,48.31018889804487,48.36820918831297,48.43206453701776,48.50140100048401,48.575914522096596,48.655471272813124,48.74028825298798,48.83119891239704,48.93012219230935,nan,nan,nan,48.95930633279708
7200.0,48.152127517016616,48.15563380670763,48.16613586545132,48.18358269643713,48.20788769410854,48.238927194916606,48.27654035838432,48.320532104255484,48.370680788454735,48.42675156565548,48.48851494152258,48.55576855292871,48.62836049711887,48.70621734805026,48.78939323324035,48.87818719075622,48.97346845063357,nan,nan,nan,48.99852780329155
7260.0,48.21725368959025,48.220653895433664,48.23083637539288,48.24774693254329,48.27129604035836,48.301360303554375,48.33778493734572,48.38038759815531,48.42896406628964,48.483296794760875,48.54316838666594,48.60838365025905,48.67880588575427,48.754415959798244,48.83540975713879,48.9223733370557,49.01666868362758,nan,nan,nan,49.040479966605716
7320.0,48.280361372793365,48.2836552929731,48.29351961253322,48.30990232679796,48.332717865634045,48.361848844551574,48.39714846204691,48.438442801053675,48.48553087213242,48.53817783523105,48.59609392106052,48.658889953966536,48.72600328910311,48.79659853210893,48.869465978417495,48.94296476778071,49.01509828017811,nan,nan,nan,49.03100174810215
7380.0,48.341505973639876,48.34469630634929,48.35424889099615,48.370107723852904,48.39217665540815,48.42031431774533,48.45432566406307,48.49394991851025,48.53884699894824,48.58858903714053,48.64267019595231,48.700554165888825,48.76177993336542,48.82613884063761,48.8939231039967,48.96624875185908,49.04554238571907,nan,nan,nan,49.06381262844213
7440.0,48.40051607195055,48.40357592488893,48.41273052110112,48.427904413196714,48.44897038343704,48.475748596384385,48.508007987215294,48.545471807537496,48.587828208975836,48.634743867067655,48.68587401259805,48.74085771908837,48.79928695034773,48.8606463482276,48.9242400178154,48.98915056149486,49.054328608957896,nan,nan,nan,49.067447983682044
7500.0,48.45677124959905,48.45967502813868,48.46836057853915,48.482750638511334,48.50271668166438,48.528079063235836,48.558606931720504,48.59401828635926,48.63398231450812,48.67812976728942,48.72608245357385,48.7775179297371,48.832286270568225,48.8905894764989,48.95322479692005,49.021902694445636,49.09975149801708,nan,nan,nan,49.11598862584428
7560.0,48.51006197932241,48.51280734107078,48.521017730541296,48.53461679798806,48.5534801190111,48.57744068158478,48.606298867272635,48.63983849881842,48.67784939151817,48.720154034387136,48.76663171338759,48.81722941483879,48.87194905472667,48.93080948984574,48.993802108660255,49.06089325390041,49.13220365291831,nan,nan,nan,49.145388507576236
7620.0,48.560476754597424,48.563082674168285,48.570880915792124,48.58381415834928,48.60179081743354,48.62469038617647,48.652369561241606,48.684667523483334,48.72140821414343,48.76239736621165,48.807412859730874,48.85618903190752,48.90839901562101,48.96364396583376,49.02146488345586,49.081407268354674,49.14322157764335,nan,nan,nan,49.15368200783523
7680.0,48.60861119642545,48.61111172018237,48.61859665789376,48.63101611699588,48.648286818074766,48.67029141721228,48.696876748938564,48.72785063880194,48.76297758763966,48.80197488683401,48.84451248871139,48.89022174477112,48.938719182309725,48.989651562398066,49.04276967619025,49.098049770261945,49.15593981248692,nan,nan,nan,49.165163020421595
7740.0,48.65481080094054,48.657205609025596,48.66437115820434,48.676250509398834,48.69274783265143,48.713727479283534,48.73901389234117,48.76839427813416,48.801627661676854,48.83846646611501,48.87869961199414,48.922227889567985,48.969180993176536,49.02008064244844,49.076051280730915,49.13909937843878,49.21259678808206,nan,nan,nan,49.22417791061576
7800.0,48.69889270288113,48.70117077669875,48.70798671798756,48.71928681027467,48.73498562849637,48.75497333186995,48.779127690088,48.807331308097794,48.8394922054927,48.875561502409234,48.91553612762382,48.95943009778102,49.00720016762676,49.05862544508369,49.11316628063089,49.16986091609877,49.227368070107644,nan,nan,nan,49.23483003025582
7860.0,48.74096170657709,48.7431508543932,48.74970686235431,48.76059623025193,48.77576549421043,48.79514373738838,48.8186443974012,48.846165999439904,48.87759414884647,48.91281263988217,48.951739394070906,48.99440995542286,49.04113181314989,49.09272292934576,49.15083394310666,49.218365826095216,49.30013295312503,nan,nan,nan,49.31105477343575
7920.0,48.78166686831387,48.78379530601535,48.790171777572816,48.80077091470558,48.81555471169955,48.83448034433933,48.85751356780807,48.884648858922596,48.915935087251455,48.951500412724585,48.991562892053395,49.03640736085757,49.086310963576786,49.14141570510807,49.201578047705155,49.266269452015905,49.33467548787482,nan,nan,nan,49.34211544962752
7980.0,48.821477419638015,48.82357924436592,48.829884049804676,48.840390917584074,48.855101528697766,48.87402347554183,48.89717177023904,48.924565411146965,48.95621555365591,48.99210271234301,49.03214301442048,49.07614774189832,49.12378530507855,49.1745590197547,49.22781764972334,49.282824590358274,49.338956146135594,nan,nan,nan,49.344282192441504
8040.0,48.861163555477454,48.863269508590164,48.86958589145414,48.88010723751872,48.89482079694867,48.91370056244979,48.93669833495046,48.963732419755786,48.994676478081175,49.02935417924063,49.067549040980175,49.10904157487412,49.15368525141496,49.20152791134244,49.252980514521276,49.30904764262926,49.371724020766585,nan,nan,nan,49.3772580778398
8100.0,48.90071031579823,48.902789695784655,48.90901971737592,48.919375428233536,48.93381352259916,48.952270651272855,48.974662512414774,49.000884166474904,49.030810178365556,49.06428957413915,49.10112578185537,49.141028223095105,49.18352436565626,49.227832503684475,49.27271521415005,49.316353550000635,49.35629636687866,nan,nan,nan,49.35887929813914
8160.0,48.93944913663268,48.9414725849272,48.947531527157125,48.95759086058309,48.97158889489216,48.98943199522214,49.01098655055921,49.03606967457859,49.06444411613947,49.09583014589658,49.12995658010117,49.16668009118144,49.20619927122129,49.24937305405512,49.29813056428924,49.355967431684924,49.428674477083,nan,nan,nan,49.43352523873303
8220.0,48.976890219919966,48.97882906658653,48.98463029655384,48.994248822894534,49.00761303613951,49.02463252057605,49.04521306090719,49.06928111069515,49.09681649450335,49.127884959250046,49.16265219936782,49.20135281657592,49.24418961710742,49.29115830185778,49.34182980979291,49.395167308312786,49.44950859925145,nan,nan,nan,49.45200047536214
8280.0,49.01275944015112,49.014631387083845,49.020240850328825,49.029570039834,49.042593331276734,49.059281720904586,49.079606001895364,49.10353632759162,49.131037181697444,49.16206059037325,49.19654664722307,49.23444696863466,49.275789448692485,49.32079839196231,49.37007636817636,49.4248630737924,49.48748292818781,nan,nan,nan,49.48979408058925
8340.0,49.0478217302865,49.04966781631259,49.055201885339656,49.064411542390275,49.0772767633968,49.09377102036492,49.113862962885925,49.13751785012125,49.16469571757435,49.19533914199797,49.229338147495646,49.26645631079693,49.3062055298977,49.347671126900856,49.38931149441594,49.42877531976901,49.462776673878196,nan,nan,nan,49.46343274162729
8400.0,49.08245112649686,49.08427361812727,49.08973521756063,49.098817136100685,49.11148377806953,49.127675014431574,49.14729331385929,49.17018539712925,49.196121213073155,49.22477900188668,49.25575316024582,49.28860795110825,49.32299893881621,49.35887128683372,49.39672476011499,49.43793266666349,49.48518572918192,nan,nan,nan,49.48570294191157
8460.0,49.11637485167462,49.11813598857366,49.123404473791155,49.13213467936941,49.1442482262605,49.159632266806184,49.17814058384518,49.19960055803384,49.22382862675746,49.25065481348912,49.27995323043174,49.31167149760016,49.34585072612335,49.38263264926859,49.422264441752475,49.465139347282104,nan,nan,nan,nan,49.511886668974654
8520.0,49.14874026394574,49.15040685764366,49.15539198412876,49.163652516477306,49.175119481317076,49.18970279987471,49.20729868138131,49.22780058617346,49.251115553583375,49.277189358970155,49.3060462665499,49.33785104470855,49.373000854318825,49.41225243270531,49.456891069808066,49.50897237780654,nan,nan,nan,nan,49.5708187604001
8580.0,49.179470127029546,49.1810640473907,49.18583724314391,49.19376570695067,49.20481522266392,49.21895053961572,49.23614872769519,49.25641595257784,49.27980450268651,49.306422833787295,49.33642659991315,49.3699760302727,49.40714913209205,49.447814648954775,49.49149255341267,49.53725853244618,nan,nan,nan,nan,49.58258629419444
8640.0,49.20926146807874,49.21083220641208,49.21554374204907,49.223394632938465,49.234384003954695,49.24851225527876,49.26577903262693,49.28617601473719,49.309672672314186,49.336195164106435,49.365601984991414,49.39766396981513,49.43205894771415,49.46839115551701,49.506243553790384,49.5452756981858,nan,nan,nan,nan,49.58387329547942
8700.0,49.23890582435881,49.2404727355686,49.245170132258124,49.25298698378655,49.26390144364582,49.277875491993115,49.29484727769988,49.31472130990596,49.337356919898525,49.36255559072063,49.3900477455014,49.419479568239844,49.45040087949148,49.48225667412058,49.514388350953304,49.54605813648315,nan,nan,nan,nan,49.57505016556368
8760.0,49.26820741787688,49.2697361355746,49.274311987908696,49.28190290444678,49.29245158287447,49.305869902211306,49.32203165501411,49.3407646136088,49.361843980103146,49.384990811908345,49.409880723046626,49.43616912115542,49.46353822244586,49.491767737938616,49.52082808450686,49.551001756577286,nan,nan,nan,nan,49.58101805165382
8820.0,49.29638528845859,49.29783270723257,49.30215885225195,49.309314972977056,49.31921868320886,49.33175315809664,49.346767846901855,49.36408259382892,49.38349759770141,49.40481202452684,49.427854099411164,49.45252488056013,49.47885664746823,49.50708588173775,49.537743738148706,49.571784758721655,nan,nan,nan,nan,49.607735906449776
8880.0,49.32279215993641,49.32413926387228,49.32816504798554,49.33482378905588,49.34404233186657,49.35572524165409,49.36976291123232,49.38604284657323,49.404463380990165,49.424947414049285,49.44745186036358,49.47196748953626,49.49850552462018,49.52707334443425,49.55765267678705,49.590212404349515,nan,nan,nan,nan,49.621770682793745
8940.0,49.34745420231847,49.348722098648665,49.352515313638754,49.35880322202854,49.367537262241804,49.378653988510685,49.39207780720978,49.407721400545924,49.425480672273224,49.445219699337045,49.46674021159849,49.4897306926956,49.51369362566866,49.5378559880509,49.56107545134291,49.58175683247026,nan,nan,nan,nan,49.59648647730163
9000.0,49.370865918507434,49.372075601070414,49.37569414765259,49.38168928541464,49.39000447498213,49.40055433446723,49.41321817165994,49.42783383165155,49.44419841346665,49.46208932017546,49.48132690757057,49.50190412206169,49.52420283625245,49.54929885200356,49.57933827062378,49.61798348095521,nan,nan,nan,nan,49.6642913555144
9060.0,49.39304981173434,49.394183841345104,49.39757349851189,49.403182865694205,49.41095742870013,49.420834629930056,49.432763141625365,49.446733620152166,49.46282124203764,49.48123507581204,49.5023621861097,49.52678878294735,49.555282510285465,49.5887345565994,49.62808968532467,49.67433985596375,nan,nan,nan,nan,49.72160796275249
9120.0,49.4139876045812,49.41508402540874,49.41837471771964,49.42386664526564,49.431579984159434,49.44155957748283,49.45388748116051,49.46869156323047,49.48614175662687,49.50642167489456,49.52966052490862,49.55581164913035,49.58447300636847,49.61466203008376,49.644576377935586,49.67137742842618,nan,nan,nan,nan,49.68895538045972
9180.0,49.43501825289959,49.43615555611864,49.439574560231264,49.44529537082024,49.45334684660994,49.46375732656839,49.4765380426813,49.491658298440385,49.50901565705676,49.52841174432415,49.54955329451297,49.57210420231655,49.595811171850414,49.620709538970075,49.647393820568425,49.6773350427181,nan,nan,nan,nan,49.70748919033046
9240.0,49.45676028864302,49.45791187280344,49.46136256945788,49.46709884029117,49.47509404276699,49.48530398223317,49.497663711207615,49.51208742326195,49.52847130461203,49.54669484088205,49.56661006043918,49.58800357491136,49.610517875885094,49.63352958857619,49.656000619447724,49.67633193593647,nan,nan,nan,nan,49.69011784612144
9300.0,49.47821360098898,49.4793267121212,49.48265744875528,49.48817929204097,49.49584548857309,49.50558486327822,49.5172956918194,49.53083876947138,49.54603378151541,49.56266819614607,49.58053405103012,49.59951172086269,49.61971620933899,49.64170868775561,49.666761479517355,49.697175198173156,nan,nan,nan,nan,49.72908552600405
9360.0,49.49869595783326,49.49974437040006,49.50287794670696,49.50806228577872,49.51524247400365,49.524348261856815,49.53530382364001,49.54804289102317,49.56252718129783,49.578760730955985,49.59678614845195,49.616644588136545,49.638284798483376,49.661421504490924,49.68536661714145,49.70887742625816,nan,nan,nan,nan,49.72645272705063
9420.0,49.517954412315035,49.51894780773919,49.52192151795456,49.52685665849324,49.53372322718178,49.542481187798195,49.55308009602577,49.565456567153184,49.57953102384673,49.59520934252213,49.61240048230868,49.63106523260401,49.651309959944435,49.67353084453788,49.698604268040214,49.72812914576007,nan,nan,nan,nan,49.75687168169762
9480.0,49.53640338954051,49.53736063512516,49.5402265153537,49.544983944494426,49.551606334891815,49.56006138249988,49.570318158944694,49.58235882468083,49.59619556645361,49.61189157163237,49.6295822604696,49.64949095674253,49.67193402024108,49.69731669225459,49.72613463345304,49.75902381435368,nan,nan,nan,nan,49.788569086937976
9540.0,49.55426048957646,49.55519656714887,49.558003952340385,49.56268120196608,49.56922950842027,49.57765782339507,49.58798936918131,49.60026868247831,49.6145679993803,49.630991668439655,49.64967764209383,49.67079624980429,49.694548710695074,49.72117174445633,49.75096212756807,49.784354935130175,nan,nan,nan,nan,49.81336008740689
9600.0,49.57203469057328,49.572982993852925,49.57583135850334,49.580590578310826,49.58727988269501,49.59592804664791,49.60657311515141,49.61925802244873,49.63401720286304,49.650846330298926,49.66964467353235,49.69011962777517,49.71164864781265,49.73310557779921,49.75267055219887,49.76763933150675,nan,nan,nan,nan,49.77366618508845
9660.0,49.59019976254447,49.59116946996291,49.59407873042709,49.59892609845081,49.605702610981886,49.614380985477354,49.6248996462505,49.637143650603875,49.65092986026024,49.66601200615991,49.6821303725405,49.69913507671956,49.71720431840225,49.73715734224598,49.760838195513486,49.791559209388446,nan,nan,nan,nan,49.822583629588394
9720.0,49.60836781854357,49.60930732200704,49.612116978720735,49.616770391005545,49.62322486789593,49.63142582409807,49.64131683087815,49.652856326682866,49.66603724513623,49.68089730852019,49.69749752745348,49.71584043364924,49.735705843069134,49.756404815482234,49.776484523424,49.793433812910635,nan,nan,nan,nan,49.80176904682043
9780.0,49.62572348022177,49.62662231596008,49.62931397097148,49.63378385543735,49.640006921422085,49.64794442224337,49.65753532790861,49.66867931607244,49.68120953022216,49.69485671694042,49.70921153857389,49.723696671057255,49.737561129195335,49.7499029413595,49.759712536798105,49.76591031579862,nan,nan,nan,nan,49.76748687529859
9840.0,49.642393359210416,49.64324666682998,49.64579418597348,49.64999688323137,49.655783756448464,49.66304355114712,49.671615121410426,49.681279977658825,49.69176364337832,49.70275626731976,49.71396602574405,49.72521847078537,49.736608383361094,49.748698257559894,49.762747249466734,49.780969116287714,nan,nan,nan,nan,49.79852561834131
9900.0,49.65768150493919,49.65843466553379,49.6606765300998,49.664355056114175,49.66938678658631,49.67566364933913,49.683065554968124,49.69148003703138,49.70082754999834,49.711086363385114,49.72230543010984,49.7345902560628,49.74804988242759,49.762705166241965,49.77837734931999,49.7945948096647,nan,nan,nan,nan,49.80594169583425
9960.0,49.671059632283296,49.671726240901336,49.67371645084033,49.67700277856352,49.68154374117667,49.687289607159045,49.69418926228683,49.70219795690404,49.71128748943896,49.72146371015257,49.73280035068122,49.74550083958073,49.759998071170784,49.77709555470413,49.79814884426947,49.82530753088039,nan,nan,nan,nan,49.84941040298522
10020.0,49.68325660146836,49.68388374178389,49.68576214438016,49.688884323885915,49.693243232455316,49.698841017465654,49.70570220206902,49.7138912825619,49.72353310811614,49.734831600887624,49.748079177928915,49.7636477794741,49.78195571833001,49.80341491786262,49.828380886089235,49.85715629110362,nan,nan,nan,nan,49.879112506948054
10080.0,49.695147138989086,49.695785932405556,49.697708474757704,49.700934458302854,49.705500378865885,49.71146376026214,49.71890619647855,49.72793168499914,49.738654949693476,49.75117264338955,49.76550946906685,49.781533041136385,49.79883724842032,49.816603490619165,49.8334576626343,49.84733694288336,nan,nan,nan,nan,49.85355396687627
10140.0,49.707692668328406,49.70837984177412,49.71044728296639,49.713911307374566,49.71879394027127,49.72511421571993,49.73287509520792,49.74204768966108,49.75255888812712,49.76429521594424,49.77714273195585,49.79108552194684,49.8063786682291,49.82379473713927,49.84492689234314,49.872550734336826,nan,nan,nan,nan,49.896264153395876
10200.0,49.72090763678128,49.72160733796599,49.72370513067176,49.72719714916013,49.732077735825115,49.73834237291075,49.7459943617532,49.755055198291075,49.76557419007157,49.77762548569915,49.79127246542361,49.806475646563,49.82292750051242,49.83981838723701,49.8555637349192,49.867529336058816,nan,nan,nan,nan,49.87144034560595
10260.0,49.73414893023523,49.7348490896533,49.736949702667815,49.740450504338554,49.745348288109305,49.75163102297011,49.75926677058643,49.76818642318233,49.7782623187422,49.78929032295957,49.800989650294596,49.81303881722818,49.825162780274525,49.83727329917299,49.84964749824172,49.86312671164423,nan,nan,nan,nan,49.872905973444254
10320.0,49.74732229964865,49.7480031943904,49.75003848884143,49.75340507747503,49.75806166782579,49.76394574971378,49.77097141309199,49.77902926150452,49.78798837188308,49.79769752236493,49.80797934664581,49.81860861049083,49.829267109435904,49.839474098998735,49.84849997499278,49.85527330300975,nan,nan,nan,nan,49.857692514945924
10380.0,49.75974370105195,49.76036873407598,49.76223336670019,49.76530582948329,49.76953195679224,49.77483354843678,49.78110699546373,49.788224617900845,49.796044365389015,49.80443825812664,49.813354632317655,49.82293042924474,49.833663666317086,49.846643123852026,49.86382305302042,49.88835876874311,nan,nan,nan,nan,49.9088033451068
10440.0,49.770973813730286,49.77153259253055,49.77320004713736,49.77595125136445,49.779750811556504,49.78456327310591,49.79036888102933,49.79718276571795,49.80507018623745,49.8141421269401,49.8245070150713,49.83615160780851,49.84873413663251,49.86129724950966,49.871935700594506,49.8774525892665,nan,nan,nan,nan,49.87638325333015
10500.0,49.781254806654886,49.78178868601953,49.7833891014996,49.78605207081326,49.78976909212952,49.794521625534244,49.80026854683954,49.80692359443986,49.8143222205447,49.82218213844342,49.83006815018652,49.837376367955564,49.843351229387046,49.84713763519798,49.84785099947966,49.84462248916379,nan,nan,nan,nan,49.84057561822912
10560.0,49.79120189164559,49.791705260435926,49.79320438884112,49.79566429923379,49.79902013087741,49.80316832724797,49.807956943283386,49.813178953061026,49.818574934357756,49.82385413243086,49.828744322672605,49.83307907014462,49.836924308240846,49.84073573849575,49.84553115783785,49.85307490475498,nan,nan,nan,nan,49.85960889888154
10620.0,49.7999488062048,49.80035872684739,49.80157208143867,49.80354043781402,49.806186325969904,49.809410223216545,49.813104353014324,49.81717680086208,49.82158962342475,49.82641407817296,49.83190467053156,49.838591475562865,49.84738794219173,49.85971184094181,49.877627710767534,49.90406504641572,nan,nan,nan,nan,49.923996890007786
10680.0,49.806927616851546,49.80726401768563,49.80826900924792,49.809933307168855,49.81225274657072,49.81524555727045,49.81897640744591,49.82358523533082,49.829315803070024,49.83653473552056,49.84572818700035,49.857463340375055,49.87230921785583,49.8907272863027,49.912965088636234,49.93901603745766,nan,nan,nan,nan,49.95476430932579
10740.0,49.81342046655188,49.81378729526121,49.81490030914791,49.81679883441066,49.819553633988384,49.823272687518916,49.82810529513273,49.83424091579652,49.841898987234,49.85130677494935,49.86266431658259,49.876098722401075,49.89161403585021,49.909046829793944,49.928041584677004,49.948067392323615,nan,nan,nan,nan,49.95893964998858
10800.0,49.82124085340714,49.82170279987937,49.82310332907162,49.825485689491984,49.82891898678904,49.83349301686366,49.839310110850924,49.84647421461829,49.855079032801015,49.8651994045478,49.87689242876428,49.890215909536195,49.90527022280641,49.92226616743593,49.94162049766121,49.96409823266791,nan,nan,nan,nan,49.977449032678926
10860.0,49.830784385732876,49.83132346471437,49.83294977167572,49.83568979112019,49.83958543239531,49.84469132143728,49.85107219898479,49.85880131705049,49.86796040444711,49.87864099256689,49.89094590336183,49.90498922575867,49.92089423352873,49.93879256801455,49.95883628345914,49.98125451887702,nan,nan,nan,nan,49.993642878831395
10920.0,49.841512360032695,49.84210172757268,49.84387639715917,49.84685575924782,49.85107104137799,49.85656340287259,49.863380432923776,49.87156951253358,49.88116511336817,49.892165415575974,49.90449246902599,49.917930946703805,49.93204467100496,49.94607702591416,49.958846919589064,49.96864591342099,nan,nan,nan,nan,49.97168445216232
10980.0,49.8530576272366,49.8536797037801,49.85554760179683,49.8586647139619,49.86303107336283,49.86863413659106,49.87543461496067,49.88334686827068,49.892214410344835,49.90178281757268,49.911674305298355,49.921369348979034,49.93019954997207,49.93735131909489,49.94187117792628,49.94264698970576,nan,nan,nan,nan,49.94130810842073
11040.0,49.86479452322754,49.86539472500396,49.86718537664804,49.87013470318174,49.87418361079272,49.879237484771615,49.88515725394775,49.891753560249626,49.898790662076166,49.90600997641359,49.91318540065455,49.92022119218689,49.92729605939672,49.935045608064044,49.94476840745164,49.95866374119082,nan,nan,nan,nan,49.967439776736626
11100.0,49.87547178057003,49.87598732835894,49.87751931362559,49.88002470915183,49.883435496686545,49.88766590081545,49.89262516961287,49.8982366812348,49.904461573961676,49.91132092952708,49.91890613197308,49.92736521934391,49.93685713084826,49.947477078434154,49.95917226970012,49.971683850122666,nan,nan,nan,nan,49.97746737484166
11160.0,49.884563779859896,49.88501213029348,49.88635077390215,49.888561768663344,49.891619157480584,49.89549369606673,49.900156915613415,49.905581680891444,49.91173548885226,49.918562252565934,49.92594878068049,49.93367414679232,49.94134369921792,49.94831332204354,49.95360998562876,49.95584225963639,nan,nan,nan,nan,49.955383072371056
11220.0,49.892808219222154,49.893227917875855,49.89448199515739,49.896554643658284,49.899416714839276,49.903020536500385,49.907290939478116,49.91211133132709,49.91730407584852,49.92260526979049,49.92763505241874,49.93186537656124,49.93458691114936,49.93487408534827,49.93153900359814,49.923038814115145,nan,nan,nan,nan,49.917411120987424
11280.0,49.900389586982854,49.90075726400824,49.90184738229423,49.90361964726612,49.906001873632924,49.90888321417609,49.9121070235948,49.91546764648187,49.91871928284627,49.921609847994525,49.92395622376854,49.92577575818734,49.92747916651601,49.93011392906419,49.93563740372535,49.9472294305812,nan,nan,nan,nan,49.95475936664404
11340.0,49.90650856160323,49.90677860167996,49.907573731371194,49.90885067077764,49.91054350053462,49.9125746754531,49.91487257284659,49.91739451153467,49.920149178113505,49.92320500214054,49.92666392830155,49.9305784638629,49.93479914173097,49.93875978303932,49.94122837713769,49.940044405558645,nan,nan,nan,nan,49.937874617841935
11400.0,49.91097959485812,49.91118933204115,49.91181356246704,49.91283803266018,49.91424078698573,49.91599336174671,49.91806045791839,49.92039882482925,49.92296057069162,49.92571301095343,49.9286940054981,49.93212356956769,49.93658450691311,49.94326782597022,49.95426703530625,49.97294137217789,nan,nan,nan,nan,49.98306316722516
11460.0,49.91472381335214,49.914909570903156,49.915465173080925,49.91638718585387,49.91767549307761,49.91934263357605,49.921427514972585,49.92401096440087,49.927225034077175,49.93123998846829,49.93620557800753,49.94212254022553,49.948632121435665,49.954735157286315,49.95847359667951,49.956589026087755,nan,nan,nan,nan,49.9535687398916
11520.0,49.918338487038554,49.91854040241308,49.919150587193215,49.920181603990265,49.921651093779786,49.923574258972984,49.92594894490561,49.92873096813121,49.931799953381145,49.934920673426404,49.93771034678485,49.93962535420141,49.93997745559139,49.93797757472889,49.932785323400125,49.923512062551,nan,nan,nan,nan,49.91908476260827
11580.0,49.92229139266091,49.922492261945045,49.92308811133024,49.92405656206738,49.92535367869718,49.92690554698646,49.928600360198274,49.93028669204413,49.93178737899603,49.93294240250939,49.93369617577856,49.934241501717445,49.93522213634099,49.937981585797004,49.944841484390935,49.959438234805035,nan,nan,nan,nan,49.96702840518677
11640.0,49.9255698869235,49.92570850470865,49.926115365371395,49.9267654327362,49.92762400173835,49.928658737793626,49.929857944254394,49.93125251413498,49.93293271528511,49.935042181963766,49.937723790703664,49.94099181224142,49.9445176774051,49.94734156375186,49.94754318533279,49.94188195687783,nan,nan,nan,nan,49.93800946495042
11700.0,49.92790814794667,49.92802540130454,49.92837745183426,49.92896499251231,49.929787777843636,49.930839907323616,49.93209884911839,49.93350615343649,49.93494089836817,49.9361922540963,49.93694342195051,49.93678190605354,49.935246380649765,49.93190667210688,49.92645367988166,49.918754289917636,nan,nan,nan,nan,49.91590878753135
11760.0,49.930065379357806,49.93016563483708,49.93045927384818,49.93092361863949,49.9315169084784,49.932173718470295,49.932801699494895,49.93328363207933,49.93349069359785,49.93331442434101,49.93272498876506,49.931860563304944,49.93114653838074,49.93143608875584,49.93416359666101,49.941532195437,nan,nan,nan,nan,49.94505413481462
11820.0,49.93147532295918,49.93152095647902,49.93165056842605,49.93184385916161,49.93207266655505,49.93231091970525,49.93255099531054,49.932827764854686,49.933250419266734,49.93404015829626,49.9355696757801,49.938399364491424,49.94330705502208,49.95131491662916,49.96373292331036,49.98228221137698,nan,nan,nan,nan,49.98893877256571
11880.0,49.932126681777596,49.93216316344317,49.93227833666082,49.932491791118984,49.93284389897123,49.93340612814377,49.934292045950855,49.93566349692351,49.93772223815062,49.94067259008835,49.9446379410623,49.94951709635671,49.95477822857692,49.95920558835326,49.9606231679007,49.955583066293876,nan,nan,nan,nan,49.9525153853703
11940.0,49.933354884204476,49.933454224576884,49.93376224791626,49.93430727659433,49.93513019483321,49.93627280399729,49.937758362787655,49.93956405379527,49.94158915943342,49.943628731382226,49.945368233060066,49.94641587793862,49.946382080890054,49.944999062443635,49.94225398627687,49.93849635760123,nan,nan,nan,nan,49.93746219173806
12000.0,49.935609990979685,49.93573299945438,49.93609887939971,49.936696512243124,49.93750232673595,49.93847480903449,49.939551226925744,49.94065144467572,49.9416953279888,49.94264122201527,49.943552325463614,49.94469446849147,49.94666290833975,49.950530439958236,49.95801395703505,49.97170127674006,nan,nan,nan,nan,49.97630899894909
12060.0,49.9376743873457,49.93776643062463,49.93803929811335,49.93848497874746,49.93909648402712,49.939878769443425,49.94086613225265,49.942146684535196,49.94389266961752,49.94639271977729,49.95007970202313,49.95554746123925,49.96355371049031,49.97501632112071,49.991029332050225,50.012972075548525,nan,nan,nan,nan,50.01894337396681
12120.0,49.93946965695275,49.939580602454356,49.939923390978436,49.94053000560519,49.941460482820204,49.942811586741506,49.94472550377284,49.9473937546096,49.95104857305,49.95593102037122,49.96222396837513,49.969941463123995,49.97877557240943,49.98791534250204,49.9958606147263,50.00023436615216,nan,nan,nan,nan,50.00039458187049
12180.0,49.9423461557641,49.942543140154704,49.94314754518235,49.94419825185976,49.945754497799385,49.94788540630711,49.95065163169859,49.95407677312962,49.95810746328008,49.96256339229234,49.967081376889816,49.97105958324601,49.97360725709848,49.973499481273045,49.96912101727949,49.95833811877211,nan,nan,nan,nan,49.955201777018225
12240.0,49.94668533749805,49.94692759379056,49.94765259762114,49.94885181357101,49.95050029243055,49.952540977847676,49.95486393521351,49.95728257744787,49.95951049666267,49.96114405116962,49.961656473489946,49.96040761739953,49.95666830978248,49.94964890766893,49.93850637258165,49.92226774787928,nan,nan,nan,nan,49.918624190559626
12300.0,49.95088386497124,49.95106221579191,49.95157960737186,49.95238128868019,49.95337056258085,49.954402231624876,49.955276799525386,49.95573912435047,49.95548655327653,49.95419256165791,49.95155161725152,49.94734811873854,49.94154609537027,49.93438807966931,49.92648508430468,49.918880706490484,nan,nan,nan,nan,49.91771917870246
12360.0,49.95311346965874,49.953161400143934,49.953284441818106,49.95342132223121,49.95347352658678,49.95331176649292,49.95278654636664,49.95174289672245,49.95003743082959,49.9475531474121,49.94420485497423,49.93992739225079,49.93464131907472,49.928195781510574,49.920290878378815,49.91036644537813,nan,nan,nan,nan,49.90857780189595
12420.0,49.9529235579222,49.95286069890978,49.95265853546684,49.95227751696324,49.95165570304055,49.950714689641885,49.9493683815772,49.94753649664596,49.94516720681845,49.9422765402361,49.93901445241886,49.93576627549909,49.93329196597762,49.93289701350101,49.93663027046121,49.94755390592966,nan,nan,nan,nan,49.9499307801001
12480.0,49.951051768979674,49.95092725469856,49.95054998909003,49.94991145156509,49.94900636224304,49.94784607277926,49.94647609264169,49.94499353632219,49.94355507667774,49.94235953762792,49.94158473735358,49.94126052970577,49.94107274705957,49.94011269578461,49.936598105347876,49.92755134696947,nan,nan,nan,nan,49.925776880744735
12540.0,49.9487051589927,49.948595702922596,49.94827307392714,49.94775407021314,49.947064643495736,49.94623489418639,49.9452894645347,49.944233880373616,49.943041958995906,49.941655842698694,49.940015773365836,49.93813680809815,49.936240522285175,49.93493305681929,49.93540843385951,49.93967859134884,nan,nan,nan,nan,49.94053469632405
12600.0,49.94686245336023,49.94677468312072,49.94651301805277,49.94608253441603,49.94549265129815,49.944760224846554,49.94391686202455,49.94302248921269,49.9421862100204,49.941593410929386,49.941535534676184,49.94243738766572,49.9448782127273,49.94960892895384,49.957582088270485,49.9700504263536,nan,nan,nan,nan,49.97160876400581
12660.0,49.94535066563437,49.94528777030078,49.94510682363576,49.944832481843925,49.9445105426382,49.94421456793846,49.94405387578053,49.94418073557025,49.94479301699051,49.94612698091257,49.94843439863144,49.95194012867039,49.956781568180794,49.96293931330412,49.97017640133849,49.978010578811535,nan,nan,nan,nan,49.97871473309273
12720.0,49.94474150000025,49.94474818128599,49.94478088347179,49.94487740019579,49.94509971401959,49.9455310673048,49.94626898634195,49.94741131847416,49.94903153197371,49.95113910760801,49.95362143754324,49.9561659008154,49.95816452360671,49.958606259425444,49.95595544860069,49.9479721749088,nan,nan,nan,nan,49.94703745443889
12780.0,49.94555273023228,49.94562492310973,49.94584690382051,49.94623263420432,49.94679791002151,49.94754949746284,49.94847181050376,49.94951578648927,49.95059943278327,49.951635106001575,49.95260196941111,49.95367901386406,49.9554420544635,49.95911163292762,49.96683542634528,49.98205090078791,nan,nan,nan,nan,49.98345709035173
12840.0,49.94705554470826,49.9471331447107,49.94736535119253,49.94775144087697,49.948294375802966,49.949009015899804,49.94993643091368,49.95116442838176,49.952850749053795,49.955240207333084,49.95866265535227,49.96349878267733,49.970108786907076,49.97873492378403,49.989408826953714,50.00191845755508,nan,nan,nan,nan,50.002666421677986
12900.0,49.948674113580616,49.94877649110171,49.94909214552872,49.949647698108,49.95049065365347,49.95169279887102,49.953352523943884,49.95559419148913,49.9585631785532,49.962416563554015,49.96731140135104,49.97339447117689,49.98079857644647,49.989651080547624,50.00010335217453,50.0124092394255,nan,nan,nan,nan,50.01301384325826
12960.0,49.95121975896355,49.95138653431932,49.95189708357664,49.95278169892813,49.954089354761734,49.95588443453942,49.95823969693729,49.9612219437146,49.964864437200575,49.96911754201058,49.97376797534172,49.97831968198366,49.981836530999104,49.98275466560409,49.97866582301715,49.966003775414656,nan,nan,nan,nan,49.965365006613894
13020.0,49.95494205207084,49.9551556419494,49.95579760294954,49.95686847687288,49.95835877023595,49.96023260480133,49.96240427145095,49.96470936725018,49.96687556335264,49.96850229063497,49.96906162946342,49.96793120222482,49.9644611348138,49.95806111722493,49.94827250090394,49.93475569213685,nan,nan,nan,nan,49.93439797383166
13080.0,49.95877122251873,49.958937155518115,49.959419409874236,49.96016970078436,49.96110281648131,49.96209235829513,49.96297105165436,49.963543147751736,49.96361980513042,49.963091095873324,49.96204813950887,49.96096317675989,49.960923842306975,49.96390697712469,49.973087769479555,49.993280978209626,nan,nan,nan,nan,49.99361697251585
13140.0,49.96096322487664,49.9610277428675,49.96121065494621,49.96148366756859,49.96181216692687,49.96217501767591,49.96259227397621,49.963156209585925,49.964053980154596,49.96556165549765,49.96798374478935,49.971516070435534,49.976027152066195,49.9807799871571,49.98413438478951,49.98323795907885,nan,nan,nan,nan,49.983233594125764
13200.0,49.96195496940528,49.96201216993802,49.96218929492053,49.9625033157413,49.962982904087895,49.963665914846096,49.96459059086777,49.96577754694459,49.9672021449892,49.96876122333392,49.970242762349606,49.97130914372729,49.97150129913338,49.97026109772341,49.96695341160064,nan,nan,nan,nan,nan,49.960918350473634
13260.0,49.963331380773504,49.96341101781467,49.96364915304843,49.96404184781582,49.96457734499924,49.965229036153055,49.965947578425144,49.96665502270236,49.9672454634984,49.967598099250786,49.967608650621926,49.967242673966666,49.966609141452366,49.966046633942646,49.96621315884354,nan,nan,nan,nan,nan,49.96811851258327
13320.0,49.964675374195565,49.96472989496699,49.96488815735403,49.965134622063026,49.96544494781217,49.965789500554806,49.96614034362927,49.966483151773524,49.966835030989365,49.96726828313578,49.96793896887643,49.96911822816508,49.97122459031514,49.9748584495462,49.98084960601547,nan,nan,nan,nan,nan,49.98998996776507
13380.0,49.96548342788268,49.96551892264449,49.965626030529855,49.96580810635774,49.96607575555864,49.96645458451379,49.96699650354141,49.967795068855985,49.969005598539916,49.970871109651,49.97375535701039,49.978184313654864,49.98489784184753,49.99491664597441,50.00964506624392,nan,nan,nan,nan,nan,50.03000144779614
13440.0,49.96637704140285,49.96644596764755,49.96666317767277,49.96706163537972,49.967701559594055,49.968677062271354,49.97012187565109,49.972208301883036,49.97512911443178,49.97904759591672,49.98399918929662,49.989733203238835,49.99549624359569,49.99977500273636,50.000016054205126,nan,nan,nan,nan,nan,49.99297958752203
13500.0,49.96844409019778,49.96859271301867,49.969048618515025,49.96983951157941,49.97100313530767,49.97257369472915,49.974562884722005,49.97693996594156,49.9796221754857,49.98249499383695,49.98548709833973,49.98872123240565,49.99274638983821,49.99883474367695,50.009322234977134,nan,nan,nan,nan,nan,50.02648163629404
13560.0,49.97164983158655,49.97182417641474,49.97234784956741,49.97322319183446,49.9744560224927,49.976059737390436,49.97806146337316,49.98050586929421,49.98344473384702,49.98689118007032,49.99071147774313,49.994431311225895,49.99695104140058,49.99618817085454,49.98866569528475,nan,nan,nan,nan,nan,49.97104497658204
13620.0,49.975091032484706,49.97527362077326,49.975819765082456,49.976722023794835,49.97795884623118,49.97947946297644,49.981181960755094,49.98288853915814,49.98432927967558,49.985154818136664,49.985004327632424,49.983651351144964,49.981231952187635,49.978532262569985,49.977295752047894,nan,nan,nan,nan,nan,49.97998408057311
13680.0,49.978212831850776,49.97833946799746,49.97870606934568,49.97927301922204,49.97997619227665,49.980732665901925,49.98145346685421,49.982065692456295,49.98254357397417,49.98294359733961,49.98343435544966,49.98431029976494,49.98598280309089,49.98895279291095,49.99378589923398,nan,nan,nan,nan,nan,50.0002870617065
13740.0,49.97996870107171,49.98003306030791,49.98022184237115,49.980523998943355,49.98092688574977,49.98142344608875,49.98201858936856,49.98272954391048,49.98357192344215,49.984520572844026,49.98543393158091,49.98593482073029,49.98524936133578,49.98201382409818,49.9740498922631,nan,nan,nan,nan,nan,49.96030097332269
13800.0,49.98107831290561,49.981130784048666,49.98128512992198,49.98153044106032,49.981842410462214,49.982172911795274,49.98243399272815,49.98247728967927,49.9820731803954,49.980898093294,49.97854112017037,49.97453932686874,49.96844257068596,49.95989359461441,49.94868972927932,nan,nan,nan,nan,nan,49.93657619460627
13860.0,49.981687557191755,49.98168485285191,49.98166301690918,49.98157992943112,49.98136273047905,49.98090564973991,49.98007069590977,49.97869502247443,49.97660967720958,49.973674588918215,49.96983330926604,49.965187638236145,49.960087202226845,49.95522483992305,49.9517315133429,nan,nan,nan,nan,nan,49.95109870906179
13920.0,49.98077022755498,49.98067772375098,49.98038895823668,49.9798720935728,49.979080900011226,49.97796643466325,49.97649617073932,49.97468319072459,49.97262855179567,49.9705800287587,49.96900969069194,49.96871093846036,49.970913813217514,49.977420470580824,49.990786679854104,nan,nan,nan,nan,nan,50.010468083948915
13980.0,49.97857413580145,49.97845667041901,49.978110419817774,49.977557552049156,49.97684727596333,49.976073280622266,49.97539502702436,49.97505706284856,49.975395779042195,49.97681821046732,49.979735830947796,49.98444187678138,49.990935496984534,49.998715970750666,50.00658316065361,nan,nan,nan,nan,nan,50.011803713479736
14040.0,49.97703413307017,49.97700868331694,49.97695114309594,49.97691766437404,49.977000280947834,49.97732270824923,49.978032032490916,49.979286918316,49.9812470664163,49.98407398641333,49.987957211376916,49.99317944862313,50.000227116484076,50.00994336826614,50.023725370588686,nan,nan,nan,nan,nan,50.039974793776544
14100.0,49.97761168931411,49.977695584009595,49.97796265506901,49.978458972165804,49.9792612705802,49.980477617972184,49.98224920191856,49.984752572975445,49.98819946353122,49.99282850365751,49.998881385088254,50.00655763862451,50.015948876226524,50.0269644620657,50.039273638108995,nan,nan,nan,nan,nan,50.05000548418555
14160.0,49.980171157914135,49.98035521663057,49.980922303291734,49.981916370881855,49.98340774466561,49.98548753546923,49.98825737623515,49.99181198032051,49.99621144295393,50.00144016840378,50.007350334011726,50.01359025785072,50.01952131936929,50.024128392356026,50.025920246324155,nan,nan,nan,nan,nan,50.02385519711061
14220.0,49.98449591654989,49.98475132767678,49.98552245184152,49.98682146486086,49.988660409288215,49.991039330624375,49.99393163420103,49.997270716634254,50.00094546753564,50.00481589197292,50.00876156710749,50.01277214699408,50.01707975078554,50.02232211267992,50.029726744946885,nan,nan,nan,nan,nan,50.03859902506767
14280.0,49.989486811104086,49.98973854934041,49.99048995803447,49.99172963084234,49.99343881738453,49.99559217145133,49.9981579864163,50.00109361404735,50.00432631522433,50.00770369933806,50.01089478221714,50.0132269433622,50.013456904391354,50.00948701647026,49.9980236322518,nan,nan,nan,nan,nan,49.98038897570214
14340.0,49.9940974166799,49.99431708878675,49.994966486422626,49.996013946653164,49.997396925916796,49.99900627231901,50.000663492671265,50.002093589281856,50.00290084570141,50.00256058902109,50.00044315993147,49.99588259029127,49.98828879460702,49.97727983462063,49.96278419647454,nan,nan,nan,nan,nan,49.949173208717944
14400.0,49.99742878274523,49.997534104881325,49.997825578816695,49.998228951536085,49.99861880220015,49.9988193627327,49.998612630711236,49.997761310802495,49.99605644967781,49.993400695000425,49.989936103805874,49.98621885828081,49.983433310211105,49.983632122168835,49.99001006228963,nan,nan,nan,nan,nan,50.00205971506319
14460.0,49.99802184705987,49.99798541564938,49.99786243705074,49.99761630806538,49.99720109806644,49.99658449375476,49.99577875198823,49.99487443257485,49.994065510784104,49.99364781810358,49.99396967319284,49.995319041978185,49.997747920469216,50.00085696965337,50.00357668253023,nan,nan,nan,nan,nan,50.00422114308179
14520.0,49.996955393352586,49.99690330876938,49.996753021821135,49.99652346478308,49.996248788812785,49.99597954843722,49.995779829500485,49.99571793335813,49.99585045847075,49.99620313173991,49.99675516346444,49.9974350893046,49.998133279204936,49.998729753351626,49.99912847721972,nan,nan,nan,nan,nan,49.99926863474783
14580.0,49.99634061962877,49.99632835920323,49.99629621465625,49.9962573334411,49.99623113184283,49.996239757142774,49.99630367290523,49.99643709136453,49.996644230438534,49.996917412633806,49.997237732678755,49.99757841268174,49.99791021038006,49.998207628517434,49.99845448387912,nan,nan,nan,nan,nan,49.99860233840292
14640.0,49.99631122922159,49.996317372649074,49.996337179100664,49.99637443011464,49.99643434544105,49.99652220395084,49.99664185699592,49.99679447430083,49.99697782417999,49.997186279343076,49.997411578472445,49.99764420246149,49.99787509372154,49.998097409848285,49.99830812970666,nan,nan,nan,nan,nan,49.99845584321299
14700.0,49.99648412327718,49.996494695433576,49.99652660224201,49.9965803172291,49.99665633064043,49.996754785644896,49.99687511690164,49.99701579459324,49.997174254893,49.99734705597546,49.997530248620734,49.997719907229644,49.9979127471768,49.99810677912981,49.99830207763195,nan,nan,nan,nan,nan,49.9984452831726
14760.0,49.99669240681619,49.996703034557946,49.996734803584204,49.99678735331547,49.996860030015874,49.99695183075264,49.99706136457879,49.997186857073466,49.99732621690206,49.99747717084134,49.997637460937774,49.99780508965864,49.99797860362476,49.9981574393669,49.99834247296732,nan,nan,nan,nan,nan,49.998479446471016
14820.0,49.996889956915524,49.99689966570164,49.99692863348025,49.9969763870966,49.997042148133126,49.99712485309558,49.997223189807485,49.99733565471676,49.997460633612036,49.99759650541832,49.99774176695967,49.99789517845031,49.99805594006405,49.99822394336608,49.9984002549692,nan,nan,nan,nan,nan,49.998530359767486
14880.0,49.99706873215991,49.99707747946724,49.9971035807985,49.99714662066516,49.99720592763215,49.9972806061319,49.9973695811744,49.99747165555323,49.99758557865374,49.99771012589708,49.9978441891012,49.997986882348094,49.99813767960456,49.99829663292024,49.9984648300667,nan,nan,nan,nan,nan,49.998587903809614
14940.0,49.99723029439433,49.997238232414404,49.997261931984156,49.9973010554375,49.99735505915856,49.99742322166916,49.99750468168196,49.99759848500492,49.9977036392613,49.99781917608281,49.997944222419164,49.99807808733247,49.99822038213711,49.99837122317267,49.998531673327015,nan,nan,nan,nan,nan,49.99864778478636
15000.0,49.99737774108669,49.997385025323815,49.99740678532581,49.99744274759575,49.9974924715615,49.997555371846325,49.997630748333975,49.99771782320481,49.99781578439986,49.997923835860036,49.99804125696361,49.998167478213084,49.998302191256414,49.99844554158923,49.99859855595626,nan,nan,nan,nan,nan,49.998707895720436
15060.0,49.99751376730159,49.9975205189837,49.997540697452315,49.99757407657516,49.99762029134108,49.99767885527067,49.997749184090004,49.99783062524828,49.99792249321798,49.99802411143289,49.998134863726925,49.998254262553196,49.99838205180585,49.99851839120378,49.99866426972368,nan,nan,nan,nan,nan,49.998767093988
15120.0,49.99764039147505,49.99764669867667,49.9976655553007,49.997696769238914,49.99774002969089,49.99779492101498,49.99786094177545,49.997937528884506,49.99802408712659,49.99812002524908,49.99822480171368,49.99833798739649,49.99845936260971,49.99858909387437,49.998728133286946,nan,nan,nan,nan,nan,49.99882473196704
15180.0,49.99775906669599,49.9977649925631,49.99778271354929,49.997812062103804,49.99785276659333,49.99790446264429,49.99796670893048,49.998039007521115,49.998120829305265,49.99821164587065,49.99831097102902,49.9984184191717,49.99853379729552,49.99865727456566,49.99878976762477,nan,nan,nan,nan,nan,49.99888044526202
15240.0,49.99787083816236,49.997876428470704,49.99789314893684,49.99792085010075,49.997959289247,49.99800813998511,49.99806700573676,49.998135437383176,49.99821295572607,49.99829908024325,49.99839336734543,49.998495465148174,49.9986052010323,49.998722744304544,49.9988489776029,nan,nan,nan,nan,nan,49.99893404168609
15300.0,49.99797647086324,49.9979817595989,49.99799758001071,49.99802379636267,49.998060187940006,49.9981064573765,49.99816224249127,49.998227131972456,49.99830068563714,49.99838246079199,49.99847204786249,49.99856912209888,49.99867352705387,49.99878543061618,49.998905682777405,nan,nan,nan,nan,nan,49.99898543660745
15360.0,49.998076540351846,49.99808155354981,49.99809655100327,49.99812140774843,49.99815592039318,49.998199814532434,49.99825275537048,49.998314361933794,49.99838422564228,49.99846193476523,49.99854710786108,49.9986394427829,49.99873879636701,49.998845334099784,49.99895987458559,nan,nan,nan,nan,nan,49.99903461299868
15420.0,49.99817149430583,49.99817625261882,49.99819048838461,49.998214085398615,49.99824685439793,49.998288539792924,49.99833882936573,49.99839736734475,49.9984637716314,49.99853765668719,49.99861866508913,49.99870651410214,49.99880107181567,49.998902500693184,49.99901158912577,nan,nan,nan,nan,nan,49.99908159603296
15480.0,49.99826169350138,49.998266213900614,49.99827973841699,49.998302158211914,49.998333295938224,49.998372911939946,49.99842071322416,49.998476365620235,49.99853950989912,49.99860978332324,49.998686849536846,49.9987704429072,49.998860441308985,49.99895700379635,49.999060889651574,nan,nan,nan,nan,nan,49.999126436734734
15540.0,49.99834743888985,49.99835173578695,49.998364591953056,49.99838590493134,49.99841550772274,49.99845317455755,49.99849862927376,49.99855155671507,49.99861161790596,49.99867847043026,49.998751796817274,49.99883134681184,49.99891700697814,49.99900893272728,49.99910785527954,nan,nan,nan,nan,nan,49.99916920141995
15600.0,49.99842898945778,49.99843307544469,49.998445300793364,49.998465568714614,49.99849372141693,49.998529545521066,49.998572779937,49.99862312660753,49.99868026485618,49.99874387071463,49.99881364392825,49.99888934828471,49.99897087819161,49.99905838528301,49.99915257371559,nan,nan,nan,nan,nan,49.999209964882745
15660.0,49.99850657402168,49.99851046036036,49.99852208849558,49.998541366770915,49.9985681457459,49.99860222330271,49.99864335208659,49.99869124967257,49.998745612170396,49.998806132592556,49.99887252657682,49.998944570883076,49.99902216708527,49.999105462972025,49.99919513659314,nan,nan,nan,nan,nan,49.999248806017896
15720.0,49.99858039904544,49.99858409599314,49.99859515754591,49.99861349676524,49.998638971894664,49.99867139119459,49.998710519992976,49.99875609033124,49.99880781389141,49.99886539947548,49.99892857752527,49.99899713688402,49.99907098573135,49.99915026798581,49.99923563650981,nan,nan,nan,nan,nan,49.999285805028954
15780.0,49.998650653852884,49.99865417088023,49.99866469414926,49.99868214110559,49.99870637713837,49.99873722016948,49.99877444734953,49.998817804226746,49.998867017045754,49.99892180939705,49.99898192560229,49.99904716582591,49.999117444374875,49.999192901302166,49.99927416516851,nan,nan,nan,nan,nan,49.99932104166839
15840.0,49.998717514135365,49.99872086007407,49.99873087146036,49.99874746984559,49.99877052731442,49.99879987084808,49.99883528869344,49.99887653908837,49.99892336197377,49.99897549486167,49.99903269514556,49.99909477364082,49.99916165036273,49.99923346152311,49.99931081223556,nan,nan,nan,nan,nan,49.99935459414823
15900.0,49.99878114434274,49.99878432748722,49.99879385179328,49.998809642678495,49.998831578534634,49.998859494881096,49.9988931904284,49.9989324353889,49.998976982635796,49.999026582832705,49.999081005722644,49.99914007216952,49.9992037075221,49.99927204418932,49.99934566466255,nan,nan,nan,nan,nan,49.99938653848562
15960.0,49.99884169934229,49.99884472752125,49.998853788161675,49.99886881033582,49.99888967839888,49.99891623594508,49.99894829158488,49.998985626863885,49.99902800689981,49.99907519481039,49.99912697203056,49.99918316892235,49.999243715828165,49.99930874140137,49.99937880630853,nan,nan,nan,nan,nan,49.99941694812932
16020.0,49.99889932559658,49.998902206224486,49.99891082537825,49.998925115594005,49.99894496687924,49.99897023048364,49.99900072440499,49.99903624093757,49.999076556813414,49.99912144696343,49.99917070390773,49.99922416699797,49.99928177125739,49.999343641638305,49.999410317753274,nan,nan,nan,nan,nan,49.99944589376701
16080.0,49.998954162024184,49.998956902139746,49.99896510086381,49.99897869402127,49.99899757698664,49.99902160827882,49.99905061481046,49.9990843990841,49.9991227488623,49.99916545029322,49.99921230641701,49.999263165100665,49.9993179657588,49.9993768297018,49.9994402762336,nan,nan,nan,nan,nan,49.99947344324811
16140.0,49.9990063406502,49.999008946945914,49.99901674526321,49.999029674553036,49.99904763529173,49.99907049290844,49.99909808279039,49.999130217144156,49.99916669421677,49.99920731081566,49.999251879970885,49.99930025761989,49.999352387298835,49.999408386739056,49.99946875565664,nan,nan,nan,nan,nan,49.999499661579684
16200.0,49.999055987116414,49.99905846596247,49.99906588293243,49.99907817995102,49.9990952623478,49.99911700212583,49.999143242733744,49.9991738056081,49.99920849896697,49.99924712975138,49.99928952048173,49.99933553474687,49.99938511995206,49.99943839031483,49.999495826660635,nan,nan,nan,nan,nan,49.99952461096795
16260.0,49.99910321366835,49.99910557039192,49.999112621959505,49.99912431316144,49.99914055400339,49.99916122282084,49.9991861708273,49.99921522835003,49.999248213214436,49.99928494213657,49.99932524681162,49.99936899825857,49.99941614767681,49.99946680586799,49.9995214348717,nan,nan,nan,nan,nan,49.99954836117284
16320.0,49.99914812841276,49.99915036891091,49.99915707272266,49.99916818737243,49.999183627329685,49.99920327698021,49.999226994963614,49.999254620118904,49.99928597947469,49.99932089910272,49.99935921944461,49.999400818514786,49.99944565088869,49.99949382363329,49.9995457800619,nan,nan,nan,nan,nan,49.99957095961735
16380.0,49.9991908424364,49.99919297234895,49.999199345283024,49.999209911373924,49.99922458935164,49.99924326937174,49.9992658171463,49.999292079604594,49.99932189250041,49.999355090744935,49.99939152300685,49.999431073833605,49.99947370086837,49.99951950746107,49.99956891889684,nan,nan,nan,nan,nan,49.99959245670515
16440.0,49.999231461958765,49.99923348666627,49.99923954482128,49.99924958904051,49.99926354210205,49.99928129963961,49.99930273407529,49.99932770000772,49.99935604145331,49.99938760168608,49.99942223714725,49.99945983853802,49.9995003663501,49.999543920304035,49.99959090837029,nan,nan,nan,nan,nan,49.99961290352643
16500.0,49.9992700881502,49.999272012767584,49.99927777144535,49.99928731915541,49.99930058251657,49.99931746236005,49.99933783747266,49.9993615697259,49.99938851097022,49.99941851240545,49.9994514378337,49.99948718377306,49.99952571337662,49.99956712283838,49.99961180350419,nan,nan,nan,nan,nan,49.99963234949327
16560.0,49.99930681716803,49.99930864655428,49.999314120291814,49.99932319558781,49.9993358027072,49.999351847414566,49.999371214537916,49.99939377285178,49.99941938164154,49.99944789962692,49.99947919759008,49.99951317755484,49.99954980516714,49.9995891732001,49.99963165703652,nan,nan,nan,nan,nan,49.99965084202446
16620.0,49.99934174041085,49.99934347918452,49.99934868179959,49.99935730758667,49.999369290273826,49.99938454031169,49.99940294826668,49.99942438946986,49.99944873026722,49.99947583651861,49.99950558562948,49.99953788483853,49.99957270212882,49.99961012695775,49.99965051937931,nan,nan,nan,nan,nan,49.99966842649434
16680.0,49.99937494481076,49.999376597364716,49.99938154200043,49.999389740066626,49.99940112858276,49.99941562245317,49.999433117697535,49.99945349587761,49.99947663004797,49.99950239285059,49.999530667977936,49.99956136761028,49.999594461922584,49.999630037160145,49.999668438655966,nan,nan,nan,nan,nan,49.99968514625833
16740.0,49.99940651310303,49.99940808361764,49.99941278278184,49.99942057386313,49.9994313970104,49.999445171362275,49.99946179812284,49.99948116477655,49.999503150754116,49.999527635141085,49.99955450759946,49.9995836849929,49.9996151395524,49.99964895441218,49.99968546076809,nan,nan,nan,nan,nan,49.99970104270748
16800.0,49.999436524064684,49.999438016519726,49.999442482119925,49.99944988595774,49.999460171158304,49.999473260886816,49.999489061277366,49.99950746544545,49.999528358882856,49.99955162679827,49.99957716452233,49.99960489335773,49.99963478746417,49.999666926963656,49.99970162947489,nan,nan,nan,nan,nan,49.999716155335584
16860.0,49.999465052726755,49.99946647091173,49.999470714286616,49.99947774967973,49.99948752304707,49.99949996138362,49.999514975511936,49.999532463902135,49.99955231780803,49.9995744282574,49.99959869596398,49.99962504643838,49.99965345564924,49.999684000802446,49.999716986477985,nan,nan,nan,nan,nan,49.99973052181164
16920.0,49.99949217056589,49.99949351808978,49.9994975500377,49.9995042348894,49.99951352129365,49.99952533988838,49.99953960595517,49.99955622305598,49.99957508792275,49.999596097113496,49.99961915645409,49.999644195444034,49.99967119174803,49.99970021974975,49.99973157150755,nan,nan,nan,nan,nan,49.99974417805428
16980.0,49.99951794567998,49.99951922598003,49.999523056785605,49.99952940814747,49.99953823127598,49.99954946027429,49.999563014664915,49.9995788028519,49.999596726775536,49.9996166882493,49.99963859795417,49.999662389170325,49.99968804115266,49.99971562555375,49.999745422407834,nan,nan,nan,nan,nan,49.99975715830593
17040.0,49.99954244295128,49.99954365930118,49.999547298759914,49.99955333287258,49.999561715286596,49.999572383400974,49.99958526077184,49.9996002604079,49.99961728920074,49.999636253958556,49.99965706997275,49.99967967410715,49.999704047106775,49.99973025798211,49.999758575221065,nan,nan,nan,nan,nan,49.99976949520591
17100.0,49.99956572419888,49.999566879716696,49.999570337158076,49.999576069489954,49.999584032677696,49.99959416725542,49.999606400615576,49.99962065014513,49.999636827443034,49.99965484406385,49.999674619676966,49.99969609454286,49.99971925080248,49.99974415491074,49.99977106426882,nan,nan,nan,nan,nan,49.99978121986136
17160.0,49.999587848322655,49.999588945978005,49.99959223028765,49.999597675570946,49.99960523999824,49.99961486708554,49.99962648787354,49.99964002391255,49.999655391276335,49.99967250602977,49.99969129199939,49.99971169266465,49.99973369147383,49.99975735241039,49.99978292223077,nan,nan,nan,nan,nan,49.999792361915986
17220.0,49.99960887143931,49.999609914060386,49.99961303370071,49.99961820596606,49.999625391124084,49.99963453552673,49.999645573684184,49.999658431105296,49.999673028117456,49.99968928507126,49.99970712974038,49.999726508654646,49.99974740648639,49.999769884829306,49.99979418022011,nan,nan,nan,nan,nan,49.999802949616225
17280.0,49.99962884701165,49.99962983729186,49.99963280032185,49.99963771293103,49.99964453738174,49.99965322272311,49.99966370676442,49.99967591877813,49.9996897831348,49.99970522425709,49.99972217366613,49.999740580782294,49.9997604314233,49.99978178487272,49.99980486785613,nan,nan,nan,nan,nan,49.99981300987479
17340.0,49.999647825971486,49.999648766475715,49.99965158056972,49.999656246246786,49.999662727666355,49.9996709764424,49.99968093352119,49.99969253175323,49.99970569935195,49.99972036460875,49.99973646260264,49.99975394549266,49.99977280016774,49.99979308367896,49.99981501333368,nan,nan,nan,nan,nan,49.99982256833166
17400.0,49.99966585683676,49.999666750007215,49.999669422473,49.999673853334095,49.99968000855413,49.99968784218586,49.99969729815839,49.99970831272344,49.999720817746876,49.99973474519541,49.99975003352538,49.99976663749065,49.99978454498175,49.999803810892445,49.99982464348967,nan,nan,nan,nan,nan,49.99983164941238
17460.0,49.999682985823135,49.99968383398533,49.999686371781,49.99969057936266,49.99969642440935,49.99970386329314,49.9997128427786,49.999723302350816,49.99973517734649,49.99974840322379,49.99976292164505,49.99977868982213,49.999795696581586,49.999813994733145,49.999833783866485,nan,nan,nan,nan,nan,49.99984027638394
17520.0,49.99969925695062,49.99970006231864,49.99970247206898,49.99970646735504,49.99971201748714,49.999719081042194,49.99972760748058,49.999737539360574,49.999748815317105,49.999761374125,49.99977516048941,49.999790133950654,49.99980628420968,49.99982366206307,49.99984245877275,nan,nan,nan,nan,nan,49.9998484714082
17580.0,49.99971471214508,49.99971547682679,49.999717764838934,49.99972155828649,49.99972682803079,49.99973353474494,49.99974163045186,49.99975106063082,49.99976176705079,49.99977369163667,49.99978678198173,49.99980099983148,49.99981633570334,49.99983283845006,49.99985069134125,nan,nan,nan,nan,nan,49.99985625559284
17640.0,49.99972939133532,49.99973011733739,49.999732289615515,49.999735891179476,49.99974089436507,49.99974726183824,49.99975494805762,49.99976390127857,49.99977406624773,49.999785387881865,49.999797816515176,49.999811315981695,49.99982587756067,49.99984154822811,49.99985850358422,nan,nan,nan,nan,nan,49.99986364904021
17700.0,49.99974333254574,49.99974402177834,49.99974608403788,49.9997495031944,49.99975425298545,49.99976029797109,49.99976759492534,49.99977609474135,49.99978574499495,49.999796493444336,49.99980829302456,49.99982110954749,49.99983493500307,49.99984981455563,49.999865916446225,nan,nan,nan,nan,nan,49.99987067089386
17760.0,49.99975657198472,49.99975722626603,49.99975918394733,49.99976242971625,49.99976693864286,49.99977267708784,49.999779604025385,49.99978767285544,49.99979683384155,49.99980703744007,49.99981823905412,49.99983040636834,49.99984353203509,49.99985765947041,49.999872949854435,nan,nan,nan,nan,nan,49.9998773393831
17820.0,49.999769144129054,49.999769765189576,49.99977162347052,49.999774704436824,49.99977898442513,49.99978443150725,49.999791006748545,49.99979866593062,49.99980736187034,49.99981704758613,49.999827680822854,49.99983923103814,49.99985169150176,49.99986510394276,49.999879622766926,nan,nan,nan,nan,nan,49.99988367186543
17880.0,49.999781081804585,49.99978167129133,49.999783435099864,49.99978635943402,49.99979042183418,49.9997955919985,49.99980183297935,49.99980910282133,49.99981735676643,49.99982655026588,49.99983664328626,49.9998476069637,49.99985943514287,49.999872167925425,49.99988595321834,nan,nan,nan,nan,nan,49.999889684867185
17940.0,49.99979241626311,49.99979297574344,49.999794649769306,49.999797425246825,49.99980128086029,49.9998061878535,49.99981211116673,49.99981901099467,49.999826844882605,49.99983557059161,49.999845150195874,49.999855556420535,49.999866783645224,49.999878870402064,49.99989195836375,nan,nan,nan,nan,nan,49.99989539412219
18000.0,49.99980317725594,49.99980370822131,49.999805296927285,49.99980793094709,49.99981159005251,49.99981624695573,49.99982186839102,49.99982841659533,49.99983585130176,49.99984413246411,49.99985322415583,49.99986310060613,49.999873756692274,49.99988522943278,49.9998976545206,nan,nan,nan,nan,nan,49.99990081460889
18060.0,49.99981339403575,49.99981389799715,49.99981540590359,49.9998179059581,49.99982137895836,49.999825799002664,49.99983113451791,49.99983734966775,49.99984440624746,49.99985226627483,49.99986089569968,49.99987027015278,49.99988038495513,49.99989127567106,49.99990307237221,nan,nan,nan,nan,nan,49.999905959331755
18120.0,49.99982309429879,49.99982357259164,49.9998250036939,49.99982737640617,49.99983067249938,49.99983486738553,49.99983993109501,49.999845829614934,49.99985252669131,49.999859986294744,49.99986817615334,49.99987707323346,49.99988667329632,49.99989701055826,49.999908209779306,nan,nan,nan,nan,nan,49.99991084303434
18180.0,49.9998323033938,49.999832757286114,49.99983411537776,49.999836367036366,49.99983949495639,49.99984347579718,49.99984828111242,49.99985387862313,49.999860233932694,49.99986731287336,49.999875084870645,49.999883528167686,49.99989263894592,49.99990245012846,49.999913081374366,nan,nan,nan,nan,nan,49.9999154791042
18240.0,49.999841045411586,49.999841476109374,49.99984276479938,49.999844901388606,49.999847869450385,49.99985164683118,49.999856206534666,49.99986151793318,49.999867548398626,49.99987426553581,49.999881640385745,49.99988965240429,49.99989829816604,49.99990760934632,49.99991770070213,nan,nan,nan,nan,nan,49.99991987991871
18300.0,49.99984934330199,49.99984975195482,49.99985097468298,49.999853001907084,49.99985581803707,49.99985940204961,49.999863728328876,49.99986876781853,49.99987448957331,49.99988086288371,49.999887860325714,49.99989546250456,49.99990366636034,49.99991250236299,49.999922080559124,nan,nan,nan,nan,nan,49.99992405717831
18360.0,49.999857218950574,49.999857606654146,49.99985876669933,49.9998606899955,49.99986336174889,49.999866762011536,49.99987086648101,49.99987564759555,49.99988107600997,49.999887122616684,49.99989376144885,49.9999009742,49.99990875814904,49.99991714260126,49.99992623307801,nan,nan,nan,nan,nan,49.999928021985525
18420.0,49.9998646932235,49.99986506102185,49.99986616150807,49.999867986056515,49.99987052063087,49.999873746306044,49.999877640028174,49.999882175656644,49.99988732536675,49.999893061572536,49.99989935968967,49.99990620244176,49.99991358742098,49.99992154280763,49.99993016977641,nan,nan,nan,nan,nan,49.99993178488969
18480.0,49.9998717860051,49.99987213489248,49.999873178794815,49.99987490952865,49.99987731377775,49.99988037358923,49.999884067096566,49.999888369509236,49.999893254447066,49.99989869576882,49.99990467020166,49.99991116144357,49.999918167376144,49.99992571509302,49.999933901594446,nan,nan,nan,nan,nan,49.99993535592091
18540.0,49.99987851623562,49.999878847158556,49.99987983730911,49.99988147892419,49.99988375937186,49.999886661623606,49.9998901649406,49.99989424581528,49.99989887923925,49.9999040404428,49.99990970739669,49.99991586472039,49.999922510562456,49.99992967096728,49.999937438926764,nan,nan,nan,nan,nan,49.999938744618646
18600.0,49.99988490194965,49.999885215808845,49.999886154902896,49.99988771186796,49.9998898747227,49.999892627316434,49.99989594998197,49.99989982043016,49.9999042149553,49.99990911008918,49.99991448498181,49.999920325123846,49.99992662890981,49.99993342137125,49.999940791651404,nan,nan,nan,nan,nan,49.99994196005732
18660.0,49.99989096031494,49.99989125796745,49.99989214856932,49.999893625136316,49.99989567630477,49.99989828675821,49.99990143784736,49.99990510843998,49.999909276067164,49.999913918495686,49.9999190159936,49.99992455487507,49.999930533760796,49.99993697670493,49.9999439691559,nan,nan,nan,nan,nan,49.999945010869766
18720.0,49.999896707670736,49.999896989931834,49.99989783448105,49.99989923469451,49.99990117979562,49.99990365526011,49.99990664340526,49.99991012419756,49.99991407634202,49.99991847877726,49.99992331283089,49.99992856559563,49.999934235899865,49.99994034685478,49.999946980362104,nan,nan,nan,nan,nan,49.999947905268876
18780.0,49.99990215956527,49.99990242721046,49.99990322802732,49.9999045557343,49.9999064001124,49.99990874738967,49.999911580801296,49.99991488135681,49.99991862887554,49.99992280340771,49.99992738728527,49.99993236833653,49.999937745580496,49.999943541218904,49.999949833748964,nan,nan,nan,nan,nan,49.99995065106809
18840.0,49.99990733079211,49.99990758455882,49.99990834384999,49.99990960270925,49.999911351447,49.99991357700565,49.999916263492,49.99991939290578,49.99992294612373,49.99992690425071,49.99993125057021,49.99993597360583,49.99994107255112,49.999946568730614,49.99995253737437,nan,nan,nan,nan,nan,49.99995325570055
18900.0,49.99991223542519,49.99991247601479,49.999913195878754,49.9999143893694,49.999916047299955,49.999918157291226,49.99992070427729,49.99992367119796,49.999927039933375,49.999930792588565,49.99993491334886,49.99993939139471,49.999944226079215,49.99994943788133,49.99995509889555,nan,nan,nan,nan,nan,49.99995572623729
18960.0,49.99991688685249,49.99991711493186,49.99991779736386,49.99991892879408,49.9999205005131,49.999922500785736,49.9999249153316,49.99992772798248,49.999930921570794,49.99993447915019,49.99993838576039,49.99994263120229,49.999947214974725,49.99995215674168,49.99995752558869,nan,nan,nan,nan,nan,49.99995806940458
19020.0,49.999921297808285,49.9999215140114,49.9999221609085,49.99992323342362,49.99992472330038,49.99992661941526,49.99992890823319,49.99993157443277,49.99993460174975,49.99993797413739,49.999941677444916,49.99994570205931,49.99995004761213,49.999954732982005,49.999959824367465,nan,nan,nan,nan,nan,49.99996029160024
19080.0,49.99992548040402,49.99992568533367,49.99992629849937,49.99992731508953,49.99992872727793,49.99993052452153,49.99993269399281,49.99993522117387,49.99993809065753,49.99994128725011,49.999944797567586,49.99994861255051,49.99995273195123,49.99995717389163,49.9999620018004,nan,nan,nan,nan,nan,49.999962398909354
19140.0,49.99992944615784,49.999929640386924,49.99993022153573,49.99993118504338,49.99993252349215,49.99993422688982,49.999936283080544,49.99993867830868,49.99994139798023,49.99994442771031,49.99994775484119,49.999951370836186,49.999955275557234,49.999959486397394,49.999964064127894,nan,nan,nan,nan,nan,49.999964397119115
19200.0,49.99993320602273,49.999933390095954,49.99993394085739,49.9999348539844,49.99993612244687,49.9999377367754,49.99993968545143,49.99994195544282,49.999944532926655,49.99994740428498,49.99995055754799,49.999953984672544,49.999957685619805,49.999961677080975,49.99996601727804,nan,nan,nan,nan,nan,49.99996629173304
19260.0,49.999936770413434,49.99993694484841,49.99993746677147,49.999938332085776,49.99993953412934,49.99994106392878,49.99994291057045,49.99994506170838,49.99994750425118,49.999950225307956,49.999953213560275,49.9999564614311,49.99995996897119,49.9999637521959,49.99996786688194,nan,nan,nan,nan,nan,49.99996808798446
19320.0,49.99994014923215,49.99994031452088,49.99994080907749,49.99994162901978,49.99994276803475,49.999944217619955,49.99994596743553,49.99994800578663,49.99995032027556,49.99995289870052,49.999955730360206,49.99995880811731,49.99996213210339,49.999965717683125,49.99996961828794,nan,nan,nan,nan,nan,49.99996979084946
19380.0,49.99994335189299,49.99994350850301,49.99994397709206,49.9999447539816,49.999945833189855,49.99994720666127,49.99994886460029,49.99995079592968,49.99995298890965,49.999955431991644,49.99995811505852,49.999961031388224,49.999964181184694,49.999967579186524,49.99997127657565,nan,nan,nan,nan,nan,49.99997140505913
19440.0,49.999946387345375,49.9999465357209,49.99994697967173,49.99994771571235,49.99994873817549,49.9999500394294,49.99995161019504,49.99995343998098,49.99995551767124,49.99995783233648,49.99996037441247,49.999963137569274,49.99996612207552,49.999969342067146,49.99997284656907,nan,nan,nan,nan,nan,49.999972935111316
19500.0,49.99994926409629,49.999949404659475,49.99994982523504,49.99995052252082,49.99995149114781,49.99995272388638,49.99995421194746,49.99995594539516,49.99995791370502,49.99996010653445,49.999962514843006,49.999965132670376,49.999967960343,49.9999710114171,49.99997433284888,nan,nan,nan,nan,nan,49.999974385281774
19560.0,49.99995199023155,49.99995212338344,49.99995252178375,49.99995318230425,49.999954099858776,49.99995526759939,49.999956677201624,49.99995831925651,49.9999601838004,49.999962261046754,49.999964542450776,49.99996702240119,49.99996970127557,49.99997259207248,49.999975739764544,nan,nan,nan,nan,nan,49.99997575963484
19620.0,49.999954573436064,49.99995469955767,49.9999550769227,49.99995570256794,49.99995657167576,49.999957677759916,49.99995901293682,49.99996056829708,49.99996233440882,49.99996430201234,49.99996646303199,49.99996881218578,49.999971349896406,49.99997408862612,nan,nan,nan,nan,nan,nan,49.999977062033615
19680.0,49.99995702101311,49.999957140466336,49.99995749787908,49.9999580904446,49.99995891359979,49.99995996120179,49.999961225784936,49.999962698913635,49.99996437166006,49.999966235263614,49.9999682820929,49.99997050717635,49.99997291097633,49.99997550543933,nan,nan,nan,nan,nan,nan,49.999978296149585
19740.0,49.99995933990281,49.999959453031465,49.99995979152055,49.99996035271178,49.99996113228355,49.99996212441851,49.99996332204744,49.99996471718393,49.999966301377825,49.999968066341594,49.99997000486408,49.99997211226667,49.9999743890462,49.99997684665325,nan,nan,nan,nan,nan,nan,49.99997946547193
19800.0,49.99996153669964,49.999961643830254,49.999961964372694,49.99996249580943,49.99996323404801,49.99996417357969,49.99996530771117,49.99996662888192,49.999968129094576,49.99996980050971,49.999971636313774,49.99997363210453,49.9999757884086,49.999978116199735,nan,nan,nan,nan,nan,nan,49.999980573316265
19860.0,49.99996361747584,49.999963718899714,49.99996402236722,49.99996452549533,49.99996522441017,49.99996611389781,49.99996718762357,49.9999684384336,49.99996985876289,49.999971441200046,49.999973179312384,49.99997506896267,49.9999771107061,49.99997931505427,nan,nan,nan,nan,nan,nan,49.99998162308422
19920.0,49.99996558803286,49.99996568404771,49.99996597133123,49.99996644762793,49.99996710927183,49.99996795132909,49.99996896780623,49.99997015193613,49.99997149656497,49.999972994688,49.9999746402324,49.999976429308134,49.99997836248798,49.99998044982686,nan,nan,nan,nan,nan,nan,49.999982617528474
19980.0,49.999967454093195,49.9999675449823,49.999967816929306,49.999968267800206,49.99996889412593,49.9999696912384,49.99997065346746,49.99997177441189,49.999973047306334,49.99997446552937,49.999976023346306,49.99997771709756,49.99997954736789,49.99998152377287,nan,nan,nan,nan,nan,nan,49.99998355939901
20040.0,49.99996922109918,49.99996930713138,49.999969564546525,49.99996999132515,49.999970584184986,49.999971338709216,49.999972249533364,49.99997331060214,49.99997451551711,49.99997585801873,49.99997733269108,49.99997893609089,49.9999806688115,49.99998254004713,nan,nan,nan,nan,nan,nan,49.999984451382005
20100.0,49.999970894213504,49.999970975643656,49.99997121928911,49.999971623239105,49.999972184387815,49.99997289855609,49.99997376066861,49.99997476499715,49.99997590549032,49.999977176230466,49.99997857210256,49.999980089866945,49.99998173012275,49.99998350166053,nan,nan,nan,nan,nan,nan,49.99998529604486
20160.0,49.99997247832891,49.9999725553983,49.99997278599638,49.99997316831484,49.99997369941494,49.999974375342475,49.999975191295746,49.99997614185593,49.999977221299844,49.99997842403318,49.99997974522517,49.99998118182787,49.99998273444401,49.99998441147731,nan,nan,nan,nan,nan,nan,49.9999860958325
20220.0,49.999973978083055,49.99997405102048,49.9999742692555,49.999974631077016,49.99997513370438,49.99997577339633,49.99997654561003,49.999977445219635,49.999978466812394,49.999979605099874,49.999980855520114,49.999982215205755,49.99998368476086,49.99998527221875,nan,nan,nan,nan,nan,nan,49.99998685306988
20280.0,49.99997539787344,49.99997546689583,49.999975673416664,49.99997601581691,49.99997649146567,49.999977096823216,49.99997782759188,49.99997867892299,49.9999796456979,49.99998072291747,49.999981906273696,49.99998319306935,49.999984583908194,49.999986086468816,nan,nan,nan,nan,nan,nan,49.99998756996634
20340.0,49.99997674187113,49.999976807184076,49.99997700260597,49.999977326605084,49.999977776692106,49.99997834951827,49.99997904101804,49.99997984660526,49.9999807614395,49.99998178079539,49.99998290060513,49.999984118331724,49.99998543457695,49.99998685667963,nan,nan,nan,nan,nan,nan,49.9999882486204
20400.0,49.999978014033054,49.99997807583159,49.99997826073814,49.99997856730346,49.999978993172576,49.9999795351775,49.9999801894724,49.99998095171983,49.999981817342615,49.99998278187452,49.99998384147478,49.99998499375734,49.99998623932059,49.99998758517809,nan,nan,nan,nan,nan,nan,49.99998889102472
20460.0,49.99997921811343,49.999979276582536,49.999979451527174,49.99997974157628,49.99998014450207,49.9999806573077,49.99998127635563,49.99998199754356,49.999982816543785,49.99998372913518,49.99998473169156,49.99998582196922,49.99998700056185,49.99998827417135,nan,nan,nan,nan,nan,nan,49.99998949907104
20520.0,49.999980357674296,49.99998041298943,49.999980578497045,49.999980852900244,49.999981234091585,49.99998171923643,49.999982304894274,49.99998298718573,49.999983762019085,49.999984625405155,49.999985573920654,49.99998660545592,49.999987720598796,49.999988925752916,nan,nan,nan,nan,nan,nan,49.99999007455498
20580.0,49.99998143609535,49.99998148842287,49.999981644991365,49.99998190457404,49.999982265177536,49.999982724120734,49.99998327814979,49.99998392359637,49.99998465659211,49.999985473367346,49.99998637069043,49.99998734657809,49.99998840161125,49.999989541908086,nan,nan,nan,nan,nan,nan,49.99999061918071
20640.0,49.999982456583176,49.9999825060809,49.99998265418247,49.999982899727456,49.999983240830545,49.999983674956034,49.999984199026855,49.9999848095743,49.999985502941584,49.99998627556668,49.999987124399155,49.99998804757472,49.999989045666574,49.999990124519464,nan,nan,nan,nan,nan,nan,49.99999113456542
20700.0,49.99998342218005,49.99998346899763,49.999983609080076,49.99998384132979,49.99998416396379,49.99998457458403,49.99998507028085,49.99998564777458,49.99998630360862,49.99998703441736,49.99998783732175,49.99998871056943,49.999989654725155,49.99999067537197,nan,nan,nan,nan,nan,nan,49.999991622243634
20760.0,49.99998433577217,49.99998438005158,49.99998451253944,49.99998473219796,49.999985037340885,49.99998542570055,49.999985894525686,49.99998644071576,49.99998706100353,49.99998775220925,49.99998851161569,49.9999893375761,49.999990230645956,49.99999119615789,nan,nan,nan,nan,nan,nan,49.99999208367127
20820.0,49.99998520009748,49.99998524197323,49.999985367269346,49.99998557500422,49.999985863583454,49.999986230862746,49.99998667424094,49.99998719078686,49.99998777741253,49.99998843111402,49.99998914932712,49.99998993050441,49.99999077519156,49.99999168848147,nan,nan,nan,nan,nan,nan,49.999992520229554
20880.0,49.99998601775315,49.999986057352885,49.99998617583899,49.9999863722833,49.99998664517815,49.99998699249627,49.999987411778314,49.99998790025366,49.99998845500383,49.999989073191266,49.999989752396274,49.99999049116509,49.99999129003288,49.99999215386334,nan,nan,nan,nan,nan,nan,49.9999929332288
20940.0,49.99998679120265,49.99998682864738,49.999986940685474,49.99998712643939,49.99998738448367,49.99998771290161,49.999988109368346,49.999988571264986,49.9999890958337,49.999989680394044,49.99999032266304,49.9999910212749,49.99999177675414,49.99999259374487,nan,nan,nan,nan,nan,nan,49.99999332391189
21000.0,49.99998752278247,49.999987558186895,49.999987664120205,49.99998783975274,49.99998808373684,49.999988394260576,49.99998876912629,49.99998920585873,49.99998970185192,49.999990254574236,49.9999908618717,49.99999152246146,49.99999223685687,49.999993009492094,nan,nan,nan,nan,nan,nan,49.999993693457675
21060.0,49.99998821470847,49.9999882481813,49.99998834833517,49.99998851438579,49.99998874505902,49.999989038642205,49.99998939305806,49.99998980596721,49.99999027490741,49.99999079748777,49.9999913716761,49.99999199626768,49.99999267176438,49.99999340239958,nan,nan,nan,nan,nan,nan,49.99999404298421
21120.0,49.99998886908201,49.999988900726386,49.99998899540924,49.99998915238915,49.99998937046195,49.99998964800852,49.999989983065646,49.99999037342265,49.99999081675319,49.99999131079933,49.99999185364402,49.99999244415609,49.99999308282569,49.99999377369407,nan,nan,nan,nan,nan,nan,49.9999943735518
21180.0,49.99998948789569,49.99998951780928,49.99998960731344,49.99998975570744,49.99998996185294,49.99999022421979,49.99999054095251,49.999990909962214,49.99999132905106,49.999991796086924,49.99999230926158,49.999992867512915,49.99999347131924,49.999994124538,nan,nan,nan,nan,nan,nan,49.9999946861659
21240.0,49.99999007303884,49.99999010131421,49.999990185916815,49.99999032618422,49.99999052104057,49.99999076903979,49.999991068428486,49.99999141723277,49.99999181337656,49.99999225484662,49.999992739937454,49.99999326765196,49.999993838456504,49.99999445603272,nan,nan,nan,nan,nan,nan,49.999994981779885
21300.0,49.99999062630277,49.99999065302773,49.999990732991286,49.99999086556747,49.999991049739485,49.99999128414075,49.99999156711436,49.99999189679558,49.99999227122318,49.99999268849637,49.9999931470067,49.99999364581833,49.999994185385425,49.999994769221615,nan,nan,nan,nan,nan,nan,49.999995261297684
21360.0,49.999991149385714,49.9999911746434,49.99999125021679,49.999991375514284,49.99999154957506,49.999991771107716,49.99999203854679,49.99999235013046,49.9999927040064,49.99999309838005,49.999993531734674,49.99999400319186,49.999994513193705,49.99999506509321,nan,nan,nan,nan,nan,nan,49.999995525576296
21420.0,49.99999164389753,49.99999166776675,49.99999173918575,49.999991857595504,49.9999920220881,49.99999223144333,49.99999248418208,49.99999277864007,49.9999931130679,49.999993485771434,49.999993895320394,49.99999434089058,49.999994822911944,49.99999534458375,nan,nan,nan,nan,nan,nan,49.999995775428125
21480.0,49.9999921113642,49.99999213391964,49.999992201407714,49.99999231330009,49.999992468739094,49.999992666571714,49.99999290540072,49.99999318365388,49.99999349967917,49.99999385187739,49.999994238900044,49.99999465997373,49.999995115516285,49.99999560858016,nan,nan,nan,nan,nan,nan,49.99999601162331
21540.0,49.99999255323213,49.999992574544535,49.9999926383133,49.99999274403935,49.999992890912175,49.99999307784269,49.999993303510834,49.99999356643167,49.99999386504512,49.99999419784175,49.999994563550146,49.99999496144488,49.999995391931584,49.999995857922414,nan,nan,nan,nan,nan,nan,49.99999623489179
21600.0,49.999992970872135,49.99999299100852,49.99999305125854,49.99999315115068,49.99999328991926,49.99999346653543,49.99999367975227,49.999993928167335,49.999994210307506,49.999994524748146,49.999994870290685,49.99999524625464,49.99999565303379,49.99999609340597,nan,nan,nan,nan,nan,nan,49.999996445925426
21660.0,49.99999336553678,49.999993384556184,49.99999344146404,49.99999353581521,49.999993666886716,49.99999383370709,49.99999403509932,49.99999426973949,49.999994536237544,49.99999483324997,49.999995159647916,49.99999551479434,49.99999589907164,49.999996315127646,nan,nan,nan,nan,nan,nan,49.99999664543849
21720.0,49.999993738421225,49.99999375638454,49.99999381013267,49.99999389924527,49.99999402303998,49.99999418059983,49.999994370814,49.99999459243333,49.99999484414656,49.99999512468691,49.999995432991355,49.99999576846265,49.99999613147028,49.99999652453431,nan,nan,nan,nan,nan,nan,49.99999683399489
21780.0,49.99999409070909,49.999994107674226,49.99999415843569,49.999994242596856,49.99999435951363,49.99999450832069,49.99999468796969,49.99999489728197,49.99999513502041,49.99999539999041,49.999995691190286,49.99999600805979,49.999996350955094,49.99999672227431,nan,nan,nan,nan,nan,nan,49.99999701216162
21840.0,49.99999442352321,49.99999443954493,49.999994487483626,49.99999456696498,49.999994677381004,49.99999481791509,49.99999498757781,49.99999518525686,49.99999540978504,49.99999566003553,49.99999593506438,49.99999623434592,49.99999655822308,49.99999690897796,nan,nan,nan,nan,nan,nan,49.999997180493295
21900.0,49.99999473792545,49.99999475305544,49.99999479832617,49.99999487338419,49.99999497765577,49.99999511036999,49.9999952705931,49.999995457275425,49.99999566931554,49.999995905650565,49.99999616539089,49.99999644804325,49.99999675393776,49.99999708524589,nan,nan,nan,nan,nan,nan,49.999997339519105
21960.0,49.999995034918996,49.999995049206184,49.99999509195504,49.999995162832114,49.99999526129575,49.999995386618224,49.999995537918416,49.9999957142055,49.99999591444031,49.99999613762012,49.99999638290671,49.99999664983707,49.99999693872893,49.999997251648246,nan,nan,nan,nan,nan,nan,49.9999974897418
22020.0,49.999995315452,49.999995328942525,49.99999536930774,49.99999543623279,49.999995529206515,49.99999564754207,49.9999957904077,49.99999595686837,49.99999614594348,49.99999635668737,49.99999658830994,49.99999684037674,49.99999711319346,49.99999740872561,nan,nan,nan,nan,nan,nan,49.99999763163833
22080.0,49.999995580420965,49.99999559315848,49.99999563127067,49.99999569446033,49.99999578224488,49.9999958939762,49.99999602886913,49.999996186041365,49.999996364567636,49.999996563555925,49.99999678226169,49.99999702027732,49.99999727789676,49.999997556989904,nan,nan,nan,nan,nan,nan,49.99999776566074
22140.0,49.99999583067395,49.99999584269972,49.9999958786824,49.99999593834143,49.99999602122135,49.999996126710364,49.99999625406757,49.99999640246032,49.99999657101557,49.99999675889198,49.99999696538807,49.99999719012129,49.999997433374226,49.999997696925774,nan,nan,nan,nan,nan,nan,49.99999789223732
22200.0,49.99999606701333,49.99999607836647,49.999996112336426,49.99999616865854,49.999996246902896,49.99999634649208,49.99999646672689,49.9999966068216,49.99999676595252,49.99999694332622,49.99999713828162,49.9999973504599,49.99999758013263,49.99999782899193,nan,nan,nan,nan,nan,nan,49.99999801177364
22260.0,49.99999629019834,49.999996300915775,49.99999633298361,49.99999638615206,49.999996460015375,49.999996554028655,49.999996667532095,49.99999679978425,49.99999695000817,49.99999711745542,49.99999730150317,49.99999750181494,49.99999771865153,49.99999795362248,nan,nan,nan,nan,nan,nan,49.999998124653736
22320.0,49.9999965009475,49.99999651106415,49.999996541334426,49.99999659152254,49.999996661245646,49.99999674998953,49.99999685713155,49.999996981972195,49.99999712377839,49.99999728184447,49.99999745558362,49.99999764468016,49.999997849384705,49.99999807122803,nan,nan,nan,nan,nan,nan,49.99999823124116
22380.0,49.99999669994077,49.999996709489686,49.999996738061334,49.999996785433154,49.999996851243836,49.99999693500825,49.9999970361388,49.999997153975606,49.99999728782711,49.9999974370279,49.99999760102511,49.999997779522765,49.99999797276142,49.999998182197025,nan,nan,nan,nan,nan,nan,49.99999833188005
22440.0,49.9999968878216,49.99999689683412,49.99999692380065,49.99999696851131,49.99999703062509,49.999997109684266,49.999997205134484,49.99999731635313,49.99999744268794,49.999997583511515,49.99999773830294,49.99999790678478,49.999998089187876,49.99999828689688,nan,nan,nan,nan,nan,nan,49.9999984268961
22500.0,49.99999706519892,49.99999707370455,49.999997099154534,49.99999714135076,49.99999719997155,49.999997274584935,49.999997364668026,49.99999746963335,49.99999758886583,49.999997721773795,49.9999978678667,49.99999802688424,49.99999819904822,49.999998385675134,nan,nan,nan,nan,nan,nan,49.99999851659752
22560.0,49.99999723264887,49.99999724067561,49.99999726469278,49.999997304513414,49.99999735983395,49.99999743024702,49.99999751525916,49.999997614316364,49.99999772683842,49.99999785226755,49.999997990141665,49.99999814021692,49.99999830270581,49.99999847886034,nan,nan,nan,nan,nan,nan,49.99999860127601
22620.0,49.99999739071664,49.999997398291015,49.999997420954486,49.99999745853081,49.999997510733564,49.99999757717838,49.99999765739986,49.99999775087533,49.99999785705767,49.99999797542106,49.99999810553027,49.99999824715665,49.99999840050424,49.999998566763274,nan,nan,nan,nan,nan,nan,49.99999868120754
22680.0,49.99999753991807,49.99999754706505,49.99999756844978,49.99999760390594,49.99999765316342,49.99999771585951,49.99999779155532,49.99999787975784,49.99999797995111,49.999998091639476,49.99999821441305,49.99999834805756,49.99999849276857,49.99999864967772,nan,nan,nan,nan,nan,nan,49.99999875665325
22740.0,49.99999768074118,49.99999768748446,49.99999770766127,49.99999774111472,49.99999778759,49.99999784674503,49.99999791816579,49.99999800138734,49.99999809592316,49.99999820130603,49.99999831714996,49.99999844325411,49.99999857980601,49.99999872788154,nan,nan,nan,nan,nan,nan,49.99999882786014
22800.0,49.999997813647624,49.99999782000961,49.9999978390455,49.999997870607274,49.999997914454624,49.99999797026493,49.999998037647686,49.99999811616439,49.99999820535639,49.999998304783205,49.9999984140814,49.99999853306287,49.99999866190725,49.99999880163729,nan,nan,nan,nan,nan,nan,49.99999889506196
22860.0,49.99999793907416,49.999997945075975,49.99999796303426,49.9999979928094,49.999998034174745,49.999998086826004,49.99999815039485,49.99999822446788,49.99999830861255,49.99999840241379,49.99999850552934,49.999998617783014,49.99999873934697,49.99999887119329,nan,nan,nan,nan,nan,nan,49.99999895847973
22920.0,49.999998057433885,49.99999806309554,49.99999808003617,49.99999810812396,49.99999814714519,49.99999819681296,49.99999825677984,49.99999832665608,49.99999840603384,49.99999849452196,49.999998591798246,49.99999869769758,49.9999988123849,49.99999893678418,nan,nan,nan,nan,nan,nan,49.9999990183226
22980.0,49.999998169117546,49.999998174458014,49.9999981904375,49.99999821693185,49.99999825373946,49.99999830058969,49.99999835715497,49.999998423067865,49.99999849794386,49.99999858141429,49.99999867317592,49.99999877307405,49.99999888126665,49.999998998631824,nan,nan,nan,nan,nan,nan,49.999999074788306
23040.0,49.99999827449469,49.999998279531845,49.99999829460383,49.99999831959344,49.99999835431068,49.99999839850027,49.99999845185344,49.99999851402369,49.99999858464856,49.99999866338071,49.99999874993458,49.9999988441653,49.99999894622429,49.99999905694589,nan,nan,nan,nan,nan,nan,49.99999912806391
23100.0,49.99999837391483,49.99999837866561,49.99999839288061,49.99999841644941,49.99999844919283,49.99999849087018,49.99999854119033,49.99999859982658,49.99999866643731,49.999998740695176,49.999998822331484,49.9999989112105,49.999999007477214,49.99999911192448,nan,nan,nan,nan,nan,nan,49.999999178326306
23160.0,49.999998467708444,49.99999847218882,49.999998485594716,49.999998507822035,49.999998538701846,49.99999857800717,49.999998625463576,49.99999868076305,49.99999874358363,49.999998813616926,49.99999889060998,49.99999897443575,49.99999906523286,49.99999916375487,nan,nan,nan,nan,nan,nan,49.99999922574276
23220.0,49.999998556188075,49.999998560413154,49.99999857305515,49.999998594016034,49.999998623136314,49.9999986602022,49.99999870495487,49.999998757104024,49.99999881634619,49.99999888239092,49.999998954999946,49.99999903405452,49.999999119687196,49.99999921261399,nan,nan,nan,nan,nan,nan,49.999999270471434
23280.0,49.999998639649206,49.999998643633276,49.99999865555413,49.99999867531934,49.999998702778626,49.999998737730316,49.99999877993053,49.999998829105586,49.99999888496953,49.9999989472486,49.99999901571883,49.99999909026875,49.999999171025415,49.99999925866901,nan,nan,nan,nan,nan,nan,49.99999931266186
23340.0,49.99999871837124,49.99999872212779,49.999998733367924,49.99999875200444,49.99999877789569,49.999998810851636,49.999998850642335,49.99999889700984,49.99999894968468,49.999999008409034,49.999999072971974,49.999999143269385,49.99999921942263,49.99999930207793,nan,nan,nan,nan,nan,nan,49.99999935245543
23400.0,49.99999879261829,49.99999879616006,49.99999880675766,49.999998824328756,49.99999884873996,49.99999887981204,49.999998917328305,49.99999896104568,49.999999010710184,49.99999906607895,49.99999912695363,49.99999919323666,49.99999926504411,49.99999934298993,nan,nan,nan,nan,nan,nan,49.99999938998582
23460.0,49.99999886264173,49.999998865980984,49.99999887597252,49.99999889253884,49.999998915554144,49.999998944849466,49.99999898022055,49.99999902143836,49.99999906826358,49.999999120467336,49.999999177862925,49.99999924035912,49.99999930806686,49.99999938156942,nan,nan,nan,nan,nan,nan,49.99999942537729
23520.0,49.99999892867886,49.999998931826916,49.99999894124646,49.99999895686436,49.99999897856199,49.99999900618021,49.99999903952646,49.99999907838478,49.99999912252971,49.999999171745685,49.99999922585697,49.999999284778234,49.99999934861564,49.9999994179233,nan,nan,nan,nan,nan,nan,49.999999458751354
23580.0,49.99999899095214,49.99999899391978,49.99999900279936,49.99999901752204,49.99999903797604,49.99999906401127,49.99999909544625,49.9999991320775,49.99999917369253,49.99999922008838,49.99999927109962,49.9999993266466,49.99999938683064,49.99999945217836,nan,nan,nan,nan,nan,nan,49.99999949022164
23640.0,49.99999904967179,49.999999052469114,49.99999906083914,49.99999907471692,49.99999909399712,49.999999118538305,49.999999148169415,49.99999918269876,49.999999221926124,49.99999926566036,49.99999931374581,49.999999366107986,49.9999994228439,49.999999484453795,nan,nan,nan,nan,nan,nan,49.99999951989494
23700.0,49.999999105036544,49.99999910767314,49.999999115562275,49.99999912864271,49.9999991468152,49.99999916994643,49.99999919787526,49.99999923042096,49.99999926739503,49.999999308617426,49.99999935394179,49.999999403298396,49.999999456780024,49.99999951486194,nan,nan,nan,nan,nan,nan,49.999999547872044
23760.0,49.999999157234335,49.999999159719266,49.999999167154584,49.999999179482614,49.99999919660982,49.999999218410586,49.99999924473308,49.999999275406964,49.99999931025478,49.999999349106886,49.99999939182573,49.999999438346094,49.99999948875661,49.99999954350888,nan,nan,nan,nan,nan,nan,49.999999574248164
23820.0,49.99999920644281,49.99999920878461,49.99999921579181,49.99999922740994,49.99999924355079,49.999999264096175,49.99999928890291,49.999999317810705,49.999999350652224,49.99999938726786,49.999999427528124,49.99999947137216,49.99999951888471,49.99999957049466,nan,nan,nan,nan,nan,nan,49.99999959911322
23880.0,49.99999925282991,49.99999925503673,49.99999926163989,49.99999927258817,49.99999928779852,49.99999930715949,49.99999933053622,49.99999935777767,49.99999938872627,49.99999942323171,49.999999461172344,49.99999950249117,49.99999954726925,49.99999959591392,nan,nan,nan,nan,nan,nan,49.999999622552174
23940.0,49.99999929655431,49.99999929863374,49.99999930485576,49.99999931517218,49.999999329504654,49.9999993477482,49.99999936977576,49.999999395445144,49.99999942460793,49.999999457122605,49.99999949287474,49.99999953181117,49.9999995740092,49.99999961985579,nan,nan,nan,nan,nan,nan,49.99999964464531
24000.0,49.999999337765985,49.99999933972525,49.99999934558778,49.99999935530805,49.99999936881239,49.9999993860018,49.999999406756714,49.99999943094309,49.999999458421165,49.9999994890578,49.999999522745355,49.999999559434144,49.99999959919813,49.999999642404646,nan,nan,nan,nan,nan,nan,49.99999966546846
24060.0,49.99999937660661,49.99999937845257,49.9999993839759,49.99999939313388,49.999999405857004,49.99999942205214,49.99999944160654,49.999999464393994,49.99999949028295,49.99999951914803,49.99999955088805,49.99999958545659,49.99999962292429,49.99999966363999,nan,nan,nan,nan,nan,nan,49.999999685093265
24120.0,49.999999413210055,49.99999941494909,49.99999942015258,49.99999942878017,49.99999944076651,49.99999945602376,49.99999947444583,49.99999949591381,49.999999520303824,49.999999547497886,49.99999957740087,49.999999609969535,49.99999964527108,49.999999683636965,nan,nan,nan,nan,nan,nan,49.999999703587406
24180.0,49.999999447702756,49.99999944934093,49.99999945424275,49.99999946237015,49.99999947366156,49.99999948803427,49.99999950538832,49.99999952561189,49.99999954858816,49.99999957420619,49.99999960237651,49.999999633058756,49.99999966631715,49.99999970246631,nan,nan,nan,nan,nan,nan,49.99999972101481
24240.0,49.99999948020416,49.99999948174727,49.999999486364516,49.99999949402018,49.999999504656245,49.99999951819475,49.99999953454164,49.99999955359152,49.999999575234526,49.99999959936619,49.99999962590244,49.99999965480552,49.99999968613684,49.99999972019505,nan,nan,nan,nan,nan,nan,49.99999973743587
24300.0,49.999999510827095,49.99999951228051,49.999999516629515,49.99999952384033,49.999999533858364,49.999999546610184,49.99999956200723,49.999999579950355,49.999999600336025,49.99999962306598,49.999999648061184,49.99999967528646,49.99999970480027,49.99999973688624,nan,nan,nan,nan,nan,nan,49.999999752907605
24360.0,49.9999995396781,49.999999541046996,49.99999954514295,49.99999955193435,49.999999561369506,49.99999957337962,49.999999587881085,49.99999960478049,49.99999962398057,49.999999645388755,49.99999966893076,49.999999694573795,49.99999972237368,49.99999975259956,nan,nan,nan,nan,nan,nan,49.9999997674839
24420.0,49.9999995668578,49.99999956814698,49.99999957200443,49.99999957840025,49.99999958728596,49.9999995985966,49.99999961225364,49.999999628169014,49.99999964625115,49.999999666413,49.99999968858483,49.999999712735914,49.99999973891951,49.99999976739114,nan,nan,nan,nan,nan,nan,49.9999997812156
24480.0,49.99999959246123,49.99999959367526,49.999999597307735,49.99999960333069,49.99999961169834,49.99999962234958,49.99999963521041,49.999999650198006,49.99999966722614,49.99999968621293,49.99999970709279,49.99999972983714,49.99999975449673,49.99999978131413,nan,nan,nan,nan,nan,nan,49.99999979415074
24540.0,49.99999961657809,49.99999961772124,49.999999621141704,49.99999962681308,49.99999963469237,49.99999964472191,49.99999965683215,49.99999967094501,49.9999996869795,49.99999970485845,49.99999972452028,49.999999745938354,49.99999976916104,49.99999979441856,nan,nan,nan,nan,nan,nan,49.999999806334685
24600.0,49.99999963929311,49.99999964036949,49.99999964359008,49.999999648930036,49.999999656348905,49.999999665792394,49.999999677194985,49.999999690483364,49.999999705581054,49.999999722415666,49.99999974092924,49.99999976109694,49.99999978296491,49.99999980675167,nan,nan,nan,nan,nan,nan,49.99999981781024
24660.0,49.99999966068627,49.99999966169961,49.99999966473185,49.99999966975943,49.99999967674429,49.999999685635395,49.99999969637098,49.99999970888207,49.999999723096764,49.99999973894692,49.999999756378074,49.99999977536705,49.99999979595792,49.99999981835797,nan,nan,nan,nan,nan,nan,49.99999982861784
24720.0,49.99999968083307,49.9999996817871,49.999999684641736,49.999999689374874,49.999999695950635,49.999999704321034,49.99999971442797,49.99999972620645,49.99999973958884,49.99999975451102,49.99999977092191,49.99999978879989,49.99999980818686,49.9999998292796,nan,nan,nan,nan,nan,nan,49.99999983879565
24780.0,49.99999969980478,49.99999970070289,49.99999970339013,49.99999970784574,49.99999971403599,49.99999972191564,49.99999973143009,49.999999742518035,49.99999975511597,49.99999976916358,49.99999978461279,49.999999801443565,49.999999819695766,49.99999983955613,nan,nan,nan,nan,nan,nan,49.999999848379694
24840.0,49.9999997176687,49.99999971851407,49.999999721043594,49.99999972523766,49.9999997310646,49.999999738481755,49.99999974743774,49.99999975787495,49.99999976973361,49.99999978295695,49.99999979749988,49.99999981334365,49.99999983052628,49.999999849224956,nan,nan,nan,nan,nan,nan,49.99999985740398
24900.0,49.999999734488306,49.999999735283986,49.99999973766488,49.9999997416125,49.99999974709703,49.99999975407836,49.99999976250813,49.999999772332124,49.99999978349405,49.99999979594063,49.99999980962943,49.99999982454305,49.999999840717706,49.9999998583214,nan,nan,nan,nan,nan,nan,49.99999986590059
24960.0,49.99999975032353,49.99999975107244,49.99999975331323,49.99999975702864,49.999999762190505,49.999999768761135,49.99999977669502,49.999999785941164,49.99999979644663,49.9999998081612,49.99999982104521,49.99999983508228,49.999999850307006,49.999999866878746,nan,nan,nan,nan,nan,nan,49.999999873899824
25020.0,49.99999976523094,49.99999976593571,49.99999976804455,49.99999977154114,49.99999977639901,49.99999978258272,49.999999790049365,49.99999979875101,49.999999808637895,49.999999819662776,49.999999831788415,49.999999844999564,49.999999859329094,49.99999987492829,nan,nan,nan,nan,nan,nan,49.99999988143026
25080.0,49.999999779263895,49.99999977992712,49.99999978191162,49.99999978520204,49.999999789773504,49.99999979559258,49.99999980261904,49.999999810807736,49.99999982011181,49.99999983048693,49.99999984189796,49.999999854330916,49.999999867816975,49.99999988249964,nan,nan,nan,nan,nan,nan,49.999999888518886
25140.0,49.99999979247276,49.999999793096855,49.999999794964225,49.99999979806043,49.99999980236202,49.99999980783765,49.99999981444939,49.9999998221548,49.9999998309098,49.99999984067271,49.999999851410585,49.99999986311031,49.99999987580167,49.999999889620725,nan,nan,nan,nan,nan,nan,49.99999989519113
25200.0,49.99999980490504,49.99999980549224,49.999999807249246,49.999999810162485,49.999999814209886,49.999999819361975,49.99999982558308,49.999999832833204,49.99999984107095,49.99999985025714,49.99999986036083,49.99999987136982,49.99999988331245,49.99999989631779,nan,nan,nan,nan,nan,nan,49.999999901471
25260.0,49.999999816604706,49.99999981715708,49.9999998188099,49.99999982155043,49.99999982535788,49.999999830204494,49.99999983605674,49.999999842877095,49.99999985062659,49.99999985926839,49.99999986877349,49.9999998791306,49.99999989036658,49.99999990260387,nan,nan,nan,nan,nan,nan,49.99999990738219
25320.0,49.99999982761342,49.99999982813302,49.999999829687745,49.99999983226563,49.99999983584712,49.99999984040614,49.999999845911184,49.999999852326866,49.999999859616686,49.999999867746006,49.99999987668762,49.999999886430935,49.99999989700163,49.99999990851555,nan,nan,nan,nan,nan,nan,49.999999912945015
25380.0,49.999999837971416,49.99999983846017,49.99999983992252,49.99999984234729,49.99999984571607,49.99999985000434,49.999999855182466,49.99999986121725,49.99999986807433,49.99999987572116,49.9999998841322,49.999999893297606,49.99999990324178,49.99999991407435,nan,nan,nan,nan,nan,nan,49.99999991817927
25440.0,49.99999984771664,49.9999998481763,49.9999998495518,49.9999998518324,49.99999985500091,49.99999985903433,49.99999986390471,49.999999869580854,49.99999987603051,49.99999988322305,49.99999989113456,49.99999989975582,49.999999909109974,49.999999919300905,nan,nan,nan,nan,nan,nan,49.99999992310392
25500.0,49.999999856884855,49.99999985731718,49.9999998586108,49.99999986075571,49.999999863735766,49.99999986752919,49.99999987210983,49.99999987744844,49.99999988351446,49.99999989027932,49.999999897720485,49.99999990582938,49.99999991462797,49.99999992421465,nan,nan,nan,nan,nan,nan,49.99999992773692
25560.0,49.99999986550974,49.9999998659163,49.9999998671329,49.999999869150095,49.99999987195268,49.99999987552023,49.99999987982814,49.99999988484887,49.99999989055378,49.99999989691599,49.99999990391428,49.999999911540776,49.99999991981631,49.99999992883401,nan,nan,nan,nan,nan,nan,49.999999932095236
25620.0,49.999999873623,49.99999987400534,49.99999987514941,49.99999987704634,49.99999987968185,49.99999988303681,49.99999988708796,49.999999891809445,49.999999897174426,49.99999990315756,49.999999909739,49.99999991691132,49.999999924694336,49.999999933176234,nan,nan,nan,nan,nan,nan,49.999999936194854
25680.0,49.9999998812545,49.99999988161404,49.99999988268983,49.9999998844736,49.999999886951876,49.99999989010665,49.999999893916105,49.999999898355945,49.999999903400926,49.99999990902717,49.99999991521615,49.999999921960914,49.99999992928026,49.99999993725773,nan,nan,nan,nan,nan,nan,49.999999940050884
25740.0,49.99999988843241,49.99999988877049,49.99999988978203,49.99999989145925,49.999999893789536,49.99999989675585,49.99999990033782,49.99999990451254,49.99999990925628,49.999999914546635,49.999999920366186,49.999999926708504,49.99999993359134,49.99999994109387,nan,nan,nan,nan,nan,nan,49.999999943677544
25800.0,49.99999989518325,49.999999895501084,49.99999989645215,49.999999898029095,49.99999990022009,49.99999990300909,49.99999990637693,49.99999991030208,49.99999991476233,49.999999919736496,49.99999992520831,49.999999931171786,49.99999993764376,49.99999994469914,nan,nan,nan,nan,nan,nan,49.999999947088256
25860.0,49.99999990153202,49.999999901830826,49.99999990272501,49.999999904207556,49.99999990626742,49.999999908889535,49.99999991205588,49.999999915746145,49.999999919939484,49.99999992461612,49.99999992976062,49.99999993536753,49.99999994145278,49.99999994808726,nan,nan,nan,nan,nan,nan,49.99999995029567
25920.0,49.99999990750228,49.999999907783184,49.99999990862378,49.99999991001752,49.999999911954,49.99999991441903,49.99999991739567,49.99999992086494,49.99999992480713,49.999999929203724,49.9999999340402,49.999999939311515,49.99999994503275,49.999999951271036,nan,nan,nan,nan,nan,nan,49.99999995331169
25980.0,49.99999991311622,49.99999991338029,49.99999991417046,49.99999991548065,49.99999991730096,49.99999991961822,49.9999999224164,49.99999992567764,49.999999929383456,49.99999993351649,49.999999938063105,49.999999943018544,49.99999994839723,49.99999995426263,nan,nan,nan,nan,nan,nan,49.99999995614757
26040.0,49.999999918394764,49.999999918643006,49.99999991938572,49.99999992061733,49.99999992232833,49.999999924506476,49.99999992713669,49.99999993020221,49.99999993368563,49.999999937570664,49.999999941844486,49.99999994650272,49.99999995155896,49.99999995707343,nan,nan,nan,nan,nan,nan,49.99999995881389
26100.0,49.99999992335764,49.99999992359096,49.99999992428905,49.999999925446566,49.99999992705482,49.99999992910211,49.99999993157428,49.99999993445566,49.9999999377298,49.99999994138144,49.999999945398606,49.99999994977717,49.99999995453006,49.9999999597142,nan,nan,nan,nan,nan,nan,49.99999996132061
26160.0,49.9999999280234,49.99999992824269,49.99999992889882,49.99999992998669,49.9999999314982,49.999999933422345,49.999999935745834,49.99999993845392,49.999999941531186,49.999999944963214,49.99999994873891,49.999999952854324,49.99999995732174,49.999999962195076,nan,nan,nan,nan,nan,nan,49.99999996367715
26220.0,49.999999932409544,49.99999993261562,49.99999993323224,49.99999993425466,49.99999993567514,49.99999993748344,49.99999993966705,49.99999994221207,49.9999999451041,49.99999994832958,49.99999995187804,49.99999995574584,49.99999995994469,49.9999999645255,nan,nan,nan,nan,nan,nan,49.999999965892336
26280.0,49.99999993653257,49.99999993672621,49.99999993730564,49.999999938266484,49.99999993960135,49.99999994130065,49.999999943352655,49.99999994574432,49.99999994846208,49.99999995149323,49.99999995482789,49.99999995846279,49.999999962408914,49.99999996671452,nan,nan,nan,nan,nan,nan,49.99999996797453
26340.0,49.999999940408,49.999999940589944,49.999999941134455,49.99999994203726,49.99999994329162,49.99999994488842,49.99999994681665,49.999999949064,49.99999995161782,49.99999995446619,49.99999995759979,49.99999996101552,49.99999996472391,49.99999996877058,nan,nan,nan,nan,nan,nan,49.99999996993158
26400.0,49.999999944050465,49.99999994422143,49.99999994473304,49.99999994558136,49.999999946759964,49.9999999482603,49.999999950072095,49.99999995218375,49.99999995458338,49.99999995725973,49.99999996020417,49.99999996341383,49.999999966898564,49.999999970701616,nan,nan,nan,nan,nan,nan,49.99999997177089
26460.0,49.99999994747374,49.99999994763439,49.999999948115054,49.999999948912055,49.999999950019436,49.999999951429054,49.999999953131365,49.99999995511537,49.99999995736995,49.99999995988455,49.99999996265109,49.99999996566685,49.999999968941204,49.99999997251508,nan,nan,nan,nan,nan,nan,49.99999997349943
26520.0,49.999999950690814,49.99999995084173,49.99999995129332,49.99999995204212,49.99999995308244,49.999999954406775,49.99999995600605,49.999999957870024,49.99999995998819,49.999999962350685,49.99999996494987,49.99999996778323,49.999999970859726,49.99999997421805,nan,nan,nan,nan,nan,nan,49.99999997512375
26580.0,49.99999995371389,49.99999995385568,49.99999995427991,49.999999954983295,49.99999995596063,49.999999957204764,49.99999995870717,49.99999996045823,49.99999996244812,49.99999996466752,49.99999996710933,49.999999969771196,49.999999972661605,49.99999997581714,nan,nan,nan,nan,nan,nan,49.99999997665005
26640.0,49.99999995655449,49.999999956687645,49.99999995708617,49.99999995774694,49.99999995866499,49.99999995983367,49.999999961244995,49.99999996288988,49.99999996475911,49.999999966843994,49.99999996913781,49.999999971638395,49.99999997435378,49.999999977318566,nan,nan,nan,nan,nan,nan,49.99999997808415
26700.0,49.999999959223445,49.999999959348536,49.99999995972285,49.999999960343516,49.99999996120584,49.99999996230358,49.99999996362923,49.9999999651743,49.99999996693007,49.99999996888846,49.999999971043096,49.99999997339202,49.999999975942806,49.999999978728226,nan,nan,nan,nan,nan,nan,49.999999979431514
26760.0,49.999999961730964,49.99999996184847,49.999999962200036,49.99999996278298,49.999999963592906,49.99999996462397,49.99999996586906,49.999999967320264,49.999999968969384,49.999999970808794,49.99999997283258,49.99999997503889,49.99999997743488,49.9999999800516,nan,nan,nan,nan,nan,nan,49.999999980697325
26820.0,49.99999996408666,49.99999996419701,49.999999964527206,49.99999996507466,49.99999996583535,49.99999996680369,49.999999967973075,49.99999996933603,49.99999997088488,49.99999997261242,49.99999997451316,49.9999999765854,49.99999997883588,49.99999998129391,nan,nan,nan,nan,nan,nan,49.99999998188642
26880.0,49.999999966299576,49.99999996640322,49.99999996671331,49.99999996722744,49.999999967941804,49.99999996885121,49.99999996994938,49.99999997122934,49.999999972683916,49.999999974306334,49.999999976091395,49.999999978037536,49.99999998015116,49.99999998246008,nan,nan,nan,nan,nan,nan,49.99999998300339
26940.0,49.99999996837822,49.99999996847554,49.9999999687667,49.999999969249515,49.999999969920395,49.99999997077432,49.99999997180561,49.999999973007554,49.999999974373495,49.999999975897076,49.999999977573374,49.999999979401,49.999999981386004,49.999999983554616,nan,nan,nan,nan,nan,nan,49.999999984052536
27000.0,49.99999997033063,49.999999970422,49.99999997069542,49.9999999711488,49.999999971778685,49.999999972580554,49.99999997354889,49.99999997467757,49.99999997596017,49.99999997739079,49.99999997896488,49.9999999806811,49.99999998254519,49.999999984581926,nan,nan,nan,nan,nan,nan,49.99999998503791
27060.0,49.99999997216406,49.99999997224982,49.99999997250647,49.99999997293204,49.999999973523266,49.99999997427601,49.99999997518491,49.99999997624438,49.999999977448354,49.99999997879131,49.999999980268925,49.99999998188002,49.999999983630055,49.999999985542345,nan,nan,nan,nan,nan,nan,49.99999998596363
27120.0,49.999999973885416,49.999999973965934,49.99999997420684,49.999999974606226,49.999999975161245,49.9999999758677,49.999999976720915,49.999999977715355,49.99999997884551,49.999999980106104,49.99999998149321,49.9999999830056,49.999999984648454,49.99999998644386,nan,nan,nan,nan,nan,nan,49.99999998683298
27180.0,49.9999999755015,49.999999975577076,49.99999997580316,49.99999997617805,49.99999997669897,49.999999977362094,49.999999978162926,49.99999997909637,49.99999998015719,49.99999998134047,49.99999998264247,49.99999998406216,49.99999998560436,49.99999998728992,nan,nan,nan,nan,nan,nan,49.99999998764922
27240.0,49.99999997701872,49.99999997708964,49.99999997730186,49.9999999776537,49.99999997814265,49.99999997876505,49.999999979516694,49.9999999803928,49.9999999813885,49.99999998249917,49.999999983721295,49.999999985053854,49.99999998650152,49.999999988083864,nan,nan,nan,nan,nan,nan,49.99999998841552
27300.0,49.999999978443064,49.99999997850963,49.999999978708786,49.99999997903904,49.9999999794979,49.99999998008207,49.99999998078753,49.99999998160984,49.99999998254435,49.9999999835868,49.99999998473386,49.99999998598468,49.99999998734351,49.99999998882883,nan,nan,nan,nan,nan,nan,49.999999989134864
27360.0,49.99999997978018,49.999999979842656,49.999999980029585,49.9999999803395,49.99999998077016,49.99999998131838,49.99999998198048,49.999999982752215,49.99999998362931,49.99999998460768,49.999999985684276,49.99999998685819,49.99999998813359,49.9999999895278,nan,nan,nan,nan,nan,nan,49.99999998981009
27420.0,49.999999981035344,49.99999998109395,49.99999998126938,49.99999998156024,49.99999998196441,49.99999998247889,49.99999998310025,49.999999983824516,49.99999998464765,49.99999998556584,49.99999998657621,49.99999998767795,49.99999998887495,49.999999990183575,nan,nan,nan,nan,nan,nan,49.99999999044387
27480.0,49.999999982213524,49.99999998226854,49.999999982433145,49.999999982706115,49.99999998308537,49.99999998356819,49.999999984151266,49.99999998483095,49.999999985603395,49.99999998646506,49.999999987413254,49.9999999884472,49.999999989570554,49.999999990798806,nan,nan,nan,nan,nan,nan,49.99999999103871
27540.0,49.999999983319405,49.999999983371026,49.9999999835255,49.99999998378163,49.99999998413751,49.99999998459057,49.99999998513775,49.99999998577552,49.999999986500384,49.99999998730896,49.99999998819876,49.99999998916903,49.99999999022319,49.999999991375944,nan,nan,nan,nan,nan,nan,49.99999999159698
27600.0,49.999999984357345,49.99999998440578,49.99999998455074,49.99999998479106,49.99999998512501,49.99999998555012,49.99999998606354,49.99999998666202,49.999999987342115,49.99999998810087,49.99999998893581,49.99999998984625,49.99999999083552,49.99999999191729,nan,nan,nan,nan,nan,nan,49.999999992120884
27660.0,49.99999998533148,49.99999998537694,49.9999999855129,49.99999998573842,49.99999998605174,49.9999999864506,49.99999998693232,49.99999998749387,49.999999988132075,49.99999998884396,49.99999998962739,49.99999999048166,49.999999991409894,49.99999999242512,nan,nan,nan,nan,nan,nan,49.999999992612516
27720.0,49.99999998624568,49.99999998628831,49.999999986415915,49.999999986627465,49.999999986921445,49.9999999872957,49.99999998774765,49.9999999882745,49.99999998887326,49.99999998954122,49.99999999027625,49.9999999910778,49.999999991948755,49.99999999290135,nan,nan,nan,nan,nan,nan,49.999999993073835
27780.0,49.999999987103585,49.99999998714363,49.99999998726328,49.999999987461784,49.999999987737596,49.99999998808868,49.99999998851272,49.99999998900697,49.99999998956875,49.9999999901954,49.999999990885,49.99999999163702,49.99999999245421,49.999999993348055,nan,nan,nan,nan,nan,nan,49.9999999935067
27840.0,49.99999998790863,49.99999998794614,49.99999998805844,49.99999998824464,49.99999998850339,49.999999988832776,49.999999989230545,49.99999998969427,49.99999999022127,49.999999990809165,49.99999999145613,49.99999999216167,49.99999999292831,49.999999993766956,nan,nan,nan,nan,nan,nan,49.99999999391283
27900.0,49.99999998866402,49.99999998869925,49.99999998880457,49.999999988979255,49.99999998922193,49.99999998953094,49.999999989904055,49.99999999033908,49.99999999083348,49.99999999138494,49.9999999919919,49.999999992653734,49.99999999337295,49.99999999415982,nan,nan,nan,nan,nan,nan,49.999999994293866
27960.0,49.99999998937279,49.99999998940583,49.99999998950462,49.999999989668474,49.999999989896146,49.99999999018598,49.99999999053601,49.99999999094405,49.999999991407776,49.99999999192511,49.999999992494445,49.99999999311531,49.999999993789984,49.99999999452822,nan,nan,nan,nan,nan,nan,49.99999999465134
28020.0,49.999999990037765,49.99999999006873,49.99999999016143,49.9999999903151,49.99999999052866,49.999999990800504,49.99999999112885,49.99999999151157,49.99999999194655,49.99999999243182,49.99999999296585,49.99999999354822,49.9999999941811,49.999999994873626,nan,nan,nan,nan,nan,nan,49.99999999498667
28080.0,49.999999990661635,49.9999999906907,49.99999999077761,49.99999999092174,49.99999999112203,49.99999999137704,49.99999999168496,49.99999999204397,49.99999999245193,49.99999999290711,49.99999999340795,49.999999993954205,49.999999994547906,49.99999999519752,nan,nan,nan,nan,nan,nan,49.999999995301245
28140.0,49.999999991246895,49.999999991274166,49.99999999135565,49.99999999149085,49.99999999167867,49.999999991917846,49.99999999220666,49.99999999254336,49.999999992926014,49.999999993352894,49.99999999382268,49.99999999433502,49.9999999948918,49.99999999550118,nan,nan,nan,nan,nan,nan,49.9999999955963
28200.0,49.99999999179592,49.999999991821475,49.99999999189794,49.99999999202469,49.999999992200856,49.99999999242518,49.99999999269603,49.9999999930118,49.99999999337068,49.999999993771,49.99999999421158,49.999999994692075,49.9999999952143,49.99999999578586,nan,nan,nan,nan,nan,nan,49.999999995873054
28260.0,49.99999999231091,49.99999999233489,49.999999992406565,49.99999999252545,49.99999999269068,49.999999992901,49.99999999315505,49.99999999345113,49.99999999378766,49.999999994163105,49.999999994576285,49.999999995026926,49.99999999551664,49.999999996052736,nan,nan,nan,nan,nan,nan,49.999999996132615
28320.0,49.99999999279396,49.99999999281645,49.99999999288364,49.999999992995164,49.999999993150084,49.999999993347295,49.99999999358552,49.99999999386317,49.99999999417877,49.99999999453084,49.9999999949183,49.99999999534088,49.999999995800145,49.99999999630295,nan,nan,nan,nan,nan,nan,49.99999999637605
28380.0,49.999999993247016,49.999999993268105,49.99999999333113,49.99999999343569,49.99999999358094,49.99999999376588,49.999999993989235,49.999999994249606,49.999999994545504,49.99999999487566,49.99999999523897,49.999999995635214,49.999999996065924,49.999999996537454,nan,nan,nan,nan,nan,nan,49.99999999660434
28440.0,49.999999993671935,49.99999999369169,49.99999999375079,49.999999993848796,49.99999999398504,49.999999994158436,49.99999999436786,49.999999994611976,49.99999999488948,49.99999999519902,49.999999995539675,49.99999999591123,49.999999996315076,49.999999996757246,nan,nan,nan,nan,nan,nan,49.99999999681842
28500.0,49.99999999407043,49.99999999408898,49.99999999414436,49.99999999423629,49.99999999436399,49.99999999452657,49.99999999472293,49.99999999495179,49.99999999521195,49.99999999550222,49.999999995821625,49.99999999616998,49.99999999654866,49.99999999696326,nan,nan,nan,nan,nan,nan,49.99999999701915
28560.0,49.999999994444124,49.99999999446147,49.99999999451345,49.9999999945996,49.999999994719346,49.99999999487177,49.99999999505585,49.99999999527044,49.99999999551433,49.99999999578645,49.999999996085954,49.99999999641256,49.9999999967676,49.99999999715635,nan,nan,nan,nan,nan,nan,49.999999997207375
28620.0,49.99999999479454,49.999999994810835,49.99999999485954,49.999999994940325,49.99999999505255,49.99999999519544,49.99999999536801,49.999999995569205,49.99999999579787,49.99999999605295,49.99999999633372,49.99999999663991,49.999999996972804,49.99999999733732,nan,nan,nan,nan,nan,nan,49.99999999738386
28680.0,49.999999995123126,49.99999999513839,49.99999999518406,49.9999999952598,49.999999995365016,49.999999995498946,49.999999995660716,49.9999999958493,49.999999996063664,49.999999996302776,49.99999999656601,49.99999999685307,49.99999999716513,49.99999999750688,nan,nan,nan,nan,nan,nan,49.99999999754931
28740.0,49.99999999543121,49.9999999954455,49.99999999548832,49.99999999555932,49.99999999565795,49.99999999578347,49.99999999593514,49.99999999611192,49.99999999631288,49.99999999653704,49.99999999678375,49.999999997052846,49.99999999734538,49.999999997665796,nan,nan,nan,nan,nan,nan,49.99999999770443
28800.0,49.99999999572006,49.99999999573345,49.99999999577358,49.9999999958401,49.9999999959326,49.999999996050256,49.99999999619239,49.9999999963581,49.99999999654645,49.99999999675658,49.99999999698783,49.99999999724009,49.99999999751428,49.99999999781467,nan,nan,nan,nan,nan,nan,49.99999999784983
28860.0,49.99999999599087,49.999999996003446,49.999999996041055,49.999999996103384,49.999999996190084,49.9999999963004,49.999999996433644,49.999999996589,49.99999999676553,49.99999999696247,49.99999999717926,49.99999999741573,49.999999997672774,49.99999999795439,nan,nan,nan,nan,nan,nan,49.99999999798612
28920.0,49.99999999624477,49.9999999962565,49.9999999962918,49.99999999635025,49.9999999964315,49.99999999653491,49.99999999665978,49.9999999968054,49.99999999697086,49.99999999715549,49.99999999735867,49.99999999758032,49.999999997821256,49.99999999808525,nan,nan,nan,nan,nan,nan,49.99999999811387
28980.0,49.9999999964828,49.99999999649388,49.99999999652688,49.999999996581685,49.999999996657785,49.99999999675471,49.999999996871765,49.99999999700824,49.999999997163364,49.99999999733639,49.99999999752678,49.999999997734534,49.99999999796035,49.99999999820784,nan,nan,nan,nan,nan,nan,49.99999999823362
29040.0,49.999999996705945,49.99999999671629,49.99999999674725,49.9999999967986,49.99999999686997,49.9999999969608,49.99999999707048,49.99999999719837,49.99999999734376,49.99999999750588,49.99999999768438,49.99999999787904,49.9999999980907,49.99999999832267,nan,nan,nan,nan,nan,nan,49.99999999834586
29100.0,49.99999999691511,49.9999999969248,49.99999999695384,49.999999997001936,49.99999999706882,49.99999999715392,49.99999999725675,49.9999999973766,49.99999999751279,49.99999999766478,49.99999999783203,49.999999998014474,49.99999999821282,49.99999999843028,nan,nan,nan,nan,nan,nan,49.999999998451045
29160.0,49.99999999711116,49.99999999712021,49.999999997147434,49.999999997192546,49.999999997255195,49.99999999733496,49.99999999743127,49.999999997543604,49.999999997671246,49.99999999781365,49.99999999797039,49.99999999814134,49.99999999832724,49.99999999853101,nan,nan,nan,nan,nan,nan,49.99999999854963
29220.0,49.99999999729491,49.99999999730343,49.99999999732891,49.99999999737119,49.99999999742985,49.99999999750459,49.999999997594855,49.999999997700094,49.99999999781972,49.99999999795313,49.99999999810003,49.99999999826022,49.99999999843439,49.99999999862536,nan,nan,nan,nan,nan,nan,49.999999998642025
29280.0,49.999999997467114,49.99999999747511,49.99999999749895,49.999999997538566,49.999999997593555,49.99999999766359,49.999999997748176,49.99999999784679,49.99999999795883,49.99999999808389,49.99999999822148,49.99999999837158,49.99999999853482,49.99999999871376,nan,nan,nan,nan,nan,nan,49.9999999987286
29340.0,49.99999999762851,49.999999997635975,49.99999999765832,49.99999999769542,49.999999997746954,49.99999999781257,49.99999999789183,49.99999999798422,49.99999999808919,49.999999998206306,49.999999998335284,49.99999999847591,49.99999999862885,49.99999999879655,nan,nan,nan,nan,nan,nan,49.99999999880973
29400.0,49.99999999777973,49.99999999778674,49.99999999780769,49.99999999784243,49.99999999789072,49.99999999795219,49.999999998026446,49.999999998112976,49.99999999821134,49.99999999832106,49.99999999844189,49.99999999857365,49.99999999871692,49.99999999887407,nan,nan,nan,nan,nan,nan,49.99999999888575
29460.0,49.99999999792144,49.99999999792799,49.99999999794763,49.99999999798016,49.999999998025395,49.99999999808301,49.999999998152546,49.999999998233626,49.999999998325784,49.99999999842857,49.99999999854176,49.9999999986652,49.999999998799446,49.99999999894665,nan,nan,nan,nan,nan,nan,49.999999998956966
29520.0,49.999999998054214,49.99999999806037,49.99999999807875,49.99999999810924,49.99999999815157,49.99999999820555,49.999999998270724,49.999999998346645,49.99999999843296,49.99999999852926,49.99999999863528,49.999999998750944,49.99999999887666,49.999999999014605,nan,nan,nan,nan,nan,nan,49.99999999902369
29580.0,49.999999998178616,49.99999999818436,49.999999998201595,49.99999999823014,49.999999998269836,49.999999998320355,49.9999999983814,49.99999999845252,49.99999999853339,49.99999999862362,49.99999999872292,49.99999999883124,49.999999998949015,49.99999999907824,nan,nan,nan,nan,nan,nan,49.9999999990862
29640.0,49.99999999829516,49.999999998300545,49.999999998316675,49.999999998343434,49.99999999838061,49.99999999842792,49.99999999848505,49.99999999855173,49.99999999862744,49.99999999871197,49.99999999880495,49.999999998906425,49.99999999901676,49.99999999913783,nan,nan,nan,nan,nan,nan,49.99999999914476
29700.0,49.999999998404334,49.999999998409386,49.999999998424514,49.99999999844956,49.99999999848436,49.99999999852869,49.99999999858225,49.999999998644626,49.99999999871555,49.99999999879471,49.999999998881826,49.99999999897684,49.999999999080174,49.99999999919359,nan,nan,nan,nan,nan,nan,49.99999999919961
29760.0,49.99999999850662,49.99999999851135,49.99999999852549,49.99999999854897,49.999999998581586,49.99999999862306,49.99999999867321,49.99999999873166,49.99999999879809,49.99999999887222,49.99999999895377,49.99999999904281,49.99999999913956,49.99999999924581,nan,nan,nan,nan,nan,nan,49.99999999925099
29820.0,49.99999999860241,49.99999999860685,49.999999998620076,49.999999998642075,49.999999998672614,49.99999999871146,49.999999998758426,49.999999998813145,49.999999998875424,49.99999999894478,49.999999999021185,49.99999999910453,49.999999999195175,49.99999999929466,nan,nan,nan,nan,nan,nan,49.999999999299106
29880.0,49.99999999869215,49.9999999986963,49.99999999870869,49.9999999987293,49.99999999875784,49.99999999879427,49.99999999883823,49.999999998889486,49.999999998947764,49.99999999901277,49.99999999908429,49.99999999916233,49.999999999247215,49.99999999934039,nan,nan,nan,nan,nan,nan,49.99999999934417
29940.0,49.99999999877619,49.99999999878006,49.99999999879168,49.999999998810964,49.999999998837716,49.999999998871836,49.999999998913,49.999999998960966,49.99999999901553,49.99999999907638,49.99999999914337,49.99999999921644,49.99999999929596,49.999999999383235,nan,nan,nan,nan,nan,nan,49.999999999386375
30000.0,49.999999998854896,49.99999999885855,49.99999999886943,49.99999999888744,49.999999998912514,49.99999999894446,49.99999999898298,49.999999999027914,49.99999999907897,49.999999999135994,49.99999999919871,49.99999999926714,49.99999999934161,49.99999999942329,nan,nan,nan,nan,nan,nan,49.9999999994259
30060.0,49.99999999892861,49.99999999893203,49.99999999894217,49.99999999895908,49.99999999898256,49.99999999901243,49.99999999904854,49.9999999990906,49.99999999913841,49.99999999919177,49.999999999250484,49.99999999931455,49.99999999938427,49.9999999994608,nan,nan,nan,nan,nan,nan,49.99999999946291
30120.0,49.99999999899763,49.99999999900082,49.99999999901036,49.999999999026166,49.999999999048136,49.999999999076145,49.999999999109896,49.99999999914931,49.999999999194046,49.99999999924402,49.99999999929898,49.999999999358934,49.99999999942426,49.99999999949589,nan,nan,nan,nan,nan,nan,49.999999999497554
30180.0,49.99999999906226,49.999999999065224,49.99999999907417,49.99999999908898,49.99999999910953,49.99999999913571,49.99999999916733,49.99999999920422,49.999999999246135,49.99999999929292,49.99999999934437,49.99999999940052,49.999999999461586,49.99999999952871,nan,nan,nan,nan,nan,nan,49.99999999953
30240.0,49.99999999912277,49.99999999912556,49.99999999913391,49.999999999147775,49.999999999167024,49.99999999919152,49.999999999221146,49.999999999255664,49.99999999929489,49.99999999933866,49.99999999938684,49.99999999943941,49.999999999496616,49.99999999955943,nan,nan,nan,nan,nan,nan,49.99999999956037
30300.0,49.99999999917943,49.99999999918205,49.99999999918986,49.99999999920287,49.99999999922088,49.9999999992438,49.99999999927153,49.999999999303824,49.99999999934057,49.99999999938153,49.99999999942663,49.999999999475826,49.999999999529365,49.99999999958818,nan,nan,nan,nan,nan,nan,49.99999999958881
30360.0,49.99999999923247,49.99999999923489,49.99999999924224,49.999999999254364,49.999999999271246,49.999999999292726,49.99999999931866,49.99999999934892,49.999999999383284,49.99999999942163,49.99999999946386,49.999999999509896,49.99999999955998,49.99999999961507,nan,nan,nan,nan,nan,nan,49.99999999961542
30420.0,49.99999999928213,49.99999999928439,49.99999999929127,49.99999999930264,49.99999999931841,49.9999999993385,49.99999999936281,49.99999999939108,49.99999999942326,49.99999999945917,49.99999999949866,49.99999999954178,49.999999999588674,49.99999999964024,nan,nan,nan,nan,nan,nan,49.99999999964034
30480.0,49.99999999932861,49.99999999933076,49.99999999933716,49.999999999347814,49.99999999936255,49.999999999381394,49.99999999940412,49.999999999430585,49.99999999946072,49.99999999949429,49.99999999953126,49.99999999957162,49.99999999961552,nan,nan,nan,nan,nan,nan,nan,49.99999999966366
30540.0,49.99999999937212,49.99999999937412,49.99999999938014,49.999999999390056,49.9999999994039,49.999999999421526,49.99999999944276,49.99999999946754,49.99999999949575,49.999999999527176,49.99999999956179,49.99999999959953,49.999999999640636,nan,nan,nan,nan,nan,nan,nan,49.999999999685485
30600.0,49.99999999941284,49.99999999941471,49.99999999942035,49.99999999942965,49.99999999944258,49.99999999945906,49.99999999947899,49.99999999950215,49.99999999952851,49.99999999955794,49.99999999959032,49.99999999962564,49.99999999966413,nan,nan,nan,nan,nan,nan,nan,49.99999999970591
30660.0,49.99999999945096,49.9999999994527,49.999999999457955,49.999999999466674,49.99999999947878,49.99999999949421,49.99999999951284,49.999999999534495,49.99999999955918,49.999999999586706,49.999999999616975,49.99999999965004,49.999999999686,nan,nan,nan,nan,nan,nan,nan,49.999999999725034
30720.0,49.99999999948662,49.99999999948824,49.99999999949316,49.99999999950133,49.999999999512625,49.99999999952708,49.999999999544485,49.999999999564764,49.999999999587864,49.99999999961361,49.99999999964194,49.99999999967288,49.99999999970655,nan,nan,nan,nan,nan,nan,nan,49.999999999742926
30780.0,49.999999999519986,49.99999999952152,49.9999999995261,49.99999999953376,49.99999999954434,49.99999999955781,49.99999999957412,49.999999999593115,49.999999999614715,49.99999999963878,49.99999999966527,49.99999999969423,49.9999999997257,nan,nan,nan,nan,nan,nan,nan,49.99999999975967
30840.0,49.9999999995512,49.999999999552614,49.99999999955694,49.999999999564075,49.99999999957397,49.999999999586606,49.99999999960187,49.999999999619604,49.99999999963979,49.99999999966233,49.99999999968712,49.999999999714184,49.99999999974365,nan,nan,nan,nan,nan,nan,nan,49.99999999977533
30900.0,49.99999999958041,49.99999999958175,49.999999999585796,49.999999999592475,49.999999999601705,49.99999999961353,49.99999999962779,49.99999999964441,49.99999999966328,49.99999999968438,49.999999999707576,49.99999999973287,49.999999999760426,nan,nan,nan,nan,nan,nan,nan,49.999999999789985
30960.0,49.99999999960773,49.99999999960898,49.999999999612754,49.99999999961901,49.999999999627654,49.999999999638696,49.99999999965202,49.999999999667565,49.999999999685244,49.99999999970496,49.99999999972666,49.99999999975034,49.999999999776136,nan,nan,nan,nan,nan,nan,nan,49.9999999998037
31020.0,49.9999999996333,49.99999999963447,49.999999999637986,49.999999999643855,49.99999999965196,49.99999999966226,49.99999999967474,49.99999999968928,49.99999999970583,49.99999999972425,49.99999999974454,49.99999999976669,49.999999999790795,nan,nan,nan,nan,nan,nan,nan,49.99999999981651
31080.0,49.99999999965721,49.999999999658314,49.999999999661604,49.999999999667054,49.99999999967465,49.9999999996843,49.99999999969595,49.999999999709594,49.999999999725055,49.99999999974225,49.99999999976126,49.999999999781984,49.99999999980453,nan,nan,nan,nan,nan,nan,nan,49.99999999982851
31140.0,49.99999999967958,49.99999999968059,49.999999999683695,49.999999999688775,49.9999999996959,49.999999999704926,49.99999999971583,49.99999999972855,49.99999999974301,49.99999999975911,49.99999999977691,49.99999999979626,49.99999999981737,nan,nan,nan,nan,nan,nan,nan,49.99999999983972
31200.0,49.99999999970051,49.99999999970148,49.99999999970434,49.999999999709125,49.99999999971577,49.99999999972419,49.999999999734406,49.99999999974632,49.99999999975982,49.999999999774914,49.99999999979152,49.99999999980962,49.999999999829356,nan,nan,nan,nan,nan,nan,nan,49.99999999985021
31260.0,49.99999999972008,49.999999999720984,49.99999999972369,49.99999999972819,49.99999999973435,49.99999999974224,49.999999999751765,49.999999999762885,49.99999999977554,49.999999999789644,49.9999999998052,49.99999999982209,49.999999999840554,nan,nan,nan,nan,nan,nan,nan,49.99999999986002
31320.0,49.99999999973839,49.99999999973924,49.999999999741746,49.999999999745945,49.99999999975171,49.99999999975909,49.99999999976802,49.999999999778424,49.99999999979023,49.99999999980346,49.99999999981796,49.999999999833804,49.999999999851056,nan,nan,nan,nan,nan,nan,nan,49.999999999869196
31380.0,49.99999999975551,49.99999999975631,49.99999999975864,49.99999999976257,49.99999999976797,49.99999999977488,49.99999999978325,49.99999999979297,49.999999999804,49.999999999816325,49.99999999982993,49.999999999844746,49.99999999986085,nan,nan,nan,nan,nan,nan,nan,49.99999999987778
31440.0,49.999999999771525,49.999999999772264,49.99999999977446,49.9999999997781,49.999999999783185,49.99999999978963,49.999999999797474,49.99999999980654,49.99999999981688,49.99999999982843,49.99999999984111,49.99999999985494,49.99999999987004,nan,nan,nan,nan,nan,nan,nan,49.9999999998858
31500.0,49.999999999786496,49.999999999787164,49.99999999978923,49.99999999979265,49.9999999997974,49.99999999980343,49.99999999981075,49.99999999981921,49.999999999828866,49.999999999839694,49.999999999851546,49.99999999986449,49.99999999987861,nan,nan,nan,nan,nan,nan,nan,49.999999999893305
31560.0,49.9999999998005,49.99999999980114,49.99999999980308,49.999999999806256,49.999999999810676,49.999999999816346,49.99999999982315,49.99999999983109,49.999999999840114,49.999999999850196,49.99999999986129,49.999999999873424,49.9999999998866,nan,nan,nan,nan,nan,nan,nan,49.99999999990031
31620.0,49.99999999981359,49.99999999981423,49.99999999981599,49.99999999981898,49.9999999998231,49.99999999982838,49.999999999834785,49.99999999984221,49.99999999985065,49.99999999986007,49.99999999987045,49.99999999988177,49.99999999989406,nan,nan,nan,nan,nan,nan,nan,49.99999999990686
31680.0,49.99999999982584,49.999999999826386,49.99999999982808,49.99999999983088,49.99999999983476,49.99999999983968,49.99999999984565,49.99999999985257,49.9999999998605,49.999999999869274,49.999999999878995,49.999999999889575,49.99999999990108,nan,nan,nan,nan,nan,nan,nan,49.999999999913
31740.0,49.99999999983728,49.99999999983778,49.99999999983938,49.99999999984199,49.99999999984562,49.99999999985022,49.99999999985578,49.99999999986228,49.99999999986965,49.99999999987788,49.99999999988697,49.99999999989684,49.99999999990761,nan,nan,nan,nan,nan,nan,nan,49.99999999991872
31800.0,49.99999999984799,49.99999999984846,49.99999999984993,49.99999999985236,49.99999999985576,49.99999999986007,49.999999999865274,49.99999999987136,49.999999999878234,49.999999999885944,49.99999999989441,49.99999999990365,49.999999999913726,nan,nan,nan,nan,nan,nan,nan,49.99999999992408
31860.0,49.999999999857984,49.99999999985846,49.99999999985981,49.9999999998621,49.999999999865274,49.9999999998693,49.999999999874134,49.999999999879826,49.99999999988629,49.99999999989348,49.99999999990139,49.99999999991006,49.99999999991944,nan,nan,nan,nan,nan,nan,nan,49.99999999992909
31920.0,49.999999999867335,49.99999999986776,49.99999999986905,49.99999999987117,49.99999999987411,49.999999999877915,49.999999999882455,49.99999999988775,49.99999999989379,49.99999999990049,49.999999999907914,49.999999999915985,49.99999999992478,nan,nan,nan,nan,nan,nan,nan,49.99999999993377
31980.0,49.999999999876074,49.999999999876486,49.99999999987768,49.99999999987964,49.99999999988245,49.999999999885944,49.99999999989021,49.99999999989515,49.99999999990079,49.9999999999071,49.99999999991399,49.99999999992151,49.999999999929784,nan,nan,nan,nan,nan,nan,nan,49.99999999993814
32040.0,49.99999999988425,49.99999999988464,49.99999999988574,49.999999999887606,49.99999999989019,49.99999999989349,49.99999999989749,49.99999999990209,49.99999999990733,49.99999999991322,49.999999999919694,49.999999999926736,49.9999999999344,nan,nan,nan,nan,nan,nan,nan,49.99999999994223
32100.0,49.99999999989189,49.999999999892246,49.999999999893284,49.99999999989505,49.99999999989749,49.99999999990052,49.999999999904205,49.999999999908546,49.99999999991349,49.99999999991898,49.999999999925,49.999999999931596,49.99999999993877,nan,nan,nan,nan,nan,nan,nan,49.99999999994605
32160.0,49.999999999899025,49.99999999989937,49.99999999990034,49.99999999990198,49.99999999990425,49.99999999990709,49.999999999910536,49.99999999991461,49.99999999991919,49.99999999992434,49.99999999992997,49.99999999993616,49.99999999994285,nan,nan,nan,nan,nan,nan,nan,49.99999999994962
32220.0,49.999999999905704,49.999999999906,49.99999999990693,49.999999999908454,49.999999999910564,49.99999999991323,49.999999999916504,49.99999999992027,49.99999999992455,49.99999999992933,49.999999999934616,49.99999999994035,49.99999999994664,nan,nan,nan,nan,nan,nan,nan,49.999999999952955
32280.0,49.999999999911935,49.999999999912234,49.99999999991309,49.999999999914486,49.99999999991646,49.99999999991897,49.999999999922004,49.99999999992553,49.99999999992954,49.99999999993404,49.99999999993894,49.99999999994433,49.99999999995019,nan,nan,nan,nan,nan,nan,nan,49.999999999956074
32340.0,49.99999999991776,49.99999999991807,49.99999999991881,49.99999999992016,49.99999999992199,49.99999999992431,49.99999999992716,49.99999999993047,49.99999999993424,49.9999999999384,49.999999999943,49.99999999994806,49.9999999999535,nan,nan,nan,nan,nan,nan,nan,49.99999999995899
32400.0,49.99999999992321,49.99999999992346,49.99999999992423,49.99999999992547,49.99999999992714,49.999999999929344,49.999999999931994,49.999999999935085,49.99999999993863,49.99999999994249,49.999999999946795,49.9999999999515,49.99999999995659,nan,nan,nan,nan,nan,nan,nan,49.99999999996171
32460.0,49.999999999928306,49.99999999992853,49.99999999992919,49.99999999993035,49.99999999993196,49.99999999993404,49.99999999993652,49.999999999939384,49.999999999942645,49.99999999994631,49.99999999995034,49.99999999995471,49.99999999995952,nan,nan,nan,nan,nan,nan,nan,49.99999999996425
32520.0,49.99999999993305,49.99999999993325,49.99999999993394,49.99999999993501,49.99999999993653,49.99999999993841,49.99999999994069,49.99999999994343,49.99999999994648,49.99999999994986,49.99999999995363,49.999999999957744,49.99999999996221,nan,nan,nan,nan,nan,nan,nan,49.999999999966626
32580.0,49.9999999999375,49.999999999937714,49.99999999993832,49.99999999993928,49.99999999994073,49.9999999999425,49.99999999994467,49.99999999994719,49.99999999995004,49.99999999995323,49.999999999956735,49.999999999960586,49.999999999964736,nan,nan,nan,nan,nan,nan,nan,49.99999999996885
32640.0,49.99999999994165,49.99999999994182,49.999999999942396,49.999999999943334,49.99999999994465,49.99999999994632,49.99999999994834,49.999999999950695,49.999999999953346,49.99999999995635,49.999999999959634,49.99999999996318,49.9999999999671,nan,nan,nan,nan,nan,nan,nan,49.99999999997092
32700.0,49.99999999994553,49.99999999994569,49.99999999994624,49.99999999994713,49.99999999994836,49.9999999999499,49.99999999995179,49.999999999953964,49.99999999995646,49.99999999995925,49.999999999962306,49.99999999996564,49.99999999996931,nan,nan,nan,nan,nan,nan,nan,49.99999999997286
32760.0,49.999999999949154,49.99999999994931,49.99999999994982,49.999999999950646,49.9999999999518,49.999999999953225,49.99999999995498,49.999999999957055,49.999999999959336,49.99999999996197,49.99999999996483,49.99999999996796,49.99999999997134,nan,nan,nan,nan,nan,nan,nan,49.99999999997467
32820.0,49.999999999952536,49.99999999995265,49.999999999953175,49.99999999995393,49.99999999995498,49.99999999995636,49.999999999958014,49.99999999995992,49.9999999999621,49.9999999999645,49.99999999996719,49.99999999997009,49.999999999973284,nan,nan,nan,nan,nan,nan,nan,49.99999999997635
32880.0,49.9999999999557,49.99999999995586,49.99999999995629,49.99999999995696,49.99999999995798,49.99999999995924,49.99999999996082,49.999999999962576,49.9999999999646,49.99999999996689,49.99999999996937,49.99999999997211,49.999999999975046,nan,nan,nan,nan,nan,nan,nan,49.99999999997793
32940.0,49.99999999995865,49.9999999999588,49.999999999959186,49.99999999995982,49.99999999996078,49.99999999996198,49.99999999996341,49.999999999965084,49.999999999966974,49.99999999996909,49.99999999997142,49.99999999997394,49.99999999997671,nan,nan,nan,nan,nan,nan,nan,49.99999999997941
33000.0,49.99999999996142,49.999999999961545,49.99999999996194,49.99999999996253,49.9999999999634,49.99999999996453,49.99999999996585,49.999999999967415,49.999999999969226,49.99999999997116,49.99999999997333,49.99999999997571,49.99999999997829,nan,nan,nan,nan,nan,nan,nan,49.99999999998078
33060.0,49.999999999964,49.9999999999641,49.99999999996446,49.99999999996505,49.999999999965866,49.99999999996689,49.99999999996812,49.99999999996959,49.99999999997125,49.999999999973106,49.99999999997513,49.99999999997734,49.99999999997973,nan,nan,nan,nan,nan,nan,nan,49.99999999998207
33120.0,49.99999999996639,49.999999999966526,49.99999999996685,49.999999999967386,49.99999999996815,49.99999999996909,49.99999999997025,49.99999999997165,49.99999999997318,49.9999999999749,49.99999999997678,49.99999999997883,49.99999999998114,nan,nan,nan,nan,nan,nan,nan,49.99999999998327
33180.0,49.999999999968644,49.999999999968736,49.99999999996907,49.99999999996957,49.99999999997026,49.99999999997117,49.99999999997225,49.99999999997351,49.999999999974975,49.99999999997659,49.99999999997834,49.99999999998029,49.99999999998238,nan,nan,nan,nan,nan,nan,nan,49.99999999998439
33240.0,49.99999999997074,49.99999999997086,49.999999999971145,49.99999999997161,49.99999999997224,49.99999999997309,49.99999999997411,49.99999999997532,49.99999999997663,49.99999999997818,49.99999999997982,49.99999999998161,49.999999999983565,nan,nan,nan,nan,nan,nan,nan,49.999999999985434
33300.0,49.99999999997271,49.99999999997281,49.99999999997307,49.99999999997352,49.9999999999741,49.9999999999749,49.99999999997585,49.99999999997695,49.99999999997819,49.999999999979615,49.99999999998116,49.99999999998283,49.999999999984695,nan,nan,nan,nan,nan,nan,nan,49.999999999986414
33360.0,49.999999999974534,49.9999999999746,49.99999999997485,49.99999999997532,49.99999999997587,49.99999999997659,49.99999999997748,49.999999999978506,49.999999999979664,49.999999999981014,49.99999999998242,49.999999999984006,49.99999999998572,nan,nan,nan,nan,nan,nan,nan,49.999999999987324
33420.0,49.99999999997624,49.99999999997632,49.99999999997655,49.99999999997696,49.99999999997748,49.99999999997817,49.999999999979,49.99999999997994,49.99999999998102,49.99999999998223,49.999999999983594,49.999999999985086,49.99999999998666,nan,nan,nan,nan,nan,nan,nan,49.99999999998818
33480.0,49.99999999997784,49.9999999999779,49.99999999997813,49.99999999997849,49.99999999997899,49.99999999997962,49.999999999980396,49.999999999981284,49.999999999982336,49.999999999983466,49.99999999998472,49.99999999998611,49.999999999987594,nan,nan,nan,nan,nan,nan,nan,49.99999999998897
33540.0,49.99999999997932,49.99999999997938,49.99999999997959,49.999999999979956,49.99999999998042,49.99999999998099,49.99999999998171,49.999999999982556,49.99999999998352,49.99999999998457,49.999999999985754,49.999999999987025,49.999999999988425,nan,nan,nan,nan,nan,nan,nan,49.99999999998971
33600.0,49.999999999980716,49.99999999998078,49.999999999980965,49.999999999981284,49.99999999998172,49.99999999998228,49.99999999998293,49.99999999998373,49.9999999999846,49.999999999985626,49.99999999998672,49.99999999998789,49.99999999998922,nan,nan,nan,nan,nan,nan,nan,49.99999999999041
33660.0,49.99999999998201,49.999999999982045,49.99999999998223,49.99999999998253,49.99999999998296,49.99999999998347,49.9999999999841,49.999999999984816,49.999999999985654,49.999999999986606,49.999999999987594,49.9999999999887,49.99999999998994,nan,nan,nan,nan,nan,nan,nan,49.999999999991054
33720.0,49.999999999983224,49.99999999998328,49.99999999998346,49.9999999999837,49.99999999998409,49.999999999984595,49.99999999998515,49.999999999985846,49.99999999998661,49.999999999987466,49.99999999998843,49.999999999989456,49.9999999999906,nan,nan,nan,nan,nan,nan,nan,49.99999999999166
33780.0,49.999999999984354,49.9999999999844,49.99999999998457,49.99999999998482,49.999999999985135,49.999999999985604,49.999999999986194,49.99999999998681,49.99999999998753,49.999999999988354,49.99999999998921,49.99999999999017,49.99999999999126,nan,nan,nan,nan,nan,nan,nan,49.99999999999222
33840.0,49.99999999998541,49.99999999998547,49.999999999985604,49.999999999985825,49.99999999998619,49.99999999998662,49.999999999987125,49.99999999998769,49.999999999988376,49.999999999989136,49.999999999989946,49.999999999990834,49.99999999999183,nan,nan,nan,nan,nan,nan,nan,49.999999999992745
33900.0,49.99999999998639,49.99999999998644,49.99999999998655,49.99999999998677,49.99999999998714,49.9999999999875,49.99999999998797,49.99999999998853,49.99999999998918,49.99999999998989,49.999999999990635,49.99999999999149,49.999999999992426,nan,nan,nan,nan,nan,nan,nan,49.999999999993236
33960.0,49.99999999998731,49.999999999987345,49.999999999987494,49.99999999998767,49.99999999998797,49.99999999998835,49.99999999998879,49.999999999989306,49.9999999999899,49.999999999990514,49.999999999991275,49.99999999999204,49.999999999992916,nan,nan,nan,nan,nan,nan,nan,49.9999999999937
34020.0,49.99999999998817,49.99999999998822,49.999999999988326,49.999999999988525,49.99999999998878,49.99999999998912,49.99999999998954,49.99999999999004,49.99999999999058,49.999999999991196,49.999999999991864,49.99999999999261,49.99999999999341,nan,nan,nan,nan,nan,nan,nan,49.999999999994124
34080.0,49.99999999998897,49.99999999998902,49.999999999989136,49.99999999998933,49.999999999989576,49.99999999998986,49.99999999999025,49.99999999999068,49.9999999999912,49.999999999991786,49.99999999999242,49.9999999999931,49.999999999993854,nan,nan,nan,nan,nan,nan,nan,49.99999999999452
34140.0,49.99999999998972,49.99999999998974,49.999999999989846,49.99999999999004,49.99999999999026,49.99999999999056,49.99999999999092,49.99999999999133,49.99999999999178,49.999999999992355,49.99999999999293,49.99999999999357,49.99999999999427,nan,nan,nan,nan,nan,nan,nan,49.99999999999489
34200.0,49.99999999999041,49.99999999999043,49.99999999999057,49.999999999990706,49.999999999990905,49.99999999999122,49.99999999999153,49.99999999999193,49.99999999999236,49.9999999999929,49.999999999993406,49.99999999999401,49.99999999999465,nan,nan,nan,nan,nan,nan,nan,49.99999999999523
34260.0,49.99999999999106,49.99999999999111,49.99999999999116,49.999999999991324,49.999999999991516,49.99999999999181,49.999999999992106,49.99999999999246,49.999999999992895,49.999999999993356,49.99999999999387,49.9999999999944,49.99999999999502,nan,nan,nan,nan,nan,nan,nan,49.99999999999556
34320.0,49.99999999999167,49.99999999999167,49.99999999999177,49.99999999999193,49.999999999992106,49.99999999999235,49.99999999999263,49.999999999992994,49.99999999999336,49.999999999993804,49.999999999994294,49.99999999999482,49.99999999999537,nan,nan,nan,nan,nan,nan,nan,49.999999999995865
34380.0,49.999999999992234,49.99999999999227,49.99999999999234,49.99999999999247,49.999999999992625,49.99999999999286,49.99999999999313,49.999999999993456,49.99999999999383,49.99999999999422,49.99999999999466,49.99999999999515,49.99999999999568,nan,nan,nan,nan,nan,nan,nan,49.99999999999615
34440.0,49.99999999999276,49.999999999992795,49.999999999992845,49.999999999993,49.99999999999316,49.999999999993356,49.99999999999365,49.9999999999939,49.99999999999422,49.99999999999461,49.99999999999502,49.99999999999548,49.99999999999598,nan,nan,nan,nan,nan,nan,nan,49.99999999999641
34500.0,49.99999999999326,49.99999999999327,49.99999999999333,49.99999999999344,49.9999999999936,49.99999999999379,49.99999999999402,49.99999999999436,49.99999999999462,49.999999999995,49.999999999995346,49.999999999995794,49.99999999999625,nan,nan,nan,nan,nan,nan,nan,49.999999999996646
34560.0,49.99999999999371,49.99999999999374,49.99999999999379,49.99999999999392,49.99999999999406,49.99999999999422,49.99999999999445,49.9999999999947,49.999999999995,49.99999999999534,49.99999999999567,49.9999999999961,49.9999999999965,nan,nan,nan,nan,nan,nan,nan,49.99999999999688
34620.0,49.99999999999414,49.999999999994145,49.99999999999423,49.999999999994294,49.99999999999447,49.99999999999463,49.99999999999482,49.99999999999506,49.999999999995325,49.999999999995616,49.999999999995964,49.99999999999637,49.99999999999673,nan,nan,nan,nan,nan,nan,nan,49.999999999997094
34680.0,49.99999999999454,49.99999999999457,49.99999999999463,49.999999999994714,49.999999999994856,49.99999999999498,49.99999999999516,49.99999999999541,49.9999999999957,49.999999999995936,49.99999999999624,49.999999999996604,49.99999999999697,nan,nan,nan,nan,nan,nan,nan,49.999999999997286
34740.0,49.99999999999491,49.99999999999493,49.99999999999497,49.999999999995076,49.99999999999518,49.99999999999533,49.999999999995524,49.999999999995715,49.99999999999596,49.99999999999621,49.99999999999652,49.99999999999682,49.99999999999718,nan,nan,nan,nan,nan,nan,nan,49.99999999999748
34800.0,49.99999999999526,49.99999999999528,49.99999999999533,49.99999999999539,49.99999999999552,49.99999999999565,49.99999999999581,49.999999999996014,49.99999999999628,49.99999999999646,49.999999999996774,49.999999999997065,49.99999999999738,nan,nan,nan,nan,nan,nan,nan,49.99999999999765
34860.0,49.99999999999558,49.999999999995595,49.99999999999562,49.99999999999564,49.999999999995815,49.99999999999593,49.99999999999609,49.99999999999627,49.99999999999649,49.99999999999671,49.99999999999698,49.99999999999724,49.999999999997556,nan,nan,nan,nan,nan,nan,nan,49.999999999997804
34920.0,49.999999999995886,49.99999999999589,49.99999999999593,49.99999999999601,49.99999999999609,49.99999999999623,49.99999999999636,49.99999999999653,49.99999999999674,49.999999999996945,49.99999999999718,49.999999999997435,49.999999999997726,nan,nan,nan,nan,nan,nan,nan,49.999999999997954
34980.0,49.99999999999616,49.99999999999617,49.99999999999619,49.999999999996284,49.999999999996355,49.999999999996476,49.999999999996625,49.999999999996774,49.99999999999693,49.99999999999716,49.999999999997385,49.99999999999761,49.99999999999789,nan,nan,nan,nan,nan,nan,nan,49.9999999999981
35040.0,49.999999999996426,49.99999999999645,49.99999999999649,49.99999999999655,49.999999999996604,49.9999999999967,49.99999999999682,49.99999999999701,49.99999999999716,49.99999999999735,49.99999999999756,49.99999999999776,49.99999999999801,nan,nan,nan,nan,nan,nan,nan,49.999999999998224
35100.0,49.99999999999667,49.99999999999669,49.999999999996724,49.99999999999674,49.999999999996874,49.99999999999695,49.99999999999706,49.99999999999721,49.99999999999735,49.99999999999753,49.999999999997726,49.999999999997925,49.99999999999813,nan,nan,nan,nan,nan,nan,nan,49.999999999998344
35160.0,49.9999999999969,49.9999999999969,49.99999999999696,49.99999999999699,49.999999999997065,49.999999999997165,49.99999999999726,49.99999999999741,49.999999999997534,49.99999999999771,49.99999999999788,49.99999999999805,49.9999999999983,nan,nan,nan,nan,nan,nan,nan,49.99999999999846
35220.0,49.99999999999711,49.999999999997094,49.999999999997144,49.999999999997186,49.99999999999726,49.999999999997335,49.99999999999745,49.999999999997556,49.9999999999977,49.99999999999787,49.99999999999803,49.99999999999821,49.999999999998415,nan,nan,nan,nan,nan,nan,nan,49.999999999998565
35280.0,49.99999999999731,49.99999999999732,49.99999999999736,49.9999999999974,49.999999999997456,49.99999999999753,49.99999999999763,49.99999999999774,49.99999999999784,49.999999999997996,49.999999999998145,49.99999999999832,49.99999999999848,nan,nan,nan,nan,nan,nan,nan,49.99999999999867
35340.0,49.9999999999975,49.99999999999746,49.99999999999752,49.999999999997556,49.999999999997634,49.9999999999977,49.999999999997804,49.9999999999979,49.99999999999802,49.99999999999816,49.99999999999827,49.99999999999843,49.999999999998614,nan,nan,nan,nan,nan,nan,nan,49.99999999999876
35400.0,49.99999999999766,49.99999999999767,49.99999999999771,49.99999999999773,49.999999999997776,49.999999999997875,49.99999999999794,49.99999999999804,49.99999999999815,49.99999999999825,49.999999999998394,49.99999999999857,49.99999999999872,nan,nan,nan,nan,nan,nan,nan,49.99999999999884
35460.0,49.999999999997826,49.99999999999783,49.99999999999786,49.99999999999789,49.99999999999792,49.999999999998,49.99999999999809,49.999999999998174,49.999999999998295,49.99999999999838,49.99999999999851,49.99999999999865,49.9999999999988,nan,nan,nan,nan,nan,nan,nan,49.99999999999893
35520.0,49.999999999997975,49.999999999997975,49.99999999999801,49.99999999999806,49.99999999999811,49.99999999999813,49.99999999999821,49.99999999999828,49.9999999999984,49.99999999999848,49.999999999998614,49.99999999999874,49.99999999999886,nan,nan,nan,nan,nan,nan,nan,49.999999999999
35580.0,49.99999999999811,49.9999999999981,49.99999999999815,49.999999999998174,49.99999999999821,49.999999999998266,49.99999999999833,49.99999999999843,49.999999999998515,49.99999999999861,49.999999999998714,49.999999999998835,49.99999999999897,nan,nan,nan,nan,nan,nan,nan,49.99999999999907
35640.0,49.999999999998245,49.99999999999826,49.99999999999828,49.99999999999829,49.99999999999833,49.99999999999838,49.99999999999846,49.999999999998536,49.99999999999858,49.99999999999871,49.99999999999881,49.999999999998906,49.99999999999903,nan,nan,nan,nan,nan,nan,nan,49.999999999999126
35700.0,49.999999999998366,49.99999999999838,49.99999999999841,49.99999999999841,49.99999999999846,49.99999999999852,49.99999999999857,49.999999999998614,49.9999999999987,49.99999999999878,49.999999999998884,49.999999999998984,49.99999999999911,nan,nan,nan,nan,nan,nan,nan,49.99999999999919
35760.0,49.99999999999847,49.99999999999845,49.99999999999849,49.99999999999852,49.999999999998586,49.99999999999861,49.99999999999864,49.999999999998714,49.999999999998806,49.999999999998856,49.99999999999896,49.99999999999907,49.99999999999917,nan,nan,nan,nan,nan,nan,nan,49.99999999999925
35820.0,49.999999999998586,49.99999999999857,49.9999999999986,49.999999999998614,49.99999999999867,49.999999999998685,49.999999999998764,49.99999999999881,49.99999999999888,49.99999999999898,49.99999999999905,49.999999999999126,49.99999999999922,nan,nan,nan,nan,nan,nan,nan,49.999999999999304
35880.0,49.999999999998685,49.99999999999868,49.999999999998714,49.99999999999873,49.999999999998764,49.99999999999878,49.99999999999885,49.99999999999887,49.999999999998934,49.999999999999034,49.99999999999908,49.99999999999918,49.99999999999926,nan,nan,nan,nan,nan,nan,nan,49.999999999999346
35940.0,49.99999999999877,49.99999999999878,49.999999999998785,49.999999999998835,49.99999999999882,49.999999999998856,49.999999999998884,49.999999999998956,49.99999999999903,49.99999999999908,49.99999999999917,49.99999999999925,49.999999999999325,nan,nan,nan,nan,nan,nan,nan,49.99999999999939
36000.0,49.999999999998856,49.99999999999885,49.99999999999886,49.9999999999989,49.999999999998906,49.99999999999896,49.99999999999899,49.99999999999905,49.99999999999908,49.999999999999154,49.99999999999922,49.99999999999932,49.99999999999937,nan,nan,nan,nan,nan,nan,nan,49.99999999999944
36060.0,49.999999999998934,49.99999999999896,49.999999999998956,49.99999999999897,49.999999999999,49.999999999999034,49.999999999999076,49.999999999999105,49.999999999999126,49.99999999999921,49.99999999999927,49.999999999999325,49.999999999999424,nan,nan,nan,nan,nan,nan,nan,49.99999999999947
36120.0,49.99999999999901,49.999999999999,49.999999999999034,49.99999999999904,49.99999999999908,49.99999999999908,49.99999999999912,49.99999999999916,49.99999999999918,49.99999999999927,49.999999999999325,49.99999999999939,49.99999999999946,nan,nan,nan,nan,nan,nan,nan,49.99999999999951
36180.0,49.999999999999076,49.999999999999076,49.9999999999991,49.99999999999908,49.99999999999911,49.99999999999917,49.99999999999918,49.99999999999924,49.999999999999254,49.999999999999304,49.99999999999937,49.99999999999941,49.99999999999948,nan,nan,nan,nan,nan,nan,nan,49.99999999999954
36240.0,49.99999999999914,49.99999999999911,49.999999999999126,49.99999999999919,49.99999999999918,49.99999999999921,49.99999999999924,49.99999999999928,49.999999999999304,49.99999999999937,49.99999999999943,49.999999999999474,49.99999999999954,nan,nan,nan,nan,nan,nan,nan,49.999999999999574
36300.0,49.999999999999204,49.99999999999918,49.999999999999226,49.99999999999925,49.99999999999925,49.99999999999927,49.99999999999929,49.999999999999325,49.999999999999396,49.99999999999942,49.99999999999945,49.9999999999995,49.99999999999956,nan,nan,nan,nan,nan,nan,nan,49.99999999999961
36360.0,49.999999999999254,49.999999999999226,49.99999999999929,49.999999999999304,49.99999999999928,49.9999999999993,49.99999999999935,49.999999999999375,49.999999999999396,49.99999999999944,49.999999999999496,49.99999999999956,49.9999999999996,nan,nan,nan,nan,nan,nan,nan,49.99999999999963
36420.0,49.99999999999931,49.99999999999933,49.99999999999932,49.99999999999934,49.99999999999935,49.99999999999938,49.999999999999375,49.99999999999944,49.99999999999946,49.999999999999496,49.999999999999524,49.9999999999996,49.999999999999616,nan,nan,nan,nan,nan,nan,nan,49.99999999999965
36480.0,49.99999999999935,49.99999999999935,49.999999999999375,49.99999999999936,49.999999999999375,49.9999999999994,49.99999999999941,49.999999999999446,49.99999999999948,49.99999999999951,49.99999999999955,49.9999999999996,49.99999999999966,nan,nan,nan,nan,nan,nan,nan,49.99999999999968
36540.0,49.9999999999994,49.999999999999396,49.9999999999994,49.99999999999942,49.99999999999944,49.99999999999945,49.999999999999496,49.999999999999496,49.99999999999951,49.99999999999957,49.99999999999961,49.99999999999965,49.99999999999967,nan,nan,nan,nan,nan,nan,nan,49.9999999999997
36600.0,49.999999999999446,49.99999999999944,49.99999999999946,49.99999999999947,49.999999999999446,49.99999999999949,49.999999999999496,49.99999999999953,49.999999999999574,49.99999999999959,49.99999999999963,49.99999999999965,49.99999999999969,nan,nan,nan,nan,nan,nan,nan,49.99999999999972
36660.0,49.99999999999948,49.99999999999949,49.999999999999496,49.9999999999995,49.999999999999496,49.99999999999951,49.99999999999954,49.99999999999958,49.999999999999595,49.99999999999963,49.999999999999645,49.99999999999969,49.99999999999973,nan,nan,nan,nan,nan,nan,nan,49.999999999999744
36720.0,49.99999999999952,49.99999999999951,49.99999999999952,49.999999999999574,49.99999999999955,49.99999999999957,49.99999999999958,49.999999999999595,49.999999999999616,49.99999999999963,49.99999999999967,49.999999999999716,49.99999999999976,nan,nan,nan,nan,nan,nan,nan,49.999999999999766
36780.0,49.999999999999545,49.99999999999956,49.99999999999955,49.99999999999956,49.999999999999595,49.999999999999574,49.9999999999996,49.99999999999963,49.99999999999966,49.99999999999966,49.999999999999694,49.99999999999971,49.99999999999976,nan,nan,nan,nan,nan,nan,nan,49.99999999999977
36840.0,49.99999999999958,49.99999999999963,49.99999999999957,49.999999999999616,49.99999999999962,49.9999999999996,49.999999999999645,49.99999999999966,49.99999999999966,49.99999999999973,49.99999999999972,49.99999999999975,49.99999999999978,nan,nan,nan,nan,nan,nan,nan,49.999999999999794
36900.0,49.99999999999961,49.99999999999964,49.99999999999961,49.999999999999616,49.99999999999965,49.999999999999645,49.99999999999965,49.99999999999965,49.999999999999716,49.99999999999972,49.99999999999972,49.999999999999766,49.99999999999977,nan,nan,nan,nan,nan,nan,nan,49.99999999999981
36960.0,49.99999999999964,49.99999999999967,49.999999999999645,49.99999999999965,49.99999999999964,49.99999999999967,49.99999999999966,49.99999999999974,49.99999999999972,49.99999999999972,49.99999999999976,49.99999999999978,49.999999999999794,nan,nan,nan,nan,nan,nan,nan,49.99999999999982
37020.0,49.999999999999666,49.99999999999965,49.99999999999968,49.99999999999969,49.99999999999966,49.9999999999997,49.999999999999694,49.999999999999716,49.99999999999972,49.999999999999744,49.99999999999978,49.999999999999794,49.99999999999981,nan,nan,nan,nan,nan,nan,nan,49.99999999999984
37080.0,49.99999999999969,49.999999999999694,49.99999999999969,49.9999999999997,49.99999999999972,49.999999999999716,49.999999999999744,49.99999999999974,49.99999999999973,49.999999999999794,49.99999999999979,49.999999999999794,49.99999999999983,nan,nan,nan,nan,nan,nan,nan,49.99999999999985
37140.0,49.99999999999971,49.999999999999716,49.99999999999971,49.99999999999973,49.99999999999973,49.999999999999744,49.999999999999766,49.99999999999976,49.99999999999978,49.99999999999978,49.99999999999981,49.999999999999815,49.99999999999984,nan,nan,nan,nan,nan,nan,nan,49.99999999999985
37200.0,49.99999999999973,49.999999999999744,49.99999999999976,49.99999999999974,49.99999999999975,49.999999999999766,49.99999999999976,49.99999999999976,49.9999999999998,49.99999999999983,49.99999999999984,49.99999999999982,49.99999999999986,nan,nan,nan,nan,nan,nan,nan,49.999999999999865
37260.0,49.99999999999975,49.99999999999974,49.99999999999975,49.999999999999766,49.99999999999975,49.99999999999978,49.99999999999977,49.9999999999998,49.999999999999794,49.99999999999981,49.99999999999983,49.99999999999986,49.999999999999844,nan,nan,nan,nan,nan,nan,nan,49.99999999999987
37320.0,49.999999999999766,49.999999999999766,49.99999999999979,49.99999999999979,49.99999999999979,49.99999999999978,49.99999999999979,49.999999999999815,49.9999999999998,49.99999999999983,49.99999999999985,49.999999999999865,49.99999999999987,nan,nan,nan,nan,nan,nan,nan,49.99999999999988
37380.0,49.99999999999979,49.99999999999977,49.99999999999977,49.99999999999981,49.99999999999981,49.999999999999815,49.999999999999815,49.99999999999983,49.999999999999844,49.99999999999983,49.999999999999865,49.999999999999844,49.99999999999988,nan,nan,nan,nan,nan,nan,nan,49.99999999999989
37440.0,49.9999999999998,49.9999999999998,49.99999999999981,49.999999999999794,49.99999999999981,49.99999999999981,49.99999999999981,49.99999999999982,49.99999999999985,49.999999999999844,49.999999999999844,49.99999999999987,49.99999999999987,nan,nan,nan,nan,nan,nan,nan,49.9999999999999
37500.0,49.999999999999815,49.999999999999815,49.99999999999983,49.999999999999844,49.999999999999844,49.99999999999983,49.99999999999984,49.999999999999844,49.999999999999844,49.99999999999985,49.9999999999999,49.99999999999987,49.99999999999988,nan,nan,nan,nan,nan,nan,nan,49.99999999999991
37560.0,49.99999999999983,49.999999999999815,49.99999999999982,49.99999999999982,49.99999999999985,49.999999999999844,49.999999999999844,49.999999999999865,49.999999999999844,49.99999999999985,49.9999999999999,49.99999999999989,49.99999999999993,nan,nan,nan,nan,nan,nan,nan,49.999999999999915
37620.0,49.999999999999844,49.999999999999844,49.99999999999982,49.99999999999983,49.99999999999983,49.99999999999986,49.99999999999984,49.999999999999844,49.99999999999985,49.99999999999988,49.99999999999988,49.999999999999915,49.99999999999992,nan,nan,nan,nan,nan,nan,nan,49.999999999999915
37680.0,49.999999999999844,49.999999999999865,49.99999999999985,49.999999999999865,49.99999999999986,49.99999999999986,49.99999999999989,49.99999999999989,49.99999999999988,49.999999999999915,49.99999999999989,49.9999999999999,49.99999999999994,nan,nan,nan,nan,nan,nan,nan,49.99999999999993
37740.0,49.99999999999986,49.99999999999985,49.999999999999865,49.9999999999999,49.99999999999986,49.99999999999988,49.99999999999988,49.99999999999989,49.99999999999986,49.99999999999991,49.999999999999915,49.999999999999915,49.99999999999993,nan,nan,nan,nan,nan,nan,nan,49.99999999999993
37800.0,49.999999999999865,49.9999999999999,49.99999999999988,49.999999999999865,49.999999999999865,49.99999999999987,49.99999999999989,49.999999999999886,49.99999999999989,49.999999999999915,49.99999999999993,49.99999999999991,49.99999999999993,nan,nan,nan,nan,nan,nan,nan,49.999999999999936
37860.0,49.99999999999988,49.99999999999987,49.99999999999988,49.99999999999989,49.999999999999865,49.999999999999886,49.99999999999993,49.999999999999886,49.99999999999992,49.999999999999936,49.999999999999915,49.999999999999936,49.999999999999936,nan,nan,nan,nan,nan,nan,nan,49.99999999999994
37920.0,49.999999999999886,49.99999999999988,49.999999999999886,49.9999999999999,49.99999999999986,49.99999999999988,49.9999999999999,49.99999999999991,49.99999999999991,49.99999999999993,49.99999999999992,49.999999999999936,49.99999999999995,nan,nan,nan,nan,nan,nan,nan,49.99999999999994
37980.0,49.99999999999989,49.9999999999999,49.99999999999989,49.999999999999915,49.9999999999999,49.9999999999999,49.999999999999936,49.99999999999987,49.99999999999992,49.999999999999936,49.999999999999936,49.99999999999992,49.999999999999936,nan,nan,nan,nan,nan,nan,nan,49.99999999999995
38040.0,49.9999999999999,49.99999999999994,49.9999999999999,49.99999999999987,49.99999999999989,49.99999999999993,49.99999999999991,49.99999999999993,49.999999999999915,49.99999999999993,49.99999999999994,49.999999999999915,49.99999999999996,nan,nan,nan,nan,nan,nan,nan,49.99999999999995
38100.0,49.99999999999991,49.99999999999989,49.9999999999999,49.999999999999915,49.999999999999915,49.99999999999993,49.999999999999936,49.99999999999993,49.99999999999991,49.999999999999915,49.999999999999936,49.99999999999996,49.99999999999992,nan,nan,nan,nan,nan,nan,nan,49.99999999999996
38160.0,49.999999999999915,49.99999999999991,49.99999999999992,49.999999999999915,49.99999999999993,49.99999999999992,49.999999999999936,49.99999999999994,49.99999999999996,49.99999999999994,49.99999999999994,49.99999999999994,49.99999999999995,nan,nan,nan,nan,nan,nan,nan,49.99999999999996
38220.0,49.99999999999992,49.99999999999993,49.999999999999886,49.99999999999989,49.999999999999936,49.99999999999993,49.999999999999936,49.99999999999993,49.999999999999936,49.99999999999996,49.999999999999936,49.99999999999994,49.99999999999997,nan,nan,nan,nan,nan,nan,nan,49.999999999999964
38280.0,49.99999999999992,49.9999999999999,49.999999999999936,49.99999999999991,49.99999999999992,49.99999999999994,49.99999999999996,49.99999999999992,49.99999999999994,49.99999999999994,49.99999999999996,49.99999999999993,49.999999999999964,nan,nan,nan,nan,nan,nan,nan,49.999999999999964
38340.0,49.999999999999936,49.99999999999994,49.999999999999915,49.99999999999996,49.99999999999995,49.999999999999915,49.999999999999936,49.99999999999994,49.99999999999994,49.99999999999997,49.99999999999995,49.99999999999996,49.99999999999997,nan,nan,nan,nan,nan,nan,nan,49.999999999999964
38400.0,49.999999999999936,49.999999999999964,49.99999999999995,49.99999999999995,49.999999999999915,49.99999999999994,49.99999999999994,49.999999999999936,49.99999999999996,49.99999999999997,49.999999999999964,49.999999999999964,49.99999999999997,nan,nan,nan,nan,nan,nan,nan,49.999999999999964
38460.0,49.99999999999994,49.99999999999994,49.99999999999993,49.99999999999995,49.99999999999995,49.99999999999994,49.99999999999995,49.99999999999995,49.99999999999997,49.999999999999964,49.99999999999996,49.99999999999997,49.99999999999996,nan,nan,nan,nan,nan,nan,nan,49.99999999999997
38520.0,49.99999999999994,49.99999999999994,49.99999999999995,49.999999999999964,49.99999999999991,49.99999999999996,49.999999999999936,49.99999999999997,49.99999999999996,49.99999999999996,49.99999999999996,49.99999999999998,49.99999999999997,nan,nan,nan,nan,nan,nan,nan,49.99999999999997
38580.0,49.99999999999995,49.99999999999995,49.99999999999995,49.99999999999997,49.99999999999996,49.99999999999994,49.99999999999994,49.999999999999964,49.99999999999996,49.999999999999964,49.99999999999994,49.999999999999986,49.99999999999995,nan,nan,nan,nan,nan,nan,nan,49.99999999999997
38640.0,49.99999999999996,49.99999999999997,49.99999999999997,49.99999999999997,49.999999999999964,49.99999999999994,49.99999999999996,49.999999999999964,49.999999999999964,49.99999999999997,49.999999999999986,49.999999999999964,50.0,nan,nan,nan,nan,nan,nan,nan,49.99999999999998
38700.0,49.99999999999996,49.99999999999994,49.99999999999995,49.999999999999964,49.99999999999994,49.999999999999964,49.99999999999995,49.999999999999964,49.99999999999994,49.99999999999997,49.99999999999996,49.99999999999998,49.99999999999997,nan,nan,nan,nan,nan,nan,nan,49.99999999999998
38760.0,49.99999999999996,49.999999999999964,49.99999999999997,49.99999999999995,49.99999999999995,49.999999999999964,49.99999999999997,49.99999999999998,49.99999999999997,49.999999999999986,49.999999999999964,49.99999999999997,49.999999999999964,nan,nan,nan,nan,nan,nan,nan,49.99999999999998
38820.0,49.999999999999964,49.99999999999995,49.99999999999995,49.99999999999994,49.99999999999996,49.999999999999964,50.00000000000001,49.99999999999996,49.999999999999986,49.99999999999994,49.99999999999997,49.99999999999998,49.999999999999964,nan,nan,nan,nan,nan,nan,nan,49.999999999999986
38880.0,49.999999999999964,49.999999999999964,49.999999999999986,49.99999999999996,49.99999999999997,49.99999999999995,49.999999999999964,49.99999999999995,49.999999999999964,49.99999999999998,49.99999999999997,49.999999999999964,49.99999999999998,nan,nan,nan,nan,nan,nan,nan,49.99999999999998
38940.0,49.99999999999997,49.999999999999964,49.99999999999997,49.99999999999994,49.99999999999996,49.999999999999964,50.00000000000001,49.99999999999999,49.99999999999996,49.99999999999996,49.999999999999986,49.999999999999964,49.999999999999964,nan,nan,nan,nan,nan,nan,nan,49.999999999999986
39000.0,49.99999999999997,49.99999999999998,49.99999999999997,49.99999999999998,49.99999999999998,49.999999999999964,49.999999999999986,49.999999999999964,49.99999999999998,49.99999999999996,49.99999999999998,49.99999999999998,49.999999999999986,nan,nan,nan,nan,nan,nan,nan,49.999999999999986
39060.0,49.99999999999997,50.0,49.999999999999964,49.99999999999997,49.99999999999997,49.99999999999998,49.999999999999986,49.999999999999986,49.999999999999986,49.99999999999997,49.99999999999998,49.999999999999986,49.999999999999964,nan,nan,nan,nan,nan,nan,nan,49.999999999999986
39120.0,49.99999999999997,49.999999999999986,49.99999999999997,49.99999999999997,49.999999999999986,49.999999999999964,49.99999999999998,49.999999999999964,49.999999999999964,49.999999999999986,49.99999999999999,49.999999999999986,49.99999999999998,nan,nan,nan,nan,nan,nan,nan,49.999999999999986
39180.0,49.99999999999997,49.99999999999997,49.99999999999998,49.99999999999998,49.99999999999998,49.99999999999996,49.999999999999986,49.999999999999964,49.999999999999964,49.99999999999995,49.99999999999999,49.99999999999998,49.99999999999997,nan,nan,nan,nan,nan,nan,nan,49.999999999999986
39240.0,49.99999999999997,49.99999999999996,49.999999999999964,49.999999999999986,49.999999999999964,49.99999999999997,49.99999999999997,49.99999999999999,49.99999999999997,49.99999999999999,49.99999999999999,49.99999999999998,49.99999999999999,nan,nan,nan,nan,nan,nan,nan,49.999999999999986
39300.0,49.99999999999997,49.999999999999986,49.99999999999998,49.99999999999999,50.0,49.99999999999998,50.0,49.99999999999997,49.99999999999996,49.999999999999964,49.999999999999986,49.999999999999964,49.999999999999986,nan,nan,nan,nan,nan,nan,nan,49.999999999999986
39360.0,49.99999999999997,49.99999999999999,49.99999999999998,49.99999999999998,49.999999999999986,49.99999999999998,49.99999999999996,49.99999999999998,49.99999999999997,49.999999999999986,49.99999999999998,49.99999999999997,49.999999999999986,nan,nan,nan,nan,nan,nan,nan,49.999999999999986
39420.0,49.99999999999998,49.999999999999986,49.99999999999997,49.999999999999964,49.99999999999998,49.99999999999997,50.0,49.99999999999998,49.999999999999986,49.999999999999986,49.99999999999997,49.99999999999997,49.99999999999999,nan,nan,nan,nan,nan,nan,nan,49.999999999999986
39480.0,49.99999999999998,49.99999999999997,49.99999999999997,49.99999999999998,49.999999999999964,49.99999999999998,49.99999999999996,50.00000000000001,50.0,49.999999999999986,49.99999999999998,49.99999999999998,49.99999999999999,nan,nan,nan,nan,nan,nan,nan,49.99999999999999
39540.0,49.99999999999998,49.99999999999997,49.99999999999998,49.999999999999986,49.99999999999997,49.999999999999986,49.99999999999996,50.0,50.00000000000003,49.999999999999986,49.99999999999998,49.99999999999997,49.99999999999998,nan,nan,nan,nan,nan,nan,nan,49.99999999999999
39600.0,49.99999999999998,49.99999999999997,49.99999999999998,49.99999999999999,50.00000000000003,49.99999999999998,49.99999999999998,49.99999999999999,50.00000000000001,49.99999999999997,49.999999999999986,49.999999999999986,49.999999999999986,nan,nan,nan,nan,nan,nan,nan,49.99999999999999
39660.0,49.99999999999998,49.999999999999986,49.99999999999997,49.99999999999996,49.999999999999964,49.99999999999999,49.99999999999997,49.999999999999986,50.00000000000001,49.99999999999999,49.99999999999998,49.99999999999997,49.99999999999998,nan,nan,nan,nan,nan,nan,nan,49.999999999999986
39720.0,49.99999999999998,49.999999999999986,49.999999999999986,49.99999999999998,49.99999999999999,50.0,49.99999999999996,49.999999999999964,49.99999999999996,50.0,49.999999999999986,50.00000000000001,49.999999999999986,nan,nan,nan,nan,nan,nan,nan,49.999999999999986
39780.0,49.99999999999998,49.999999999999986,49.99999999999999,50.000000000000014,49.99999999999998,49.999999999999986,49.999999999999986,49.99999999999997,50.0,49.99999999999995,49.99999999999999,49.999999999999986,49.999999999999986,nan,nan,nan,nan,nan,nan,nan,49.999999999999986
39840.0,49.99999999999998,49.99999999999997,50.0,49.99999999999994,49.99999999999999,49.999999999999986,50.00000000000001,50.0,49.99999999999999,49.99999999999996,49.999999999999986,49.999999999999986,49.99999999999999,nan,nan,nan,nan,nan,nan,nan,49.999999999999986
39900.0,49.99999999999998,49.99999999999997,49.99999999999998,49.99999999999996,49.99999999999999,49.99999999999999,50.00000000000001,49.999999999999986,49.99999999999999,49.999999999999986,50.0,50.000000000000014,50.0,nan,nan,nan,nan,nan,nan,nan,49.999999999999986
39960.0,49.99999999999998,49.999999999999964,49.999999999999986,49.99999999999996,50.0,49.99999999999997,49.99999999999997,49.99999999999999,49.999999999999964,49.99999999999999,49.99999999999998,49.99999999999996,49.999999999999964,nan,nan,nan,nan,nan,nan,nan,49.999999999999986
40020.0,49.99999999999998,49.99999999999995,49.999999999999986,49.99999999999995,49.99999999999999,49.999999999999986,49.99999999999997,49.99999999999999,49.99999999999999,49.99999999999998,49.99999999999999,50.00000000000001,49.99999999999998,nan,nan,nan,nan,nan,nan,nan,49.999999999999986
40080.0,49.99999999999998,49.99999999999999,49.99999999999996,49.999999999999986,49.99999999999996,49.999999999999986,49.99999999999997,49.99999999999998,49.99999999999998,49.999999999999986,49.999999999999986,49.99999999999998,50.0,nan,nan,nan,nan,nan,nan,nan,49.999999999999986
40140.0,49.99999999999998,49.999999999999986,49.99999999999998,49.99999999999997,49.999999999999964,49.999999999999986,49.99999999999999,49.999999999999986,49.999999999999986,49.999999999999986,49.999999999999986,50.0,49.999999999999986,nan,nan,nan,nan,nan,nan,nan,49.999999999999986
40200.0,49.99999999999998,49.99999999999998,49.99999999999999,49.99999999999997,49.999999999999986,49.99999999999998,49.99999999999995,49.99999999999999,49.99999999999996,49.999999999999986,49.999999999999986,49.999999999999986,49.999999999999986,nan,nan,nan,nan,nan,nan,nan,49.99999999999999
40260.0,49.99999999999998,49.99999999999998,49.999999999999964,49.99999999999997,49.999999999999986,49.99999999999996,49.99999999999998,49.999999999999986,49.99999999999999,49.999999999999986,49.99999999999999,50.0,49.99999999999997,nan,nan,nan,nan,nan,nan,nan,49.99999999999999
40320.0,49.999999999999986,49.99999999999998,49.99999999999999,49.999999999999964,49.99999999999996,50.0,50.00000000000001,49.99999999999997,49.99999999999999,50.00000000000001,49.99999999999997,49.999999999999986,49.999999999999986,nan,nan,nan,nan,nan,nan,nan,49.999999999999986
40380.0,49.99999999999998,50.0,49.99999999999997,49.999999999999986,49.99999999999998,49.99999999999999,50.0,49.999999999999964,49.99999999999999,49.99999999999995,49.99999999999999,49.99999999999998,49.99999999999999,nan,nan,nan,nan,nan,nan,nan,49.99999999999999
40440.0,49.999999999999986,49.99999999999999,49.99999999999998,50.00000000000001,49.999999999999986,49.999999999999986,49.99999999999997,49.99999999999999,49.999999999999986,49.99999999999997,49.999999999999986,50.000000000000014,49.999999999999964,nan,nan,nan,nan,nan,nan,nan,49.999999999999986
40500.0,49.999999999999986,49.99999999999998,49.99999999999999,50.0,49.99999999999998,49.99999999999999,49.99999999999998,49.99999999999998,49.999999999999986,50.00000000000001,49.999999999999986,49.99999999999998,49.999999999999986,nan,nan,nan,nan,nan,nan,nan,49.99999999999999
40560.0,49.999999999999986,50.0,49.99999999999999,49.999999999999986,49.99999999999999,49.999999999999986,49.99999999999998,49.99999999999997,49.99999999999996,49.99999999999999,50.00000000000001,50.00000000000001,49.999999999999986,nan,nan,nan,nan,nan,nan,nan,49.99999999999999
40620.0,49.999999999999986,49.99999999999999,49.99999999999999,49.99999999999999,49.99999999999998,49.99999999999999,49.999999999999986,49.99999999999997,49.999999999999964,49.999999999999986,49.99999999999998,50.00000000000001,49.999999999999986,nan,nan,nan,nan,nan,nan,nan,49.999999999999986
40680.0,49.999999999999986,49.99999999999997,49.99999999999998,50.0,49.999999999999986,49.999999999999986,50.00000000000002,49.99999999999997,50.0,49.999999999999964,49.999999999999986,50.00000000000002,49.99999999999998,nan,nan,nan,nan,nan,nan,nan,49.999999999999986
40740.0,49.999999999999986,49.99999999999998,49.99999999999999,49.999999999999986,49.999999999999986,49.99999999999997,49.99999999999998,50.00000000000001,49.99999999999997,49.99999999999997,49.999999999999986,49.99999999999997,49.999999999999986,nan,nan,nan,nan,nan,nan,nan,49.999999999999986
40800.0,49.999999999999986,49.99999999999998,49.99999999999999,50.0,49.999999999999964,49.99999999999997,50.000000000000014,49.99999999999998,49.99999999999999,49.99999999999997,49.99999999999998,49.999999999999986,49.999999999999986,nan,nan,nan,nan,nan,nan,nan,49.99999999999999
40860.0,49.999999999999986,49.999999999999986,49.99999999999997,49.99999999999999,49.99999999999998,50.0,49.99999999999998,49.99999999999999,49.99999999999997,49.99999999999994,49.999999999999986,49.999999999999986,49.99999999999997,nan,nan,nan,nan,nan,nan,nan,49.99999999999999
40920.0,49.999999999999986,49.99999999999998,49.999999999999986,50.0,50.000000000000014,49.99999999999999,50.0,49.99999999999998,49.99999999999998,49.999999999999986,49.999999999999986,50.0,49.999999999999986,nan,nan,nan,nan,nan,nan,nan,49.999999999999986
40980.0,49.999999999999986,49.99999999999995,49.999999999999986,49.999999999999986,49.99999999999999,49.99999999999998,49.99999999999999,49.99999999999999,49.99999999999998,49.99999999999998,49.999999999999986,50.0,49.99999999999998,nan,nan,nan,nan,nan,nan,nan,49.999999999999986
41040.0,49.999999999999986,49.99999999999997,49.99999999999998,49.999999999999986,49.99999999999999,49.99999999999998,50.0,49.99999999999998,49.999999999999986,50.0,49.99999999999999,49.99999999999997,49.999999999999986,nan,nan,nan,nan,nan,nan,nan,49.999999999999986
41100.0,49.999999999999986,49.999999999999986,49.99999999999999,50.0,49.99999999999998,49.999999999999986,49.99999999999999,49.99999999999998,49.99999999999998,49.99999999999999,49.999999999999986,50.0,49.999999999999964,nan,nan,nan,nan,nan,nan,nan,49.99999999999999
41160.0,49.999999999999986,49.999999999999964,49.99999999999999,49.99999999999997,50.0,49.99999999999999,49.999999999999986,50.0,50.0,49.99999999999999,50.0,49.999999999999986,49.999999999999986,nan,nan,nan,nan,nan,nan,nan,49.99999999999999
41220.0,49.999999999999986,50.0,49.999999999999986,50.0,50.0,49.999999999999986,49.999999999999986,49.99999999999998,50.00000000000002,50.00000000000001,49.99999999999998,50.00000000000001,49.99999999999999,nan,nan,nan,nan,nan,nan,nan,49.99999999999999
41280.0,49.999999999999986,49.99999999999997,49.99999999999996,49.99999999999997,49.99999999999996,49.999999999999986,49.99999999999998,49.99999999999997,49.99999999999999,49.99999999999999,49.999999999999986,49.999999999999986,49.99999999999997,nan,nan,nan,nan,nan,nan,nan,49.99999999999999
41340.0,49.999999999999986,50.00000000000001,49.999999999999986,49.99999999999999,49.99999999999998,49.99999999999999,49.99999999999997,49.99999999999997,49.99999999999996,49.99999999999999,49.99999999999998,50.00000000000002,49.99999999999998,nan,nan,nan,nan,nan,nan,nan,49.999999999999986
41400.0,49.999999999999986,49.999999999999986,49.99999999999999,50.0,49.99999999999998,49.99999999999999,50.000000000000014,49.999999999999986,49.99999999999996,49.999999999999986,50.0,49.999999999999986,49.99999999999998,nan,nan,nan,nan,nan,nan,nan,49.999999999999986
41460.0,49.999999999999986,50.0,49.999999999999986,49.99999999999999,49.99999999999999,49.99999999999999,49.999999999999986,49.999999999999964,49.99999999999995,49.99999999999996,50.0,49.999999999999986,49.999999999999986,nan,nan,nan,nan,nan,nan,nan,49.99999999999999
41520.0,49.999999999999986,49.99999999999996,49.99999999999999,49.999999999999986,50.0,49.99999999999998,50.000000000000014,49.99999999999999,49.999999999999964,49.99999999999999,49.99999999999999,49.99999999999997,50.0,nan,nan,nan,nan,nan,nan,nan,49.999999999999986
41580.0,49.999999999999986,49.99999999999998,49.99999999999997,49.999999999999986,49.999999999999986,49.999999999999986,50.00000000000001,49.99999999999999,50.00000000000002,50.0,50.0,49.999999999999986,50.000000000000014,nan,nan,nan,nan,nan,nan,nan,49.99999999999999
41640.0,49.999999999999986,49.99999999999998,50.00000000000001,50.000000000000014,49.999999999999986,50.0,50.0,50.0,49.99999999999997,49.99999999999996,49.99999999999999,49.99999999999999,49.99999999999999,nan,nan,nan,nan,nan,nan,nan,49.99999999999999
41700.0,49.999999999999986,50.0,50.00000000000001,49.99999999999998,49.999999999999986,49.999999999999986,49.99999999999997,50.0,49.999999999999964,49.99999999999999,50.0,49.99999999999997,50.00000000000001,nan,nan,nan,nan,nan,nan,nan,49.99999999999999
41760.0,49.999999999999986,49.99999999999999,49.99999999999999,50.00000000000002,50.0,49.99999999999998,49.99999999999998,49.999999999999986,50.0,49.999999999999986,49.99999999999999,49.99999999999998,50.0,nan,nan,nan,nan,nan,nan,nan,49.99999999999999
41820.0,49.999999999999986,50.0,49.999999999999986,49.99999999999999,49.99999999999999,49.999999999999964,49.999999999999986,49.999999999999986,50.0,50.00000000000001,49.99999999999999,50.000000000000014,50.0,nan,nan,nan,nan,nan,nan,nan,49.99999999999999
41880.0,49.999999999999986,50.000000000000014,50.00000000000003,49.99999999999998,49.99999999999999,49.999999999999986,50.00000000000001,49.99999999999998,49.99999999999998,49.999999999999986,49.99999999999998,50.0,49.999999999999986,nan,nan,nan,nan,nan,nan,nan,49.99999999999999
41940.0,49.999999999999986,49.999999999999964,49.99999999999999,50.0,50.00000000000001,49.99999999999998,50.0,49.999999999999986,49.99999999999999,50.000000000000014,49.99999999999999,49.99999999999996,49.999999999999986,nan,nan,nan,nan,nan,nan,nan,49.99999999999999
42000.0,49.999999999999986,50.00000000000001,49.999999999999986,49.99999999999999,49.999999999999986,49.999999999999986,49.99999999999998,49.99999999999996,50.00000000000001,49.99999999999999,50.0,49.99999999999997,49.99999999999998,nan,nan,nan,nan,nan,nan,nan,49.999999999999986
42060.0,49.999999999999986,49.999999999999936,50.0,49.99999999999998,49.99999999999998,49.999999999999986,50.0,49.99999999999998,49.99999999999997,49.99999999999997,49.999999999999986,49.99999999999998,49.99999999999999,nan,nan,nan,nan,nan,nan,nan,49.99999999999999
42120.0,49.999999999999986,49.99999999999997,49.99999999999998,49.99999999999998,49.99999999999998,49.99999999999999,49.999999999999986,50.0,50.000000000000014,49.99999999999998,49.99999999999999,49.99999999999998,50.0,nan,nan,nan,nan,nan,nan,nan,49.99999999999999
42180.0,49.999999999999986,49.999999999999986,49.99999999999999,50.000000000000014,49.99999999999998,49.999999999999986,49.99999999999998,49.99999999999999,50.0,49.99999999999999,50.0,50.00000000000001,49.99999999999999,nan,nan,nan,nan,nan,nan,nan,49.99999999999999
42240.0,49.999999999999986,49.999999999999986,49.99999999999998,49.999999999999986,50.0,49.99999999999999,49.99999999999998,49.999999999999964,49.99999999999998,49.999999999999964,49.99999999999999,49.99999999999999,49.99999999999999,nan,nan,nan,nan,nan,nan,nan,49.999999999999986
42300.0,49.999999999999986,49.999999999999986,49.99999999999999,49.99999999999999,49.99999999999999,49.99999999999998,49.999999999999986,49.99999999999998,49.999999999999986,49.999999999999986,49.999999999999986,49.99999999999998,49.99999999999998,nan,nan,nan,nan,nan,nan,nan,49.99999999999999
42360.0,49.999999999999986,49.99999999999996,50.0,49.999999999999986,49.99999999999998,49.99999999999997,49.999999999999986,49.999999999999986,49.999999999999986,50.0,50.0,50.0,49.999999999999986,nan,nan,nan,nan,nan,nan,nan,49.99999999999999
42420.0,49.999999999999986,49.99999999999999,50.00000000000001,49.99999999999998,49.99999999999999,49.999999999999986,50.00000000000001,49.999999999999986,50.00000000000001,49.99999999999997,49.99999999999998,49.999999999999986,49.99999999999998,nan,nan,nan,nan,nan,nan,nan,49.999999999999986
42480.0,49.999999999999986,49.99999999999999,49.99999999999999,49.99999999999999,49.99999999999998,49.999999999999986,49.99999999999999,49.99999999999998,49.999999999999986,49.999999999999964,49.999999999999986,50.0,49.999999999999986,nan,nan,nan,nan,nan,nan,nan,49.999999999999986
42540.0,49.999999999999986,49.999999999999986,49.99999999999999,49.99999999999996,49.99999999999999,50.00000000000001,49.999999999999986,49.99999999999999,49.99999999999999,49.99999999999999,49.99999999999999,50.0,49.99999999999999,nan,nan,nan,nan,nan,nan,nan,49.999999999999986
42600.0,49.999999999999986,49.999999999999986,49.999999999999986,49.99999999999999,49.99999999999997,49.99999999999998,49.99999999999998,49.99999999999998,49.999999999999986,49.99999999999999,50.0,50.0,49.99999999999996,nan,nan,nan,nan,nan,nan,nan,49.99999999999999
42660.0,49.999999999999986,49.99999999999999,49.999999999999986,50.00000000000001,49.99999999999995,50.0,50.000000000000014,49.999999999999986,49.99999999999997,49.999999999999986,49.99999999999998,49.999999999999986,49.99999999999998,nan,nan,nan,nan,nan,nan,nan,49.99999999999999
42720.0,49.999999999999986,50.00000000000001,49.999999999999986,49.999999999999986,49.99999999999997,49.999999999999964,49.99999999999999,49.999999999999964,49.99999999999998,49.99999999999998,50.000000000000014,49.999999999999986,49.999999999999986,nan,nan,nan,nan,nan,nan,nan,49.99999999999999
42780.0,49.999999999999986,49.999999999999986,49.999999999999986,49.99999999999997,49.999999999999986,49.999999999999986,49.999999999999986,49.99999999999999,49.99999999999998,49.99999999999998,49.999999999999936,50.000000000000014,49.99999999999997,nan,nan,nan,nan,nan,nan,nan,49.99999999999999
42840.0,49.999999999999986,49.999999999999986,49.999999999999986,49.99999999999997,49.99999999999996,49.999999999999986,49.999999999999986,49.999999999999986,50.0,50.0,49.99999999999999,50.000000000000014,49.999999999999986,nan,nan,nan,nan,nan,nan,nan,49.99999999999999
42900.0,49.999999999999986,49.999999999999986,49.99999999999996,49.99999999999999,49.99999999999998,49.999999999999964,49.999999999999986,50.0,49.999999999999964,49.99999999999997,49.99999999999995,49.99999999999999,50.00000000000002,nan,nan,nan,nan,nan,nan,nan,49.99999999999999
42960.0,49.999999999999986,49.999999999999986,50.0,49.99999999999999,49.99999999999999,49.99999999999997,49.999999999999986,49.999999999999986,50.00000000000001,49.999999999999986,50.000000000000014,49.99999999999999,49.99999999999999,nan,nan,nan,nan,nan,nan,nan,49.99999999999999
43020.0,49.999999999999986,49.99999999999996,49.999999999999986,50.00000000000001,49.99999999999997,49.99999999999999,50.000000000000014,49.99999999999999,49.999999999999964,50.00000000000001,49.99999999999999,49.99999999999999,50.0,nan,nan,nan,nan,nan,nan,nan,49.99999999999999
43080.0,49.999999999999986,50.000000000000014,49.99999999999998,49.99999999999999,49.99999999999999,49.99999999999994,50.000000000000014,49.99999999999999,49.99999999999998,50.0,49.999999999999986,49.99999999999998,49.99999999999999,nan,nan,nan,nan,nan,nan,nan,49.99999999999999
43140.0,49.999999999999986,50.0,50.0,49.999999999999986,49.99999999999997,49.99999999999998,49.99999999999997,50.0,50.0,49.99999999999999,50.000000000000014,50.0,50.00000000000001,nan,nan,nan,nan,nan,nan,nan,49.999999999999986
43200.0,49.999999999999986,49.99999999999998,49.99999999999998,50.0,49.99999999999997,49.99999999999999,49.999999999999964,49.99999999999998,49.99999999999997,49.99999999999998,49.99999999999998,49.99999999999998,49.999999999999986,nan,nan,nan,nan,nan,nan,nan,49.99999999999999
43260.0,49.999999999999986,49.999999999999986,49.99999999999999,49.99999999999997,49.99999999999998,49.99999999999997,49.99999999999998,49.99999999999998,49.999999999999986,49.99999999999998,50.0,49.999999999999986,49.99999999999997,nan,nan,nan,nan,nan,nan,nan,49.99999999999999
43320.0,49.999999999999986,49.99999999999997,49.999999999999986,49.99999999999997,49.99999999999999,49.99999999999999,50.000000000000014,49.999999999999986,49.999999999999986,49.99999999999999,49.99999999999997,50.00000000000003,50.00000000000002,nan,nan,nan,nan,nan,nan,nan,49.999999999999986
43380.0,49.999999999999986,49.999999999999964,49.99999999999999,49.99999999999997,49.99999999999998,50.000000000000014,49.999999999999964,49.99999999999999,49.99999999999999,49.99999999999998,49.99999999999998,50.00000000000001,49.99999999999999,nan,nan,nan,nan,nan,nan,nan,49.999999999999986
43440.0,49.999999999999986,49.99999999999998,49.99999999999997,49.999999999999986,49.99999999999997,49.99999999999998,49.999999999999986,49.99999999999999,49.99999999999999,49.99999999999998,49.99999999999998,50.0,49.99999999999999,nan,nan,nan,nan,nan,nan,nan,49.99999999999999
43500.0,49.999999999999986,49.99999999999999,50.0,49.999999999999964,49.999999999999964,49.99999999999998,50.0,50.0,49.99999999999997,49.99999999999998,50.000000000000014,49.999999999999986,49.99999999999997,nan,nan,nan,nan,nan,nan,nan,49.999999999999986
43560.0,49.999999999999986,49.99999999999999,49.999999999999986,49.99999999999997,50.0,49.999999999999986,49.999999999999986,49.99999999999997,49.999999999999986,49.99999999999998,50.00000000000002,49.99999999999999,50.00000000000001,nan,nan,nan,nan,nan,nan,nan,49.99999999999999
43620.0,49.999999999999986,50.00000000000001,49.999999999999986,49.999999999999964,49.99999999999997,49.99999999999997,49.99999999999998,49.99999999999997,50.000000000000014,49.99999999999998,49.999999999999986,50.00000000000001,49.999999999999986,nan,nan,nan,nan,nan,nan,nan,49.999999999999986
43680.0,49.999999999999986,50.0,49.999999999999964,49.99999999999999,49.99999999999999,49.99999999999998,50.0,49.999999999999986,49.999999999999986,49.999999999999986,50.0,49.99999999999999,49.999999999999964,nan,nan,nan,nan,nan,nan,nan,49.999999999999986
43740.0,49.999999999999986,49.999999999999964,49.99999999999999,49.99999999999998,49.999999999999986,49.99999999999999,50.0,49.99999999999998,49.99999999999998,49.999999999999986,50.0,50.0,49.99999999999998,nan,nan,nan,nan,nan,nan,nan,49.999999999999986
43800.0,49.999999999999986,50.00000000000001,49.99999999999997,49.999999999999986,49.99999999999998,50.0,50.000000000000014,49.999999999999986,49.999999999999986,50.00000000000001,49.999999999999986,50.000000000000014,49.99999999999998,nan,nan,nan,nan,nan,nan,nan,49.999999999999986
43860.0,49.999999999999986,49.99999999999997,49.999999999999986,49.99999999999998,49.999999999999986,50.000000000000014,49.99999999999998,49.99999999999998,49.99999999999997,50.0,49.999999999999964,49.999999999999986,49.99999999999999,nan,nan,nan,nan,nan,nan,nan,49.999999999999986
43920.0,49.999999999999986,49.99999999999997,50.0,49.99999999999996,49.99999999999999,49.999999999999964,49.99999999999999,49.99999999999998,49.99999999999998,49.99999999999999,50.000000000000014,49.99999999999999,49.999999999999986,nan,nan,nan,nan,nan,nan,nan,49.99999999999999
43980.0,49.999999999999986,49.999999999999986,49.999999999999986,49.999999999999986,49.999999999999986,49.99999999999998,50.00000000000001,50.0,49.999999999999986,49.99999999999996,49.999999999999986,49.99999999999999,49.99999999999998,nan,nan,nan,nan,nan,nan,nan,49.999999999999986
44040.0,49.999999999999986,49.999999999999964,49.999999999999986,49.99999999999998,50.0,49.99999999999997,50.00000000000001,49.99999999999999,49.999999999999986,50.0,49.99999999999997,49.999999999999986,49.999999999999964,nan,nan,nan,nan,nan,nan,nan,49.99999999999999
44100.0,49.999999999999986,49.99999999999998,49.99999999999999,49.999999999999986,49.999999999999986,49.99999999999998,49.99999999999997,49.999999999999986,49.999999999999986,50.0,50.000000000000014,50.000000000000014,49.99999999999999,nan,nan,nan,nan,nan,nan,nan,49.999999999999986
44160.0,49.999999999999986,49.99999999999997,49.99999999999999,50.00000000000001,49.99999999999997,49.99999999999999,49.99999999999997,49.999999999999986,49.99999999999997,50.00000000000001,49.99999999999997,49.99999999999999,49.99999999999999,nan,nan,nan,nan,nan,nan,nan,49.999999999999986
44220.0,49.999999999999986,50.0,50.0,49.99999999999999,49.999999999999964,49.999999999999964,49.999999999999986,49.99999999999999,49.99999999999997,49.999999999999986,49.99999999999997,49.99999999999998,49.999999999999964,nan,nan,nan,nan,nan,nan,nan,49.999999999999986
44280.0,49.999999999999986,49.99999999999997,49.99999999999999,49.999999999999986,50.00000000000001,50.000000000000014,49.99999999999998,49.99999999999999,49.99999999999997,49.999999999999986,50.00000000000001,49.999999999999986,49.999999999999986,nan,nan,nan,nan,nan,nan,nan,49.999999999999986
44340.0,49.999999999999986,49.99999999999999,49.99999999999998,50.000000000000014,50.0,49.99999999999995,50.00000000000003,49.99999999999999,49.999999999999986,49.99999999999999,50.00000000000002,49.999999999999986,50.00000000000001,nan,nan,nan,nan,nan,nan,nan,49.999999999999986
44400.0,49.999999999999986,49.99999999999997,50.0,49.999999999999964,49.99999999999999,50.0,50.0,49.99999999999999,49.99999999999997,49.99999999999997,49.999999999999986,49.99999999999997,49.99999999999999,nan,nan,nan,nan,nan,nan,nan,49.999999999999986
44460.0,49.999999999999986,49.999999999999986,49.99999999999998,49.99999999999999,50.0,49.99999999999997,50.0,49.999999999999986,49.999999999999986,49.99999999999997,49.99999999999997,49.99999999999998,49.99999999999995,nan,nan,nan,nan,nan,nan,nan,49.999999999999986
44520.0,49.999999999999986,49.999999999999986,49.99999999999999,49.999999999999986,49.99999999999996,49.99999999999995,50.0,50.0,50.0,49.99999999999998,50.00000000000003,49.99999999999999,50.0,nan,nan,nan,nan,nan,nan,nan,49.999999999999986
44580.0,49.999999999999986,49.99999999999997,49.99999999999997,49.99999999999998,49.99999999999999,50.0,49.99999999999995,49.99999999999998,50.0,50.0,50.000000000000014,49.99999999999999,49.99999999999997,nan,nan,nan,nan,nan,nan,nan,49.999999999999986
44640.0,49.999999999999986,49.999999999999964,49.999999999999986,49.99999999999996,50.00000000000001,50.0,49.99999999999997,49.99999999999997,49.999999999999986,49.99999999999998,50.00000000000001,50.0,49.999999999999986,nan,nan,nan,nan,nan,nan,nan,49.999999999999986
44700.0,49.999999999999986,50.0,49.999999999999986,49.99999999999997,49.99999999999998,49.99999999999999,49.99999999999999,50.0,49.99999999999998,49.99999999999999,49.99999999999999,49.99999999999999,49.99999999999997,nan,nan,nan,nan,nan,nan,nan,49.999999999999986
44760.0,49.999999999999986,49.999999999999964,49.999999999999986,49.999999999999986,50.0,50.0,49.99999999999998,49.99999999999997,49.99999999999999,49.999999999999986,50.0,50.000000000000014,49.99999999999997,nan,nan,nan,nan,nan,nan,nan,49.999999999999986
44820.0,49.999999999999986,49.99999999999999,49.99999999999998,49.99999999999997,49.99999999999999,49.99999999999998,49.999999999999986,49.99999999999998,50.000000000000014,49.99999999999999,50.0,50.00000000000001,49.999999999999986,nan,nan,nan,nan,nan,nan,nan,49.999999999999986
44880.0,49.999999999999986,49.999999999999986,50.0,49.999999999999986,49.99999999999999,49.99999999999999,49.99999999999996,49.99999999999997,49.99999999999999,49.999999999999964,49.99999999999999,49.999999999999986,50.0,nan,nan,nan,nan,nan,nan,nan,49.999999999999986
44940.0,49.999999999999986,50.00000000000002,49.99999999999999,50.000000000000014,49.99999999999995,49.99999999999997,49.999999999999986,49.999999999999986,49.999999999999964,49.99999999999998,50.000000000000014,49.999999999999986,49.99999999999998,nan,nan,nan,nan,nan,nan,nan,49.999999999999986
45000.0,49.999999999999986,49.999999999999986,50.0,49.99999999999996,49.99999999999999,49.999999999999986,49.99999999999999,49.99999999999999,49.999999999999986,49.999999999999986,49.99999999999998,49.999999999999986,49.99999999999999,nan,nan,nan,nan,nan,nan,nan,49.999999999999986
45060.0,49.999999999999986,50.00000000000001,49.99999999999999,49.99999999999996,49.999999999999986,50.0,50.0,49.99999999999999,49.99999999999998,49.99999999999998,50.00000000000003,50.0,50.0,nan,nan,nan,nan,nan,nan,nan,49.999999999999986
45120.0,49.999999999999986,49.999999999999986,49.99999999999999,49.99999999999999,49.99999999999998,49.99999999999997,50.00000000000001,49.99999999999998,49.999999999999986,49.99999999999997,50.0,50.0,49.99999999999997,nan,nan,nan,nan,nan,nan,nan,49.999999999999986
45180.0,49.999999999999986,49.999999999999986,50.00000000000001,49.999999999999986,50.0,49.99999999999998,49.999999999999964,50.00000000000001,50.00000000000001,49.99999999999998,49.99999999999998,50.0,50.0,nan,nan,nan,nan,nan,nan,nan,49.999999999999986
45240.0,49.999999999999986,50.000000000000014,49.99999999999997,50.00000000000001,49.999999999999986,49.999999999999986,50.0,49.99999999999997,49.99999999999999,49.99999999999999,50.000000000000036,49.999999999999986,49.99999999999999,nan,nan,nan,nan,nan,nan,nan,49.999999999999986
45300.0,49.999999999999986,49.99999999999998,49.99999999999999,49.99999999999998,49.99999999999997,49.99999999999999,49.99999999999997,49.99999999999997,49.999999999999986,49.99999999999999,49.99999999999998,49.99999999999999,49.99999999999999,nan,nan,nan,nan,nan,nan,nan,49.999999999999986
45360.0,49.999999999999986,49.99999999999999,49.99999999999999,49.999999999999986,49.99999999999998,49.999999999999986,50.00000000000001,49.99999999999999,49.999999999999986,50.0,50.000000000000014,49.99999999999998,49.99999999999997,nan,nan,nan,nan,nan,nan,nan,49.999999999999986
45420.0,49.999999999999986,49.99999999999999,49.99999999999998,49.99999999999995,50.00000000000001,49.99999999999995,49.99999999999996,50.0,49.99999999999998,49.99999999999999,50.00000000000001,50.00000000000001,49.99999999999999,nan,nan,nan,nan,nan,nan,nan,49.999999999999986
45480.0,49.999999999999986,49.99999999999999,49.99999999999997,49.99999999999997,50.0,49.999999999999964,49.999999999999964,50.0,49.99999999999998,49.999999999999986,49.99999999999998,50.00000000000001,49.99999999999996,nan,nan,nan,nan,nan,nan,nan,49.999999999999986
45540.0,49.999999999999986,49.99999999999999,49.99999999999998,49.99999999999998,49.99999999999998,50.0,50.00000000000003,50.0,50.00000000000001,49.99999999999998,49.99999999999999,50.0,49.99999999999997,nan,nan,nan,nan,nan,nan,nan,49.999999999999986
45600.0,49.999999999999986,49.99999999999999,49.999999999999986,49.999999999999986,50.000000000000014,50.0,49.99999999999999,49.99999999999999,49.999999999999986,50.0,49.99999999999999,49.99999999999999,49.999999999999986,nan,nan,nan,nan,nan,nan,nan,49.999999999999986
45660.0,49.999999999999986,50.00000000000001,50.0,49.99999999999998,49.99999999999998,49.99999999999997,50.00000000000001,49.99999999999999,49.99999999999995,49.99999999999998,49.99999999999998,49.999999999999986,49.99999999999997,nan,nan,nan,nan,nan,nan,nan,49.999999999999986
45720.0,49.999999999999986,49.999999999999986,49.99999999999998,49.99999999999997,49.99999999999998,49.99999999999998,49.99999999999999,49.99999999999999,49.99999999999999,50.00000000000001,49.99999999999997,49.99999999999998,50.00000000000001,nan,nan,nan,nan,nan,nan,nan,49.99999999999999
45780.0,49.999999999999986,50.00000000000001,49.99999999999997,50.0,49.99999999999997,49.999999999999986,49.99999999999998,49.999999999999986,49.999999999999986,50.000000000000014,50.00000000000001,49.99999999999998,49.999999999999986,nan,nan,nan,nan,nan,nan,nan,49.999999999999986
45840.0,49.999999999999986,49.99999999999995,50.00000000000001,49.99999999999999,49.99999999999998,49.99999999999997,49.99999999999998,49.99999999999998,49.99999999999999,49.999999999999986,49.99999999999999,49.99999999999999,49.999999999999986,nan,nan,nan,nan,nan,nan,nan,49.999999999999986
45900.0,49.999999999999986,49.99999999999997,49.99999999999997,49.99999999999997,49.99999999999997,50.000000000000014,49.99999999999998,49.99999999999998,49.99999999999997,49.999999999999986,49.999999999999986,49.999999999999986,49.999999999999986,nan,nan,nan,nan,nan,nan,nan,49.999999999999986
45960.0,49.999999999999986,49.99999999999999,49.99999999999998,49.99999999999997,50.00000000000002,49.999999999999986,49.99999999999998,49.999999999999964,50.00000000000001,49.999999999999986,49.999999999999986,49.99999999999999,49.999999999999964,nan,nan,nan,nan,nan,nan,nan,49.999999999999986
46020.0,49.999999999999986,50.00000000000002,49.99999999999997,50.00000000000001,49.99999999999997,50.0,49.99999999999998,50.0,49.99999999999998,49.99999999999997,49.99999999999996,50.0,49.999999999999986,nan,nan,nan,nan,nan,nan,nan,49.999999999999986
46080.0,49.999999999999986,49.99999999999999,49.99999999999997,49.99999999999997,49.999999999999986,50.0,49.999999999999986,49.99999999999997,50.0,49.99999999999999,50.0,50.00000000000001,49.99999999999998,nan,nan,nan,nan,nan,nan,nan,49.99999999999999
46140.0,49.999999999999986,50.0,49.99999999999999,49.99999999999998,49.99999999999999,49.99999999999998,50.00000000000001,49.99999999999998,49.999999999999986,49.99999999999999,50.0,50.0,49.999999999999986,nan,nan,nan,nan,nan,nan,nan,49.99999999999999
46200.0,49.999999999999986,49.99999999999999,50.00000000000002,50.0,49.99999999999999,50.00000000000001,49.999999999999964,50.0,50.0,49.99999999999999,49.999999999999986,49.99999999999998,50.0,nan,nan,nan,nan,nan,nan,nan,49.99999999999999
46260.0,49.999999999999986,50.0,50.0,50.00000000000002,49.99999999999998,49.99999999999999,50.0,49.99999999999999,49.99999999999998,50.0,50.0,49.999999999999986,49.99999999999998,nan,nan,nan,nan,nan,nan,nan,49.99999999999999
46320.0,49.999999999999986,49.99999999999998,49.99999999999997,50.0,49.99999999999999,49.999999999999986,49.999999999999964,49.99999999999999,50.0,49.99999999999998,50.0,50.0,50.0,nan,nan,nan,nan,nan,nan,nan,49.99999999999999
46380.0,49.999999999999986,49.99999999999999,49.999999999999986,49.999999999999986,49.99999999999997,50.0,49.999999999999986,49.999999999999986,49.99999999999999,49.99999999999996,49.99999999999998,49.99999999999996,50.0,nan,nan,nan,nan,nan,nan,nan,49.999999999999986
46440.0,49.999999999999986,50.00000000000002,49.99999999999997,49.99999999999997,49.999999999999964,49.999999999999986,49.999999999999986,49.99999999999997,49.999999999999986,49.99999999999999,50.00000000000001,49.99999999999997,50.0,nan,nan,nan,nan,nan,nan,nan,49.999999999999986
46500.0,49.999999999999986,49.99999999999999,49.99999999999998,49.999999999999964,49.99999999999998,49.99999999999997,49.999999999999986,49.999999999999986,49.99999999999999,49.99999999999999,50.00000000000001,50.0,49.999999999999964,nan,nan,nan,nan,nan,nan,nan,49.99999999999999
46560.0,49.999999999999986,50.00000000000003,49.999999999999964,49.99999999999999,50.00000000000001,49.99999999999997,49.999999999999986,50.0,50.00000000000001,49.99999999999997,49.99999999999994,49.99999999999997,49.999999999999986,nan,nan,nan,nan,nan,nan,nan,49.99999999999999
46620.0,49.999999999999986,49.99999999999998,49.99999999999998,49.99999999999999,49.99999999999997,50.0,49.99999999999999,50.0,49.99999999999999,50.00000000000001,49.999999999999986,49.99999999999999,49.999999999999986,nan,nan,nan,nan,nan,nan,nan,49.99999999999999
46680.0,49.999999999999986,49.99999999999999,49.99999999999997,49.99999999999999,49.99999999999999,49.99999999999998,50.0,49.99999999999998,49.999999999999986,50.0,49.99999999999998,49.999999999999986,49.99999999999999,nan,nan,nan,nan,nan,nan,nan,49.99999999999999
46740.0,49.999999999999986,49.99999999999999,49.999999999999964,49.99999999999994,49.99999999999999,49.99999999999997,49.99999999999998,49.999999999999986,49.99999999999995,49.999999999999986,49.99999999999997,49.999999999999964,50.0,nan,nan,nan,nan,nan,nan,nan,49.99999999999999
46800.0,49.999999999999986,50.00000000000001,50.0,49.999999999999986,49.99999999999999,49.99999999999999,49.99999999999999,49.999999999999986,49.99999999999997,49.99999999999999,50.0,50.00000000000001,49.99999999999997,nan,nan,nan,nan,nan,nan,nan,49.99999999999999
46860.0,49.999999999999986,49.99999999999999,50.00000000000003,49.999999999999964,49.99999999999998,49.99999999999997,49.999999999999964,49.99999999999998,49.99999999999998,49.99999999999998,49.99999999999999,49.999999999999986,49.99999999999999,nan,nan,nan,nan,nan,nan,nan,49.99999999999999
46920.0,49.999999999999986,49.99999999999999,49.99999999999997,49.99999999999998,49.99999999999999,50.0,49.99999999999999,49.99999999999998,50.0,49.99999999999998,49.99999999999998,49.99999999999998,50.0,nan,nan,nan,nan,nan,nan,nan,49.99999999999999
46980.0,49.999999999999986,50.00000000000002,49.99999999999997,49.99999999999997,50.0,49.99999999999998,49.99999999999998,49.99999999999999,50.00000000000001,49.99999999999998,49.999999999999986,49.99999999999997,49.99999999999998,nan,nan,nan,nan,nan,nan,nan,49.99999999999999
47040.0,49.999999999999986,49.999999999999986,49.99999999999997,49.99999999999999,49.99999999999999,49.99999999999999,49.99999999999999,49.99999999999998,49.99999999999998,49.99999999999998,50.0,50.000000000000014,50.000000000000014,nan,nan,nan,nan,nan,nan,nan,49.99999999999999
47100.0,49.999999999999986,49.99999999999999,49.99999999999999,50.000000000000014,49.999999999999986,50.000000000000014,49.99999999999999,49.99999999999999,49.999999999999964,49.99999999999999,50.00000000000004,49.999999999999986,49.99999999999999,nan,nan,nan,nan,nan,nan,nan,49.99999999999999
47160.0,49.999999999999986,49.999999999999964,50.00000000000001,49.99999999999999,49.99999999999999,50.0,49.999999999999986,49.99999999999999,50.0,49.99999999999998,50.0,49.99999999999999,49.999999999999986,nan,nan,nan,nan,nan,nan,nan,49.99999999999999
47220.0,49.999999999999986,50.0,49.999999999999986,49.99999999999997,50.00000000000001,49.99999999999998,49.99999999999999,49.999999999999986,49.999999999999986,49.99999999999999,49.99999999999996,49.999999999999986,49.99999999999999,nan,nan,nan,nan,nan,nan,nan,49.99999999999999
47280.0,49.999999999999986,49.99999999999997,50.0,50.00000000000001,49.99999999999997,49.999999999999964,49.999999999999964,49.999999999999986,50.000000000000014,50.00000000000001,49.99999999999998,49.99999999999999,49.99999999999998,nan,nan,nan,nan,nan,nan,nan,49.99999999999999
47340.0,49.99999999999999,49.99999999999997,49.999999999999986,49.99999999999999,49.99999999999997,49.999999999999964,50.000000000000014,49.99999999999996,49.999999999999986,49.999999999999986,50.00000000000001,49.999999999999986,50.00000000000001,nan,nan,nan,nan,nan,nan,nan,49.99999999999999
47400.0,49.999999999999986,49.99999999999998,49.99999999999998,49.999999999999986,49.999999999999986,50.0,49.99999999999998,49.99999999999999,49.99999999999999,49.99999999999999,49.999999999999986,49.999999999999986,50.00000000000001,nan,nan,nan,nan,nan,nan,nan,49.99999999999999
47460.0,49.99999999999999,50.000000000000014,49.999999999999986,49.99999999999999,50.00000000000001,49.99999999999997,49.99999999999997,50.0,50.00000000000001,50.0,49.99999999999998,49.999999999999986,50.00000000000001,nan,nan,nan,nan,nan,nan,nan,49.99999999999999
47520.0,49.999999999999986,49.99999999999995,49.99999999999999,49.99999999999997,50.00000000000002,50.00000000000001,49.99999999999999,49.999999999999986,50.0,49.99999999999999,49.99999999999999,50.000000000000014,49.99999999999998,nan,nan,nan,nan,nan,nan,nan,49.99999999999999
47580.0,49.999999999999986,49.99999999999999,49.99999999999998,49.99999999999999,49.999999999999986,49.99999999999999,50.000000000000014,50.0,49.99999999999999,49.99999999999998,49.999999999999986,49.999999999999986,50.00000000000001,nan,nan,nan,nan,nan,nan,nan,49.99999999999999
47640.0,49.99999999999999,50.0,50.0,50.0,49.999999999999986,49.99999999999997,49.999999999999986,50.0,50.0,50.00000000000001,49.999999999999986,49.99999999999999,49.99999999999999,nan,nan,nan,nan,nan,nan,nan,49.99999999999999
47700.0,49.99999999999999,50.0,50.0,49.99999999999999,50.00000000000001,49.99999999999998,49.999999999999986,49.999999999999986,50.000000000000014,50.0,49.999999999999986,49.999999999999964,50.0,nan,nan,nan,nan,nan,nan,nan,49.99999999999999
47760.0,49.99999999999999,49.99999999999999,49.99999999999998,50.000000000000014,49.99999999999999,49.999999999999986,49.99999999999997,49.99999999999999,50.0,50.000000000000014,49.99999999999997,50.0,49.99999999999997,nan,nan,nan,nan,nan,nan,nan,49.99999999999999
47820.0,49.99999999999999,50.00000000000001,50.0,49.999999999999964,50.00000000000002,49.999999999999964,50.00000000000001,49.99999999999998,49.999999999999986,49.99999999999998,50.0,50.0,49.99999999999999,nan,nan,nan,nan,nan,nan,nan,49.99999999999999
47880.0,49.99999999999999,49.99999999999999,49.999999999999986,49.999999999999986,49.99999999999999,50.0,50.00000000000001,50.00000000000001,50.000000000000014,49.99999999999999,49.99999999999998,49.999999999999986,50.00000000000001,nan,nan,nan,nan,nan,nan,nan,49.99999999999999
47940.0,49.99999999999999,49.999999999999964,49.99999999999999,50.00000000000003,50.0,49.999999999999986,49.999999999999964,49.999999999999986,50.00000000000001,49.99999999999998,50.0,49.99999999999999,49.99999999999999,nan,nan,nan,nan,nan,nan,nan,49.99999999999999
48000.0,49.99999999999999,50.0,49.99999999999998,50.00000000000001,49.999999999999986,49.99999999999995,49.999999999999986,49.999999999999986,49.99999999999999,49.999999999999986,50.000000000000014,50.0,49.99999999999999,nan,nan,nan,nan,nan,nan,nan,49.99999999999999
48060.0,49.99999999999999,49.99999999999999,50.00000000000001,49.999999999999986,50.0,49.99999999999999,49.999999999999986,50.0,50.0,49.99999999999998,50.00000000000001,50.0,49.99999999999999,nan,nan,nan,nan,nan,nan,nan,49.99999999999999
48120.0,49.99999999999999,49.999999999999986,50.00000000000001,49.99999999999998,50.00000000000001,49.99999999999996,50.000000000000014,49.99999999999999,50.000000000000014,49.999999999999964,50.0,49.99999999999999,49.99999999999998,nan,nan,nan,nan,nan,nan,nan,49.99999999999999
48180.0,49.99999999999999,50.00000000000001,49.99999999999999,50.0,50.0,49.99999999999999,49.99999999999998,49.99999999999999,49.99999999999999,49.99999999999999,50.00000000000003,50.00000000000001,50.00000000000002,nan,nan,nan,nan,nan,nan,nan,49.99999999999999
48240.0,49.99999999999999,49.999999999999986,49.99999999999999,49.99999999999998,49.999999999999986,49.999999999999986,49.999999999999986,50.00000000000001,50.000000000000014,49.99999999999995,50.00000000000001,49.99999999999999,49.999999999999986,nan,nan,nan,nan,nan,nan,nan,49.99999999999999
48300.0,49.99999999999999,49.99999999999999,49.999999999999986,50.0,49.99999999999999,49.99999999999999,49.99999999999999,49.99999999999999,50.00000000000001,49.999999999999986,49.99999999999998,50.0,50.00000000000001,nan,nan,nan,nan,nan,nan,nan,49.99999999999999
48360.0,49.99999999999999,49.99999999999998,49.99999999999998,50.0,49.99999999999999,50.0,49.99999999999998,49.999999999999986,49.99999999999999,49.99999999999997,49.999999999999964,49.999999999999964,49.99999999999998,nan,nan,nan,nan,nan,nan,nan,49.99999999999999
48420.0,49.99999999999999,49.999999999999986,49.999999999999964,49.999999999999986,50.000000000000014,49.99999999999998,50.0,50.0,49.99999999999997,50.0,49.99999999999998,49.99999999999999,49.999999999999964,nan,nan,nan,nan,nan,nan,nan,49.99999999999999
48480.0,49.99999999999999,49.99999999999998,49.99999999999999,50.000000000000014,50.00000000000001,49.99999999999999,49.99999999999999,50.00000000000001,49.999999999999986,49.99999999999998,49.99999999999999,49.999999999999986,50.00000000000001,nan,nan,nan,nan,nan,nan,nan,49.99999999999999
48540.0,49.99999999999999,50.00000000000001,49.99999999999999,50.00000000000001,50.0,50.000000000000014,49.99999999999999,50.00000000000002,49.99999999999998,50.00000000000001,49.99999999999998,49.999999999999986,50.00000000000001,nan,nan,nan,nan,nan,nan,nan,49.99999999999999
48600.0,49.99999999999999,49.999999999999986,50.0,49.99999999999999,49.99999999999999,49.99999999999995,50.00000000000002,49.99999999999998,49.999999999999986,49.99999999999999,49.99999999999997,50.0,49.99999999999999,nan,nan,nan,nan,nan,nan,nan,49.99999999999999
48660.0,49.99999999999999,50.0,50.00000000000001,49.99999999999996,50.0,50.000000000000014,50.0,50.000000000000014,50.0,49.999999999999986,50.0,49.99999999999999,49.99999999999999,nan,nan,nan,nan,nan,nan,nan,49.99999999999999
48720.0,49.99999999999999,50.00000000000001,50.0,49.999999999999986,49.99999999999997,49.999999999999986,49.99999999999998,50.00000000000001,50.000000000000014,49.99999999999997,49.99999999999998,50.0,49.99999999999999,nan,nan,nan,nan,nan,nan,nan,49.99999999999999
48780.0,49.99999999999999,49.99999999999999,50.00000000000001,49.999999999999986,49.99999999999998,50.00000000000001,49.999999999999986,49.99999999999998,50.00000000000002,49.99999999999998,49.99999999999998,49.999999999999986,49.99999999999997,nan,nan,nan,nan,nan,nan,nan,49.99999999999999
48840.0,49.99999999999999,50.0,49.99999999999998,49.99999999999999,49.99999999999999,49.99999999999998,49.99999999999997,49.99999999999998,49.99999999999998,49.99999999999999,49.99999999999998,49.99999999999998,50.0,nan,nan,nan,nan,nan,nan,nan,49.99999999999999
48900.0,49.99999999999999,50.000000000000014,49.999999999999986,50.0,49.999999999999964,50.00000000000001,49.999999999999986,49.999999999999964,49.99999999999997,50.000000000000014,49.999999999999986,50.0,49.99999999999997,nan,nan,nan,nan,nan,nan,nan,49.99999999999999
48960.0,49.99999999999999,50.0,49.99999999999999,50.00000000000002,50.0,49.999999999999986,49.99999999999999,49.99999999999999,49.99999999999997,49.999999999999986,49.999999999999986,50.00000000000001,50.000000000000014,nan,nan,nan,nan,nan,nan,nan,49.99999999999999
49020.0,49.99999999999999,49.99999999999999,49.99999999999998,49.99999999999999,49.99999999999999,49.99999999999999,49.999999999999986,50.00000000000001,49.99999999999998,49.99999999999996,49.99999999999997,49.999999999999986,49.99999999999998,nan,nan,nan,nan,nan,nan,nan,49.99999999999999
49080.0,49.99999999999999,49.999999999999964,50.0,49.99999999999995,50.000000000000014,49.99999999999999,49.99999999999999,50.0,49.99999999999997,50.0,49.99999999999998,49.99999999999999,50.0,nan,nan,nan,nan,nan,nan,nan,49.99999999999999
49140.0,49.99999999999999,49.99999999999999,50.00000000000002,50.00000000000001,50.0,49.99999999999997,49.999999999999986,49.99999999999999,50.0,49.99999999999997,50.00000000000001,49.99999999999999,49.999999999999986,nan,nan,nan,nan,nan,nan,nan,49.99999999999999
49200.0,49.99999999999999,49.999999999999964,49.99999999999999,49.99999999999999,49.99999999999998,50.00000000000002,49.999999999999964,49.99999999999998,49.99999999999997,50.00000000000001,50.000000000000014,50.000000000000014,49.999999999999986,nan,nan,nan,nan,nan,nan,nan,49.99999999999999
49260.0,49.99999999999999,50.00000000000004,49.99999999999999,50.000000000000014,50.0,49.999999999999986,50.0,49.99999999999999,49.999999999999986,50.0,50.00000000000001,50.0,50.0,nan,nan,nan,nan,nan,nan,nan,49.99999999999999
49320.0,49.99999999999999,50.00000000000002,49.99999999999998,50.00000000000001,50.0,49.99999999999998,49.99999999999999,50.00000000000001,49.99999999999997,49.99999999999999,49.999999999999986,49.99999999999999,49.999999999999986,nan,nan,nan,nan,nan,nan,nan,49.99999999999999
49380.0,49.99999999999999,50.0,50.00000000000001,49.99999999999999,49.99999999999999,49.999999999999986,50.00000000000001,49.999999999999986,50.0,49.99999999999999,49.999999999999986,49.999999999999986,49.99999999999999,nan,nan,nan,nan,nan,nan,nan,49.99999999999999
49440.0,49.99999999999999,49.999999999999986,49.99999999999995,49.999999999999986,49.99999999999997,49.99999999999999,50.0,50.0,49.99999999999997,49.99999999999998,50.0,50.0,49.99999999999997,nan,nan,nan,nan,nan,nan,nan,49.99999999999999
49500.0,49.99999999999999,50.000000000000014,49.999999999999986,50.00000000000003,49.999999999999986,49.99999999999999,49.999999999999986,49.99999999999999,49.99999999999999,49.99999999999999,50.000000000000014,50.00000000000001,50.0,nan,nan,nan,nan,nan,nan,nan,49.99999999999999
49560.0,49.99999999999999,50.00000000000001,50.0,49.99999999999999,50.0,50.000000000000014,50.000000000000036,49.999999999999986,49.99999999999998,49.99999999999999,49.99999999999998,49.99999999999999,50.00000000000001,nan,nan,nan,nan,nan,nan,nan,49.99999999999999
49620.0,49.99999999999999,50.00000000000002,49.999999999999986,49.99999999999998,49.999999999999986,49.99999999999998,49.99999999999997,49.99999999999997,50.000000000000014,49.999999999999986,49.999999999999986,49.99999999999999,49.999999999999986,nan,nan,nan,nan,nan,nan,nan,49.99999999999999
49680.0,49.99999999999999,50.00000000000001,50.00000000000001,49.99999999999998,49.999999999999986,49.99999999999997,50.00000000000002,49.99999999999998,50.000000000000014,49.99999999999997,49.99999999999998,49.99999999999998,49.999999999999986,nan,nan,nan,nan,nan,nan,nan,49.99999999999999
49740.0,49.99999999999999,50.000000000000014,49.99999999999999,49.99999999999999,49.99999999999999,49.999999999999986,49.99999999999999,50.00000000000001,50.000000000000036,49.99999999999998,49.99999999999998,50.000000000000014,50.00000000000001,nan,nan,nan,nan,nan,nan,nan,49.99999999999999
49800.0,49.99999999999999,49.999999999999986,50.00000000000001,49.99999999999998,50.0,49.99999999999996,50.0,49.999999999999986,50.0,49.999999999999986,50.0,49.99999999999999,50.00000000000001,nan,nan,nan,nan,nan,nan,nan,49.99999999999999
49860.0,49.99999999999999,49.99999999999999,50.0,50.00000000000002,49.99999999999998,49.999999999999986,50.000000000000014,49.99999999999999,49.999999999999986,49.999999999999986,49.99999999999998,49.99999999999999,50.000000000000014,nan,nan,nan,nan,nan,nan,nan,49.99999999999999
49920.0,49.99999999999999,49.999999999999986,50.00000000000001,49.99999999999999,50.0,50.00000000000002,49.99999999999998,49.99999999999999,50.00000000000001,49.99999999999999,49.999999999999986,50.0,49.999999999999986,nan,nan,nan,nan,nan,nan,nan,49.99999999999999
49980.0,49.99999999999999,50.0,50.00000000000001,49.999999999999986,50.00000000000003,49.99999999999998,49.999999999999986,50.0,49.99999999999997,49.99999999999997,49.999999999999986,49.99999999999999,49.99999999999998,nan,nan,nan,nan,nan,nan,nan,49.99999999999999
50040.0,49.99999999999999,49.999999999999986,49.99999999999999,49.99999999999999,50.0,49.99999999999999,50.0,49.99999999999999,49.999999999999986,49.99999999999999,50.00000000000003,50.0,49.99999999999998,nan,nan,nan,nan,nan,nan,nan,49.99999999999999
50100.0,49.99999999999999,49.99999999999996,49.99999999999999,49.99999999999998,49.99999999999999,50.0,49.99999999999999,50.0,49.99999999999998,50.00000000000001,50.00000000000001,49.99999999999998,49.99999999999999,nan,nan,nan,nan,nan,nan,nan,49.99999999999999
50160.0,49.99999999999999,50.00000000000002,50.0,49.99999999999999,49.999999999999986,49.99999999999999,49.99999999999998,49.99999999999997,50.00000000000004,49.99999999999999,50.0,49.999999999999986,50.0,nan,nan,nan,nan,nan,nan,nan,49.99999999999999
50220.0,49.99999999999999,50.000000000000014,49.99999999999998,49.99999999999997,50.0,49.99999999999998,50.00000000000001,49.99999999999998,50.0,50.0,49.99999999999998,49.99999999999999,49.999999999999986,nan,nan,nan,nan,nan,nan,nan,49.99999999999999
50280.0,49.99999999999999,50.00000000000003,50.0,49.99999999999999,50.000000000000014,50.000000000000014,49.99999999999998,49.99999999999998,49.99999999999999,50.00000000000001,49.99999999999998,49.99999999999999,49.99999999999997,nan,nan,nan,nan,nan,nan,nan,49.99999999999999
50340.0,49.99999999999999,49.99999999999998,50.0,50.00000000000001,49.99999999999999,49.99999999999999,49.99999999999998,49.999999999999986,50.000000000000014,50.00000000000001,50.00000000000001,49.99999999999999,49.99999999999999,nan,nan,nan,nan,nan,nan,nan,49.99999999999999
50400.0,49.99999999999999,49.99999999999999,49.99999999999999,50.00000000000003,49.99999999999997,49.99999999999998,49.99999999999998,49.999999999999986,50.000000000000014,50.00000000000001,50.00000000000001,49.99999999999999,50.0,nan,nan,nan,nan,nan,nan,nan,49.99999999999999
50460.0,49.99999999999999,49.99999999999999,50.0,50.00000000000002,50.0,49.999999999999986,49.99999999999998,50.00000000000001,50.0,49.999999999999986,49.999999999999986,49.99999999999999,49.99999999999998,nan,nan,nan,nan,nan,nan,nan,49.99999999999999
50520.0,49.99999999999999,49.99999999999999,50.000000000000014,49.999999999999986,49.99999999999999,49.99999999999996,49.99999999999999,49.99999999999998,49.99999999999998,49.99999999999999,50.0,49.99999999999999,49.999999999999986,nan,nan,nan,nan,nan,nan,nan,49.99999999999999
50580.0,49.99999999999999,50.0,49.99999999999998,50.00000000000001,49.99999999999999,49.999999999999986,50.00000000000001,49.99999999999999,50.00000000000002,50.00000000000002,49.99999999999999,50.0,50.0,nan,nan,nan,nan,nan,nan,nan,49.99999999999999
50640.0,49.99999999999999,49.99999999999998,49.99999999999996,49.999999999999986,50.0,50.00000000000002,49.999999999999986,50.0,49.99999999999999,49.999999999999986,49.99999999999996,50.0,49.99999999999999,nan,nan,nan,nan,nan,nan,nan,49.99999999999999
50700.0,49.99999999999999,49.999999999999986,49.99999999999999,49.99999999999999,49.99999999999998,49.99999999999999,50.000000000000014,49.99999999999998,49.999999999999986,50.0,50.00000000000001,50.00000000000001,50.00000000000002,nan,nan,nan,nan,nan,nan,nan,49.99999999999999
50760.0,49.99999999999999,49.99999999999999,49.999999999999986,49.99999999999998,50.0,49.99999999999999,50.00000000000002,49.999999999999986,49.99999999999998,50.00000000000001,50.000000000000014,49.99999999999998,49.99999999999998,nan,nan,nan,nan,nan,nan,nan,49.99999999999999
50820.0,49.99999999999999,50.00000000000001,49.999999999999986,49.99999999999999,49.99999999999999,50.000000000000014,50.0,49.999999999999986,49.999999999999986,49.99999999999997,49.99999999999998,50.000000000000014,49.99999999999999,nan,nan,nan,nan,nan,nan,nan,49.99999999999999
50880.0,49.99999999999999,49.999999999999986,49.99999999999997,49.999999999999986,49.99999999999997,49.99999999999997,49.99999999999998,50.000000000000014,50.0,50.0,49.999999999999986,50.0,50.0,nan,nan,nan,nan,nan,nan,nan,49.99999999999999
50940.0,49.99999999999999,49.99999999999999,50.0,49.99999999999996,49.999999999999986,49.999999999999986,50.000000000000014,50.00000000000001,50.0,49.99999999999999,49.999999999999986,50.00000000000001,49.99999999999998,nan,nan,nan,nan,nan,nan,nan,49.99999999999999
51000.0,49.99999999999999,50.0,49.99999999999999,50.0,49.999999999999986,49.999999999999986,50.00000000000001,49.99999999999997,49.99999999999998,49.99999999999998,49.99999999999999,49.99999999999998,49.999999999999986,nan,nan,nan,nan,nan,nan,nan,49.99999999999999
51060.0,49.99999999999999,49.99999999999998,49.99999999999998,49.999999999999986,50.0,49.999999999999986,49.99999999999998,49.99999999999999,50.00000000000001,50.0,49.999999999999986,50.0,49.99999999999998,nan,nan,nan,nan,nan,nan,nan,49.99999999999999
51120.0,49.99999999999999,49.999999999999986,49.99999999999998,50.000000000000014,50.00000000000001,50.000000000000014,50.000000000000014,49.999999999999986,50.00000000000001,49.99999999999997,49.99999999999998,49.99999999999999,49.999999999999986,nan,nan,nan,nan,nan,nan,nan,49.99999999999999
51180.0,49.99999999999999,49.99999999999999,49.99999999999999,50.0,50.00000000000002,49.99999999999999,49.99999999999997,49.99999999999997,50.0,49.99999999999999,49.99999999999999,49.999999999999986,49.99999999999999,nan,nan,nan,nan,nan,nan,nan,49.99999999999999
51240.0,49.99999999999999,49.999999999999986,50.00000000000002,49.999999999999986,50.000000000000014,49.99999999999995,49.99999999999999,49.999999999999986,49.999999999999964,49.99999999999999,50.00000000000001,50.0,49.99999999999998,nan,nan,nan,nan,nan,nan,nan,49.99999999999999
51300.0,49.99999999999999,50.0,50.0,49.999999999999964,49.99999999999999,49.999999999999986,49.999999999999986,49.99999999999997,49.999999999999986,49.999999999999964,49.999999999999964,50.0,49.999999999999986,nan,nan,nan,nan,nan,nan,nan,49.99999999999999
51360.0,49.99999999999999,50.0,49.99999999999995,49.99999999999999,50.00000000000001,49.999999999999986,49.999999999999964,49.99999999999999,49.99999999999997,50.0,49.99999999999999,49.99999999999999,49.99999999999997,nan,nan,nan,nan,nan,nan,nan,49.99999999999999
51420.0,49.99999999999999,50.000000000000014,50.00000000000003,49.99999999999998,49.999999999999964,49.99999999999999,49.99999999999999,49.99999999999999,49.99999999999998,50.0,50.000000000000014,49.99999999999999,49.999999999999986,nan,nan,nan,nan,nan,nan,nan,49.99999999999999
51480.0,49.99999999999999,50.000000000000014,49.99999999999998,49.99999999999999,50.000000000000014,50.000000000000014,50.0,50.00000000000002,49.999999999999964,49.99999999999997,50.0,49.999999999999986,49.99999999999999,nan,nan,nan,nan,nan,nan,nan,49.99999999999999
51540.0,49.99999999999999,49.99999999999999,49.99999999999998,50.000000000000014,49.99999999999999,50.00000000000002,49.999999999999964,50.0,50.0,50.0,49.999999999999986,49.99999999999999,49.999999999999986,nan,nan,nan,nan,nan,nan,nan,49.99999999999999
51600.0,49.99999999999999,49.99999999999999,49.99999999999999,49.99999999999998,49.99999999999997,49.99999999999998,49.99999999999999,49.999999999999986,49.999999999999986,49.999999999999986,50.00000000000002,49.99999999999999,49.99999999999999,nan,nan,nan,nan,nan,nan,nan,49.99999999999999
51660.0,49.99999999999999,49.999999999999964,49.999999999999986,50.0,50.0,50.0,50.00000000000001,50.000000000000014,49.999999999999986,49.99999999999999,49.99999999999999,50.00000000000001,49.99999999999999,nan,nan,nan,nan,nan,nan,nan,49.99999999999999
51720.0,49.99999999999999,49.99999999999997,50.0,49.999999999999986,50.000000000000014,49.999999999999986,49.999999999999986,50.0,49.99999999999999,50.00000000000001,49.99999999999999,50.00000000000001,50.00000000000001,nan,nan,nan,nan,nan,nan,nan,49.99999999999999
51780.0,49.99999999999999,49.999999999999964,49.99999999999999,50.000000000000014,49.999999999999986,49.99999999999997,49.999999999999986,49.99999999999999,49.99999999999999,49.999999999999986,50.0,50.00000000000001,50.0,nan,nan,nan,nan,nan,nan,nan,49.99999999999999
51840.0,49.99999999999999,49.99999999999999,49.999999999999986,50.0,49.99999999999999,50.000000000000014,49.99999999999998,49.99999999999999,50.00000000000002,49.99999999999997,49.999999999999964,49.999999999999986,49.99999999999998,nan,nan,nan,nan,nan,nan,nan,49.99999999999999
51900.0,49.99999999999999,49.99999999999997,49.99999999999999,49.99999999999998,49.999999999999964,50.00000000000001,49.99999999999999,49.99999999999998,49.99999999999996,50.000000000000014,50.000000000000014,49.99999999999999,49.99999999999999,nan,nan,nan,nan,nan,nan,nan,49.99999999999999
51960.0,49.99999999999999,49.99999999999998,49.99999999999999,50.0,50.0,49.99999999999998,50.0,50.0,50.00000000000001,50.0,50.0,50.0,50.000000000000014,nan,nan,nan,nan,nan,nan,nan,49.99999999999999
52020.0,49.99999999999999,50.00000000000001,49.99999999999999,49.999999999999986,49.99999999999995,50.000000000000014,49.99999999999999,50.000000000000014,49.99999999999998,49.99999999999999,49.99999999999999,50.000000000000014,49.99999999999999,nan,nan,nan,nan,nan,nan,nan,49.99999999999999
52080.0,49.99999999999999,50.000000000000014,50.0,49.99999999999998,49.99999999999999,50.0,49.99999999999997,50.0,49.99999999999999,49.99999999999998,49.99999999999998,49.99999999999999,50.00000000000001,nan,nan,nan,nan,nan,nan,nan,49.99999999999999
52140.0,49.99999999999999,49.99999999999999,49.99999999999997,49.99999999999999,50.0,50.000000000000014,49.999999999999964,49.999999999999986,49.999999999999986,49.999999999999986,49.999999999999986,49.99999999999998,49.99999999999997,nan,nan,nan,nan,nan,nan,nan,49.99999999999999
52200.0,49.99999999999999,50.0,49.999999999999986,50.00000000000001,50.0,49.99999999999998,49.99999999999998,49.999999999999986,49.99999999999999,49.999999999999986,50.00000000000001,50.0,49.999999999999964,nan,nan,nan,nan,nan,nan,nan,49.99999999999999
52260.0,49.99999999999999,50.0,50.0,50.000000000000014,49.99999999999999,50.00000000000003,49.99999999999999,50.0,50.0,49.999999999999986,50.0,50.00000000000001,49.99999999999998,nan,nan,nan,nan,nan,nan,nan,49.99999999999999
52320.0,49.99999999999999,50.0,50.000000000000014,49.99999999999997,50.00000000000002,50.000000000000014,49.99999999999998,49.99999999999999,50.00000000000002,50.0,49.99999999999995,49.999999999999986,49.99999999999998,nan,nan,nan,nan,nan,nan,nan,49.99999999999999
52380.0,49.99999999999999,50.00000000000001,49.99999999999999,50.0,49.999999999999986,50.0,49.999999999999986,49.99999999999999,50.0,50.00000000000001,50.000000000000014,49.999999999999986,50.0,nan,nan,nan,nan,nan,nan,nan,49.99999999999999
52440.0,49.99999999999999,49.99999999999999,49.99999999999999,49.99999999999999,49.999999999999986,50.00000000000001,49.99999999999999,49.99999999999998,49.99999999999998,50.00000000000001,50.00000000000001,49.99999999999999,49.99999999999999,nan,nan,nan,nan,nan,nan,nan,49.99999999999999
52500.0,49.99999999999999,50.0,49.99999999999999,50.0,49.999999999999986,49.999999999999986,50.0,49.999999999999986,49.99999999999998,49.999999999999986,49.999999999999964,49.99999999999999,49.99999999999999,nan,nan,nan,nan,nan,nan,nan,49.99999999999999
52560.0,49.99999999999999,49.999999999999986,50.0,50.000000000000014,50.00000000000001,49.999999999999986,49.99999999999996,49.99999999999999,49.99999999999997,49.99999999999998,50.00000000000001,49.99999999999999,49.99999999999998,nan,nan,nan,nan,nan,nan,nan,49.99999999999999
52620.0,49.99999999999999,49.999999999999986,49.999999999999986,49.99999999999996,49.999999999999964,49.99999999999998,49.99999999999997,50.0,50.00000000000001,50.000000000000014,49.99999999999999,49.99999999999998,49.99999999999998,nan,nan,nan,nan,nan,nan,nan,49.99999999999999
52680.0,49.99999999999999,50.00000000000001,50.0,50.00000000000001,50.00000000000002,49.999999999999986,50.00000000000001,49.999999999999986,49.999999999999986,50.0,49.99999999999999,49.99999999999999,50.0,nan,nan,nan,nan,nan,nan,nan,49.99999999999999
52740.0,49.99999999999999,49.999999999999964,50.00000000000001,49.999999999999986,49.999999999999986,49.99999999999998,49.99999999999999,49.99999999999999,49.99999999999999,49.99999999999998,50.00000000000005,50.0,50.00000000000001,nan,nan,nan,nan,nan,nan,nan,49.99999999999999
52800.0,49.99999999999999,49.99999999999997,50.0,50.0,49.99999999999999,49.999999999999986,49.99999999999998,49.99999999999997,49.99999999999997,49.99999999999999,50.00000000000003,49.999999999999986,49.99999999999996,nan,nan,nan,nan,nan,nan,nan,49.99999999999999
52860.0,49.99999999999999,50.00000000000002,50.0,50.0,49.99999999999998,50.0,49.99999999999999,49.99999999999998,49.999999999999986,49.99999999999999,50.00000000000001,49.99999999999999,49.99999999999998,nan,nan,nan,nan,nan,nan,nan,49.99999999999999
52920.0,49.99999999999999,50.00000000000001,49.999999999999964,49.999999999999986,49.999999999999986,49.99999999999998,49.99999999999997,49.999999999999986,49.99999999999998,50.0,50.000000000000014,49.99999999999999,49.99999999999999,nan,nan,nan,nan,nan,nan,nan,49.99999999999999
52980.0,49.99999999999999,49.99999999999998,49.99999999999999,49.99999999999995,49.999999999999986,50.0,50.00000000000002,49.99999999999999,50.00000000000001,49.999999999999986,49.999999999999986,50.00000000000001,49.999999999999986,nan,nan,nan,nan,nan,nan,nan,49.99999999999999
53040.0,49.99999999999999,50.0,49.99999999999998,49.99999999999998,49.99999999999998,50.000000000000014,50.00000000000001,50.0,49.99999999999997,50.00000000000001,49.99999999999999,49.99999999999999,49.99999999999999,nan,nan,nan,nan,nan,nan,nan,49.99999999999999
53100.0,49.99999999999999,50.00000000000003,49.999999999999986,50.00000000000001,49.999999999999986,49.99999999999999,49.99999999999998,50.00000000000002,50.00000000000001,49.999999999999964,50.00000000000003,50.00000000000001,49.99999999999998,nan,nan,nan,nan,nan,nan,nan,49.99999999999999
53160.0,49.99999999999999,49.99999999999997,49.999999999999986,49.99999999999999,50.00000000000001,50.00000000000001,50.00000000000001,49.99999999999997,49.999999999999986,50.0,49.99999999999998,49.99999999999999,50.0,nan,nan,nan,nan,nan,nan,nan,49.99999999999999
53220.0,49.99999999999999,49.99999999999999,49.99999999999999,50.000000000000014,50.0,49.999999999999986,50.00000000000002,49.99999999999999,49.999999999999964,49.99999999999999,49.99999999999998,49.999999999999986,50.0,nan,nan,nan,nan,nan,nan,nan,49.99999999999999
53280.0,49.99999999999999,49.99999999999996,49.99999999999999,50.0,49.999999999999986,50.0,49.999999999999986,50.0,50.000000000000014,49.99999999999999,49.999999999999964,49.999999999999986,49.99999999999998,nan,nan,nan,nan,nan,nan,nan,49.99999999999999
53340.0,49.99999999999999,50.00000000000001,49.99999999999998,49.99999999999997,49.99999999999999,49.99999999999997,50.0,50.0,50.00000000000001,50.00000000000001,50.000000000000014,49.999999999999986,49.99999999999998,nan,nan,nan,nan,nan,nan,nan,49.99999999999999
53400.0,49.99999999999999,49.99999999999998,49.99999999999997,50.000000000000014,50.0,50.000000000000036,50.000000000000014,50.0,50.000000000000014,49.999999999999986,49.99999999999997,49.99999999999999,50.0,nan,nan,nan,nan,nan,nan,nan,49.99999999999999
53460.0,49.99999999999999,49.99999999999997,49.999999999999986,49.99999999999999,49.99999999999997,50.0,49.99999999999998,49.999999999999986,49.99999999999999,49.99999999999999,49.99999999999996,49.99999999999999,49.99999999999999,nan,nan,nan,nan,nan,nan,nan,49.99999999999999
53520.0,49.99999999999999,49.99999999999998,49.99999999999997,49.999999999999986,49.99999999999999,49.99999999999999,49.99999999999998,49.999999999999986,50.00000000000002,49.99999999999998,49.999999999999986,49.999999999999986,50.0,nan,nan,nan,nan,nan,nan,nan,49.99999999999999
53580.0,49.99999999999999,50.00000000000001,49.99999999999999,49.99999999999998,49.99999999999997,49.99999999999998,49.999999999999986,50.0,49.99999999999998,50.0,49.99999999999997,49.99999999999998,49.99999999999998,nan,nan,nan,nan,nan,nan,nan,49.99999999999999
53640.0,49.99999999999999,49.99999999999998,50.00000000000001,50.0,49.99999999999998,49.99999999999998,50.0,49.99999999999997,49.99999999999997,49.999999999999986,49.99999999999997,50.0,49.999999999999986,nan,nan,nan,nan,nan,nan,nan,49.99999999999999
53700.0,49.99999999999999,49.999999999999986,49.99999999999999,49.99999999999999,49.99999999999999,49.99999999999999,49.99999999999999,50.00000000000001,50.000000000000014,50.00000000000002,49.99999999999999,49.99999999999999,49.99999999999999,nan,nan,nan,nan,nan,nan,nan,49.99999999999999
53760.0,49.99999999999999,50.000000000000014,49.99999999999999,50.0,49.99999999999999,49.99999999999998,50.0,50.0,49.999999999999986,49.999999999999986,50.00000000000001,49.99999999999999,49.999999999999986,nan,nan,nan,nan,nan,nan,nan,49.99999999999999
53820.0,49.99999999999999,49.99999999999999,49.99999999999997,49.99999999999999,49.99999999999997,49.99999999999998,49.99999999999997,49.99999999999999,50.000000000000014,50.0,50.0,50.0,49.999999999999986,nan,nan,nan,nan,nan,nan,nan,49.99999999999999
53880.0,49.99999999999999,50.00000000000001,49.99999999999999,49.99999999999998,49.999999999999986,49.999999999999986,49.999999999999964,49.99999999999999,49.99999999999998,49.999999999999986,50.0,50.00000000000001,49.99999999999999,nan,nan,nan,nan,nan,nan,nan,49.99999999999999
53940.0,49.99999999999999,49.99999999999999,50.000000000000014,50.0,50.00000000000001,50.00000000000001,49.99999999999998,50.0,50.00000000000001,50.0,50.000000000000014,49.99999999999999,49.99999999999999,nan,nan,nan,nan,nan,nan,nan,49.99999999999999
54000.0,49.99999999999999,49.99999999999999,49.99999999999999,50.0,50.00000000000001,50.000000000000014,50.00000000000001,49.99999999999999,49.99999999999999,49.99999999999999,50.0,49.99999999999998,49.99999999999999,nan,nan,nan,nan,nan,nan,nan,49.99999999999999
54060.0,49.99999999999999,49.99999999999998,49.99999999999998,50.00000000000001,50.0,49.999999999999986,49.99999999999999,49.99999999999999,49.999999999999986,49.999999999999986,49.99999999999999,50.0,49.99999999999999,nan,nan,nan,nan,nan,nan,nan,49.99999999999999
54120.0,49.99999999999999,50.0,49.999999999999986,49.99999999999999,50.0,49.999999999999986,50.0,50.00000000000001,50.0,49.99999999999997,49.99999999999998,49.999999999999986,49.99999999999998,nan,nan,nan,nan,nan,nan,nan,49.99999999999999
54180.0,49.99999999999999,49.99999999999999,50.0,50.000000000000014,50.00000000000001,50.0,49.999999999999986,49.99999999999999,50.00000000000002,49.99999999999999,49.999999999999986,49.99999999999999,49.999999999999986,nan,nan,nan,nan,nan,nan,nan,49.99999999999999
54240.0,49.99999999999999,50.0,49.999999999999986,49.99999999999998,50.0,49.99999999999998,49.99999999999998,50.00000000000001,50.0,50.000000000000014,49.999999999999986,49.99999999999999,49.99999999999999,nan,nan,nan,nan,nan,nan,nan,49.99999999999999
54300.0,49.99999999999999,49.99999999999999,50.00000000000001,49.99999999999999,49.99999999999999,49.999999999999986,49.999999999999986,49.99999999999999,49.99999999999998,50.00000000000001,49.99999999999999,49.99999999999998,49.999999999999986,nan,nan,nan,nan,nan,nan,nan,49.99999999999999
54360.0,49.99999999999999,50.0,49.999999999999986,49.99999999999999,50.00000000000001,50.000000000000014,49.99999999999997,50.0,49.99999999999999,50.0,50.0,50.0,50.00000000000001,nan,nan,nan,nan,nan,nan,nan,49.99999999999999
54420.0,49.99999999999999,50.0,49.99999999999999,49.99999999999999,50.00000000000001,49.99999999999998,50.00000000000003,49.99999999999999,49.99999999999999,50.0,49.99999999999998,49.99999999999999,49.999999999999964,nan,nan,nan,nan,nan,nan,nan,49.99999999999999
54480.0,49.99999999999999,50.0,50.0,49.99999999999998,49.99999999999999,50.000000000000014,49.99999999999997,49.999999999999964,49.99999999999999,49.99999999999997,50.00000000000003,49.99999999999998,49.99999999999999,nan,nan,nan,nan,nan,nan,nan,49.99999999999999
54540.0,49.99999999999999,49.99999999999997,50.00000000000001,49.99999999999997,49.999999999999986,49.999999999999964,49.99999999999999,50.00000000000001,50.0,50.000000000000014,49.99999999999994,49.999999999999986,50.000000000000014,nan,nan,nan,nan,nan,nan,nan,49.99999999999999
54600.0,49.99999999999999,49.99999999999998,49.999999999999986,49.99999999999998,49.99999999999998,49.99999999999999,50.0,50.0,49.99999999999996,49.999999999999986,50.00000000000001,50.0,49.999999999999986,nan,nan,nan,nan,nan,nan,nan,49.99999999999999
54660.0,49.99999999999999,50.00000000000001,49.99999999999999,50.00000000000001,50.0,49.99999999999998,49.999999999999986,49.99999999999999,50.0,49.99999999999998,49.99999999999999,49.99999999999999,49.999999999999986,nan,nan,nan,nan,nan,nan,nan,49.99999999999999
54720.0,49.99999999999999,50.00000000000001,49.99999999999999,50.00000000000001,49.999999999999986,49.99999999999999,49.99999999999998,50.00000000000001,49.99999999999998,50.000000000000014,49.99999999999997,49.99999999999998,49.999999999999986,nan,nan,nan,nan,nan,nan,nan,49.99999999999999
54780.0,49.99999999999999,49.99999999999998,50.00000000000001,49.99999999999999,49.99999999999998,49.99999999999999,49.999999999999986,49.99999999999999,49.999999999999986,49.99999999999998,49.999999999999986,50.0,50.000000000000014,nan,nan,nan,nan,nan,nan,nan,49.99999999999999
54840.0,49.99999999999999,50.000000000000014,49.99999999999998,49.99999999999998,49.99999999999999,49.99999999999998,50.000000000000014,49.99999999999999,49.99999999999997,49.999999999999986,49.99999999999999,50.0,49.999999999999986,nan,nan,nan,nan,nan,nan,nan,49.99999999999999
54900.0,49.99999999999999,50.000000000000014,49.99999999999999,49.99999999999999,50.000000000000014,50.0,49.999999999999986,50.0,50.00000000000001,49.999999999999986,49.99999999999999,49.99999999999998,49.99999999999998,nan,nan,nan,nan,nan,nan,nan,49.99999999999999
54960.0,49.99999999999999,50.00000000000002,50.0,50.00000000000002,49.99999999999998,49.99999999999999,50.00000000000001,50.0,50.000000000000014,49.999999999999986,49.999999999999986,50.0,50.00000000000001,nan,nan,nan,nan,nan,nan,nan,49.99999999999999
55020.0,49.99999999999999,49.999999999999986,49.999999999999986,49.99999999999999,49.999999999999986,49.99999999999999,49.99999999999999,50.000000000000014,50.00000000000003,50.0,49.999999999999986,49.99999999999999,49.999999999999986,nan,nan,nan,nan,nan,nan,nan,49.99999999999999
55080.0,49.99999999999999,49.999999999999986,50.00000000000001,50.00000000000002,49.99999999999998,50.000000000000014,49.99999999999998,50.00000000000001,49.999999999999986,49.999999999999986,50.00000000000001,50.0,49.999999999999964,nan,nan,nan,nan,nan,nan,nan,49.99999999999999
55140.0,49.99999999999999,49.99999999999996,49.999999999999986,50.0,49.999999999999964,50.0,50.0,50.000000000000014,49.99999999999999,49.99999999999998,50.00000000000001,50.0,49.99999999999999,nan,nan,nan,nan,nan,nan,nan,49.99999999999999
55200.0,49.99999999999999,49.99999999999999,49.99999999999999,50.00000000000001,50.0,49.99999999999997,49.99999999999999,50.0,50.0,50.0,49.99999999999997,50.0,50.0,nan,nan,nan,nan,nan,nan,nan,49.99999999999999
55260.0,49.99999999999999,49.99999999999996,49.99999999999999,49.99999999999997,50.0,49.99999999999997,49.99999999999999,50.000000000000014,49.999999999999964,49.999999999999986,50.00000000000001,49.99999999999999,49.99999999999997,nan,nan,nan,nan,nan,nan,nan,49.99999999999999
55320.0,49.99999999999999,50.00000000000001,49.99999999999999,49.99999999999998,50.0,49.999999999999986,50.00000000000001,49.99999999999999,49.999999999999986,50.00000000000001,49.999999999999964,49.99999999999999,49.999999999999986,nan,nan,nan,nan,nan,nan,nan,49.99999999999999
55380.0,49.99999999999999,49.999999999999964,49.999999999999964,50.000000000000014,49.999999999999964,50.0,50.00000000000001,50.0,50.00000000000001,50.00000000000001,49.99999999999999,49.99999999999999,50.0,nan,nan,nan,nan,nan,nan,nan,49.99999999999999
55440.0,49.99999999999999,49.999999999999986,49.99999999999997,50.0,50.0,49.99999999999999,50.0,49.99999999999998,49.99999999999997,49.99999999999998,50.00000000000001,49.999999999999986,49.999999999999986,nan,nan,nan,nan,nan,nan,nan,49.99999999999999
55500.0,49.99999999999999,49.99999999999999,49.99999999999999,49.99999999999998,50.00000000000002,50.00000000000002,49.999999999999986,50.0,49.99999999999999,49.99999999999999,50.000000000000014,49.99999999999999,50.0,nan,nan,nan,nan,nan,nan,nan,49.99999999999999
55560.0,49.99999999999999,49.99999999999997,49.999999999999986,49.99999999999998,49.99999999999998,50.00000000000001,49.999999999999986,49.999999999999986,49.999999999999986,50.0,50.00000000000001,50.0,49.999999999999986,nan,nan,nan,nan,nan,nan,nan,49.99999999999999
55620.0,49.99999999999999,49.999999999999964,49.999999999999986,50.00000000000001,49.99999999999998,49.99999999999999,49.99999999999999,49.999999999999986,49.99999999999999,50.00000000000001,50.0,49.999999999999986,49.999999999999986,nan,nan,nan,nan,nan,nan,nan,49.99999999999999
55680.0,49.99999999999999,49.99999999999997,49.99999999999999,50.000000000000014,50.00000000000001,50.0,49.999999999999986,49.99999999999998,50.0,49.99999999999998,50.0,49.99999999999999,50.0,nan,nan,nan,nan,nan,nan,nan,49.99999999999999
55740.0,49.99999999999999,50.00000000000001,49.99999999999998,49.99999999999999,49.999999999999986,49.999999999999986,49.99999999999997,50.00000000000001,49.99999999999999,50.0,49.99999999999998,49.999999999999986,50.0,nan,nan,nan,nan,nan,nan,nan,49.99999999999999
55800.0,49.99999999999999,49.999999999999964,49.99999999999999,50.000000000000014,50.00000000000001,49.999999999999986,50.00000000000001,49.99999999999999,50.00000000000001,50.000000000000014,49.99999999999997,50.0,49.999999999999986,nan,nan,nan,nan,nan,nan,nan,49.99999999999999
55860.0,49.99999999999999,49.99999999999998,49.99999999999997,49.99999999999999,50.00000000000001,49.999999999999986,50.0,49.99999999999998,50.0,49.99999999999999,49.999999999999964,49.999999999999986,50.0,nan,nan,nan,nan,nan,nan,nan,49.99999999999999
55920.0,49.99999999999999,50.00000000000003,50.00000000000001,50.0,49.99999999999997,50.00000000000001,49.999999999999986,49.99999999999999,49.99999999999998,49.99999999999999,49.99999999999999,49.99999999999999,50.0,nan,nan,nan,nan,nan,nan,nan,49.99999999999999
55980.0,49.99999999999999,50.00000000000002,50.000000000000014,49.99999999999995,49.99999999999996,49.999999999999964,50.0,49.999999999999986,50.0,49.99999999999999,49.99999999999999,49.99999999999999,50.00000000000001,nan,nan,nan,nan,nan,nan,nan,49.99999999999999
56040.0,49.99999999999999,50.000000000000014,49.999999999999986,49.99999999999999,49.99999999999999,49.999999999999986,49.99999999999999,50.0,49.99999999999997,49.999999999999986,50.00000000000001,49.99999999999999,50.0,nan,nan,nan,nan,nan,nan,nan,49.99999999999999
56100.0,49.99999999999999,50.0,50.00000000000001,50.000000000000014,49.99999999999997,50.00000000000001,49.999999999999986,50.0,50.00000000000001,49.999999999999986,50.0,50.0,49.999999999999986,nan,nan,nan,nan,nan,nan,nan,49.99999999999999
56160.0,49.99999999999999,50.00000000000001,49.999999999999986,49.99999999999997,49.999999999999964,49.99999999999995,49.99999999999999,49.99999999999999,49.999999999999986,50.00000000000001,49.99999999999999,49.999999999999986,49.99999999999999,nan,nan,nan,nan,nan,nan,nan,49.99999999999999
56220.0,49.99999999999999,49.99999999999997,49.99999999999999,49.99999999999998,49.99999999999999,49.99999999999999,49.99999999999999,49.999999999999986,49.99999999999996,50.00000000000001,49.99999999999995,49.999999999999986,50.00000000000001,nan,nan,nan,nan,nan,nan,nan,49.99999999999999
56280.0,49.99999999999999,49.999999999999964,50.000000000000014,49.999999999999986,50.0,50.0,49.999999999999986,49.99999999999999,49.99999999999999,49.99999999999999,50.00000000000003,49.99999999999999,50.0,nan,nan,nan,nan,nan,nan,nan,49.99999999999999
56340.0,49.99999999999999,49.999999999999986,50.0,49.999999999999986,50.00000000000002,49.99999999999999,50.00000000000001,50.00000000000001,50.00000000000002,49.99999999999999,50.000000000000014,50.0,49.99999999999999,nan,nan,nan,nan,nan,nan,nan,49.99999999999999
56400.0,49.99999999999999,49.99999999999999,50.00000000000001,50.0,50.00000000000003,50.0,49.999999999999986,49.999999999999986,49.99999999999999,49.99999999999998,49.99999999999999,50.00000000000001,50.0,nan,nan,nan,nan,nan,nan,nan,49.99999999999999
56460.0,49.99999999999999,49.999999999999986,49.999999999999964,50.000000000000014,50.0,50.0,50.00000000000001,49.99999999999997,50.00000000000001,49.99999999999998,50.0,50.0,50.00000000000001,nan,nan,nan,nan,nan,nan,nan,49.99999999999999
56520.0,49.99999999999999,49.99999999999999,49.99999999999998,49.99999999999999,50.0,49.999999999999986,49.99999999999998,49.999999999999986,49.99999999999998,49.999999999999986,50.00000000000003,49.999999999999986,49.99999999999999,nan,nan,nan,nan,nan,nan,nan,49.99999999999999
56580.0,49.99999999999999,50.00000000000001,49.999999999999986,50.0,49.99999999999999,49.99999999999999,49.999999999999964,49.99999999999999,50.0,50.00000000000001,50.0,50.00000000000002,50.0,nan,nan,nan,nan,nan,nan,nan,49.99999999999999
56640.0,49.99999999999999,50.000000000000014,50.0,49.999999999999986,49.99999999999999,49.99999999999998,49.99999999999999,49.999999999999986,50.00000000000003,50.0,49.999999999999964,50.000000000000014,49.99999999999999,nan,nan,nan,nan,nan,nan,nan,49.99999999999999
56700.0,49.99999999999999,49.99999999999998,49.99999999999997,50.00000000000003,50.0,49.99999999999999,50.0,50.0,49.99999999999997,49.999999999999986,49.99999999999998,49.99999999999998,50.0,nan,nan,nan,nan,nan,nan,nan,49.99999999999999
56760.0,49.99999999999999,49.99999999999998,50.0,50.000000000000014,49.99999999999999,50.0,50.0,49.999999999999986,49.999999999999986,49.99999999999998,49.999999999999986,50.000000000000014,49.99999999999997,nan,nan,nan,nan,nan,nan,nan,49.99999999999999
56820.0,49.99999999999999,49.99999999999998,49.99999999999998,50.00000000000001,50.000000000000014,49.99999999999998,49.99999999999999,50.0,49.99999999999997,50.00000000000001,50.0,49.99999999999997,49.99999999999999,nan,nan,nan,nan,nan,nan,nan,49.99999999999999
56880.0,49.99999999999999,49.999999999999986,50.00000000000001,49.999999999999986,50.0,50.00000000000002,50.0,49.999999999999986,49.999999999999986,50.00000000000001,49.99999999999999,50.00000000000001,49.99999999999998,nan,nan,nan,nan,nan,nan,nan,49.99999999999999
56940.0,49.99999999999999,50.00000000000001,49.999999999999986,50.000000000000014,50.000000000000014,49.99999999999997,49.99999999999999,49.999999999999986,49.99999999999999,49.99999999999999,50.0,50.00000000000003,49.99999999999999,nan,nan,nan,nan,nan,nan,nan,49.99999999999999
57000.0,49.99999999999999,49.999999999999986,49.999999999999986,50.00000000000001,49.99999999999997,50.00000000000003,50.000000000000014,50.0,50.00000000000003,49.99999999999999,49.99999999999998,49.99999999999999,49.99999999999998,nan,nan,nan,nan,nan,nan,nan,49.99999999999999
57060.0,49.99999999999999,49.99999999999997,49.99999999999998,49.999999999999964,49.999999999999986,49.99999999999999,49.999999999999986,50.0,50.0,49.999999999999986,50.00000000000001,49.99999999999997,50.0,nan,nan,nan,nan,nan,nan,nan,49.99999999999999
57120.0,49.99999999999999,49.999999999999986,49.99999999999998,49.999999999999986,49.99999999999999,50.0,49.99999999999999,49.999999999999986,49.99999999999997,49.999999999999986,49.999999999999986,49.99999999999999,50.0,nan,nan,nan,nan,nan,nan,nan,49.99999999999999
57180.0,49.99999999999999,49.99999999999999,49.99999999999998,50.000000000000014,50.000000000000014,50.0,49.99999999999996,49.99999999999998,49.99999999999999,49.999999999999986,50.0,49.99999999999997,49.999999999999986,nan,nan,nan,nan,nan,nan,nan,49.99999999999999
57240.0,49.99999999999999,50.0,49.99999999999998,49.99999999999999,49.999999999999986,49.99999999999999,50.0,50.0,49.99999999999998,49.99999999999998,50.0,49.999999999999986,50.0,nan,nan,nan,nan,nan,nan,nan,49.99999999999999
57300.0,49.99999999999999,49.99999999999999,49.999999999999986,49.99999999999998,50.0,49.99999999999999,49.999999999999986,49.99999999999998,49.99999999999999,49.999999999999964,50.0,50.00000000000001,50.00000000000001,nan,nan,nan,nan,nan,nan,nan,49.99999999999999
57360.0,49.99999999999999,50.00000000000002,50.000000000000014,50.0,50.00000000000001,50.00000000000001,49.99999999999999,49.99999999999999,50.00000000000001,49.99999999999998,50.00000000000001,49.999999999999964,49.99999999999999,nan,nan,nan,nan,nan,nan,nan,49.99999999999999
57420.0,49.99999999999999,50.00000000000001,49.99999999999999,49.99999999999999,50.00000000000001,49.99999999999996,49.99999999999997,50.000000000000014,50.0,49.999999999999986,49.99999999999999,50.0,50.0,nan,nan,nan,nan,nan,nan,nan,49.99999999999999
57480.0,49.99999999999999,49.999999999999986,50.00000000000001,49.999999999999986,50.0,50.0,50.00000000000002,49.999999999999986,50.00000000000002,49.99999999999999,49.99999999999999,50.00000000000001,50.0,nan,nan,nan,nan,nan,nan,nan,49.99999999999999
57540.0,49.99999999999999,50.0,49.999999999999986,50.0,50.0,50.00000000000001,49.99999999999998,49.999999999999986,49.99999999999998,49.99999999999998,50.0,50.00000000000002,50.0,nan,nan,nan,nan,nan,nan,nan,49.99999999999999
57600.0,49.99999999999999,49.99999999999998,49.99999999999998,49.999999999999986,49.99999999999997,50.00000000000001,50.0,49.99999999999999,50.000000000000014,49.99999999999999,50.00000000000001,50.00000000000001,49.99999999999999,nan,nan,nan,nan,nan,nan,nan,49.99999999999999
57660.0,49.99999999999999,50.00000000000002,50.0,50.0,49.999999999999964,50.00000000000001,49.99999999999999,49.99999999999997,50.00000000000001,49.999999999999964,49.99999999999999,49.999999999999986,49.99999999999999,nan,nan,nan,nan,nan,nan,nan,49.99999999999999
57720.0,49.99999999999999,49.99999999999999,49.99999999999999,49.99999999999997,49.99999999999999,50.00000000000001,49.99999999999999,49.999999999999986,49.99999999999994,49.99999999999999,49.999999999999986,49.999999999999986,49.99999999999999,nan,nan,nan,nan,nan,nan,nan,49.99999999999999
57780.0,49.99999999999999,50.00000000000001,50.0,49.999999999999986,49.999999999999986,49.99999999999997,50.00000000000001,50.0,50.000000000000014,49.99999999999998,50.000000000000014,50.0,50.0,nan,nan,nan,nan,nan,nan,nan,49.99999999999999
57840.0,49.99999999999999,50.00000000000001,49.99999999999999,49.99999999999998,49.999999999999964,49.99999999999999,50.0,49.99999999999998,49.99999999999998,50.0,49.99999999999999,50.0,50.0,nan,nan,nan,nan,nan,nan,nan,49.99999999999999
57900.0,49.99999999999999,49.99999999999999,49.99999999999998,50.00000000000001,50.0,49.999999999999986,50.00000000000001,50.000000000000014,49.99999999999999,50.00000000000001,50.00000000000001,50.0,50.00000000000001,nan,nan,nan,nan,nan,nan,nan,49.99999999999999
57960.0,49.99999999999999,50.00000000000001,49.999999999999986,49.999999999999986,49.999999999999986,49.99999999999995,50.00000000000001,49.99999999999996,49.999999999999986,49.99999999999997,49.99999999999999,49.999999999999964,50.0,nan,nan,nan,nan,nan,nan,nan,49.99999999999999
58020.0,49.99999999999999,50.00000000000001,50.0,50.00000000000002,49.999999999999986,49.999999999999964,49.99999999999999,49.99999999999998,49.99999999999997,50.000000000000014,50.00000000000003,50.000000000000014,49.999999999999986,nan,nan,nan,nan,nan,nan,nan,49.99999999999999
58080.0,49.99999999999999,49.99999999999998,49.99999999999999,49.99999999999999,49.99999999999998,50.00000000000001,49.99999999999998,50.0,49.999999999999986,50.0,49.99999999999998,49.99999999999999,49.99999999999999,nan,nan,nan,nan,nan,nan,nan,49.99999999999999
58140.0,49.99999999999999,50.0,50.0,50.0,49.999999999999986,50.0,49.99999999999997,49.999999999999986,49.99999999999998,49.99999999999999,50.00000000000001,49.99999999999998,49.999999999999986,nan,nan,nan,nan,nan,nan,nan,49.99999999999999
58200.0,49.99999999999999,50.00000000000001,50.0,50.000000000000014,49.99999999999999,50.0,50.0,49.999999999999986,49.99999999999998,49.999999999999986,50.000000000000014,49.999999999999986,49.999999999999986,nan,nan,nan,nan,nan,nan,nan,49.99999999999999
58260.0,49.99999999999999,49.99999999999997,50.00000000000001,50.000000000000014,50.0,49.99999999999999,50.00000000000001,50.00000000000001,49.999999999999964,50.00000000000002,49.99999999999997,50.000000000000014,50.000000000000014,nan,nan,nan,nan,nan,nan,nan,49.99999999999999
58320.0,49.99999999999999,49.999999999999964,49.99999999999999,50.0,49.99999999999998,49.99999999999997,49.99999999999999,49.99999999999997,49.99999999999999,49.99999999999999,49.99999999999996,49.99999999999998,49.999999999999986,nan,nan,nan,nan,nan,nan,nan,49.99999999999999
58380.0,49.99999999999999,49.99999999999998,50.0,49.99999999999999,49.99999999999998,49.99999999999999,49.99999999999998,49.99999999999999,50.0,50.000000000000014,49.99999999999999,49.99999999999999,50.0,nan,nan,nan,nan,nan,nan,nan,49.99999999999999
58440.0,49.99999999999999,50.0,49.99999999999999,49.99999999999998,50.0,49.99999999999998,50.0,49.99999999999999,50.0,49.99999999999997,49.999999999999964,49.99999999999996,49.999999999999986,nan,nan,nan,nan,nan,nan,nan,49.99999999999999
58500.0,49.99999999999999,49.99999999999999,49.999999999999986,50.000000000000014,49.99999999999999,50.00000000000001,49.99999999999998,49.999999999999986,49.99999999999997,49.99999999999997,49.99999999999997,49.99999999999997,50.0,nan,nan,nan,nan,nan,nan,nan,49.99999999999999
58560.0,49.99999999999999,50.00000000000001,49.99999999999999,50.0,50.00000000000001,49.99999999999999,50.00000000000001,49.999999999999986,49.999999999999986,49.99999999999999,49.999999999999986,50.0,49.999999999999986,nan,nan,nan,nan,nan,nan,nan,49.99999999999999
58620.0,49.99999999999999,50.0,49.99999999999999,50.0,50.000000000000014,50.00000000000003,49.99999999999999,49.999999999999986,49.99999999999998,50.0,49.999999999999986,49.99999999999999,50.00000000000001,nan,nan,nan,nan,nan,nan,nan,49.99999999999999
58680.0,49.99999999999999,50.0,49.99999999999999,49.999999999999986,49.99999999999999,49.999999999999964,50.0,49.99999999999999,50.00000000000001,50.0,50.00000000000001,50.0,49.99999999999999,nan,nan,nan,nan,nan,nan,nan,49.99999999999999
58740.0,49.99999999999999,49.99999999999999,50.0,49.99999999999999,49.99999999999998,50.00000000000001,49.999999999999986,50.00000000000001,50.0,50.00000000000001,49.99999999999998,49.999999999999964,49.999999999999986,nan,nan,nan,nan,nan,nan,nan,49.99999999999999
58800.0,49.99999999999999,50.0,49.99999999999999,50.00000000000001,49.999999999999986,49.99999999999998,50.00000000000002,49.99999999999999,49.999999999999964,50.000000000000014,49.99999999999998,49.99999999999999,50.00000000000001,nan,nan,nan,nan,nan,nan,nan,49.99999999999999
58860.0,49.99999999999999,49.999999999999986,49.99999999999998,50.00000000000002,49.999999999999986,49.99999999999997,50.0,49.99999999999999,49.99999999999999,50.0,50.000000000000014,50.0,49.999999999999986,nan,nan,nan,nan,nan,nan,nan,49.99999999999999
58920.0,49.99999999999999,49.99999999999997,49.99999999999998,50.00000000000001,49.99999999999999,49.99999999999998,49.99999999999999,50.0,50.0,49.99999999999997,50.000000000000014,49.99999999999999,49.999999999999986,nan,nan,nan,nan,nan,nan,nan,49.99999999999999
58980.0,49.99999999999999,49.99999999999999,49.99999999999999,50.00000000000001,50.0,49.99999999999998,49.99999999999997,49.99999999999999,49.99999999999998,49.99999999999998,50.0,50.0,49.999999999999986,nan,nan,nan,nan,nan,nan,nan,49.99999999999999
59040.0,49.99999999999999,49.99999999999999,49.99999999999995,49.999999999999986,50.00000000000001,49.99999999999999,49.99999999999999,49.99999999999999,50.0,50.00000000000001,50.0,49.99999999999998,49.99999999999999,nan,nan,nan,nan,nan,nan,nan,49.99999999999999
59100.0,49.99999999999999,49.99999999999999,50.0,49.99999999999997,50.0,49.99999999999998,50.00000000000004,50.000000000000014,49.99999999999998,50.00000000000001,49.99999999999997,49.99999999999999,49.99999999999998,nan,nan,nan,nan,nan,nan,nan,49.99999999999999
59160.0,49.99999999999999,49.99999999999998,49.99999999999998,49.99999999999996,50.00000000000001,49.999999999999964,50.0,49.99999999999998,49.999999999999986,49.999999999999986,49.99999999999999,49.999999999999964,50.000000000000014,nan,nan,nan,nan,nan,nan,nan,49.99999999999999
59220.0,49.99999999999999,49.999999999999986,49.99999999999999,49.99999999999997,49.999999999999964,50.0,49.99999999999998,50.0,49.99999999999998,49.99999999999998,50.0,49.99999999999997,49.99999999999999,nan,nan,nan,nan,nan,nan,nan,49.99999999999999
59280.0,49.99999999999999,50.00000000000002,50.0,50.0,50.00000000000001,50.00000000000003,50.00000000000001,50.0,49.999999999999986,50.000000000000014,49.99999999999998,49.99999999999997,49.99999999999999,nan,nan,nan,nan,nan,nan,nan,49.99999999999999
59340.0,49.99999999999999,49.99999999999997,49.99999999999997,49.99999999999999,49.999999999999986,49.99999999999999,50.0,50.00000000000001,50.0,50.0,49.99999999999998,49.99999999999999,49.999999999999986,nan,nan,nan,nan,nan,nan,nan,49.99999999999999
59400.0,49.99999999999999,50.00000000000001,50.0,49.99999999999999,49.99999999999999,50.000000000000014,49.99999999999998,49.99999999999998,49.999999999999986,49.99999999999999,49.99999999999999,50.0,49.999999999999986,nan,nan,nan,nan,nan,nan,nan,49.99999999999999
59460.0,49.99999999999999,49.999999999999964,49.999999999999986,50.00000000000002,49.99999999999999,49.99999999999995,50.00000000000001,49.999999999999986,49.99999999999999,49.999999999999986,49.99999999999997,49.99999999999999,49.999999999999986,nan,nan,nan,nan,nan,nan,nan,49.99999999999999
59520.0,49.99999999999999,49.999999999999986,50.0,50.0,49.999999999999986,49.99999999999997,49.99999999999998,49.99999999999997,50.00000000000001,50.000000000000014,49.999999999999986,50.0,49.999999999999986,nan,nan,nan,nan,nan,nan,nan,49.99999999999999
59580.0,49.99999999999999,50.000000000000014,49.99999999999999,50.00000000000001,50.00000000000001,50.00000000000001,50.00000000000002,49.999999999999986,49.99999999999999,49.99999999999998,50.00000000000001,49.99999999999999,49.99999999999999,nan,nan,nan,nan,nan,nan,nan,49.99999999999999
59640.0,49.99999999999999,49.99999999999997,49.99999999999999,49.999999999999986,49.999999999999964,50.00000000000001,49.99999999999997,50.0,49.99999999999999,50.0,49.99999999999997,50.000000000000014,49.99999999999998,nan,nan,nan,nan,nan,nan,nan,49.99999999999999
59700.0,49.99999999999999,49.99999999999997,50.0,49.999999999999964,49.99999999999999,49.99999999999999,49.99999999999998,50.00000000000001,50.00000000000001,50.000000000000014,50.000000000000014,49.999999999999986,49.999999999999986,nan,nan,nan,nan,nan,nan,nan,49.99999999999999
59760.0,49.99999999999999,50.00000000000002,49.99999999999997,49.99999999999999,49.999999999999986,49.99999999999997,50.00000000000001,49.99999999999997,49.999999999999986,49.99999999999999,49.99999999999997,49.99999999999999,49.99999999999999,nan,nan,nan,nan,nan,nan,nan,49.99999999999999
59820.0,49.99999999999999,49.999999999999986,49.99999999999999,49.999999999999986,50.000000000000014,50.0,49.999999999999986,50.0,49.999999999999964,50.00000000000001,50.00000000000001,49.99999999999999,50.0,nan,nan,nan,nan,nan,nan,nan,49.99999999999999
59880.0,49.99999999999999,50.00000000000001,49.999999999999986,49.99999999999999,49.999999999999986,50.00000000000001,50.00000000000001,50.00000000000001,49.999999999999986,49.999999999999986,50.00000000000001,50.000000000000014,49.99999999999999,nan,nan,nan,nan,nan,nan,nan,49.99999999999999
59940.0,49.99999999999999,49.99999999999997,49.99999999999999,49.99999999999997,50.0,49.99999999999999,50.00000000000002,50.0,50.00000000000002,50.0,49.99999999999997,49.99999999999999,49.999999999999986,nan,nan,nan,nan,nan,nan,nan,49.99999999999999
60000.0,49.99999999999999,49.99999999999999,50.0,49.99999999999999,49.99999999999999,49.99999999999997,49.999999999999936,49.99999999999998,49.99999999999997,50.00000000000001,49.99999999999998,49.999999999999986,49.999999999999986,nan,nan,nan,nan,nan,nan,nan,49.99999999999999
60060.0,49.99999999999999,49.99999999999998,50.0,49.99999999999997,49.99999999999999,49.999999999999964,49.99999999999998,49.99999999999999,49.99999999999998,49.99999999999997,49.999999999999986,49.99999999999999,49.99999999999999,nan,nan,nan,nan,nan,nan,nan,49.99999999999999
60120.0,49.99999999999999,49.999999999999986,49.99999999999998,49.99999999999999,50.000000000000014,49.99999999999999,50.000000000000014,49.99999999999999,50.0,50.00000000000001,50.00000000000001,49.999999999999986,49.99999999999999,nan,nan,nan,nan,nan,nan,nan,49.99999999999999
60180.0,49.99999999999999,49.999999999999986,50.0,49.99999999999997,49.99999999999999,49.999999999999986,49.999999999999964,49.999999999999986,50.000000000000014,49.99999999999998,50.0,50.00000000000002,49.999999999999986,nan,nan,nan,nan,nan,nan,nan,49.99999999999999
60240.0,49.99999999999999,50.0,50.00000000000001,49.999999999999986,50.0,49.99999999999999,49.999999999999986,50.0,49.99999999999999,49.99999999999999,49.999999999999986,50.00000000000001,50.0,nan,nan,nan,nan,nan,nan,nan,49.99999999999999
60300.0,49.99999999999999,50.00000000000003,50.0,49.999999999999986,49.99999999999998,49.99999999999999,49.99999999999998,49.999999999999986,49.99999999999999,50.0,50.00000000000001,49.999999999999986,49.999999999999986,nan,nan,nan,nan,nan,nan,nan,49.99999999999999
60360.0,49.99999999999999,49.99999999999997,49.99999999999998,49.99999999999997,50.00000000000001,50.00000000000002,50.00000000000001,49.999999999999986,50.000000000000014,49.99999999999999,50.00000000000001,49.99999999999997,49.999999999999986,nan,nan,nan,nan,nan,nan,nan,49.99999999999999
60420.0,49.99999999999999,49.99999999999999,49.99999999999999,50.00000000000001,49.99999999999999,50.00000000000001,49.999999999999986,50.00000000000001,50.000000000000014,49.999999999999986,50.00000000000001,50.0,49.999999999999986,nan,nan,nan,nan,nan,nan,nan,49.99999999999999
60480.0,49.99999999999999,49.999999999999986,49.99999999999999,50.0,49.999999999999986,50.000000000000014,49.999999999999986,49.99999999999998,49.99999999999997,49.99999999999999,50.000000000000014,50.000000000000014,49.999999999999986,nan,nan,nan,nan,nan,nan,nan,49.99999999999999
60540.0,49.99999999999999,49.99999999999997,49.99999999999997,50.000000000000014,49.999999999999986,49.999999999999986,50.00000000000002,50.00000000000001,50.000000000000014,49.99999999999998,49.999999999999986,50.0,50.0,nan,nan,nan,nan,nan,nan,nan,49.99999999999999
60600.0,49.99999999999999,49.99999999999999,49.99999999999997,49.99999999999999,49.99999999999999,49.99999999999996,50.0,49.99999999999997,50.0,49.999999999999986,49.99999999999998,49.99999999999998,50.00000000000001,nan,nan,nan,nan,nan,nan,nan,49.99999999999999
60660.0,49.99999999999999,49.99999999999998,49.99999999999999,49.999999999999986,50.00000000000001,49.99999999999998,50.0,50.0,50.000000000000014,50.00000000000001,50.00000000000001,50.0,49.99999999999999,nan,nan,nan,nan,nan,nan,nan,49.99999999999999
60720.0,49.99999999999999,50.0,49.99999999999997,50.00000000000001,49.999999999999986,50.000000000000014,50.00000000000002,49.99999999999999,49.99999999999999,49.99999999999999,50.0,49.999999999999986,50.0,nan,nan,nan,nan,nan,nan,nan,49.99999999999999
60780.0,49.99999999999999,49.99999999999997,49.99999999999999,49.999999999999986,50.00000000000001,50.000000000000014,49.999999999999986,49.999999999999986,49.99999999999998,49.999999999999986,49.999999999999986,49.99999999999997,49.99999999999997,nan,nan,nan,nan,nan,nan,nan,49.99999999999999
60840.0,49.99999999999999,50.0,49.999999999999986,50.0,49.99999999999999,50.00000000000002,50.0,50.000000000000014,50.00000000000001,50.000000000000014,50.0,50.0,49.999999999999964,nan,nan,nan,nan,nan,nan,nan,49.99999999999999
60900.0,49.99999999999999,49.99999999999997,49.999999999999964,49.99999999999997,50.00000000000001,49.99999999999999,50.0,49.999999999999986,50.00000000000001,49.999999999999986,50.00000000000002,50.00000000000001,49.999999999999986,nan,nan,nan,nan,nan,nan,nan,49.99999999999999
60960.0,49.99999999999999,49.99999999999999,49.999999999999986,49.999999999999986,50.0,50.00000000000001,50.0,50.0,50.00000000000001,49.99999999999998,50.00000000000001,50.00000000000002,50.00000000000001,nan,nan,nan,nan,nan,nan,nan,49.99999999999999
61020.0,49.99999999999999,50.00000000000001,49.99999999999999,49.999999999999986,50.000000000000014,49.99999999999998,49.99999999999999,49.99999999999999,50.00000000000001,50.000000000000014,49.99999999999997,49.999999999999986,49.99999999999998,nan,nan,nan,nan,nan,nan,nan,49.99999999999999
61080.0,49.99999999999999,50.0,49.999999999999986,49.99999999999998,50.0,50.000000000000014,50.0,50.0,49.99999999999998,49.999999999999986,49.999999999999986,50.000000000000014,50.0,nan,nan,nan,nan,nan,nan,nan,49.99999999999999
61140.0,49.99999999999999,50.000000000000014,50.0,50.0,49.99999999999998,50.00000000000001,49.999999999999986,49.999999999999986,49.999999999999986,50.00000000000001,49.99999999999999,50.0,49.999999999999986,nan,nan,nan,nan,nan,nan,nan,49.99999999999999
61200.0,49.99999999999999,49.999999999999986,49.99999999999999,49.99999999999998,49.99999999999999,49.999999999999986,49.99999999999995,49.99999999999999,49.99999999999997,50.00000000000001,50.0,50.0,50.00000000000003,nan,nan,nan,nan,nan,nan,nan,49.99999999999999
61260.0,49.99999999999999,50.00000000000001,49.99999999999997,49.99999999999999,49.99999999999999,49.999999999999986,49.99999999999997,50.0,49.999999999999986,49.99999999999998,50.000000000000014,50.000000000000014,50.000000000000014,nan,nan,nan,nan,nan,nan,nan,49.99999999999999
61320.0,49.99999999999999,49.99999999999999,49.999999999999986,49.99999999999998,50.00000000000002,50.0,49.999999999999986,49.99999999999999,50.00000000000001,50.00000000000001,49.99999999999996,49.999999999999986,49.99999999999998,nan,nan,nan,nan,nan,nan,nan,49.99999999999999
61380.0,49.99999999999999,50.000000000000014,49.999999999999986,49.99999999999999,49.999999999999986,49.999999999999964,50.0,49.99999999999999,49.999999999999986,49.99999999999999,49.99999999999999,49.99999999999999,49.99999999999997,nan,nan,nan,nan,nan,nan,nan,49.99999999999999
61440.0,49.99999999999999,49.99999999999998,49.99999999999999,49.999999999999986,50.0,50.0,50.00000000000002,50.0,50.000000000000014,49.99999999999998,50.00000000000001,49.99999999999997,49.99999999999997,nan,nan,nan,nan,nan,nan,nan,49.99999999999999
61500.0,49.99999999999999,50.00000000000001,49.99999999999999,50.0,50.0,49.99999999999998,50.0,49.99999999999999,50.0,50.00000000000001,49.99999999999996,49.99999999999998,49.99999999999998,nan,nan,nan,nan,nan,nan,nan,49.99999999999999
61560.0,49.99999999999999,49.99999999999999,49.99999999999999,49.999999999999986,49.999999999999986,49.99999999999998,49.99999999999996,50.0,50.0,49.999999999999986,49.99999999999999,49.99999999999998,49.99999999999997,nan,nan,nan,nan,nan,nan,nan,49.99999999999999
61620.0,49.99999999999999,49.99999999999999,49.999999999999986,50.00000000000002,49.99999999999999,49.99999999999997,49.99999999999997,50.0,50.000000000000014,49.99999999999998,49.99999999999998,50.00000000000001,50.0,nan,nan,nan,nan,nan,nan,nan,49.99999999999999
61680.0,49.99999999999999,50.0,50.00000000000003,49.99999999999999,49.99999999999998,50.00000000000001,49.99999999999997,50.000000000000014,50.0,50.0,49.99999999999999,50.0,49.999999999999986,nan,nan,nan,nan,nan,nan,nan,49.99999999999999
61740.0,49.99999999999999,49.999999999999986,49.99999999999997,50.00000000000003,49.99999999999997,50.0,49.999999999999986,49.99999999999998,49.99999999999998,50.000000000000014,49.99999999999999,50.0,50.00000000000001,nan,nan,nan,nan,nan,nan,nan,49.99999999999999
61800.0,49.99999999999999,49.999999999999986,50.0,49.99999999999997,49.999999999999986,49.99999999999999,50.0,49.99999999999999,49.99999999999999,49.99999999999999,49.99999999999999,49.99999999999998,49.999999999999986,nan,nan,nan,nan,nan,nan,nan,49.99999999999999
61860.0,49.99999999999999,49.999999999999986,49.99999999999998,49.99999999999999,49.99999999999997,49.99999999999999,49.999999999999986,49.999999999999986,50.00000000000003,50.0,50.0,49.99999999999999,49.99999999999998,nan,nan,nan,nan,nan,nan,nan,49.99999999999999
61920.0,49.99999999999999,50.0,50.00000000000001,50.00000000000001,50.00000000000001,50.0,49.99999999999999,49.99999999999999,50.00000000000001,50.00000000000001,49.99999999999998,49.999999999999986,50.0,nan,nan,nan,nan,nan,nan,nan,49.99999999999999
61980.0,49.99999999999999,49.99999999999996,49.99999999999999,50.0,49.99999999999997,49.99999999999996,49.99999999999999,49.99999999999997,49.999999999999986,49.999999999999986,49.99999999999999,49.99999999999999,49.999999999999986,nan,nan,nan,nan,nan,nan,nan,49.99999999999999
62040.0,49.99999999999999,50.0,49.999999999999986,50.0,50.00000000000001,50.00000000000002,49.99999999999999,50.0,50.00000000000001,50.000000000000014,49.99999999999997,49.99999999999998,49.99999999999998,nan,nan,nan,nan,nan,nan,nan,49.99999999999999
62100.0,49.99999999999999,49.999999999999964,49.99999999999999,50.000000000000014,50.00000000000002,50.000000000000014,49.99999999999999,49.99999999999998,50.00000000000001,49.999999999999986,50.0,49.99999999999998,49.999999999999986,nan,nan,nan,nan,nan,nan,nan,49.99999999999999
62160.0,49.99999999999999,49.99999999999998,49.99999999999999,49.99999999999999,50.0,50.000000000000014,50.000000000000014,49.99999999999999,50.00000000000002,49.999999999999986,50.0,50.00000000000001,49.999999999999986,nan,nan,nan,nan,nan,nan,nan,49.99999999999999
62220.0,49.99999999999999,49.99999999999999,50.00000000000001,50.000000000000014,49.99999999999999,50.0,49.999999999999986,49.999999999999986,49.99999999999999,49.999999999999986,50.000000000000014,50.00000000000002,50.00000000000003,nan,nan,nan,nan,nan,nan,nan,49.99999999999999
62280.0,49.99999999999999,50.00000000000001,49.99999999999999,49.99999999999999,50.0,50.00000000000001,49.999999999999986,50.0,50.000000000000014,49.999999999999986,49.99999999999999,50.00000000000003,50.00000000000001,nan,nan,nan,nan,nan,nan,nan,49.99999999999999
62340.0,49.99999999999999,50.00000000000001,50.0,49.99999999999997,49.99999999999998,49.99999999999999,49.99999999999998,50.00000000000001,50.00000000000001,49.99999999999999,49.999999999999964,50.00000000000003,50.000000000000036,nan,nan,nan,nan,nan,nan,nan,49.99999999999999
62400.0,49.99999999999999,49.99999999999998,49.999999999999986,50.0,50.0,49.999999999999986,50.000000000000014,49.99999999999999,49.999999999999986,49.999999999999986,50.0,49.999999999999986,49.999999999999964,nan,nan,nan,nan,nan,nan,nan,49.99999999999999
62460.0,49.99999999999999,50.0,49.999999999999986,50.000000000000014,50.00000000000002,49.99999999999999,49.99999999999999,50.00000000000001,49.999999999999964,49.999999999999986,49.99999999999999,50.00000000000001,49.99999999999999,nan,nan,nan,nan,nan,nan,nan,49.99999999999999
62520.0,49.99999999999999,49.99999999999999,49.99999999999997,49.999999999999986,50.0,50.000000000000014,50.000000000000014,49.99999999999998,49.999999999999986,49.99999999999999,49.99999999999998,49.99999999999997,49.99999999999998,nan,nan,nan,nan,nan,nan,nan,49.99999999999999
62580.0,49.99999999999999,50.0,50.000000000000014,50.00000000000001,49.99999999999998,49.999999999999986,49.999999999999986,49.99999999999998,49.99999999999997,49.99999999999999,50.000000000000014,50.00000000000002,49.99999999999999,nan,nan,nan,nan,nan,nan,nan,49.99999999999999
62640.0,49.99999999999999,50.0,49.99999999999999,49.999999999999986,49.999999999999986,49.99999999999997,49.99999999999997,50.0,49.999999999999986,49.99999999999999,49.99999999999997,49.999999999999986,50.0,nan,nan,nan,nan,nan,nan,nan,49.99999999999999
62700.0,49.99999999999999,50.000000000000014,50.00000000000001,49.99999999999999,49.99999999999999,49.99999999999999,49.99999999999999,49.99999999999998,49.99999999999999,49.99999999999999,50.000000000000036,50.00000000000001,49.99999999999999,nan,nan,nan,nan,nan,nan,nan,49.99999999999999
62760.0,49.99999999999999,50.00000000000001,49.99999999999998,49.99999999999999,49.99999999999999,50.0,49.999999999999986,49.99999999999999,49.999999999999964,49.99999999999998,49.999999999999986,50.0,50.00000000000001,nan,nan,nan,nan,nan,nan,nan,49.99999999999999
62820.0,49.99999999999999,49.99999999999999,50.0,50.00000000000001,49.99999999999999,50.000000000000014,49.99999999999999,50.0,49.99999999999999,50.000000000000014,50.00000000000001,49.99999999999999,49.999999999999986,nan,nan,nan,nan,nan,nan,nan,49.99999999999999
62880.0,49.99999999999999,50.0,49.999999999999986,49.999999999999986,49.99999999999999,50.00000000000001,50.00000000000001,49.999999999999986,49.99999999999997,49.999999999999986,49.99999999999997,49.99999999999996,50.000000000000014,nan,nan,nan,nan,nan,nan,nan,49.99999999999999
62940.0,49.99999999999999,50.0,50.0,50.0,49.99999999999998,50.00000000000001,49.99999999999999,49.999999999999986,50.0,49.99999999999998,49.99999999999999,49.99999999999999,49.99999999999999,nan,nan,nan,nan,nan,nan,nan,49.99999999999999
63000.0,49.99999999999999,50.0,49.99999999999997,49.99999999999999,50.0,50.000000000000014,50.0,50.00000000000001,49.99999999999999,50.000000000000014,49.99999999999998,50.00000000000001,49.99999999999998,nan,nan,nan,nan,nan,nan,nan,49.99999999999999
63060.0,49.99999999999999,50.000000000000014,49.999999999999986,49.99999999999999,49.99999999999999,49.999999999999986,49.999999999999964,50.000000000000014,50.00000000000002,50.00000000000001,49.99999999999999,49.99999999999998,49.999999999999986,nan,nan,nan,nan,nan,nan,nan,49.99999999999999
63120.0,49.99999999999999,49.99999999999998,49.99999999999999,50.00000000000002,49.99999999999999,50.0,50.0,50.0,49.99999999999999,49.99999999999999,49.99999999999998,50.0,49.999999999999986,nan,nan,nan,nan,nan,nan,nan,49.99999999999999
63180.0,49.99999999999999,50.0,49.99999999999999,50.000000000000014,50.00000000000001,50.000000000000014,50.000000000000014,49.99999999999999,49.99999999999994,49.99999999999999,49.999999999999964,50.0,49.99999999999999,nan,nan,nan,nan,nan,nan,nan,49.99999999999999
63240.0,49.99999999999999,49.99999999999999,49.99999999999999,49.99999999999998,49.999999999999986,50.00000000000001,50.00000000000001,50.0,50.0,50.00000000000002,50.00000000000001,49.99999999999999,49.99999999999999,nan,nan,nan,nan,nan,nan,nan,49.99999999999999
63300.0,49.99999999999999,49.99999999999998,49.99999999999999,50.000000000000036,50.0,49.999999999999986,49.99999999999998,49.999999999999986,50.0,49.99999999999998,49.999999999999986,49.99999999999999,49.99999999999998,nan,nan,nan,nan,nan,nan,nan,49.99999999999999
63360.0,49.99999999999999,50.0,50.0,49.99999999999999,49.999999999999986,50.00000000000004,49.999999999999964,49.99999999999998,49.99999999999997,50.0,49.99999999999998,50.0,50.0,nan,nan,nan,nan,nan,nan,nan,49.99999999999999
63420.0,49.99999999999999,50.000000000000014,49.99999999999999,50.00000000000002,49.999999999999986,49.999999999999986,49.99999999999999,50.000000000000014,49.99999999999999,49.99999999999999,49.99999999999999,49.99999999999999,49.99999999999998,nan,nan,nan,nan,nan,nan,nan,49.99999999999999
63480.0,49.99999999999999,49.99999999999999,50.00000000000001,49.99999999999997,50.0,50.0,50.0,49.999999999999986,49.99999999999999,49.999999999999986,50.00000000000001,50.0,49.99999999999999,nan,nan,nan,nan,nan,nan,nan,49.99999999999999
63540.0,49.99999999999999,49.99999999999998,50.000000000000014,50.00000000000001,49.99999999999998,49.999999999999986,49.99999999999999,50.0,50.00000000000001,50.00000000000001,49.99999999999997,50.00000000000002,50.000000000000014,nan,nan,nan,nan,nan,nan,nan,49.99999999999999
63600.0,49.99999999999999,50.000000000000014,49.999999999999986,49.99999999999999,49.999999999999986,49.999999999999986,50.0,50.0,50.0,50.0,50.0,50.0,49.99999999999998,nan,nan,nan,nan,nan,nan,nan,49.99999999999999
63660.0,49.99999999999999,50.000000000000014,50.0,49.99999999999999,49.999999999999964,49.99999999999997,49.99999999999998,50.0,49.99999999999998,50.000000000000014,49.99999999999999,49.99999999999997,50.0,nan,nan,nan,nan,nan,nan,nan,49.99999999999999
63720.0,49.99999999999999,50.0,50.000000000000014,50.000000000000014,49.99999999999998,50.00000000000001,49.99999999999998,49.99999999999999,50.0,49.999999999999986,49.99999999999999,50.00000000000002,49.99999999999997,nan,nan,nan,nan,nan,nan,nan,49.99999999999999
63780.0,49.99999999999999,50.00000000000001,50.0,50.0,49.999999999999986,50.000000000000014,49.99999999999998,50.000000000000014,49.99999999999998,49.99999999999996,50.0,50.00000000000001,50.00000000000001,nan,nan,nan,nan,nan,nan,nan,49.99999999999999
63840.0,49.99999999999999,49.99999999999999,49.999999999999986,49.99999999999998,49.999999999999964,50.00000000000003,49.99999999999997,49.99999999999998,49.999999999999986,49.99999999999999,49.99999999999998,49.99999999999998,49.99999999999997,nan,nan,nan,nan,nan,nan,nan,49.99999999999999
63900.0,49.99999999999999,49.999999999999986,49.99999999999999,49.99999999999999,50.000000000000014,49.99999999999997,50.0,50.0,50.00000000000002,49.99999999999999,49.99999999999999,49.99999999999998,50.0,nan,nan,nan,nan,nan,nan,nan,49.99999999999999
63960.0,49.99999999999999,50.00000000000001,49.999999999999986,49.99999999999999,50.00000000000001,50.00000000000001,50.00000000000002,49.99999999999999,49.999999999999986,49.99999999999997,49.99999999999999,49.999999999999964,49.999999999999986,nan,nan,nan,nan,nan,nan,nan,49.99999999999999
64020.0,49.99999999999999,50.000000000000014,50.000000000000014,49.99999999999998,49.99999999999997,49.999999999999964,50.00000000000001,49.99999999999998,49.99999999999998,50.0,49.999999999999986,50.0,49.99999999999999,nan,nan,nan,nan,nan,nan,nan,49.99999999999999
64080.0,49.99999999999999,50.0,50.000000000000014,50.0,49.999999999999986,49.99999999999997,49.99999999999999,49.99999999999998,49.999999999999986,50.0,50.00000000000002,50.00000000000001,49.99999999999997,nan,nan,nan,nan,nan,nan,nan,49.99999999999999
64140.0,49.99999999999999,49.99999999999999,50.000000000000014,50.00000000000001,49.99999999999999,50.00000000000001,49.99999999999998,50.0,49.99999999999999,49.99999999999998,49.99999999999999,50.0,49.999999999999986,nan,nan,nan,nan,nan,nan,nan,49.99999999999999
64200.0,49.99999999999999,50.00000000000001,49.99999999999998,50.00000000000001,49.99999999999999,49.999999999999986,50.000000000000014,49.99999999999999,49.99999999999999,50.0,49.999999999999986,49.999999999999986,49.99999999999998,nan,nan,nan,nan,nan,nan,nan,49.99999999999999
64260.0,49.99999999999999,49.99999999999999,49.99999999999999,49.99999999999999,50.00000000000001,49.99999999999997,49.99999999999997,49.99999999999998,49.99999999999999,50.00000000000003,50.0,50.0,50.000000000000014,nan,nan,nan,nan,nan,nan,nan,49.99999999999999
64320.0,49.99999999999999,49.99999999999999,49.99999999999999,50.0,49.99999999999999,50.0,50.00000000000001,50.00000000000002,49.999999999999986,49.99999999999999,49.99999999999998,50.00000000000001,50.000000000000014,nan,nan,nan,nan,nan,nan,nan,49.99999999999999
64380.0,49.99999999999999,50.000000000000014,49.99999999999998,50.000000000000014,49.999999999999986,49.999999999999986,49.99999999999998,49.99999999999999,49.99999999999996,50.0,50.000000000000014,49.999999999999986,49.999999999999986,nan,nan,nan,nan,nan,nan,nan,49.99999999999999
64440.0,49.99999999999999,50.00000000000001,49.99999999999999,50.0,50.000000000000014,50.0,49.99999999999998,49.99999999999999,49.999999999999964,49.99999999999999,49.99999999999999,50.00000000000001,50.00000000000001,nan,nan,nan,nan,nan,nan,nan,49.99999999999999
64500.0,49.99999999999999,49.999999999999964,49.999999999999986,49.99999999999997,49.999999999999986,50.00000000000001,49.999999999999986,50.00000000000001,49.99999999999999,50.00000000000003,49.999999999999986,49.99999999999997,50.0,nan,nan,nan,nan,nan,nan,nan,49.99999999999999
64560.0,49.99999999999999,50.0,50.00000000000001,49.99999999999999,49.99999999999999,50.0,50.0,49.999999999999986,50.00000000000001,49.99999999999998,50.0,49.99999999999998,49.99999999999999,nan,nan,nan,nan,nan,nan,nan,49.99999999999999
64620.0,49.99999999999999,49.999999999999986,49.99999999999998,50.0,49.99999999999999,49.99999999999998,49.99999999999999,50.00000000000001,50.00000000000002,49.99999999999998,50.000000000000014,50.0,49.99999999999999,nan,nan,nan,nan,nan,nan,nan,49.99999999999999
64680.0,49.99999999999999,50.000000000000014,49.999999999999986,49.99999999999997,49.99999999999999,49.999999999999986,49.99999999999998,49.99999999999999,50.00000000000001,50.00000000000001,49.99999999999995,50.000000000000036,49.99999999999999,nan,nan,nan,nan,nan,nan,nan,49.99999999999999
64740.0,49.99999999999999,49.999999999999986,49.99999999999998,50.00000000000002,49.999999999999986,50.00000000000001,49.99999999999998,50.0,50.00000000000003,49.99999999999999,50.0,49.99999999999997,50.00000000000001,nan,nan,nan,nan,nan,nan,nan,49.99999999999999
64800.0,49.99999999999999,49.999999999999986,49.999999999999986,50.00000000000003,50.000000000000014,50.0,49.99999999999999,49.99999999999999,49.999999999999986,49.99999999999999,50.0,49.99999999999997,49.99999999999999,nan,nan,nan,nan,nan,nan,nan,49.99999999999999
64860.0,49.99999999999999,50.00000000000001,49.999999999999986,49.999999999999986,49.99999999999997,49.99999999999999,50.0,49.99999999999997,49.99999999999998,50.0,49.99999999999997,50.000000000000014,49.999999999999986,nan,nan,nan,nan,nan,nan,nan,49.99999999999999
64920.0,49.99999999999999,49.99999999999996,49.99999999999999,49.99999999999999,49.999999999999986,50.0,50.00000000000003,50.00000000000001,49.999999999999986,49.99999999999997,49.99999999999997,50.00000000000001,50.00000000000001,nan,nan,nan,nan,nan,nan,nan,49.99999999999999
64980.0,49.99999999999999,50.0,49.99999999999998,49.99999999999999,50.00000000000001,50.0,49.99999999999999,50.0,50.0,49.99999999999998,50.00000000000002,50.00000000000001,49.999999999999986,nan,nan,nan,nan,nan,nan,nan,49.99999999999999
65040.0,49.99999999999999,50.0,50.000000000000014,50.00000000000001,49.99999999999998,50.0,50.000000000000014,50.00000000000001,49.999999999999986,50.000000000000014,49.99999999999999,49.99999999999995,50.000000000000014,nan,nan,nan,nan,nan,nan,nan,49.99999999999999
65100.0,49.99999999999999,49.999999999999986,49.99999999999997,49.99999999999996,49.99999999999999,49.99999999999998,49.99999999999999,49.99999999999999,50.0,49.99999999999998,49.999999999999986,50.000000000000036,50.0,nan,nan,nan,nan,nan,nan,nan,49.99999999999999
65160.0,49.99999999999999,50.0,50.00000000000001,49.999999999999986,49.99999999999999,49.999999999999986,49.999999999999986,49.99999999999999,50.00000000000003,49.999999999999964,50.00000000000003,49.999999999999986,49.99999999999998,nan,nan,nan,nan,nan,nan,nan,49.99999999999999
65220.0,49.99999999999999,49.99999999999999,50.0,49.999999999999986,50.0,49.999999999999986,49.99999999999998,49.99999999999999,49.99999999999999,49.99999999999998,50.00000000000001,49.999999999999964,50.0,nan,nan,nan,nan,nan,nan,nan,49.99999999999999
65280.0,49.99999999999999,49.99999999999997,50.0,50.0,49.99999999999998,50.0,49.999999999999986,49.99999999999998,49.999999999999964,49.999999999999986,50.00000000000002,50.0,49.999999999999986,nan,nan,nan,nan,nan,nan,nan,49.99999999999999
65340.0,49.99999999999999,50.000000000000014,49.99999999999999,49.99999999999999,49.99999999999999,50.0,49.99999999999999,50.00000000000001,49.99999999999999,49.999999999999986,50.0,49.999999999999964,50.00000000000003,nan,nan,nan,nan,nan,nan,nan,49.99999999999999
65400.0,49.99999999999999,50.00000000000001,49.99999999999999,50.00000000000002,49.99999999999999,50.000000000000014,49.99999999999997,49.99999999999998,49.99999999999998,49.999999999999986,49.99999999999999,50.0,50.00000000000001,nan,nan,nan,nan,nan,nan,nan,49.99999999999999
65460.0,49.99999999999999,49.999999999999986,49.99999999999999,49.99999999999997,49.99999999999999,50.0,49.99999999999997,49.99999999999999,50.0,49.999999999999986,50.00000000000001,49.99999999999999,49.99999999999996,nan,nan,nan,nan,nan,nan,nan,49.99999999999999
65520.0,49.99999999999999,50.000000000000036,50.00000000000001,49.99999999999999,49.999999999999986,50.0,49.99999999999997,49.99999999999999,50.00000000000001,49.999999999999986,50.0,49.99999999999998,49.999999999999986,nan,nan,nan,nan,nan,nan,nan,49.99999999999999
65580.0,49.99999999999999,50.00000000000001,49.99999999999998,50.000000000000014,49.999999999999986,49.999999999999986,50.00000000000001,49.99999999999999,49.99999999999999,49.999999999999986,49.99999999999999,49.99999999999997,50.0,nan,nan,nan,nan,nan,nan,nan,49.99999999999999
65640.0,49.99999999999999,50.0,50.00000000000001,50.0,50.0,49.999999999999964,49.99999999999999,50.0,49.99999999999999,49.999999999999986,50.00000000000002,50.00000000000003,50.00000000000001,nan,nan,nan,nan,nan,nan,nan,49.99999999999999
65700.0,49.99999999999999,50.000000000000014,49.99999999999998,49.99999999999998,49.99999999999999,50.0,49.999999999999986,49.999999999999986,50.000000000000014,49.999999999999986,50.0,49.999999999999986,49.99999999999999,nan,nan,nan,nan,nan,nan,nan,49.99999999999999
65760.0,49.99999999999999,50.0,50.00000000000002,49.99999999999996,49.99999999999998,49.99999999999999,50.00000000000001,49.999999999999986,49.99999999999998,49.99999999999998,50.00000000000001,49.999999999999986,49.99999999999996,nan,nan,nan,nan,nan,nan,nan,49.99999999999999
65820.0,49.99999999999999,49.999999999999986,49.99999999999998,49.999999999999986,50.0,49.99999999999999,50.00000000000001,50.0,50.00000000000001,50.0,50.00000000000002,49.999999999999986,50.0,nan,nan,nan,nan,nan,nan,nan,49.99999999999999
65880.0,49.99999999999999,49.999999999999986,49.99999999999998,50.0,49.99999999999998,49.99999999999999,49.99999999999999,50.000000000000014,49.99999999999998,49.99999999999997,49.99999999999997,50.00000000000002,49.99999999999999,nan,nan,nan,nan,nan,nan,nan,49.99999999999999
65940.0,49.99999999999999,49.99999999999999,50.0,50.000000000000014,50.00000000000001,50.00000000000001,50.0,50.00000000000001,50.00000000000001,50.00000000000001,49.99999999999999,49.999999999999986,49.99999999999999,nan,nan,nan,nan,nan,nan,nan,49.99999999999999
66000.0,49.99999999999999,50.000000000000014,49.99999999999997,50.0,49.99999999999998,50.00000000000001,50.000000000000014,49.99999999999999,49.99999999999999,50.0,50.00000000000001,50.0,49.99999999999998,nan,nan,nan,nan,nan,nan,nan,49.99999999999999
66060.0,49.99999999999999,50.0,49.999999999999986,50.00000000000001,49.999999999999986,50.00000000000001,50.000000000000014,49.999999999999986,49.99999999999999,49.99999999999998,49.99999999999997,49.99999999999997,49.99999999999998,nan,nan,nan,nan,nan,nan,nan,49.99999999999999
66120.0,49.99999999999999,49.99999999999999,49.99999999999999,49.99999999999999,49.99999999999997,50.00000000000001,49.99999999999999,49.99999999999999,49.99999999999999,50.00000000000001,49.999999999999986,49.999999999999986,49.99999999999999,nan,nan,nan,nan,nan,nan,nan,49.99999999999999
66180.0,49.99999999999999,49.99999999999997,50.00000000000001,49.99999999999997,50.0,50.00000000000002,49.999999999999986,49.99999999999999,50.0,50.0,49.99999999999999,50.000000000000036,49.999999999999986,nan,nan,nan,nan,nan,nan,nan,49.99999999999999
66240.0,49.99999999999999,50.0,50.0,49.999999999999986,50.0,50.00000000000001,50.00000000000003,50.0,49.99999999999998,49.999999999999986,50.00000000000001,50.00000000000001,49.99999999999999,nan,nan,nan,nan,nan,nan,nan,49.99999999999999
66300.0,49.99999999999999,50.0,49.99999999999999,50.0,49.99999999999998,49.99999999999998,49.99999999999997,49.99999999999998,50.0,49.99999999999998,50.0,49.99999999999997,49.99999999999997,nan,nan,nan,nan,nan,nan,nan,49.99999999999999
66360.0,49.99999999999999,49.99999999999997,49.99999999999999,50.0,50.0,50.0,49.99999999999998,50.0,50.00000000000001,49.99999999999999,49.999999999999986,49.99999999999997,49.99999999999999,nan,nan,nan,nan,nan,nan,nan,49.99999999999999
66420.0,49.99999999999999,49.99999999999997,50.00000000000001,49.999999999999986,49.99999999999999,50.00000000000002,49.99999999999998,50.0,50.0,50.000000000000014,50.00000000000001,49.99999999999999,49.999999999999986,nan,nan,nan,nan,nan,nan,nan,49.99999999999999
66480.0,49.99999999999999,50.0,49.999999999999986,50.0,49.999999999999986,49.99999999999999,50.0,50.00000000000001,49.99999999999999,49.99999999999997,49.999999999999986,50.0,49.999999999999986,nan,nan,nan,nan,nan,nan,nan,49.99999999999999
66540.0,49.99999999999999,49.999999999999986,49.99999999999999,50.00000000000001,50.0,49.99999999999997,49.99999999999999,49.99999999999999,49.999999999999986,50.0,50.00000000000001,49.99999999999997,50.0,nan,nan,nan,nan,nan,nan,nan,49.99999999999999
66600.0,49.99999999999999,49.99999999999999,50.0,49.99999999999999,49.999999999999986,50.000000000000014,49.999999999999986,50.00000000000001,50.0,49.999999999999986,49.99999999999997,50.000000000000036,50.00000000000001,nan,nan,nan,nan,nan,nan,nan,49.99999999999999
66660.0,49.99999999999999,49.99999999999999,50.00000000000001,50.000000000000014,49.999999999999986,50.0,49.999999999999986,49.99999999999998,49.99999999999997,49.99999999999998,50.00000000000002,50.0,49.99999999999999,nan,nan,nan,nan,nan,nan,nan,49.99999999999999
66720.0,49.99999999999999,49.99999999999999,49.99999999999999,50.00000000000001,49.99999999999999,49.99999999999997,50.00000000000001,50.0,50.00000000000002,49.999999999999986,49.99999999999995,49.999999999999964,49.99999999999999,nan,nan,nan,nan,nan,nan,nan,49.99999999999999
66780.0,49.99999999999999,49.99999999999999,49.99999999999997,49.999999999999986,49.999999999999986,50.0,49.99999999999999,50.0,50.000000000000014,50.0,49.99999999999997,50.000000000000014,49.99999999999999,nan,nan,nan,nan,nan,nan,nan,49.99999999999999
66840.0,49.99999999999999,49.999999999999986,50.0,49.99999999999998,50.0,50.000000000000014,50.0,49.99999999999997,49.999999999999964,49.999999999999986,49.99999999999998,49.999999999999964,49.99999999999997,nan,nan,nan,nan,nan,nan,nan,49.99999999999999
66900.0,49.99999999999999,49.99999999999999,49.99999999999998,50.00000000000001,49.999999999999986,49.99999999999998,50.000000000000014,49.99999999999998,49.99999999999997,49.999999999999964,50.000000000000014,50.00000000000002,49.999999999999986,nan,nan,nan,nan,nan,nan,nan,49.99999999999999
66960.0,49.99999999999999,49.99999999999999,49.999999999999986,50.00000000000001,50.0,49.99999999999999,49.99999999999998,50.000000000000014,49.99999999999999,50.0,50.0,50.0,49.99999999999999,nan,nan,nan,nan,nan,nan,nan,49.99999999999999
67020.0,49.99999999999999,49.999999999999964,49.999999999999986,49.99999999999997,49.99999999999998,50.000000000000014,49.99999999999999,49.999999999999986,50.0,50.00000000000001,50.0,50.0,50.00000000000001,nan,nan,nan,nan,nan,nan,nan,49.99999999999999
67080.0,49.99999999999999,49.99999999999999,50.0,49.999999999999986,49.99999999999999,49.99999999999999,50.0,49.99999999999999,49.99999999999999,49.99999999999998,50.00000000000001,50.0,49.99999999999998,nan,nan,nan,nan,nan,nan,nan,49.99999999999999
67140.0,49.99999999999999,50.0,49.99999999999999,50.00000000000001,49.99999999999998,49.99999999999997,50.0,49.99999999999998,49.999999999999986,49.99999999999998,49.99999999999998,49.99999999999999,49.99999999999997,nan,nan,nan,nan,nan,nan,nan,49.99999999999999
67200.0,49.99999999999999,50.0,49.99999999999999,49.99999999999999,50.00000000000001,49.999999999999964,49.99999999999999,49.99999999999999,50.0,50.0,49.99999999999998,49.999999999999986,50.00000000000001,nan,nan,nan,nan,nan,nan,nan,49.99999999999999
67260.0,49.99999999999999,50.000000000000014,49.999999999999986,50.0,49.999999999999986,50.00000000000002,50.00000000000002,49.99999999999999,50.0,49.99999999999998,50.00000000000001,49.99999999999997,49.99999999999998,nan,nan,nan,nan,nan,nan,nan,49.99999999999999
67320.0,49.99999999999999,49.99999999999998,49.999999999999986,50.00000000000001,50.000000000000014,50.0,49.99999999999998,50.000000000000014,50.0,50.0,49.99999999999998,50.0,49.99999999999999,nan,nan,nan,nan,nan,nan,nan,49.99999999999999
67380.0,49.99999999999999,50.0,50.0,50.0,49.999999999999986,49.99999999999998,49.999999999999986,50.000000000000014,50.00000000000001,49.99999999999998,49.99999999999999,50.0,49.999999999999986,nan,nan,nan,nan,nan,nan,nan,49.99999999999999
67440.0,49.99999999999999,49.99999999999999,49.99999999999999,50.0,49.99999999999999,49.999999999999986,50.00000000000001,49.999999999999986,50.00000000000003,49.99999999999998,50.0,50.00000000000001,49.99999999999998,nan,nan,nan,nan,nan,nan,nan,49.99999999999999
67500.0,49.99999999999999,49.999999999999986,50.0,50.0,50.00000000000001,50.00000000000001,49.99999999999999,49.999999999999986,50.000000000000014,49.99999999999999,49.99999999999999,50.000000000000014,50.0,nan,nan,nan,nan,nan,nan,nan,49.99999999999999
67560.0,49.99999999999999,49.99999999999997,50.00000000000001,50.0,49.999999999999986,49.99999999999999,50.0,50.0,50.000000000000014,49.99999999999999,50.000000000000014,49.99999999999999,50.00000000000001,nan,nan,nan,nan,nan,nan,nan,49.99999999999999
67620.0,49.99999999999999,49.999999999999986,49.99999999999998,49.999999999999986,50.0,49.99999999999999,50.0,50.00000000000001,49.99999999999999,49.999999999999986,49.999999999999986,50.00000000000002,50.0,nan,nan,nan,nan,nan,nan,nan,49.99999999999999
67680.0,49.99999999999999,49.99999999999999,50.00000000000001,50.0,49.99999999999999,50.0,50.0,49.99999999999998,49.99999999999998,49.999999999999986,50.0,49.99999999999997,50.0,nan,nan,nan,nan,nan,nan,nan,49.99999999999999
67740.0,49.99999999999999,50.0,50.0,49.99999999999999,49.99999999999998,50.0,49.999999999999986,49.999999999999986,50.000000000000014,49.99999999999999,49.99999999999999,49.99999999999999,50.00000000000001,nan,nan,nan,nan,nan,nan,nan,49.99999999999999
67800.0,49.99999999999999,50.00000000000001,49.99999999999999,49.99999999999999,49.999999999999986,50.0,49.99999999999999,50.00000000000002,49.999999999999964,50.0,50.0,50.00000000000001,49.999999999999964,nan,nan,nan,nan,nan,nan,nan,49.99999999999999
67860.0,49.99999999999999,49.99999999999996,50.0,50.0,49.99999999999999,50.0,50.00000000000002,49.99999999999999,50.0,49.99999999999998,49.999999999999986,50.0,50.00000000000001,nan,nan,nan,nan,nan,nan,nan,49.99999999999999
67920.0,49.99999999999999,49.99999999999999,49.99999999999999,49.999999999999986,49.999999999999986,49.99999999999997,49.99999999999999,49.999999999999986,50.000000000000014,50.00000000000002,50.000000000000014,49.99999999999997,50.0,nan,nan,nan,nan,nan,nan,nan,49.99999999999999
67980.0,49.99999999999999,50.00000000000001,50.0,49.999999999999986,49.99999999999999,49.99999999999999,49.999999999999986,50.00000000000001,49.99999999999999,49.99999999999999,49.99999999999998,49.999999999999986,50.0,nan,nan,nan,nan,nan,nan,nan,49.99999999999999
68040.0,49.99999999999999,49.99999999999998,50.000000000000014,50.00000000000001,49.99999999999999,49.99999999999999,50.000000000000014,49.999999999999986,50.00000000000002,49.99999999999999,50.000000000000014,50.00000000000001,49.999999999999986,nan,nan,nan,nan,nan,nan,nan,49.99999999999999
68100.0,49.99999999999999,50.0,50.0,50.0,50.00000000000002,49.99999999999998,49.99999999999997,50.000000000000014,49.99999999999999,50.000000000000014,49.99999999999997,49.99999999999998,49.999999999999964,nan,nan,nan,nan,nan,nan,nan,49.99999999999999
68160.0,49.99999999999999,50.0,49.99999999999999,50.000000000000014,50.0,49.99999999999999,49.99999999999999,50.0,49.99999999999999,50.00000000000001,50.00000000000003,49.99999999999997,50.00000000000003,nan,nan,nan,nan,nan,nan,nan,49.99999999999999
68220.0,49.99999999999999,49.99999999999997,49.99999999999998,49.99999999999997,49.99999999999998,49.99999999999997,49.99999999999999,49.999999999999986,49.99999999999999,49.999999999999986,50.00000000000001,49.99999999999998,49.99999999999998,nan,nan,nan,nan,nan,nan,nan,49.99999999999999
68280.0,49.99999999999999,49.999999999999986,49.99999999999999,49.999999999999986,49.99999999999996,50.0,49.999999999999986,50.0,49.999999999999986,49.99999999999998,49.99999999999995,49.999999999999986,49.999999999999986,nan,nan,nan,nan,nan,nan,nan,49.99999999999999
68340.0,49.99999999999999,50.00000000000003,50.000000000000014,49.99999999999998,49.999999999999986,50.00000000000001,50.00000000000003,50.0,49.999999999999964,49.999999999999986,50.00000000000001,50.0,49.99999999999998,nan,nan,nan,nan,nan,nan,nan,49.99999999999999
68400.0,49.99999999999999,50.0,50.0,50.00000000000001,49.99999999999999,49.99999999999998,49.99999999999998,50.0,50.00000000000001,49.99999999999999,50.00000000000002,49.99999999999999,49.99999999999999,nan,nan,nan,nan,nan,nan,nan,49.99999999999999
68460.0,49.99999999999999,50.0,49.99999999999998,49.999999999999986,50.00000000000001,49.999999999999986,50.000000000000014,49.99999999999998,49.99999999999999,50.0,49.99999999999998,50.00000000000001,49.99999999999998,nan,nan,nan,nan,nan,nan,nan,49.99999999999999
68520.0,49.99999999999999,49.99999999999998,50.000000000000014,50.000000000000014,49.99999999999999,50.0,49.99999999999998,49.99999999999999,50.0,49.99999999999998,50.00000000000001,49.99999999999998,49.99999999999999,nan,nan,nan,nan,nan,nan,nan,49.99999999999999
68580.0,49.99999999999999,49.99999999999999,49.99999999999999,49.99999999999999,50.000000000000014,50.0,50.00000000000002,50.0,49.99999999999999,50.0,50.00000000000001,50.000000000000014,50.0,nan,nan,nan,nan,nan,nan,nan,49.99999999999999
68640.0,49.99999999999999,49.99999999999996,49.999999999999986,50.0,50.0,49.999999999999986,49.99999999999997,50.00000000000001,49.999999999999986,50.0,49.999999999999986,49.999999999999986,49.99999999999997,nan,nan,nan,nan,nan,nan,nan,49.99999999999999
68700.0,49.99999999999999,50.00000000000003,50.0,49.999999999999986,49.999999999999986,49.999999999999986,49.99999999999997,49.99999999999999,49.99999999999998,49.99999999999999,49.99999999999998,49.999999999999964,49.99999999999999,nan,nan,nan,nan,nan,nan,nan,49.99999999999999
68760.0,49.99999999999999,50.0,49.99999999999999,49.999999999999986,49.99999999999998,50.000000000000014,50.00000000000002,49.999999999999986,50.0,49.999999999999986,49.999999999999986,49.99999999999999,49.99999999999997,nan,nan,nan,nan,nan,nan,nan,49.99999999999999
68820.0,49.99999999999999,49.999999999999986,50.0,49.99999999999999,49.99999999999999,49.99999999999999,49.99999999999998,50.00000000000001,50.000000000000014,49.99999999999999,49.999999999999986,50.00000000000001,50.00000000000001,nan,nan,nan,nan,nan,nan,nan,49.99999999999999
68880.0,49.99999999999999,49.99999999999997,50.00000000000001,50.00000000000001,49.999999999999986,50.0,49.99999999999997,50.0,50.0,49.999999999999986,49.99999999999999,50.0,49.999999999999986,nan,nan,nan,nan,nan,nan,nan,49.99999999999999
68940.0,49.99999999999999,49.999999999999986,49.99999999999998,50.0,49.999999999999986,50.00000000000005,49.99999999999998,50.0,50.00000000000004,49.99999999999998,49.99999999999999,49.99999999999999,50.0,nan,nan,nan,nan,nan,nan,nan,49.99999999999999
69000.0,49.99999999999999,50.00000000000001,49.99999999999997,49.99999999999999,49.99999999999998,50.00000000000003,50.0,49.99999999999999,49.99999999999998,49.99999999999998,49.99999999999999,50.00000000000001,49.999999999999986,nan,nan,nan,nan,nan,nan,nan,49.99999999999999
69060.0,49.99999999999999,49.99999999999998,50.0,49.99999999999999,49.99999999999999,49.999999999999986,49.99999999999997,49.999999999999986,49.99999999999998,50.0,50.00000000000001,49.99999999999999,49.99999999999999,nan,nan,nan,nan,nan,nan,nan,49.99999999999999
69120.0,49.99999999999999,49.999999999999986,50.0,49.99999999999999,50.0,49.999999999999964,49.99999999999999,49.99999999999999,49.99999999999997,49.99999999999998,49.999999999999986,49.99999999999999,49.999999999999986,nan,nan,nan,nan,nan,nan,nan,49.99999999999999
69180.0,49.99999999999999,50.0,50.00000000000001,49.999999999999986,49.99999999999999,49.99999999999996,49.999999999999986,49.99999999999999,49.99999999999998,49.99999999999998,50.0,50.00000000000001,49.99999999999999,nan,nan,nan,nan,nan,nan,nan,49.99999999999999
69240.0,49.99999999999999,50.0,50.00000000000002,50.0,50.00000000000001,50.000000000000036,49.99999999999997,49.99999999999999,49.99999999999999,49.99999999999997,50.00000000000001,49.999999999999986,49.99999999999997,nan,nan,nan,nan,nan,nan,nan,49.99999999999999
69300.0,49.99999999999999,50.00000000000002,49.99999999999999,50.00000000000001,50.00000000000001,50.00000000000002,49.99999999999999,50.0,49.99999999999999,50.00000000000001,50.0,50.0,49.99999999999998,nan,nan,nan,nan,nan,nan,nan,49.99999999999999
69360.0,49.99999999999999,49.99999999999998,49.99999999999998,49.99999999999999,50.00000000000001,49.99999999999998,50.00000000000001,49.999999999999986,49.999999999999986,49.999999999999964,50.000000000000014,49.999999999999986,49.99999999999999,nan,nan,nan,nan,nan,nan,nan,49.99999999999999
69420.0,49.99999999999999,50.000000000000014,49.999999999999986,49.99999999999999,50.00000000000001,50.0,49.999999999999986,50.000000000000014,50.0,50.0,49.99999999999998,50.00000000000001,49.99999999999994,nan,nan,nan,nan,nan,nan,nan,49.99999999999999
69480.0,49.99999999999999,50.0,49.999999999999986,49.999999999999986,50.00000000000001,49.99999999999999,50.00000000000001,49.99999999999999,49.99999999999998,50.000000000000014,49.99999999999998,50.00000000000002,49.999999999999986,nan,nan,nan,nan,nan,nan,nan,49.99999999999999
69540.0,49.99999999999999,50.00000000000001,50.0,50.00000000000002,50.0,50.0,49.99999999999997,49.999999999999986,49.99999999999997,50.0,49.99999999999997,49.999999999999986,49.99999999999997,nan,nan,nan,nan,nan,nan,nan,49.99999999999999
69600.0,49.99999999999999,49.99999999999998,49.99999999999999,49.99999999999999,49.99999999999998,49.999999999999986,49.99999999999999,49.99999999999999,50.0,49.99999999999999,49.999999999999986,50.00000000000001,49.999999999999986,nan,nan,nan,nan,nan,nan,nan,49.99999999999999
69660.0,49.99999999999999,49.99999999999999,50.0,49.99999999999998,49.99999999999997,49.99999999999999,50.000000000000014,50.000000000000014,50.0,49.999999999999986,50.0,49.99999999999999,50.000000000000014,nan,nan,nan,nan,nan,nan,nan,49.99999999999999
69720.0,49.99999999999999,50.0,49.999999999999986,50.000000000000014,50.00000000000001,50.0,50.0,50.00000000000001,49.99999999999998,50.00000000000001,50.0,49.999999999999986,50.00000000000001,nan,nan,nan,nan,nan,nan,nan,49.99999999999999
69780.0,49.99999999999999,49.99999999999997,49.99999999999998,50.00000000000001,49.999999999999986,49.99999999999998,50.000000000000014,49.99999999999998,49.99999999999998,49.999999999999986,49.99999999999999,50.0,49.999999999999964,nan,nan,nan,nan,nan,nan,nan,49.99999999999999
69840.0,49.99999999999999,50.0,49.999999999999986,49.999999999999964,50.0,50.00000000000001,50.0,49.999999999999986,49.99999999999999,49.99999999999999,49.999999999999986,49.99999999999998,50.0,nan,nan,nan,nan,nan,nan,nan,49.99999999999999
69900.0,49.99999999999999,49.99999999999998,50.0,50.00000000000003,49.99999999999999,49.99999999999999,49.999999999999986,49.99999999999997,49.99999999999999,49.99999999999998,49.99999999999999,49.999999999999986,49.99999999999998,nan,nan,nan,nan,nan,nan,nan,49.99999999999999
69960.0,49.99999999999999,49.99999999999999,49.999999999999986,50.0,50.0,49.99999999999997,50.00000000000001,49.99999999999998,49.99999999999998,49.99999999999999,50.0,50.0,49.999999999999986,nan,nan,nan,nan,nan,nan,nan,49.99999999999999
70020.0,49.99999999999999,50.000000000000014,50.00000000000001,50.00000000000002,49.99999999999998,50.00000000000001,49.99999999999999,50.000000000000014,50.0,49.99999999999999,49.999999999999986,49.999999999999986,49.99999999999997,nan,nan,nan,nan,nan,nan,nan,49.99999999999999
70080.0,49.99999999999999,49.99999999999999,50.00000000000001,50.00000000000001,49.99999999999999,50.0,50.00000000000001,50.00000000000001,50.0,49.99999999999999,50.00000000000001,49.99999999999998,49.999999999999986,nan,nan,nan,nan,nan,nan,nan,50.0
70140.0,49.99999999999999,49.99999999999998,49.99999999999999,49.99999999999999,49.99999999999999,49.999999999999986,50.00000000000001,50.0,49.999999999999986,49.99999999999999,50.0,50.00000000000002,50.00000000000002,nan,nan,nan,nan,nan,nan,nan,49.99999999999999
70200.0,49.99999999999999,50.00000000000001,49.999999999999986,50.0,50.0,50.0,49.99999999999999,49.99999999999999,50.0,49.99999999999997,50.0,49.99999999999999,50.00000000000001,nan,nan,nan,nan,nan,nan,nan,49.99999999999999
70260.0,49.99999999999999,49.999999999999964,49.99999999999999,49.99999999999998,49.99999999999998,49.99999999999998,49.999999999999986,50.0,49.99999999999998,50.00000000000001,49.99999999999998,50.000000000000014,49.999999999999964,nan,nan,nan,nan,nan,nan,nan,49.99999999999999
70320.0,49.99999999999999,49.99999999999999,49.999999999999964,50.000000000000014,50.000000000000014,50.00000000000001,49.99999999999999,49.99999999999998,49.999999999999986,49.99999999999998,49.99999999999997,49.99999999999997,50.00000000000001,nan,nan,nan,nan,nan,nan,nan,49.99999999999999
70380.0,49.99999999999999,50.000000000000014,49.99999999999998,49.99999999999999,50.000000000000014,49.99999999999998,49.99999999999997,49.99999999999999,49.99999999999998,50.00000000000001,49.999999999999986,49.99999999999999,50.0,nan,nan,nan,nan,nan,nan,nan,49.99999999999999
70440.0,49.99999999999999,50.00000000000001,49.99999999999999,50.00000000000001,50.00000000000001,49.99999999999997,49.99999999999999,49.99999999999998,49.99999999999996,50.00000000000002,50.00000000000001,50.00000000000001,50.0,nan,nan,nan,nan,nan,nan,nan,49.99999999999999
70500.0,49.99999999999999,49.99999999999998,49.999999999999986,50.00000000000001,49.999999999999986,50.00000000000001,50.00000000000001,50.000000000000014,50.000000000000014,49.999999999999986,49.99999999999998,49.99999999999995,50.0,nan,nan,nan,nan,nan,nan,nan,49.99999999999999
70560.0,49.99999999999999,49.999999999999986,50.00000000000002,49.99999999999999,49.999999999999986,49.99999999999994,49.999999999999986,50.00000000000001,49.999999999999986,50.0,49.99999999999999,49.99999999999999,49.99999999999999,nan,nan,nan,nan,nan,nan,nan,49.99999999999999
70620.0,49.99999999999999,49.99999999999997,49.99999999999999,49.99999999999999,49.99999999999997,49.999999999999986,49.99999999999998,49.99999999999999,49.999999999999964,50.000000000000014,49.99999999999999,50.00000000000002,49.99999999999999,nan,nan,nan,nan,nan,nan,nan,49.99999999999999
70680.0,49.99999999999999,49.99999999999998,49.99999999999999,49.99999999999996,50.000000000000014,50.00000000000001,50.00000000000001,50.00000000000001,49.99999999999999,50.00000000000001,49.99999999999998,50.0,49.99999999999997,nan,nan,nan,nan,nan,nan,nan,49.99999999999999
70740.0,49.99999999999999,49.99999999999996,50.00000000000001,49.99999999999998,49.99999999999998,49.999999999999964,49.99999999999999,49.99999999999998,50.0,49.999999999999986,50.00000000000002,49.99999999999999,49.99999999999999,nan,nan,nan,nan,nan,nan,nan,49.99999999999999
70800.0,49.99999999999999,50.0,49.99999999999998,49.99999999999999,50.0,50.00000000000001,50.00000000000001,50.0,49.99999999999999,50.0,50.0,49.99999999999999,49.999999999999986,nan,nan,nan,nan,nan,nan,nan,49.99999999999999
70860.0,49.99999999999999,49.99999999999998,50.000000000000014,49.99999999999998,50.000000000000014,50.00000000000001,49.999999999999986,49.999999999999986,49.99999999999998,49.999999999999986,49.999999999999964,49.99999999999999,49.99999999999998,nan,nan,nan,nan,nan,nan,nan,49.99999999999999
70920.0,49.99999999999999,50.000000000000014,50.0,49.999999999999986,50.0,49.999999999999986,49.99999999999998,49.99999999999999,50.0,50.00000000000001,50.00000000000001,49.99999999999999,50.000000000000014,nan,nan,nan,nan,nan,nan,nan,49.99999999999999
70980.0,49.99999999999999,49.99999999999995,49.999999999999986,50.000000000000014,50.0,50.0,49.999999999999964,50.0,49.999999999999986,50.00000000000001,50.000000000000014,50.00000000000001,49.99999999999999,nan,nan,nan,nan,nan,nan,nan,49.99999999999999
71040.0,49.99999999999999,49.99999999999997,50.00000000000001,50.0,50.0,49.999999999999964,50.00000000000001,50.0,49.999999999999986,49.999999999999986,49.99999999999998,50.000000000000014,50.00000000000001,nan,nan,nan,nan,nan,nan,nan,49.99999999999999
71100.0,49.99999999999999,50.00000000000001,50.000000000000014,49.999999999999986,50.0,50.0,49.99999999999998,50.00000000000001,49.999999999999986,49.999999999999986,49.99999999999998,50.0,49.99999999999998,nan,nan,nan,nan,nan,nan,nan,49.99999999999999
71160.0,49.99999999999999,49.99999999999999,50.00000000000001,50.000000000000014,49.99999999999998,49.99999999999999,50.000000000000014,49.99999999999999,49.999999999999986,50.00000000000001,49.99999999999998,49.99999999999998,49.99999999999998,nan,nan,nan,nan,nan,nan,nan,49.99999999999999
71220.0,49.99999999999999,50.00000000000001,49.999999999999986,49.99999999999998,49.99999999999999,49.999999999999986,49.999999999999986,49.99999999999999,50.0,49.99999999999999,49.99999999999996,50.0,50.00000000000002,nan,nan,nan,nan,nan,nan,nan,49.99999999999999
71280.0,49.99999999999999,50.00000000000001,50.000000000000014,49.99999999999998,49.999999999999986,50.000000000000014,49.99999999999999,49.99999999999999,49.99999999999997,49.999999999999986,49.99999999999999,49.99999999999996,50.00000000000002,nan,nan,nan,nan,nan,nan,nan,49.99999999999999
71340.0,49.99999999999999,49.99999999999999,49.999999999999986,49.99999999999999,50.00000000000001,49.99999999999999,49.999999999999986,50.00000000000001,49.99999999999997,49.999999999999986,49.99999999999996,49.99999999999999,50.0,nan,nan,nan,nan,nan,nan,nan,49.99999999999999
71400.0,49.99999999999999,49.99999999999999,49.99999999999999,50.00000000000002,49.999999999999986,50.00000000000002,50.00000000000002,50.0,50.0,49.99999999999997,49.99999999999997,49.99999999999998,49.99999999999997,nan,nan,nan,nan,nan,nan,nan,49.99999999999999
71460.0,49.99999999999999,49.999999999999986,50.00000000000001,49.99999999999999,49.99999999999997,50.0,49.99999999999998,49.99999999999999,49.99999999999998,50.0,49.99999999999999,50.00000000000001,50.0,nan,nan,nan,nan,nan,nan,nan,49.99999999999999
71520.0,49.99999999999999,50.00000000000001,49.999999999999986,49.99999999999999,49.99999999999999,50.0,49.99999999999997,50.0,49.99999999999999,50.0,49.999999999999964,50.0,50.0,nan,nan,nan,nan,nan,nan,nan,49.99999999999999
71580.0,49.99999999999999,50.0,49.999999999999986,49.99999999999999,50.0,50.00000000000003,49.99999999999998,49.999999999999986,49.99999999999999,49.99999999999997,49.99999999999997,49.999999999999964,49.99999999999999,nan,nan,nan,nan,nan,nan,nan,49.99999999999999
71640.0,49.99999999999999,50.0,49.99999999999998,50.00000000000002,50.000000000000014,49.999999999999964,49.99999999999998,49.999999999999964,49.99999999999999,49.999999999999986,49.99999999999999,49.999999999999986,50.0,nan,nan,nan,nan,nan,nan,nan,49.99999999999999
71700.0,49.99999999999999,49.999999999999986,50.000000000000014,49.999999999999986,49.999999999999986,50.0,49.99999999999997,49.999999999999986,49.999999999999986,49.999999999999986,50.00000000000001,49.999999999999986,49.99999999999998,nan,nan,nan,nan,nan,nan,nan,49.99999999999999
71760.0,49.99999999999999,49.99999999999998,50.0,49.99999999999997,49.99999999999999,49.99999999999997,50.0,50.0,49.99999999999999,49.999999999999986,49.99999999999999,50.00000000000001,50.0,nan,nan,nan,nan,nan,nan,nan,49.99999999999999
71820.0,49.99999999999999,49.99999999999999,49.999999999999986,50.000000000000036,49.99999999999999,50.000000000000014,50.00000000000001,50.0,49.99999999999998,49.99999999999999,49.999999999999964,50.0,50.00000000000001,nan,nan,nan,nan,nan,nan,nan,49.99999999999999
71880.0,49.99999999999999,49.999999999999986,50.0,49.99999999999999,50.000000000000014,49.99999999999999,49.99999999999999,49.99999999999998,50.0,50.00000000000003,49.99999999999997,49.999999999999986,49.999999999999986,nan,nan,nan,nan,nan,nan,nan,49.99999999999999
71940.0,49.99999999999999,50.00000000000001,50.00000000000001,50.0,49.99999999999998,50.0,50.0,49.99999999999999,49.99999999999999,49.999999999999964,50.000000000000014,49.999999999999986,50.0,nan,nan,nan,nan,nan,nan,nan,49.99999999999999
72000.0,49.99999999999999,49.99999999999999,50.0,49.999999999999986,50.00000000000001,50.00000000000001,49.99999999999999,49.99999999999998,49.999999999999986,50.0,50.00000000000001,50.00000000000002,49.999999999999964,nan,nan,nan,nan,nan,nan,nan,49.99999999999999
72060.0,49.99999999999999,50.0,49.99999999999998,50.0,49.99999999999999,50.000000000000014,50.0,49.99999999999999,50.0,49.99999999999997,49.99999999999998,49.999999999999986,49.99999999999997,nan,nan,nan,nan,nan,nan,nan,49.99999999999999
72120.0,49.99999999999999,49.99999999999998,49.99999999999997,49.999999999999986,49.99999999999999,50.00000000000001,50.000000000000014,50.000000000000014,49.99999999999994,50.00000000000001,50.0,49.99999999999999,50.00000000000001,nan,nan,nan,nan,nan,nan,nan,49.99999999999999
72180.0,49.99999999999999,50.00000000000001,49.99999999999999,49.99999999999999,49.99999999999998,49.99999999999997,49.99999999999998,50.0,49.999999999999986,49.999999999999986,49.999999999999964,49.999999999999986,49.99999999999999,nan,nan,nan,nan,nan,nan,nan,49.99999999999999
72240.0,49.99999999999999,49.99999999999998,49.99999999999999,50.0,50.00000000000001,50.0,49.999999999999964,49.99999999999999,50.0,49.99999999999998,49.999999999999986,50.000000000000014,50.000000000000014,nan,nan,nan,nan,nan,nan,nan,49.99999999999999
72300.0,49.99999999999999,50.000000000000014,50.0,50.00000000000001,49.999999999999986,49.99999999999997,50.0,49.99999999999998,49.999999999999986,50.000000000000014,50.0,50.00000000000001,49.999999999999986,nan,nan,nan,nan,nan,nan,nan,49.99999999999999
72360.0,49.99999999999999,49.99999999999998,50.0,49.99999999999997,49.99999999999999,49.999999999999964,49.999999999999986,49.999999999999986,49.99999999999999,50.00000000000001,49.999999999999986,49.99999999999998,49.99999999999998,nan,nan,nan,nan,nan,nan,nan,49.99999999999999
72420.0,49.99999999999999,50.0,50.0,49.99999999999998,49.99999999999999,50.000000000000014,50.0,50.0,50.00000000000001,50.0,49.99999999999999,49.999999999999964,50.000000000000014,nan,nan,nan,nan,nan,nan,nan,49.99999999999999
72480.0,49.99999999999999,49.99999999999997,50.0,50.00000000000001,50.000000000000014,49.99999999999998,50.000000000000014,49.99999999999998,49.99999999999999,49.999999999999986,49.99999999999999,49.99999999999998,50.000000000000014,nan,nan,nan,nan,nan,nan,nan,49.99999999999999
72540.0,49.99999999999999,50.0,50.0,50.00000000000003,49.99999999999999,49.99999999999998,49.99999999999999,50.0,49.99999999999999,50.0,50.0,49.99999999999999,49.999999999999986,nan,nan,nan,nan,nan,nan,nan,49.99999999999999
72600.0,49.99999999999999,50.0,50.0,49.99999999999999,50.0,49.999999999999986,49.99999999999998,49.99999999999999,49.99999999999999,49.99999999999998,50.0,49.99999999999999,49.999999999999986,nan,nan,nan,nan,nan,nan,nan,49.99999999999999
72660.0,49.99999999999999,50.000000000000014,49.99999999999999,50.0,49.99999999999999,49.99999999999998,49.99999999999998,49.999999999999986,49.999999999999964,50.000000000000014,49.99999999999997,50.0,49.99999999999999,nan,nan,nan,nan,nan,nan,nan,49.99999999999999
72720.0,49.99999999999999,49.999999999999986,49.99999999999999,49.99999999999999,49.999999999999964,49.999999999999986,49.99999999999998,49.99999999999999,50.0,49.999999999999964,49.999999999999986,50.00000000000001,49.99999999999999,nan,nan,nan,nan,nan,nan,nan,49.99999999999999
72780.0,49.99999999999999,50.00000000000001,49.99999999999998,50.0,50.000000000000014,50.00000000000001,49.99999999999999,49.999999999999986,50.0,49.99999999999999,49.99999999999998,49.99999999999999,49.99999999999999,nan,nan,nan,nan,nan,nan,nan,49.99999999999999
72840.0,49.99999999999999,49.99999999999999,50.00000000000001,50.000000000000014,50.0,49.999999999999986,50.00000000000003,50.0,50.00000000000001,49.99999999999998,49.99999999999997,50.00000000000002,49.99999999999998,nan,nan,nan,nan,nan,nan,nan,49.99999999999999
72900.0,49.99999999999999,50.000000000000014,49.99999999999998,49.99999999999998,49.99999999999998,49.99999999999997,50.000000000000014,49.999999999999986,50.00000000000001,49.99999999999999,49.99999999999997,49.999999999999986,49.999999999999964,nan,nan,nan,nan,nan,nan,nan,49.99999999999999
72960.0,49.99999999999999,50.00000000000002,49.99999999999998,50.00000000000001,50.0,49.999999999999986,50.000000000000014,49.99999999999998,49.999999999999986,50.00000000000001,50.0,49.999999999999986,49.999999999999986,nan,nan,nan,nan,nan,nan,nan,49.99999999999999
73020.0,49.99999999999999,49.999999999999964,50.0,49.99999999999996,50.000000000000014,50.000000000000014,50.0,49.99999999999998,49.999999999999986,49.99999999999999,50.00000000000001,49.999999999999986,50.00000000000001,nan,nan,nan,nan,nan,nan,nan,49.99999999999999
73080.0,49.99999999999999,50.00000000000001,50.0,50.00000000000001,49.99999999999998,50.00000000000001,49.99999999999997,49.999999999999986,50.0,49.99999999999999,50.00000000000001,49.99999999999999,49.99999999999997,nan,nan,nan,nan,nan,nan,nan,49.99999999999999
73140.0,49.99999999999999,50.0,50.00000000000001,49.99999999999997,49.99999999999999,49.99999999999998,50.00000000000003,49.99999999999997,50.0,49.99999999999999,50.0,49.999999999999986,49.999999999999986,nan,nan,nan,nan,nan,nan,nan,49.99999999999999
73200.0,49.99999999999999,49.99999999999998,50.000000000000014,49.99999999999998,49.999999999999986,50.00000000000002,49.99999999999998,49.99999999999999,49.99999999999998,49.99999999999999,50.0,49.999999999999986,50.0,nan,nan,nan,nan,nan,nan,nan,49.99999999999999
73260.0,49.99999999999999,50.0,49.99999999999997,50.00000000000003,49.99999999999999,49.999999999999964,49.99999999999998,49.999999999999986,49.99999999999999,49.999999999999986,49.99999999999998,49.99999999999999,49.99999999999999,nan,nan,nan,nan,nan,nan,nan,49.99999999999999
73320.0,49.99999999999999,49.99999999999999,49.999999999999986,49.99999999999999,50.00000000000001,50.00000000000001,49.99999999999999,49.999999999999986,49.99999999999997,50.0,50.000000000000014,49.999999999999986,50.0,nan,nan,nan,nan,nan,nan,nan,49.99999999999999
73380.0,49.99999999999999,50.000000000000036,49.999999999999986,49.999999999999964,50.000000000000014,50.0,50.00000000000001,49.999999999999986,49.99999999999999,49.99999999999998,49.99999999999998,49.999999999999986,49.999999999999986,nan,nan,nan,nan,nan,nan,nan,49.99999999999999
73440.0,49.99999999999999,49.99999999999997,50.0,49.99999999999999,50.0,49.99999999999999,49.99999999999999,49.999999999999986,49.999999999999964,49.999999999999986,49.99999999999998,50.000000000000014,50.000000000000014,nan,nan,nan,nan,nan,nan,nan,49.99999999999999
73500.0,49.99999999999999,50.00000000000001,49.99999999999999,49.99999999999997,50.0,49.99999999999998,49.99999999999997,49.999999999999986,50.000000000000014,50.0,49.99999999999998,49.99999999999997,49.999999999999986,nan,nan,nan,nan,nan,nan,nan,49.99999999999999
73560.0,49.99999999999999,50.00000000000001,49.999999999999986,50.0,50.000000000000014,49.99999999999996,50.0,49.999999999999986,49.99999999999997,50.00000000000002,49.999999999999986,49.99999999999999,49.99999999999999,nan,nan,nan,nan,nan,nan,nan,49.99999999999999
73620.0,49.99999999999999,49.99999999999999,49.999999999999964,50.0,49.99999999999999,50.00000000000001,50.0,49.99999999999998,49.99999999999999,49.999999999999986,50.00000000000001,49.99999999999999,49.99999999999998,nan,nan,nan,nan,nan,nan,nan,49.99999999999999
73680.0,49.99999999999999,49.99999999999998,49.99999999999999,49.999999999999986,49.999999999999986,50.00000000000002,50.0,49.999999999999986,50.00000000000002,50.0,49.99999999999999,49.99999999999998,50.0,nan,nan,nan,nan,nan,nan,nan,49.99999999999999
73740.0,49.99999999999999,50.00000000000003,49.99999999999998,49.999999999999986,49.99999999999998,49.999999999999964,49.999999999999986,49.99999999999999,49.99999999999999,50.0,50.000000000000014,49.999999999999986,49.99999999999998,nan,nan,nan,nan,nan,nan,nan,49.99999999999999
73800.0,49.99999999999999,50.00000000000001,49.99999999999998,49.999999999999986,49.999999999999986,50.0,49.999999999999986,50.00000000000001,49.99999999999999,49.999999999999986,50.00000000000002,49.99999999999999,49.999999999999986,nan,nan,nan,nan,nan,nan,nan,49.99999999999999
73860.0,49.99999999999999,49.999999999999986,49.99999999999998,50.000000000000014,49.99999999999999,50.0,49.99999999999999,49.99999999999998,49.999999999999986,49.99999999999999,49.999999999999986,50.000000000000014,50.0,nan,nan,nan,nan,nan,nan,nan,49.99999999999999
73920.0,49.99999999999999,49.999999999999986,49.999999999999986,50.00000000000001,49.99999999999997,50.0,49.99999999999998,49.99999999999999,49.99999999999998,50.00000000000002,49.99999999999997,49.999999999999964,50.000000000000014,nan,nan,nan,nan,nan,nan,nan,49.99999999999999
73980.0,49.99999999999999,49.99999999999999,49.99999999999998,49.999999999999986,50.0,49.99999999999998,50.00000000000002,50.00000000000001,49.999999999999986,50.000000000000014,49.99999999999999,49.999999999999986,49.999999999999986,nan,nan,nan,nan,nan,nan,nan,49.99999999999999
74040.0,49.99999999999999,50.0,50.00000000000002,50.00000000000001,49.99999999999999,49.99999999999998,49.99999999999997,49.999999999999986,50.0,49.99999999999999,49.99999999999998,50.00000000000002,49.99999999999999,nan,nan,nan,nan,nan,nan,nan,49.99999999999999
74100.0,49.99999999999999,50.0,49.99999999999999,49.99999999999997,49.99999999999998,50.0,50.0,49.999999999999986,50.000000000000014,49.99999999999999,49.999999999999986,49.99999999999999,50.0,nan,nan,nan,nan,nan,nan,nan,49.99999999999999
74160.0,49.99999999999999,49.999999999999986,50.000000000000014,49.999999999999986,49.99999999999999,49.99999999999999,49.99999999999998,50.00000000000001,49.99999999999999,49.99999999999997,50.000000000000036,49.999999999999964,49.999999999999986,nan,nan,nan,nan,nan,nan,nan,49.99999999999999
74220.0,49.99999999999999,50.0,49.99999999999999,50.00000000000001,49.99999999999999,49.99999999999997,50.00000000000001,50.00000000000001,49.99999999999999,49.99999999999998,50.00000000000002,49.99999999999997,50.0,nan,nan,nan,nan,nan,nan,nan,49.99999999999999
74280.0,49.99999999999999,49.999999999999986,49.99999999999999,49.999999999999986,50.000000000000014,49.999999999999986,49.99999999999999,50.00000000000001,49.999999999999986,49.99999999999997,50.00000000000002,49.99999999999999,49.999999999999986,nan,nan,nan,nan,nan,nan,nan,49.99999999999999
74340.0,49.99999999999999,49.99999999999999,50.000000000000014,50.0,49.999999999999986,50.0,50.00000000000001,49.99999999999999,49.99999999999999,49.99999999999999,50.0,49.99999999999999,50.0,nan,nan,nan,nan,nan,nan,nan,49.99999999999999
74400.0,49.99999999999999,50.0,49.99999999999999,49.99999999999999,50.0,49.999999999999986,50.00000000000001,49.999999999999986,50.00000000000001,49.999999999999986,49.999999999999964,50.0,50.00000000000001,nan,nan,nan,nan,nan,nan,nan,49.99999999999999
74460.0,49.99999999999999,50.00000000000001,50.00000000000001,49.999999999999986,49.999999999999964,50.0,49.999999999999986,50.000000000000014,49.99999999999999,49.99999999999997,49.99999999999999,49.99999999999998,49.999999999999986,nan,nan,nan,nan,nan,nan,nan,49.99999999999999
74520.0,49.99999999999999,49.999999999999986,49.999999999999986,49.99999999999999,49.99999999999999,50.0,50.00000000000001,49.99999999999999,49.99999999999999,50.00000000000001,49.999999999999986,49.99999999999997,50.00000000000002,nan,nan,nan,nan,nan,nan,nan,49.99999999999999
74580.0,49.99999999999999,50.0,49.999999999999986,50.000000000000014,49.99999999999998,50.00000000000001,50.000000000000014,49.999999999999986,50.000000000000014,49.999999999999986,49.99999999999997,50.000000000000014,50.0,nan,nan,nan,nan,nan,nan,nan,49.99999999999999
74640.0,49.99999999999999,49.99999999999999,50.000000000000014,49.999999999999986,50.0,49.99999999999999,50.00000000000001,49.999999999999986,49.99999999999999,49.999999999999986,50.0,49.99999999999997,49.99999999999999,nan,nan,nan,nan,nan,nan,nan,49.99999999999999
74700.0,49.99999999999999,49.99999999999998,49.99999999999999,50.000000000000014,50.00000000000001,49.99999999999999,49.99999999999997,50.00000000000001,50.000000000000014,49.99999999999998,50.0,49.999999999999964,49.99999999999999,nan,nan,nan,nan,nan,nan,nan,49.99999999999999
74760.0,49.99999999999999,49.999999999999986,50.000000000000014,50.0,49.99999999999999,49.99999999999999,50.0,50.0,50.0,50.0,50.0,49.99999999999999,50.0,nan,nan,nan,nan,nan,nan,nan,49.99999999999999
74820.0,49.99999999999999,49.99999999999999,50.0,50.0,49.999999999999986,49.99999999999999,49.999999999999986,50.00000000000001,49.99999999999998,49.99999999999997,50.00000000000001,50.0,49.99999999999999,nan,nan,nan,nan,nan,nan,nan,49.99999999999999
74880.0,49.99999999999999,49.999999999999964,49.99999999999999,49.999999999999986,49.999999999999964,50.0,49.99999999999998,49.99999999999999,50.00000000000001,49.999999999999964,49.99999999999997,49.99999999999997,49.999999999999986,nan,nan,nan,nan,nan,nan,nan,49.99999999999999
74940.0,49.99999999999999,50.00000000000001,49.999999999999986,49.99999999999998,50.0,50.000000000000014,49.99999999999998,49.999999999999986,50.0,49.99999999999997,49.999999999999986,49.99999999999997,50.0,nan,nan,nan,nan,nan,nan,nan,49.99999999999999
75000.0,49.99999999999999,50.00000000000003,50.0,50.0,49.99999999999999,49.99999999999998,49.999999999999986,49.999999999999986,49.99999999999998,49.999999999999986,50.00000000000001,49.99999999999997,49.99999999999998,nan,nan,nan,nan,nan,nan,nan,49.99999999999999
75060.0,49.99999999999999,49.99999999999998,49.99999999999999,49.99999999999997,49.99999999999997,50.00000000000002,50.0,49.99999999999999,49.99999999999996,50.0,49.99999999999998,50.00000000000003,49.99999999999998,nan,nan,nan,nan,nan,nan,nan,49.99999999999999
75120.0,49.99999999999999,49.99999999999998,49.99999999999999,49.999999999999964,49.999999999999986,49.99999999999997,49.999999999999986,50.0,49.99999999999999,50.0,49.99999999999998,49.99999999999997,50.0,nan,nan,nan,nan,nan,nan,nan,49.99999999999999
75180.0,49.99999999999999,49.99999999999998,50.0,49.99999999999997,49.99999999999997,49.999999999999986,49.999999999999986,49.999999999999986,49.999999999999986,49.99999999999998,50.0,49.99999999999999,49.99999999999998,nan,nan,nan,nan,nan,nan,nan,49.99999999999999
75240.0,49.99999999999999,49.99999999999997,49.99999999999998,49.99999999999999,49.99999999999998,50.0,49.99999999999999,50.00000000000001,49.99999999999999,49.999999999999986,49.999999999999964,50.0,49.99999999999998,nan,nan,nan,nan,nan,nan,nan,49.99999999999999
75300.0,49.99999999999999,49.99999999999997,50.00000000000001,49.999999999999964,50.0,49.999999999999964,49.999999999999986,50.0,50.00000000000001,49.999999999999986,49.99999999999999,50.0,50.0,nan,nan,nan,nan,nan,nan,nan,49.99999999999999
75360.0,49.99999999999999,49.999999999999964,50.0,49.999999999999986,49.999999999999986,49.99999999999997,50.0,49.99999999999999,49.99999999999999,50.0,50.0,50.00000000000003,49.99999999999998,nan,nan,nan,nan,nan,nan,nan,49.99999999999999
75420.0,49.99999999999999,49.999999999999964,49.99999999999999,49.99999999999999,49.99999999999999,50.00000000000002,50.0,49.99999999999997,50.0,49.99999999999998,50.000000000000014,49.99999999999999,49.999999999999986,nan,nan,nan,nan,nan,nan,nan,49.99999999999999
75480.0,49.99999999999999,49.99999999999999,50.0,49.99999999999998,50.00000000000002,49.999999999999964,50.00000000000001,49.999999999999986,50.00000000000001,50.0,49.99999999999999,49.99999999999999,50.00000000000001,nan,nan,nan,nan,nan,nan,nan,49.99999999999999
75540.0,49.99999999999999,49.99999999999996,49.99999999999999,49.99999999999999,49.99999999999999,50.000000000000014,49.999999999999986,49.999999999999986,49.99999999999999,49.99999999999999,49.999999999999986,50.000000000000014,49.99999999999999,nan,nan,nan,nan,nan,nan,nan,49.99999999999999
75600.0,49.99999999999999,49.999999999999986,50.0,49.99999999999998,49.99999999999998,50.000000000000014,49.99999999999999,50.000000000000014,49.99999999999999,49.99999999999999,49.99999999999998,49.99999999999996,49.999999999999986,nan,nan,nan,nan,nan,nan,nan,49.99999999999999
75660.0,49.99999999999999,50.0,50.0,50.0,50.0,49.99999999999997,49.99999999999998,50.0,49.99999999999999,49.99999999999999,50.0,49.99999999999996,49.99999999999998,nan,nan,nan,nan,nan,nan,nan,49.99999999999999
75720.0,49.99999999999999,49.999999999999986,49.99999999999997,49.999999999999986,49.99999999999999,49.999999999999986,50.0,50.0,49.99999999999998,49.99999999999999,49.99999999999997,50.0,50.0,nan,nan,nan,nan,nan,nan,nan,49.99999999999999
75780.0,49.99999999999999,50.00000000000001,49.99999999999998,49.999999999999986,49.99999999999997,50.0,49.999999999999986,50.0,50.000000000000014,50.00000000000001,49.99999999999998,49.99999999999998,50.000000000000014,nan,nan,nan,nan,nan,nan,nan,49.99999999999999
75840.0,49.99999999999999,50.0,50.00000000000001,49.999999999999986,49.99999999999997,49.99999999999997,49.99999999999998,49.999999999999986,50.00000000000001,49.99999999999999,49.99999999999999,49.99999999999999,49.99999999999999,nan,nan,nan,nan,nan,nan,nan,49.99999999999999
75900.0,49.99999999999999,49.99999999999999,50.0,50.00000000000001,49.99999999999999,49.99999999999998,49.999999999999964,50.0,49.99999999999999,49.99999999999999,50.0,50.0,50.0,nan,nan,nan,nan,nan,nan,nan,50.0
75960.0,49.99999999999999,49.99999999999999,50.00000000000001,50.00000000000001,50.000000000000014,50.00000000000001,49.99999999999996,49.999999999999986,49.999999999999986,49.99999999999999,49.99999999999998,49.99999999999998,50.0,nan,nan,nan,nan,nan,nan,nan,49.99999999999999
76020.0,49.99999999999999,50.0,49.99999999999999,50.000000000000014,49.99999999999997,50.00000000000001,49.999999999999986,49.99999999999999,49.99999999999998,50.00000000000001,49.99999999999998,49.99999999999998,50.00000000000001,nan,nan,nan,nan,nan,nan,nan,49.99999999999999
76080.0,49.99999999999999,50.000000000000014,49.99999999999998,49.99999999999997,50.0,49.999999999999986,50.00000000000001,49.999999999999986,49.99999999999997,50.0,49.999999999999964,50.00000000000001,50.000000000000014,nan,nan,nan,nan,nan,nan,nan,49.99999999999999
76140.0,49.99999999999999,49.99999999999997,49.99999999999997,49.999999999999964,49.999999999999986,49.999999999999964,49.99999999999999,50.00000000000001,49.99999999999999,49.99999999999997,49.99999999999998,50.00000000000002,49.999999999999986,nan,nan,nan,nan,nan,nan,nan,49.99999999999999
76200.0,49.99999999999999,50.0,49.99999999999999,49.99999999999996,50.0,50.00000000000001,49.99999999999998,50.0,50.0,49.99999999999997,50.0,49.99999999999999,49.999999999999986,nan,nan,nan,nan,nan,nan,nan,49.99999999999999
76260.0,49.99999999999999,50.00000000000002,50.0,50.0,49.99999999999999,49.999999999999964,50.00000000000001,49.99999999999999,49.99999999999999,49.999999999999986,49.999999999999964,50.0,50.00000000000001,nan,nan,nan,nan,nan,nan,nan,49.99999999999999
76320.0,49.99999999999999,49.999999999999986,49.99999999999999,49.99999999999997,49.99999999999999,50.000000000000014,49.999999999999986,49.99999999999999,49.999999999999986,49.99999999999999,50.000000000000014,49.999999999999964,50.000000000000014,nan,nan,nan,nan,nan,nan,nan,49.99999999999999
76380.0,49.99999999999999,50.0,50.0,49.99999999999999,49.99999999999999,49.99999999999999,50.000000000000014,49.999999999999986,49.99999999999999,49.99999999999999,50.0,49.99999999999999,49.99999999999999,nan,nan,nan,nan,nan,nan,nan,49.99999999999999
76440.0,49.99999999999999,49.99999999999999,50.00000000000001,50.0,50.0,50.00000000000001,50.0,49.99999999999998,49.99999999999998,50.00000000000001,50.0,50.0,49.999999999999986,nan,nan,nan,nan,nan,nan,nan,49.99999999999999
76500.0,49.99999999999999,49.999999999999986,50.00000000000002,49.99999999999999,50.0,50.0,49.99999999999998,50.000000000000014,49.99999999999997,49.999999999999986,49.999999999999986,49.999999999999986,49.99999999999999,nan,nan,nan,nan,nan,nan,nan,49.99999999999999
76560.0,49.99999999999999,50.0,49.99999999999999,49.99999999999996,50.0,49.99999999999999,50.00000000000001,50.00000000000001,49.999999999999986,49.99999999999999,49.99999999999999,50.0,49.999999999999986,nan,nan,nan,nan,nan,nan,nan,49.99999999999999
76620.0,49.99999999999999,49.99999999999999,50.00000000000001,49.999999999999964,50.00000000000001,49.99999999999998,49.999999999999986,50.0,49.999999999999964,49.99999999999999,50.00000000000001,49.999999999999986,50.000000000000014,nan,nan,nan,nan,nan,nan,nan,49.99999999999999
76680.0,49.99999999999999,49.99999999999999,50.000000000000014,50.00000000000002,49.999999999999986,49.99999999999999,50.00000000000001,49.99999999999998,49.99999999999997,50.000000000000036,50.000000000000014,50.00000000000001,50.00000000000001,nan,nan,nan,nan,nan,nan,nan,49.99999999999999
76740.0,49.99999999999999,50.0,50.00000000000001,50.00000000000003,49.999999999999986,49.999999999999986,49.99999999999999,50.00000000000001,49.99999999999996,49.99999999999997,49.999999999999986,50.0,49.99999999999999,nan,nan,nan,nan,nan,nan,nan,49.99999999999999
76800.0,49.99999999999999,50.00000000000001,49.999999999999986,49.999999999999986,50.0,50.0,49.999999999999986,50.0,49.99999999999998,49.99999999999999,50.00000000000001,49.99999999999999,50.00000000000001,nan,nan,nan,nan,nan,nan,nan,49.99999999999999
76860.0,49.99999999999999,49.999999999999986,50.00000000000001,49.99999999999999,50.0,49.99999999999996,49.99999999999999,50.0,49.99999999999998,49.99999999999999,49.999999999999964,49.999999999999986,50.0,nan,nan,nan,nan,nan,nan,nan,49.99999999999999
76920.0,49.99999999999999,49.99999999999998,49.999999999999986,50.0,50.0,50.00000000000001,49.99999999999999,50.000000000000014,50.00000000000001,50.000000000000014,49.99999999999998,49.99999999999998,49.999999999999986,nan,nan,nan,nan,nan,nan,nan,49.99999999999999
76980.0,49.99999999999999,50.00000000000001,49.99999999999999,49.99999999999998,50.00000000000002,50.00000000000003,49.99999999999997,49.999999999999986,49.99999999999999,50.00000000000001,49.999999999999964,50.00000000000002,49.999999999999986,nan,nan,nan,nan,nan,nan,nan,49.99999999999999
77040.0,49.99999999999999,49.999999999999964,49.99999999999998,49.99999999999999,50.0,50.0,50.00000000000001,49.99999999999999,50.00000000000001,49.99999999999997,49.99999999999999,50.000000000000014,49.99999999999999,nan,nan,nan,nan,nan,nan,nan,49.99999999999999
77100.0,49.99999999999999,49.999999999999986,49.999999999999986,49.99999999999997,50.000000000000014,50.0,49.99999999999999,49.99999999999998,49.99999999999999,50.0,50.000000000000014,49.99999999999999,49.99999999999999,nan,nan,nan,nan,nan,nan,nan,49.99999999999999
77160.0,49.99999999999999,49.99999999999999,50.00000000000001,50.0,49.99999999999999,49.99999999999999,50.00000000000001,49.999999999999986,49.99999999999998,49.999999999999986,50.0,50.0,49.99999999999997,nan,nan,nan,nan,nan,nan,nan,49.99999999999999
77220.0,49.99999999999999,50.000000000000014,49.99999999999998,50.0,50.00000000000001,49.99999999999999,50.0,49.999999999999986,50.00000000000002,49.999999999999964,49.999999999999986,50.000000000000014,49.99999999999999,nan,nan,nan,nan,nan,nan,nan,49.99999999999999
77280.0,49.99999999999999,49.99999999999997,49.99999999999998,50.0,49.999999999999986,49.99999999999997,50.000000000000036,49.99999999999998,49.99999999999998,50.000000000000014,49.99999999999999,49.999999999999986,49.99999999999999,nan,nan,nan,nan,nan,nan,nan,49.99999999999999
77340.0,49.99999999999999,49.99999999999998,49.99999999999999,49.999999999999964,49.99999999999999,50.000000000000014,50.00000000000001,49.999999999999986,49.999999999999986,50.00000000000001,50.00000000000001,49.99999999999998,49.999999999999986,nan,nan,nan,nan,nan,nan,nan,49.99999999999999
77400.0,49.99999999999999,49.999999999999986,50.0,50.00000000000001,49.99999999999998,49.999999999999986,49.999999999999986,49.999999999999986,49.999999999999986,50.0,49.99999999999999,50.00000000000002,49.999999999999986,nan,nan,nan,nan,nan,nan,nan,49.99999999999999
77460.0,49.99999999999999,49.99999999999997,49.99999999999998,50.0,49.999999999999986,49.99999999999998,49.99999999999998,50.0,50.0,49.99999999999997,49.999999999999986,50.00000000000002,49.99999999999998,nan,nan,nan,nan,nan,nan,nan,49.99999999999999
77520.0,49.99999999999999,49.99999999999999,50.0,49.999999999999986,49.99999999999998,50.0,50.000000000000014,49.99999999999999,50.00000000000001,50.00000000000001,50.000000000000036,49.99999999999997,49.99999999999999,nan,nan,nan,nan,nan,nan,nan,49.99999999999999
77580.0,49.99999999999999,50.0,49.99999999999999,50.00000000000001,49.99999999999999,49.99999999999997,50.0,49.99999999999999,49.999999999999986,49.99999999999999,49.99999999999999,49.999999999999986,50.0,nan,nan,nan,nan,nan,nan,nan,49.99999999999999
77640.0,49.99999999999999,50.000000000000014,49.999999999999986,50.00000000000001,49.99999999999999,49.99999999999999,49.99999999999998,49.999999999999986,50.0,50.0,50.0,49.99999999999999,49.99999999999999,nan,nan,nan,nan,nan,nan,nan,49.99999999999999
77700.0,49.99999999999999,49.99999999999998,49.999999999999986,49.99999999999997,50.0,49.999999999999964,50.0,49.99999999999999,50.000000000000014,49.99999999999997,50.00000000000001,50.0,49.99999999999999,nan,nan,nan,nan,nan,nan,nan,49.99999999999999
77760.0,49.99999999999999,50.00000000000001,50.0,50.00000000000002,50.00000000000001,50.00000000000002,50.0,49.99999999999997,49.99999999999999,49.99999999999998,49.999999999999986,50.000000000000014,50.00000000000001,nan,nan,nan,nan,nan,nan,nan,49.99999999999999
77820.0,49.99999999999999,49.999999999999986,49.99999999999999,49.999999999999986,50.00000000000002,49.99999999999999,50.000000000000014,50.0,50.0,49.999999999999986,49.99999999999998,50.0,49.99999999999999,nan,nan,nan,nan,nan,nan,nan,49.99999999999999
77880.0,49.99999999999999,49.999999999999986,49.99999999999999,49.99999999999997,49.999999999999986,50.0,50.0,50.00000000000001,50.00000000000002,50.0,50.000000000000014,50.00000000000001,49.99999999999998,nan,nan,nan,nan,nan,nan,nan,49.99999999999999
77940.0,49.99999999999999,49.99999999999999,50.0,49.999999999999964,49.99999999999998,50.000000000000014,49.99999999999998,49.999999999999986,50.0,50.0,49.999999999999986,49.999999999999964,50.0,nan,nan,nan,nan,nan,nan,nan,49.99999999999999
78000.0,49.99999999999999,50.00000000000002,49.999999999999986,50.00000000000001,49.999999999999964,50.00000000000002,49.999999999999986,49.99999999999999,49.999999999999986,50.00000000000001,50.00000000000001,49.99999999999998,49.999999999999986,nan,nan,nan,nan,nan,nan,nan,49.99999999999999
78060.0,49.99999999999999,49.999999999999986,50.00000000000001,49.999999999999936,49.99999999999998,50.0,50.0,49.99999999999997,49.999999999999986,50.0,49.99999999999998,49.99999999999999,50.0,nan,nan,nan,nan,nan,nan,nan,49.99999999999999
78120.0,49.99999999999999,49.99999999999998,50.00000000000001,50.00000000000001,49.99999999999997,49.99999999999998,49.99999999999998,49.99999999999999,50.00000000000002,50.0,49.99999999999999,50.00000000000001,49.999999999999986,nan,nan,nan,nan,nan,nan,nan,49.99999999999999
78180.0,49.99999999999999,49.99999999999999,49.99999999999999,49.99999999999998,50.00000000000001,49.99999999999997,49.99999999999999,49.99999999999998,49.999999999999986,50.00000000000001,49.999999999999986,50.0,49.99999999999997,nan,nan,nan,nan,nan,nan,nan,49.99999999999999
78240.0,49.99999999999999,50.000000000000014,49.99999999999997,49.999999999999964,49.999999999999986,50.00000000000001,49.999999999999986,50.0,49.999999999999964,49.99999999999999,50.00000000000001,50.000000000000014,49.99999999999999,nan,nan,nan,nan,nan,nan,nan,49.99999999999999
78300.0,49.99999999999999,49.99999999999999,49.999999999999986,49.999999999999986,49.99999999999997,50.00000000000004,49.999999999999986,50.0,49.999999999999986,50.0,50.0,49.99999999999998,50.0,nan,nan,nan,nan,nan,nan,nan,49.99999999999999
78360.0,49.99999999999999,50.00000000000001,49.999999999999986,49.99999999999999,50.00000000000001,50.00000000000001,49.99999999999999,50.000000000000014,49.99999999999998,49.999999999999986,49.99999999999999,50.00000000000001,49.99999999999999,nan,nan,nan,nan,nan,nan,nan,49.99999999999999
78420.0,49.99999999999999,49.99999999999997,49.99999999999998,49.99999999999999,50.00000000000001,50.00000000000003,50.0,49.99999999999999,49.99999999999999,49.99999999999998,49.99999999999999,49.999999999999986,49.99999999999999,nan,nan,nan,nan,nan,nan,nan,49.99999999999999
78480.0,49.99999999999999,49.99999999999999,50.0,50.00000000000001,49.999999999999986,50.0,49.99999999999998,49.99999999999998,49.99999999999998,49.99999999999998,49.99999999999997,49.99999999999999,49.99999999999999,nan,nan,nan,nan,nan,nan,nan,49.99999999999999
78540.0,49.99999999999999,49.99999999999998,50.00000000000001,49.999999999999964,49.99999999999999,50.00000000000001,49.999999999999986,50.000000000000014,49.99999999999999,50.0,49.99999999999999,50.00000000000003,49.999999999999986,nan,nan,nan,nan,nan,nan,nan,49.99999999999999
78600.0,49.99999999999999,50.000000000000014,49.999999999999986,50.0,49.999999999999986,50.0,50.0,49.99999999999998,50.00000000000001,49.999999999999986,50.0,49.999999999999986,50.0,nan,nan,nan,nan,nan,nan,nan,49.99999999999999
78660.0,49.99999999999999,49.99999999999998,49.99999999999999,49.999999999999986,49.99999999999997,49.99999999999999,49.999999999999986,49.99999999999999,49.99999999999998,49.999999999999964,49.999999999999986,50.000000000000014,50.000000000000014,nan,nan,nan,nan,nan,nan,nan,49.99999999999999
78720.0,49.99999999999999,49.999999999999986,50.000000000000014,50.0,50.00000000000001,49.999999999999986,49.999999999999986,50.0,49.99999999999998,49.99999999999999,49.99999999999999,49.99999999999998,49.99999999999998,nan,nan,nan,nan,nan,nan,nan,49.99999999999999
78780.0,49.99999999999999,49.999999999999986,50.00000000000001,50.000000000000014,50.0,50.0,50.0,49.99999999999999,49.99999999999998,50.0,49.99999999999999,49.99999999999998,49.99999999999998,nan,nan,nan,nan,nan,nan,nan,49.99999999999999
78840.0,49.99999999999999,50.00000000000001,50.0,49.99999999999999,49.99999999999998,49.99999999999999,49.999999999999964,50.00000000000001,49.999999999999986,49.99999999999999,49.999999999999986,49.999999999999986,49.99999999999998,nan,nan,nan,nan,nan,nan,nan,49.99999999999999
78900.0,49.99999999999999,49.99999999999998,50.0,50.00000000000002,49.99999999999999,49.99999999999999,49.99999999999999,50.0,49.999999999999986,49.999999999999986,49.999999999999964,50.00000000000001,50.0,nan,nan,nan,nan,nan,nan,nan,49.99999999999999
78960.0,49.99999999999999,49.999999999999964,49.99999999999998,50.0,49.999999999999964,49.999999999999964,50.00000000000001,50.00000000000001,49.99999999999999,50.00000000000001,49.99999999999998,50.00000000000001,50.0,nan,nan,nan,nan,nan,nan,nan,49.99999999999999
79020.0,49.99999999999999,49.99999999999999,50.0,49.99999999999997,49.999999999999986,50.0,49.99999999999999,49.999999999999986,49.999999999999986,50.0,49.999999999999986,50.0,50.00000000000002,nan,nan,nan,nan,nan,nan,nan,49.99999999999999
79080.0,49.99999999999999,49.99999999999999,49.99999999999999,49.999999999999986,49.99999999999999,49.99999999999998,50.000000000000014,49.999999999999986,49.99999999999999,49.999999999999986,49.99999999999998,49.999999999999986,49.999999999999986,nan,nan,nan,nan,nan,nan,nan,49.99999999999999
79140.0,49.99999999999999,50.00000000000001,49.999999999999986,50.00000000000001,50.0,50.00000000000001,50.0,49.99999999999999,49.99999999999997,49.999999999999986,49.99999999999999,50.0,50.000000000000014,nan,nan,nan,nan,nan,nan,nan,49.99999999999999
79200.0,49.99999999999999,50.00000000000001,49.999999999999986,50.00000000000002,49.99999999999999,49.999999999999964,50.0,50.0,50.00000000000001,50.000000000000014,50.00000000000002,50.0,50.0,nan,nan,nan,nan,nan,nan,nan,49.99999999999999
79260.0,49.99999999999999,50.00000000000001,49.999999999999986,50.00000000000002,49.99999999999999,49.999999999999964,50.0,50.0,50.00000000000001,50.000000000000014,50.00000000000002,50.0,50.0,nan,nan,nan,nan,nan,nan,nan,49.99999999999999
79320.0,49.99999999999999,50.00000000000001,49.999999999999986,50.00000000000002,49.99999999999999,49.999999999999964,50.0,50.0,50.00000000000001,50.000000000000014,50.00000000000002,50.0,50.0,nan,nan,nan,nan,nan,nan,nan,49.99999999999999
79380.0,49.99999999999999,50.00000000000001,49.999999999999986,50.00000000000002,49.99999999999999,49.999999999999964,50.0,50.0,50.00000000000001,50.000000000000014,50.00000000000002,50.0,50.0,nan,nan,nan,nan,nan,nan,nan,49.99999999999999
79440.0,49.99999999999999,50.00000000000001,49.999999999999986,50.00000000000002,49.99999999999999,49.999999999999964,50.0,50.0,50.00000000000001,50.000000000000014,50.00000000000002,50.0,50.0,nan,nan,nan,nan,nan,nan,nan,49.99999999999999
79500.0,49.99999999999999,50.00000000000001,49.999999999999986,50.00000000000002,49.99999999999999,49.999999999999964,50.0,50.0,50.00000000000001,50.000000000000014,50.00000000000002,50.0,50.0,nan,nan,nan,nan,nan,nan,nan,49.99999999999999
79560.0,49.99999999999999,50.00000000000001,49.999999999999986,50.00000000000002,49.99999999999999,49.999999999999964,50.0,50.0,50.00000000000001,50.000000000000014,50.00000000000002,50.0,50.0,nan,nan,nan,nan,nan,nan,nan,49.99999999999999
79620.0,49.99999999999999,50.00000000000001,49.999999999999986,50.00000000000002,49.99999999999999,49.999999999999964,50.0,50.0,50.00000000000001,50.000000000000014,50.00000000000002,50.0,50.0,nan,nan,nan,nan,nan,nan,nan,49.99999999999999
79680.0,49.99999999999999,50.00000000000001,49.999999999999986,50.00000000000002,49.99999999999999,49.999999999999964,50.0,50.0,50.00000000000001,50.000000000000014,50.00000000000002,50.0,50.0,nan,nan,nan,nan,nan,nan,nan,49.99999999999999
79740.0,49.99999999999999,50.00000000000001,49.999999999999986,50.00000000000002,49.99999999999999,49.999999999999964,50.0,50.0,50.00000000000001,50.000000000000014,50.00000000000002,50.0,50.0,nan,nan,nan,nan,nan,nan,nan,49.99999999999999
79800.0,49.99999999999999,50.00000000000001,49.999999999999986,50.00000000000002,49.99999999999999,49.999999999999964,50.0,50.0,50.00000000000001,50.000000000000014,50.00000000000002,50.0,50.0,nan,nan,nan,nan,nan,nan,nan,49.99999999999999
79860.0,49.99999999999999,50.00000000000001,49.999999999999986,50.00000000000002,49.99999999999999,49.999999999999964,50.0,50.0,50.00000000000001,50.000000000000014,50.00000000000002,50.0,50.0,nan,nan,nan,nan,nan,nan,nan,49.99999999999999
79920.0,49.99999999999999,50.00000000000001,49.999999999999986,50.00000000000002,49.99999999999999,49.999999999999964,50.0,50.0,50.00000000000001,50.000000000000014,50.00000000000002,50.0,50.0,nan,nan,nan,nan,nan,nan,nan,49.99999999999999
79980.0,49.99999999999999,50.00000000000001,49.999999999999986,50.00000000000002,49.99999999999999,49.999999999999964,50.0,50.0,50.00000000000001,50.000000000000014,50.00000000000002,50.0,50.0,nan,nan,nan,nan,nan,nan,nan,49.99999999999999
80040.0,49.99999999999999,50.00000000000001,49.999999999999986,50.00000000000002,49.99999999999999,49.999999999999964,50.0,50.0,50.00000000000001,50.000000000000014,50.00000000000002,50.0,50.0,nan,nan,nan,nan,nan,nan,nan,49.99999999999999
80100.0,49.99999999999999,50.00000000000001,49.999999999999986,50.00000000000002,49.99999999999999,49.999999999999964,50.0,50.0,50.00000000000001,50.000000000000014,50.00000000000002,50.0,50.0,nan,nan,nan,nan,nan,nan,nan,49.99999999999999
80160.0,49.99999999999999,50.00000000000001,49.999999999999986,50.00000000000002,49.99999999999999,49.999999999999964,50.0,50.0,50.00000000000001,50.000000000000014,50.00000000000002,50.0,50.0,nan,nan,nan,nan,nan,nan,nan,49.99999999999999
80220.0,49.99999999999999,50.00000000000001,49.999999999999986,50.00000000000002,49.99999999999999,49.999999999999964,50.0,50.0,50.00000000000001,50.000000000000014,50.00000000000002,50.0,50.0,nan,nan,nan,nan,nan,nan,nan,49.99999999999999
80280.0,49.99999999999999,50.00000000000001,49.999999999999986,50.00000000000002,49.99999999999999,49.999999999999964,50.0,50.0,50.00000000000001,50.000000000000014,50.00000000000002,50.0,50.0,nan,nan,nan,nan,nan,nan,nan,49.99999999999999
80340.0,49.99999999999999,50.00000000000001,49.999999999999986,50.00000000000002,49.99999999999999,49.999999999999964,50.0,50.0,50.00000000000001,50.000000000000014,50.00000000000002,50.0,50.0,nan,nan,nan,nan,nan,nan,nan,49.99999999999999
80400.0,49.99999999999999,50.00000000000001,49.999999999999986,50.00000000000002,49.99999999999999,49.999999999999964,50.0,50.0,50.00000000000001,50.000000000000014,50.00000000000002,50.0,50.0,nan,nan,nan,nan,nan,nan,nan,49.99999999999999
80460.0,49.99999999999999,50.00000000000001,49.999999999999986,50.00000000000002,49.99999999999999,49.999999999999964,50.0,50.0,50.00000000000001,50.000000000000014,50.00000000000002,50.0,50.0,nan,nan,nan,nan,nan,nan,nan,49.99999999999999
80520.0,49.99999999999999,50.00000000000001,49.999999999999986,50.00000000000002,49.99999999999999,49.999999999999964,50.0,50.0,50.00000000000001,50.000000000000014,50.00000000000002,50.0,50.0,nan,nan,nan,nan,nan,nan,nan,49.99999999999999
80580.0,49.99999999999999,50.00000000000001,49.999999999999986,50.00000000000002,49.99999999999999,49.999999999999964,50.0,50.0,50.00000000000001,50.000000000000014,50.00000000000002,50.0,50.0,nan,nan,nan,nan,nan,nan,nan,49.99999999999999
80640.0,49.99999999999999,50.00000000000001,49.999999999999986,50.00000000000002,49.99999999999999,49.999999999999964,50.0,50.0,50.00000000000001,50.000000000000014,50.00000000000002,50.0,50.0,nan,nan,nan,nan,nan,nan,nan,49.99999999999999
80700.0,49.99999999999999,50.00000000000001,49.999999999999986,50.00000000000002,49.99999999999999,49.999999999999964,50.0,50.0,50.00000000000001,50.000000000000014,50.00000000000002,50.0,50.0,nan,nan,nan,nan,nan,nan,nan,49.99999999999999
80760.0,49.99999999999999,50.00000000000001,49.999999999999986,50.00000000000002,49.99999999999999,49.999999999999964,50.0,50.0,50.00000000000001,50.000000000000014,50.00000000000002,50.0,50.0,nan,nan,nan,nan,nan,nan,nan,49.99999999999999
80820.0,49.99999999999999,50.00000000000001,49.999999999999986,50.00000000000002,49.99999999999999,49.999999999999964,50.0,50.0,50.00000000000001,50.000000000000014,50.00000000000002,50.0,50.0,nan,nan,nan,nan,nan,nan,nan,49.99999999999999
80880.0,49.99999999999999,50.00000000000001,49.999999999999986,50.00000000000002,49.99999999999999,49.999999999999964,50.0,50.0,50.00000000000001,50.000000000000014,50.00000000000002,50.0,50.0,nan,nan,nan,nan,nan,nan,nan,49.99999999999999
80940.0,49.99999999999999,50.00000000000001,49.999999999999986,50.00000000000002,49.99999999999999,49.999999999999964,50.0,50.0,50.00000000000001,50.000000000000014,50.00000000000002,50.0,50.0,nan,nan,nan,nan,nan,nan,nan,49.99999999999999
81000.0,49.99999999999999,50.00000000000001,49.999999999999986,50.00000000000002,49.99999999999999,49.999999999999964,50.0,50.0,50.00000000000001,50.000000000000014,50.00000000000002,50.0,50.0,nan,nan,nan,nan,nan,nan,nan,49.99999999999999
81060.0,49.99999999999999,49.999999999999964,49.99999999999999,49.999999999999986,50.000000000000014,49.999999999999986,49.99999999999997,49.999999999999986,49.999999999999964,50.00000000000002,50.00000000000001,49.999999999999964,49.99999999999998,nan,nan,nan,nan,nan,nan,nan,49.99999999999999
81120.0,49.99999999999999,49.99999999999998,49.999999999999964,49.99999999999999,49.99999999999999,50.00000000000001,49.99999999999998,49.99999999999999,49.999999999999986,49.999999999999986,49.99999999999999,50.000000000000036,50.00000000000001,nan,nan,nan,nan,nan,nan,nan,49.99999999999999
81180.0,49.99999999999999,49.999999999999986,50.0,50.0,49.99999999999999,49.99999999999999,49.99999999999999,49.99999999999999,49.99999999999996,49.99999999999999,50.000000000000014,50.00000000000001,50.0,nan,nan,nan,nan,nan,nan,nan,49.99999999999999
81240.0,49.99999999999999,49.999999999999986,50.0,49.99999999999999,49.99999999999998,49.99999999999999,50.00000000000002,50.0,49.99999999999999,50.00000000000001,49.999999999999986,50.000000000000014,49.999999999999986,nan,nan,nan,nan,nan,nan,nan,49.99999999999999
81300.0,49.99999999999999,50.000000000000014,50.0,49.99999999999996,50.000000000000014,50.000000000000014,49.999999999999986,49.99999999999999,49.99999999999996,50.0,49.99999999999997,49.99999999999998,50.0,nan,nan,nan,nan,nan,nan,nan,49.99999999999999
81360.0,49.99999999999999,49.999999999999964,49.99999999999997,50.00000000000003,49.999999999999986,50.0,50.00000000000001,49.99999999999998,49.999999999999986,50.00000000000002,50.00000000000001,49.99999999999998,49.99999999999999,nan,nan,nan,nan,nan,nan,nan,49.99999999999999
81420.0,49.99999999999999,50.00000000000001,50.00000000000001,49.99999999999998,49.99999999999999,50.0,50.00000000000001,50.0,49.99999999999998,49.99999999999999,50.0,49.999999999999986,50.0,nan,nan,nan,nan,nan,nan,nan,49.99999999999999
81480.0,49.99999999999999,49.99999999999997,49.99999999999999,49.99999999999998,49.99999999999999,49.999999999999986,49.99999999999998,49.99999999999999,50.0,49.999999999999986,49.99999999999998,50.00000000000001,49.99999999999998,nan,nan,nan,nan,nan,nan,nan,49.99999999999999
81540.0,49.99999999999999,49.99999999999999,50.0,50.0,50.0,49.99999999999996,50.00000000000001,50.0,49.999999999999986,50.0,50.0,50.000000000000014,50.00000000000001,nan,nan,nan,nan,nan,nan,nan,49.99999999999999
81600.0,49.99999999999999,49.999999999999986,49.99999999999998,49.999999999999986,49.999999999999986,49.99999999999999,49.99999999999996,50.0,49.99999999999998,49.999999999999986,49.999999999999986,50.00000000000002,50.0,nan,nan,nan,nan,nan,nan,nan,49.99999999999999
81660.0,49.99999999999999,50.0,49.99999999999999,49.99999999999999,50.0,49.99999999999998,49.999999999999964,49.999999999999986,49.999999999999986,49.99999999999999,50.00000000000003,49.999999999999986,49.99999999999999,nan,nan,nan,nan,nan,nan,nan,49.99999999999999
81720.0,49.99999999999999,49.999999999999986,49.99999999999999,49.99999999999998,50.000000000000014,49.99999999999997,50.00000000000002,49.999999999999986,49.999999999999986,49.99999999999997,49.999999999999986,49.999999999999986,49.99999999999998,nan,nan,nan,nan,nan,nan,nan,49.99999999999999
81780.0,49.99999999999999,49.99999999999999,49.99999999999998,49.99999999999999,49.99999999999999,50.00000000000001,49.99999999999999,49.99999999999997,49.99999999999998,49.99999999999999,49.99999999999999,49.99999999999998,50.000000000000014,nan,nan,nan,nan,nan,nan,nan,49.99999999999999
81840.0,49.99999999999999,50.000000000000014,49.999999999999986,50.0,49.99999999999999,49.99999999999999,49.99999999999999,49.99999999999999,50.000000000000014,50.0,49.999999999999964,50.000000000000014,50.00000000000001,nan,nan,nan,nan,nan,nan,nan,49.99999999999999
81900.0,49.99999999999999,50.00000000000002,49.99999999999999,49.999999999999986,49.999999999999986,50.00000000000002,49.99999999999998,49.999999999999986,49.999999999999964,49.999999999999986,49.99999999999999,49.99999999999998,50.00000000000001,nan,nan,nan,nan,nan,nan,nan,49.99999999999999
81960.0,49.99999999999999,49.99999999999999,49.99999999999997,50.0,49.99999999999999,49.999999999999986,49.99999999999997,50.000000000000014,50.000000000000014,49.999999999999986,49.999999999999986,49.999999999999964,49.99999999999999,nan,nan,nan,nan,nan,nan,nan,49.99999999999999
82020.0,49.99999999999999,49.99999999999999,50.0,49.999999999999986,49.999999999999986,50.00000000000002,50.000000000000014,49.999999999999986,50.0,49.99999999999997,49.99999999999999,49.99999999999999,49.99999999999999,nan,nan,nan,nan,nan,nan,nan,49.99999999999999
82080.0,49.99999999999999,49.999999999999986,50.00000000000002,50.0,50.000000000000014,50.000000000000014,49.99999999999998,49.999999999999986,49.99999999999998,50.0,49.99999999999999,50.00000000000001,50.00000000000001,nan,nan,nan,nan,nan,nan,nan,49.99999999999999
82140.0,49.99999999999999,49.999999999999986,49.999999999999986,49.99999999999998,49.99999999999999,49.99999999999998,50.000000000000014,49.999999999999986,50.00000000000002,49.99999999999999,49.99999999999997,49.99999999999999,50.0,nan,nan,nan,nan,nan,nan,nan,49.99999999999999
82200.0,49.99999999999999,50.0,50.00000000000001,50.00000000000002,49.999999999999986,50.0,50.0,50.0,49.99999999999998,49.999999999999986,49.999999999999986,49.999999999999986,49.99999999999998,nan,nan,nan,nan,nan,nan,nan,49.99999999999999
82260.0,49.99999999999999,50.0,49.99999999999998,50.0,49.999999999999986,49.999999999999986,49.99999999999999,49.99999999999999,50.00000000000002,50.0,49.99999999999997,50.0,50.0,nan,nan,nan,nan,nan,nan,nan,49.99999999999999
82320.0,49.99999999999999,50.0,50.00000000000001,50.000000000000014,50.00000000000001,50.000000000000014,50.0,49.99999999999999,50.0,49.99999999999999,50.00000000000004,50.000000000000014,50.0,nan,nan,nan,nan,nan,nan,nan,49.99999999999999
82380.0,49.99999999999999,49.99999999999999,49.999999999999986,49.999999999999986,50.0,50.00000000000001,49.999999999999986,49.99999999999998,49.99999999999998,49.99999999999999,49.99999999999999,49.99999999999999,50.00000000000001,nan,nan,nan,nan,nan,nan,nan,49.99999999999999
82440.0,49.99999999999999,50.0,50.0,50.000000000000014,50.0,50.000000000000014,49.999999999999964,50.0,50.0,49.999999999999986,49.999999999999986,49.99999999999999,49.99999999999998,nan,nan,nan,nan,nan,nan,nan,49.99999999999999
82500.0,49.99999999999999,50.0,49.99999999999999,50.00000000000001,49.99999999999998,49.999999999999986,49.999999999999964,49.999999999999986,50.0,50.00000000000001,50.0,50.0,50.0,nan,nan,nan,nan,nan,nan,nan,49.99999999999999
82560.0,49.99999999999999,49.99999999999997,49.99999999999998,49.99999999999998,49.999999999999986,49.99999999999997,50.0,49.999999999999986,50.00000000000001,50.0,49.99999999999998,49.999999999999964,49.99999999999998,nan,nan,nan,nan,nan,nan,nan,49.99999999999999
82620.0,49.99999999999999,49.999999999999986,49.99999999999998,49.99999999999998,50.0,50.00000000000001,49.99999999999997,49.99999999999999,49.99999999999998,49.999999999999986,49.99999999999998,50.0,49.99999999999999,nan,nan,nan,nan,nan,nan,nan,49.99999999999999
82680.0,49.99999999999999,50.0,49.999999999999986,49.999999999999986,50.0,49.999999999999964,49.99999999999997,49.99999999999999,49.99999999999996,50.0,49.99999999999997,49.99999999999997,49.99999999999999,nan,nan,nan,nan,nan,nan,nan,49.99999999999999
82740.0,49.99999999999999,49.99999999999999,49.99999999999999,50.0,50.00000000000001,50.000000000000014,50.0,50.00000000000001,50.00000000000002,49.999999999999986,49.99999999999999,49.99999999999998,49.99999999999999,nan,nan,nan,nan,nan,nan,nan,49.99999999999999
82800.0,49.99999999999999,49.999999999999964,50.000000000000014,50.0,49.99999999999998,50.0,49.99999999999997,49.99999999999998,49.99999999999998,50.0,49.99999999999999,50.0,49.99999999999999,nan,nan,nan,nan,nan,nan,nan,49.99999999999999
82860.0,49.99999999999999,49.999999999999964,50.000000000000014,50.0,49.99999999999998,50.0,49.99999999999997,49.99999999999998,49.99999999999998,50.0,49.99999999999999,50.0,49.99999999999999,nan,nan,nan,nan,nan,nan,nan,49.99999999999999
82920.0,49.99999999999999,49.999999999999964,50.000000000000014,50.0,49.99999999999998,50.0,49.99999999999997,49.99999999999998,49.99999999999998,50.0,49.99999999999999,50.0,49.99999999999999,nan,nan,nan,nan,nan,nan,nan,49.99999999999999
82980.0,49.99999999999999,49.999999999999964,50.000000000000014,50.0,49.99999999999998,50.0,49.99999999999997,49.99999999999998,49.99999999999998,50.0,49.99999999999999,50.0,49.99999999999999,nan,nan,nan,nan,nan,nan,nan,49.99999999999999
83040.0,49.99999999999999,49.999999999999964,50.000000000000014,50.0,49.99999999999998,50.0,49.99999999999997,49.99999999999998,49.99999999999998,50.0,49.99999999999999,50.0,49.99999999999999,nan,nan,nan,nan,nan,nan,nan,49.99999999999999
83100.0,49.99999999999999,49.999999999999964,50.000000000000014,50.0,49.99999999999998,50.0,49.99999999999997,49.99999999999998,49.99999999999998,50.0,49.99999999999999,50.0,49.99999999999999,nan,nan,nan,nan,nan,nan,nan,49.99999999999999
83160.0,49.99999999999999,49.999999999999964,50.000000000000014,50.0,49.99999999999998,50.0,49.99999999999997,49.99999999999998,49.99999999999998,50.0,49.99999999999999,50.0,49.99999999999999,nan,nan,nan,nan,nan,nan,nan,49.99999999999999
83220.0,49.99999999999999,49.999999999999964,50.000000000000014,50.0,49.99999999999998,50.0,49.99999999999997,49.99999999999998,49.99999999999998,50.0,49.99999999999999,50.0,49.99999999999999,nan,nan,nan,nan,nan,nan,nan,49.99999999999999
83280.0,49.99999999999999,49.999999999999964,50.000000000000014,50.0,49.99999999999998,50.0,49.99999999999997,49.99999999999998,49.99999999999998,50.0,49.99999999999999,50.0,49.99999999999999,nan,nan,nan,nan,nan,nan,nan,49.99999999999999
83340.0,49.99999999999999,49.999999999999964,50.000000000000014,50.0,49.99999999999998,50.0,49.99999999999997,49.99999999999998,49.99999999999998,50.0,49.99999999999999,50.0,49.99999999999999,nan,nan,nan,nan,nan,nan,nan,49.99999999999999
83400.0,49.99999999999999,49.999999999999964,50.000000000000014,50.0,49.99999999999998,50.0,49.99999999999997,49.99999999999998,49.99999999999998,50.0,49.99999999999999,50.0,49.99999999999999,nan,nan,nan,nan,nan,nan,nan,49.99999999999999
83460.0,49.99999999999999,49.999999999999964,50.000000000000014,50.0,49.99999999999998,50.0,49.99999999999997,49.99999999999998,49.99999999999998,50.0,49.99999999999999,50.0,49.99999999999999,nan,nan,nan,nan,nan,nan,nan,49.99999999999999
83520.0,49.99999999999999,49.999999999999964,50.000000000000014,50.0,49.99999999999998,50.0,49.99999999999997,49.99999999999998,49.99999999999998,50.0,49.99999999999999,50.0,49.99999999999999,nan,nan,nan,nan,nan,nan,nan,49.99999999999999
83580.0,49.99999999999999,49.999999999999964,50.000000000000014,50.0,49.99999999999998,50.0,49.99999999999997,49.99999999999998,49.99999999999998,50.0,49.99999999999999,50.0,49.99999999999999,nan,nan,nan,nan,nan,nan,nan,49.99999999999999
83640.0,49.99999999999999,49.999999999999964,50.000000000000014,50.0,49.99999999999998,50.0,49.99999999999997,49.99999999999998,49.99999999999998,50.0,49.99999999999999,50.0,49.99999999999999,nan,nan,nan,nan,nan,nan,nan,49.99999999999999
83700.0,49.99999999999999,49.999999999999964,50.000000000000014,50.0,49.99999999999998,50.0,49.99999999999997,49.99999999999998,49.99999999999998,50.0,49.99999999999999,50.0,49.99999999999999,nan,nan,nan,nan,nan,nan,nan,49.99999999999999
83760.0,49.99999999999999,49.999999999999964,50.000000000000014,50.0,49.99999999999998,50.0,49.99999999999997,49.99999999999998,49.99999999999998,50.0,49.99999999999999,50.0,49.99999999999999,nan,nan,nan,nan,nan,nan,nan,49.99999999999999
83820.0,49.99999999999999,49.999999999999964,50.000000000000014,50.0,49.99999999999998,50.0,49.99999999999997,49.99999999999998,49.99999999999998,50.0,49.99999999999999,50.0,49.99999999999999,nan,nan,nan,nan,nan,nan,nan,49.99999999999999
83880.0,49.99999999999999,49.999999999999964,50.000000000000014,50.0,49.99999999999998,50.0,49.99999999999997,49.99999999999998,49.99999999999998,50.0,49.99999999999999,50.0,49.99999999999999,nan,nan,nan,nan,nan,nan,nan,49.99999999999999
83940.0,49.99999999999999,49.999999999999964,50.000000000000014,50.0,49.99999999999998,50.0,49.99999999999997,49.99999999999998,49.99999999999998,50.0,49.99999999999999,50.0,49.99999999999999,nan,nan,nan,nan,nan,nan,nan,49.99999999999999
84000.0,49.99999999999999,49.999999999999964,50.000000000000014,50.0,49.99999999999998,50.0,49.99999999999997,49.99999999999998,49.99999999999998,50.0,49.99999999999999,50.0,49.99999999999999,nan,nan,nan,nan,nan,nan,nan,49.99999999999999
84060.0,49.99999999999999,49.999999999999964,50.000000000000014,50.0,49.99999999999998,50.0,49.99999999999997,49.99999999999998,49.99999999999998,50.0,49.99999999999999,50.0,49.99999999999999,nan,nan,nan,nan,nan,nan,nan,49.99999999999999
84120.0,49.99999999999999,49.999999999999964,50.000000000000014,50.0,49.99999999999998,50.0,49.99999999999997,49.99999999999998,49.99999999999998,50.0,49.99999999999999,50.0,49.99999999999999,nan,nan,nan,nan,nan,nan,nan,49.99999999999999
84180.0,49.99999999999999,49.999999999999964,50.000000000000014,50.0,49.99999999999998,50.0,49.99999999999997,49.99999999999998,49.99999999999998,50.0,49.99999999999999,50.0,49.99999999999999,nan,nan,nan,nan,nan,nan,nan,49.99999999999999
84240.0,49.99999999999999,49.999999999999964,50.000000000000014,50.0,49.99999999999998,50.0,49.99999999999997,49.99999999999998,49.99999999999998,50.0,49.99999999999999,50.0,49.99999999999999,nan,nan,nan,nan,nan,nan,nan,49.99999999999999
84300.0,49.99999999999999,49.999999999999964,50.000000000000014,50.0,49.99999999999998,50.0,49.99999999999997,49.99999999999998,49.99999999999998,50.0,49.99999999999999,50.0,49.99999999999999,nan,nan,nan,nan,nan,nan,nan,49.99999999999999
84360.0,49.99999999999999,49.999999999999964,50.000000000000014,50.0,49.99999999999998,50.0,49.99999999999997,49.99999999999998,49.99999999999998,50.0,49.99999999999999,50.0,49.99999999999999,nan,nan,nan,nan,nan,nan,nan,49.99999999999999
84420.0,49.99999999999999,49.999999999999964,50.000000000000014,50.0,49.99999999999998,50.0,49.99999999999997,49.99999999999998,49.99999999999998,50.0,49.99999999999999,50.0,49.99999999999999,nan,nan,nan,nan,nan,nan,nan,49.99999999999999
84480.0,49.99999999999999,49.999999999999964,50.000000000000014,50.0,49.99999999999998,50.0,49.99999999999997,49.99999999999998,49.99999999999998,50.0,49.99999999999999,50.0,49.99999999999999,nan,nan,nan,nan,nan,nan,nan,49.99999999999999
84540.0,49.99999999999999,49.999999999999964,50.000000000000014,50.0,49.99999999999998,50.0,49.99999999999997,49.99999999999998,49.99999999999998,50.0,49.99999999999999,50.0,49.99999999999999,nan,nan,nan,nan,nan,nan,nan,49.99999999999999
84600.0,49.99999999999999,49.999999999999964,50.000000000000014,50.0,49.99999999999998,50.0,49.99999999999997,49.99999999999998,49.99999999999998,50.0,49.99999999999999,50.0,49.99999999999999,nan,nan,nan,nan,nan,nan,nan,49.99999999999999
84660.0,49.99999999999999,49.99999999999998,50.00000000000001,49.99999999999998,49.99999999999999,49.99999999999998,50.00000000000002,50.0,49.999999999999986,50.000000000000014,50.00000000000003,50.0,50.000000000000014,nan,nan,nan,nan,nan,nan,nan,49.99999999999999
84720.0,49.99999999999999,49.99999999999999,49.99999999999996,49.999999999999986,49.99999999999999,50.000000000000014,49.99999999999998,49.99999999999998,50.00000000000001,49.999999999999986,50.00000000000001,49.99999999999996,50.0,nan,nan,nan,nan,nan,nan,nan,49.99999999999999
84780.0,49.99999999999999,50.00000000000001,49.99999999999999,50.0,49.999999999999964,49.99999999999999,50.0,49.99999999999999,50.000000000000014,49.99999999999999,49.99999999999997,50.0,49.999999999999986,nan,nan,nan,nan,nan,nan,nan,49.99999999999999
84840.0,49.99999999999999,50.0,49.99999999999999,49.999999999999986,50.000000000000014,49.99999999999998,50.00000000000001,49.99999999999999,49.99999999999999,49.99999999999999,49.999999999999986,50.0,49.99999999999998,nan,nan,nan,nan,nan,nan,nan,49.99999999999999
84900.0,49.99999999999999,49.99999999999998,49.99999999999999,50.0,50.000000000000014,50.00000000000001,49.99999999999998,49.999999999999986,50.00000000000001,50.00000000000001,49.99999999999999,49.999999999999986,50.00000000000001,nan,nan,nan,nan,nan,nan,nan,49.99999999999999
84960.0,49.99999999999999,50.0,49.99999999999999,49.999999999999986,49.99999999999997,50.0,49.99999999999997,50.00000000000001,49.99999999999999,49.99999999999999,49.99999999999998,50.00000000000001,50.0,nan,nan,nan,nan,nan,nan,nan,49.99999999999999
85020.0,49.99999999999999,49.999999999999986,49.99999999999998,50.00000000000001,50.00000000000002,50.00000000000002,49.99999999999998,50.00000000000001,50.0,49.999999999999986,50.0,50.0,50.0,nan,nan,nan,nan,nan,nan,nan,49.99999999999999
85080.0,49.99999999999999,49.99999999999998,49.999999999999986,50.00000000000001,49.99999999999999,50.0,50.000000000000014,50.0,49.999999999999986,50.00000000000001,50.0,50.00000000000001,50.00000000000001,nan,nan,nan,nan,nan,nan,nan,49.99999999999999
85140.0,49.99999999999999,49.999999999999986,50.000000000000014,50.00000000000001,50.0,50.00000000000002,49.999999999999986,50.00000000000001,49.99999999999997,50.0,49.99999999999999,50.00000000000001,49.99999999999999,nan,nan,nan,nan,nan,nan,nan,49.99999999999999
85200.0,49.99999999999999,49.999999999999986,49.99999999999999,49.99999999999999,49.99999999999999,49.999999999999986,50.0,49.999999999999986,49.99999999999997,50.00000000000001,50.00000000000001,49.99999999999998,49.99999999999999,nan,nan,nan,nan,nan,nan,nan,49.99999999999999
85260.0,49.99999999999999,50.0,49.99999999999998,49.99999999999999,49.99999999999998,50.0,49.99999999999998,49.999999999999986,49.999999999999986,49.99999999999997,50.00000000000001,49.999999999999964,50.00000000000001,nan,nan,nan,nan,nan,nan,nan,49.99999999999999
85320.0,49.99999999999999,50.00000000000001,50.0,50.00000000000002,49.99999999999998,50.00000000000001,50.00000000000002,50.00000000000001,49.999999999999986,49.99999999999999,49.999999999999986,49.99999999999999,49.999999999999986,nan,nan,nan,nan,nan,nan,nan,49.99999999999999
85380.0,49.99999999999999,50.00000000000001,49.99999999999998,50.000000000000014,50.00000000000001,49.99999999999997,50.00000000000001,50.0,50.000000000000014,49.999999999999964,49.99999999999998,49.999999999999986,49.99999999999997,nan,nan,nan,nan,nan,nan,nan,49.99999999999999
85440.0,49.99999999999999,49.999999999999964,49.99999999999999,49.999999999999964,50.0,50.000000000000014,50.00000000000002,49.99999999999999,49.999999999999986,50.00000000000001,50.0,49.99999999999997,49.999999999999986,nan,nan,nan,nan,nan,nan,nan,49.99999999999999
85500.0,49.99999999999999,50.000000000000014,49.99999999999999,49.99999999999998,50.00000000000003,50.000000000000014,50.000000000000014,50.0,49.99999999999998,49.99999999999997,49.999999999999986,49.99999999999998,49.99999999999999,nan,nan,nan,nan,nan,nan,nan,49.99999999999999
85560.0,49.99999999999999,49.99999999999999,50.000000000000014,49.99999999999999,49.999999999999986,49.999999999999986,49.999999999999986,50.0,49.99999999999998,50.00000000000001,49.999999999999986,49.99999999999999,50.0,nan,nan,nan,nan,nan,nan,nan,49.99999999999999
85620.0,49.99999999999999,49.99999999999996,49.99999999999999,50.0,49.99999999999997,50.0,50.00000000000001,49.999999999999986,50.000000000000014,49.99999999999998,49.99999999999998,49.999999999999986,49.99999999999998,nan,nan,nan,nan,nan,nan,nan,49.99999999999999
85680.0,49.99999999999999,50.0,50.0,50.00000000000001,50.0,50.0,49.99999999999999,49.999999999999986,49.99999999999999,49.99999999999999,49.99999999999999,50.0,50.0,nan,nan,nan,nan,nan,nan,nan,49.99999999999999
85740.0,49.99999999999999,49.99999999999997,49.999999999999986,50.00000000000001,49.99999999999998,50.00000000000001,49.99999999999998,50.00000000000002,50.000000000000014,49.99999999999997,49.99999999999997,50.000000000000014,49.999999999999986,nan,nan,nan,nan,nan,nan,nan,49.99999999999999
85800.0,49.99999999999999,49.99999999999999,49.99999999999999,50.00000000000002,49.99999999999998,50.0,50.0,49.99999999999997,50.00000000000003,49.99999999999999,49.99999999999999,49.99999999999997,49.999999999999986,nan,nan,nan,nan,nan,nan,nan,49.99999999999999
85860.0,49.99999999999999,49.99999999999999,49.99999999999999,50.00000000000003,49.999999999999964,49.99999999999999,49.999999999999986,49.999999999999986,49.99999999999999,50.00000000000001,49.999999999999986,49.99999999999999,49.999999999999986,nan,nan,nan,nan,nan,nan,nan,49.99999999999999
85920.0,49.99999999999999,49.999999999999986,49.999999999999986,50.000000000000014,49.999999999999986,50.00000000000001,50.0,49.99999999999997,49.99999999999999,50.000000000000014,49.99999999999999,49.99999999999999,50.0,nan,nan,nan,nan,nan,nan,nan,49.99999999999999
85980.0,49.99999999999999,50.0,50.00000000000001,50.00000000000001,49.99999999999998,49.999999999999964,50.000000000000014,49.99999999999999,49.99999999999997,50.000000000000014,49.99999999999998,50.0,49.999999999999986,nan,nan,nan,nan,nan,nan,nan,49.99999999999999
86040.0,49.99999999999999,49.999999999999986,49.99999999999997,49.999999999999964,49.99999999999999,49.99999999999998,49.99999999999998,49.999999999999986,49.99999999999999,50.000000000000014,50.0,49.99999999999998,49.99999999999999,nan,nan,nan,nan,nan,nan,nan,49.99999999999999
86100.0,49.99999999999999,49.999999999999986,50.0,49.99999999999999,49.99999999999998,49.99999999999999,50.000000000000014,49.99999999999999,50.000000000000014,49.99999999999997,50.00000000000001,49.999999999999964,49.999999999999986,nan,nan,nan,nan,nan,nan,nan,49.99999999999999
86160.0,49.99999999999999,49.99999999999999,50.00000000000001,50.00000000000001,49.999999999999964,49.99999999999996,50.00000000000001,50.0,49.99999999999998,49.999999999999986,49.999999999999986,49.99999999999999,50.00000000000002,nan,nan,nan,nan,nan,nan,nan,49.99999999999999
86220.0,49.99999999999999,49.99999999999999,49.99999999999999,49.99999999999998,49.99999999999998,50.00000000000001,49.999999999999986,49.99999999999998,50.0,49.999999999999986,49.999999999999986,49.99999999999998,50.00000000000002,nan,nan,nan,nan,nan,nan,nan,49.99999999999999
86280.0,49.99999999999999,49.99999999999998,49.999999999999964,50.0,50.0,49.999999999999964,49.99999999999999,49.999999999999964,49.99999999999999,50.0,50.000000000000014,49.99999999999999,50.0,nan,nan,nan,nan,nan,nan,nan,49.99999999999999
86340.0,49.99999999999999,49.99999999999999,49.99999999999999,49.999999999999986,49.99999999999998,49.999999999999964,50.0,49.99999999999999,49.99999999999999,49.99999999999999,50.0,50.0,49.99999999999998,nan,nan,nan,nan,nan,nan,nan,49.99999999999999
86400.0,49.99999999999999,50.000000000000014,49.99999999999999,50.00000000000002,50.00000000000001,50.0,50.00000000000001,50.00000000000001,49.99999999999999,49.99999999999999,49.99999999999997,49.999999999999986,49.99999999999999,nan,nan,nan,nan,nan,nan,nan,49.99999999999999
86460.0,49.99999999999999,50.000000000000014,49.99999999999999,50.00000000000002,50.00000000000001,50.0,50.00000000000001,50.00000000000001,49.99999999999999,49.99999999999999,49.99999999999997,49.999999999999986,49.99999999999999,nan,nan,nan,nan,nan,nan,nan,49.99999999999999
86520.0,49.99999999999999,50.000000000000014,49.99999999999999,50.00000000000002,50.00000000000001,50.0,50.00000000000001,50.00000000000001,49.99999999999999,49.99999999999999,49.99999999999997,49.999999999999986,49.99999999999999,nan,nan,nan,nan,nan,nan,nan,49.99999999999999
86580.0,49.99999999999999,50.000000000000014,49.99999999999999,50.00000000000002,50.00000000000001,50.0,50.00000000000001,50.00000000000001,49.99999999999999,49.99999999999999,49.99999999999997,49.999999999999986,49.99999999999999,nan,nan,nan,nan,nan,nan,nan,49.99999999999999
86640.0,49.99999999999999,50.000000000000014,49.99999999999999,50.00000000000002,50.00000000000001,50.0,50.00000000000001,50.00000000000001,49.99999999999999,49.99999999999999,49.99999999999997,49.999999999999986,49.99999999999999,nan,nan,nan,nan,nan,nan,nan,49.99999999999999
86700.0,49.99999999999999,50.000000000000014,49.99999999999999,50.00000000000002,50.00000000000001,50.0,50.00000000000001,50.00000000000001,49.99999999999999,49.99999999999999,49.99999999999997,49.999999999999986,49.99999999999999,nan,nan,nan,nan,nan,nan,nan,49.99999999999999
86760.0,49.99999999999999,50.000000000000014,49.99999999999999,50.00000000000002,50.00000000000001,50.0,50.00000000000001,50.00000000000001,49.99999999999999,49.99999999999999,49.99999999999997,49.999999999999986,49.99999999999999,nan,nan,nan,nan,nan,nan,nan,49.99999999999999
86820.0,49.99999999999999,50.000000000000014,49.99999999999999,50.00000000000002,50.00000000000001,50.0,50.00000000000001,50.00000000000001,49.99999999999999,49.99999999999999,49.99999999999997,49.999999999999986,49.99999999999999,nan,nan,nan,nan,nan,nan,nan,49.99999999999999
86880.0,49.99999999999999,50.000000000000014,49.99999999999999,50.00000000000002,50.00000000000001,50.0,50.00000000000001,50.00000000000001,49.99999999999999,49.99999999999999,49.99999999999997,49.999999999999986,49.99999999999999,nan,nan,nan,nan,nan,nan,nan,49.99999999999999
86940.0,49.99999999999999,50.000000000000014,49.99999999999999,50.00000000000002,50.00000000000001,50.0,50.00000000000001,50.00000000000001,49.99999999999999,49.99999999999999,49.99999999999997,49.999999999999986,49.99999999999999,nan,nan,nan,nan,nan,nan,nan,49.99999999999999
87000.0,49.99999999999999,50.000000000000014,49.99999999999999,50.00000000000002,50.00000000000001,50.0,50.00000000000001,50.00000000000001,49.99999999999999,49.99999999999999,49.99999999999997,49.999999999999986,49.99999999999999,nan,nan,nan,nan,nan,nan,nan,49.99999999999999
87060.0,49.99999999999999,50.000000000000014,49.99999999999999,50.00000000000002,50.00000000000001,50.0,50.00000000000001,50.00000000000001,49.99999999999999,49.99999999999999,49.99999999999997,49.999999999999986,49.99999999999999,nan,nan,nan,nan,nan,nan,nan,49.99999999999999
87120.0,49.99999999999999,50.000000000000014,49.99999999999999,50.00000000000002,50.00000000000001,50.0,50.00000000000001,50.00000000000001,49.99999999999999,49.99999999999999,49.99999999999997,49.999999999999986,49.99999999999999,nan,nan,nan,nan,nan,nan,nan,49.99999999999999
87180.0,49.99999999999999,50.000000000000014,49.99999999999999,50.00000000000002,50.00000000000001,50.0,50.00000000000001,50.00000000000001,49.99999999999999,49.99999999999999,49.99999999999997,49.999999999999986,49.99999999999999,nan,nan,nan,nan,nan,nan,nan,49.99999999999999
87240.0,49.99999999999999,50.000000000000014,49.99999999999999,50.00000000000002,50.00000000000001,50.0,50.00000000000001,50.00000000000001,49.99999999999999,49.99999999999999,49.99999999999997,49.999999999999986,49.99999999999999,nan,nan,nan,nan,nan,nan,nan,49.99999999999999
87300.0,49.99999999999999,50.000000000000014,49.99999999999999,50.00000000000002,50.00000000000001,50.0,50.00000000000001,50.00000000000001,49.99999999999999,49.99999999999999,49.99999999999997,49.999999999999986,49.99999999999999,nan,nan,nan,nan,nan,nan,nan,49.99999999999999
87360.0,49.99999999999999,50.000000000000014,49.99999999999999,50.00000000000002,50.00000000000001,50.0,50.00000000000001,50.00000000000001,49.99999999999999,49.99999999999999,49.99999999999997,49.999999999999986,49.99999999999999,nan,nan,nan,nan,nan,nan,nan,49.99999999999999
87420.0,49.99999999999999,50.000000000000014,49.99999999999999,50.00000000000002,50.00000000000001,50.0,50.00000000000001,50.00000000000001,49.99999999999999,49.99999999999999,49.99999999999997,49.999999999999986,49.99999999999999,nan,nan,nan,nan,nan,nan,nan,49.99999999999999
87480.0,49.99999999999999,50.000000000000014,49.99999999999999,50.00000000000002,50.00000000000001,50.0,50.00000000000001,50.00000000000001,49.99999999999999,49.99999999999999,49.99999999999997,49.999999999999986,49.99999999999999,nan,nan,nan,nan,nan,nan,nan,49.99999999999999
87540.0,49.99999999999999,50.000000000000014,49.99999999999999,50.00000000000002,50.00000000000001,50.0,50.00000000000001,50.00000000000001,49.99999999999999,49.99999999999999,49.99999999999997,49.999999999999986,49.99999999999999,nan,nan,nan,nan,nan,nan,nan,49.99999999999999
87600.0,49.99999999999999,50.000000000000014,49.99999999999999,50.00000000000002,50.00000000000001,50.0,50.00000000000001,50.00000000000001,49.99999999999999,49.99999999999999,49.99999999999997,49.999999999999986,49.99999999999999,nan,nan,nan,nan,nan,nan,nan,49.99999999999999
87660.0,49.99999999999999,50.000000000000014,49.99999999999999,50.00000000000002,50.00000000000001,50.0,50.00000000000001,50.00000000000001,49.99999999999999,49.99999999999999,49.99999999999997,49.999999999999986,49.99999999999999,nan,nan,nan,nan,nan,nan,nan,49.99999999999999
87720.0,49.99999999999999,50.000000000000014,49.99999999999999,50.00000000000002,50.00000000000001,50.0,50.00000000000001,50.00000000000001,49.99999999999999,49.99999999999999,49.99999999999997,49.999999999999986,49.99999999999999,nan,nan,nan,nan,nan,nan,nan,49.99999999999999
87780.0,49.99999999999999,50.000000000000014,49.99999999999999,50.00000000000002,50.00000000000001,50.0,50.00000000000001,50.00000000000001,49.99999999999999,49.99999999999999,49.99999999999997,49.999999999999986,49.99999999999999,nan,nan,nan,nan,nan,nan,nan,49.99999999999999
87840.0,49.99999999999999,50.000000000000014,49.99999999999999,50.00000000000002,50.00000000000001,50.0,50.00000000000001,50.00000000000001,49.99999999999999,49.99999999999999,49.99999999999997,49.999999999999986,49.99999999999999,nan,nan,nan,nan,nan,nan,nan,49.99999999999999
87900.0,49.99999999999999,50.000000000000014,49.99999999999999,50.00000000000002,50.00000000000001,50.0,50.00000000000001,50.00000000000001,49.99999999999999,49.99999999999999,49.99999999999997,49.999999999999986,49.99999999999999,nan,nan,nan,nan,nan,nan,nan,49.99999999999999
87960.0,49.99999999999999,50.000000000000014,49.99999999999999,50.00000000000002,50.00000000000001,50.0,50.00000000000001,50.00000000000001,49.99999999999999,49.99999999999999,49.99999999999997,49.999999999999986,49.99999999999999,nan,nan,nan,nan,nan,nan,nan,49.99999999999999
88020.0,49.99999999999999,50.000000000000014,49.99999999999999,50.00000000000002,50.00000000000001,50.0,50.00000000000001,50.00000000000001,49.99999999999999,49.99999999999999,49.99999999999997,49.999999999999986,49.99999999999999,nan,nan,nan,nan,nan,nan,nan,49.99999999999999
88080.0,49.99999999999999,50.000000000000014,49.99999999999999,50.00000000000002,50.00000000000001,50.0,50.00000000000001,50.00000000000001,49.99999999999999,49.99999999999999,49.99999999999997,49.999999999999986,49.99999999999999,nan,nan,nan,nan,nan,nan,nan,49.99999999999999
88140.0,49.99999999999999,50.000000000000014,49.99999999999999,50.00000000000002,50.00000000000001,50.0,50.00000000000001,50.00000000000001,49.99999999999999,49.99999999999999,49.99999999999997,49.999999999999986,49.99999999999999,nan,nan,nan,nan,nan,nan,nan,49.99999999999999
88200.0,49.99999999999999,50.000000000000014,49.99999999999999,50.00000000000002,50.00000000000001,50.0,50.00000000000001,50.00000000000001,49.99999999999999,49.99999999999999,49.99999999999997,49.999999999999986,49.99999999999999,nan,nan,nan,nan,nan,nan,nan,49.99999999999999
88260.0,49.99999999999999,49.99999999999998,50.00000000000002,49.999999999999986,50.0,49.99999999999999,49.99999999999999,49.99999999999999,50.00000000000002,50.0,49.999999999999964,49.99999999999997,50.00000000000001,nan,nan,nan,nan,nan,nan,nan,49.99999999999999
88320.0,49.99999999999999,50.0,50.0,50.0,50.00000000000001,50.0,49.99999999999998,50.00000000000001,49.99999999999997,49.99999999999999,50.00000000000001,50.0,49.99999999999997,nan,nan,nan,nan,nan,nan,nan,49.99999999999999
88380.0,49.99999999999999,49.999999999999986,49.999999999999986,49.999999999999986,50.00000000000001,49.99999999999994,50.000000000000014,49.999999999999986,49.999999999999986,49.99999999999999,49.999999999999986,49.999999999999986,49.99999999999999,nan,nan,nan,nan,nan,nan,nan,49.99999999999999
88440.0,49.99999999999999,50.0,50.000000000000014,49.99999999999998,50.0,50.0,49.99999999999997,50.0,50.0,49.999999999999986,49.99999999999997,50.0,50.0,nan,nan,nan,nan,nan,nan,nan,49.99999999999999
88500.0,49.99999999999999,49.99999999999997,50.00000000000001,49.99999999999999,49.99999999999998,49.99999999999999,49.99999999999999,50.00000000000001,50.0,50.00000000000002,49.999999999999986,49.99999999999998,50.0,nan,nan,nan,nan,nan,nan,nan,49.99999999999999
88560.0,49.99999999999999,49.999999999999964,50.0,49.99999999999998,49.99999999999997,49.99999999999998,49.99999999999998,50.0,50.00000000000001,49.99999999999999,50.000000000000014,50.000000000000014,49.99999999999999,nan,nan,nan,nan,nan,nan,nan,49.99999999999999
88620.0,49.99999999999999,49.999999999999964,49.999999999999986,49.99999999999999,50.000000000000014,50.00000000000004,50.0,49.99999999999999,50.00000000000001,49.99999999999999,49.99999999999998,49.99999999999999,49.99999999999999,nan,nan,nan,nan,nan,nan,nan,49.99999999999999
88680.0,49.99999999999999,50.0,50.0,49.99999999999998,49.99999999999998,50.000000000000014,49.99999999999999,49.99999999999999,50.00000000000002,50.0,49.99999999999997,49.99999999999999,49.99999999999999,nan,nan,nan,nan,nan,nan,nan,49.99999999999999
88740.0,49.99999999999999,49.999999999999986,49.99999999999999,50.000000000000014,49.99999999999997,50.0,49.99999999999999,49.99999999999999,49.99999999999998,49.99999999999999,49.99999999999998,50.0,50.0,nan,nan,nan,nan,nan,nan,nan,49.99999999999999
88800.0,49.99999999999999,49.99999999999999,50.00000000000001,49.99999999999997,49.999999999999964,49.99999999999997,50.000000000000036,49.99999999999999,50.0,49.999999999999986,50.0,49.99999999999999,49.99999999999997,nan,nan,nan,nan,nan,nan,nan,49.99999999999999
88860.0,49.99999999999999,50.0,50.00000000000001,50.00000000000001,50.0,49.99999999999998,49.99999999999999,49.99999999999997,50.0,49.99999999999999,50.00000000000001,50.0,49.999999999999986,nan,nan,nan,nan,nan,nan,nan,49.99999999999999
88920.0,49.99999999999999,49.99999999999999,49.99999999999999,50.0,49.99999999999999,49.999999999999986,49.99999999999998,49.99999999999998,49.999999999999986,50.0,50.000000000000014,50.00000000000001,49.99999999999999,nan,nan,nan,nan,nan,nan,nan,49.99999999999999
88980.0,49.99999999999999,50.00000000000001,49.999999999999986,50.00000000000003,49.99999999999997,49.999999999999986,49.99999999999998,50.0,49.99999999999999,50.0,50.000000000000014,49.99999999999997,49.999999999999964,nan,nan,nan,nan,nan,nan,nan,49.99999999999999
89040.0,49.99999999999999,50.00000000000001,49.999999999999986,50.0,50.00000000000001,50.00000000000001,49.99999999999997,50.00000000000001,50.00000000000001,50.0,49.99999999999999,49.99999999999999,49.99999999999998,nan,nan,nan,nan,nan,nan,nan,49.99999999999999
89100.0,49.99999999999999,50.000000000000014,49.999999999999986,50.000000000000014,50.0,50.0,49.999999999999986,50.0,50.00000000000003,50.0,50.0,49.999999999999986,49.99999999999999,nan,nan,nan,nan,nan,nan,nan,49.99999999999999
89160.0,49.99999999999999,50.000000000000014,50.00000000000002,50.00000000000001,50.00000000000002,50.00000000000001,50.00000000000001,49.99999999999998,50.00000000000002,49.999999999999986,49.99999999999999,49.99999999999999,50.000000000000014,nan,nan,nan,nan,nan,nan,nan,49.99999999999999
89220.0,49.99999999999999,50.0,50.00000000000001,49.99999999999999,50.000000000000014,49.999999999999964,49.99999999999998,50.0,49.99999999999999,50.0,50.00000000000001,50.00000000000001,50.00000000000001,nan,nan,nan,nan,nan,nan,nan,49.99999999999999
89280.0,49.99999999999999,49.99999999999998,50.000000000000014,50.000000000000014,50.00000000000001,50.00000000000001,50.00000000000001,49.999999999999986,49.999999999999964,50.0,49.99999999999999,49.99999999999997,49.999999999999986,nan,nan,nan,nan,nan,nan,nan,49.99999999999999
89340.0,49.99999999999999,50.00000000000002,49.999999999999964,49.99999999999998,50.0,49.999999999999986,50.0,49.99999999999999,50.00000000000001,50.0,50.00000000000001,50.00000000000002,50.0,nan,nan,nan,nan,nan,nan,nan,49.99999999999999
89400.0,49.99999999999999,49.99999999999999,49.999999999999986,49.99999999999999,49.999999999999986,49.99999999999998,50.000000000000014,50.0,49.99999999999999,50.000000000000014,50.0,50.00000000000001,49.999999999999986,nan,nan,nan,nan,nan,nan,nan,49.99999999999999
89460.0,49.99999999999999,49.999999999999986,49.99999999999999,49.99999999999993,49.99999999999999,49.999999999999986,50.0,49.99999999999998,49.99999999999998,49.99999999999997,49.99999999999998,50.000000000000014,49.99999999999999,nan,nan,nan,nan,nan,nan,nan,49.99999999999999
89520.0,49.99999999999999,49.99999999999999,49.99999999999999,49.999999999999986,49.99999999999999,49.99999999999996,49.999999999999986,50.0,50.0,49.999999999999986,50.0,50.0,49.999999999999986,nan,nan,nan,nan,nan,nan,nan,49.99999999999999
89580.0,49.99999999999999,50.0,50.000000000000014,49.99999999999999,49.99999999999999,50.00000000000002,50.0,50.00000000000001,50.000000000000036,50.0,50.000000000000014,50.0,50.0,nan,nan,nan,nan,nan,nan,nan,49.99999999999999
89640.0,49.99999999999999,49.99999999999999,50.00000000000001,50.000000000000014,49.99999999999998,49.999999999999986,49.999999999999986,50.0,50.000000000000014,50.00000000000001,50.00000000000001,50.00000000000001,49.99999999999999,nan,nan,nan,nan,nan,nan,nan,49.99999999999999
89700.0,49.99999999999999,50.00000000000002,49.999999999999986,49.99999999999999,49.99999999999999,50.00000000000001,50.000000000000014,50.000000000000014,50.00000000000001,50.0,49.999999999999986,50.0,49.99999999999998,nan,nan,nan,nan,nan,nan,nan,49.99999999999999
89760.0,49.99999999999999,50.000000000000014,49.999999999999986,49.99999999999998,49.99999999999998,49.99999999999996,50.00000000000001,49.99999999999999,49.99999999999998,49.999999999999964,49.999999999999986,49.99999999999997,50.00000000000002,nan,nan,nan,nan,nan,nan,nan,49.99999999999999
89820.0,49.99999999999999,50.00000000000001,50.000000000000014,50.00000000000001,49.99999999999997,50.000000000000036,50.00000000000002,49.99999999999999,50.00000000000002,50.0,49.99999999999999,49.99999999999998,49.99999999999998,nan,nan,nan,nan,nan,nan,nan,49.99999999999999
89880.0,49.99999999999999,49.99999999999997,50.0,50.00000000000001,49.99999999999999,50.00000000000003,49.99999999999999,49.999999999999986,49.99999999999999,49.99999999999998,50.000000000000014,49.99999999999997,49.99999999999997,nan,nan,nan,nan,nan,nan,nan,49.99999999999999
89940.0,49.99999999999999,49.99999999999997,49.99999999999999,49.999999999999986,49.99999999999999,50.0,49.999999999999986,49.99999999999999,50.0,49.99999999999999,50.0,49.999999999999986,50.00000000000001,nan,nan,nan,nan,nan,nan,nan,49.99999999999999
90000.0,49.99999999999999,49.99999999999999,50.0,49.99999999999997,49.999999999999986,49.999999999999986,50.00000000000001,49.99999999999999,49.999999999999986,49.99999999999997,49.99999999999999,49.99999999999999,50.0,nan,nan,nan,nan,nan,nan,nan,49.99999999999999
90060.0,49.99999999999999,49.99999999999999,50.0,49.99999999999997,49.999999999999986,49.999999999999986,50.00000000000001,49.99999999999999,49.999999999999986,49.99999999999997,49.99999999999999,49.99999999999999,50.0,nan,nan,nan,nan,nan,nan,nan,49.99999999999999
90120.0,49.99999999999999,49.99999999999999,50.0,49.99999999999997,49.999999999999986,49.999999999999986,50.00000000000001,49.99999999999999,49.999999999999986,49.99999999999997,49.99999999999999,49.99999999999999,50.0,nan,nan,nan,nan,nan,nan,nan,49.99999999999999
90180.0,49.99999999999999,49.99999999999999,50.0,49.99999999999997,49.999999999999986,49.999999999999986,50.00000000000001,49.99999999999999,49.999999999999986,49.99999999999997,49.99999999999999,49.99999999999999,50.0,nan,nan,nan,nan,nan,nan,nan,49.99999999999999
90240.0,49.99999999999999,49.99999999999999,50.0,49.99999999999997,49.999999999999986,49.999999999999986,50.00000000000001,49.99999999999999,49.999999999999986,49.99999999999997,49.99999999999999,49.99999999999999,50.0,nan,nan,nan,nan,nan,nan,nan,49.99999999999999
90300.0,49.99999999999999,49.99999999999999,50.0,49.99999999999997,49.999999999999986,49.999999999999986,50.00000000000001,49.99999999999999,49.999999999999986,49.99999999999997,49.99999999999999,49.99999999999999,50.0,nan,nan,nan,nan,nan,nan,nan,49.99999999999999
90360.0,49.99999999999999,49.99999999999999,50.0,49.99999999999997,49.999999999999986,49.999999999999986,50.00000000000001,49.99999999999999,49.999999999999986,49.99999999999997,49.99999999999999,49.99999999999999,50.0,nan,nan,nan,nan,nan,nan,nan,49.99999999999999
90420.0,49.99999999999999,49.99999999999999,50.0,49.99999999999997,49.999999999999986,49.999999999999986,50.00000000000001,49.99999999999999,49.999999999999986,49.99999999999997,49.99999999999999,49.99999999999999,50.0,nan,nan,nan,nan,nan,nan,nan,49.99999999999999
90480.0,49.99999999999999,49.99999999999999,50.0,49.99999999999997,49.999999999999986,49.999999999999986,50.00000000000001,49.99999999999999,49.999999999999986,49.99999999999997,49.99999999999999,49.99999999999999,50.0,nan,nan,nan,nan,nan,nan,nan,49.99999999999999
90540.0,49.99999999999999,49.99999999999999,50.0,49.99999999999997,49.999999999999986,49.999999999999986,50.00000000000001,49.99999999999999,49.999999999999986,49.99999999999997,49.99999999999999,49.99999999999999,50.0,nan,nan,nan,nan,nan,nan,nan,49.99999999999999
90600.0,49.99999999999999,49.99999999999999,50.0,49.99999999999997,49.999999999999986,49.999999999999986,50.00000000000001,49.99999999999999,49.999999999999986,49.99999999999997,49.99999999999999,49.99999999999999,50.0,nan,nan,nan,nan,nan,nan,nan,49.99999999999999
90660.0,49.99999999999999,49.99999999999999,50.0,49.99999999999997,49.999999999999986,49.999999999999986,50.00000000000001,49.99999999999999,49.999999999999986,49.99999999999997,49.99999999999999,49.99999999999999,50.0,nan,nan,nan,nan,nan,nan,nan,49.99999999999999
90720.0,49.99999999999999,49.99999999999999,50.0,49.99999999999997,49.999999999999986,49.999999999999986,50.00000000000001,49.99999999999999,49.999999999999986,49.99999999999997,49.99999999999999,49.99999999999999,50.0,nan,nan,nan,nan,nan,nan,nan,49.99999999999999
90780.0,49.99999999999999,49.99999999999999,50.0,49.99999999999997,49.999999999999986,49.999999999999986,50.00000000000001,49.99999999999999,49.999999999999986,49.99999999999997,49.99999999999999,49.99999999999999,50.0,nan,nan,nan,nan,nan,nan,nan,49.99999999999999
90840.0,49.99999999999999,49.99999999999999,50.0,49.99999999999997,49.999999999999986,49.999999999999986,50.00000000000001,49.99999999999999,49.999999999999986,49.99999999999997,49.99999999999999,49.99999999999999,50.0,nan,nan,nan,nan,nan,nan,nan,49.99999999999999
90900.0,49.99999999999999,49.99999999999999,50.0,49.99999999999997,49.999999999999986,49.999999999999986,50.00000000000001,49.99999999999999,49.999999999999986,49.99999999999997,49.99999999999999,49.99999999999999,50.0,nan,nan,nan,nan,nan,nan,nan,49.99999999999999
90960.0,49.99999999999999,49.99999999999999,50.0,49.99999999999997,49.999999999999986,49.999999999999986,50.00000000000001,49.99999999999999,49.999999999999986,49.99999999999997,49.99999999999999,49.99999999999999,50.0,nan,nan,nan,nan,nan,nan,nan,49.99999999999999
91020.0,49.99999999999999,49.99999999999999,50.0,49.99999999999997,49.999999999999986,49.999999999999986,50.00000000000001,49.99999999999999,49.999999999999986,49.99999999999997,49.99999999999999,49.99999999999999,50.0,nan,nan,nan,nan,nan,nan,nan,49.99999999999999
91080.0,49.99999999999999,49.99999999999999,50.0,49.99999999999997,49.999999999999986,49.999999999999986,50.00000000000001,49.99999999999999,49.999999999999986,49.99999999999997,49.99999999999999,49.99999999999999,50.0,nan,nan,nan,nan,nan,nan,nan,49.99999999999999
91140.0,49.99999999999999,49.99999999999999,50.0,49.99999999999997,49.999999999999986,49.999999999999986,50.00000000000001,49.99999999999999,49.999999999999986,49.99999999999997,49.99999999999999,49.99999999999999,50.0,nan,nan,nan,nan,nan,nan,nan,49.99999999999999
91200.0,49.99999999999999,49.99999999999999,50.0,49.99999999999997,49.999999999999986,49.999999999999986,50.00000000000001,49.99999999999999,49.999999999999986,49.99999999999997,49.99999999999999,49.99999999999999,50.0,nan,nan,nan,nan,nan,nan,nan,49.99999999999999
91260.0,49.99999999999999,49.99999999999999,50.0,49.99999999999997,49.999999999999986,49.999999999999986,50.00000000000001,49.99999999999999,49.999999999999986,49.99999999999997,49.99999999999999,49.99999999999999,50.0,nan,nan,nan,nan,nan,nan,nan,49.99999999999999
91320.0,49.99999999999999,49.99999999999999,50.0,49.99999999999997,49.999999999999986,49.999999999999986,50.00000000000001,49.99999999999999,49.999999999999986,49.99999999999997,49.99999999999999,49.99999999999999,50.0,nan,nan,nan,nan,nan,nan,nan,49.99999999999999
91380.0,49.99999999999999,49.99999999999999,50.0,49.99999999999997,49.999999999999986,49.999999999999986,50.00000000000001,49.99999999999999,49.999999999999986,49.99999999999997,49.99999999999999,49.99999999999999,50.0,nan,nan,nan,nan,nan,nan,nan,49.99999999999999
91440.0,49.99999999999999,49.99999999999999,50.0,49.99999999999997,49.999999999999986,49.999999999999986,50.00000000000001,49.99999999999999,49.999999999999986,49.99999999999997,49.99999999999999,49.99999999999999,50.0,nan,nan,nan,nan,nan,nan,nan,49.99999999999999
91500.0,49.99999999999999,49.99999999999999,50.0,49.99999999999997,49.999999999999986,49.999999999999986,50.00000000000001,49.99999999999999,49.999999999999986,49.99999999999997,49.99999999999999,49.99999999999999,50.0,nan,nan,nan,nan,nan,nan,nan,49.99999999999999
91560.0,49.99999999999999,49.99999999999999,50.0,49.99999999999997,49.999999999999986,49.999999999999986,50.00000000000001,49.99999999999999,49.999999999999986,49.99999999999997,49.99999999999999,49.99999999999999,50.0,nan,nan,nan,nan,nan,nan,nan,49.99999999999999
91620.0,49.99999999999999,49.99999999999999,50.0,49.99999999999997,49.999999999999986,49.999999999999986,50.00000000000001,49.99999999999999,49.999999999999986,49.99999999999997,49.99999999999999,49.99999999999999,50.0,nan,nan,nan,nan,nan,nan,nan,49.99999999999999
91680.0,49.99999999999999,49.99999999999999,50.0,49.99999999999997,49.999999999999986,49.999999999999986,50.00000000000001,49.99999999999999,49.999999999999986,49.99999999999997,49.99999999999999,49.99999999999999,50.0,nan,nan,nan,nan,nan,nan,nan,49.99999999999999
91740.0,49.99999999999999,49.99999999999999,50.0,49.99999999999997,49.999999999999986,49.999999999999986,50.00000000000001,49.99999999999999,49.999999999999986,49.99999999999997,49.99999999999999,49.99999999999999,50.0,nan,nan,nan,nan,nan,nan,nan,49.99999999999999
91800.0,49.99999999999999,49.99999999999999,50.0,49.99999999999997,49.999999999999986,49.999999999999986,50.00000000000001,49.99999999999999,49.999999999999986,49.99999999999997,49.99999999999999,49.99999999999999,50.0,nan,nan,nan,nan,nan,nan,nan,49.99999999999999
91860.0,49.99999999999999,49.99999999999999,50.0,49.99999999999997,49.999999999999986,49.999999999999986,50.00000000000001,49.99999999999999,49.999999999999986,49.99999999999997,49.99999999999999,49.99999999999999,50.0,nan,nan,nan,nan,nan,nan,nan,49.99999999999999
91920.0,49.99999999999999,49.99999999999999,50.0,49.99999999999997,49.999999999999986,49.999999999999986,50.00000000000001,49.99999999999999,49.999999999999986,49.99999999999997,49.99999999999999,49.99999999999999,50.0,nan,nan,nan,nan,nan,nan,nan,49.99999999999999
91980.0,49.99999999999999,49.99999999999999,50.0,49.99999999999997,49.999999999999986,49.999999999999986,50.00000000000001,49.99999999999999,49.999999999999986,49.99999999999997,49.99999999999999,49.99999999999999,50.0,nan,nan,nan,nan,nan,nan,nan,49.99999999999999
92040.0,49.99999999999999,49.99999999999999,50.0,49.99999999999997,49.999999999999986,49.999999999999986,50.00000000000001,49.99999999999999,49.999999999999986,49.99999999999997,49.99999999999999,49.99999999999999,50.0,nan,nan,nan,nan,nan,nan,nan,49.99999999999999
92100.0,49.99999999999999,49.99999999999999,50.0,49.99999999999997,49.999999999999986,49.999999999999986,50.00000000000001,49.99999999999999,49.999999999999986,49.99999999999997,49.99999999999999,49.99999999999999,50.0,nan,nan,nan,nan,nan,nan,nan,49.99999999999999
92160.0,49.99999999999999,49.99999999999999,50.0,49.99999999999997,49.999999999999986,49.999999999999986,50.00000000000001,49.99999999999999,49.999999999999986,49.99999999999997,49.99999999999999,49.99999999999999,50.0,nan,nan,nan,nan,nan,nan,nan,49.99999999999999
92220.0,49.99999999999999,49.99999999999999,50.0,49.99999999999997,49.999999999999986,49.999999999999986,50.00000000000001,49.99999999999999,49.999999999999986,49.99999999999997,49.99999999999999,49.99999999999999,50.0,nan,nan,nan,nan,nan,nan,nan,49.99999999999999
92280.0,49.99999999999999,49.99999999999999,50.0,49.99999999999997,49.999999999999986,49.999999999999986,50.00000000000001,49.99999999999999,49.999999999999986,49.99999999999997,49.99999999999999,49.99999999999999,50.0,nan,nan,nan,nan,nan,nan,nan,49.99999999999999
92340.0,49.99999999999999,49.99999999999999,50.0,49.99999999999997,49.999999999999986,49.999999999999986,50.00000000000001,49.99999999999999,49.999999999999986,49.99999999999997,49.99999999999999,49.99999999999999,50.0,nan,nan,nan,nan,nan,nan,nan,49.99999999999999
92400.0,49.99999999999999,49.99999999999999,50.0,49.99999999999997,49.999999999999986,49.999999999999986,50.00000000000001,49.99999999999999,49.999999999999986,49.99999999999997,49.99999999999999,49.99999999999999,50.0,nan,nan,nan,nan,nan,nan,nan,49.99999999999999
92460.0,49.99999999999999,49.99999999999999,50.0,49.99999999999997,49.999999999999986,49.999999999999986,50.00000000000001,49.99999999999999,49.999999999999986,49.99999999999997,49.99999999999999,49.99999999999999,50.0,nan,nan,nan,nan,nan,nan,nan,49.99999999999999
92520.0,49.99999999999999,49.99999999999999,50.0,49.99999999999997,49.999999999999986,49.999999999999986,50.00000000000001,49.99999999999999,49.999999999999986,49.99999999999997,49.99999999999999,49.99999999999999,50.0,nan,nan,nan,nan,nan,nan,nan,49.99999999999999
92580.0,49.99999999999999,49.99999999999999,50.0,49.99999999999997,49.999999999999986,49.999999999999986,50.00000000000001,49.99999999999999,49.999999999999986,49.99999999999997,49.99999999999999,49.99999999999999,50.0,nan,nan,nan,nan,nan,nan,nan,49.99999999999999
92640.0,49.99999999999999,49.99999999999999,50.0,49.99999999999997,49.999999999999986,49.999999999999986,50.00000000000001,49.99999999999999,49.999999999999986,49.99999999999997,49.99999999999999,49.99999999999999,50.0,nan,nan,nan,nan,nan,nan,nan,49.99999999999999
92700.0,49.99999999999999,49.99999999999999,50.0,49.99999999999997,49.999999999999986,49.999999999999986,50.00000000000001,49.99999999999999,49.999999999999986,49.99999999999997,49.99999999999999,49.99999999999999,50.0,nan,nan,nan,nan,nan,nan,nan,49.99999999999999
92760.0,49.99999999999999,49.99999999999999,50.0,49.99999999999997,49.999999999999986,49.999999999999986,50.00000000000001,49.99999999999999,49.999999999999986,49.99999999999997,49.99999999999999,49.99999999999999,50.0,nan,nan,nan,nan,nan,nan,nan,49.99999999999999
92820.0,49.99999999999999,49.99999999999999,50.0,49.99999999999997,49.999999999999986,49.999999999999986,50.00000000000001,49.99999999999999,49.999999999999986,49.99999999999997,49.99999999999999,49.99999999999999,50.0,nan,nan,nan,nan,nan,nan,nan,49.99999999999999
92880.0,49.99999999999999,49.99999999999999,50.0,49.99999999999997,49.999999999999986,49.999999999999986,50.00000000000001,49.99999999999999,49.999999999999986,49.99999999999997,49.99999999999999,49.99999999999999,50.0,nan,nan,nan,nan,nan,nan,nan,49.99999999999999
92940.0,49.99999999999999,49.99999999999999,50.0,49.99999999999997,49.999999999999986,49.999999999999986,50.00000000000001,49.99999999999999,49.999999999999986,49.99999999999997,49.99999999999999,49.99999999999999,50.0,nan,nan,nan,nan,nan,nan,nan,49.99999999999999
93000.0,49.99999999999999,49.99999999999999,50.0,49.99999999999997,49.999999999999986,49.999999999999986,50.00000000000001,49.99999999999999,49.999999999999986,49.99999999999997,49.99999999999999,49.99999999999999,50.0,nan,nan,nan,nan,nan,nan,nan,49.99999999999999
93060.0,49.99999999999999,49.99999999999999,50.0,49.99999999999997,49.999999999999986,49.999999999999986,50.00000000000001,49.99999999999999,49.999999999999986,49.99999999999997,49.99999999999999,49.99999999999999,50.0,nan,nan,nan,nan,nan,nan,nan,49.99999999999999
93120.0,49.99999999999999,49.99999999999999,50.0,49.99999999999997,49.999999999999986,49.999999999999986,50.00000000000001,49.99999999999999,49.999999999999986,49.99999999999997,49.99999999999999,49.99999999999999,50.0,nan,nan,nan,nan,nan,nan,nan,49.99999999999999
93180.0,49.99999999999999,49.99999999999999,50.0,49.99999999999997,49.999999999999986,49.999999999999986,50.00000000000001,49.99999999999999,49.999999999999986,49.99999999999997,49.99999999999999,49.99999999999999,50.0,nan,nan,nan,nan,nan,nan,nan,49.99999999999999
93240.0,49.99999999999999,49.99999999999999,50.0,49.99999999999997,49.999999999999986,49.999999999999986,50.00000000000001,49.99999999999999,49.999999999999986,49.99999999999997,49.99999999999999,49.99999999999999,50.0,nan,nan,nan,nan,nan,nan,nan,49.99999999999999
93300.0,49.99999999999999,49.99999999999999,50.0,49.99999999999997,49.999999999999986,49.999999999999986,50.00000000000001,49.99999999999999,49.999999999999986,49.99999999999997,49.99999999999999,49.99999999999999,50.0,nan,nan,nan,nan,nan,nan,nan,49.99999999999999
93360.0,49.99999999999999,49.99999999999999,50.0,49.99999999999997,49.999999999999986,49.999999999999986,50.00000000000001,49.99999999999999,49.999999999999986,49.99999999999997,49.99999999999999,49.99999999999999,50.0,nan,nan,nan,nan,nan,nan,nan,49.99999999999999
93420.0,49.99999999999999,49.99999999999999,50.0,49.99999999999997,49.999999999999986,49.999999999999986,50.00000000000001,49.99999999999999,49.999999999999986,49.99999999999997,49.99999999999999,49.99999999999999,50.0,nan,nan,nan,nan,nan,nan,nan,49.99999999999999
93480.0,49.99999999999999,49.99999999999999,50.0,49.99999999999997,49.999999999999986,49.999999999999986,50.00000000000001,49.99999999999999,49.999999999999986,49.99999999999997,49.99999999999999,49.99999999999999,50.0,nan,nan,nan,nan,nan,nan,nan,49.99999999999999
93540.0,49.99999999999999,49.99999999999999,50.0,49.99999999999997,49.999999999999986,49.999999999999986,50.00000000000001,49.99999999999999,49.999999999999986,49.99999999999997,49.99999999999999,49.99999999999999,50.0,nan,nan,nan,nan,nan,nan,nan,49.99999999999999
93600.0,49.99999999999999,49.99999999999999,50.0,49.99999999999997,49.999999999999986,49.999999999999986,50.00000000000001,49.99999999999999,49.999999999999986,49.99999999999997,49.99999999999999,49.99999999999999,50.0,nan,nan,nan,nan,nan,nan,nan,49.99999999999999
93660.0,49.99999999999999,49.99999999999999,50.0,49.99999999999997,49.999999999999986,49.999999999999986,50.00000000000001,49.99999999999999,49.999999999999986,49.99999999999997,49.99999999999999,49.99999999999999,50.0,nan,nan,nan,nan,nan,nan,nan,49.99999999999999
93720.0,49.99999999999999,49.99999999999999,50.0,49.99999999999997,49.999999999999986,49.999999999999986,50.00000000000001,49.99999999999999,49.999999999999986,49.99999999999997,49.99999999999999,49.99999999999999,50.0,nan,nan,nan,nan,nan,nan,nan,49.99999999999999
93780.0,49.99999999999999,49.99999999999999,50.0,49.99999999999997,49.999999999999986,49.999999999999986,50.00000000000001,49.99999999999999,49.999999999999986,49.99999999999997,49.99999999999999,49.99999999999999,50.0,nan,nan,nan,nan,nan,nan,nan,49.99999999999999
93840.0,49.99999999999999,49.99999999999999,50.0,49.99999999999997,49.999999999999986,49.999999999999986,50.00000000000001,49.99999999999999,49.999999999999986,49.99999999999997,49.99999999999999,49.99999999999999,50.0,nan,nan,nan,nan,nan,nan,nan,49.99999999999999
93900.0,49.99999999999999,49.99999999999999,50.0,49.99999999999997,49.999999999999986,49.999999999999986,50.00000000000001,49.99999999999999,49.999999999999986,49.99999999999997,49.99999999999999,49.99999999999999,50.0,nan,nan,nan,nan,nan,nan,nan,49.99999999999999
93960.0,49.99999999999999,49.99999999999999,50.0,49.99999999999997,49.999999999999986,49.999999999999986,50.00000000000001,49.99999999999999,49.999999999999986,49.99999999999997,49.99999999999999,49.99999999999999,50.0,nan,nan,nan,nan,nan,nan,nan,49.99999999999999
94020.0,49.99999999999999,49.99999999999999,50.0,49.99999999999997,49.999999999999986,49.999999999999986,50.00000000000001,49.99999999999999,49.999999999999986,49.99999999999997,49.99999999999999,49.99999999999999,50.0,nan,nan,nan,nan,nan,nan,nan,49.99999999999999
94080.0,49.99999999999999,49.99999999999999,50.0,49.99999999999997,49.999999999999986,49.999999999999986,50.00000000000001,49.99999999999999,49.999999999999986,49.99999999999997,49.99999999999999,49.99999999999999,50.0,nan,nan,nan,nan,nan,nan,nan,49.99999999999999
94140.0,49.99999999999999,49.99999999999999,50.0,49.99999999999997,49.999999999999986,49.999999999999986,50.00000000000001,49.99999999999999,49.999999999999986,49.99999999999997,49.99999999999999,49.99999999999999,50.0,nan,nan,nan,nan,nan,nan,nan,49.99999999999999
94200.0,49.99999999999999,49.99999999999999,50.0,49.99999999999997,49.999999999999986,49.999999999999986,50.00000000000001,49.99999999999999,49.999999999999986,49.99999999999997,49.99999999999999,49.99999999999999,50.0,nan,nan,nan,nan,nan,nan,nan,49.99999999999999
94260.0,49.99999999999999,49.99999999999999,50.0,49.99999999999997,49.999999999999986,49.999999999999986,50.00000000000001,49.99999999999999,49.999999999999986,49.99999999999997,49.99999999999999,49.99999999999999,50.0,nan,nan,nan,nan,nan,nan,nan,49.99999999999999
94320.0,49.99999999999999,49.99999999999999,50.0,49.99999999999997,49.999999999999986,49.999999999999986,50.00000000000001,49.99999999999999,49.999999999999986,49.99999999999997,49.99999999999999,49.99999999999999,50.0,nan,nan,nan,nan,nan,nan,nan,49.99999999999999
94380.0,49.99999999999999,49.99999999999999,50.0,49.99999999999997,49.999999999999986,49.999999999999986,50.00000000000001,49.99999999999999,49.999999999999986,49.99999999999997,49.99999999999999,49.99999999999999,50.0,nan,nan,nan,nan,nan,nan,nan,49.99999999999999
94440.0,49.99999999999999,49.99999999999999,50.0,49.99999999999997,49.999999999999986,49.999999999999986,50.00000000000001,49.99999999999999,49.999999999999986,49.99999999999997,49.99999999999999,49.99999999999999,50.0,nan,nan,nan,nan,nan,nan,nan,49.99999999999999
94500.0,49.99999999999999,49.99999999999999,50.0,49.99999999999997,49.999999999999986,49.999999999999986,50.00000000000001,49.99999999999999,49.999999999999986,49.99999999999997,49.99999999999999,49.99999999999999,50.0,nan,nan,nan,nan,nan,nan,nan,49.99999999999999
94560.0,49.99999999999999,49.99999999999999,50.0,49.99999999999997,49.999999999999986,49.999999999999986,50.00000000000001,49.99999999999999,49.999999999999986,49.99999999999997,49.99999999999999,49.99999999999999,50.0,nan,nan,nan,nan,nan,nan,nan,49.99999999999999
94620.0,49.99999999999999,49.99999999999999,50.0,49.99999999999997,49.999999999999986,49.999999999999986,50.00000000000001,49.99999999999999,49.999999999999986,49.99999999999997,49.99999999999999,49.99999999999999,50.0,nan,nan,nan,nan,nan,nan,nan,49.99999999999999
94680.0,49.99999999999999,49.99999999999999,50.0,49.99999999999997,49.999999999999986,49.999999999999986,50.00000000000001,49.99999999999999,49.999999999999986,49.99999999999997,49.99999999999999,49.99999999999999,50.0,nan,nan,nan,nan,nan,nan,nan,49.99999999999999
94740.0,49.99999999999999,49.99999999999999,50.0,49.99999999999997,49.999999999999986,49.999999999999986,50.00000000000001,49.99999999999999,49.999999999999986,49.99999999999997,49.99999999999999,49.99999999999999,50.0,nan,nan,nan,nan,nan,nan,nan,49.99999999999999
94800.0,49.99999999999999,49.99999999999999,50.0,49.99999999999997,49.999999999999986,49.999999999999986,50.00000000000001,49.99999999999999,49.999999999999986,49.99999999999997,49.99999999999999,49.99999999999999,50.0,nan,nan,nan,nan,nan,nan,nan,49.99999999999999
94860.0,49.99999999999999,49.99999999999999,50.0,49.99999999999997,49.999999999999986,49.999999999999986,50.00000000000001,49.99999999999999,49.999999999999986,49.99999999999997,49.99999999999999,49.99999999999999,50.0,nan,nan,nan,nan,nan,nan,nan,49.99999999999999
94920.0,49.99999999999999,49.99999999999999,50.0,49.99999999999997,49.999999999999986,49.999999999999986,50.00000000000001,49.99999999999999,49.999999999999986,49.99999999999997,49.99999999999999,49.99999999999999,50.0,nan,nan,nan,nan,nan,nan,nan,49.99999999999999
94980.0,49.99999999999999,49.99999999999999,50.0,49.99999999999997,49.999999999999986,49.999999999999986,50.00000000000001,49.99999999999999,49.999999999999986,49.99999999999997,49.99999999999999,49.99999999999999,50.0,nan,nan,nan,nan,nan,nan,nan,49.99999999999999
95040.0,49.99999999999999,49.99999999999999,50.0,49.99999999999997,49.999999999999986,49.999999999999986,50.00000000000001,49.99999999999999,49.999999999999986,49.99999999999997,49.99999999999999,49.99999999999999,50.0,nan,nan,nan,nan,nan,nan,nan,49.99999999999999
95100.0,49.99999999999999,49.99999999999999,50.0,49.99999999999997,49.999999999999986,49.999999999999986,50.00000000000001,49.99999999999999,49.999999999999986,49.99999999999997,49.99999999999999,49.99999999999999,50.0,nan,nan,nan,nan,nan,nan,nan,49.99999999999999
95160.0,49.99999999999999,49.99999999999999,50.0,49.99999999999997,49.999999999999986,49.999999999999986,50.00000000000001,49.99999999999999,49.999999999999986,49.99999999999997,49.99999999999999,49.99999999999999,50.0,nan,nan,nan,nan,nan,nan,nan,49.99999999999999
95220.0,49.99999999999999,49.99999999999999,50.0,49.99999999999997,49.999999999999986,49.999999999999986,50.00000000000001,49.99999999999999,49.999999999999986,49.99999999999997,49.99999999999999,49.99999999999999,50.0,nan,nan,nan,nan,nan,nan,nan,49.99999999999999
95280.0,49.99999999999999,49.99999999999999,50.0,49.99999999999997,49.999999999999986,49.999999999999986,50.00000000000001,49.99999999999999,49.999999999999986,49.99999999999997,49.99999999999999,49.99999999999999,50.0,nan,nan,nan,nan,nan,nan,nan,49.99999999999999
95340.0,49.99999999999999,49.99999999999999,50.0,49.99999999999997,49.999999999999986,49.999999999999986,50.00000000000001,49.99999999999999,49.999999999999986,49.99999999999997,49.99999999999999,49.99999999999999,50.0,nan,nan,nan,nan,nan,nan,nan,49.99999999999999
95400.0,49.99999999999999,49.99999999999999,50.0,49.99999999999997,49.999999999999986,49.999999999999986,50.00000000000001,49.99999999999999,49.999999999999986,49.99999999999997,49.99999999999999,49.99999999999999,50.0,nan,nan,nan,nan,nan,nan,nan,49.99999999999999
95460.0,49.99999999999999,50.0,50.00000000000001,49.99999999999997,49.99999999999999,50.0,50.0,50.00000000000002,50.00000000000002,50.0,50.00000000000001,50.00000000000001,49.99999999999999,nan,nan,nan,nan,nan,nan,nan,49.99999999999999
95520.0,49.99999999999999,49.99999999999999,50.00000000000001,49.99999999999998,50.0,50.0,50.00000000000001,50.00000000000001,49.999999999999986,49.99999999999999,49.99999999999997,50.000000000000014,50.0,nan,nan,nan,nan,nan,nan,nan,49.99999999999999
95580.0,49.99999999999999,50.0,50.00000000000001,50.0,49.99999999999999,50.00000000000001,49.999999999999986,49.99999999999999,49.99999999999999,50.0,50.0,49.999999999999986,49.999999999999964,nan,nan,nan,nan,nan,nan,nan,49.99999999999999
95640.0,49.99999999999999,50.00000000000001,49.99999999999999,49.99999999999999,50.000000000000014,49.999999999999964,50.000000000000014,49.99999999999999,50.0,50.0,49.99999999999998,50.00000000000002,50.000000000000014,nan,nan,nan,nan,nan,nan,nan,49.99999999999999
95700.0,49.99999999999999,50.00000000000001,49.99999999999999,49.99999999999997,49.99999999999997,49.99999999999996,49.99999999999997,50.0,50.00000000000002,50.00000000000001,49.99999999999998,50.0,49.999999999999986,nan,nan,nan,nan,nan,nan,nan,49.99999999999999
95760.0,49.99999999999999,49.99999999999997,49.99999999999999,50.00000000000001,50.00000000000001,50.00000000000003,50.00000000000001,49.999999999999986,49.99999999999997,49.99999999999999,50.0,49.999999999999964,49.99999999999998,nan,nan,nan,nan,nan,nan,nan,49.99999999999999
95820.0,49.99999999999999,49.99999999999998,50.000000000000014,49.99999999999999,49.999999999999986,49.99999999999996,49.999999999999986,49.999999999999986,50.0,50.00000000000001,50.0,50.000000000000036,49.99999999999999,nan,nan,nan,nan,nan,nan,nan,49.99999999999999
95880.0,49.99999999999999,49.999999999999964,50.000000000000014,50.00000000000001,50.00000000000001,49.999999999999964,50.00000000000001,49.99999999999998,49.999999999999986,50.0,49.999999999999986,49.99999999999997,49.99999999999999,nan,nan,nan,nan,nan,nan,nan,49.99999999999999
95940.0,49.99999999999999,49.999999999999986,49.99999999999999,50.0,49.99999999999999,50.000000000000036,50.000000000000014,50.0,50.0,50.0,49.999999999999986,50.00000000000002,49.99999999999998,nan,nan,nan,nan,nan,nan,nan,49.99999999999999
96000.0,49.99999999999999,50.000000000000036,50.000000000000014,50.0,50.00000000000001,49.99999999999998,49.99999999999999,49.999999999999986,49.99999999999998,49.999999999999986,50.0,49.999999999999986,50.00000000000004,nan,nan,nan,nan,nan,nan,nan,49.99999999999999
96060.0,49.99999999999999,49.99999999999999,50.0,50.0,50.0,49.99999999999998,50.00000000000002,49.99999999999997,50.0,50.00000000000001,49.99999999999998,50.0,50.00000000000001,nan,nan,nan,nan,nan,nan,nan,49.99999999999999
96120.0,49.99999999999999,49.99999999999999,50.00000000000001,50.00000000000001,50.00000000000001,49.99999999999995,49.99999999999999,50.000000000000014,50.0,50.00000000000001,49.99999999999998,49.999999999999986,49.99999999999997,nan,nan,nan,nan,nan,nan,nan,49.99999999999999
96180.0,49.99999999999999,50.0,49.99999999999997,49.99999999999999,49.99999999999999,49.99999999999999,50.0,50.00000000000001,49.99999999999999,49.999999999999986,49.99999999999999,50.0,50.0,nan,nan,nan,nan,nan,nan,nan,49.99999999999999
96240.0,49.99999999999999,50.0,49.99999999999999,49.999999999999986,49.999999999999986,50.000000000000014,50.000000000000014,49.99999999999999,49.99999999999998,50.00000000000001,50.0,49.999999999999986,50.00000000000002,nan,nan,nan,nan,nan,nan,nan,49.99999999999999
96300.0,49.99999999999999,49.99999999999998,50.00000000000001,50.0,49.99999999999999,50.00000000000001,50.0,49.99999999999999,49.99999999999999,49.99999999999999,50.00000000000001,49.999999999999986,49.999999999999986,nan,nan,nan,nan,nan,nan,nan,49.99999999999999
96360.0,49.99999999999999,49.99999999999997,49.999999999999986,49.999999999999986,49.999999999999986,49.999999999999986,50.00000000000003,50.0,49.99999999999998,49.99999999999999,49.99999999999999,49.99999999999999,49.99999999999998,nan,nan,nan,nan,nan,nan,nan,49.99999999999999
96420.0,49.99999999999999,49.999999999999986,49.999999999999986,49.99999999999999,50.000000000000014,50.0,49.999999999999986,49.99999999999999,50.0,49.99999999999998,50.00000000000002,49.999999999999964,49.99999999999999,nan,nan,nan,nan,nan,nan,nan,49.99999999999999
96480.0,49.99999999999999,50.0,49.999999999999986,49.99999999999999,50.0,50.00000000000001,50.00000000000001,50.00000000000001,49.99999999999997,50.0,50.0,50.00000000000003,49.99999999999999,nan,nan,nan,nan,nan,nan,nan,49.99999999999999
96540.0,49.99999999999999,50.000000000000014,49.999999999999986,49.99999999999999,49.999999999999986,50.0,49.999999999999986,49.99999999999998,49.99999999999998,49.99999999999999,50.0,49.99999999999998,49.99999999999999,nan,nan,nan,nan,nan,nan,nan,49.99999999999999
96600.0,49.99999999999999,49.99999999999999,50.000000000000014,49.999999999999986,49.999999999999986,50.000000000000014,50.00000000000001,49.99999999999998,50.0,49.99999999999999,50.00000000000001,49.99999999999998,49.999999999999986,nan,nan,nan,nan,nan,nan,nan,49.99999999999999
96660.0,49.99999999999999,50.0,49.999999999999986,49.99999999999999,50.00000000000001,49.99999999999995,49.99999999999998,50.0,49.99999999999999,50.00000000000001,50.0,49.99999999999998,49.99999999999998,nan,nan,nan,nan,nan,nan,nan,49.99999999999999
96720.0,49.99999999999999,49.99999999999999,50.00000000000001,49.99999999999999,50.000000000000014,49.99999999999999,50.00000000000001,50.0,50.000000000000014,49.99999999999999,49.99999999999998,49.999999999999986,49.99999999999999,nan,nan,nan,nan,nan,nan,nan,49.99999999999999
96780.0,49.99999999999999,50.00000000000002,49.999999999999986,49.99999999999999,49.99999999999998,50.0,49.99999999999999,49.999999999999986,49.99999999999998,49.999999999999986,49.99999999999998,50.00000000000002,50.00000000000001,nan,nan,nan,nan,nan,nan,nan,49.99999999999999
96840.0,49.99999999999999,50.0,49.99999999999997,50.0,50.00000000000002,49.99999999999999,49.99999999999997,50.00000000000001,49.999999999999986,49.99999999999998,50.00000000000001,49.999999999999986,49.999999999999986,nan,nan,nan,nan,nan,nan,nan,49.99999999999999
96900.0,49.99999999999999,50.0,49.999999999999986,50.00000000000002,49.999999999999986,50.0,50.00000000000001,50.0,49.99999999999999,49.999999999999986,49.99999999999999,49.99999999999999,49.99999999999999,nan,nan,nan,nan,nan,nan,nan,49.99999999999999
96960.0,49.99999999999999,49.999999999999986,49.99999999999999,50.000000000000014,50.000000000000014,50.0,50.0,50.0,50.000000000000014,49.999999999999986,50.0,49.99999999999998,49.99999999999999,nan,nan,nan,nan,nan,nan,nan,49.99999999999999
97020.0,49.99999999999999,49.99999999999998,49.999999999999964,49.999999999999964,50.00000000000001,50.0,49.99999999999997,50.000000000000014,50.00000000000003,49.999999999999986,50.0,50.00000000000001,50.000000000000014,nan,nan,nan,nan,nan,nan,nan,49.99999999999999
97080.0,49.99999999999999,49.99999999999997,49.99999999999997,49.99999999999997,50.0,49.999999999999986,49.999999999999986,49.999999999999986,49.999999999999964,50.00000000000001,49.99999999999999,49.99999999999999,50.00000000000001,nan,nan,nan,nan,nan,nan,nan,49.99999999999999
97140.0,49.99999999999999,49.99999999999997,50.00000000000003,49.99999999999998,50.0,49.99999999999995,50.0,49.99999999999999,50.00000000000002,50.00000000000001,50.000000000000036,49.99999999999999,49.99999999999999,nan,nan,nan,nan,nan,nan,nan,49.99999999999999
97200.0,49.99999999999999,49.999999999999964,49.99999999999999,49.99999999999998,50.00000000000001,50.00000000000001,50.0,50.0,50.0,50.000000000000014,50.0,49.99999999999999,49.99999999999997,nan,nan,nan,nan,nan,nan,nan,49.99999999999999
97260.0,49.99999999999999,49.999999999999964,49.99999999999999,49.99999999999998,50.00000000000001,50.00000000000001,50.0,50.0,50.0,50.000000000000014,50.0,49.99999999999999,49.99999999999997,nan,nan,nan,nan,nan,nan,nan,49.99999999999999
97320.0,49.99999999999999,49.999999999999964,49.99999999999999,49.99999999999998,50.00000000000001,50.00000000000001,50.0,50.0,50.0,50.000000000000014,50.0,49.99999999999999,49.99999999999997,nan,nan,nan,nan,nan,nan,nan,49.99999999999999
97380.0,49.99999999999999,49.999999999999964,49.99999999999999,49.99999999999998,50.00000000000001,50.00000000000001,50.0,50.0,50.0,50.000000000000014,50.0,49.99999999999999,49.99999999999997,nan,nan,nan,nan,nan,nan,nan,49.99999999999999
97440.0,49.99999999999999,49.999999999999964,49.99999999999999,49.99999999999998,50.00000000000001,50.00000000000001,50.0,50.0,50.0,50.000000000000014,50.0,49.99999999999999,49.99999999999997,nan,nan,nan,nan,nan,nan,nan,49.99999999999999
97500.0,49.99999999999999,49.999999999999964,49.99999999999999,49.99999999999998,50.00000000000001,50.00000000000001,50.0,50.0,50.0,50.000000000000014,50.0,49.99999999999999,49.99999999999997,nan,nan,nan,nan,nan,nan,nan,49.99999999999999
97560.0,49.99999999999999,49.999999999999964,49.99999999999999,49.99999999999998,50.00000000000001,50.00000000000001,50.0,50.0,50.0,50.000000000000014,50.0,49.99999999999999,49.99999999999997,nan,nan,nan,nan,nan,nan,nan,49.99999999999999
97620.0,49.99999999999999,49.999999999999964,49.99999999999999,49.99999999999998,50.00000000000001,50.00000000000001,50.0,50.0,50.0,50.000000000000014,50.0,49.99999999999999,49.99999999999997,nan,nan,nan,nan,nan,nan,nan,49.99999999999999
97680.0,49.99999999999999,49.999999999999964,49.99999999999999,49.99999999999998,50.00000000000001,50.00000000000001,50.0,50.0,50.0,50.000000000000014,50.0,49.99999999999999,49.99999999999997,nan,nan,nan,nan,nan,nan,nan,49.99999999999999
97740.0,49.99999999999999,49.999999999999964,49.99999999999999,49.99999999999998,50.00000000000001,50.00000000000001,50.0,50.0,50.0,50.000000000000014,50.0,49.99999999999999,49.99999999999997,nan,nan,nan,nan,nan,nan,nan,49.99999999999999
97800.0,49.99999999999999,49.999999999999964,49.99999999999999,49.99999999999998,50.00000000000001,50.00000000000001,50.0,50.0,50.0,50.000000000000014,50.0,49.99999999999999,49.99999999999997,nan,nan,nan,nan,nan,nan,nan,49.99999999999999
97860.0,49.99999999999999,49.999999999999964,49.99999999999999,49.99999999999998,50.00000000000001,50.00000000000001,50.0,50.0,50.0,50.000000000000014,50.0,49.99999999999999,49.99999999999997,nan,nan,nan,nan,nan,nan,nan,49.99999999999999
97920.0,49.99999999999999,49.999999999999964,49.99999999999999,49.99999999999998,50.00000000000001,50.00000000000001,50.0,50.0,50.0,50.000000000000014,50.0,49.99999999999999,49.99999999999997,nan,nan,nan,nan,nan,nan,nan,49.99999999999999
97980.0,49.99999999999999,49.999999999999964,49.99999999999999,49.99999999999998,50.00000000000001,50.00000000000001,50.0,50.0,50.0,50.000000000000014,50.0,49.99999999999999,49.99999999999997,nan,nan,nan,nan,nan,nan,nan,49.99999999999999
98040.0,49.99999999999999,49.999999999999964,49.99999999999999,49.99999999999998,50.00000000000001,50.00000000000001,50.0,50.0,50.0,50.000000000000014,50.0,49.99999999999999,49.99999999999997,nan,nan,nan,nan,nan,nan,nan,49.99999999999999
98100.0,49.99999999999999,49.999999999999964,49.99999999999999,49.99999999999998,50.00000000000001,50.00000000000001,50.0,50.0,50.0,50.000000000000014,50.0,49.99999999999999,49.99999999999997,nan,nan,nan,nan,nan,nan,nan,49.99999999999999
98160.0,49.99999999999999,49.999999999999964,49.99999999999999,49.99999999999998,50.00000000000001,50.00000000000001,50.0,50.0,50.0,50.000000000000014,50.0,49.99999999999999,49.99999999999997,nan,nan,nan,nan,nan,nan,nan,49.99999999999999
98220.0,49.99999999999999,49.999999999999964,49.99999999999999,49.99999999999998,50.00000000000001,50.00000000000001,50.0,50.0,50.0,50.000000000000014,50.0,49.99999999999999,49.99999999999997,nan,nan,nan,nan,nan,nan,nan,49.99999999999999
98280.0,49.99999999999999,49.999999999999964,49.99999999999999,49.99999999999998,50.00000000000001,50.00000000000001,50.0,50.0,50.0,50.000000000000014,50.0,49.99999999999999,49.99999999999997,nan,nan,nan,nan,nan,nan,nan,49.99999999999999
98340.0,49.99999999999999,49.999999999999964,49.99999999999999,49.99999999999998,50.00000000000001,50.00000000000001,50.0,50.0,50.0,50.000000000000014,50.0,49.99999999999999,49.99999999999997,nan,nan,nan,nan,nan,nan,nan,49.99999999999999
98400.0,49.99999999999999,49.999999999999964,49.99999999999999,49.99999999999998,50.00000000000001,50.00000000000001,50.0,50.0,50.0,50.000000000000014,50.0,49.99999999999999,49.99999999999997,nan,nan,nan,nan,nan,nan,nan,49.99999999999999
98460.0,49.99999999999999,49.999999999999964,49.99999999999999,49.99999999999998,50.00000000000001,50.00000000000001,50.0,50.0,50.0,50.000000000000014,50.0,49.99999999999999,49.99999999999997,nan,nan,nan,nan,nan,nan,nan,49.99999999999999
98520.0,49.99999999999999,49.999999999999964,49.99999999999999,49.99999999999998,50.00000000000001,50.00000000000001,50.0,50.0,50.0,50.000000000000014,50.0,49.99999999999999,49.99999999999997,nan,nan,nan,nan,nan,nan,nan,49.99999999999999
98580.0,49.99999999999999,49.999999999999964,49.99999999999999,49.99999999999998,50.00000000000001,50.00000000000001,50.0,50.0,50.0,50.000000000000014,50.0,49.99999999999999,49.99999999999997,nan,nan,nan,nan,nan,nan,nan,49.99999999999999
98640.0,49.99999999999999,49.999999999999964,49.99999999999999,49.99999999999998,50.00000000000001,50.00000000000001,50.0,50.0,50.0,50.000000000000014,50.0,49.99999999999999,49.99999999999997,nan,nan,nan,nan,nan,nan,nan,49.99999999999999
98700.0,49.99999999999999,49.999999999999964,49.99999999999999,49.99999999999998,50.00000000000001,50.00000000000001,50.0,50.0,50.0,50.000000000000014,50.0,49.99999999999999,49.99999999999997,nan,nan,nan,nan,nan,nan,nan,49.99999999999999
98760.0,49.99999999999999,49.999999999999964,49.99999999999999,49.99999999999998,50.00000000000001,50.00000000000001,50.0,50.0,50.0,50.000000000000014,50.0,49.99999999999999,49.99999999999997,nan,nan,nan,nan,nan,nan,nan,49.99999999999999
98820.0,49.99999999999999,49.999999999999964,49.99999999999999,49.99999999999998,50.00000000000001,50.00000000000001,50.0,50.0,50.0,50.000000000000014,50.0,49.99999999999999,49.99999999999997,nan,nan,nan,nan,nan,nan,nan,49.99999999999999
98880.0,49.99999999999999,49.999999999999964,49.99999999999999,49.99999999999998,50.00000000000001,50.00000000000001,50.0,50.0,50.0,50.000000000000014,50.0,49.99999999999999,49.99999999999997,nan,nan,nan,nan,nan,nan,nan,49.99999999999999
98940.0,49.99999999999999,49.999999999999964,49.99999999999999,49.99999999999998,50.00000000000001,50.00000000000001,50.0,50.0,50.0,50.000000000000014,50.0,49.99999999999999,49.99999999999997,nan,nan,nan,nan,nan,nan,nan,49.99999999999999
99000.0,49.99999999999999,49.999999999999964,49.99999999999999,49.99999999999998,50.00000000000001,50.00000000000001,50.0,50.0,50.0,50.000000000000014,50.0,49.99999999999999,49.99999999999997,nan,nan,nan,nan,nan,nan,nan,49.99999999999999
99060.0,49.99999999999999,49.999999999999964,49.99999999999999,49.99999999999998,50.00000000000001,50.00000000000001,50.0,50.0,50.0,50.000000000000014,50.0,49.99999999999999,49.99999999999997,nan,nan,nan,nan,nan,nan,nan,49.99999999999999
99120.0,49.99999999999999,49.999999999999964,49.99999999999999,49.99999999999998,50.00000000000001,50.00000000000001,50.0,50.0,50.0,50.000000000000014,50.0,49.99999999999999,49.99999999999997,nan,nan,nan,nan,nan,nan,nan,49.99999999999999
99180.0,49.99999999999999,49.999999999999964,49.99999999999999,49.99999999999998,50.00000000000001,50.00000000000001,50.0,50.0,50.0,50.000000000000014,50.0,49.99999999999999,49.99999999999997,nan,nan,nan,nan,nan,nan,nan,49.99999999999999
99240.0,49.99999999999999,49.999999999999964,49.99999999999999,49.99999999999998,50.00000000000001,50.00000000000001,50.0,50.0,50.0,50.000000000000014,50.0,49.99999999999999,49.99999999999997,nan,nan,nan,nan,nan,nan,nan,49.99999999999999
99300.0,49.99999999999999,49.999999999999964,49.99999999999999,49.99999999999998,50.00000000000001,50.00000000000001,50.0,50.0,50.0,50.000000000000014,50.0,49.99999999999999,49.99999999999997,nan,nan,nan,nan,nan,nan,nan,49.99999999999999
99360.0,49.99999999999999,49.999999999999964,49.99999999999999,49.99999999999998,50.00000000000001,50.00000000000001,50.0,50.0,50.0,50.000000000000014,50.0,49.99999999999999,49.99999999999997,nan,nan,nan,nan,nan,nan,nan,49.99999999999999
99420.0,49.99999999999999,49.999999999999964,49.99999999999999,49.99999999999998,50.00000000000001,50.00000000000001,50.0,50.0,50.0,50.000000000000014,50.0,49.99999999999999,49.99999999999997,nan,nan,nan,nan,nan,nan,nan,49.99999999999999
99480.0,49.99999999999999,49.999999999999964,49.99999999999999,49.99999999999998,50.00000000000001,50.00000000000001,50.0,50.0,50.0,50.000000000000014,50.0,49.99999999999999,49.99999999999997,nan,nan,nan,nan,nan,nan,nan,49.99999999999999
99540.0,49.99999999999999,49.999999999999964,49.99999999999999,49.99999999999998,50.00000000000001,50.00000000000001,50.0,50.0,50.0,50.000000000000014,50.0,49.99999999999999,49.99999999999997,nan,nan,nan,nan,nan,nan,nan,49.99999999999999
99600.0,49.99999999999999,49.999999999999964,49.99999999999999,49.99999999999998,50.00000000000001,50.00000000000001,50.0,50.0,50.0,50.000000000000014,50.0,49.99999999999999,49.99999999999997,nan,nan,nan,nan,nan,nan,nan,49.99999999999999
99660.0,49.99999999999999,49.999999999999964,49.99999999999999,49.99999999999998,50.00000000000001,50.00000000000001,50.0,50.0,50.0,50.000000000000014,50.0,49.99999999999999,49.99999999999997,nan,nan,nan,nan,nan,nan,nan,49.99999999999999
99720.0,49.99999999999999,49.999999999999964,49.99999999999999,49.99999999999998,50.00000000000001,50.00000000000001,50.0,50.0,50.0,50.000000000000014,50.0,49.99999999999999,49.99999999999997,nan,nan,nan,nan,nan,nan,nan,49.99999999999999
99780.0,49.99999999999999,49.999999999999964,49.99999999999999,49.99999999999998,50.00000000000001,50.00000000000001,50.0,50.0,50.0,50.000000000000014,50.0,49.99999999999999,49.99999999999997,nan,nan,nan,nan,nan,nan,nan,49.99999999999999
99840.0,49.99999999999999,49.999999999999964,49.99999999999999,49.99999999999998,50.00000000000001,50.00000000000001,50.0,50.0,50.0,50.000000000000014,50.0,49.99999999999999,49.99999999999997,nan,nan,nan,nan,nan,nan,nan,49.99999999999999
99900.0,49.99999999999999,49.999999999999964,49.99999999999999,49.99999999999998,50.00000000000001,50.00000000000001,50.0,50.0,50.0,50.000000000000014,50.0,49.99999999999999,49.99999999999997,nan,nan,nan,nan,nan,nan,nan,49.99999999999999
99960.0,49.99999999999999,49.999999999999964,49.99999999999999,49.99999999999998,50.00000000000001,50.00000000000001,50.0,50.0,50.0,50.000000000000014,50.0,49.99999999999999,49.99999999999997,nan,nan,nan,nan,nan,nan,nan,49.99999999999999
100020.0,49.99999999999999,49.999999999999964,49.99999999999999,49.99999999999998,50.00000000000001,50.00000000000001,50.0,50.0,50.0,50.000000000000014,50.0,49.99999999999999,49.99999999999997,nan,nan,nan,nan,nan,nan,nan,49.99999999999999
100080.0,49.99999999999999,49.999999999999964,49.99999999999999,49.99999999999998,50.00000000000001,50.00000000000001,50.0,50.0,50.0,50.000000000000014,50.0,49.99999999999999,49.99999999999997,nan,nan,nan,nan,nan,nan,nan,49.99999999999999
100140.0,49.99999999999999,49.999999999999964,49.99999999999999,49.99999999999998,50.00000000000001,50.00000000000001,50.0,50.0,50.0,50.000000000000014,50.0,49.99999999999999,49.99999999999997,nan,nan,nan,nan,nan,nan,nan,49.99999999999999
100200.0,49.99999999999999,49.999999999999964,49.99999999999999,49.99999999999998,50.00000000000001,50.00000000000001,50.0,50.0,50.0,50.000000000000014,50.0,49.99999999999999,49.99999999999997,nan,nan,nan,nan,nan,nan,nan,49.99999999999999
100260.0,49.99999999999999,49.999999999999964,49.99999999999999,49.99999999999998,50.00000000000001,50.00000000000001,50.0,50.0,50.0,50.000000000000014,50.0,49.99999999999999,49.99999999999997,nan,nan,nan,nan,nan,nan,nan,49.99999999999999
100320.0,49.99999999999999,49.999999999999964,49.99999999999999,49.99999999999998,50.00000000000001,50.00000000000001,50.0,50.0,50.0,50.000000000000014,50.0,49.99999999999999,49.99999999999997,nan,nan,nan,nan,nan,nan,nan,49.99999999999999
100380.0,49.99999999999999,49.999999999999964,49.99999999999999,49.99999999999998,50.00000000000001,50.00000000000001,50.0,50.0,50.0,50.000000000000014,50.0,49.99999999999999,49.99999999999997,nan,nan,nan,nan,nan,nan,nan,49.99999999999999
100440.0,49.99999999999999,49.999999999999964,49.99999999999999,49.99999999999998,50.00000000000001,50.00000000000001,50.0,50.0,50.0,50.000000000000014,50.0,49.99999999999999,49.99999999999997,nan,nan,nan,nan,nan,nan,nan,49.99999999999999
100500.0,49.99999999999999,49.999999999999964,49.99999999999999,49.99999999999998,50.00000000000001,50.00000000000001,50.0,50.0,50.0,50.000000000000014,50.0,49.99999999999999,49.99999999999997,nan,nan,nan,nan,nan,nan,nan,49.99999999999999
100560.0,49.99999999999999,49.999999999999964,49.99999999999999,49.99999999999998,50.00000000000001,50.00000000000001,50.0,50.0,50.0,50.000000000000014,50.0,49.99999999999999,49.99999999999997,nan,nan,nan,nan,nan,nan,nan,49.99999999999999
100620.0,49.99999999999999,49.999999999999964,49.99999999999999,49.99999999999998,50.00000000000001,50.00000000000001,50.0,50.0,50.0,50.000000000000014,50.0,49.99999999999999,49.99999999999997,nan,nan,nan,nan,nan,nan,nan,49.99999999999999
100680.0,49.99999999999999,49.999999999999964,49.99999999999999,49.99999999999998,50.00000000000001,50.00000000000001,50.0,50.0,50.0,50.000000000000014,50.0,49.99999999999999,49.99999999999997,nan,nan,nan,nan,nan,nan,nan,49.99999999999999
100740.0,49.99999999999999,49.999999999999964,49.99999999999999,49.99999999999998,50.00000000000001,50.00000000000001,50.0,50.0,50.0,50.000000000000014,50.0,49.99999999999999,49.99999999999997,nan,nan,nan,nan,nan,nan,nan,49.99999999999999
100800.0,49.99999999999999,49.999999999999964,49.99999999999999,49.99999999999998,50.00000000000001,50.00000000000001,50.0,50.0,50.0,50.000000000000014,50.0,49.99999999999999,49.99999999999997,nan,nan,nan,nan,nan,nan,nan,49.99999999999999
100860.0,49.99999999999999,49.999999999999964,49.99999999999999,49.99999999999998,50.00000000000001,50.00000000000001,50.0,50.0,50.0,50.000000000000014,50.0,49.99999999999999,49.99999999999997,nan,nan,nan,nan,nan,nan,nan,49.99999999999999
100920.0,49.99999999999999,49.999999999999964,49.99999999999999,49.99999999999998,50.00000000000001,50.00000000000001,50.0,50.0,50.0,50.000000000000014,50.0,49.99999999999999,49.99999999999997,nan,nan,nan,nan,nan,nan,nan,49.99999999999999
100980.0,49.99999999999999,49.999999999999964,49.99999999999999,49.99999999999998,50.00000000000001,50.00000000000001,50.0,50.0,50.0,50.000000000000014,50.0,49.99999999999999,49.99999999999997,nan,nan,nan,nan,nan,nan,nan,49.99999999999999
101040.0,49.99999999999999,49.999999999999964,49.99999999999999,49.99999999999998,50.00000000000001,50.00000000000001,50.0,50.0,50.0,50.000000000000014,50.0,49.99999999999999,49.99999999999997,nan,nan,nan,nan,nan,nan,nan,49.99999999999999
101100.0,49.99999999999999,49.999999999999964,49.99999999999999,49.99999999999998,50.00000000000001,50.00000000000001,50.0,50.0,50.0,50.000000000000014,50.0,49.99999999999999,49.99999999999997,nan,nan,nan,nan,nan,nan,nan,49.99999999999999
101160.0,49.99999999999999,49.999999999999964,49.99999999999999,49.99999999999998,50.00000000000001,50.00000000000001,50.0,50.0,50.0,50.000000000000014,50.0,49.99999999999999,49.99999999999997,nan,nan,nan,nan,nan,nan,nan,49.99999999999999
101220.0,49.99999999999999,49.999999999999964,49.99999999999999,49.99999999999998,50.00000000000001,50.00000000000001,50.0,50.0,50.0,50.000000000000014,50.0,49.99999999999999,49.99999999999997,nan,nan,nan,nan,nan,nan,nan,49.99999999999999
101280.0,49.99999999999999,49.999999999999964,49.99999999999999,49.99999999999998,50.00000000000001,50.00000000000001,50.0,50.0,50.0,50.000000000000014,50.0,49.99999999999999,49.99999999999997,nan,nan,nan,nan,nan,nan,nan,49.99999999999999
101340.0,49.99999999999999,49.999999999999964,49.99999999999999,49.99999999999998,50.00000000000001,50.00000000000001,50.0,50.0,50.0,50.000000000000014,50.0,49.99999999999999,49.99999999999997,nan,nan,nan,nan,nan,nan,nan,49.99999999999999
101400.0,49.99999999999999,49.999999999999964,49.99999999999999,49.99999999999998,50.00000000000001,50.00000000000001,50.0,50.0,50.0,50.000000000000014,50.0,49.99999999999999,49.99999999999997,nan,nan,nan,nan,nan,nan,nan,49.99999999999999
101460.0,49.99999999999999,49.999999999999964,49.99999999999999,49.99999999999998,50.00000000000001,50.00000000000001,50.0,50.0,50.0,50.000000000000014,50.0,49.99999999999999,49.99999999999997,nan,nan,nan,nan,nan,nan,nan,49.99999999999999
101520.0,49.99999999999999,49.999999999999964,49.99999999999999,49.99999999999998,50.00000000000001,50.00000000000001,50.0,50.0,50.0,50.000000000000014,50.0,49.99999999999999,49.99999999999997,nan,nan,nan,nan,nan,nan,nan,49.99999999999999
101580.0,49.99999999999999,49.999999999999964,49.99999999999999,49.99999999999998,50.00000000000001,50.00000000000001,50.0,50.0,50.0,50.000000000000014,50.0,49.99999999999999,49.99999999999997,nan,nan,nan,nan,nan,nan,nan,49.99999999999999
101640.0,49.99999999999999,49.999999999999964,49.99999999999999,49.99999999999998,50.00000000000001,50.00000000000001,50.0,50.0,50.0,50.000000000000014,50.0,49.99999999999999,49.99999999999997,nan,nan,nan,nan,nan,nan,nan,49.99999999999999
101700.0,49.99999999999999,49.999999999999964,49.99999999999999,49.99999999999998,50.00000000000001,50.00000000000001,50.0,50.0,50.0,50.000000000000014,50.0,49.99999999999999,49.99999999999997,nan,nan,nan,nan,nan,nan,nan,49.99999999999999
101760.0,49.99999999999999,49.999999999999964,49.99999999999999,49.99999999999998,50.00000000000001,50.00000000000001,50.0,50.0,50.0,50.000000000000014,50.0,49.99999999999999,49.99999999999997,nan,nan,nan,nan,nan,nan,nan,49.99999999999999
101820.0,49.99999999999999,49.999999999999964,49.99999999999999,49.99999999999998,50.00000000000001,50.00000000000001,50.0,50.0,50.0,50.000000000000014,50.0,49.99999999999999,49.99999999999997,nan,nan,nan,nan,nan,nan,nan,49.99999999999999
101880.0,49.99999999999999,49.999999999999964,49.99999999999999,49.99999999999998,50.00000000000001,50.00000000000001,50.0,50.0,50.0,50.000000000000014,50.0,49.99999999999999,49.99999999999997,nan,nan,nan,nan,nan,nan,nan,49.99999999999999
101940.0,49.99999999999999,49.999999999999964,49.99999999999999,49.99999999999998,50.00000000000001,50.00000000000001,50.0,50.0,50.0,50.000000000000014,50.0,49.99999999999999,49.99999999999997,nan,nan,nan,nan,nan,nan,nan,49.99999999999999
102000.0,49.99999999999999,49.999999999999964,49.99999999999999,49.99999999999998,50.00000000000001,50.00000000000001,50.0,50.0,50.0,50.000000000000014,50.0,49.99999999999999,49.99999999999997,nan,nan,nan,nan,nan,nan,nan,49.99999999999999
102060.0,49.99999999999999,49.999999999999964,49.99999999999999,49.99999999999998,50.00000000000001,50.00000000000001,50.0,50.0,50.0,50.000000000000014,50.0,49.99999999999999,49.99999999999997,nan,nan,nan,nan,nan,nan,nan,49.99999999999999
102120.0,49.99999999999999,49.999999999999964,49.99999999999999,49.99999999999998,50.00000000000001,50.00000000000001,50.0,50.0,50.0,50.000000000000014,50.0,49.99999999999999,49.99999999999997,nan,nan,nan,nan,nan,nan,nan,49.99999999999999
102180.0,49.99999999999999,49.999999999999964,49.99999999999999,49.99999999999998,50.00000000000001,50.00000000000001,50.0,50.0,50.0,50.000000000000014,50.0,49.99999999999999,49.99999999999997,nan,nan,nan,nan,nan,nan,nan,49.99999999999999
102240.0,49.99999999999999,49.999999999999964,49.99999999999999,49.99999999999998,50.00000000000001,50.00000000000001,50.0,50.0,50.0,50.000000000000014,50.0,49.99999999999999,49.99999999999997,nan,nan,nan,nan,nan,nan,nan,49.99999999999999
102300.0,49.99999999999999,49.999999999999964,49.99999999999999,49.99999999999998,50.00000000000001,50.00000000000001,50.0,50.0,50.0,50.000000000000014,50.0,49.99999999999999,49.99999999999997,nan,nan,nan,nan,nan,nan,nan,49.99999999999999
102360.0,49.99999999999999,49.999999999999964,49.99999999999999,49.99999999999998,50.00000000000001,50.00000000000001,50.0,50.0,50.0,50.000000000000014,50.0,49.99999999999999,49.99999999999997,nan,nan,nan,nan,nan,nan,nan,49.99999999999999
102420.0,49.99999999999999,49.999999999999964,49.99999999999999,49.99999999999998,50.00000000000001,50.00000000000001,50.0,50.0,50.0,50.000000000000014,50.0,49.99999999999999,49.99999999999997,nan,nan,nan,nan,nan,nan,nan,49.99999999999999
102480.0,49.99999999999999,49.999999999999964,49.99999999999999,49.99999999999998,50.00000000000001,50.00000000000001,50.0,50.0,50.0,50.000000000000014,50.0,49.99999999999999,49.99999999999997,nan,nan,nan,nan,nan,nan,nan,49.99999999999999
102540.0,49.99999999999999,49.999999999999964,49.99999999999999,49.99999999999998,50.00000000000001,50.00000000000001,50.0,50.0,50.0,50.000000000000014,50.0,49.99999999999999,49.99999999999997,nan,nan,nan,nan,nan,nan,nan,49.99999999999999
102600.0,49.99999999999999,49.999999999999964,49.99999999999999,49.99999999999998,50.00000000000001,50.00000000000001,50.0,50.0,50.0,50.000000000000014,50.0,49.99999999999999,49.99999999999997,nan,nan,nan,nan,nan,nan,nan,49.99999999999999
102660.0,49.99999999999999,49.999999999999964,49.99999999999999,49.99999999999998,50.00000000000001,50.00000000000001,50.0,50.0,50.0,50.000000000000014,50.0,49.99999999999999,49.99999999999997,nan,nan,nan,nan,nan,nan,nan,49.99999999999999
102720.0,49.99999999999999,49.999999999999964,49.99999999999999,49.99999999999998,50.00000000000001,50.00000000000001,50.0,50.0,50.0,50.000000000000014,50.0,49.99999999999999,49.99999999999997,nan,nan,nan,nan,nan,nan,nan,49.99999999999999
102780.0,49.99999999999999,49.999999999999964,49.99999999999999,49.99999999999998,50.00000000000001,50.00000000000001,50.0,50.0,50.0,50.000000000000014,50.0,49.99999999999999,49.99999999999997,nan,nan,nan,nan,nan,nan,nan,49.99999999999999
102840.0,49.99999999999999,49.999999999999964,49.99999999999999,49.99999999999998,50.00000000000001,50.00000000000001,50.0,50.0,50.0,50.000000000000014,50.0,49.99999999999999,49.99999999999997,nan,nan,nan,nan,nan,nan,nan,49.99999999999999
102900.0,49.99999999999999,49.999999999999964,49.99999999999999,49.99999999999998,50.00000000000001,50.00000000000001,50.0,50.0,50.0,50.000000000000014,50.0,49.99999999999999,49.99999999999997,nan,nan,nan,nan,nan,nan,nan,49.99999999999999
102960.0,49.99999999999999,49.999999999999964,49.99999999999999,49.99999999999998,50.00000000000001,50.00000000000001,50.0,50.0,50.0,50.000000000000014,50.0,49.99999999999999,49.99999999999997,nan,nan,nan,nan,nan,nan,nan,49.99999999999999
103020.0,49.99999999999999,49.999999999999964,49.99999999999999,49.99999999999998,50.00000000000001,50.00000000000001,50.0,50.0,50.0,50.000000000000014,50.0,49.99999999999999,49.99999999999997,nan,nan,nan,nan,nan,nan,nan,49.99999999999999
103080.0,49.99999999999999,49.999999999999964,49.99999999999999,49.99999999999998,50.00000000000001,50.00000000000001,50.0,50.0,50.0,50.000000000000014,50.0,49.99999999999999,49.99999999999997,nan,nan,nan,nan,nan,nan,nan,49.99999999999999
103140.0,49.99999999999999,49.999999999999964,49.99999999999999,49.99999999999998,50.00000000000001,50.00000000000001,50.0,50.0,50.0,50.000000000000014,50.0,49.99999999999999,49.99999999999997,nan,nan,nan,nan,nan,nan,nan,49.99999999999999
103200.0,49.99999999999999,49.999999999999964,49.99999999999999,49.99999999999998,50.00000000000001,50.00000000000001,50.0,50.0,50.0,50.000000000000014,50.0,49.99999999999999,49.99999999999997,nan,nan,nan,nan,nan,nan,nan,49.99999999999999
103260.0,49.99999999999999,49.999999999999964,49.99999999999999,49.99999999999998,50.00000000000001,50.00000000000001,50.0,50.0,50.0,50.000000000000014,50.0,49.99999999999999,49.99999999999997,nan,nan,nan,nan,nan,nan,nan,49.99999999999999
103320.0,49.99999999999999,49.999999999999964,49.99999999999999,49.99999999999998,50.00000000000001,50.00000000000001,50.0,50.0,50.0,50.000000000000014,50.0,49.99999999999999,49.99999999999997,nan,nan,nan,nan,nan,nan,nan,49.99999999999999
103380.0,49.99999999999999,49.999999999999964,49.99999999999999,49.99999999999998,50.00000000000001,50.00000000000001,50.0,50.0,50.0,50.000000000000014,50.0,49.99999999999999,49.99999999999997,nan,nan,nan,nan,nan,nan,nan,49.99999999999999
103440.0,49.99999999999999,49.999999999999964,49.99999999999999,49.99999999999998,50.00000000000001,50.00000000000001,50.0,50.0,50.0,50.000000000000014,50.0,49.99999999999999,49.99999999999997,nan,nan,nan,nan,nan,nan,nan,49.99999999999999
103500.0,49.99999999999999,49.999999999999964,49.99999999999999,49.99999999999998,50.00000000000001,50.00000000000001,50.0,50.0,50.0,50.000000000000014,50.0,49.99999999999999,49.99999999999997,nan,nan,nan,nan,nan,nan,nan,49.99999999999999
103560.0,49.99999999999999,49.999999999999964,49.99999999999999,49.99999999999998,50.00000000000001,50.00000000000001,50.0,50.0,50.0,50.000000000000014,50.0,49.99999999999999,49.99999999999997,nan,nan,nan,nan,nan,nan,nan,49.99999999999999
103620.0,49.99999999999999,49.999999999999964,49.99999999999999,49.99999999999998,50.00000000000001,50.00000000000001,50.0,50.0,50.0,50.000000000000014,50.0,49.99999999999999,49.99999999999997,nan,nan,nan,nan,nan,nan,nan,49.99999999999999
103680.0,49.99999999999999,49.999999999999964,49.99999999999999,49.99999999999998,50.00000000000001,50.00000000000001,50.0,50.0,50.0,50.000000000000014,50.0,49.99999999999999,49.99999999999997,nan,nan,nan,nan,nan,nan,nan,49.99999999999999
103740.0,49.99999999999999,49.999999999999964,49.99999999999999,49.99999999999998,50.00000000000001,50.00000000000001,50.0,50.0,50.0,50.000000000000014,50.0,49.99999999999999,49.99999999999997,nan,nan,nan,nan,nan,nan,nan,49.99999999999999
103800.0,49.99999999999999,49.999999999999964,49.99999999999999,49.99999999999998,50.00000000000001,50.00000000000001,50.0,50.0,50.0,50.000000000000014,50.0,49.99999999999999,49.99999999999997,nan,nan,nan,nan,nan,nan,nan,49.99999999999999
103860.0,49.99999999999999,49.999999999999964,49.99999999999999,49.99999999999998,50.00000000000001,50.00000000000001,50.0,50.0,50.0,50.000000000000014,50.0,49.99999999999999,49.99999999999997,nan,nan,nan,nan,nan,nan,nan,49.99999999999999
103920.0,49.99999999999999,49.999999999999964,49.99999999999999,49.99999999999998,50.00000000000001,50.00000000000001,50.0,50.0,50.0,50.000000000000014,50.0,49.99999999999999,49.99999999999997,nan,nan,nan,nan,nan,nan,nan,49.99999999999999
103980.0,49.99999999999999,49.999999999999964,49.99999999999999,49.99999999999998,50.00000000000001,50.00000000000001,50.0,50.0,50.0,50.000000000000014,50.0,49.99999999999999,49.99999999999997,nan,nan,nan,nan,nan,nan,nan,49.99999999999999
104040.0,49.99999999999999,49.999999999999964,49.99999999999999,49.99999999999998,50.00000000000001,50.00000000000001,50.0,50.0,50.0,50.000000000000014,50.0,49.99999999999999,49.99999999999997,nan,nan,nan,nan,nan,nan,nan,49.99999999999999
104100.0,49.99999999999999,49.999999999999964,49.99999999999999,49.99999999999998,50.00000000000001,50.00000000000001,50.0,50.0,50.0,50.000000000000014,50.0,49.99999999999999,49.99999999999997,nan,nan,nan,nan,nan,nan,nan,49.99999999999999
104160.0,49.99999999999999,49.999999999999964,49.99999999999999,49.99999999999998,50.00000000000001,50.00000000000001,50.0,50.0,50.0,50.000000000000014,50.0,49.99999999999999,49.99999999999997,nan,nan,nan,nan,nan,nan,nan,49.99999999999999
104220.0,49.99999999999999,49.999999999999964,49.99999999999999,49.99999999999998,50.00000000000001,50.00000000000001,50.0,50.0,50.0,50.000000000000014,50.0,49.99999999999999,49.99999999999997,nan,nan,nan,nan,nan,nan,nan,49.99999999999999
104280.0,49.99999999999999,49.999999999999964,49.99999999999999,49.99999999999998,50.00000000000001,50.00000000000001,50.0,50.0,50.0,50.000000000000014,50.0,49.99999999999999,49.99999999999997,nan,nan,nan,nan,nan,nan,nan,49.99999999999999
104340.0,49.99999999999999,49.999999999999964,49.99999999999999,49.99999999999998,50.00000000000001,50.00000000000001,50.0,50.0,50.0,50.000000000000014,50.0,49.99999999999999,49.99999999999997,nan,nan,nan,nan,nan,nan,nan,49.99999999999999
104400.0,49.99999999999999,49.999999999999964,49.99999999999999,49.99999999999998,50.00000000000001,50.00000000000001,50.0,50.0,50.0,50.000000000000014,50.0,49.99999999999999,49.99999999999997,nan,nan,nan,nan,nan,nan,nan,49.99999999999999
104460.0,49.99999999999999,50.0,50.000000000000014,49.99999999999998,50.00000000000001,49.999999999999986,50.00000000000001,49.99999999999998,49.99999999999999,49.999999999999986,49.999999999999964,50.000000000000014,49.99999999999999,nan,nan,nan,nan,nan,nan,nan,49.99999999999999
104520.0,49.99999999999999,50.000000000000014,50.000000000000014,50.0,49.999999999999986,50.00000000000001,49.99999999999999,50.00000000000001,50.0,50.0,50.0,50.0,49.999999999999986,nan,nan,nan,nan,nan,nan,nan,49.99999999999999
104580.0,49.99999999999999,50.00000000000001,49.99999999999997,49.99999999999998,49.999999999999964,49.99999999999999,49.999999999999986,49.99999999999997,49.99999999999997,49.99999999999998,50.000000000000014,49.999999999999986,49.99999999999999,nan,nan,nan,nan,nan,nan,nan,49.99999999999999
104640.0,49.99999999999999,49.999999999999986,49.99999999999999,49.999999999999964,49.999999999999986,50.0,49.999999999999986,49.999999999999986,49.999999999999964,49.99999999999998,49.99999999999999,49.999999999999986,50.0,nan,nan,nan,nan,nan,nan,nan,49.99999999999999
104700.0,49.99999999999999,49.999999999999986,49.999999999999986,50.00000000000001,49.99999999999999,49.99999999999999,50.00000000000002,49.99999999999998,50.000000000000014,49.99999999999999,50.0,50.00000000000002,50.0,nan,nan,nan,nan,nan,nan,nan,49.99999999999999
104760.0,49.99999999999999,49.99999999999998,49.99999999999999,50.0,50.0,49.99999999999999,49.99999999999998,49.999999999999986,49.999999999999986,50.00000000000001,50.00000000000001,50.00000000000001,50.0,nan,nan,nan,nan,nan,nan,nan,49.99999999999999
104820.0,49.99999999999999,50.00000000000003,50.0,50.0,50.00000000000001,49.999999999999986,50.0,49.99999999999998,50.00000000000001,49.99999999999997,50.00000000000003,49.99999999999998,50.0,nan,nan,nan,nan,nan,nan,nan,49.99999999999999
104880.0,49.99999999999999,50.0,49.99999999999997,49.99999999999997,50.0,49.999999999999964,50.000000000000014,49.999999999999986,49.999999999999986,50.000000000000014,50.00000000000001,50.00000000000002,50.00000000000001,nan,nan,nan,nan,nan,nan,nan,49.99999999999999
104940.0,49.99999999999999,50.0,49.999999999999986,49.999999999999986,49.999999999999986,49.99999999999997,49.99999999999999,49.999999999999986,50.000000000000036,50.0,50.0,49.999999999999986,50.00000000000001,nan,nan,nan,nan,nan,nan,nan,49.99999999999999
105000.0,49.99999999999999,50.000000000000014,50.0,50.0,49.999999999999986,49.99999999999999,49.99999999999998,49.999999999999986,49.99999999999999,49.99999999999998,50.000000000000014,49.999999999999986,49.99999999999998,nan,nan,nan,nan,nan,nan,nan,49.99999999999999
105060.0,49.99999999999999,49.999999999999986,49.99999999999998,50.0,50.00000000000001,49.999999999999986,49.999999999999986,49.99999999999999,49.99999999999999,50.0,50.00000000000001,49.99999999999999,49.99999999999999,nan,nan,nan,nan,nan,nan,nan,49.99999999999999
105120.0,49.99999999999999,49.99999999999999,49.999999999999986,49.99999999999999,49.99999999999999,50.00000000000001,49.99999999999998,50.00000000000001,49.99999999999997,50.00000000000001,49.99999999999997,49.99999999999997,50.00000000000001,nan,nan,nan,nan,nan,nan,nan,49.99999999999999
105180.0,49.99999999999999,49.99999999999998,50.0,49.99999999999997,49.99999999999997,49.99999999999997,49.99999999999999,49.99999999999999,49.99999999999999,49.999999999999986,50.0,49.999999999999986,50.00000000000001,nan,nan,nan,nan,nan,nan,nan,49.99999999999999
105240.0,49.99999999999999,49.99999999999998,49.99999999999999,49.99999999999999,50.0,49.99999999999998,49.99999999999998,49.99999999999999,50.00000000000001,50.0,49.99999999999997,50.0,49.99999999999999,nan,nan,nan,nan,nan,nan,nan,49.99999999999999
105300.0,49.99999999999999,49.99999999999999,50.0,50.000000000000014,50.00000000000002,50.00000000000001,50.0,49.999999999999986,49.99999999999997,49.99999999999997,49.999999999999964,50.00000000000001,49.999999999999986,nan,nan,nan,nan,nan,nan,nan,49.99999999999999
105360.0,49.99999999999999,50.0,50.0,50.00000000000003,50.0,49.99999999999998,49.999999999999986,49.999999999999986,50.0,50.000000000000014,49.999999999999986,50.0,49.999999999999986,nan,nan,nan,nan,nan,nan,nan,49.99999999999999
105420.0,49.99999999999999,49.99999999999998,49.999999999999986,49.99999999999998,49.99999999999999,49.99999999999999,49.99999999999998,49.999999999999986,49.99999999999999,49.99999999999999,49.999999999999986,50.0,49.999999999999986,nan,nan,nan,nan,nan,nan,nan,49.99999999999999
105480.0,49.99999999999999,50.000000000000014,50.0,49.999999999999986,49.999999999999964,49.999999999999986,49.99999999999999,50.0,49.99999999999999,50.00000000000001,50.00000000000001,50.0,50.00000000000001,nan,nan,nan,nan,nan,nan,nan,49.99999999999999
105540.0,49.99999999999999,50.000000000000014,50.0,49.99999999999997,49.99999999999999,49.99999999999999,50.0,49.99999999999999,49.99999999999999,50.0,49.99999999999999,50.00000000000001,49.99999999999998,nan,nan,nan,nan,nan,nan,nan,49.99999999999999
105600.0,49.99999999999999,50.0,50.00000000000001,49.99999999999997,50.00000000000001,49.99999999999995,49.99999999999999,50.0,50.0,49.99999999999998,49.999999999999986,49.999999999999986,49.99999999999998,nan,nan,nan,nan,nan,nan,nan,49.99999999999999
105660.0,49.99999999999999,49.99999999999997,50.0,50.00000000000001,49.99999999999999,50.0,49.99999999999998,49.99999999999999,50.0,50.000000000000014,49.999999999999986,49.99999999999999,50.00000000000001,nan,nan,nan,nan,nan,nan,nan,49.99999999999999
105720.0,49.99999999999999,49.999999999999986,50.0,50.00000000000001,50.00000000000001,50.0,49.999999999999986,49.999999999999986,49.99999999999999,49.99999999999998,49.99999999999997,50.000000000000014,49.999999999999986,nan,nan,nan,nan,nan,nan,nan,49.99999999999999
105780.0,49.99999999999999,49.99999999999998,49.99999999999999,49.999999999999986,50.0,49.99999999999997,49.99999999999999,49.999999999999986,49.999999999999986,50.0,50.000000000000014,49.99999999999999,49.999999999999986,nan,nan,nan,nan,nan,nan,nan,49.99999999999999
105840.0,49.99999999999999,50.0,49.99999999999998,50.00000000000002,49.999999999999986,49.999999999999986,50.0,49.999999999999986,49.999999999999986,50.0,50.000000000000014,49.99999999999999,50.0,nan,nan,nan,nan,nan,nan,nan,49.99999999999999
105900.0,49.99999999999999,49.99999999999997,49.99999999999999,50.000000000000036,49.99999999999999,49.99999999999998,50.00000000000001,50.00000000000001,50.0,49.99999999999999,49.99999999999999,50.0,50.00000000000001,nan,nan,nan,nan,nan,nan,nan,49.99999999999999
105960.0,49.99999999999999,50.0,50.0,50.0,49.99999999999998,50.000000000000014,49.999999999999986,50.0,49.99999999999999,49.99999999999999,50.0,49.999999999999986,49.999999999999964,nan,nan,nan,nan,nan,nan,nan,49.99999999999999
106020.0,49.99999999999999,49.999999999999986,49.999999999999964,49.99999999999999,50.0,49.99999999999999,50.00000000000001,49.99999999999999,50.00000000000001,50.0,50.00000000000002,49.99999999999999,50.00000000000001,nan,nan,nan,nan,nan,nan,nan,49.99999999999999
106080.0,49.99999999999999,50.0,49.999999999999986,49.999999999999986,49.999999999999986,50.00000000000001,50.0,49.99999999999999,50.0,49.999999999999986,50.00000000000001,49.99999999999998,50.00000000000001,nan,nan,nan,nan,nan,nan,nan,49.99999999999999
106140.0,49.99999999999999,50.00000000000001,50.000000000000014,50.0,49.999999999999986,49.99999999999998,50.0,49.999999999999986,49.999999999999986,49.99999999999999,50.0,50.0,50.000000000000014,nan,nan,nan,nan,nan,nan,nan,49.99999999999999
106200.0,49.99999999999999,49.99999999999999,49.99999999999996,49.999999999999986,50.0,49.99999999999998,49.99999999999999,49.99999999999998,49.99999999999998,49.99999999999999,49.999999999999986,49.99999999999999,49.99999999999998,nan,nan,nan,nan,nan,nan,nan,49.99999999999999
106260.0,49.99999999999999,49.99999999999999,49.99999999999996,49.999999999999986,50.0,49.99999999999998,49.99999999999999,49.99999999999998,49.99999999999998,49.99999999999999,49.999999999999986,49.99999999999999,49.99999999999998,nan,nan,nan,nan,nan,nan,nan,49.99999999999999
106320.0,49.99999999999999,49.99999999999999,49.99999999999996,49.999999999999986,50.0,49.99999999999998,49.99999999999999,49.99999999999998,49.99999999999998,49.99999999999999,49.999999999999986,49.99999999999999,49.99999999999998,nan,nan,nan,nan,nan,nan,nan,49.99999999999999
106380.0,49.99999999999999,49.99999999999999,49.99999999999996,49.999999999999986,50.0,49.99999999999998,49.99999999999999,49.99999999999998,49.99999999999998,49.99999999999999,49.999999999999986,49.99999999999999,49.99999999999998,nan,nan,nan,nan,nan,nan,nan,49.99999999999999
106440.0,49.99999999999999,49.99999999999999,49.99999999999996,49.999999999999986,50.0,49.99999999999998,49.99999999999999,49.99999999999998,49.99999999999998,49.99999999999999,49.999999999999986,49.99999999999999,49.99999999999998,nan,nan,nan,nan,nan,nan,nan,49.99999999999999
106500.0,49.99999999999999,49.99999999999999,49.99999999999996,49.999999999999986,50.0,49.99999999999998,49.99999999999999,49.99999999999998,49.99999999999998,49.99999999999999,49.999999999999986,49.99999999999999,49.99999999999998,nan,nan,nan,nan,nan,nan,nan,49.99999999999999
106560.0,49.99999999999999,49.99999999999999,49.99999999999996,49.999999999999986,50.0,49.99999999999998,49.99999999999999,49.99999999999998,49.99999999999998,49.99999999999999,49.999999999999986,49.99999999999999,49.99999999999998,nan,nan,nan,nan,nan,nan,nan,49.99999999999999
106620.0,49.99999999999999,49.99999999999999,49.99999999999996,49.999999999999986,50.0,49.99999999999998,49.99999999999999,49.99999999999998,49.99999999999998,49.99999999999999,49.999999999999986,49.99999999999999,49.99999999999998,nan,nan,nan,nan,nan,nan,nan,49.99999999999999
106680.0,49.99999999999999,49.99999999999999,49.99999999999996,49.999999999999986,50.0,49.99999999999998,49.99999999999999,49.99999999999998,49.99999999999998,49.99999999999999,49.999999999999986,49.99999999999999,49.99999999999998,nan,nan,nan,nan,nan,nan,nan,49.99999999999999
106740.0,49.99999999999999,49.99999999999999,49.99999999999996,49.999999999999986,50.0,49.99999999999998,49.99999999999999,49.99999999999998,49.99999999999998,49.99999999999999,49.999999999999986,49.99999999999999,49.99999999999998,nan,nan,nan,nan,nan,nan,nan,49.99999999999999
106800.0,49.99999999999999,49.99999999999999,49.99999999999996,49.999999999999986,50.0,49.99999999999998,49.99999999999999,49.99999999999998,49.99999999999998,49.99999999999999,49.999999999999986,49.99999999999999,49.99999999999998,nan,nan,nan,nan,nan,nan,nan,49.99999999999999
106860.0,49.99999999999999,49.99999999999999,49.99999999999996,49.999999999999986,50.0,49.99999999999998,49.99999999999999,49.99999999999998,49.99999999999998,49.99999999999999,49.999999999999986,49.99999999999999,49.99999999999998,nan,nan,nan,nan,nan,nan,nan,49.99999999999999
106920.0,49.99999999999999,49.99999999999999,49.99999999999996,49.999999999999986,50.0,49.99999999999998,49.99999999999999,49.99999999999998,49.99999999999998,49.99999999999999,49.999999999999986,49.99999999999999,49.99999999999998,nan,nan,nan,nan,nan,nan,nan,49.99999999999999
106980.0,49.99999999999999,49.99999999999999,49.99999999999996,49.999999999999986,50.0,49.99999999999998,49.99999999999999,49.99999999999998,49.99999999999998,49.99999999999999,49.999999999999986,49.99999999999999,49.99999999999998,nan,nan,nan,nan,nan,nan,nan,49.99999999999999
107040.0,49.99999999999999,49.99999999999999,49.99999999999996,49.999999999999986,50.0,49.99999999999998,49.99999999999999,49.99999999999998,49.99999999999998,49.99999999999999,49.999999999999986,49.99999999999999,49.99999999999998,nan,nan,nan,nan,nan,nan,nan,49.99999999999999
107100.0,49.99999999999999,49.99999999999999,49.99999999999996,49.999999999999986,50.0,49.99999999999998,49.99999999999999,49.99999999999998,49.99999999999998,49.99999999999999,49.999999999999986,49.99999999999999,49.99999999999998,nan,nan,nan,nan,nan,nan,nan,49.99999999999999
107160.0,49.99999999999999,49.99999999999999,49.99999999999996,49.999999999999986,50.0,49.99999999999998,49.99999999999999,49.99999999999998,49.99999999999998,49.99999999999999,49.999999999999986,49.99999999999999,49.99999999999998,nan,nan,nan,nan,nan,nan,nan,49.99999999999999
107220.0,49.99999999999999,49.99999999999999,49.99999999999996,49.999999999999986,50.0,49.99999999999998,49.99999999999999,49.99999999999998,49.99999999999998,49.99999999999999,49.999999999999986,49.99999999999999,49.99999999999998,nan,nan,nan,nan,nan,nan,nan,49.99999999999999
107280.0,49.99999999999999,49.99999999999999,49.99999999999996,49.999999999999986,50.0,49.99999999999998,49.99999999999999,49.99999999999998,49.99999999999998,49.99999999999999,49.999999999999986,49.99999999999999,49.99999999999998,nan,nan,nan,nan,nan,nan,nan,49.99999999999999
107340.0,49.99999999999999,49.99999999999999,49.99999999999996,49.999999999999986,50.0,49.99999999999998,49.99999999999999,49.99999999999998,49.99999999999998,49.99999999999999,49.999999999999986,49.99999999999999,49.99999999999998,nan,nan,nan,nan,nan,nan,nan,49.99999999999999
107400.0,49.99999999999999,49.99999999999999,49.99999999999996,49.999999999999986,50.0,49.99999999999998,49.99999999999999,49.99999999999998,49.99999999999998,49.99999999999999,49.999999999999986,49.99999999999999,49.99999999999998,nan,nan,nan,nan,nan,nan,nan,49.99999999999999
107460.0,49.99999999999999,49.99999999999999,49.99999999999996,49.999999999999986,50.0,49.99999999999998,49.99999999999999,49.99999999999998,49.99999999999998,49.99999999999999,49.999999999999986,49.99999999999999,49.99999999999998,nan,nan,nan,nan,nan,nan,nan,49.99999999999999
107520.0,49.99999999999999,49.99999999999999,49.99999999999996,49.999999999999986,50.0,49.99999999999998,49.99999999999999,49.99999999999998,49.99999999999998,49.99999999999999,49.999999999999986,49.99999999999999,49.99999999999998,nan,nan,nan,nan,nan,nan,nan,49.99999999999999
107580.0,49.99999999999999,49.99999999999999,49.99999999999996,49.999999999999986,50.0,49.99999999999998,49.99999999999999,49.99999999999998,49.99999999999998,49.99999999999999,49.999999999999986,49.99999999999999,49.99999999999998,nan,nan,nan,nan,nan,nan,nan,49.99999999999999
107640.0,49.99999999999999,49.99999999999999,49.99999999999996,49.999999999999986,50.0,49.99999999999998,49.99999999999999,49.99999999999998,49.99999999999998,49.99999999999999,49.999999999999986,49.99999999999999,49.99999999999998,nan,nan,nan,nan,nan,nan,nan,49.99999999999999
107700.0,49.99999999999999,49.99999999999999,49.99999999999996,49.999999999999986,50.0,49.99999999999998,49.99999999999999,49.99999999999998,49.99999999999998,49.99999999999999,49.999999999999986,49.99999999999999,49.99999999999998,nan,nan,nan,nan,nan,nan,nan,49.99999999999999
107760.0,49.99999999999999,49.99999999999999,49.99999999999996,49.999999999999986,50.0,49.99999999999998,49.99999999999999,49.99999999999998,49.99999999999998,49.99999999999999,49.999999999999986,49.99999999999999,49.99999999999998,nan,nan,nan,nan,nan,nan,nan,49.99999999999999
107820.0,49.99999999999999,49.99999999999999,49.99999999999996,49.999999999999986,50.0,49.99999999999998,49.99999999999999,49.99999999999998,49.99999999999998,49.99999999999999,49.999999999999986,49.99999999999999,49.99999999999998,nan,nan,nan,nan,nan,nan,nan,49.99999999999999
107880.0,49.99999999999999,49.99999999999999,49.99999999999996,49.999999999999986,50.0,49.99999999999998,49.99999999999999,49.99999999999998,49.99999999999998,49.99999999999999,49.999999999999986,49.99999999999999,49.99999999999998,nan,nan,nan,nan,nan,nan,nan,49.99999999999999
107940.0,49.99999999999999,49.99999999999999,49.99999999999996,49.999999999999986,50.0,49.99999999999998,49.99999999999999,49.99999999999998,49.99999999999998,49.99999999999999,49.999999999999986,49.99999999999999,49.99999999999998,nan,nan,nan,nan,nan,nan,nan,49.99999999999999
108000.0,49.99999999999999,49.99999999999999,49.99999999999996,49.999999999999986,50.0,49.99999999999998,49.99999999999999,49.99999999999998,49.99999999999998,49.99999999999999,49.999999999999986,49.99999999999999,49.99999999999998,nan,nan,nan,nan,nan,nan,nan,49.99999999999999
108060.0,49.99999999999999,49.99999999999999,49.99999999999996,49.999999999999986,50.0,49.99999999999998,49.99999999999999,49.99999999999998,49.99999999999998,49.99999999999999,49.999999999999986,49.99999999999999,49.99999999999998,nan,nan,nan,nan,nan,nan,nan,49.99999999999999
108120.0,49.99999999999999,49.99999999999999,49.99999999999996,49.999999999999986,50.0,49.99999999999998,49.99999999999999,49.99999999999998,49.99999999999998,49.99999999999999,49.999999999999986,49.99999999999999,49.99999999999998,nan,nan,nan,nan,nan,nan,nan,49.99999999999999
108180.0,49.99999999999999,49.99999999999999,49.99999999999996,49.999999999999986,50.0,49.99999999999998,49.99999999999999,49.99999999999998,49.99999999999998,49.99999999999999,49.999999999999986,49.99999999999999,49.99999999999998,nan,nan,nan,nan,nan,nan,nan,49.99999999999999
108240.0,49.99999999999999,49.99999999999999,49.99999999999996,49.999999999999986,50.0,49.99999999999998,49.99999999999999,49.99999999999998,49.99999999999998,49.99999999999999,49.999999999999986,49.99999999999999,49.99999999999998,nan,nan,nan,nan,nan,nan,nan,49.99999999999999
108300.0,49.99999999999999,49.99999999999999,49.99999999999996,49.999999999999986,50.0,49.99999999999998,49.99999999999999,49.99999999999998,49.99999999999998,49.99999999999999,49.999999999999986,49.99999999999999,49.99999999999998,nan,nan,nan,nan,nan,nan,nan,49.99999999999999
108360.0,49.99999999999999,49.99999999999999,49.99999999999996,49.999999999999986,50.0,49.99999999999998,49.99999999999999,49.99999999999998,49.99999999999998,49.99999999999999,49.999999999999986,49.99999999999999,49.99999999999998,nan,nan,nan,nan,nan,nan,nan,49.99999999999999
108420.0,49.99999999999999,49.99999999999999,49.99999999999996,49.999999999999986,50.0,49.99999999999998,49.99999999999999,49.99999999999998,49.99999999999998,49.99999999999999,49.999999999999986,49.99999999999999,49.99999999999998,nan,nan,nan,nan,nan,nan,nan,49.99999999999999
108480.0,49.99999999999999,49.99999999999999,49.99999999999996,49.999999999999986,50.0,49.99999999999998,49.99999999999999,49.99999999999998,49.99999999999998,49.99999999999999,49.999999999999986,49.99999999999999,49.99999999999998,nan,nan,nan,nan,nan,nan,nan,49.99999999999999
108540.0,49.99999999999999,49.99999999999999,49.99999999999996,49.999999999999986,50.0,49.99999999999998,49.99999999999999,49.99999999999998,49.99999999999998,49.99999999999999,49.999999999999986,49.99999999999999,49.99999999999998,nan,nan,nan,nan,nan,nan,nan,49.99999999999999
108600.0,49.99999999999999,49.99999999999999,49.99999999999996,49.999999999999986,50.0,49.99999999999998,49.99999999999999,49.99999999999998,49.99999999999998,49.99999999999999,49.999999999999986,49.99999999999999,49.99999999999998,nan,nan,nan,nan,nan,nan,nan,49.99999999999999
108660.0,49.99999999999999,49.99999999999999,49.99999999999996,49.999999999999986,50.0,49.99999999999998,49.99999999999999,49.99999999999998,49.99999999999998,49.99999999999999,49.999999999999986,49.99999999999999,49.99999999999998,nan,nan,nan,nan,nan,nan,nan,49.99999999999999
108720.0,49.99999999999999,49.99999999999999,49.99999999999996,49.999999999999986,50.0,49.99999999999998,49.99999999999999,49.99999999999998,49.99999999999998,49.99999999999999,49.999999999999986,49.99999999999999,49.99999999999998,nan,nan,nan,nan,nan,nan,nan,49.99999999999999
108780.0,49.99999999999999,49.99999999999999,49.99999999999996,49.999999999999986,50.0,49.99999999999998,49.99999999999999,49.99999999999998,49.99999999999998,49.99999999999999,49.999999999999986,49.99999999999999,49.99999999999998,nan,nan,nan,nan,nan,nan,nan,49.99999999999999
108840.0,49.99999999999999,49.99999999999999,49.99999999999996,49.999999999999986,50.0,49.99999999999998,49.99999999999999,49.99999999999998,49.99999999999998,49.99999999999999,49.999999999999986,49.99999999999999,49.99999999999998,nan,nan,nan,nan,nan,nan,nan,49.99999999999999
108900.0,49.99999999999999,49.99999999999999,49.99999999999996,49.999999999999986,50.0,49.99999999999998,49.99999999999999,49.99999999999998,49.99999999999998,49.99999999999999,49.999999999999986,49.99999999999999,49.99999999999998,nan,nan,nan,nan,nan,nan,nan,49.99999999999999
108960.0,49.99999999999999,49.99999999999999,49.99999999999996,49.999999999999986,50.0,49.99999999999998,49.99999999999999,49.99999999999998,49.99999999999998,49.99999999999999,49.999999999999986,49.99999999999999,49.99999999999998,nan,nan,nan,nan,nan,nan,nan,49.99999999999999
109020.0,49.99999999999999,49.99999999999999,49.99999999999996,49.999999999999986,50.0,49.99999999999998,49.99999999999999,49.99999999999998,49.99999999999998,49.99999999999999,49.999999999999986,49.99999999999999,49.99999999999998,nan,nan,nan,nan,nan,nan,nan,49.99999999999999
109080.0,49.99999999999999,49.99999999999999,49.99999999999996,49.999999999999986,50.0,49.99999999999998,49.99999999999999,49.99999999999998,49.99999999999998,49.99999999999999,49.999999999999986,49.99999999999999,49.99999999999998,nan,nan,nan,nan,nan,nan,nan,49.99999999999999
109140.0,49.99999999999999,49.99999999999999,49.99999999999996,49.999999999999986,50.0,49.99999999999998,49.99999999999999,49.99999999999998,49.99999999999998,49.99999999999999,49.999999999999986,49.99999999999999,49.99999999999998,nan,nan,nan,nan,nan,nan,nan,49.99999999999999
109200.0,49.99999999999999,49.99999999999999,49.99999999999996,49.999999999999986,50.0,49.99999999999998,49.99999999999999,49.99999999999998,49.99999999999998,49.99999999999999,49.999999999999986,49.99999999999999,49.99999999999998,nan,nan,nan,nan,nan,nan,nan,49.99999999999999
109260.0,49.99999999999999,49.99999999999999,49.99999999999996,49.999999999999986,50.0,49.99999999999998,49.99999999999999,49.99999999999998,49.99999999999998,49.99999999999999,49.999999999999986,49.99999999999999,49.99999999999998,nan,nan,nan,nan,nan,nan,nan,49.99999999999999
109320.0,49.99999999999999,49.99999999999999,49.99999999999996,49.999999999999986,50.0,49.99999999999998,49.99999999999999,49.99999999999998,49.99999999999998,49.99999999999999,49.999999999999986,49.99999999999999,49.99999999999998,nan,nan,nan,nan,nan,nan,nan,49.99999999999999
109380.0,49.99999999999999,49.99999999999999,49.99999999999996,49.999999999999986,50.0,49.99999999999998,49.99999999999999,49.99999999999998,49.99999999999998,49.99999999999999,49.999999999999986,49.99999999999999,49.99999999999998,nan,nan,nan,nan,nan,nan,nan,49.99999999999999
109440.0,49.99999999999999,49.99999999999999,49.99999999999996,49.999999999999986,50.0,49.99999999999998,49.99999999999999,49.99999999999998,49.99999999999998,49.99999999999999,49.999999999999986,49.99999999999999,49.99999999999998,nan,nan,nan,nan,nan,nan,nan,49.99999999999999
109500.0,49.99999999999999,49.99999999999999,49.99999999999996,49.999999999999986,50.0,49.99999999999998,49.99999999999999,49.99999999999998,49.99999999999998,49.99999999999999,49.999999999999986,49.99999999999999,49.99999999999998,nan,nan,nan,nan,nan,nan,nan,49.99999999999999
109560.0,49.99999999999999,49.99999999999999,49.99999999999996,49.999999999999986,50.0,49.99999999999998,49.99999999999999,49.99999999999998,49.99999999999998,49.99999999999999,49.999999999999986,49.99999999999999,49.99999999999998,nan,nan,nan,nan,nan,nan,nan,49.99999999999999
109620.0,49.99999999999999,49.99999999999999,49.99999999999996,49.999999999999986,50.0,49.99999999999998,49.99999999999999,49.99999999999998,49.99999999999998,49.99999999999999,49.999999999999986,49.99999999999999,49.99999999999998,nan,nan,nan,nan,nan,nan,nan,49.99999999999999
109680.0,49.99999999999999,49.99999999999999,49.99999999999996,49.999999999999986,50.0,49.99999999999998,49.99999999999999,49.99999999999998,49.99999999999998,49.99999999999999,49.999999999999986,49.99999999999999,49.99999999999998,nan,nan,nan,nan,nan,nan,nan,49.99999999999999
109740.0,49.99999999999999,49.99999999999999,49.99999999999996,49.999999999999986,50.0,49.99999999999998,49.99999999999999,49.99999999999998,49.99999999999998,49.99999999999999,49.999999999999986,49.99999999999999,49.99999999999998,nan,nan,nan,nan,nan,nan,nan,49.99999999999999
109800.0,49.99999999999999,49.99999999999999,49.99999999999996,49.999999999999986,50.0,49.99999999999998,49.99999999999999,49.99999999999998,49.99999999999998,49.99999999999999,49.999999999999986,49.99999999999999,49.99999999999998,nan,nan,nan,nan,nan,nan,nan,49.99999999999999
109860.0,49.99999999999999,49.99999999999999,49.99999999999996,49.999999999999986,50.0,49.99999999999998,49.99999999999999,49.99999999999998,49.99999999999998,49.99999999999999,49.999999999999986,49.99999999999999,49.99999999999998,nan,nan,nan,nan,nan,nan,nan,49.99999999999999
109920.0,49.99999999999999,49.99999999999999,49.99999999999996,49.999999999999986,50.0,49.99999999999998,49.99999999999999,49.99999999999998,49.99999999999998,49.99999999999999,49.999999999999986,49.99999999999999,49.99999999999998,nan,nan,nan,nan,nan,nan,nan,49.99999999999999
109980.0,49.99999999999999,49.99999999999999,49.99999999999996,49.999999999999986,50.0,49.99999999999998,49.99999999999999,49.99999999999998,49.99999999999998,49.99999999999999,49.999999999999986,49.99999999999999,49.99999999999998,nan,nan,nan,nan,nan,nan,nan,49.99999999999999
110040.0,49.99999999999999,49.99999999999999,49.99999999999996,49.999999999999986,50.0,49.99999999999998,49.99999999999999,49.99999999999998,49.99999999999998,49.99999999999999,49.999999999999986,49.99999999999999,49.99999999999998,nan,nan,nan,nan,nan,nan,nan,49.99999999999999
110100.0,49.99999999999999,49.99999999999999,49.99999999999996,49.999999999999986,50.0,49.99999999999998,49.99999999999999,49.99999999999998,49.99999999999998,49.99999999999999,49.999999999999986,49.99999999999999,49.99999999999998,nan,nan,nan,nan,nan,nan,nan,49.99999999999999
110160.0,49.99999999999999,49.99999999999999,49.99999999999996,49.999999999999986,50.0,49.99999999999998,49.99999999999999,49.99999999999998,49.99999999999998,49.99999999999999,49.999999999999986,49.99999999999999,49.99999999999998,nan,nan,nan,nan,nan,nan,nan,49.99999999999999
110220.0,49.99999999999999,49.99999999999999,49.99999999999996,49.999999999999986,50.0,49.99999999999998,49.99999999999999,49.99999999999998,49.99999999999998,49.99999999999999,49.999999999999986,49.99999999999999,49.99999999999998,nan,nan,nan,nan,nan,nan,nan,49.99999999999999
110280.0,49.99999999999999,49.99999999999999,49.99999999999996,49.999999999999986,50.0,49.99999999999998,49.99999999999999,49.99999999999998,49.99999999999998,49.99999999999999,49.999999999999986,49.99999999999999,49.99999999999998,nan,nan,nan,nan,nan,nan,nan,49.99999999999999
110340.0,49.99999999999999,49.99999999999999,49.99999999999996,49.999999999999986,50.0,49.99999999999998,49.99999999999999,49.99999999999998,49.99999999999998,49.99999999999999,49.999999999999986,49.99999999999999,49.99999999999998,nan,nan,nan,nan,nan,nan,nan,49.99999999999999
110400.0,49.99999999999999,49.99999999999999,49.99999999999996,49.999999999999986,50.0,49.99999999999998,49.99999999999999,49.99999999999998,49.99999999999998,49.99999999999999,49.999999999999986,49.99999999999999,49.99999999999998,nan,nan,nan,nan,nan,nan,nan,49.99999999999999
110460.0,49.99999999999999,49.99999999999999,49.99999999999996,49.999999999999986,50.0,49.99999999999998,49.99999999999999,49.99999999999998,49.99999999999998,49.99999999999999,49.999999999999986,49.99999999999999,49.99999999999998,nan,nan,nan,nan,nan,nan,nan,49.99999999999999
110520.0,49.99999999999999,49.99999999999999,49.99999999999996,49.999999999999986,50.0,49.99999999999998,49.99999999999999,49.99999999999998,49.99999999999998,49.99999999999999,49.999999999999986,49.99999999999999,49.99999999999998,nan,nan,nan,nan,nan,nan,nan,49.99999999999999
110580.0,49.99999999999999,49.99999999999999,49.99999999999996,49.999999999999986,50.0,49.99999999999998,49.99999999999999,49.99999999999998,49.99999999999998,49.99999999999999,49.999999999999986,49.99999999999999,49.99999999999998,nan,nan,nan,nan,nan,nan,nan,49.99999999999999
110640.0,49.99999999999999,49.99999999999999,49.99999999999996,49.999999999999986,50.0,49.99999999999998,49.99999999999999,49.99999999999998,49.99999999999998,49.99999999999999,49.999999999999986,49.99999999999999,49.99999999999998,nan,nan,nan,nan,nan,nan,nan,49.99999999999999
110700.0,49.99999999999999,49.99999999999999,49.99999999999996,49.999999999999986,50.0,49.99999999999998,49.99999999999999,49.99999999999998,49.99999999999998,49.99999999999999,49.999999999999986,49.99999999999999,49.99999999999998,nan,nan,nan,nan,nan,nan,nan,49.99999999999999
110760.0,49.99999999999999,49.99999999999999,49.99999999999996,49.999999999999986,50.0,49.99999999999998,49.99999999999999,49.99999999999998,49.99999999999998,49.99999999999999,49.999999999999986,49.99999999999999,49.99999999999998,nan,nan,nan,nan,nan,nan,nan,49.99999999999999
110820.0,49.99999999999999,49.99999999999999,49.99999999999996,49.999999999999986,50.0,49.99999999999998,49.99999999999999,49.99999999999998,49.99999999999998,49.99999999999999,49.999999999999986,49.99999999999999,49.99999999999998,nan,nan,nan,nan,nan,nan,nan,49.99999999999999
110880.0,49.99999999999999,49.99999999999999,49.99999999999996,49.999999999999986,50.0,49.99999999999998,49.99999999999999,49.99999999999998,49.99999999999998,49.99999999999999,49.999999999999986,49.99999999999999,49.99999999999998,nan,nan,nan,nan,nan,nan,nan,49.99999999999999
110940.0,49.99999999999999,49.99999999999999,49.99999999999996,49.999999999999986,50.0,49.99999999999998,49.99999999999999,49.99999999999998,49.99999999999998,49.99999999999999,49.999999999999986,49.99999999999999,49.99999999999998,nan,nan,nan,nan,nan,nan,nan,49.99999999999999
111000.0,49.99999999999999,49.99999999999999,49.99999999999996,49.999999999999986,50.0,49.99999999999998,49.99999999999999,49.99999999999998,49.99999999999998,49.99999999999999,49.999999999999986,49.99999999999999,49.99999999999998,nan,nan,nan,nan,nan,nan,nan,49.99999999999999
111060.0,49.99999999999999,49.99999999999999,49.99999999999996,49.999999999999986,50.0,49.99999999999998,49.99999999999999,49.99999999999998,49.99999999999998,49.99999999999999,49.999999999999986,49.99999999999999,49.99999999999998,nan,nan,nan,nan,nan,nan,nan,49.99999999999999
111120.0,49.99999999999999,49.99999999999999,49.99999999999996,49.999999999999986,50.0,49.99999999999998,49.99999999999999,49.99999999999998,49.99999999999998,49.99999999999999,49.999999999999986,49.99999999999999,49.99999999999998,nan,nan,nan,nan,nan,nan,nan,49.99999999999999
111180.0,49.99999999999999,49.99999999999999,49.99999999999996,49.999999999999986,50.0,49.99999999999998,49.99999999999999,49.99999999999998,49.99999999999998,49.99999999999999,49.999999999999986,49.99999999999999,49.99999999999998,nan,nan,nan,nan,nan,nan,nan,49.99999999999999
111240.0,49.99999999999999,49.99999999999999,49.99999999999996,49.999999999999986,50.0,49.99999999999998,49.99999999999999,49.99999999999998,49.99999999999998,49.99999999999999,49.999999999999986,49.99999999999999,49.99999999999998,nan,nan,nan,nan,nan,nan,nan,49.99999999999999
111300.0,49.99999999999999,49.99999999999999,49.99999999999996,49.999999999999986,50.0,49.99999999999998,49.99999999999999,49.99999999999998,49.99999999999998,49.99999999999999,49.999999999999986,49.99999999999999,49.99999999999998,nan,nan,nan,nan,nan,nan,nan,49.99999999999999
111360.0,49.99999999999999,49.99999999999999,49.99999999999996,49.999999999999986,50.0,49.99999999999998,49.99999999999999,49.99999999999998,49.99999999999998,49.99999999999999,49.999999999999986,49.99999999999999,49.99999999999998,nan,nan,nan,nan,nan,nan,nan,49.99999999999999
111420.0,49.99999999999999,49.99999999999999,49.99999999999996,49.999999999999986,50.0,49.99999999999998,49.99999999999999,49.99999999999998,49.99999999999998,49.99999999999999,49.999999999999986,49.99999999999999,49.99999999999998,nan,nan,nan,nan,nan,nan,nan,49.99999999999999
111480.0,49.99999999999999,49.99999999999999,49.99999999999996,49.999999999999986,50.0,49.99999999999998,49.99999999999999,49.99999999999998,49.99999999999998,49.99999999999999,49.999999999999986,49.99999999999999,49.99999999999998,nan,nan,nan,nan,nan,nan,nan,49.99999999999999
111540.0,49.99999999999999,49.99999999999999,49.99999999999996,49.999999999999986,50.0,49.99999999999998,49.99999999999999,49.99999999999998,49.99999999999998,49.99999999999999,49.999999999999986,49.99999999999999,49.99999999999998,nan,nan,nan,nan,nan,nan,nan,49.99999999999999
111600.0,49.99999999999999,49.99999999999999,49.99999999999996,49.999999999999986,50.0,49.99999999999998,49.99999999999999,49.99999999999998,49.99999999999998,49.99999999999999,49.999999999999986,49.99999999999999,49.99999999999998,nan,nan,nan,nan,nan,nan,nan,49.99999999999999
111660.0,49.99999999999999,49.99999999999999,49.99999999999996,49.999999999999986,50.0,49.99999999999998,49.99999999999999,49.99999999999998,49.99999999999998,49.99999999999999,49.999999999999986,49.99999999999999,49.99999999999998,nan,nan,nan,nan,nan,nan,nan,49.99999999999999
111720.0,49.99999999999999,49.99999999999999,49.99999999999996,49.999999999999986,50.0,49.99999999999998,49.99999999999999,49.99999999999998,49.99999999999998,49.99999999999999,49.999999999999986,49.99999999999999,49.99999999999998,nan,nan,nan,nan,nan,nan,nan,49.99999999999999
111780.0,49.99999999999999,49.99999999999999,49.99999999999996,49.999999999999986,50.0,49.99999999999998,49.99999999999999,49.99999999999998,49.99999999999998,49.99999999999999,49.999999999999986,49.99999999999999,49.99999999999998,nan,nan,nan,nan,nan,nan,nan,49.99999999999999
111840.0,49.99999999999999,49.99999999999999,49.99999999999996,49.999999999999986,50.0,49.99999999999998,49.99999999999999,49.99999999999998,49.99999999999998,49.99999999999999,49.999999999999986,49.99999999999999,49.99999999999998,nan,nan,nan,nan,nan,nan,nan,49.99999999999999
111900.0,49.99999999999999,49.99999999999999,49.99999999999996,49.999999999999986,50.0,49.99999999999998,49.99999999999999,49.99999999999998,49.99999999999998,49.99999999999999,49.999999999999986,49.99999999999999,49.99999999999998,nan,nan,nan,nan,nan,nan,nan,49.99999999999999
111960.0,49.99999999999999,49.99999999999999,49.99999999999996,49.999999999999986,50.0,49.99999999999998,49.99999999999999,49.99999999999998,49.99999999999998,49.99999999999999,49.999999999999986,49.99999999999999,49.99999999999998,nan,nan,nan,nan,nan,nan,nan,49.99999999999999
112020.0,49.99999999999999,49.99999999999999,49.99999999999996,49.999999999999986,50.0,49.99999999999998,49.99999999999999,49.99999999999998,49.99999999999998,49.99999999999999,49.999999999999986,49.99999999999999,49.99999999999998,nan,nan,nan,nan,nan,nan,nan,49.99999999999999
112080.0,49.99999999999999,49.99999999999999,49.99999999999996,49.999999999999986,50.0,49.99999999999998,49.99999999999999,49.99999999999998,49.99999999999998,49.99999999999999,49.999999999999986,49.99999999999999,49.99999999999998,nan,nan,nan,nan,nan,nan,nan,49.99999999999999
112140.0,49.99999999999999,49.99999999999999,49.99999999999996,49.999999999999986,50.0,49.99999999999998,49.99999999999999,49.99999999999998,49.99999999999998,49.99999999999999,49.999999999999986,49.99999999999999,49.99999999999998,nan,nan,nan,nan,nan,nan,nan,49.99999999999999
112200.0,49.99999999999999,49.99999999999999,49.99999999999996,49.999999999999986,50.0,49.99999999999998,49.99999999999999,49.99999999999998,49.99999999999998,49.99999999999999,49.999999999999986,49.99999999999999,49.99999999999998,nan,nan,nan,nan,nan,nan,nan,49.99999999999999
112260.0,49.99999999999999,49.99999999999999,49.99999999999996,49.999999999999986,50.0,49.99999999999998,49.99999999999999,49.99999999999998,49.99999999999998,49.99999999999999,49.999999999999986,49.99999999999999,49.99999999999998,nan,nan,nan,nan,nan,nan,nan,49.99999999999999
112320.0,49.99999999999999,49.99999999999999,49.99999999999996,49.999999999999986,50.0,49.99999999999998,49.99999999999999,49.99999999999998,49.99999999999998,49.99999999999999,49.999999999999986,49.99999999999999,49.99999999999998,nan,nan,nan,nan,nan,nan,nan,49.99999999999999
112380.0,49.99999999999999,49.99999999999999,49.99999999999996,49.999999999999986,50.0,49.99999999999998,49.99999999999999,49.99999999999998,49.99999999999998,49.99999999999999,49.999999999999986,49.99999999999999,49.99999999999998,nan,nan,nan,nan,nan,nan,nan,49.99999999999999
112440.0,49.99999999999999,49.99999999999999,49.99999999999996,49.999999999999986,50.0,49.99999999999998,49.99999999999999,49.99999999999998,49.99999999999998,49.99999999999999,49.999999999999986,49.99999999999999,49.99999999999998,nan,nan,nan,nan,nan,nan,nan,49.99999999999999
112500.0,49.99999999999999,49.99999999999999,49.99999999999996,49.999999999999986,50.0,49.99999999999998,49.99999999999999,49.99999999999998,49.99999999999998,49.99999999999999,49.999999999999986,49.99999999999999,49.99999999999998,nan,nan,nan,nan,nan,nan,nan,49.99999999999999
112560.0,49.99999999999999,49.99999999999999,49.99999999999996,49.999999999999986,50.0,49.99999999999998,49.99999999999999,49.99999999999998,49.99999999999998,49.99999999999999,49.999999999999986,49.99999999999999,49.99999999999998,nan,nan,nan,nan,nan,nan,nan,49.99999999999999
112620.0,49.99999999999999,49.99999999999999,49.99999999999996,49.999999999999986,50.0,49.99999999999998,49.99999999999999,49.99999999999998,49.99999999999998,49.99999999999999,49.999999999999986,49.99999999999999,49.99999999999998,nan,nan,nan,nan,nan,nan,nan,49.99999999999999
112680.0,49.99999999999999,49.99999999999999,49.99999999999996,49.999999999999986,50.0,49.99999999999998,49.99999999999999,49.99999999999998,49.99999999999998,49.99999999999999,49.999999999999986,49.99999999999999,49.99999999999998,nan,nan,nan,nan,nan,nan,nan,49.99999999999999
112740.0,49.99999999999999,49.99999999999999,49.99999999999996,49.999999999999986,50.0,49.99999999999998,49.99999999999999,49.99999999999998,49.99999999999998,49.99999999999999,49.999999999999986,49.99999999999999,49.99999999999998,nan,nan,nan,nan,nan,nan,nan,49.99999999999999
112800.0,49.99999999999999,49.99999999999999,49.99999999999996,49.999999999999986,50.0,49.99999999999998,49.99999999999999,49.99999999999998,49.99999999999998,49.99999999999999,49.999999999999986,49.99999999999999,49.99999999999998,nan,nan,nan,nan,nan,nan,nan,49.99999999999999
112860.0,49.99999999999999,49.99999999999999,49.99999999999996,49.999999999999986,50.0,49.99999999999998,49.99999999999999,49.99999999999998,49.99999999999998,49.99999999999999,49.999999999999986,49.99999999999999,49.99999999999998,nan,nan,nan,nan,nan,nan,nan,49.99999999999999
112920.0,49.99999999999999,49.99999999999999,49.99999999999996,49.999999999999986,50.0,49.99999999999998,49.99999999999999,49.99999999999998,49.99999999999998,49.99999999999999,49.999999999999986,49.99999999999999,49.99999999999998,nan,nan,nan,nan,nan,nan,nan,49.99999999999999
112980.0,49.99999999999999,49.99999999999999,49.99999999999996,49.999999999999986,50.0,49.99999999999998,49.99999999999999,49.99999999999998,49.99999999999998,49.99999999999999,49.999999999999986,49.99999999999999,49.99999999999998,nan,nan,nan,nan,nan,nan,nan,49.99999999999999
113040.0,49.99999999999999,49.99999999999999,49.99999999999996,49.999999999999986,50.0,49.99999999999998,49.99999999999999,49.99999999999998,49.99999999999998,49.99999999999999,49.999999999999986,49.99999999999999,49.99999999999998,nan,nan,nan,nan,nan,nan,nan,49.99999999999999
113100.0,49.99999999999999,49.99999999999999,49.99999999999996,49.999999999999986,50.0,49.99999999999998,49.99999999999999,49.99999999999998,49.99999999999998,49.99999999999999,49.999999999999986,49.99999999999999,49.99999999999998,nan,nan,nan,nan,nan,nan,nan,49.99999999999999
113160.0,49.99999999999999,49.99999999999999,49.99999999999996,49.999999999999986,50.0,49.99999999999998,49.99999999999999,49.99999999999998,49.99999999999998,49.99999999999999,49.999999999999986,49.99999999999999,49.99999999999998,nan,nan,nan,nan,nan,nan,nan,49.99999999999999
113220.0,49.99999999999999,49.99999999999999,49.99999999999996,49.999999999999986,50.0,49.99999999999998,49.99999999999999,49.99999999999998,49.99999999999998,49.99999999999999,49.999999999999986,49.99999999999999,49.99999999999998,nan,nan,nan,nan,nan,nan,nan,49.99999999999999
113280.0,49.99999999999999,49.99999999999999,49.99999999999996,49.999999999999986,50.0,49.99999999999998,49.99999999999999,49.99999999999998,49.99999999999998,49.99999999999999,49.999999999999986,49.99999999999999,49.99999999999998,nan,nan,nan,nan,nan,nan,nan,49.99999999999999
113340.0,49.99999999999999,49.99999999999999,49.99999999999996,49.999999999999986,50.0,49.99999999999998,49.99999999999999,49.99999999999998,49.99999999999998,49.99999999999999,49.999999999999986,49.99999999999999,49.99999999999998,nan,nan,nan,nan,nan,nan,nan,49.99999999999999
113400.0,49.99999999999999,49.99999999999999,49.99999999999996,49.999999999999986,50.0,49.99999999999998,49.99999999999999,49.99999999999998,49.99999999999998,49.99999999999999,49.999999999999986,49.99999999999999,49.99999999999998,nan,nan,nan,nan,nan,nan,nan,49.99999999999999
113460.0,49.99999999999999,49.99999999999999,49.99999999999996,49.999999999999986,50.0,49.99999999999998,49.99999999999999,49.99999999999998,49.99999999999998,49.99999999999999,49.999999999999986,49.99999999999999,49.99999999999998,nan,nan,nan,nan,nan,nan,nan,49.99999999999999
113520.0,49.99999999999999,49.99999999999999,49.99999999999996,49.999999999999986,50.0,49.99999999999998,49.99999999999999,49.99999999999998,49.99999999999998,49.99999999999999,49.999999999999986,49.99999999999999,49.99999999999998,nan,nan,nan,nan,nan,nan,nan,49.99999999999999
113580.0,49.99999999999999,49.99999999999999,49.99999999999996,49.999999999999986,50.0,49.99999999999998,49.99999999999999,49.99999999999998,49.99999999999998,49.99999999999999,49.999999999999986,49.99999999999999,49.99999999999998,nan,nan,nan,nan,nan,nan,nan,49.99999999999999
113640.0,49.99999999999999,49.99999999999999,49.99999999999996,49.999999999999986,50.0,49.99999999999998,49.99999999999999,49.99999999999998,49.99999999999998,49.99999999999999,49.999999999999986,49.99999999999999,49.99999999999998,nan,nan,nan,nan,nan,nan,nan,49.99999999999999
113700.0,49.99999999999999,49.99999999999999,49.99999999999996,49.999999999999986,50.0,49.99999999999998,49.99999999999999,49.99999999999998,49.99999999999998,49.99999999999999,49.999999999999986,49.99999999999999,49.99999999999998,nan,nan,nan,nan,nan,nan,nan,49.99999999999999
113760.0,49.99999999999999,49.99999999999999,49.99999999999996,49.999999999999986,50.0,49.99999999999998,49.99999999999999,49.99999999999998,49.99999999999998,49.99999999999999,49.999999999999986,49.99999999999999,49.99999999999998,nan,nan,nan,nan,nan,nan,nan,49.99999999999999
113820.0,49.99999999999999,49.99999999999999,49.99999999999996,49.999999999999986,50.0,49.99999999999998,49.99999999999999,49.99999999999998,49.99999999999998,49.99999999999999,49.999999999999986,49.99999999999999,49.99999999999998,nan,nan,nan,nan,nan,nan,nan,49.99999999999999
113880.0,49.99999999999999,49.99999999999999,49.99999999999996,49.999999999999986,50.0,49.99999999999998,49.99999999999999,49.99999999999998,49.99999999999998,49.99999999999999,49.999999999999986,49.99999999999999,49.99999999999998,nan,nan,nan,nan,nan,nan,nan,49.99999999999999
113940.0,49.99999999999999,49.99999999999999,49.99999999999996,49.999999999999986,50.0,49.99999999999998,49.99999999999999,49.99999999999998,49.99999999999998,49.99999999999999,49.999999999999986,49.99999999999999,49.99999999999998,nan,nan,nan,nan,nan,nan,nan,49.99999999999999
114000.0,49.99999999999999,49.99999999999999,49.99999999999996,49.999999999999986,50.0,49.99999999999998,49.99999999999999,49.99999999999998,49.99999999999998,49.99999999999999,49.999999999999986,49.99999999999999,49.99999999999998,nan,nan,nan,nan,nan,nan,nan,49.99999999999999
114060.0,49.99999999999999,49.99999999999999,49.99999999999996,49.999999999999986,50.0,49.99999999999998,49.99999999999999,49.99999999999998,49.99999999999998,49.99999999999999,49.999999999999986,49.99999999999999,49.99999999999998,nan,nan,nan,nan,nan,nan,nan,49.99999999999999
114120.0,49.99999999999999,49.99999999999999,49.99999999999996,49.999999999999986,50.0,49.99999999999998,49.99999999999999,49.99999999999998,49.99999999999998,49.99999999999999,49.999999999999986,49.99999999999999,49.99999999999998,nan,nan,nan,nan,nan,nan,nan,49.99999999999999
114180.0,49.99999999999999,49.99999999999999,49.99999999999996,49.999999999999986,50.0,49.99999999999998,49.99999999999999,49.99999999999998,49.99999999999998,49.99999999999999,49.999999999999986,49.99999999999999,49.99999999999998,nan,nan,nan,nan,nan,nan,nan,49.99999999999999
114240.0,49.99999999999999,49.99999999999999,49.99999999999996,49.999999999999986,50.0,49.99999999999998,49.99999999999999,49.99999999999998,49.99999999999998,49.99999999999999,49.999999999999986,49.99999999999999,49.99999999999998,nan,nan,nan,nan,nan,nan,nan,49.99999999999999
114300.0,49.99999999999999,49.99999999999999,49.99999999999996,49.999999999999986,50.0,49.99999999999998,49.99999999999999,49.99999999999998,49.99999999999998,49.99999999999999,49.999999999999986,49.99999999999999,49.99999999999998,nan,nan,nan,nan,nan,nan,nan,49.99999999999999
114360.0,49.99999999999999,49.99999999999999,49.99999999999996,49.999999999999986,50.0,49.99999999999998,49.99999999999999,49.99999999999998,49.99999999999998,49.99999999999999,49.999999999999986,49.99999999999999,49.99999999999998,nan,nan,nan,nan,nan,nan,nan,49.99999999999999
114420.0,49.99999999999999,49.99999999999999,49.99999999999996,49.999999999999986,50.0,49.99999999999998,49.99999999999999,49.99999999999998,49.99999999999998,49.99999999999999,49.999999999999986,49.99999999999999,49.99999999999998,nan,nan,nan,nan,nan,nan,nan,49.99999999999999
114480.0,49.99999999999999,49.99999999999999,49.99999999999996,49.999999999999986,50.0,49.99999999999998,49.99999999999999,49.99999999999998,49.99999999999998,49.99999999999999,49.999999999999986,49.99999999999999,49.99999999999998,nan,nan,nan,nan,nan,nan,nan,49.99999999999999
114540.0,49.99999999999999,49.99999999999999,49.99999999999996,49.999999999999986,50.0,49.99999999999998,49.99999999999999,49.99999999999998,49.99999999999998,49.99999999999999,49.999999999999986,49.99999999999999,49.99999999999998,nan,nan,nan,nan,nan,nan,nan,49.99999999999999
114600.0,49.99999999999999,49.99999999999999,49.99999999999996,49.999999999999986,50.0,49.99999999999998,49.99999999999999,49.99999999999998,49.99999999999998,49.99999999999999,49.999999999999986,49.99999999999999,49.99999999999998,nan,nan,nan,nan,nan,nan,nan,49.99999999999999
114660.0,49.99999999999999,49.99999999999999,49.99999999999996,49.999999999999986,50.0,49.99999999999998,49.99999999999999,49.99999999999998,49.99999999999998,49.99999999999999,49.999999999999986,49.99999999999999,49.99999999999998,nan,nan,nan,nan,nan,nan,nan,49.99999999999999
114720.0,49.99999999999999,49.99999999999999,49.99999999999996,49.999999999999986,50.0,49.99999999999998,49.99999999999999,49.99999999999998,49.99999999999998,49.99999999999999,49.999999999999986,49.99999999999999,49.99999999999998,nan,nan,nan,nan,nan,nan,nan,49.99999999999999
114780.0,49.99999999999999,49.99999999999999,49.99999999999996,49.999999999999986,50.0,49.99999999999998,49.99999999999999,49.99999999999998,49.99999999999998,49.99999999999999,49.999999999999986,49.99999999999999,49.99999999999998,nan,nan,nan,nan,nan,nan,nan,49.99999999999999
114840.0,49.99999999999999,49.99999999999999,49.99999999999996,49.999999999999986,50.0,49.99999999999998,49.99999999999999,49.99999999999998,49.99999999999998,49.99999999999999,49.999999999999986,49.99999999999999,49.99999999999998,nan,nan,nan,nan,nan,nan,nan,49.99999999999999
114900.0,49.99999999999999,49.99999999999999,49.99999999999996,49.999999999999986,50.0,49.99999999999998,49.99999999999999,49.99999999999998,49.99999999999998,49.99999999999999,49.999999999999986,49.99999999999999,49.99999999999998,nan,nan,nan,nan,nan,nan,nan,49.99999999999999
114960.0,49.99999999999999,49.99999999999999,49.99999999999996,49.999999999999986,50.0,49.99999999999998,49.99999999999999,49.99999999999998,49.99999999999998,49.99999999999999,49.999999999999986,49.99999999999999,49.99999999999998,nan,nan,nan,nan,nan,nan,nan,49.99999999999999
115020.0,49.99999999999999,49.99999999999999,49.99999999999996,49.999999999999986,50.0,49.99999999999998,49.99999999999999,49.99999999999998,49.99999999999998,49.99999999999999,49.999999999999986,49.99999999999999,49.99999999999998,nan,nan,nan,nan,nan,nan,nan,49.99999999999999
115080.0,49.99999999999999,49.99999999999999,49.99999999999996,49.999999999999986,50.0,49.99999999999998,49.99999999999999,49.99999999999998,49.99999999999998,49.99999999999999,49.999999999999986,49.99999999999999,49.99999999999998,nan,nan,nan,nan,nan,nan,nan,49.99999999999999
115140.0,49.99999999999999,49.99999999999999,49.99999999999996,49.999999999999986,50.0,49.99999999999998,49.99999999999999,49.99999999999998,49.99999999999998,49.99999999999999,49.999999999999986,49.99999999999999,49.99999999999998,nan,nan,nan,nan,nan,nan,nan,49.99999999999999
115200.0,49.99999999999999,49.99999999999999,49.99999999999996,49.999999999999986,50.0,49.99999999999998,49.99999999999999,49.99999999999998,49.99999999999998,49.99999999999999,49.999999999999986,49.99999999999999,49.99999999999998,nan,nan,nan,nan,nan,nan,nan,49.99999999999999
115260.0,49.99999999999999,49.99999999999999,49.99999999999996,49.999999999999986,50.0,49.99999999999998,49.99999999999999,49.99999999999998,49.99999999999998,49.99999999999999,49.999999999999986,49.99999999999999,49.99999999999998,nan,nan,nan,nan,nan,nan,nan,49.99999999999999
115320.0,49.99999999999999,49.99999999999999,49.99999999999996,49.999999999999986,50.0,49.99999999999998,49.99999999999999,49.99999999999998,49.99999999999998,49.99999999999999,49.999999999999986,49.99999999999999,49.99999999999998,nan,nan,nan,nan,nan,nan,nan,49.99999999999999
115380.0,49.99999999999999,49.99999999999999,49.99999999999996,49.999999999999986,50.0,49.99999999999998,49.99999999999999,49.99999999999998,49.99999999999998,49.99999999999999,49.999999999999986,49.99999999999999,49.99999999999998,nan,nan,nan,nan,nan,nan,nan,49.99999999999999
115440.0,49.99999999999999,49.99999999999999,49.99999999999996,49.999999999999986,50.0,49.99999999999998,49.99999999999999,49.99999999999998,49.99999999999998,49.99999999999999,49.999999999999986,49.99999999999999,49.99999999999998,nan,nan,nan,nan,nan,nan,nan,49.99999999999999
115500.0,49.99999999999999,49.99999999999999,49.99999999999996,49.999999999999986,50.0,49.99999999999998,49.99999999999999,49.99999999999998,49.99999999999998,49.99999999999999,49.999999999999986,49.99999999999999,49.99999999999998,nan,nan,nan,nan,nan,nan,nan,49.99999999999999
115560.0,49.99999999999999,49.99999999999999,49.99999999999996,49.999999999999986,50.0,49.99999999999998,49.99999999999999,49.99999999999998,49.99999999999998,49.99999999999999,49.999999999999986,49.99999999999999,49.99999999999998,nan,nan,nan,nan,nan,nan,nan,49.99999999999999
115620.0,49.99999999999999,49.99999999999999,49.99999999999996,49.999999999999986,50.0,49.99999999999998,49.99999999999999,49.99999999999998,49.99999999999998,49.99999999999999,49.999999999999986,49.99999999999999,49.99999999999998,nan,nan,nan,nan,nan,nan,nan,49.99999999999999
115680.0,49.99999999999999,49.99999999999999,49.99999999999996,49.999999999999986,50.0,49.99999999999998,49.99999999999999,49.99999999999998,49.99999999999998,49.99999999999999,49.999999999999986,49.99999999999999,49.99999999999998,nan,nan,nan,nan,nan,nan,nan,49.99999999999999
115740.0,49.99999999999999,49.99999999999999,49.99999999999996,49.999999999999986,50.0,49.99999999999998,49.99999999999999,49.99999999999998,49.99999999999998,49.99999999999999,49.999999999999986,49.99999999999999,49.99999999999998,nan,nan,nan,nan,nan,nan,nan,49.99999999999999
115800.0,49.99999999999999,49.99999999999999,49.99999999999996,49.999999999999986,50.0,49.99999999999998,49.99999999999999,49.99999999999998,49.99999999999998,49.99999999999999,49.999999999999986,49.99999999999999,49.99999999999998,nan,nan,nan,nan,nan,nan,nan,49.99999999999999
115860.0,49.99999999999999,49.99999999999999,49.99999999999996,49.999999999999986,50.0,49.99999999999998,49.99999999999999,49.99999999999998,49.99999999999998,49.99999999999999,49.999999999999986,49.99999999999999,49.99999999999998,nan,nan,nan,nan,nan,nan,nan,49.99999999999999
115920.0,49.99999999999999,49.99999999999999,49.99999999999996,49.999999999999986,50.0,49.99999999999998,49.99999999999999,49.99999999999998,49.99999999999998,49.99999999999999,49.999999999999986,49.99999999999999,49.99999999999998,nan,nan,nan,nan,nan,nan,nan,49.99999999999999
115980.0,49.99999999999999,49.99999999999999,49.99999999999996,49.999999999999986,50.0,49.99999999999998,49.99999999999999,49.99999999999998,49.99999999999998,49.99999999999999,49.999999999999986,49.99999999999999,49.99999999999998,nan,nan,nan,nan,nan,nan,nan,49.99999999999999
116040.0,49.99999999999999,49.99999999999999,49.99999999999996,49.999999999999986,50.0,49.99999999999998,49.99999999999999,49.99999999999998,49.99999999999998,49.99999999999999,49.999999999999986,49.99999999999999,49.99999999999998,nan,nan,nan,nan,nan,nan,nan,49.99999999999999
116100.0,49.99999999999999,49.99999999999999,49.99999999999996,49.999999999999986,50.0,49.99999999999998,49.99999999999999,49.99999999999998,49.99999999999998,49.99999999999999,49.999999999999986,49.99999999999999,49.99999999999998,nan,nan,nan,nan,nan,nan,nan,49.99999999999999
116160.0,49.99999999999999,49.99999999999999,49.99999999999996,49.999999999999986,50.0,49.99999999999998,49.99999999999999,49.99999999999998,49.99999999999998,49.99999999999999,49.999999999999986,49.99999999999999,49.99999999999998,nan,nan,nan,nan,nan,nan,nan,49.99999999999999
116220.0,49.99999999999999,49.99999999999999,49.99999999999996,49.999999999999986,50.0,49.99999999999998,49.99999999999999,49.99999999999998,49.99999999999998,49.99999999999999,49.999999999999986,49.99999999999999,49.99999999999998,nan,nan,nan,nan,nan,nan,nan,49.99999999999999
116280.0,49.99999999999999,49.99999999999999,49.99999999999996,49.999999999999986,50.0,49.99999999999998,49.99999999999999,49.99999999999998,49.99999999999998,49.99999999999999,49.999999999999986,49.99999999999999,49.99999999999998,nan,nan,nan,nan,nan,nan,nan,49.99999999999999
116340.0,49.99999999999999,49.99999999999999,49.99999999999996,49.999999999999986,50.0,49.99999999999998,49.99999999999999,49.99999999999998,49.99999999999998,49.99999999999999,49.999999999999986,49.99999999999999,49.99999999999998,nan,nan,nan,nan,nan,nan,nan,49.99999999999999
116400.0,49.99999999999999,49.99999999999999,49.99999999999996,49.999999999999986,50.0,49.99999999999998,49.99999999999999,49.99999999999998,49.99999999999998,49.99999999999999,49.999999999999986,49.99999999999999,49.99999999999998,nan,nan,nan,nan,nan,nan,nan,49.99999999999999
116460.0,49.99999999999999,49.99999999999999,49.99999999999996,49.999999999999986,50.0,49.99999999999998,49.99999999999999,49.99999999999998,49.99999999999998,49.99999999999999,49.999999999999986,49.99999999999999,49.99999999999998,nan,nan,nan,nan,nan,nan,nan,49.99999999999999
116520.0,49.99999999999999,49.99999999999999,49.99999999999996,49.999999999999986,50.0,49.99999999999998,49.99999999999999,49.99999999999998,49.99999999999998,49.99999999999999,49.999999999999986,49.99999999999999,49.99999999999998,nan,nan,nan,nan,nan,nan,nan,49.99999999999999
116580.0,49.99999999999999,49.99999999999999,49.99999999999996,49.999999999999986,50.0,49.99999999999998,49.99999999999999,49.99999999999998,49.99999999999998,49.99999999999999,49.999999999999986,49.99999999999999,49.99999999999998,nan,nan,nan,nan,nan,nan,nan,49.99999999999999
116640.0,49.99999999999999,49.99999999999999,49.99999999999996,49.999999999999986,50.0,49.99999999999998,49.99999999999999,49.99999999999998,49.99999999999998,49.99999999999999,49.999999999999986,49.99999999999999,49.99999999999998,nan,nan,nan,nan,nan,nan,nan,49.99999999999999
116700.0,49.99999999999999,49.99999999999999,49.99999999999996,49.999999999999986,50.0,49.99999999999998,49.99999999999999,49.99999999999998,49.99999999999998,49.99999999999999,49.999999999999986,49.99999999999999,49.99999999999998,nan,nan,nan,nan,nan,nan,nan,49.99999999999999
116760.0,49.99999999999999,49.99999999999999,49.99999999999996,49.999999999999986,50.0,49.99999999999998,49.99999999999999,49.99999999999998,49.99999999999998,49.99999999999999,49.999999999999986,49.99999999999999,49.99999999999998,nan,nan,nan,nan,nan,nan,nan,49.99999999999999
116820.0,49.99999999999999,49.99999999999999,49.99999999999996,49.999999999999986,50.0,49.99999999999998,49.99999999999999,49.99999999999998,49.99999999999998,49.99999999999999,49.999999999999986,49.99999999999999,49.99999999999998,nan,nan,nan,nan,nan,nan,nan,49.99999999999999
116880.0,49.99999999999999,49.99999999999999,49.99999999999996,49.999999999999986,50.0,49.99999999999998,49.99999999999999,49.99999999999998,49.99999999999998,49.99999999999999,49.999999999999986,49.99999999999999,49.99999999999998,nan,nan,nan,nan,nan,nan,nan,49.99999999999999
116940.0,49.99999999999999,49.99999999999999,49.99999999999996,49.999999999999986,50.0,49.99999999999998,49.99999999999999,49.99999999999998,49.99999999999998,49.99999999999999,49.999999999999986,49.99999999999999,49.99999999999998,nan,nan,nan,nan,nan,nan,nan,49.99999999999999
117000.0,49.99999999999999,49.99999999999999,49.99999999999996,49.999999999999986,50.0,49.99999999999998,49.99999999999999,49.99999999999998,49.99999999999998,49.99999999999999,49.999999999999986,49.99999999999999,49.99999999999998,nan,nan,nan,nan,nan,nan,nan,49.99999999999999
117060.0,49.99999999999999,49.99999999999999,49.99999999999996,49.999999999999986,50.0,49.99999999999998,49.99999999999999,49.99999999999998,49.99999999999998,49.99999999999999,49.999999999999986,49.99999999999999,49.99999999999998,nan,nan,nan,nan,nan,nan,nan,49.99999999999999
117120.0,49.99999999999999,49.99999999999999,49.99999999999996,49.999999999999986,50.0,49.99999999999998,49.99999999999999,49.99999999999998,49.99999999999998,49.99999999999999,49.999999999999986,49.99999999999999,49.99999999999998,nan,nan,nan,nan,nan,nan,nan,49.99999999999999
117180.0,49.99999999999999,49.99999999999999,49.99999999999996,49.999999999999986,50.0,49.99999999999998,49.99999999999999,49.99999999999998,49.99999999999998,49.99999999999999,49.999999999999986,49.99999999999999,49.99999999999998,nan,nan,nan,nan,nan,nan,nan,49.99999999999999
117240.0,49.99999999999999,49.99999999999999,49.99999999999996,49.999999999999986,50.0,49.99999999999998,49.99999999999999,49.99999999999998,49.99999999999998,49.99999999999999,49.999999999999986,49.99999999999999,49.99999999999998,nan,nan,nan,nan,nan,nan,nan,49.99999999999999
117300.0,49.99999999999999,49.99999999999999,49.99999999999996,49.999999999999986,50.0,49.99999999999998,49.99999999999999,49.99999999999998,49.99999999999998,49.99999999999999,49.999999999999986,49.99999999999999,49.99999999999998,nan,nan,nan,nan,nan,nan,nan,49.99999999999999
117360.0,49.99999999999999,49.99999999999999,49.99999999999996,49.999999999999986,50.0,49.99999999999998,49.99999999999999,49.99999999999998,49.99999999999998,49.99999999999999,49.999999999999986,49.99999999999999,49.99999999999998,nan,nan,nan,nan,nan,nan,nan,49.99999999999999
117420.0,49.99999999999999,49.99999999999999,49.99999999999996,49.999999999999986,50.0,49.99999999999998,49.99999999999999,49.99999999999998,49.99999999999998,49.99999999999999,49.999999999999986,49.99999999999999,49.99999999999998,nan,nan,nan,nan,nan,nan,nan,49.99999999999999
117480.0,49.99999999999999,49.99999999999999,49.99999999999996,49.999999999999986,50.0,49.99999999999998,49.99999999999999,49.99999999999998,49.99999999999998,49.99999999999999,49.999999999999986,49.99999999999999,49.99999999999998,nan,nan,nan,nan,nan,nan,nan,49.99999999999999
117540.0,49.99999999999999,49.99999999999999,49.99999999999996,49.999999999999986,50.0,49.99999999999998,49.99999999999999,49.99999999999998,49.99999999999998,49.99999999999999,49.999999999999986,49.99999999999999,49.99999999999998,nan,nan,nan,nan,nan,nan,nan,49.99999999999999
117600.0,49.99999999999999,49.99999999999999,49.99999999999996,49.999999999999986,50.0,49.99999999999998,49.99999999999999,49.99999999999998,49.99999999999998,49.99999999999999,49.999999999999986,49.99999999999999,49.99999999999998,nan,nan,nan,nan,nan,nan,nan,49.99999999999999
117660.0,49.99999999999999,49.99999999999999,49.99999999999996,49.999999999999986,50.0,49.99999999999998,49.99999999999999,49.99999999999998,49.99999999999998,49.99999999999999,49.999999999999986,49.99999999999999,49.99999999999998,nan,nan,nan,nan,nan,nan,nan,49.99999999999999
117720.0,49.99999999999999,49.99999999999999,49.99999999999996,49.999999999999986,50.0,49.99999999999998,49.99999999999999,49.99999999999998,49.99999999999998,49.99999999999999,49.999999999999986,49.99999999999999,49.99999999999998,nan,nan,nan,nan,nan,nan,nan,49.99999999999999
117780.0,49.99999999999999,49.99999999999999,49.99999999999996,49.999999999999986,50.0,49.99999999999998,49.99999999999999,49.99999999999998,49.99999999999998,49.99999999999999,49.999999999999986,49.99999999999999,49.99999999999998,nan,nan,nan,nan,nan,nan,nan,49.99999999999999
117840.0,49.99999999999999,49.99999999999999,49.99999999999996,49.999999999999986,50.0,49.99999999999998,49.99999999999999,49.99999999999998,49.99999999999998,49.99999999999999,49.999999999999986,49.99999999999999,49.99999999999998,nan,nan,nan,nan,nan,nan,nan,49.99999999999999
117900.0,49.99999999999999,49.99999999999999,49.99999999999996,49.999999999999986,50.0,49.99999999999998,49.99999999999999,49.99999999999998,49.99999999999998,49.99999999999999,49.999999999999986,49.99999999999999,49.99999999999998,nan,nan,nan,nan,nan,nan,nan,49.99999999999999
117960.0,49.99999999999999,49.99999999999999,49.99999999999996,49.999999999999986,50.0,49.99999999999998,49.99999999999999,49.99999999999998,49.99999999999998,49.99999999999999,49.999999999999986,49.99999999999999,49.99999999999998,nan,nan,nan,nan,nan,nan,nan,49.99999999999999
118020.0,49.99999999999999,49.99999999999999,49.99999999999996,49.999999999999986,50.0,49.99999999999998,49.99999999999999,49.99999999999998,49.99999999999998,49.99999999999999,49.999999999999986,49.99999999999999,49.99999999999998,nan,nan,nan,nan,nan,nan,nan,49.99999999999999
118080.0,49.99999999999999,49.99999999999999,49.99999999999996,49.999999999999986,50.0,49.99999999999998,49.99999999999999,49.99999999999998,49.99999999999998,49.99999999999999,49.999999999999986,49.99999999999999,49.99999999999998,nan,nan,nan,nan,nan,nan,nan,49.99999999999999
118140.0,49.99999999999999,49.99999999999999,49.99999999999996,49.999999999999986,50.0,49.99999999999998,49.99999999999999,49.99999999999998,49.99999999999998,49.99999999999999,49.999999999999986,49.99999999999999,49.99999999999998,nan,nan,nan,nan,nan,nan,nan,49.99999999999999
118200.0,49.99999999999999,49.99999999999999,49.99999999999996,49.999999999999986,50.0,49.99999999999998,49.99999999999999,49.99999999999998,49.99999999999998,49.99999999999999,49.999999999999986,49.99999999999999,49.99999999999998,nan,nan,nan,nan,nan,nan,nan,49.99999999999999
118260.0,49.99999999999999,49.99999999999999,49.99999999999996,49.999999999999986,50.0,49.99999999999998,49.99999999999999,49.99999999999998,49.99999999999998,49.99999999999999,49.999999999999986,49.99999999999999,49.99999999999998,nan,nan,nan,nan,nan,nan,nan,49.99999999999999
118320.0,49.99999999999999,49.99999999999999,49.99999999999996,49.999999999999986,50.0,49.99999999999998,49.99999999999999,49.99999999999998,49.99999999999998,49.99999999999999,49.999999999999986,49.99999999999999,49.99999999999998,nan,nan,nan,nan,nan,nan,nan,49.99999999999999
118380.0,49.99999999999999,49.99999999999999,49.99999999999996,49.999999999999986,50.0,49.99999999999998,49.99999999999999,49.99999999999998,49.99999999999998,49.99999999999999,49.999999999999986,49.99999999999999,49.99999999999998,nan,nan,nan,nan,nan,nan,nan,49.99999999999999
118440.0,49.99999999999999,49.99999999999999,49.99999999999996,49.999999999999986,50.0,49.99999999999998,49.99999999999999,49.99999999999998,49.99999999999998,49.99999999999999,49.999999999999986,49.99999999999999,49.99999999999998,nan,nan,nan,nan,nan,nan,nan,49.99999999999999
118500.0,49.99999999999999,49.99999999999999,49.99999999999996,49.999999999999986,50.0,49.99999999999998,49.99999999999999,49.99999999999998,49.99999999999998,49.99999999999999,49.999999999999986,49.99999999999999,49.99999999999998,nan,nan,nan,nan,nan,nan,nan,49.99999999999999
118560.0,49.99999999999999,49.99999999999999,49.99999999999996,49.999999999999986,50.0,49.99999999999998,49.99999999999999,49.99999999999998,49.99999999999998,49.99999999999999,49.999999999999986,49.99999999999999,49.99999999999998,nan,nan,nan,nan,nan,nan,nan,49.99999999999999
118620.0,49.99999999999999,49.99999999999999,49.99999999999996,49.999999999999986,50.0,49.99999999999998,49.99999999999999,49.99999999999998,49.99999999999998,49.99999999999999,49.999999999999986,49.99999999999999,49.99999999999998,nan,nan,nan,nan,nan,nan,nan,49.99999999999999
118680.0,49.99999999999999,49.99999999999999,49.99999999999996,49.999999999999986,50.0,49.99999999999998,49.99999999999999,49.99999999999998,49.99999999999998,49.99999999999999,49.999999999999986,49.99999999999999,49.99999999999998,nan,nan,nan,nan,nan,nan,nan,49.99999999999999
118740.0,49.99999999999999,49.99999999999999,49.99999999999996,49.999999999999986,50.0,49.99999999999998,49.99999999999999,49.99999999999998,49.99999999999998,49.99999999999999,49.999999999999986,49.99999999999999,49.99999999999998,nan,nan,nan,nan,nan,nan,nan,49.99999999999999
118800.0,49.99999999999999,49.99999999999999,49.99999999999996,49.999999999999986,50.0,49.99999999999998,49.99999999999999,49.99999999999998,49.99999999999998,49.99999999999999,49.999999999999986,49.99999999999999,49.99999999999998,nan,nan,nan,nan,nan,nan,nan,49.99999999999999
118860.0,49.99999999999999,49.99999999999999,49.99999999999996,49.999999999999986,50.0,49.99999999999998,49.99999999999999,49.99999999999998,49.99999999999998,49.99999999999999,49.999999999999986,49.99999999999999,49.99999999999998,nan,nan,nan,nan,nan,nan,nan,49.99999999999999
118920.0,49.99999999999999,49.99999999999999,49.99999999999996,49.999999999999986,50.0,49.99999999999998,49.99999999999999,49.99999999999998,49.99999999999998,49.99999999999999,49.999999999999986,49.99999999999999,49.99999999999998,nan,nan,nan,nan,nan,nan,nan,49.99999999999999
118980.0,49.99999999999999,49.99999999999999,49.99999999999996,49.999999999999986,50.0,49.99999999999998,49.99999999999999,49.99999999999998,49.99999999999998,49.99999999999999,49.999999999999986,49.99999999999999,49.99999999999998,nan,nan,nan,nan,nan,nan,nan,49.99999999999999
119040.0,49.99999999999999,49.99999999999999,49.99999999999996,49.999999999999986,50.0,49.99999999999998,49.99999999999999,49.99999999999998,49.99999999999998,49.99999999999999,49.999999999999986,49.99999999999999,49.99999999999998,nan,nan,nan,nan,nan,nan,nan,49.99999999999999
119100.0,49.99999999999999,49.99999999999999,49.99999999999996,49.999999999999986,50.0,49.99999999999998,49.99999999999999,49.99999999999998,49.99999999999998,49.99999999999999,49.999999999999986,49.99999999999999,49.99999999999998,nan,nan,nan,nan,nan,nan,nan,49.99999999999999
119160.0,49.99999999999999,49.99999999999999,49.99999999999996,49.999999999999986,50.0,49.99999999999998,49.99999999999999,49.99999999999998,49.99999999999998,49.99999999999999,49.999999999999986,49.99999999999999,49.99999999999998,nan,nan,nan,nan,nan,nan,nan,49.99999999999999
119220.0,49.99999999999999,49.99999999999999,49.99999999999996,49.999999999999986,50.0,49.99999999999998,49.99999999999999,49.99999999999998,49.99999999999998,49.99999999999999,49.999999999999986,49.99999999999999,49.99999999999998,nan,nan,nan,nan,nan,nan,nan,49.99999999999999
119280.0,49.99999999999999,49.99999999999999,49.99999999999996,49.999999999999986,50.0,49.99999999999998,49.99999999999999,49.99999999999998,49.99999999999998,49.99999999999999,49.999999999999986,49.99999999999999,49.99999999999998,nan,nan,nan,nan,nan,nan,nan,49.99999999999999
119340.0,49.99999999999999,49.99999999999999,49.99999999999996,49.999999999999986,50.0,49.99999999999998,49.99999999999999,49.99999999999998,49.99999999999998,49.99999999999999,49.999999999999986,49.99999999999999,49.99999999999998,nan,nan,nan,nan,nan,nan,nan,49.99999999999999
119400.0,49.99999999999999,49.99999999999999,49.99999999999996,49.999999999999986,50.0,49.99999999999998,49.99999999999999,49.99999999999998,49.99999999999998,49.99999999999999,49.999999999999986,49.99999999999999,49.99999999999998,nan,nan,nan,nan,nan,nan,nan,49.99999999999999
119460.0,49.99999999999999,49.99999999999999,49.99999999999996,49.999999999999986,50.0,49.99999999999998,49.99999999999999,49.99999999999998,49.99999999999998,49.99999999999999,49.999999999999986,49.99999999999999,49.99999999999998,nan,nan,nan,nan,nan,nan,nan,49.99999999999999
119520.0,49.99999999999999,49.99999999999999,49.99999999999996,49.999999999999986,50.0,49.99999999999998,49.99999999999999,49.99999999999998,49.99999999999998,49.99999999999999,49.999999999999986,49.99999999999999,49.99999999999998,nan,nan,nan,nan,nan,nan,nan,49.99999999999999
119580.0,49.99999999999999,49.99999999999999,49.99999999999996,49.999999999999986,50.0,49.99999999999998,49.99999999999999,49.99999999999998,49.99999999999998,49.99999999999999,49.999999999999986,49.99999999999999,49.99999999999998,nan,nan,nan,nan,nan,nan,nan,49.99999999999999
119640.0,49.99999999999999,49.99999999999999,49.99999999999996,49.999999999999986,50.0,49.99999999999998,49.99999999999999,49.99999999999998,49.99999999999998,49.99999999999999,49.999999999999986,49.99999999999999,49.99999999999998,nan,nan,nan,nan,nan,nan,nan,49.99999999999999
119700.0,49.99999999999999,49.99999999999999,49.99999999999996,49.999999999999986,50.0,49.99999999999998,49.99999999999999,49.99999999999998,49.99999999999998,49.99999999999999,49.999999999999986,49.99999999999999,49.99999999999998,nan,nan,nan,nan,nan,nan,nan,49.99999999999999
119760.0,49.99999999999999,49.99999999999999,49.99999999999996,49.999999999999986,50.0,49.99999999999998,49.99999999999999,49.99999999999998,49.99999999999998,49.99999999999999,49.999999999999986,49.99999999999999,49.99999999999998,nan,nan,nan,nan,nan,nan,nan,49.99999999999999
119820.0,49.99999999999999,49.99999999999999,49.99999999999996,49.999999999999986,50.0,49.99999999999998,49.99999999999999,49.99999999999998,49.99999999999998,49.99999999999999,49.999999999999986,49.99999999999999,49.99999999999998,nan,nan,nan,nan,nan,nan,nan,49.99999999999999
119880.0,49.99999999999999,49.99999999999999,49.99999999999996,49.999999999999986,50.0,49.99999999999998,49.99999999999999,49.99999999999998,49.99999999999998,49.99999999999999,49.999999999999986,49.99999999999999,49.99999999999998,nan,nan,nan,nan,nan,nan,nan,49.99999999999999
119940.0,49.99999999999999,49.99999999999999,49.99999999999996,49.999999999999986,50.0,49.99999999999998,49.99999999999999,49.99999999999998,49.99999999999998,49.99999999999999,49.999999999999986,49.99999999999999,49.99999999999998,nan,nan,nan,nan,nan,nan,nan,49.99999999999999
120000.0,49.99999999999999,49.99999999999999,49.99999999999996,49.999999999999986,50.0,49.99999999999998,49.99999999999999,49.99999999999998,49.99999999999998,49.99999999999999,49.999999999999986,49.99999999999999,49.99999999999998,nan,nan,nan,nan,nan,nan,nan,49.99999999999999
120060.0,49.99999999999999,49.99999999999999,49.99999999999996,49.999999999999986,50.0,49.99999999999998,49.99999999999999,49.99999999999998,49.99999999999998,49.99999999999999,49.999999999999986,49.99999999999999,49.99999999999998,nan,nan,nan,nan,nan,nan,nan,49.99999999999999
120120.0,49.99999999999999,49.99999999999999,49.99999999999996,49.999999999999986,50.0,49.99999999999998,49.99999999999999,49.99999999999998,49.99999999999998,49.99999999999999,49.999999999999986,49.99999999999999,49.99999999999998,nan,nan,nan,nan,nan,nan,nan,49.99999999999999
120180.0,49.99999999999999,49.99999999999999,49.99999999999996,49.999999999999986,50.0,49.99999999999998,49.99999999999999,49.99999999999998,49.99999999999998,49.99999999999999,49.999999999999986,49.99999999999999,49.99999999999998,nan,nan,nan,nan,nan,nan,nan,49.99999999999999
120240.0,49.99999999999999,49.99999999999999,49.99999999999996,49.999999999999986,50.0,49.99999999999998,49.99999999999999,49.99999999999998,49.99999999999998,49.99999999999999,49.999999999999986,49.99999999999999,49.99999999999998,nan,nan,nan,nan,nan,nan,nan,49.99999999999999
120300.0,49.99999999999999,49.99999999999999,49.99999999999996,49.999999999999986,50.0,49.99999999999998,49.99999999999999,49.99999999999998,49.99999999999998,49.99999999999999,49.999999999999986,49.99999999999999,49.99999999999998,nan,nan,nan,nan,nan,nan,nan,49.99999999999999
120360.0,49.99999999999999,49.99999999999999,49.99999999999996,49.999999999999986,50.0,49.99999999999998,49.99999999999999,49.99999999999998,49.99999999999998,49.99999999999999,49.999999999999986,49.99999999999999,49.99999999999998,nan,nan,nan,nan,nan,nan,nan,49.99999999999999
120420.0,49.99999999999999,49.99999999999999,49.99999999999996,49.999999999999986,50.0,49.99999999999998,49.99999999999999,49.99999999999998,49.99999999999998,49.99999999999999,49.999999999999986,49.99999999999999,49.99999999999998,nan,nan,nan,nan,nan,nan,nan,49.99999999999999
120480.0,49.99999999999999,49.99999999999999,49.99999999999996,49.999999999999986,50.0,49.99999999999998,49.99999999999999,49.99999999999998,49.99999999999998,49.99999999999999,49.999999999999986,49.99999999999999,49.99999999999998,nan,nan,nan,nan,nan,nan,nan,49.99999999999999
120540.0,49.99999999999999,49.99999999999999,49.99999999999996,49.999999999999986,50.0,49.99999999999998,49.99999999999999,49.99999999999998,49.99999999999998,49.99999999999999,49.999999999999986,49.99999999999999,49.99999999999998,nan,nan,nan,nan,nan,nan,nan,49.99999999999999
120600.0,49.99999999999999,49.99999999999999,49.99999999999996,49.999999999999986,50.0,49.99999999999998,49.99999999999999,49.99999999999998,49.99999999999998,49.99999999999999,49.999999999999986,49.99999999999999,49.99999999999998,nan,nan,nan,nan,nan,nan,nan,49.99999999999999
120660.0,49.99999999999999,49.99999999999999,49.99999999999996,49.999999999999986,50.0,49.99999999999998,49.99999999999999,49.99999999999998,49.99999999999998,49.99999999999999,49.999999999999986,49.99999999999999,49.99999999999998,nan,nan,nan,nan,nan,nan,nan,49.99999999999999
120720.0,49.99999999999999,49.99999999999999,49.99999999999996,49.999999999999986,50.0,49.99999999999998,49.99999999999999,49.99999999999998,49.99999999999998,49.99999999999999,49.999999999999986,49.99999999999999,49.99999999999998,nan,nan,nan,nan,nan,nan,nan,49.99999999999999
120780.0,49.99999999999999,49.99999999999999,49.99999999999996,49.999999999999986,50.0,49.99999999999998,49.99999999999999,49.99999999999998,49.99999999999998,49.99999999999999,49.999999999999986,49.99999999999999,49.99999999999998,nan,nan,nan,nan,nan,nan,nan,49.99999999999999
120840.0,49.99999999999999,49.99999999999999,49.99999999999996,49.999999999999986,50.0,49.99999999999998,49.99999999999999,49.99999999999998,49.99999999999998,49.99999999999999,49.999999999999986,49.99999999999999,49.99999999999998,nan,nan,nan,nan,nan,nan,nan,49.99999999999999
120900.0,49.99999999999999,49.99999999999999,49.99999999999996,49.999999999999986,50.0,49.99999999999998,49.99999999999999,49.99999999999998,49.99999999999998,49.99999999999999,49.999999999999986,49.99999999999999,49.99999999999998,nan,nan,nan,nan,nan,nan,nan,49.99999999999999
120960.0,49.99999999999999,49.99999999999999,49.99999999999996,49.999999999999986,50.0,49.99999999999998,49.99999999999999,49.99999999999998,49.99999999999998,49.99999999999999,49.999999999999986,49.99999999999999,49.99999999999998,nan,nan,nan,nan,nan,nan,nan,49.99999999999999
121020.0,49.99999999999999,49.99999999999999,49.99999999999996,49.999999999999986,50.0,49.99999999999998,49.99999999999999,49.99999999999998,49.99999999999998,49.99999999999999,49.999999999999986,49.99999999999999,49.99999999999998,nan,nan,nan,nan,nan,nan,nan,49.99999999999999
121080.0,49.99999999999999,49.99999999999999,49.99999999999996,49.999999999999986,50.0,49.99999999999998,49.99999999999999,49.99999999999998,49.99999999999998,49.99999999999999,49.999999999999986,49.99999999999999,49.99999999999998,nan,nan,nan,nan,nan,nan,nan,49.99999999999999
121140.0,49.99999999999999,49.99999999999999,49.99999999999996,49.999999999999986,50.0,49.99999999999998,49.99999999999999,49.99999999999998,49.99999999999998,49.99999999999999,49.999999999999986,49.99999999999999,49.99999999999998,nan,nan,nan,nan,nan,nan,nan,49.99999999999999
121200.0,49.99999999999999,49.99999999999999,49.99999999999996,49.999999999999986,50.0,49.99999999999998,49.99999999999999,49.99999999999998,49.99999999999998,49.99999999999999,49.999999999999986,49.99999999999999,49.99999999999998,nan,nan,nan,nan,nan,nan,nan,49.99999999999999
121260.0,49.99999999999999,49.99999999999999,49.99999999999996,49.999999999999986,50.0,49.99999999999998,49.99999999999999,49.99999999999998,49.99999999999998,49.99999999999999,49.999999999999986,49.99999999999999,49.99999999999998,nan,nan,nan,nan,nan,nan,nan,49.99999999999999
121320.0,49.99999999999999,49.99999999999999,49.99999999999996,49.999999999999986,50.0,49.99999999999998,49.99999999999999,49.99999999999998,49.99999999999998,49.99999999999999,49.999999999999986,49.99999999999999,49.99999999999998,nan,nan,nan,nan,nan,nan,nan,49.99999999999999
121380.0,49.99999999999999,49.99999999999999,49.99999999999996,49.999999999999986,50.0,49.99999999999998,49.99999999999999,49.99999999999998,49.99999999999998,49.99999999999999,49.999999999999986,49.99999999999999,49.99999999999998,nan,nan,nan,nan,nan,nan,nan,49.99999999999999
121440.0,49.99999999999999,49.99999999999999,49.99999999999996,49.999999999999986,50.0,49.99999999999998,49.99999999999999,49.99999999999998,49.99999999999998,49.99999999999999,49.999999999999986,49.99999999999999,49.99999999999998,nan,nan,nan,nan,nan,nan,nan,49.99999999999999
121500.0,49.99999999999999,49.99999999999999,49.99999999999996,49.999999999999986,50.0,49.99999999999998,49.99999999999999,49.99999999999998,49.99999999999998,49.99999999999999,49.999999999999986,49.99999999999999,49.99999999999998,nan,nan,nan,nan,nan,nan,nan,49.99999999999999
121560.0,49.99999999999999,49.99999999999999,49.99999999999996,49.999999999999986,50.0,49.99999999999998,49.99999999999999,49.99999999999998,49.99999999999998,49.99999999999999,49.999999999999986,49.99999999999999,49.99999999999998,nan,nan,nan,nan,nan,nan,nan,49.99999999999999
121620.0,49.99999999999999,49.99999999999999,49.99999999999996,49.999999999999986,50.0,49.99999999999998,49.99999999999999,49.99999999999998,49.99999999999998,49.99999999999999,49.999999999999986,49.99999999999999,49.99999999999998,nan,nan,nan,nan,nan,nan,nan,49.99999999999999
121680.0,49.99999999999999,49.99999999999999,49.99999999999996,49.999999999999986,50.0,49.99999999999998,49.99999999999999,49.99999999999998,49.99999999999998,49.99999999999999,49.999999999999986,49.99999999999999,49.99999999999998,nan,nan,nan,nan,nan,nan,nan,49.99999999999999
121740.0,49.99999999999999,49.99999999999999,49.99999999999996,49.999999999999986,50.0,49.99999999999998,49.99999999999999,49.99999999999998,49.99999999999998,49.99999999999999,49.999999999999986,49.99999999999999,49.99999999999998,nan,nan,nan,nan,nan,nan,nan,49.99999999999999
121800.0,49.99999999999999,49.99999999999999,49.99999999999996,49.999999999999986,50.0,49.99999999999998,49.99999999999999,49.99999999999998,49.99999999999998,49.99999999999999,49.999999999999986,49.99999999999999,49.99999999999998,nan,nan,nan,nan,nan,nan,nan,49.99999999999999
121860.0,49.99999999999999,49.99999999999999,49.99999999999996,49.999999999999986,50.0,49.99999999999998,49.99999999999999,49.99999999999998,49.99999999999998,49.99999999999999,49.999999999999986,49.99999999999999,49.99999999999998,nan,nan,nan,nan,nan,nan,nan,49.99999999999999
121920.0,49.99999999999999,49.99999999999999,49.99999999999996,49.999999999999986,50.0,49.99999999999998,49.99999999999999,49.99999999999998,49.99999999999998,49.99999999999999,49.999999999999986,49.99999999999999,49.99999999999998,nan,nan,nan,nan,nan,nan,nan,49.99999999999999
121980.0,49.99999999999999,49.99999999999999,49.99999999999996,49.999999999999986,50.0,49.99999999999998,49.99999999999999,49.99999999999998,49.99999999999998,49.99999999999999,49.999999999999986,49.99999999999999,49.99999999999998,nan,nan,nan,nan,nan,nan,nan,49.99999999999999
122040.0,49.99999999999999,49.99999999999999,49.99999999999996,49.999999999999986,50.0,49.99999999999998,49.99999999999999,49.99999999999998,49.99999999999998,49.99999999999999,49.999999999999986,49.99999999999999,49.99999999999998,nan,nan,nan,nan,nan,nan,nan,49.99999999999999
122100.0,49.99999999999999,49.99999999999999,49.99999999999996,49.999999999999986,50.0,49.99999999999998,49.99999999999999,49.99999999999998,49.99999999999998,49.99999999999999,49.999999999999986,49.99999999999999,49.99999999999998,nan,nan,nan,nan,nan,nan,nan,49.99999999999999
122160.0,49.99999999999999,49.99999999999999,49.99999999999996,49.999999999999986,50.0,49.99999999999998,49.99999999999999,49.99999999999998,49.99999999999998,49.99999999999999,49.999999999999986,49.99999999999999,49.99999999999998,nan,nan,nan,nan,nan,nan,nan,49.99999999999999
122220.0,49.99999999999999,49.99999999999999,49.99999999999996,49.999999999999986,50.0,49.99999999999998,49.99999999999999,49.99999999999998,49.99999999999998,49.99999999999999,49.999999999999986,49.99999999999999,49.99999999999998,nan,nan,nan,nan,nan,nan,nan,49.99999999999999
122280.0,49.99999999999999,49.99999999999999,49.99999999999996,49.999999999999986,50.0,49.99999999999998,49.99999999999999,49.99999999999998,49.99999999999998,49.99999999999999,49.999999999999986,49.99999999999999,49.99999999999998,nan,nan,nan,nan,nan,nan,nan,49.99999999999999
122340.0,49.99999999999999,49.99999999999999,49.99999999999996,49.999999999999986,50.0,49.99999999999998,49.99999999999999,49.99999999999998,49.99999999999998,49.99999999999999,49.999999999999986,49.99999999999999,49.99999999999998,nan,nan,nan,nan,nan,nan,nan,49.99999999999999
122400.0,49.99999999999999,49.99999999999999,49.99999999999996,49.999999999999986,50.0,49.99999999999998,49.99999999999999,49.99999999999998,49.99999999999998,49.99999999999999,49.999999999999986,49.99999999999999,49.99999999999998,nan,nan,nan,nan,nan,nan,nan,49.99999999999999
122460.0,49.99999999999999,49.99999999999999,49.99999999999996,49.999999999999986,50.0,49.99999999999998,49.99999999999999,49.99999999999998,49.99999999999998,49.99999999999999,49.999999999999986,49.99999999999999,49.99999999999998,nan,nan,nan,nan,nan,nan,nan,49.99999999999999
122520.0,49.99999999999999,49.99999999999999,49.99999999999996,49.999999999999986,50.0,49.99999999999998,49.99999999999999,49.99999999999998,49.99999999999998,49.99999999999999,49.999999999999986,49.99999999999999,49.99999999999998,nan,nan,nan,nan,nan,nan,nan,49.99999999999999
122580.0,49.99999999999999,49.99999999999999,49.99999999999996,49.999999999999986,50.0,49.99999999999998,49.99999999999999,49.99999999999998,49.99999999999998,49.99999999999999,49.999999999999986,49.99999999999999,49.99999999999998,nan,nan,nan,nan,nan,nan,nan,49.99999999999999
122640.0,49.99999999999999,49.99999999999999,49.99999999999996,49.999999999999986,50.0,49.99999999999998,49.99999999999999,49.99999999999998,49.99999999999998,49.99999999999999,49.999999999999986,49.99999999999999,49.99999999999998,nan,nan,nan,nan,nan,nan,nan,49.99999999999999
122700.0,49.99999999999999,49.99999999999999,49.99999999999996,49.999999999999986,50.0,49.99999999999998,49.99999999999999,49.99999999999998,49.99999999999998,49.99999999999999,49.999999999999986,49.99999999999999,49.99999999999998,nan,nan,nan,nan,nan,nan,nan,49.99999999999999
122760.0,49.99999999999999,49.99999999999999,49.99999999999996,49.999999999999986,50.0,49.99999999999998,49.99999999999999,49.99999999999998,49.99999999999998,49.99999999999999,49.999999999999986,49.99999999999999,49.99999999999998,nan,nan,nan,nan,nan,nan,nan,49.99999999999999
122820.0,49.99999999999999,49.99999999999999,49.99999999999996,49.999999999999986,50.0,49.99999999999998,49.99999999999999,49.99999999999998,49.99999999999998,49.99999999999999,49.999999999999986,49.99999999999999,49.99999999999998,nan,nan,nan,nan,nan,nan,nan,49.99999999999999
122880.0,49.99999999999999,49.99999999999999,49.99999999999996,49.999999999999986,50.0,49.99999999999998,49.99999999999999,49.99999999999998,49.99999999999998,49.99999999999999,49.999999999999986,49.99999999999999,49.99999999999998,nan,nan,nan,nan,nan,nan,nan,49.99999999999999
122940.0,49.99999999999999,49.99999999999999,49.99999999999996,49.999999999999986,50.0,49.99999999999998,49.99999999999999,49.99999999999998,49.99999999999998,49.99999999999999,49.999999999999986,49.99999999999999,49.99999999999998,nan,nan,nan,nan,nan,nan,nan,49.99999999999999
123000.0,49.99999999999999,49.99999999999999,49.99999999999996,49.999999999999986,50.0,49.99999999999998,49.99999999999999,49.99999999999998,49.99999999999998,49.99999999999999,49.999999999999986,49.99999999999999,49.99999999999998,nan,nan,nan,nan,nan,nan,nan,49.99999999999999
123060.0,49.99999999999999,49.99999999999999,49.99999999999996,49.999999999999986,50.0,49.99999999999998,49.99999999999999,49.99999999999998,49.99999999999998,49.99999999999999,49.999999999999986,49.99999999999999,49.99999999999998,nan,nan,nan,nan,nan,nan,nan,49.99999999999999
123120.0,49.99999999999999,49.99999999999999,49.99999999999996,49.999999999999986,50.0,49.99999999999998,49.99999999999999,49.99999999999998,49.99999999999998,49.99999999999999,49.999999999999986,49.99999999999999,49.99999999999998,nan,nan,nan,nan,nan,nan,nan,49.99999999999999
123180.0,49.99999999999999,49.99999999999999,49.99999999999996,49.999999999999986,50.0,49.99999999999998,49.99999999999999,49.99999999999998,49.99999999999998,49.99999999999999,49.999999999999986,49.99999999999999,49.99999999999998,nan,nan,nan,nan,nan,nan,nan,49.99999999999999
123240.0,49.99999999999999,49.99999999999999,49.99999999999996,49.999999999999986,50.0,49.99999999999998,49.99999999999999,49.99999999999998,49.99999999999998,49.99999999999999,49.999999999999986,49.99999999999999,49.99999999999998,nan,nan,nan,nan,nan,nan,nan,49.99999999999999
123300.0,49.99999999999999,49.99999999999999,49.99999999999996,49.999999999999986,50.0,49.99999999999998,49.99999999999999,49.99999999999998,49.99999999999998,49.99999999999999,49.999999999999986,49.99999999999999,49.99999999999998,nan,nan,nan,nan,nan,nan,nan,49.99999999999999
123360.0,49.99999999999999,49.99999999999999,49.99999999999996,49.999999999999986,50.0,49.99999999999998,49.99999999999999,49.99999999999998,49.99999999999998,49.99999999999999,49.999999999999986,49.99999999999999,49.99999999999998,nan,nan,nan,nan,nan,nan,nan,49.99999999999999
123420.0,49.99999999999999,49.99999999999999,49.99999999999996,49.999999999999986,50.0,49.99999999999998,49.99999999999999,49.99999999999998,49.99999999999998,49.99999999999999,49.999999999999986,49.99999999999999,49.99999999999998,nan,nan,nan,nan,nan,nan,nan,49.99999999999999
123480.0,49.99999999999999,49.99999999999999,49.99999999999996,49.999999999999986,50.0,49.99999999999998,49.99999999999999,49.99999999999998,49.99999999999998,49.99999999999999,49.999999999999986,49.99999999999999,49.99999999999998,nan,nan,nan,nan,nan,nan,nan,49.99999999999999
123540.0,49.99999999999999,49.99999999999999,49.99999999999996,49.999999999999986,50.0,49.99999999999998,49.99999999999999,49.99999999999998,49.99999999999998,49.99999999999999,49.999999999999986,49.99999999999999,49.99999999999998,nan,nan,nan,nan,nan,nan,nan,49.99999999999999
123600.0,49.99999999999999,49.99999999999999,49.99999999999996,49.999999999999986,50.0,49.99999999999998,49.99999999999999,49.99999999999998,49.99999999999998,49.99999999999999,49.999999999999986,49.99999999999999,49.99999999999998,nan,nan,nan,nan,nan,nan,nan,49.99999999999999
123660.0,49.99999999999999,49.99999999999999,49.99999999999996,49.999999999999986,50.0,49.99999999999998,49.99999999999999,49.99999999999998,49.99999999999998,49.99999999999999,49.999999999999986,49.99999999999999,49.99999999999998,nan,nan,nan,nan,nan,nan,nan,49.99999999999999
123720.0,49.99999999999999,49.99999999999999,49.99999999999996,49.999999999999986,50.0,49.99999999999998,49.99999999999999,49.99999999999998,49.99999999999998,49.99999999999999,49.999999999999986,49.99999999999999,49.99999999999998,nan,nan,nan,nan,nan,nan,nan,49.99999999999999
123780.0,49.99999999999999,49.99999999999999,49.99999999999996,49.999999999999986,50.0,49.99999999999998,49.99999999999999,49.99999999999998,49.99999999999998,49.99999999999999,49.999999999999986,49.99999999999999,49.99999999999998,nan,nan,nan,nan,nan,nan,nan,49.99999999999999
123840.0,49.99999999999999,49.99999999999999,49.99999999999996,49.999999999999986,50.0,49.99999999999998,49.99999999999999,49.99999999999998,49.99999999999998,49.99999999999999,49.999999999999986,49.99999999999999,49.99999999999998,nan,nan,nan,nan,nan,nan,nan,49.99999999999999
123900.0,49.99999999999999,49.99999999999999,49.99999999999996,49.999999999999986,50.0,49.99999999999998,49.99999999999999,49.99999999999998,49.99999999999998,49.99999999999999,49.999999999999986,49.99999999999999,49.99999999999998,nan,nan,nan,nan,nan,nan,nan,49.99999999999999
123960.0,49.99999999999999,49.99999999999999,49.99999999999996,49.999999999999986,50.0,49.99999999999998,49.99999999999999,49.99999999999998,49.99999999999998,49.99999999999999,49.999999999999986,49.99999999999999,49.99999999999998,nan,nan,nan,nan,nan,nan,nan,49.99999999999999
124020.0,49.99999999999999,49.99999999999999,49.99999999999996,49.999999999999986,50.0,49.99999999999998,49.99999999999999,49.99999999999998,49.99999999999998,49.99999999999999,49.999999999999986,49.99999999999999,49.99999999999998,nan,nan,nan,nan,nan,nan,nan,49.99999999999999
124080.0,49.99999999999999,49.99999999999999,49.99999999999996,49.999999999999986,50.0,49.99999999999998,49.99999999999999,49.99999999999998,49.99999999999998,49.99999999999999,49.999999999999986,49.99999999999999,49.99999999999998,nan,nan,nan,nan,nan,nan,nan,49.99999999999999
124140.0,49.99999999999999,49.99999999999999,49.99999999999996,49.999999999999986,50.0,49.99999999999998,49.99999999999999,49.99999999999998,49.99999999999998,49.99999999999999,49.999999999999986,49.99999999999999,49.99999999999998,nan,nan,nan,nan,nan,nan,nan,49.99999999999999
124200.0,49.99999999999999,49.99999999999999,49.99999999999996,49.999999999999986,50.0,49.99999999999998,49.99999999999999,49.99999999999998,49.99999999999998,49.99999999999999,49.999999999999986,49.99999999999999,49.99999999999998,nan,nan,nan,nan,nan,nan,nan,49.99999999999999
124260.0,49.99999999999999,50.000000000000014,50.00000000000001,49.99999999999999,50.00000000000001,50.0,50.000000000000014,49.99999999999998,49.99999999999999,50.0,49.99999999999999,49.99999999999998,49.999999999999986,nan,nan,nan,nan,nan,nan,nan,49.99999999999999
124320.0,49.99999999999999,50.000000000000014,49.99999999999998,49.99999999999999,49.99999999999999,49.999999999999964,50.000000000000014,49.99999999999999,49.999999999999986,49.99999999999999,49.99999999999997,49.99999999999999,49.99999999999999,nan,nan,nan,nan,nan,nan,nan,49.99999999999999
124380.0,49.99999999999999,50.000000000000014,49.999999999999986,50.0,49.99999999999995,50.00000000000002,50.0,50.0,50.0,50.00000000000001,50.0,50.00000000000001,49.999999999999964,nan,nan,nan,nan,nan,nan,nan,49.99999999999999
124440.0,49.99999999999999,49.99999999999994,50.0,50.00000000000002,49.999999999999986,49.99999999999997,49.99999999999998,49.999999999999986,49.99999999999996,50.0,49.999999999999964,50.00000000000001,49.99999999999999,nan,nan,nan,nan,nan,nan,nan,49.99999999999999
124500.0,49.99999999999999,49.99999999999999,49.99999999999999,49.99999999999998,50.00000000000001,49.99999999999996,50.00000000000001,50.0,49.999999999999986,49.999999999999986,50.000000000000014,50.0,50.0,nan,nan,nan,nan,nan,nan,nan,49.99999999999999
124560.0,49.99999999999999,50.000000000000014,49.999999999999986,49.999999999999986,49.999999999999986,49.99999999999996,50.0,49.99999999999999,49.99999999999998,50.000000000000014,49.99999999999999,50.000000000000014,49.99999999999997,nan,nan,nan,nan,nan,nan,nan,49.99999999999999
124620.0,49.99999999999999,49.99999999999998,50.0,49.99999999999999,50.0,49.99999999999999,49.99999999999997,50.00000000000001,49.999999999999986,50.000000000000014,50.0,49.999999999999986,49.99999999999998,nan,nan,nan,nan,nan,nan,nan,49.99999999999999
124680.0,49.99999999999999,49.999999999999986,50.00000000000001,49.99999999999997,49.99999999999998,50.0,50.0,49.999999999999986,49.99999999999998,49.99999999999999,49.99999999999999,49.99999999999999,49.999999999999986,nan,nan,nan,nan,nan,nan,nan,49.99999999999999
124740.0,49.99999999999999,50.00000000000001,50.00000000000001,49.99999999999999,49.999999999999964,49.99999999999998,49.99999999999997,50.00000000000001,49.999999999999986,49.999999999999986,49.999999999999964,49.99999999999999,49.99999999999998,nan,nan,nan,nan,nan,nan,nan,49.99999999999999
124800.0,49.99999999999999,49.99999999999998,49.99999999999999,49.99999999999999,49.99999999999998,49.99999999999999,49.999999999999986,49.999999999999986,49.99999999999999,49.999999999999986,50.0,49.99999999999999,50.0,nan,nan,nan,nan,nan,nan,nan,49.99999999999999
124860.0,49.99999999999999,49.999999999999986,49.99999999999999,49.99999999999999,49.999999999999986,49.99999999999999,49.99999999999999,50.0,49.99999999999999,49.999999999999986,49.99999999999997,50.00000000000001,49.99999999999999,nan,nan,nan,nan,nan,nan,nan,49.99999999999999
124920.0,49.99999999999999,49.99999999999999,50.00000000000001,49.99999999999998,49.999999999999986,50.0,49.99999999999999,49.99999999999999,49.999999999999986,49.99999999999997,50.0,50.00000000000001,49.99999999999999,nan,nan,nan,nan,nan,nan,nan,49.99999999999999
124980.0,49.99999999999999,49.999999999999986,50.00000000000001,50.0,49.99999999999999,49.99999999999998,50.0,50.0,50.00000000000001,50.00000000000001,50.00000000000001,49.999999999999986,49.99999999999999,nan,nan,nan,nan,nan,nan,nan,49.99999999999999
125040.0,49.99999999999999,49.99999999999997,49.99999999999997,49.99999999999997,50.00000000000001,49.999999999999986,49.99999999999998,50.0,49.99999999999998,49.99999999999999,49.999999999999986,50.0,50.00000000000001,nan,nan,nan,nan,nan,nan,nan,49.99999999999999
125100.0,49.99999999999999,50.00000000000003,49.99999999999999,49.99999999999999,49.99999999999998,50.00000000000002,50.0,50.000000000000014,50.00000000000001,50.00000000000001,50.0,49.99999999999998,49.99999999999999,nan,nan,nan,nan,nan,nan,nan,49.99999999999999
125160.0,49.99999999999999,50.0,50.0,49.99999999999998,50.00000000000001,50.0,49.99999999999998,49.999999999999986,49.99999999999998,49.99999999999999,50.0,50.00000000000001,49.99999999999999,nan,nan,nan,nan,nan,nan,nan,49.99999999999999
125220.0,49.99999999999999,49.99999999999999,49.999999999999986,49.99999999999998,50.0,49.999999999999964,49.99999999999998,49.99999999999999,50.0,49.99999999999999,50.00000000000001,49.99999999999998,50.0,nan,nan,nan,nan,nan,nan,nan,49.99999999999999
125280.0,49.99999999999999,50.000000000000014,49.999999999999986,50.00000000000001,49.99999999999998,49.999999999999964,49.99999999999997,49.99999999999999,49.999999999999986,49.999999999999986,49.999999999999986,50.000000000000014,49.99999999999999,nan,nan,nan,nan,nan,nan,nan,49.99999999999999
125340.0,49.99999999999999,49.99999999999999,50.0,50.00000000000001,49.999999999999986,50.00000000000002,49.99999999999999,49.99999999999998,49.99999999999997,49.99999999999998,50.00000000000001,50.00000000000001,49.999999999999986,nan,nan,nan,nan,nan,nan,nan,49.99999999999999
125400.0,49.99999999999999,49.99999999999998,50.0,50.0,49.99999999999998,49.99999999999996,50.000000000000014,49.99999999999998,49.99999999999999,49.999999999999964,50.000000000000014,50.0,49.99999999999998,nan,nan,nan,nan,nan,nan,nan,49.99999999999999
125460.0,49.99999999999999,49.999999999999986,49.99999999999999,49.99999999999998,49.99999999999998,50.00000000000001,50.000000000000014,50.00000000000001,50.0,49.99999999999999,49.999999999999964,49.99999999999996,50.00000000000001,nan,nan,nan,nan,nan,nan,nan,49.99999999999999
125520.0,49.99999999999999,50.00000000000001,49.999999999999986,50.0,49.99999999999998,50.000000000000014,50.000000000000014,49.99999999999999,49.99999999999998,50.0,50.00000000000003,49.99999999999996,49.99999999999999,nan,nan,nan,nan,nan,nan,nan,49.99999999999999
125580.0,49.99999999999999,49.99999999999998,49.99999999999999,49.99999999999998,49.99999999999999,50.00000000000002,50.0,50.000000000000014,49.999999999999986,50.000000000000014,49.99999999999999,49.99999999999997,50.000000000000014,nan,nan,nan,nan,nan,nan,nan,49.99999999999999
125640.0,49.99999999999999,49.99999999999999,49.999999999999986,49.999999999999986,49.999999999999964,49.999999999999964,50.0,49.999999999999986,50.00000000000001,49.99999999999998,50.0,49.999999999999986,49.999999999999986,nan,nan,nan,nan,nan,nan,nan,49.99999999999999
125700.0,49.99999999999999,49.99999999999999,49.999999999999986,50.0,50.00000000000001,49.99999999999997,50.00000000000001,49.99999999999998,49.999999999999986,49.999999999999986,49.99999999999999,50.00000000000004,49.99999999999998,nan,nan,nan,nan,nan,nan,nan,49.99999999999999
125760.0,49.99999999999999,49.99999999999999,49.99999999999999,49.99999999999999,50.00000000000001,50.00000000000003,50.0,50.0,49.99999999999997,50.0,50.00000000000002,49.99999999999998,49.999999999999986,nan,nan,nan,nan,nan,nan,nan,49.99999999999999
125820.0,49.99999999999999,50.000000000000014,49.99999999999998,50.00000000000001,49.99999999999999,50.00000000000001,50.0,49.999999999999986,49.999999999999986,49.99999999999999,50.0,50.00000000000001,49.999999999999986,nan,nan,nan,nan,nan,nan,nan,49.99999999999999
125880.0,49.99999999999999,50.0,50.00000000000001,49.99999999999999,49.999999999999964,50.0,49.999999999999986,49.99999999999998,50.0,49.99999999999999,50.00000000000001,50.0,49.99999999999997,nan,nan,nan,nan,nan,nan,nan,49.99999999999999
125940.0,49.99999999999999,49.99999999999999,50.0,50.0,49.99999999999997,49.99999999999997,49.99999999999998,50.0,50.00000000000001,49.99999999999997,49.99999999999999,49.999999999999964,49.999999999999986,nan,nan,nan,nan,nan,nan,nan,49.99999999999999
126000.0,49.99999999999999,50.00000000000001,49.99999999999998,49.99999999999998,49.99999999999998,49.99999999999997,50.0,50.000000000000014,49.999999999999986,49.999999999999986,49.999999999999986,50.0,49.99999999999999,nan,nan,nan,nan,nan,nan,nan,49.99999999999999
126060.0,49.99999999999999,50.00000000000001,49.99999999999998,49.99999999999998,49.99999999999998,49.99999999999997,50.0,50.000000000000014,49.999999999999986,49.999999999999986,49.999999999999986,50.0,49.99999999999999,nan,nan,nan,nan,nan,nan,nan,49.99999999999999
126120.0,49.99999999999999,50.00000000000001,49.99999999999998,49.99999999999998,49.99999999999998,49.99999999999997,50.0,50.000000000000014,49.999999999999986,49.999999999999986,49.999999999999986,50.0,49.99999999999999,nan,nan,nan,nan,nan,nan,nan,49.99999999999999
126180.0,49.99999999999999,50.00000000000001,49.99999999999998,49.99999999999998,49.99999999999998,49.99999999999997,50.0,50.000000000000014,49.999999999999986,49.999999999999986,49.999999999999986,50.0,49.99999999999999,nan,nan,nan,nan,nan,nan,nan,49.99999999999999
126240.0,49.99999999999999,50.00000000000001,49.99999999999998,49.99999999999998,49.99999999999998,49.99999999999997,50.0,50.000000000000014,49.999999999999986,49.999999999999986,49.999999999999986,50.0,49.99999999999999,nan,nan,nan,nan,nan,nan,nan,49.99999999999999
126300.0,49.99999999999999,50.00000000000001,49.99999999999998,49.99999999999998,49.99999999999998,49.99999999999997,50.0,50.000000000000014,49.999999999999986,49.999999999999986,49.999999999999986,50.0,49.99999999999999,nan,nan,nan,nan,nan,nan,nan,49.99999999999999
126360.0,49.99999999999999,50.00000000000001,49.99999999999998,49.99999999999998,49.99999999999998,49.99999999999997,50.0,50.000000000000014,49.999999999999986,49.999999999999986,49.999999999999986,50.0,49.99999999999999,nan,nan,nan,nan,nan,nan,nan,49.99999999999999
126420.0,49.99999999999999,50.00000000000001,49.99999999999998,49.99999999999998,49.99999999999998,49.99999999999997,50.0,50.000000000000014,49.999999999999986,49.999999999999986,49.999999999999986,50.0,49.99999999999999,nan,nan,nan,nan,nan,nan,nan,49.99999999999999
126480.0,49.99999999999999,50.00000000000001,49.99999999999998,49.99999999999998,49.99999999999998,49.99999999999997,50.0,50.000000000000014,49.999999999999986,49.999999999999986,49.999999999999986,50.0,49.99999999999999,nan,nan,nan,nan,nan,nan,nan,49.99999999999999
126540.0,49.99999999999999,50.00000000000001,49.99999999999998,49.99999999999998,49.99999999999998,49.99999999999997,50.0,50.000000000000014,49.999999999999986,49.999999999999986,49.999999999999986,50.0,49.99999999999999,nan,nan,nan,nan,nan,nan,nan,49.99999999999999
126600.0,49.99999999999999,50.00000000000001,49.99999999999998,49.99999999999998,49.99999999999998,49.99999999999997,50.0,50.000000000000014,49.999999999999986,49.999999999999986,49.999999999999986,50.0,49.99999999999999,nan,nan,nan,nan,nan,nan,nan,49.99999999999999
126660.0,49.99999999999999,50.00000000000001,49.99999999999998,49.99999999999998,49.99999999999998,49.99999999999997,50.0,50.000000000000014,49.999999999999986,49.999999999999986,49.999999999999986,50.0,49.99999999999999,nan,nan,nan,nan,nan,nan,nan,49.99999999999999
126720.0,49.99999999999999,50.00000000000001,49.99999999999998,49.99999999999998,49.99999999999998,49.99999999999997,50.0,50.000000000000014,49.999999999999986,49.999999999999986,49.999999999999986,50.0,49.99999999999999,nan,nan,nan,nan,nan,nan,nan,49.99999999999999
126780.0,49.99999999999999,50.00000000000001,49.99999999999998,49.99999999999998,49.99999999999998,49.99999999999997,50.0,50.000000000000014,49.999999999999986,49.999999999999986,49.999999999999986,50.0,49.99999999999999,nan,nan,nan,nan,nan,nan,nan,49.99999999999999
126840.0,49.99999999999999,50.00000000000001,49.99999999999998,49.99999999999998,49.99999999999998,49.99999999999997,50.0,50.000000000000014,49.999999999999986,49.999999999999986,49.999999999999986,50.0,49.99999999999999,nan,nan,nan,nan,nan,nan,nan,49.99999999999999
126900.0,49.99999999999999,50.00000000000001,49.99999999999998,49.99999999999998,49.99999999999998,49.99999999999997,50.0,50.000000000000014,49.999999999999986,49.999999999999986,49.999999999999986,50.0,49.99999999999999,nan,nan,nan,nan,nan,nan,nan,49.99999999999999
126960.0,49.99999999999999,50.00000000000001,49.99999999999998,49.99999999999998,49.99999999999998,49.99999999999997,50.0,50.000000000000014,49.999999999999986,49.999999999999986,49.999999999999986,50.0,49.99999999999999,nan,nan,nan,nan,nan,nan,nan,49.99999999999999
127020.0,49.99999999999999,50.00000000000001,49.99999999999998,49.99999999999998,49.99999999999998,49.99999999999997,50.0,50.000000000000014,49.999999999999986,49.999999999999986,49.999999999999986,50.0,49.99999999999999,nan,nan,nan,nan,nan,nan,nan,49.99999999999999
127080.0,49.99999999999999,50.00000000000001,49.99999999999998,49.99999999999998,49.99999999999998,49.99999999999997,50.0,50.000000000000014,49.999999999999986,49.999999999999986,49.999999999999986,50.0,49.99999999999999,nan,nan,nan,nan,nan,nan,nan,49.99999999999999
127140.0,49.99999999999999,50.00000000000001,49.99999999999998,49.99999999999998,49.99999999999998,49.99999999999997,50.0,50.000000000000014,49.999999999999986,49.999999999999986,49.999999999999986,50.0,49.99999999999999,nan,nan,nan,nan,nan,nan,nan,49.99999999999999
127200.0,49.99999999999999,50.00000000000001,49.99999999999998,49.99999999999998,49.99999999999998,49.99999999999997,50.0,50.000000000000014,49.999999999999986,49.999999999999986,49.999999999999986,50.0,49.99999999999999,nan,nan,nan,nan,nan,nan,nan,49.99999999999999
127260.0,49.99999999999999,50.00000000000001,49.99999999999998,49.99999999999998,49.99999999999998,49.99999999999997,50.0,50.000000000000014,49.999999999999986,49.999999999999986,49.999999999999986,50.0,49.99999999999999,nan,nan,nan,nan,nan,nan,nan,49.99999999999999
127320.0,49.99999999999999,50.00000000000001,49.99999999999998,49.99999999999998,49.99999999999998,49.99999999999997,50.0,50.000000000000014,49.999999999999986,49.999999999999986,49.999999999999986,50.0,49.99999999999999,nan,nan,nan,nan,nan,nan,nan,49.99999999999999
127380.0,49.99999999999999,50.00000000000001,49.99999999999998,49.99999999999998,49.99999999999998,49.99999999999997,50.0,50.000000000000014,49.999999999999986,49.999999999999986,49.999999999999986,50.0,49.99999999999999,nan,nan,nan,nan,nan,nan,nan,49.99999999999999
127440.0,49.99999999999999,50.00000000000001,49.99999999999998,49.99999999999998,49.99999999999998,49.99999999999997,50.0,50.000000000000014,49.999999999999986,49.999999999999986,49.999999999999986,50.0,49.99999999999999,nan,nan,nan,nan,nan,nan,nan,49.99999999999999
127500.0,49.99999999999999,50.00000000000001,49.99999999999998,49.99999999999998,49.99999999999998,49.99999999999997,50.0,50.000000000000014,49.999999999999986,49.999999999999986,49.999999999999986,50.0,49.99999999999999,nan,nan,nan,nan,nan,nan,nan,49.99999999999999
127560.0,49.99999999999999,50.00000000000001,49.99999999999998,49.99999999999998,49.99999999999998,49.99999999999997,50.0,50.000000000000014,49.999999999999986,49.999999999999986,49.999999999999986,50.0,49.99999999999999,nan,nan,nan,nan,nan,nan,nan,49.99999999999999
127620.0,49.99999999999999,50.00000000000001,49.99999999999998,49.99999999999998,49.99999999999998,49.99999999999997,50.0,50.000000000000014,49.999999999999986,49.999999999999986,49.999999999999986,50.0,49.99999999999999,nan,nan,nan,nan,nan,nan,nan,49.99999999999999
127680.0,49.99999999999999,50.00000000000001,49.99999999999998,49.99999999999998,49.99999999999998,49.99999999999997,50.0,50.000000000000014,49.999999999999986,49.999999999999986,49.999999999999986,50.0,49.99999999999999,nan,nan,nan,nan,nan,nan,nan,49.99999999999999
127740.0,49.99999999999999,50.00000000000001,49.99999999999998,49.99999999999998,49.99999999999998,49.99999999999997,50.0,50.000000000000014,49.999999999999986,49.999999999999986,49.999999999999986,50.0,49.99999999999999,nan,nan,nan,nan,nan,nan,nan,49.99999999999999
127800.0,49.99999999999999,50.00000000000001,49.99999999999998,49.99999999999998,49.99999999999998,49.99999999999997,50.0,50.000000000000014,49.999999999999986,49.999999999999986,49.999999999999986,50.0,49.99999999999999,nan,nan,nan,nan,nan,nan,nan,49.99999999999999
127860.0,49.99999999999999,50.00000000000001,49.99999999999998,49.99999999999998,49.99999999999998,49.99999999999997,50.0,50.000000000000014,49.999999999999986,49.999999999999986,49.999999999999986,50.0,49.99999999999999,nan,nan,nan,nan,nan,nan,nan,49.99999999999999
127920.0,49.99999999999999,50.00000000000001,49.99999999999998,49.99999999999998,49.99999999999998,49.99999999999997,50.0,50.000000000000014,49.999999999999986,49.999999999999986,49.999999999999986,50.0,49.99999999999999,nan,nan,nan,nan,nan,nan,nan,49.99999999999999
127980.0,49.99999999999999,50.00000000000001,49.99999999999998,49.99999999999998,49.99999999999998,49.99999999999997,50.0,50.000000000000014,49.999999999999986,49.999999999999986,49.999999999999986,50.0,49.99999999999999,nan,nan,nan,nan,nan,nan,nan,49.99999999999999
128040.0,49.99999999999999,50.00000000000001,49.99999999999998,49.99999999999998,49.99999999999998,49.99999999999997,50.0,50.000000000000014,49.999999999999986,49.999999999999986,49.999999999999986,50.0,49.99999999999999,nan,nan,nan,nan,nan,nan,nan,49.99999999999999
128100.0,49.99999999999999,50.00000000000001,49.99999999999998,49.99999999999998,49.99999999999998,49.99999999999997,50.0,50.000000000000014,49.999999999999986,49.999999999999986,49.999999999999986,50.0,49.99999999999999,nan,nan,nan,nan,nan,nan,nan,49.99999999999999
128160.0,49.99999999999999,50.00000000000001,49.99999999999998,49.99999999999998,49.99999999999998,49.99999999999997,50.0,50.000000000000014,49.999999999999986,49.999999999999986,49.999999999999986,50.0,49.99999999999999,nan,nan,nan,nan,nan,nan,nan,49.99999999999999
128220.0,49.99999999999999,50.00000000000001,49.99999999999998,49.99999999999998,49.99999999999998,49.99999999999997,50.0,50.000000000000014,49.999999999999986,49.999999999999986,49.999999999999986,50.0,49.99999999999999,nan,nan,nan,nan,nan,nan,nan,49.99999999999999
128280.0,49.99999999999999,50.00000000000001,49.99999999999998,49.99999999999998,49.99999999999998,49.99999999999997,50.0,50.000000000000014,49.999999999999986,49.999999999999986,49.999999999999986,50.0,49.99999999999999,nan,nan,nan,nan,nan,nan,nan,49.99999999999999
128340.0,49.99999999999999,50.00000000000001,49.99999999999998,49.99999999999998,49.99999999999998,49.99999999999997,50.0,50.000000000000014,49.999999999999986,49.999999999999986,49.999999999999986,50.0,49.99999999999999,nan,nan,nan,nan,nan,nan,nan,49.99999999999999
128400.0,49.99999999999999,50.00000000000001,49.99999999999998,49.99999999999998,49.99999999999998,49.99999999999997,50.0,50.000000000000014,49.999999999999986,49.999999999999986,49.999999999999986,50.0,49.99999999999999,nan,nan,nan,nan,nan,nan,nan,49.99999999999999
128460.0,49.99999999999999,50.00000000000001,49.99999999999998,49.99999999999998,49.99999999999998,49.99999999999997,50.0,50.000000000000014,49.999999999999986,49.999999999999986,49.999999999999986,50.0,49.99999999999999,nan,nan,nan,nan,nan,nan,nan,49.99999999999999
128520.0,49.99999999999999,50.00000000000001,49.99999999999998,49.99999999999998,49.99999999999998,49.99999999999997,50.0,50.000000000000014,49.999999999999986,49.999999999999986,49.999999999999986,50.0,49.99999999999999,nan,nan,nan,nan,nan,nan,nan,49.99999999999999
128580.0,49.99999999999999,50.00000000000001,49.99999999999998,49.99999999999998,49.99999999999998,49.99999999999997,50.0,50.000000000000014,49.999999999999986,49.999999999999986,49.999999999999986,50.0,49.99999999999999,nan,nan,nan,nan,nan,nan,nan,49.99999999999999
128640.0,49.99999999999999,50.00000000000001,49.99999999999998,49.99999999999998,49.99999999999998,49.99999999999997,50.0,50.000000000000014,49.999999999999986,49.999999999999986,49.999999999999986,50.0,49.99999999999999,nan,nan,nan,nan,nan,nan,nan,49.99999999999999
128700.0,49.99999999999999,50.00000000000001,49.99999999999998,49.99999999999998,49.99999999999998,49.99999999999997,50.0,50.000000000000014,49.999999999999986,49.999999999999986,49.999999999999986,50.0,49.99999999999999,nan,nan,nan,nan,nan,nan,nan,49.99999999999999
128760.0,49.99999999999999,50.00000000000001,49.99999999999998,49.99999999999998,49.99999999999998,49.99999999999997,50.0,50.000000000000014,49.999999999999986,49.999999999999986,49.999999999999986,50.0,49.99999999999999,nan,nan,nan,nan,nan,nan,nan,49.99999999999999
128820.0,49.99999999999999,50.00000000000001,49.99999999999998,49.99999999999998,49.99999999999998,49.99999999999997,50.0,50.000000000000014,49.999999999999986,49.999999999999986,49.999999999999986,50.0,49.99999999999999,nan,nan,nan,nan,nan,nan,nan,49.99999999999999
128880.0,49.99999999999999,50.00000000000001,49.99999999999998,49.99999999999998,49.99999999999998,49.99999999999997,50.0,50.000000000000014,49.999999999999986,49.999999999999986,49.999999999999986,50.0,49.99999999999999,nan,nan,nan,nan,nan,nan,nan,49.99999999999999
128940.0,49.99999999999999,50.00000000000001,49.99999999999998,49.99999999999998,49.99999999999998,49.99999999999997,50.0,50.000000000000014,49.999999999999986,49.999999999999986,49.999999999999986,50.0,49.99999999999999,nan,nan,nan,nan,nan,nan,nan,49.99999999999999
129000.0,49.99999999999999,50.00000000000001,49.99999999999998,49.99999999999998,49.99999999999998,49.99999999999997,50.0,50.000000000000014,49.999999999999986,49.999999999999986,49.999999999999986,50.0,49.99999999999999,nan,nan,nan,nan,nan,nan,nan,49.99999999999999
129060.0,49.99999999999999,50.00000000000001,49.99999999999998,49.99999999999998,49.99999999999998,49.99999999999997,50.0,50.000000000000014,49.999999999999986,49.999999999999986,49.999999999999986,50.0,49.99999999999999,nan,nan,nan,nan,nan,nan,nan,49.99999999999999
129120.0,49.99999999999999,50.00000000000001,49.99999999999998,49.99999999999998,49.99999999999998,49.99999999999997,50.0,50.000000000000014,49.999999999999986,49.999999999999986,49.999999999999986,50.0,49.99999999999999,nan,nan,nan,nan,nan,nan,nan,49.99999999999999
129180.0,49.99999999999999,50.00000000000001,49.99999999999998,49.99999999999998,49.99999999999998,49.99999999999997,50.0,50.000000000000014,49.999999999999986,49.999999999999986,49.999999999999986,50.0,49.99999999999999,nan,nan,nan,nan,nan,nan,nan,49.99999999999999
129240.0,49.99999999999999,50.00000000000001,49.99999999999998,49.99999999999998,49.99999999999998,49.99999999999997,50.0,50.000000000000014,49.999999999999986,49.999999999999986,49.999999999999986,50.0,49.99999999999999,nan,nan,nan,nan,nan,nan,nan,49.99999999999999
129300.0,49.99999999999999,50.00000000000001,49.99999999999998,49.99999999999998,49.99999999999998,49.99999999999997,50.0,50.000000000000014,49.999999999999986,49.999999999999986,49.999999999999986,50.0,49.99999999999999,nan,nan,nan,nan,nan,nan,nan,49.99999999999999
129360.0,49.99999999999999,50.00000000000001,49.99999999999998,49.99999999999998,49.99999999999998,49.99999999999997,50.0,50.000000000000014,49.999999999999986,49.999999999999986,49.999999999999986,50.0,49.99999999999999,nan,nan,nan,nan,nan,nan,nan,49.99999999999999
129420.0,49.99999999999999,50.00000000000001,49.99999999999998,49.99999999999998,49.99999999999998,49.99999999999997,50.0,50.000000000000014,49.999999999999986,49.999999999999986,49.999999999999986,50.0,49.99999999999999,nan,nan,nan,nan,nan,nan,nan,49.99999999999999
129480.0,49.99999999999999,50.00000000000001,49.99999999999998,49.99999999999998,49.99999999999998,49.99999999999997,50.0,50.000000000000014,49.999999999999986,49.999999999999986,49.999999999999986,50.0,49.99999999999999,nan,nan,nan,nan,nan,nan,nan,49.99999999999999
129540.0,49.99999999999999,50.00000000000001,49.99999999999998,49.99999999999998,49.99999999999998,49.99999999999997,50.0,50.000000000000014,49.999999999999986,49.999999999999986,49.999999999999986,50.0,49.99999999999999,nan,nan,nan,nan,nan,nan,nan,49.99999999999999
129600.0,49.99999999999999,50.00000000000001,49.99999999999998,49.99999999999998,49.99999999999998,49.99999999999997,50.0,50.000000000000014,49.999999999999986,49.999999999999986,49.999999999999986,50.0,49.99999999999999,nan,nan,nan,nan,nan,nan,nan,49.99999999999999
129660.0,49.99999999999999,50.00000000000001,49.99999999999998,49.99999999999998,49.99999999999998,49.99999999999997,50.0,50.000000000000014,49.999999999999986,49.999999999999986,49.999999999999986,50.0,49.99999999999999,nan,nan,nan,nan,nan,nan,nan,49.99999999999999
129720.0,49.99999999999999,50.00000000000001,49.99999999999998,49.99999999999998,49.99999999999998,49.99999999999997,50.0,50.000000000000014,49.999999999999986,49.999999999999986,49.999999999999986,50.0,49.99999999999999,nan,nan,nan,nan,nan,nan,nan,49.99999999999999
129780.0,49.99999999999999,50.00000000000001,49.99999999999998,49.99999999999998,49.99999999999998,49.99999999999997,50.0,50.000000000000014,49.999999999999986,49.999999999999986,49.999999999999986,50.0,49.99999999999999,nan,nan,nan,nan,nan,nan,nan,49.99999999999999
129840.0,49.99999999999999,50.00000000000001,49.99999999999998,49.99999999999998,49.99999999999998,49.99999999999997,50.0,50.000000000000014,49.999999999999986,49.999999999999986,49.999999999999986,50.0,49.99999999999999,nan,nan,nan,nan,nan,nan,nan,49.99999999999999
129900.0,49.99999999999999,50.00000000000001,49.99999999999998,49.99999999999998,49.99999999999998,49.99999999999997,50.0,50.000000000000014,49.999999999999986,49.999999999999986,49.999999999999986,50.0,49.99999999999999,nan,nan,nan,nan,nan,nan,nan,49.99999999999999
129960.0,49.99999999999999,50.00000000000001,49.99999999999998,49.99999999999998,49.99999999999998,49.99999999999997,50.0,50.000000000000014,49.999999999999986,49.999999999999986,49.999999999999986,50.0,49.99999999999999,nan,nan,nan,nan,nan,nan,nan,49.99999999999999
130020.0,49.99999999999999,50.00000000000001,49.99999999999998,49.99999999999998,49.99999999999998,49.99999999999997,50.0,50.000000000000014,49.999999999999986,49.999999999999986,49.999999999999986,50.0,49.99999999999999,nan,nan,nan,nan,nan,nan,nan,49.99999999999999
130080.0,49.99999999999999,50.00000000000001,49.99999999999998,49.99999999999998,49.99999999999998,49.99999999999997,50.0,50.000000000000014,49.999999999999986,49.999999999999986,49.999999999999986,50.0,49.99999999999999,nan,nan,nan,nan,nan,nan,nan,49.99999999999999
130140.0,49.99999999999999,50.00000000000001,49.99999999999998,49.99999999999998,49.99999999999998,49.99999999999997,50.0,50.000000000000014,49.999999999999986,49.999999999999986,49.999999999999986,50.0,49.99999999999999,nan,nan,nan,nan,nan,nan,nan,49.99999999999999
130200.0,49.99999999999999,50.00000000000001,49.99999999999998,49.99999999999998,49.99999999999998,49.99999999999997,50.0,50.000000000000014,49.999999999999986,49.999999999999986,49.999999999999986,50.0,49.99999999999999,nan,nan,nan,nan,nan,nan,nan,49.99999999999999
130260.0,49.99999999999999,50.00000000000001,49.99999999999998,49.99999999999998,49.99999999999998,49.99999999999997,50.0,50.000000000000014,49.999999999999986,49.999999999999986,49.999999999999986,50.0,49.99999999999999,nan,nan,nan,nan,nan,nan,nan,49.99999999999999
130320.0,49.99999999999999,50.00000000000001,49.99999999999998,49.99999999999998,49.99999999999998,49.99999999999997,50.0,50.000000000000014,49.999999999999986,49.999999999999986,49.999999999999986,50.0,49.99999999999999,nan,nan,nan,nan,nan,nan,nan,49.99999999999999
130380.0,49.99999999999999,50.00000000000001,49.99999999999998,49.99999999999998,49.99999999999998,49.99999999999997,50.0,50.000000000000014,49.999999999999986,49.999999999999986,49.999999999999986,50.0,49.99999999999999,nan,nan,nan,nan,nan,nan,nan,49.99999999999999
130440.0,49.99999999999999,50.00000000000001,49.99999999999998,49.99999999999998,49.99999999999998,49.99999999999997,50.0,50.000000000000014,49.999999999999986,49.999999999999986,49.999999999999986,50.0,49.99999999999999,nan,nan,nan,nan,nan,nan,nan,49.99999999999999
130500.0,49.99999999999999,50.00000000000001,49.99999999999998,49.99999999999998,49.99999999999998,49.99999999999997,50.0,50.000000000000014,49.999999999999986,49.999999999999986,49.999999999999986,50.0,49.99999999999999,nan,nan,nan,nan,nan,nan,nan,49.99999999999999
130560.0,49.99999999999999,50.00000000000001,49.99999999999998,49.99999999999998,49.99999999999998,49.99999999999997,50.0,50.000000000000014,49.999999999999986,49.999999999999986,49.999999999999986,50.0,49.99999999999999,nan,nan,nan,nan,nan,nan,nan,49.99999999999999
130620.0,49.99999999999999,50.00000000000001,49.99999999999998,49.99999999999998,49.99999999999998,49.99999999999997,50.0,50.000000000000014,49.999999999999986,49.999999999999986,49.999999999999986,50.0,49.99999999999999,nan,nan,nan,nan,nan,nan,nan,49.99999999999999
130680.0,49.99999999999999,50.00000000000001,49.99999999999998,49.99999999999998,49.99999999999998,49.99999999999997,50.0,50.000000000000014,49.999999999999986,49.999999999999986,49.999999999999986,50.0,49.99999999999999,nan,nan,nan,nan,nan,nan,nan,49.99999999999999
130740.0,49.99999999999999,50.00000000000001,49.99999999999998,49.99999999999998,49.99999999999998,49.99999999999997,50.0,50.000000000000014,49.999999999999986,49.999999999999986,49.999999999999986,50.0,49.99999999999999,nan,nan,nan,nan,nan,nan,nan,49.99999999999999
130800.0,49.99999999999999,50.00000000000001,49.99999999999998,49.99999999999998,49.99999999999998,49.99999999999997,50.0,50.000000000000014,49.999999999999986,49.999999999999986,49.999999999999986,50.0,49.99999999999999,nan,nan,nan,nan,nan,nan,nan,49.99999999999999
130860.0,49.99999999999999,50.00000000000001,49.99999999999998,49.99999999999998,49.99999999999998,49.99999999999997,50.0,50.000000000000014,49.999999999999986,49.999999999999986,49.999999999999986,50.0,49.99999999999999,nan,nan,nan,nan,nan,nan,nan,49.99999999999999
130920.0,49.99999999999999,50.00000000000001,49.99999999999998,49.99999999999998,49.99999999999998,49.99999999999997,50.0,50.000000000000014,49.999999999999986,49.999999999999986,49.999999999999986,50.0,49.99999999999999,nan,nan,nan,nan,nan,nan,nan,49.99999999999999
130980.0,49.99999999999999,50.00000000000001,49.99999999999998,49.99999999999998,49.99999999999998,49.99999999999997,50.0,50.000000000000014,49.999999999999986,49.999999999999986,49.999999999999986,50.0,49.99999999999999,nan,nan,nan,nan,nan,nan,nan,49.99999999999999
131040.0,49.99999999999999,50.00000000000001,49.99999999999998,49.99999999999998,49.99999999999998,49.99999999999997,50.0,50.000000000000014,49.999999999999986,49.999999999999986,49.999999999999986,50.0,49.99999999999999,nan,nan,nan,nan,nan,nan,nan,49.99999999999999
131100.0,49.99999999999999,50.00000000000001,49.99999999999998,49.99999999999998,49.99999999999998,49.99999999999997,50.0,50.000000000000014,49.999999999999986,49.999999999999986,49.999999999999986,50.0,49.99999999999999,nan,nan,nan,nan,nan,nan,nan,49.99999999999999
131160.0,49.99999999999999,50.00000000000001,49.99999999999998,49.99999999999998,49.99999999999998,49.99999999999997,50.0,50.000000000000014,49.999999999999986,49.999999999999986,49.999999999999986,50.0,49.99999999999999,nan,nan,nan,nan,nan,nan,nan,49.99999999999999
131220.0,49.99999999999999,50.00000000000001,49.99999999999998,49.99999999999998,49.99999999999998,49.99999999999997,50.0,50.000000000000014,49.999999999999986,49.999999999999986,49.999999999999986,50.0,49.99999999999999,nan,nan,nan,nan,nan,nan,nan,49.99999999999999
131280.0,49.99999999999999,50.00000000000001,49.99999999999998,49.99999999999998,49.99999999999998,49.99999999999997,50.0,50.000000000000014,49.999999999999986,49.999999999999986,49.999999999999986,50.0,49.99999999999999,nan,nan,nan,nan,nan,nan,nan,49.99999999999999
131340.0,49.99999999999999,50.00000000000001,49.99999999999998,49.99999999999998,49.99999999999998,49.99999999999997,50.0,50.000000000000014,49.999999999999986,49.999999999999986,49.999999999999986,50.0,49.99999999999999,nan,nan,nan,nan,nan,nan,nan,49.99999999999999
131400.0,49.99999999999999,50.00000000000001,49.99999999999998,49.99999999999998,49.99999999999998,49.99999999999997,50.0,50.000000000000014,49.999999999999986,49.999999999999986,49.999999999999986,50.0,49.99999999999999,nan,nan,nan,nan,nan,nan,nan,49.99999999999999
131460.0,49.99999999999999,50.00000000000001,49.99999999999998,49.99999999999998,49.99999999999998,49.99999999999997,50.0,50.000000000000014,49.999999999999986,49.999999999999986,49.999999999999986,50.0,49.99999999999999,nan,nan,nan,nan,nan,nan,nan,49.99999999999999
131520.0,49.99999999999999,50.00000000000001,49.99999999999998,49.99999999999998,49.99999999999998,49.99999999999997,50.0,50.000000000000014,49.999999999999986,49.999999999999986,49.999999999999986,50.0,49.99999999999999,nan,nan,nan,nan,nan,nan,nan,49.99999999999999
131580.0,49.99999999999999,50.00000000000001,49.99999999999998,49.99999999999998,49.99999999999998,49.99999999999997,50.0,50.000000000000014,49.999999999999986,49.999999999999986,49.999999999999986,50.0,49.99999999999999,nan,nan,nan,nan,nan,nan,nan,49.99999999999999
131640.0,49.99999999999999,50.00000000000001,49.99999999999998,49.99999999999998,49.99999999999998,49.99999999999997,50.0,50.000000000000014,49.999999999999986,49.999999999999986,49.999999999999986,50.0,49.99999999999999,nan,nan,nan,nan,nan,nan,nan,49.99999999999999
131700.0,49.99999999999999,50.00000000000001,49.99999999999998,49.99999999999998,49.99999999999998,49.99999999999997,50.0,50.000000000000014,49.999999999999986,49.999999999999986,49.999999999999986,50.0,49.99999999999999,nan,nan,nan,nan,nan,nan,nan,49.99999999999999
131760.0,49.99999999999999,50.00000000000001,49.99999999999998,49.99999999999998,49.99999999999998,49.99999999999997,50.0,50.000000000000014,49.999999999999986,49.999999999999986,49.999999999999986,50.0,49.99999999999999,nan,nan,nan,nan,nan,nan,nan,49.99999999999999
131820.0,49.99999999999999,50.00000000000001,49.99999999999998,49.99999999999998,49.99999999999998,49.99999999999997,50.0,50.000000000000014,49.999999999999986,49.999999999999986,49.999999999999986,50.0,49.99999999999999,nan,nan,nan,nan,nan,nan,nan,49.99999999999999
131880.0,49.99999999999999,50.00000000000001,49.99999999999998,49.99999999999998,49.99999999999998,49.99999999999997,50.0,50.000000000000014,49.999999999999986,49.999999999999986,49.999999999999986,50.0,49.99999999999999,nan,nan,nan,nan,nan,nan,nan,49.99999999999999
131940.0,49.99999999999999,50.00000000000001,49.99999999999998,49.99999999999998,49.99999999999998,49.99999999999997,50.0,50.000000000000014,49.999999999999986,49.999999999999986,49.999999999999986,50.0,49.99999999999999,nan,nan,nan,nan,nan,nan,nan,49.99999999999999
132000.0,49.99999999999999,50.00000000000001,49.99999999999998,49.99999999999998,49.99999999999998,49.99999999999997,50.0,50.000000000000014,49.999999999999986,49.999999999999986,49.999999999999986,50.0,49.99999999999999,nan,nan,nan,nan,nan,nan,nan,49.99999999999999
132060.0,49.99999999999999,50.00000000000001,49.99999999999998,49.99999999999998,49.99999999999998,49.99999999999997,50.0,50.000000000000014,49.999999999999986,49.999999999999986,49.999999999999986,50.0,49.99999999999999,nan,nan,nan,nan,nan,nan,nan,49.99999999999999
132120.0,49.99999999999999,50.00000000000001,49.99999999999998,49.99999999999998,49.99999999999998,49.99999999999997,50.0,50.000000000000014,49.999999999999986,49.999999999999986,49.999999999999986,50.0,49.99999999999999,nan,nan,nan,nan,nan,nan,nan,49.99999999999999
132180.0,49.99999999999999,50.00000000000001,49.99999999999998,49.99999999999998,49.99999999999998,49.99999999999997,50.0,50.000000000000014,49.999999999999986,49.999999999999986,49.999999999999986,50.0,49.99999999999999,nan,nan,nan,nan,nan,nan,nan,49.99999999999999
132240.0,49.99999999999999,50.00000000000001,49.99999999999998,49.99999999999998,49.99999999999998,49.99999999999997,50.0,50.000000000000014,49.999999999999986,49.999999999999986,49.999999999999986,50.0,49.99999999999999,nan,nan,nan,nan,nan,nan,nan,49.99999999999999
132300.0,49.99999999999999,50.00000000000001,49.99999999999998,49.99999999999998,49.99999999999998,49.99999999999997,50.0,50.000000000000014,49.999999999999986,49.999999999999986,49.999999999999986,50.0,49.99999999999999,nan,nan,nan,nan,nan,nan,nan,49.99999999999999
132360.0,49.99999999999999,50.00000000000001,49.99999999999998,49.99999999999998,49.99999999999998,49.99999999999997,50.0,50.000000000000014,49.999999999999986,49.999999999999986,49.999999999999986,50.0,49.99999999999999,nan,nan,nan,nan,nan,nan,nan,49.99999999999999
132420.0,49.99999999999999,50.00000000000001,49.99999999999998,49.99999999999998,49.99999999999998,49.99999999999997,50.0,50.000000000000014,49.999999999999986,49.999999999999986,49.999999999999986,50.0,49.99999999999999,nan,nan,nan,nan,nan,nan,nan,49.99999999999999
132480.0,49.99999999999999,50.00000000000001,49.99999999999998,49.99999999999998,49.99999999999998,49.99999999999997,50.0,50.000000000000014,49.999999999999986,49.999999999999986,49.999999999999986,50.0,49.99999999999999,nan,nan,nan,nan,nan,nan,nan,49.99999999999999
132540.0,49.99999999999999,50.00000000000001,49.99999999999998,49.99999999999998,49.99999999999998,49.99999999999997,50.0,50.000000000000014,49.999999999999986,49.999999999999986,49.999999999999986,50.0,49.99999999999999,nan,nan,nan,nan,nan,nan,nan,49.99999999999999
132600.0,49.99999999999999,50.00000000000001,49.99999999999998,49.99999999999998,49.99999999999998,49.99999999999997,50.0,50.000000000000014,49.999999999999986,49.999999999999986,49.999999999999986,50.0,49.99999999999999,nan,nan,nan,nan,nan,nan,nan,49.99999999999999
132660.0,49.99999999999999,50.00000000000001,49.99999999999998,49.99999999999998,49.99999999999998,49.99999999999997,50.0,50.000000000000014,49.999999999999986,49.999999999999986,49.999999999999986,50.0,49.99999999999999,nan,nan,nan,nan,nan,nan,nan,49.99999999999999
132720.0,49.99999999999999,50.00000000000001,49.99999999999998,49.99999999999998,49.99999999999998,49.99999999999997,50.0,50.000000000000014,49.999999999999986,49.999999999999986,49.999999999999986,50.0,49.99999999999999,nan,nan,nan,nan,nan,nan,nan,49.99999999999999
132780.0,49.99999999999999,50.00000000000001,49.99999999999998,49.99999999999998,49.99999999999998,49.99999999999997,50.0,50.000000000000014,49.999999999999986,49.999999999999986,49.999999999999986,50.0,49.99999999999999,nan,nan,nan,nan,nan,nan,nan,49.99999999999999
132840.0,49.99999999999999,50.00000000000001,49.99999999999998,49.99999999999998,49.99999999999998,49.99999999999997,50.0,50.000000000000014,49.999999999999986,49.999999999999986,49.999999999999986,50.0,49.99999999999999,nan,nan,nan,nan,nan,nan,nan,49.99999999999999
132900.0,49.99999999999999,50.00000000000001,49.99999999999998,49.99999999999998,49.99999999999998,49.99999999999997,50.0,50.000000000000014,49.999999999999986,49.999999999999986,49.999999999999986,50.0,49.99999999999999,nan,nan,nan,nan,nan,nan,nan,49.99999999999999
132960.0,49.99999999999999,50.00000000000001,49.99999999999998,49.99999999999998,49.99999999999998,49.99999999999997,50.0,50.000000000000014,49.999999999999986,49.999999999999986,49.999999999999986,50.0,49.99999999999999,nan,nan,nan,nan,nan,nan,nan,49.99999999999999
133020.0,49.99999999999999,50.00000000000001,49.99999999999998,49.99999999999998,49.99999999999998,49.99999999999997,50.0,50.000000000000014,49.999999999999986,49.999999999999986,49.999999999999986,50.0,49.99999999999999,nan,nan,nan,nan,nan,nan,nan,49.99999999999999
133080.0,49.99999999999999,50.00000000000001,49.99999999999998,49.99999999999998,49.99999999999998,49.99999999999997,50.0,50.000000000000014,49.999999999999986,49.999999999999986,49.999999999999986,50.0,49.99999999999999,nan,nan,nan,nan,nan,nan,nan,49.99999999999999
133140.0,49.99999999999999,50.00000000000001,49.99999999999998,49.99999999999998,49.99999999999998,49.99999999999997,50.0,50.000000000000014,49.999999999999986,49.999999999999986,49.999999999999986,50.0,49.99999999999999,nan,nan,nan,nan,nan,nan,nan,49.99999999999999
133200.0,49.99999999999999,50.00000000000001,49.99999999999998,49.99999999999998,49.99999999999998,49.99999999999997,50.0,50.000000000000014,49.999999999999986,49.999999999999986,49.999999999999986,50.0,49.99999999999999,nan,nan,nan,nan,nan,nan,nan,49.99999999999999
133260.0,49.99999999999999,50.00000000000001,49.99999999999998,49.99999999999998,49.99999999999998,49.99999999999997,50.0,50.000000000000014,49.999999999999986,49.999999999999986,49.999999999999986,50.0,49.99999999999999,nan,nan,nan,nan,nan,nan,nan,49.99999999999999
133320.0,49.99999999999999,50.00000000000001,49.99999999999998,49.99999999999998,49.99999999999998,49.99999999999997,50.0,50.000000000000014,49.999999999999986,49.999999999999986,49.999999999999986,50.0,49.99999999999999,nan,nan,nan,nan,nan,nan,nan,49.99999999999999
133380.0,49.99999999999999,50.00000000000001,49.99999999999998,49.99999999999998,49.99999999999998,49.99999999999997,50.0,50.000000000000014,49.999999999999986,49.999999999999986,49.999999999999986,50.0,49.99999999999999,nan,nan,nan,nan,nan,nan,nan,49.99999999999999
133440.0,49.99999999999999,50.00000000000001,49.99999999999998,49.99999999999998,49.99999999999998,49.99999999999997,50.0,50.000000000000014,49.999999999999986,49.999999999999986,49.999999999999986,50.0,49.99999999999999,nan,nan,nan,nan,nan,nan,nan,49.99999999999999
133500.0,49.99999999999999,50.00000000000001,49.99999999999998,49.99999999999998,49.99999999999998,49.99999999999997,50.0,50.000000000000014,49.999999999999986,49.999999999999986,49.999999999999986,50.0,49.99999999999999,nan,nan,nan,nan,nan,nan,nan,49.99999999999999
133560.0,49.99999999999999,50.00000000000001,49.99999999999998,49.99999999999998,49.99999999999998,49.99999999999997,50.0,50.000000000000014,49.999999999999986,49.999999999999986,49.999999999999986,50.0,49.99999999999999,nan,nan,nan,nan,nan,nan,nan,49.99999999999999
133620.0,49.99999999999999,50.00000000000001,49.99999999999998,49.99999999999998,49.99999999999998,49.99999999999997,50.0,50.000000000000014,49.999999999999986,49.999999999999986,49.999999999999986,50.0,49.99999999999999,nan,nan,nan,nan,nan,nan,nan,49.99999999999999
133680.0,49.99999999999999,50.00000000000001,49.99999999999998,49.99999999999998,49.99999999999998,49.99999999999997,50.0,50.000000000000014,49.999999999999986,49.999999999999986,49.999999999999986,50.0,49.99999999999999,nan,nan,nan,nan,nan,nan,nan,49.99999999999999
133740.0,49.99999999999999,50.00000000000001,49.99999999999998,49.99999999999998,49.99999999999998,49.99999999999997,50.0,50.000000000000014,49.999999999999986,49.999999999999986,49.999999999999986,50.0,49.99999999999999,nan,nan,nan,nan,nan,nan,nan,49.99999999999999
133800.0,49.99999999999999,50.00000000000001,49.99999999999998,49.99999999999998,49.99999999999998,49.99999999999997,50.0,50.000000000000014,49.999999999999986,49.999999999999986,49.999999999999986,50.0,49.99999999999999,nan,nan,nan,nan,nan,nan,nan,49.99999999999999
133860.0,49.99999999999999,50.00000000000001,49.99999999999998,49.99999999999998,49.99999999999998,49.99999999999997,50.0,50.000000000000014,49.999999999999986,49.999999999999986,49.999999999999986,50.0,49.99999999999999,nan,nan,nan,nan,nan,nan,nan,49.99999999999999
133920.0,49.99999999999999,50.00000000000001,49.99999999999998,49.99999999999998,49.99999999999998,49.99999999999997,50.0,50.000000000000014,49.999999999999986,49.999999999999986,49.999999999999986,50.0,49.99999999999999,nan,nan,nan,nan,nan,nan,nan,49.99999999999999
133980.0,49.99999999999999,50.00000000000001,49.99999999999998,49.99999999999998,49.99999999999998,49.99999999999997,50.0,50.000000000000014,49.999999999999986,49.999999999999986,49.999999999999986,50.0,49.99999999999999,nan,nan,nan,nan,nan,nan,nan,49.99999999999999
134040.0,49.99999999999999,50.00000000000001,49.99999999999998,49.99999999999998,49.99999999999998,49.99999999999997,50.0,50.000000000000014,49.999999999999986,49.999999999999986,49.999999999999986,50.0,49.99999999999999,nan,nan,nan,nan,nan,nan,nan,49.99999999999999
134100.0,49.99999999999999,50.00000000000001,49.99999999999998,49.99999999999998,49.99999999999998,49.99999999999997,50.0,50.000000000000014,49.999999999999986,49.999999999999986,49.999999999999986,50.0,49.99999999999999,nan,nan,nan,nan,nan,nan,nan,49.99999999999999
134160.0,49.99999999999999,50.00000000000001,49.99999999999998,49.99999999999998,49.99999999999998,49.99999999999997,50.0,50.000000000000014,49.999999999999986,49.999999999999986,49.999999999999986,50.0,49.99999999999999,nan,nan,nan,nan,nan,nan,nan,49.99999999999999
134220.0,49.99999999999999,50.00000000000001,49.99999999999998,49.99999999999998,49.99999999999998,49.99999999999997,50.0,50.000000000000014,49.999999999999986,49.999999999999986,49.999999999999986,50.0,49.99999999999999,nan,nan,nan,nan,nan,nan,nan,49.99999999999999
134280.0,49.99999999999999,50.00000000000001,49.99999999999998,49.99999999999998,49.99999999999998,49.99999999999997,50.0,50.000000000000014,49.999999999999986,49.999999999999986,49.999999999999986,50.0,49.99999999999999,nan,nan,nan,nan,nan,nan,nan,49.99999999999999
134340.0,49.99999999999999,50.00000000000001,49.99999999999998,49.99999999999998,49.99999999999998,49.99999999999997,50.0,50.000000000000014,49.999999999999986,49.999999999999986,49.999999999999986,50.0,49.99999999999999,nan,nan,nan,nan,nan,nan,nan,49.99999999999999
134400.0,49.99999999999999,50.00000000000001,49.99999999999998,49.99999999999998,49.99999999999998,49.99999999999997,50.0,50.000000000000014,49.999999999999986,49.999999999999986,49.999999999999986,50.0,49.99999999999999,nan,nan,nan,nan,nan,nan,nan,49.99999999999999
134460.0,49.99999999999999,50.00000000000001,49.99999999999998,49.99999999999998,49.99999999999998,49.99999999999997,50.0,50.000000000000014,49.999999999999986,49.999999999999986,49.999999999999986,50.0,49.99999999999999,nan,nan,nan,nan,nan,nan,nan,49.99999999999999
134520.0,49.99999999999999,50.00000000000001,49.99999999999998,49.99999999999998,49.99999999999998,49.99999999999997,50.0,50.000000000000014,49.999999999999986,49.999999999999986,49.999999999999986,50.0,49.99999999999999,nan,nan,nan,nan,nan,nan,nan,49.99999999999999
134580.0,49.99999999999999,50.00000000000001,49.99999999999998,49.99999999999998,49.99999999999998,49.99999999999997,50.0,50.000000000000014,49.999999999999986,49.999999999999986,49.999999999999986,50.0,49.99999999999999,nan,nan,nan,nan,nan,nan,nan,49.99999999999999
134640.0,49.99999999999999,50.00000000000001,49.99999999999998,49.99999999999998,49.99999999999998,49.99999999999997,50.0,50.000000000000014,49.999999999999986,49.999999999999986,49.999999999999986,50.0,49.99999999999999,nan,nan,nan,nan,nan,nan,nan,49.99999999999999
134700.0,49.99999999999999,50.00000000000001,49.99999999999998,49.99999999999998,49.99999999999998,49.99999999999997,50.0,50.000000000000014,49.999999999999986,49.999999999999986,49.999999999999986,50.0,49.99999999999999,nan,nan,nan,nan,nan,nan,nan,49.99999999999999
134760.0,49.99999999999999,50.00000000000001,49.99999999999998,49.99999999999998,49.99999999999998,49.99999999999997,50.0,50.000000000000014,49.999999999999986,49.999999999999986,49.999999999999986,50.0,49.99999999999999,nan,nan,nan,nan,nan,nan,nan,49.99999999999999
134820.0,49.99999999999999,50.00000000000001,49.99999999999998,49.99999999999998,49.99999999999998,49.99999999999997,50.0,50.000000000000014,49.999999999999986,49.999999999999986,49.999999999999986,50.0,49.99999999999999,nan,nan,nan,nan,nan,nan,nan,49.99999999999999
134880.0,49.99999999999999,50.00000000000001,49.99999999999998,49.99999999999998,49.99999999999998,49.99999999999997,50.0,50.000000000000014,49.999999999999986,49.999999999999986,49.999999999999986,50.0,49.99999999999999,nan,nan,nan,nan,nan,nan,nan,49.99999999999999
134940.0,49.99999999999999,50.00000000000001,49.99999999999998,49.99999999999998,49.99999999999998,49.99999999999997,50.0,50.000000000000014,49.999999999999986,49.999999999999986,49.999999999999986,50.0,49.99999999999999,nan,nan,nan,nan,nan,nan,nan,49.99999999999999
135000.0,49.99999999999999,50.00000000000001,49.99999999999998,49.99999999999998,49.99999999999998,49.99999999999997,50.0,50.000000000000014,49.999999999999986,49.999999999999986,49.999999999999986,50.0,49.99999999999999,nan,nan,nan,nan,nan,nan,nan,49.99999999999999
135060.0,49.99999999999999,50.00000000000001,49.99999999999998,49.99999999999998,49.99999999999998,49.99999999999997,50.0,50.000000000000014,49.999999999999986,49.999999999999986,49.999999999999986,50.0,49.99999999999999,nan,nan,nan,nan,nan,nan,nan,49.99999999999999
135120.0,49.99999999999999,50.00000000000001,49.99999999999998,49.99999999999998,49.99999999999998,49.99999999999997,50.0,50.000000000000014,49.999999999999986,49.999999999999986,49.999999999999986,50.0,49.99999999999999,nan,nan,nan,nan,nan,nan,nan,49.99999999999999
135180.0,49.99999999999999,50.00000000000001,49.99999999999998,49.99999999999998,49.99999999999998,49.99999999999997,50.0,50.000000000000014,49.999999999999986,49.999999999999986,49.999999999999986,50.0,49.99999999999999,nan,nan,nan,nan,nan,nan,nan,49.99999999999999
135240.0,49.99999999999999,50.00000000000001,49.99999999999998,49.99999999999998,49.99999999999998,49.99999999999997,50.0,50.000000000000014,49.999999999999986,49.999999999999986,49.999999999999986,50.0,49.99999999999999,nan,nan,nan,nan,nan,nan,nan,49.99999999999999
135300.0,49.99999999999999,50.00000000000001,49.99999999999998,49.99999999999998,49.99999999999998,49.99999999999997,50.0,50.000000000000014,49.999999999999986,49.999999999999986,49.999999999999986,50.0,49.99999999999999,nan,nan,nan,nan,nan,nan,nan,49.99999999999999
135360.0,49.99999999999999,50.00000000000001,49.99999999999998,49.99999999999998,49.99999999999998,49.99999999999997,50.0,50.000000000000014,49.999999999999986,49.999999999999986,49.999999999999986,50.0,49.99999999999999,nan,nan,nan,nan,nan,nan,nan,49.99999999999999
135420.0,49.99999999999999,50.00000000000001,49.99999999999998,49.99999999999998,49.99999999999998,49.99999999999997,50.0,50.000000000000014,49.999999999999986,49.999999999999986,49.999999999999986,50.0,49.99999999999999,nan,nan,nan,nan,nan,nan,nan,49.99999999999999
135480.0,49.99999999999999,50.00000000000001,49.99999999999998,49.99999999999998,49.99999999999998,49.99999999999997,50.0,50.000000000000014,49.999999999999986,49.999999999999986,49.999999999999986,50.0,49.99999999999999,nan,nan,nan,nan,nan,nan,nan,49.99999999999999
135540.0,49.99999999999999,50.00000000000001,49.99999999999998,49.99999999999998,49.99999999999998,49.99999999999997,50.0,50.000000000000014,49.999999999999986,49.999999999999986,49.999999999999986,50.0,49.99999999999999,nan,nan,nan,nan,nan,nan,nan,49.99999999999999
135600.0,49.99999999999999,50.00000000000001,49.99999999999998,49.99999999999998,49.99999999999998,49.99999999999997,50.0,50.000000000000014,49.999999999999986,49.999999999999986,49.999999999999986,50.0,49.99999999999999,nan,nan,nan,nan,nan,nan,nan,49.99999999999999
135660.0,49.99999999999999,50.00000000000001,49.99999999999998,49.99999999999998,49.99999999999998,49.99999999999997,50.0,50.000000000000014,49.999999999999986,49.999999999999986,49.999999999999986,50.0,49.99999999999999,nan,nan,nan,nan,nan,nan,nan,49.99999999999999
135720.0,49.99999999999999,50.00000000000001,49.99999999999998,49.99999999999998,49.99999999999998,49.99999999999997,50.0,50.000000000000014,49.999999999999986,49.999999999999986,49.999999999999986,50.0,49.99999999999999,nan,nan,nan,nan,nan,nan,nan,49.99999999999999
135780.0,49.99999999999999,50.00000000000001,49.99999999999998,49.99999999999998,49.99999999999998,49.99999999999997,50.0,50.000000000000014,49.999999999999986,49.999999999999986,49.999999999999986,50.0,49.99999999999999,nan,nan,nan,nan,nan,nan,nan,49.99999999999999
135840.0,49.99999999999999,50.00000000000001,49.99999999999998,49.99999999999998,49.99999999999998,49.99999999999997,50.0,50.000000000000014,49.999999999999986,49.999999999999986,49.999999999999986,50.0,49.99999999999999,nan,nan,nan,nan,nan,nan,nan,49.99999999999999
135900.0,49.99999999999999,50.00000000000001,49.99999999999998,49.99999999999998,49.99999999999998,49.99999999999997,50.0,50.000000000000014,49.999999999999986,49.999999999999986,49.999999999999986,50.0,49.99999999999999,nan,nan,nan,nan,nan,nan,nan,49.99999999999999
135960.0,49.99999999999999,50.00000000000001,49.99999999999998,49.99999999999998,49.99999999999998,49.99999999999997,50.0,50.000000000000014,49.999999999999986,49.999999999999986,49.999999999999986,50.0,49.99999999999999,nan,nan,nan,nan,nan,nan,nan,49.99999999999999
136020.0,49.99999999999999,50.00000000000001,49.99999999999998,49.99999999999998,49.99999999999998,49.99999999999997,50.0,50.000000000000014,49.999999999999986,49.999999999999986,49.999999999999986,50.0,49.99999999999999,nan,nan,nan,nan,nan,nan,nan,49.99999999999999
136080.0,49.99999999999999,50.00000000000001,49.99999999999998,49.99999999999998,49.99999999999998,49.99999999999997,50.0,50.000000000000014,49.999999999999986,49.999999999999986,49.999999999999986,50.0,49.99999999999999,nan,nan,nan,nan,nan,nan,nan,49.99999999999999
136140.0,49.99999999999999,50.00000000000001,49.99999999999998,49.99999999999998,49.99999999999998,49.99999999999997,50.0,50.000000000000014,49.999999999999986,49.999999999999986,49.999999999999986,50.0,49.99999999999999,nan,nan,nan,nan,nan,nan,nan,49.99999999999999
136200.0,49.99999999999999,50.00000000000001,49.99999999999998,49.99999999999998,49.99999999999998,49.99999999999997,50.0,50.000000000000014,49.999999999999986,49.999999999999986,49.999999999999986,50.0,49.99999999999999,nan,nan,nan,nan,nan,nan,nan,49.99999999999999
136260.0,49.99999999999999,50.00000000000001,49.99999999999998,49.99999999999998,49.99999999999998,49.99999999999997,50.0,50.000000000000014,49.999999999999986,49.999999999999986,49.999999999999986,50.0,49.99999999999999,nan,nan,nan,nan,nan,nan,nan,49.99999999999999
136320.0,49.99999999999999,50.00000000000001,49.99999999999998,49.99999999999998,49.99999999999998,49.99999999999997,50.0,50.000000000000014,49.999999999999986,49.999999999999986,49.999999999999986,50.0,49.99999999999999,nan,nan,nan,nan,nan,nan,nan,49.99999999999999
136380.0,49.99999999999999,50.00000000000001,49.99999999999998,49.99999999999998,49.99999999999998,49.99999999999997,50.0,50.000000000000014,49.999999999999986,49.999999999999986,49.999999999999986,50.0,49.99999999999999,nan,nan,nan,nan,nan,nan,nan,49.99999999999999
136440.0,49.99999999999999,50.00000000000001,49.99999999999998,49.99999999999998,49.99999999999998,49.99999999999997,50.0,50.000000000000014,49.999999999999986,49.999999999999986,49.999999999999986,50.0,49.99999999999999,nan,nan,nan,nan,nan,nan,nan,49.99999999999999
136500.0,49.99999999999999,50.00000000000001,49.99999999999998,49.99999999999998,49.99999999999998,49.99999999999997,50.0,50.000000000000014,49.999999999999986,49.999999999999986,49.999999999999986,50.0,49.99999999999999,nan,nan,nan,nan,nan,nan,nan,49.99999999999999
136560.0,49.99999999999999,50.00000000000001,49.99999999999998,49.99999999999998,49.99999999999998,49.99999999999997,50.0,50.000000000000014,49.999999999999986,49.999999999999986,49.999999999999986,50.0,49.99999999999999,nan,nan,nan,nan,nan,nan,nan,49.99999999999999
136620.0,49.99999999999999,50.00000000000001,49.99999999999998,49.99999999999998,49.99999999999998,49.99999999999997,50.0,50.000000000000014,49.999999999999986,49.999999999999986,49.999999999999986,50.0,49.99999999999999,nan,nan,nan,nan,nan,nan,nan,49.99999999999999
136680.0,49.99999999999999,50.00000000000001,49.99999999999998,49.99999999999998,49.99999999999998,49.99999999999997,50.0,50.000000000000014,49.999999999999986,49.999999999999986,49.999999999999986,50.0,49.99999999999999,nan,nan,nan,nan,nan,nan,nan,49.99999999999999
136740.0,49.99999999999999,50.00000000000001,49.99999999999998,49.99999999999998,49.99999999999998,49.99999999999997,50.0,50.000000000000014,49.999999999999986,49.999999999999986,49.999999999999986,50.0,49.99999999999999,nan,nan,nan,nan,nan,nan,nan,49.99999999999999
136800.0,49.99999999999999,50.00000000000001,49.99999999999998,49.99999999999998,49.99999999999998,49.99999999999997,50.0,50.000000000000014,49.999999999999986,49.999999999999986,49.999999999999986,50.0,49.99999999999999,nan,nan,nan,nan,nan,nan,nan,49.99999999999999
136860.0,49.99999999999999,50.00000000000001,49.99999999999998,49.99999999999998,49.99999999999998,49.99999999999997,50.0,50.000000000000014,49.999999999999986,49.999999999999986,49.999999999999986,50.0,49.99999999999999,nan,nan,nan,nan,nan,nan,nan,49.99999999999999
136920.0,49.99999999999999,50.00000000000001,49.99999999999998,49.99999999999998,49.99999999999998,49.99999999999997,50.0,50.000000000000014,49.999999999999986,49.999999999999986,49.999999999999986,50.0,49.99999999999999,nan,nan,nan,nan,nan,nan,nan,49.99999999999999
136980.0,49.99999999999999,50.00000000000001,49.99999999999998,49.99999999999998,49.99999999999998,49.99999999999997,50.0,50.000000000000014,49.999999999999986,49.999999999999986,49.999999999999986,50.0,49.99999999999999,nan,nan,nan,nan,nan,nan,nan,49.99999999999999
137040.0,49.99999999999999,50.00000000000001,49.99999999999998,49.99999999999998,49.99999999999998,49.99999999999997,50.0,50.000000000000014,49.999999999999986,49.999999999999986,49.999999999999986,50.0,49.99999999999999,nan,nan,nan,nan,nan,nan,nan,49.99999999999999
137100.0,49.99999999999999,50.00000000000001,49.99999999999998,49.99999999999998,49.99999999999998,49.99999999999997,50.0,50.000000000000014,49.999999999999986,49.999999999999986,49.999999999999986,50.0,49.99999999999999,nan,nan,nan,nan,nan,nan,nan,49.99999999999999
137160.0,49.99999999999999,50.00000000000001,49.99999999999998,49.99999999999998,49.99999999999998,49.99999999999997,50.0,50.000000000000014,49.999999999999986,49.999999999999986,49.999999999999986,50.0,49.99999999999999,nan,nan,nan,nan,nan,nan,nan,49.99999999999999
137220.0,49.99999999999999,50.00000000000001,49.99999999999998,49.99999999999998,49.99999999999998,49.99999999999997,50.0,50.000000000000014,49.999999999999986,49.999999999999986,49.999999999999986,50.0,49.99999999999999,nan,nan,nan,nan,nan,nan,nan,49.99999999999999
137280.0,49.99999999999999,50.00000000000001,49.99999999999998,49.99999999999998,49.99999999999998,49.99999999999997,50.0,50.000000000000014,49.999999999999986,49.999999999999986,49.999999999999986,50.0,49.99999999999999,nan,nan,nan,nan,nan,nan,nan,49.99999999999999
137340.0,49.99999999999999,50.00000000000001,49.99999999999998,49.99999999999998,49.99999999999998,49.99999999999997,50.0,50.000000000000014,49.999999999999986,49.999999999999986,49.999999999999986,50.0,49.99999999999999,nan,nan,nan,nan,nan,nan,nan,49.99999999999999
137400.0,49.99999999999999,50.00000000000001,49.99999999999998,49.99999999999998,49.99999999999998,49.99999999999997,50.0,50.000000000000014,49.999999999999986,49.999999999999986,49.999999999999986,50.0,49.99999999999999,nan,nan,nan,nan,nan,nan,nan,49.99999999999999
137460.0,49.99999999999999,50.00000000000001,49.99999999999998,49.99999999999998,49.99999999999998,49.99999999999997,50.0,50.000000000000014,49.999999999999986,49.999999999999986,49.999999999999986,50.0,49.99999999999999,nan,nan,nan,nan,nan,nan,nan,49.99999999999999
137520.0,49.99999999999999,50.00000000000001,49.99999999999998,49.99999999999998,49.99999999999998,49.99999999999997,50.0,50.000000000000014,49.999999999999986,49.999999999999986,49.999999999999986,50.0,49.99999999999999,nan,nan,nan,nan,nan,nan,nan,49.99999999999999
137580.0,49.99999999999999,50.00000000000001,49.99999999999998,49.99999999999998,49.99999999999998,49.99999999999997,50.0,50.000000000000014,49.999999999999986,49.999999999999986,49.999999999999986,50.0,49.99999999999999,nan,nan,nan,nan,nan,nan,nan,49.99999999999999
137640.0,49.99999999999999,50.00000000000001,49.99999999999998,49.99999999999998,49.99999999999998,49.99999999999997,50.0,50.000000000000014,49.999999999999986,49.999999999999986,49.999999999999986,50.0,49.99999999999999,nan,nan,nan,nan,nan,nan,nan,49.99999999999999
137700.0,49.99999999999999,50.00000000000001,49.99999999999998,49.99999999999998,49.99999999999998,49.99999999999997,50.0,50.000000000000014,49.999999999999986,49.999999999999986,49.999999999999986,50.0,49.99999999999999,nan,nan,nan,nan,nan,nan,nan,49.99999999999999
137760.0,49.99999999999999,50.00000000000001,49.99999999999998,49.99999999999998,49.99999999999998,49.99999999999997,50.0,50.000000000000014,49.999999999999986,49.999999999999986,49.999999999999986,50.0,49.99999999999999,nan,nan,nan,nan,nan,nan,nan,49.99999999999999
137820.0,49.99999999999999,50.00000000000001,49.99999999999998,49.99999999999998,49.99999999999998,49.99999999999997,50.0,50.000000000000014,49.999999999999986,49.999999999999986,49.999999999999986,50.0,49.99999999999999,nan,nan,nan,nan,nan,nan,nan,49.99999999999999
137880.0,49.99999999999999,50.00000000000001,49.99999999999998,49.99999999999998,49.99999999999998,49.99999999999997,50.0,50.000000000000014,49.999999999999986,49.999999999999986,49.999999999999986,50.0,49.99999999999999,nan,nan,nan,nan,nan,nan,nan,49.99999999999999
137940.0,49.99999999999999,50.00000000000001,49.99999999999998,49.99999999999998,49.99999999999998,49.99999999999997,50.0,50.000000000000014,49.999999999999986,49.999999999999986,49.999999999999986,50.0,49.99999999999999,nan,nan,nan,nan,nan,nan,nan,49.99999999999999
138000.0,49.99999999999999,50.00000000000001,49.99999999999998,49.99999999999998,49.99999999999998,49.99999999999997,50.0,50.000000000000014,49.999999999999986,49.999999999999986,49.999999999999986,50.0,49.99999999999999,nan,nan,nan,nan,nan,nan,nan,49.99999999999999
138060.0,49.99999999999999,50.00000000000001,49.99999999999998,49.99999999999998,49.99999999999998,49.99999999999997,50.0,50.000000000000014,49.999999999999986,49.999999999999986,49.999999999999986,50.0,49.99999999999999,nan,nan,nan,nan,nan,nan,nan,49.99999999999999
138120.0,49.99999999999999,50.00000000000001,49.99999999999998,49.99999999999998,49.99999999999998,49.99999999999997,50.0,50.000000000000014,49.999999999999986,49.999999999999986,49.999999999999986,50.0,49.99999999999999,nan,nan,nan,nan,nan,nan,nan,49.99999999999999
138180.0,49.99999999999999,50.00000000000001,49.99999999999998,49.99999999999998,49.99999999999998,49.99999999999997,50.0,50.000000000000014,49.999999999999986,49.999999999999986,49.999999999999986,50.0,49.99999999999999,nan,nan,nan,nan,nan,nan,nan,49.99999999999999
138240.0,49.99999999999999,50.00000000000001,49.99999999999998,49.99999999999998,49.99999999999998,49.99999999999997,50.0,50.000000000000014,49.999999999999986,49.999999999999986,49.999999999999986,50.0,49.99999999999999,nan,nan,nan,nan,nan,nan,nan,49.99999999999999
138300.0,49.99999999999999,50.00000000000001,49.99999999999998,49.99999999999998,49.99999999999998,49.99999999999997,50.0,50.000000000000014,49.999999999999986,49.999999999999986,49.999999999999986,50.0,49.99999999999999,nan,nan,nan,nan,nan,nan,nan,49.99999999999999
138360.0,49.99999999999999,50.00000000000001,49.99999999999998,49.99999999999998,49.99999999999998,49.99999999999997,50.0,50.000000000000014,49.999999999999986,49.999999999999986,49.999999999999986,50.0,49.99999999999999,nan,nan,nan,nan,nan,nan,nan,49.99999999999999
138420.0,49.99999999999999,50.00000000000001,49.99999999999998,49.99999999999998,49.99999999999998,49.99999999999997,50.0,50.000000000000014,49.999999999999986,49.999999999999986,49.999999999999986,50.0,49.99999999999999,nan,nan,nan,nan,nan,nan,nan,49.99999999999999
138480.0,49.99999999999999,50.00000000000001,49.99999999999998,49.99999999999998,49.99999999999998,49.99999999999997,50.0,50.000000000000014,49.999999999999986,49.999999999999986,49.999999999999986,50.0,49.99999999999999,nan,nan,nan,nan,nan,nan,nan,49.99999999999999
138540.0,49.99999999999999,50.00000000000001,49.99999999999998,49.99999999999998,49.99999999999998,49.99999999999997,50.0,50.000000000000014,49.999999999999986,49.999999999999986,49.999999999999986,50.0,49.99999999999999,nan,nan,nan,nan,nan,nan,nan,49.99999999999999
138600.0,49.99999999999999,50.00000000000001,49.99999999999998,49.99999999999998,49.99999999999998,49.99999999999997,50.0,50.000000000000014,49.999999999999986,49.999999999999986,49.999999999999986,50.0,49.99999999999999,nan,nan,nan,nan,nan,nan,nan,49.99999999999999
138660.0,49.99999999999999,50.00000000000001,49.99999999999998,49.99999999999998,49.99999999999998,49.99999999999997,50.0,50.000000000000014,49.999999999999986,49.999999999999986,49.999999999999986,50.0,49.99999999999999,nan,nan,nan,nan,nan,nan,nan,49.99999999999999
138720.0,49.99999999999999,50.00000000000001,49.99999999999998,49.99999999999998,49.99999999999998,49.99999999999997,50.0,50.000000000000014,49.999999999999986,49.999999999999986,49.999999999999986,50.0,49.99999999999999,nan,nan,nan,nan,nan,nan,nan,49.99999999999999
138780.0,49.99999999999999,50.00000000000001,49.99999999999998,49.99999999999998,49.99999999999998,49.99999999999997,50.0,50.000000000000014,49.999999999999986,49.999999999999986,49.999999999999986,50.0,49.99999999999999,nan,nan,nan,nan,nan,nan,nan,49.99999999999999
138840.0,49.99999999999999,50.00000000000001,49.99999999999998,49.99999999999998,49.99999999999998,49.99999999999997,50.0,50.000000000000014,49.999999999999986,49.999999999999986,49.999999999999986,50.0,49.99999999999999,nan,nan,nan,nan,nan,nan,nan,49.99999999999999
138900.0,49.99999999999999,50.00000000000001,49.99999999999998,49.99999999999998,49.99999999999998,49.99999999999997,50.0,50.000000000000014,49.999999999999986,49.999999999999986,49.999999999999986,50.0,49.99999999999999,nan,nan,nan,nan,nan,nan,nan,49.99999999999999
138960.0,49.99999999999999,50.00000000000001,49.99999999999998,49.99999999999998,49.99999999999998,49.99999999999997,50.0,50.000000000000014,49.999999999999986,49.999999999999986,49.999999999999986,50.0,49.99999999999999,nan,nan,nan,nan,nan,nan,nan,49.99999999999999
139020.0,49.99999999999999,50.00000000000001,49.99999999999998,49.99999999999998,49.99999999999998,49.99999999999997,50.0,50.000000000000014,49.999999999999986,49.999999999999986,49.999999999999986,50.0,49.99999999999999,nan,nan,nan,nan,nan,nan,nan,49.99999999999999
139080.0,49.99999999999999,50.00000000000001,49.99999999999998,49.99999999999998,49.99999999999998,49.99999999999997,50.0,50.000000000000014,49.999999999999986,49.999999999999986,49.999999999999986,50.0,49.99999999999999,nan,nan,nan,nan,nan,nan,nan,49.99999999999999
139140.0,49.99999999999999,50.00000000000001,49.99999999999998,49.99999999999998,49.99999999999998,49.99999999999997,50.0,50.000000000000014,49.999999999999986,49.999999999999986,49.999999999999986,50.0,49.99999999999999,nan,nan,nan,nan,nan,nan,nan,49.99999999999999
139200.0,49.99999999999999,50.00000000000001,49.99999999999998,49.99999999999998,49.99999999999998,49.99999999999997,50.0,50.000000000000014,49.999999999999986,49.999999999999986,49.999999999999986,50.0,49.99999999999999,nan,nan,nan,nan,nan,nan,nan,49.99999999999999
139260.0,49.99999999999999,50.00000000000001,49.99999999999998,49.99999999999998,49.99999999999998,49.99999999999997,50.0,50.000000000000014,49.999999999999986,49.999999999999986,49.999999999999986,50.0,49.99999999999999,nan,nan,nan,nan,nan,nan,nan,49.99999999999999
139320.0,49.99999999999999,50.00000000000001,49.99999999999998,49.99999999999998,49.99999999999998,49.99999999999997,50.0,50.000000000000014,49.999999999999986,49.999999999999986,49.999999999999986,50.0,49.99999999999999,nan,nan,nan,nan,nan,nan,nan,49.99999999999999
139380.0,49.99999999999999,50.00000000000001,49.99999999999998,49.99999999999998,49.99999999999998,49.99999999999997,50.0,50.000000000000014,49.999999999999986,49.999999999999986,49.999999999999986,50.0,49.99999999999999,nan,nan,nan,nan,nan,nan,nan,49.99999999999999
139440.0,49.99999999999999,50.00000000000001,49.99999999999998,49.99999999999998,49.99999999999998,49.99999999999997,50.0,50.000000000000014,49.999999999999986,49.999999999999986,49.999999999999986,50.0,49.99999999999999,nan,nan,nan,nan,nan,nan,nan,49.99999999999999
139500.0,49.99999999999999,50.00000000000001,49.99999999999998,49.99999999999998,49.99999999999998,49.99999999999997,50.0,50.000000000000014,49.999999999999986,49.999999999999986,49.999999999999986,50.0,49.99999999999999,nan,nan,nan,nan,nan,nan,nan,49.99999999999999
139560.0,49.99999999999999,50.00000000000001,49.99999999999998,49.99999999999998,49.99999999999998,49.99999999999997,50.0,50.000000000000014,49.999999999999986,49.999999999999986,49.999999999999986,50.0,49.99999999999999,nan,nan,nan,nan,nan,nan,nan,49.99999999999999
139620.0,49.99999999999999,50.00000000000001,49.99999999999998,49.99999999999998,49.99999999999998,49.99999999999997,50.0,50.000000000000014,49.999999999999986,49.999999999999986,49.999999999999986,50.0,49.99999999999999,nan,nan,nan,nan,nan,nan,nan,49.99999999999999
139680.0,49.99999999999999,50.00000000000001,49.99999999999998,49.99999999999998,49.99999999999998,49.99999999999997,50.0,50.000000000000014,49.999999999999986,49.999999999999986,49.999999999999986,50.0,49.99999999999999,nan,nan,nan,nan,nan,nan,nan,49.99999999999999
139740.0,49.99999999999999,50.00000000000001,49.99999999999998,49.99999999999998,49.99999999999998,49.99999999999997,50.0,50.000000000000014,49.999999999999986,49.999999999999986,49.999999999999986,50.0,49.99999999999999,nan,nan,nan,nan,nan,nan,nan,49.99999999999999
139800.0,49.99999999999999,50.00000000000001,49.99999999999998,49.99999999999998,49.99999999999998,49.99999999999997,50.0,50.000000000000014,49.999999999999986,49.999999999999986,49.999999999999986,50.0,49.99999999999999,nan,nan,nan,nan,nan,nan,nan,49.99999999999999
139860.0,49.99999999999999,50.00000000000001,49.99999999999998,49.99999999999998,49.99999999999998,49.99999999999997,50.0,50.000000000000014,49.999999999999986,49.999999999999986,49.999999999999986,50.0,49.99999999999999,nan,nan,nan,nan,nan,nan,nan,49.99999999999999
139920.0,49.99999999999999,50.00000000000001,49.99999999999998,49.99999999999998,49.99999999999998,49.99999999999997,50.0,50.000000000000014,49.999999999999986,49.999999999999986,49.999999999999986,50.0,49.99999999999999,nan,nan,nan,nan,nan,nan,nan,49.99999999999999
139980.0,49.99999999999999,50.00000000000001,49.99999999999998,49.99999999999998,49.99999999999998,49.99999999999997,50.0,50.000000000000014,49.999999999999986,49.999999999999986,49.999999999999986,50.0,49.99999999999999,nan,nan,nan,nan,nan,nan,nan,49.99999999999999
140040.0,49.99999999999999,50.00000000000001,49.99999999999998,49.99999999999998,49.99999999999998,49.99999999999997,50.0,50.000000000000014,49.999999999999986,49.999999999999986,49.999999999999986,50.0,49.99999999999999,nan,nan,nan,nan,nan,nan,nan,49.99999999999999
140100.0,49.99999999999999,50.00000000000001,49.99999999999998,49.99999999999998,49.99999999999998,49.99999999999997,50.0,50.000000000000014,49.999999999999986,49.999999999999986,49.999999999999986,50.0,49.99999999999999,nan,nan,nan,nan,nan,nan,nan,49.99999999999999
140160.0,49.99999999999999,50.00000000000001,49.99999999999998,49.99999999999998,49.99999999999998,49.99999999999997,50.0,50.000000000000014,49.999999999999986,49.999999999999986,49.999999999999986,50.0,49.99999999999999,nan,nan,nan,nan,nan,nan,nan,49.99999999999999
140220.0,49.99999999999999,50.00000000000001,49.99999999999998,49.99999999999998,49.99999999999998,49.99999999999997,50.0,50.000000000000014,49.999999999999986,49.999999999999986,49.999999999999986,50.0,49.99999999999999,nan,nan,nan,nan,nan,nan,nan,49.99999999999999
140280.0,49.99999999999999,50.00000000000001,49.99999999999998,49.99999999999998,49.99999999999998,49.99999999999997,50.0,50.000000000000014,49.999999999999986,49.999999999999986,49.999999999999986,50.0,49.99999999999999,nan,nan,nan,nan,nan,nan,nan,49.99999999999999
140340.0,49.99999999999999,50.00000000000001,49.99999999999998,49.99999999999998,49.99999999999998,49.99999999999997,50.0,50.000000000000014,49.999999999999986,49.999999999999986,49.999999999999986,50.0,49.99999999999999,nan,nan,nan,nan,nan,nan,nan,49.99999999999999
140400.0,49.99999999999999,50.00000000000001,49.99999999999998,49.99999999999998,49.99999999999998,49.99999999999997,50.0,50.000000000000014,49.999999999999986,49.999999999999986,49.999999999999986,50.0,49.99999999999999,nan,nan,nan,nan,nan,nan,nan,49.99999999999999
140460.0,49.99999999999999,50.00000000000001,49.99999999999998,49.99999999999998,49.99999999999998,49.99999999999997,50.0,50.000000000000014,49.999999999999986,49.999999999999986,49.999999999999986,50.0,49.99999999999999,nan,nan,nan,nan,nan,nan,nan,49.99999999999999
140520.0,49.99999999999999,50.00000000000001,49.99999999999998,49.99999999999998,49.99999999999998,49.99999999999997,50.0,50.000000000000014,49.999999999999986,49.999999999999986,49.999999999999986,50.0,49.99999999999999,nan,nan,nan,nan,nan,nan,nan,49.99999999999999
140580.0,49.99999999999999,50.00000000000001,49.99999999999998,49.99999999999998,49.99999999999998,49.99999999999997,50.0,50.000000000000014,49.999999999999986,49.999999999999986,49.999999999999986,50.0,49.99999999999999,nan,nan,nan,nan,nan,nan,nan,49.99999999999999
140640.0,49.99999999999999,50.00000000000001,49.99999999999998,49.99999999999998,49.99999999999998,49.99999999999997,50.0,50.000000000000014,49.999999999999986,49.999999999999986,49.999999999999986,50.0,49.99999999999999,nan,nan,nan,nan,nan,nan,nan,49.99999999999999
140700.0,49.99999999999999,50.00000000000001,49.99999999999998,49.99999999999998,49.99999999999998,49.99999999999997,50.0,50.000000000000014,49.999999999999986,49.999999999999986,49.999999999999986,50.0,49.99999999999999,nan,nan,nan,nan,nan,nan,nan,49.99999999999999
140760.0,49.99999999999999,50.00000000000001,49.99999999999998,49.99999999999998,49.99999999999998,49.99999999999997,50.0,50.000000000000014,49.999999999999986,49.999999999999986,49.999999999999986,50.0,49.99999999999999,nan,nan,nan,nan,nan,nan,nan,49.99999999999999
140820.0,49.99999999999999,50.00000000000001,49.99999999999998,49.99999999999998,49.99999999999998,49.99999999999997,50.0,50.000000000000014,49.999999999999986,49.999999999999986,49.999999999999986,50.0,49.99999999999999,nan,nan,nan,nan,nan,nan,nan,49.99999999999999
140880.0,49.99999999999999,50.00000000000001,49.99999999999998,49.99999999999998,49.99999999999998,49.99999999999997,50.0,50.000000000000014,49.999999999999986,49.999999999999986,49.999999999999986,50.0,49.99999999999999,nan,nan,nan,nan,nan,nan,nan,49.99999999999999
140940.0,49.99999999999999,50.00000000000001,49.99999999999998,49.99999999999998,49.99999999999998,49.99999999999997,50.0,50.000000000000014,49.999999999999986,49.999999999999986,49.999999999999986,50.0,49.99999999999999,nan,nan,nan,nan,nan,nan,nan,49.99999999999999
141000.0,49.99999999999999,50.00000000000001,49.99999999999998,49.99999999999998,49.99999999999998,49.99999999999997,50.0,50.000000000000014,49.999999999999986,49.999999999999986,49.999999999999986,50.0,49.99999999999999,nan,nan,nan,nan,nan,nan,nan,49.99999999999999
141060.0,49.99999999999999,50.00000000000001,49.99999999999998,49.99999999999998,49.99999999999998,49.99999999999997,50.0,50.000000000000014,49.999999999999986,49.999999999999986,49.999999999999986,50.0,49.99999999999999,nan,nan,nan,nan,nan,nan,nan,49.99999999999999
141120.0,49.99999999999999,50.00000000000001,49.99999999999998,49.99999999999998,49.99999999999998,49.99999999999997,50.0,50.000000000000014,49.999999999999986,49.999999999999986,49.999999999999986,50.0,49.99999999999999,nan,nan,nan,nan,nan,nan,nan,49.99999999999999
141180.0,49.99999999999999,50.00000000000001,49.99999999999998,49.99999999999998,49.99999999999998,49.99999999999997,50.0,50.000000000000014,49.999999999999986,49.999999999999986,49.999999999999986,50.0,49.99999999999999,nan,nan,nan,nan,nan,nan,nan,49.99999999999999
141240.0,49.99999999999999,50.00000000000001,49.99999999999998,49.99999999999998,49.99999999999998,49.99999999999997,50.0,50.000000000000014,49.999999999999986,49.999999999999986,49.999999999999986,50.0,49.99999999999999,nan,nan,nan,nan,nan,nan,nan,49.99999999999999
141300.0,49.99999999999999,50.00000000000001,49.99999999999998,49.99999999999998,49.99999999999998,49.99999999999997,50.0,50.000000000000014,49.999999999999986,49.999999999999986,49.999999999999986,50.0,49.99999999999999,nan,nan,nan,nan,nan,nan,nan,49.99999999999999
141360.0,49.99999999999999,50.00000000000001,49.99999999999998,49.99999999999998,49.99999999999998,49.99999999999997,50.0,50.000000000000014,49.999999999999986,49.999999999999986,49.999999999999986,50.0,49.99999999999999,nan,nan,nan,nan,nan,nan,nan,49.99999999999999
141420.0,49.99999999999999,50.00000000000001,49.99999999999998,49.99999999999998,49.99999999999998,49.99999999999997,50.0,50.000000000000014,49.999999999999986,49.999999999999986,49.999999999999986,50.0,49.99999999999999,nan,nan,nan,nan,nan,nan,nan,49.99999999999999
141480.0,49.99999999999999,50.00000000000001,49.99999999999998,49.99999999999998,49.99999999999998,49.99999999999997,50.0,50.000000000000014,49.999999999999986,49.999999999999986,49.999999999999986,50.0,49.99999999999999,nan,nan,nan,nan,nan,nan,nan,49.99999999999999
141540.0,49.99999999999999,50.00000000000001,49.99999999999998,49.99999999999998,49.99999999999998,49.99999999999997,50.0,50.000000000000014,49.999999999999986,49.999999999999986,49.999999999999986,50.0,49.99999999999999,nan,nan,nan,nan,nan,nan,nan,49.99999999999999
141600.0,49.99999999999999,50.00000000000001,49.99999999999998,49.99999999999998,49.99999999999998,49.99999999999997,50.0,50.000000000000014,49.999999999999986,49.999999999999986,49.999999999999986,50.0,49.99999999999999,nan,nan,nan,nan,nan,nan,nan,49.99999999999999
141660.0,49.99999999999999,50.00000000000001,49.99999999999998,49.99999999999998,49.99999999999998,49.99999999999997,50.0,50.000000000000014,49.999999999999986,49.999999999999986,49.999999999999986,50.0,49.99999999999999,nan,nan,nan,nan,nan,nan,nan,49.99999999999999
141720.0,49.99999999999999,50.00000000000001,49.99999999999998,49.99999999999998,49.99999999999998,49.99999999999997,50.0,50.000000000000014,49.999999999999986,49.999999999999986,49.999999999999986,50.0,49.99999999999999,nan,nan,nan,nan,nan,nan,nan,49.99999999999999
141780.0,49.99999999999999,50.00000000000001,49.99999999999998,49.99999999999998,49.99999999999998,49.99999999999997,50.0,50.000000000000014,49.999999999999986,49.999999999999986,49.999999999999986,50.0,49.99999999999999,nan,nan,nan,nan,nan,nan,nan,49.99999999999999
141840.0,49.99999999999999,50.00000000000001,49.99999999999998,49.99999999999998,49.99999999999998,49.99999999999997,50.0,50.000000000000014,49.999999999999986,49.999999999999986,49.999999999999986,50.0,49.99999999999999,nan,nan,nan,nan,nan,nan,nan,49.99999999999999
141900.0,49.99999999999999,50.00000000000001,49.99999999999998,49.99999999999998,49.99999999999998,49.99999999999997,50.0,50.000000000000014,49.999999999999986,49.999999999999986,49.999999999999986,50.0,49.99999999999999,nan,nan,nan,nan,nan,nan,nan,49.99999999999999
141960.0,49.99999999999999,50.00000000000001,49.99999999999998,49.99999999999998,49.99999999999998,49.99999999999997,50.0,50.000000000000014,49.999999999999986,49.999999999999986,49.999999999999986,50.0,49.99999999999999,nan,nan,nan,nan,nan,nan,nan,49.99999999999999
142020.0,49.99999999999999,50.00000000000001,49.99999999999998,49.99999999999998,49.99999999999998,49.99999999999997,50.0,50.000000000000014,49.999999999999986,49.999999999999986,49.999999999999986,50.0,49.99999999999999,nan,nan,nan,nan,nan,nan,nan,49.99999999999999
142080.0,49.99999999999999,50.00000000000001,49.99999999999998,49.99999999999998,49.99999999999998,49.99999999999997,50.0,50.000000000000014,49.999999999999986,49.999999999999986,49.999999999999986,50.0,49.99999999999999,nan,nan,nan,nan,nan,nan,nan,49.99999999999999
142140.0,49.99999999999999,50.00000000000001,49.99999999999998,49.99999999999998,49.99999999999998,49.99999999999997,50.0,50.000000000000014,49.999999999999986,49.999999999999986,49.999999999999986,50.0,49.99999999999999,nan,nan,nan,nan,nan,nan,nan,49.99999999999999
142200.0,49.99999999999999,50.00000000000001,49.99999999999998,49.99999999999998,49.99999999999998,49.99999999999997,50.0,50.000000000000014,49.999999999999986,49.999999999999986,49.999999999999986,50.0,49.99999999999999,nan,nan,nan,nan,nan,nan,nan,49.99999999999999
142260.0,49.99999999999999,50.00000000000001,49.99999999999998,49.99999999999998,49.99999999999998,49.99999999999997,50.0,50.000000000000014,49.999999999999986,49.999999999999986,49.999999999999986,50.0,49.99999999999999,nan,nan,nan,nan,nan,nan,nan,49.99999999999999
142320.0,49.99999999999999,50.00000000000001,49.99999999999998,49.99999999999998,49.99999999999998,49.99999999999997,50.0,50.000000000000014,49.999999999999986,49.999999999999986,49.999999999999986,50.0,49.99999999999999,nan,nan,nan,nan,nan,nan,nan,49.99999999999999
142380.0,49.99999999999999,50.00000000000001,49.99999999999998,49.99999999999998,49.99999999999998,49.99999999999997,50.0,50.000000000000014,49.999999999999986,49.999999999999986,49.999999999999986,50.0,49.99999999999999,nan,nan,nan,nan,nan,nan,nan,49.99999999999999
142440.0,49.99999999999999,50.00000000000001,49.99999999999998,49.99999999999998,49.99999999999998,49.99999999999997,50.0,50.000000000000014,49.999999999999986,49.999999999999986,49.999999999999986,50.0,49.99999999999999,nan,nan,nan,nan,nan,nan,nan,49.99999999999999
142500.0,49.99999999999999,50.00000000000001,49.99999999999998,49.99999999999998,49.99999999999998,49.99999999999997,50.0,50.000000000000014,49.999999999999986,49.999999999999986,49.999999999999986,50.0,49.99999999999999,nan,nan,nan,nan,nan,nan,nan,49.99999999999999
142560.0,49.99999999999999,50.00000000000001,49.99999999999998,49.99999999999998,49.99999999999998,49.99999999999997,50.0,50.000000000000014,49.999999999999986,49.999999999999986,49.999999999999986,50.0,49.99999999999999,nan,nan,nan,nan,nan,nan,nan,49.99999999999999
142620.0,49.99999999999999,50.00000000000001,49.99999999999998,49.99999999999998,49.99999999999998,49.99999999999997,50.0,50.000000000000014,49.999999999999986,49.999999999999986,49.999999999999986,50.0,49.99999999999999,nan,nan,nan,nan,nan,nan,nan,49.99999999999999
142680.0,49.99999999999999,50.00000000000001,49.99999999999998,49.99999999999998,49.99999999999998,49.99999999999997,50.0,50.000000000000014,49.999999999999986,49.999999999999986,49.999999999999986,50.0,49.99999999999999,nan,nan,nan,nan,nan,nan,nan,49.99999999999999
142740.0,49.99999999999999,50.00000000000001,49.99999999999998,49.99999999999998,49.99999999999998,49.99999999999997,50.0,50.000000000000014,49.999999999999986,49.999999999999986,49.999999999999986,50.0,49.99999999999999,nan,nan,nan,nan,nan,nan,nan,49.99999999999999
142800.0,49.99999999999999,50.00000000000001,49.99999999999998,49.99999999999998,49.99999999999998,49.99999999999997,50.0,50.000000000000014,49.999999999999986,49.999999999999986,49.999999999999986,50.0,49.99999999999999,nan,nan,nan,nan,nan,nan,nan,49.99999999999999
142860.0,49.99999999999999,50.00000000000001,49.99999999999998,49.99999999999998,49.99999999999998,49.99999999999997,50.0,50.000000000000014,49.999999999999986,49.999999999999986,49.999999999999986,50.0,49.99999999999999,nan,nan,nan,nan,nan,nan,nan,49.99999999999999
142920.0,49.99999999999999,50.00000000000001,49.99999999999998,49.99999999999998,49.99999999999998,49.99999999999997,50.0,50.000000000000014,49.999999999999986,49.999999999999986,49.999999999999986,50.0,49.99999999999999,nan,nan,nan,nan,nan,nan,nan,49.99999999999999
142980.0,49.99999999999999,50.00000000000001,49.99999999999998,49.99999999999998,49.99999999999998,49.99999999999997,50.0,50.000000000000014,49.999999999999986,49.999999999999986,49.999999999999986,50.0,49.99999999999999,nan,nan,nan,nan,nan,nan,nan,49.99999999999999
143040.0,49.99999999999999,50.00000000000001,49.99999999999998,49.99999999999998,49.99999999999998,49.99999999999997,50.0,50.000000000000014,49.999999999999986,49.999999999999986,49.999999999999986,50.0,49.99999999999999,nan,nan,nan,nan,nan,nan,nan,49.99999999999999
143100.0,49.99999999999999,50.00000000000001,49.99999999999998,49.99999999999998,49.99999999999998,49.99999999999997,50.0,50.000000000000014,49.999999999999986,49.999999999999986,49.999999999999986,50.0,49.99999999999999,nan,nan,nan,nan,nan,nan,nan,49.99999999999999
143160.0,49.99999999999999,50.00000000000001,49.99999999999998,49.99999999999998,49.99999999999998,49.99999999999997,50.0,50.000000000000014,49.999999999999986,49.999999999999986,49.999999999999986,50.0,49.99999999999999,nan,nan,nan,nan,nan,nan,nan,49.99999999999999
143220.0,49.99999999999999,50.00000000000001,49.99999999999998,49.99999999999998,49.99999999999998,49.99999999999997,50.0,50.000000000000014,49.999999999999986,49.999999999999986,49.999999999999986,50.0,49.99999999999999,nan,nan,nan,nan,nan,nan,nan,49.99999999999999
143280.0,49.99999999999999,50.00000000000001,49.99999999999998,49.99999999999998,49.99999999999998,49.99999999999997,50.0,50.000000000000014,49.999999999999986,49.999999999999986,49.999999999999986,50.0,49.99999999999999,nan,nan,nan,nan,nan,nan,nan,49.99999999999999
143340.0,49.99999999999999,50.00000000000001,49.99999999999998,49.99999999999998,49.99999999999998,49.99999999999997,50.0,50.000000000000014,49.999999999999986,49.999999999999986,49.999999999999986,50.0,49.99999999999999,nan,nan,nan,nan,nan,nan,nan,49.99999999999999
143400.0,49.99999999999999,50.00000000000001,49.99999999999998,49.99999999999998,49.99999999999998,49.99999999999997,50.0,50.000000000000014,49.999999999999986,49.999999999999986,49.999999999999986,50.0,49.99999999999999,nan,nan,nan,nan,nan,nan,nan,49.99999999999999
143460.0,49.99999999999999,50.00000000000001,49.99999999999998,49.99999999999998,49.99999999999998,49.99999999999997,50.0,50.000000000000014,49.999999999999986,49.999999999999986,49.999999999999986,50.0,49.99999999999999,nan,nan,nan,nan,nan,nan,nan,49.99999999999999
143520.0,49.99999999999999,50.00000000000001,49.99999999999998,49.99999999999998,49.99999999999998,49.99999999999997,50.0,50.000000000000014,49.999999999999986,49.999999999999986,49.999999999999986,50.0,49.99999999999999,nan,nan,nan,nan,nan,nan,nan,49.99999999999999
143580.0,49.99999999999999,50.00000000000001,49.99999999999998,49.99999999999998,49.99999999999998,49.99999999999997,50.0,50.000000000000014,49.999999999999986,49.999999999999986,49.999999999999986,50.0,49.99999999999999,nan,nan,nan,nan,nan,nan,nan,49.99999999999999
143640.0,49.99999999999999,50.00000000000001,49.99999999999998,49.99999999999998,49.99999999999998,49.99999999999997,50.0,50.000000000000014,49.999999999999986,49.999999999999986,49.999999999999986,50.0,49.99999999999999,nan,nan,nan,nan,nan,nan,nan,49.99999999999999
143700.0,49.99999999999999,50.00000000000001,49.99999999999998,49.99999999999998,49.99999999999998,49.99999999999997,50.0,50.000000000000014,49.999999999999986,49.999999999999986,49.999999999999986,50.0,49.99999999999999,nan,nan,nan,nan,nan,nan,nan,49.99999999999999
143760.0,49.99999999999999,50.00000000000001,49.99999999999998,49.99999999999998,49.99999999999998,49.99999999999997,50.0,50.000000000000014,49.999999999999986,49.999999999999986,49.999999999999986,50.0,49.99999999999999,nan,nan,nan,nan,nan,nan,nan,49.99999999999999
143820.0,49.99999999999999,50.00000000000001,49.99999999999998,49.99999999999998,49.99999999999998,49.99999999999997,50.0,50.000000000000014,49.999999999999986,49.999999999999986,49.999999999999986,50.0,49.99999999999999,nan,nan,nan,nan,nan,nan,nan,49.99999999999999
143880.0,49.99999999999999,50.00000000000001,49.99999999999998,49.99999999999998,49.99999999999998,49.99999999999997,50.0,50.000000000000014,49.999999999999986,49.999999999999986,49.999999999999986,50.0,49.99999999999999,nan,nan,nan,nan,nan,nan,nan,49.99999999999999
143940.0,49.99999999999999,50.00000000000001,49.99999999999998,49.99999999999998,49.99999999999998,49.99999999999997,50.0,50.000000000000014,49.999999999999986,49.999999999999986,49.999999999999986,50.0,49.99999999999999,nan,nan,nan,nan,nan,nan,nan,49.99999999999999
144000.0,49.99999999999999,50.00000000000001,49.99999999999998,49.99999999999998,49.99999999999998,49.99999999999997,50.0,50.000000000000014,49.999999999999986,49.999999999999986,49.999999999999986,50.0,49.99999999999999,nan,nan,nan,nan,nan,nan,nan,49.99999999999999
144060.0,49.99999999999999,50.00000000000001,49.99999999999998,49.99999999999998,49.99999999999998,49.99999999999997,50.0,50.000000000000014,49.999999999999986,49.999999999999986,49.999999999999986,50.0,49.99999999999999,nan,nan,nan,nan,nan,nan,nan,49.99999999999999
144120.0,49.99999999999999,50.00000000000001,49.99999999999998,49.99999999999998,49.99999999999998,49.99999999999997,50.0,50.000000000000014,49.999999999999986,49.999999999999986,49.999999999999986,50.0,49.99999999999999,nan,nan,nan,nan,nan,nan,nan,49.99999999999999
144180.0,49.99999999999999,50.00000000000001,49.99999999999998,49.99999999999998,49.99999999999998,49.99999999999997,50.0,50.000000000000014,49.999999999999986,49.999999999999986,49.999999999999986,50.0,49.99999999999999,nan,nan,nan,nan,nan,nan,nan,49.99999999999999
144240.0,49.99999999999999,50.00000000000001,49.99999999999998,49.99999999999998,49.99999999999998,49.99999999999997,50.0,50.000000000000014,49.999999999999986,49.999999999999986,49.999999999999986,50.0,49.99999999999999,nan,nan,nan,nan,nan,nan,nan,49.99999999999999
144300.0,49.99999999999999,50.00000000000001,49.99999999999998,49.99999999999998,49.99999999999998,49.99999999999997,50.0,50.000000000000014,49.999999999999986,49.999999999999986,49.999999999999986,50.0,49.99999999999999,nan,nan,nan,nan,nan,nan,nan,49.99999999999999
144360.0,49.99999999999999,50.00000000000001,49.99999999999998,49.99999999999998,49.99999999999998,49.99999999999997,50.0,50.000000000000014,49.999999999999986,49.999999999999986,49.999999999999986,50.0,49.99999999999999,nan,nan,nan,nan,nan,nan,nan,49.99999999999999
144420.0,49.99999999999999,50.00000000000001,49.99999999999998,49.99999999999998,49.99999999999998,49.99999999999997,50.0,50.000000000000014,49.999999999999986,49.999999999999986,49.999999999999986,50.0,49.99999999999999,nan,nan,nan,nan,nan,nan,nan,49.99999999999999
144480.0,49.99999999999999,50.00000000000001,49.99999999999998,49.99999999999998,49.99999999999998,49.99999999999997,50.0,50.000000000000014,49.999999999999986,49.999999999999986,49.999999999999986,50.0,49.99999999999999,nan,nan,nan,nan,nan,nan,nan,49.99999999999999
144540.0,49.99999999999999,50.00000000000001,49.99999999999998,49.99999999999998,49.99999999999998,49.99999999999997,50.0,50.000000000000014,49.999999999999986,49.999999999999986,49.999999999999986,50.0,49.99999999999999,nan,nan,nan,nan,nan,nan,nan,49.99999999999999
144600.0,49.99999999999999,50.00000000000001,49.99999999999998,49.99999999999998,49.99999999999998,49.99999999999997,50.0,50.000000000000014,49.999999999999986,49.999999999999986,49.999999999999986,50.0,49.99999999999999,nan,nan,nan,nan,nan,nan,nan,49.99999999999999
144660.0,49.99999999999999,50.00000000000001,49.99999999999998,49.99999999999998,49.99999999999998,49.99999999999997,50.0,50.000000000000014,49.999999999999986,49.999999999999986,49.999999999999986,50.0,49.99999999999999,nan,nan,nan,nan,nan,nan,nan,49.99999999999999
144720.0,49.99999999999999,50.00000000000001,49.99999999999998,49.99999999999998,49.99999999999998,49.99999999999997,50.0,50.000000000000014,49.999999999999986,49.999999999999986,49.999999999999986,50.0,49.99999999999999,nan,nan,nan,nan,nan,nan,nan,49.99999999999999
144780.0,49.99999999999999,50.00000000000001,49.99999999999998,49.99999999999998,49.99999999999998,49.99999999999997,50.0,50.000000000000014,49.999999999999986,49.999999999999986,49.999999999999986,50.0,49.99999999999999,nan,nan,nan,nan,nan,nan,nan,49.99999999999999
144840.0,49.99999999999999,50.00000000000001,49.99999999999998,49.99999999999998,49.99999999999998,49.99999999999997,50.0,50.000000000000014,49.999999999999986,49.999999999999986,49.999999999999986,50.0,49.99999999999999,nan,nan,nan,nan,nan,nan,nan,49.99999999999999
144900.0,49.99999999999999,50.00000000000001,49.99999999999998,49.99999999999998,49.99999999999998,49.99999999999997,50.0,50.000000000000014,49.999999999999986,49.999999999999986,49.999999999999986,50.0,49.99999999999999,nan,nan,nan,nan,nan,nan,nan,49.99999999999999
144960.0,49.99999999999999,50.00000000000001,49.99999999999998,49.99999999999998,49.99999999999998,49.99999999999997,50.0,50.000000000000014,49.999999999999986,49.999999999999986,49.999999999999986,50.0,49.99999999999999,nan,nan,nan,nan,nan,nan,nan,49.99999999999999
145020.0,49.99999999999999,50.00000000000001,49.99999999999998,49.99999999999998,49.99999999999998,49.99999999999997,50.0,50.000000000000014,49.999999999999986,49.999999999999986,49.999999999999986,50.0,49.99999999999999,nan,nan,nan,nan,nan,nan,nan,49.99999999999999
145080.0,49.99999999999999,50.00000000000001,49.99999999999998,49.99999999999998,49.99999999999998,49.99999999999997,50.0,50.000000000000014,49.999999999999986,49.999999999999986,49.999999999999986,50.0,49.99999999999999,nan,nan,nan,nan,nan,nan,nan,49.99999999999999
145140.0,49.99999999999999,50.00000000000001,49.99999999999998,49.99999999999998,49.99999999999998,49.99999999999997,50.0,50.000000000000014,49.999999999999986,49.999999999999986,49.999999999999986,50.0,49.99999999999999,nan,nan,nan,nan,nan,nan,nan,49.99999999999999
145200.0,49.99999999999999,50.00000000000001,49.99999999999998,49.99999999999998,49.99999999999998,49.99999999999997,50.0,50.000000000000014,49.999999999999986,49.999999999999986,49.999999999999986,50.0,49.99999999999999,nan,nan,nan,nan,nan,nan,nan,49.99999999999999
145260.0,49.99999999999999,50.00000000000001,49.99999999999998,49.99999999999998,49.99999999999998,49.99999999999997,50.0,50.000000000000014,49.999999999999986,49.999999999999986,49.999999999999986,50.0,49.99999999999999,nan,nan,nan,nan,nan,nan,nan,49.99999999999999
145320.0,49.99999999999999,50.00000000000001,49.99999999999998,49.99999999999998,49.99999999999998,49.99999999999997,50.0,50.000000000000014,49.999999999999986,49.999999999999986,49.999999999999986,50.0,49.99999999999999,nan,nan,nan,nan,nan,nan,nan,49.99999999999999
145380.0,49.99999999999999,50.00000000000001,49.99999999999998,49.99999999999998,49.99999999999998,49.99999999999997,50.0,50.000000000000014,49.999999999999986,49.999999999999986,49.999999999999986,50.0,49.99999999999999,nan,nan,nan,nan,nan,nan,nan,49.99999999999999
145440.0,49.99999999999999,50.00000000000001,49.99999999999998,49.99999999999998,49.99999999999998,49.99999999999997,50.0,50.000000000000014,49.999999999999986,49.999999999999986,49.999999999999986,50.0,49.99999999999999,nan,nan,nan,nan,nan,nan,nan,49.99999999999999
145500.0,49.99999999999999,50.00000000000001,49.99999999999998,49.99999999999998,49.99999999999998,49.99999999999997,50.0,50.000000000000014,49.999999999999986,49.999999999999986,49.999999999999986,50.0,49.99999999999999,nan,nan,nan,nan,nan,nan,nan,49.99999999999999
145560.0,49.99999999999999,50.00000000000001,49.99999999999998,49.99999999999998,49.99999999999998,49.99999999999997,50.0,50.000000000000014,49.999999999999986,49.999999999999986,49.999999999999986,50.0,49.99999999999999,nan,nan,nan,nan,nan,nan,nan,49.99999999999999
145620.0,49.99999999999999,50.00000000000001,49.99999999999998,49.99999999999998,49.99999999999998,49.99999999999997,50.0,50.000000000000014,49.999999999999986,49.999999999999986,49.999999999999986,50.0,49.99999999999999,nan,nan,nan,nan,nan,nan,nan,49.99999999999999
145680.0,49.99999999999999,50.00000000000001,49.99999999999998,49.99999999999998,49.99999999999998,49.99999999999997,50.0,50.000000000000014,49.999999999999986,49.999999999999986,49.999999999999986,50.0,49.99999999999999,nan,nan,nan,nan,nan,nan,nan,49.99999999999999
145740.0,49.99999999999999,50.00000000000001,49.99999999999998,49.99999999999998,49.99999999999998,49.99999999999997,50.0,50.000000000000014,49.999999999999986,49.999999999999986,49.999999999999986,50.0,49.99999999999999,nan,nan,nan,nan,nan,nan,nan,49.99999999999999
145800.0,49.99999999999999,50.00000000000001,49.99999999999998,49.99999999999998,49.99999999999998,49.99999999999997,50.0,50.000000000000014,49.999999999999986,49.999999999999986,49.999999999999986,50.0,49.99999999999999,nan,nan,nan,nan,nan,nan,nan,49.99999999999999
145860.0,49.99999999999999,50.00000000000001,49.99999999999998,49.99999999999998,49.99999999999998,49.99999999999997,50.0,50.000000000000014,49.999999999999986,49.999999999999986,49.999999999999986,50.0,49.99999999999999,nan,nan,nan,nan,nan,nan,nan,49.99999999999999
145920.0,49.99999999999999,50.00000000000001,49.99999999999998,49.99999999999998,49.99999999999998,49.99999999999997,50.0,50.000000000000014,49.999999999999986,49.999999999999986,49.999999999999986,50.0,49.99999999999999,nan,nan,nan,nan,nan,nan,nan,49.99999999999999
145980.0,49.99999999999999,50.00000000000001,49.99999999999998,49.99999999999998,49.99999999999998,49.99999999999997,50.0,50.000000000000014,49.999999999999986,49.999999999999986,49.999999999999986,50.0,49.99999999999999,nan,nan,nan,nan,nan,nan,nan,49.99999999999999
146040.0,49.99999999999999,50.00000000000001,49.99999999999998,49.99999999999998,49.99999999999998,49.99999999999997,50.0,50.000000000000014,49.999999999999986,49.999999999999986,49.999999999999986,50.0,49.99999999999999,nan,nan,nan,nan,nan,nan,nan,49.99999999999999
146100.0,49.99999999999999,50.00000000000001,49.99999999999998,49.99999999999998,49.99999999999998,49.99999999999997,50.0,50.000000000000014,49.999999999999986,49.999999999999986,49.999999999999986,50.0,49.99999999999999,nan,nan,nan,nan,nan,nan,nan,49.99999999999999
146160.0,49.99999999999999,50.00000000000001,49.99999999999998,49.99999999999998,49.99999999999998,49.99999999999997,50.0,50.000000000000014,49.999999999999986,49.999999999999986,49.999999999999986,50.0,49.99999999999999,nan,nan,nan,nan,nan,nan,nan,49.99999999999999
146220.0,49.99999999999999,50.00000000000001,49.99999999999998,49.99999999999998,49.99999999999998,49.99999999999997,50.0,50.000000000000014,49.999999999999986,49.999999999999986,49.999999999999986,50.0,49.99999999999999,nan,nan,nan,nan,nan,nan,nan,49.99999999999999
146280.0,49.99999999999999,50.00000000000001,49.99999999999998,49.99999999999998,49.99999999999998,49.99999999999997,50.0,50.000000000000014,49.999999999999986,49.999999999999986,49.999999999999986,50.0,49.99999999999999,nan,nan,nan,nan,nan,nan,nan,49.99999999999999
146340.0,49.99999999999999,50.00000000000001,49.99999999999998,49.99999999999998,49.99999999999998,49.99999999999997,50.0,50.000000000000014,49.999999999999986,49.999999999999986,49.999999999999986,50.0,49.99999999999999,nan,nan,nan,nan,nan,nan,nan,49.99999999999999
146400.0,49.99999999999999,50.00000000000001,49.99999999999998,49.99999999999998,49.99999999999998,49.99999999999997,50.0,50.000000000000014,49.999999999999986,49.999999999999986,49.999999999999986,50.0,49.99999999999999,nan,nan,nan,nan,nan,nan,nan,49.99999999999999
146460.0,49.99999999999999,50.00000000000001,49.99999999999998,49.99999999999998,49.99999999999998,49.99999999999997,50.0,50.000000000000014,49.999999999999986,49.999999999999986,49.999999999999986,50.0,49.99999999999999,nan,nan,nan,nan,nan,nan,nan,49.99999999999999
146520.0,49.99999999999999,50.00000000000001,49.99999999999998,49.99999999999998,49.99999999999998,49.99999999999997,50.0,50.000000000000014,49.999999999999986,49.999999999999986,49.999999999999986,50.0,49.99999999999999,nan,nan,nan,nan,nan,nan,nan,49.99999999999999
146580.0,49.99999999999999,50.00000000000001,49.99999999999998,49.99999999999998,49.99999999999998,49.99999999999997,50.0,50.000000000000014,49.999999999999986,49.999999999999986,49.999999999999986,50.0,49.99999999999999,nan,nan,nan,nan,nan,nan,nan,49.99999999999999
146640.0,49.99999999999999,50.00000000000001,49.99999999999998,49.99999999999998,49.99999999999998,49.99999999999997,50.0,50.000000000000014,49.999999999999986,49.999999999999986,49.999999999999986,50.0,49.99999999999999,nan,nan,nan,nan,nan,nan,nan,49.99999999999999
146700.0,49.99999999999999,50.00000000000001,49.99999999999998,49.99999999999998,49.99999999999998,49.99999999999997,50.0,50.000000000000014,49.999999999999986,49.999999999999986,49.999999999999986,50.0,49.99999999999999,nan,nan,nan,nan,nan,nan,nan,49.99999999999999
146760.0,49.99999999999999,50.00000000000001,49.99999999999998,49.99999999999998,49.99999999999998,49.99999999999997,50.0,50.000000000000014,49.999999999999986,49.999999999999986,49.999999999999986,50.0,49.99999999999999,nan,nan,nan,nan,nan,nan,nan,49.99999999999999
146820.0,49.99999999999999,50.00000000000001,49.99999999999998,49.99999999999998,49.99999999999998,49.99999999999997,50.0,50.000000000000014,49.999999999999986,49.999999999999986,49.999999999999986,50.0,49.99999999999999,nan,nan,nan,nan,nan,nan,nan,49.99999999999999
146880.0,49.99999999999999,50.00000000000001,49.99999999999998,49.99999999999998,49.99999999999998,49.99999999999997,50.0,50.000000000000014,49.999999999999986,49.999999999999986,49.999999999999986,50.0,49.99999999999999,nan,nan,nan,nan,nan,nan,nan,49.99999999999999
146940.0,49.99999999999999,50.00000000000001,49.99999999999998,49.99999999999998,49.99999999999998,49.99999999999997,50.0,50.000000000000014,49.999999999999986,49.999999999999986,49.999999999999986,50.0,49.99999999999999,nan,nan,nan,nan,nan,nan,nan,49.99999999999999
147000.0,49.99999999999999,50.00000000000001,49.99999999999998,49.99999999999998,49.99999999999998,49.99999999999997,50.0,50.000000000000014,49.999999999999986,49.999999999999986,49.999999999999986,50.0,49.99999999999999,nan,nan,nan,nan,nan,nan,nan,49.99999999999999
147060.0,49.99999999999999,50.00000000000001,49.99999999999998,49.99999999999998,49.99999999999998,49.99999999999997,50.0,50.000000000000014,49.999999999999986,49.999999999999986,49.999999999999986,50.0,49.99999999999999,nan,nan,nan,nan,nan,nan,nan,49.99999999999999
147120.0,49.99999999999999,50.00000000000001,49.99999999999998,49.99999999999998,49.99999999999998,49.99999999999997,50.0,50.000000000000014,49.999999999999986,49.999999999999986,49.999999999999986,50.0,49.99999999999999,nan,nan,nan,nan,nan,nan,nan,49.99999999999999
147180.0,49.99999999999999,50.00000000000001,49.99999999999998,49.99999999999998,49.99999999999998,49.99999999999997,50.0,50.000000000000014,49.999999999999986,49.999999999999986,49.999999999999986,50.0,49.99999999999999,nan,nan,nan,nan,nan,nan,nan,49.99999999999999
147240.0,49.99999999999999,50.00000000000001,49.99999999999998,49.99999999999998,49.99999999999998,49.99999999999997,50.0,50.000000000000014,49.999999999999986,49.999999999999986,49.999999999999986,50.0,49.99999999999999,nan,nan,nan,nan,nan,nan,nan,49.99999999999999
147300.0,49.99999999999999,50.00000000000001,49.99999999999998,49.99999999999998,49.99999999999998,49.99999999999997,50.0,50.000000000000014,49.999999999999986,49.999999999999986,49.999999999999986,50.0,49.99999999999999,nan,nan,nan,nan,nan,nan,nan,49.99999999999999
147360.0,49.99999999999999,50.00000000000001,49.99999999999998,49.99999999999998,49.99999999999998,49.99999999999997,50.0,50.000000000000014,49.999999999999986,49.999999999999986,49.999999999999986,50.0,49.99999999999999,nan,nan,nan,nan,nan,nan,nan,49.99999999999999
147420.0,49.99999999999999,50.00000000000001,49.99999999999998,49.99999999999998,49.99999999999998,49.99999999999997,50.0,50.000000000000014,49.999999999999986,49.999999999999986,49.999999999999986,50.0,49.99999999999999,nan,nan,nan,nan,nan,nan,nan,49.99999999999999
147480.0,49.99999999999999,50.00000000000001,49.99999999999998,49.99999999999998,49.99999999999998,49.99999999999997,50.0,50.000000000000014,49.999999999999986,49.999999999999986,49.999999999999986,50.0,49.99999999999999,nan,nan,nan,nan,nan,nan,nan,49.99999999999999
147540.0,49.99999999999999,50.00000000000001,49.99999999999998,49.99999999999998,49.99999999999998,49.99999999999997,50.0,50.000000000000014,49.999999999999986,49.999999999999986,49.999999999999986,50.0,49.99999999999999,nan,nan,nan,nan,nan,nan,nan,49.99999999999999
147600.0,49.99999999999999,50.00000000000001,49.99999999999998,49.99999999999998,49.99999999999998,49.99999999999997,50.0,50.000000000000014,49.999999999999986,49.999999999999986,49.999999999999986,50.0,49.99999999999999,nan,nan,nan,nan,nan,nan,nan,49.99999999999999
147660.0,49.99999999999999,50.00000000000001,49.99999999999998,49.99999999999998,49.99999999999998,49.99999999999997,50.0,50.000000000000014,49.999999999999986,49.999999999999986,49.999999999999986,50.0,49.99999999999999,nan,nan,nan,nan,nan,nan,nan,49.99999999999999
147720.0,49.99999999999999,50.00000000000001,49.99999999999998,49.99999999999998,49.99999999999998,49.99999999999997,50.0,50.000000000000014,49.999999999999986,49.999999999999986,49.999999999999986,50.0,49.99999999999999,nan,nan,nan,nan,nan,nan,nan,49.99999999999999
147780.0,49.99999999999999,50.00000000000001,49.99999999999998,49.99999999999998,49.99999999999998,49.99999999999997,50.0,50.000000000000014,49.999999999999986,49.999999999999986,49.999999999999986,50.0,49.99999999999999,nan,nan,nan,nan,nan,nan,nan,49.99999999999999
147840.0,49.99999999999999,50.00000000000001,49.99999999999998,49.99999999999998,49.99999999999998,49.99999999999997,50.0,50.000000000000014,49.999999999999986,49.999999999999986,49.999999999999986,50.0,49.99999999999999,nan,nan,nan,nan,nan,nan,nan,49.99999999999999
147900.0,49.99999999999999,50.00000000000001,49.99999999999998,49.99999999999998,49.99999999999998,49.99999999999997,50.0,50.000000000000014,49.999999999999986,49.999999999999986,49.999999999999986,50.0,49.99999999999999,nan,nan,nan,nan,nan,nan,nan,49.99999999999999
147960.0,49.99999999999999,50.00000000000001,49.99999999999998,49.99999999999998,49.99999999999998,49.99999999999997,50.0,50.000000000000014,49.999999999999986,49.999999999999986,49.999999999999986,50.0,49.99999999999999,nan,nan,nan,nan,nan,nan,nan,49.99999999999999
148020.0,49.99999999999999,50.00000000000001,49.99999999999998,49.99999999999998,49.99999999999998,49.99999999999997,50.0,50.000000000000014,49.999999999999986,49.999999999999986,49.999999999999986,50.0,49.99999999999999,nan,nan,nan,nan,nan,nan,nan,49.99999999999999
148080.0,49.99999999999999,50.00000000000001,49.99999999999998,49.99999999999998,49.99999999999998,49.99999999999997,50.0,50.000000000000014,49.999999999999986,49.999999999999986,49.999999999999986,50.0,49.99999999999999,nan,nan,nan,nan,nan,nan,nan,49.99999999999999
148140.0,49.99999999999999,50.00000000000001,49.99999999999998,49.99999999999998,49.99999999999998,49.99999999999997,50.0,50.000000000000014,49.999999999999986,49.999999999999986,49.999999999999986,50.0,49.99999999999999,nan,nan,nan,nan,nan,nan,nan,49.99999999999999
148200.0,49.99999999999999,50.00000000000001,49.99999999999998,49.99999999999998,49.99999999999998,49.99999999999997,50.0,50.000000000000014,49.999999999999986,49.999999999999986,49.999999999999986,50.0,49.99999999999999,nan,nan,nan,nan,nan,nan,nan,49.99999999999999
148260.0,49.99999999999999,50.00000000000001,49.99999999999998,49.99999999999998,49.99999999999998,49.99999999999997,50.0,50.000000000000014,49.999999999999986,49.999999999999986,49.999999999999986,50.0,49.99999999999999,nan,nan,nan,nan,nan,nan,nan,49.99999999999999
148320.0,49.99999999999999,50.00000000000001,49.99999999999998,49.99999999999998,49.99999999999998,49.99999999999997,50.0,50.000000000000014,49.999999999999986,49.999999999999986,49.999999999999986,50.0,49.99999999999999,nan,nan,nan,nan,nan,nan,nan,49.99999999999999
148380.0,49.99999999999999,50.00000000000001,49.99999999999998,49.99999999999998,49.99999999999998,49.99999999999997,50.0,50.000000000000014,49.999999999999986,49.999999999999986,49.999999999999986,50.0,49.99999999999999,nan,nan,nan,nan,nan,nan,nan,49.99999999999999
148440.0,49.99999999999999,50.00000000000001,49.99999999999998,49.99999999999998,49.99999999999998,49.99999999999997,50.0,50.000000000000014,49.999999999999986,49.999999999999986,49.999999999999986,50.0,49.99999999999999,nan,nan,nan,nan,nan,nan,nan,49.99999999999999
148500.0,49.99999999999999,50.00000000000001,49.99999999999998,49.99999999999998,49.99999999999998,49.99999999999997,50.0,50.000000000000014,49.999999999999986,49.999999999999986,49.999999999999986,50.0,49.99999999999999,nan,nan,nan,nan,nan,nan,nan,49.99999999999999
148560.0,49.99999999999999,50.00000000000001,49.99999999999998,49.99999999999998,49.99999999999998,49.99999999999997,50.0,50.000000000000014,49.999999999999986,49.999999999999986,49.999999999999986,50.0,49.99999999999999,nan,nan,nan,nan,nan,nan,nan,49.99999999999999
148620.0,49.99999999999999,50.00000000000001,49.99999999999998,49.99999999999998,49.99999999999998,49.99999999999997,50.0,50.000000000000014,49.999999999999986,49.999999999999986,49.999999999999986,50.0,49.99999999999999,nan,nan,nan,nan,nan,nan,nan,49.99999999999999
148680.0,49.99999999999999,50.00000000000001,49.99999999999998,49.99999999999998,49.99999999999998,49.99999999999997,50.0,50.000000000000014,49.999999999999986,49.999999999999986,49.999999999999986,50.0,49.99999999999999,nan,nan,nan,nan,nan,nan,nan,49.99999999999999
148740.0,49.99999999999999,50.00000000000001,49.99999999999998,49.99999999999998,49.99999999999998,49.99999999999997,50.0,50.000000000000014,49.999999999999986,49.999999999999986,49.999999999999986,50.0,49.99999999999999,nan,nan,nan,nan,nan,nan,nan,49.99999999999999
148800.0,49.99999999999999,50.00000000000001,49.99999999999998,49.99999999999998,49.99999999999998,49.99999999999997,50.0,50.000000000000014,49.999999999999986,49.999999999999986,49.999999999999986,50.0,49.99999999999999,nan,nan,nan,nan,nan,nan,nan,49.99999999999999
148860.0,49.99999999999999,50.00000000000001,49.99999999999998,49.99999999999998,49.99999999999998,49.99999999999997,50.0,50.000000000000014,49.999999999999986,49.999999999999986,49.999999999999986,50.0,49.99999999999999,nan,nan,nan,nan,nan,nan,nan,49.99999999999999
148920.0,49.99999999999999,50.00000000000001,49.99999999999998,49.99999999999998,49.99999999999998,49.99999999999997,50.0,50.000000000000014,49.999999999999986,49.999999999999986,49.999999999999986,50.0,49.99999999999999,nan,nan,nan,nan,nan,nan,nan,49.99999999999999
148980.0,49.99999999999999,50.00000000000001,49.99999999999998,49.99999999999998,49.99999999999998,49.99999999999997,50.0,50.000000000000014,49.999999999999986,49.999999999999986,49.999999999999986,50.0,49.99999999999999,nan,nan,nan,nan,nan,nan,nan,49.99999999999999
149040.0,49.99999999999999,50.00000000000001,49.99999999999998,49.99999999999998,49.99999999999998,49.99999999999997,50.0,50.000000000000014,49.999999999999986,49.999999999999986,49.999999999999986,50.0,49.99999999999999,nan,nan,nan,nan,nan,nan,nan,49.99999999999999
149100.0,49.99999999999999,50.00000000000001,49.99999999999998,49.99999999999998,49.99999999999998,49.99999999999997,50.0,50.000000000000014,49.999999999999986,49.999999999999986,49.999999999999986,50.0,49.99999999999999,nan,nan,nan,nan,nan,nan,nan,49.99999999999999
149160.0,49.99999999999999,50.00000000000001,49.99999999999998,49.99999999999998,49.99999999999998,49.99999999999997,50.0,50.000000000000014,49.999999999999986,49.999999999999986,49.999999999999986,50.0,49.99999999999999,nan,nan,nan,nan,nan,nan,nan,49.99999999999999
149220.0,49.99999999999999,50.00000000000001,49.99999999999998,49.99999999999998,49.99999999999998,49.99999999999997,50.0,50.000000000000014,49.999999999999986,49.999999999999986,49.999999999999986,50.0,49.99999999999999,nan,nan,nan,nan,nan,nan,nan,49.99999999999999
149280.0,49.99999999999999,50.00000000000001,49.99999999999998,49.99999999999998,49.99999999999998,49.99999999999997,50.0,50.000000000000014,49.999999999999986,49.999999999999986,49.999999999999986,50.0,49.99999999999999,nan,nan,nan,nan,nan,nan,nan,49.99999999999999
149340.0,49.99999999999999,50.00000000000001,49.99999999999998,49.99999999999998,49.99999999999998,49.99999999999997,50.0,50.000000000000014,49.999999999999986,49.999999999999986,49.999999999999986,50.0,49.99999999999999,nan,nan,nan,nan,nan,nan,nan,49.99999999999999
149400.0,49.99999999999999,50.00000000000001,49.99999999999998,49.99999999999998,49.99999999999998,49.99999999999997,50.0,50.000000000000014,49.999999999999986,49.999999999999986,49.999999999999986,50.0,49.99999999999999,nan,nan,nan,nan,nan,nan,nan,49.99999999999999
149460.0,49.99999999999999,50.00000000000001,49.99999999999998,49.99999999999998,49.99999999999998,49.99999999999997,50.0,50.000000000000014,49.999999999999986,49.999999999999986,49.999999999999986,50.0,49.99999999999999,nan,nan,nan,nan,nan,nan,nan,49.99999999999999
149520.0,49.99999999999999,50.00000000000001,49.99999999999998,49.99999999999998,49.99999999999998,49.99999999999997,50.0,50.000000000000014,49.999999999999986,49.999999999999986,49.999999999999986,50.0,49.99999999999999,nan,nan,nan,nan,nan,nan,nan,49.99999999999999
149580.0,49.99999999999999,50.00000000000001,49.99999999999998,49.99999999999998,49.99999999999998,49.99999999999997,50.0,50.000000000000014,49.999999999999986,49.999999999999986,49.999999999999986,50.0,49.99999999999999,nan,nan,nan,nan,nan,nan,nan,49.99999999999999
149640.0,49.99999999999999,50.00000000000001,49.99999999999998,49.99999999999998,49.99999999999998,49.99999999999997,50.0,50.000000000000014,49.999999999999986,49.999999999999986,49.999999999999986,50.0,49.99999999999999,nan,nan,nan,nan,nan,nan,nan,49.99999999999999
149700.0,49.99999999999999,50.00000000000001,49.99999999999998,49.99999999999998,49.99999999999998,49.99999999999997,50.0,50.000000000000014,49.999999999999986,49.999999999999986,49.999999999999986,50.0,49.99999999999999,nan,nan,nan,nan,nan,nan,nan,49.99999999999999
149760.0,49.99999999999999,50.00000000000001,49.99999999999998,49.99999999999998,49.99999999999998,49.99999999999997,50.0,50.000000000000014,49.999999999999986,49.999999999999986,49.999999999999986,50.0,49.99999999999999,nan,nan,nan,nan,nan,nan,nan,49.99999999999999
149820.0,49.99999999999999,50.00000000000001,49.99999999999998,49.99999999999998,49.99999999999998,49.99999999999997,50.0,50.000000000000014,49.999999999999986,49.999999999999986,49.999999999999986,50.0,49.99999999999999,nan,nan,nan,nan,nan,nan,nan,49.99999999999999
149880.0,49.99999999999999,50.00000000000001,49.99999999999998,49.99999999999998,49.99999999999998,49.99999999999997,50.0,50.000000000000014,49.999999999999986,49.999999999999986,49.999999999999986,50.0,49.99999999999999,nan,nan,nan,nan,nan,nan,nan,49.99999999999999
149940.0,49.99999999999999,50.00000000000001,49.99999999999998,49.99999999999998,49.99999999999998,49.99999999999997,50.0,50.000000000000014,49.999999999999986,49.999999999999986,49.999999999999986,50.0,49.99999999999999,nan,nan,nan,nan,nan,nan,nan,49.99999999999999
150000.0,49.99999999999999,50.00000000000001,49.99999999999998,49.99999999999998,49.99999999999998,49.99999999999997,50.0,50.000000000000014,49.999999999999986,49.999999999999986,49.999999999999986,50.0,49.99999999999999,nan,nan,nan,nan,nan,nan,nan,49.99999999999999
150060.0,49.99999999999999,50.00000000000001,49.99999999999998,49.99999999999998,49.99999999999998,49.99999999999997,50.0,50.000000000000014,49.999999999999986,49.999999999999986,49.999999999999986,50.0,49.99999999999999,nan,nan,nan,nan,nan,nan,nan,49.99999999999999
150120.0,49.99999999999999,50.00000000000001,49.99999999999998,49.99999999999998,49.99999999999998,49.99999999999997,50.0,50.000000000000014,49.999999999999986,49.999999999999986,49.999999999999986,50.0,49.99999999999999,nan,nan,nan,nan,nan,nan,nan,49.99999999999999
150180.0,49.99999999999999,50.00000000000001,49.99999999999998,49.99999999999998,49.99999999999998,49.99999999999997,50.0,50.000000000000014,49.999999999999986,49.999999999999986,49.999999999999986,50.0,49.99999999999999,nan,nan,nan,nan,nan,nan,nan,49.99999999999999
150240.0,49.99999999999999,50.00000000000001,49.99999999999998,49.99999999999998,49.99999999999998,49.99999999999997,50.0,50.000000000000014,49.999999999999986,49.999999999999986,49.999999999999986,50.0,49.99999999999999,nan,nan,nan,nan,nan,nan,nan,49.99999999999999
150300.0,49.99999999999999,50.00000000000001,49.99999999999998,49.99999999999998,49.99999999999998,49.99999999999997,50.0,50.000000000000014,49.999999999999986,49.999999999999986,49.999999999999986,50.0,49.99999999999999,nan,nan,nan,nan,nan,nan,nan,49.99999999999999
150360.0,49.99999999999999,50.00000000000001,49.99999999999998,49.99999999999998,49.99999999999998,49.99999999999997,50.0,50.000000000000014,49.999999999999986,49.999999999999986,49.999999999999986,50.0,49.99999999999999,nan,nan,nan,nan,nan,nan,nan,49.99999999999999
150420.0,49.99999999999999,50.00000000000001,49.99999999999998,49.99999999999998,49.99999999999998,49.99999999999997,50.0,50.000000000000014,49.999999999999986,49.999999999999986,49.999999999999986,50.0,49.99999999999999,nan,nan,nan,nan,nan,nan,nan,49.99999999999999
150480.0,49.99999999999999,50.00000000000001,49.99999999999998,49.99999999999998,49.99999999999998,49.99999999999997,50.0,50.000000000000014,49.999999999999986,49.999999999999986,49.999999999999986,50.0,49.99999999999999,nan,nan,nan,nan,nan,nan,nan,49.99999999999999
150540.0,49.99999999999999,50.00000000000001,49.99999999999998,49.99999999999998,49.99999999999998,49.99999999999997,50.0,50.000000000000014,49.999999999999986,49.999999999999986,49.999999999999986,50.0,49.99999999999999,nan,nan,nan,nan,nan,nan,nan,49.99999999999999
150600.0,49.99999999999999,50.00000000000001,49.99999999999998,49.99999999999998,49.99999999999998,49.99999999999997,50.0,50.000000000000014,49.999999999999986,49.999999999999986,49.999999999999986,50.0,49.99999999999999,nan,nan,nan,nan,nan,nan,nan,49.99999999999999
150660.0,49.99999999999999,50.00000000000001,49.99999999999998,49.99999999999998,49.99999999999998,49.99999999999997,50.0,50.000000000000014,49.999999999999986,49.999999999999986,49.999999999999986,50.0,49.99999999999999,nan,nan,nan,nan,nan,nan,nan,49.99999999999999
150720.0,49.99999999999999,50.00000000000001,49.99999999999998,49.99999999999998,49.99999999999998,49.99999999999997,50.0,50.000000000000014,49.999999999999986,49.999999999999986,49.999999999999986,50.0,49.99999999999999,nan,nan,nan,nan,nan,nan,nan,49.99999999999999
150780.0,49.99999999999999,50.00000000000001,49.99999999999998,49.99999999999998,49.99999999999998,49.99999999999997,50.0,50.000000000000014,49.999999999999986,49.999999999999986,49.999999999999986,50.0,49.99999999999999,nan,nan,nan,nan,nan,nan,nan,49.99999999999999
150840.0,49.99999999999999,50.00000000000001,49.99999999999998,49.99999999999998,49.99999999999998,49.99999999999997,50.0,50.000000000000014,49.999999999999986,49.999999999999986,49.999999999999986,50.0,49.99999999999999,nan,nan,nan,nan,nan,nan,nan,49.99999999999999
150900.0,49.99999999999999,50.00000000000001,49.99999999999998,49.99999999999998,49.99999999999998,49.99999999999997,50.0,50.000000000000014,49.999999999999986,49.999999999999986,49.999999999999986,50.0,49.99999999999999,nan,nan,nan,nan,nan,nan,nan,49.99999999999999
150960.0,49.99999999999999,50.00000000000001,49.99999999999998,49.99999999999998,49.99999999999998,49.99999999999997,50.0,50.000000000000014,49.999999999999986,49.999999999999986,49.999999999999986,50.0,49.99999999999999,nan,nan,nan,nan,nan,nan,nan,49.99999999999999
151020.0,49.99999999999999,50.00000000000001,49.99999999999998,49.99999999999998,49.99999999999998,49.99999999999997,50.0,50.000000000000014,49.999999999999986,49.999999999999986,49.999999999999986,50.0,49.99999999999999,nan,nan,nan,nan,nan,nan,nan,49.99999999999999
151080.0,49.99999999999999,50.00000000000001,49.99999999999998,49.99999999999998,49.99999999999998,49.99999999999997,50.0,50.000000000000014,49.999999999999986,49.999999999999986,49.999999999999986,50.0,49.99999999999999,nan,nan,nan,nan,nan,nan,nan,49.99999999999999
151140.0,49.99999999999999,50.00000000000001,49.99999999999998,49.99999999999998,49.99999999999998,49.99999999999997,50.0,50.000000000000014,49.999999999999986,49.999999999999986,49.999999999999986,50.0,49.99999999999999,nan,nan,nan,nan,nan,nan,nan,49.99999999999999
151200.0,49.99999999999999,50.00000000000001,49.99999999999998,49.99999999999998,49.99999999999998,49.99999999999997,50.0,50.000000000000014,49.999999999999986,49.999999999999986,49.999999999999986,50.0,49.99999999999999,nan,nan,nan,nan,nan,nan,nan,49.99999999999999
151260.0,49.99999999999999,50.00000000000001,49.99999999999998,49.99999999999998,49.99999999999998,49.99999999999997,50.0,50.000000000000014,49.999999999999986,49.999999999999986,49.999999999999986,50.0,49.99999999999999,nan,nan,nan,nan,nan,nan,nan,49.99999999999999
151320.0,49.99999999999999,50.00000000000001,49.99999999999998,49.99999999999998,49.99999999999998,49.99999999999997,50.0,50.000000000000014,49.999999999999986,49.999999999999986,49.999999999999986,50.0,49.99999999999999,nan,nan,nan,nan,nan,nan,nan,49.99999999999999
151380.0,49.99999999999999,50.00000000000001,49.99999999999998,49.99999999999998,49.99999999999998,49.99999999999997,50.0,50.000000000000014,49.999999999999986,49.999999999999986,49.999999999999986,50.0,49.99999999999999,nan,nan,nan,nan,nan,nan,nan,49.99999999999999
151440.0,49.99999999999999,50.00000000000001,49.99999999999998,49.99999999999998,49.99999999999998,49.99999999999997,50.0,50.000000000000014,49.999999999999986,49.999999999999986,49.999999999999986,50.0,49.99999999999999,nan,nan,nan,nan,nan,nan,nan,49.99999999999999
151500.0,49.99999999999999,50.00000000000001,49.99999999999998,49.99999999999998,49.99999999999998,49.99999999999997,50.0,50.000000000000014,49.999999999999986,49.999999999999986,49.999999999999986,50.0,49.99999999999999,nan,nan,nan,nan,nan,nan,nan,49.99999999999999
151560.0,49.99999999999999,50.00000000000001,49.99999999999998,49.99999999999998,49.99999999999998,49.99999999999997,50.0,50.000000000000014,49.999999999999986,49.999999999999986,49.999999999999986,50.0,49.99999999999999,nan,nan,nan,nan,nan,nan,nan,49.99999999999999
151620.0,49.99999999999999,50.00000000000001,49.99999999999998,49.99999999999998,49.99999999999998,49.99999999999997,50.0,50.000000000000014,49.999999999999986,49.999999999999986,49.999999999999986,50.0,49.99999999999999,nan,nan,nan,nan,nan,nan,nan,49.99999999999999
151680.0,49.99999999999999,50.00000000000001,49.99999999999998,49.99999999999998,49.99999999999998,49.99999999999997,50.0,50.000000000000014,49.999999999999986,49.999999999999986,49.999999999999986,50.0,49.99999999999999,nan,nan,nan,nan,nan,nan,nan,49.99999999999999
151740.0,49.99999999999999,50.00000000000001,49.99999999999998,49.99999999999998,49.99999999999998,49.99999999999997,50.0,50.000000000000014,49.999999999999986,49.999999999999986,49.999999999999986,50.0,49.99999999999999,nan,nan,nan,nan,nan,nan,nan,49.99999999999999
151800.0,49.99999999999999,50.00000000000001,49.99999999999998,49.99999999999998,49.99999999999998,49.99999999999997,50.0,50.000000000000014,49.999999999999986,49.999999999999986,49.999999999999986,50.0,49.99999999999999,nan,nan,nan,nan,nan,nan,nan,49.99999999999999
151860.0,49.99999999999999,50.00000000000001,49.99999999999998,49.99999999999998,49.99999999999998,49.99999999999997,50.0,50.000000000000014,49.999999999999986,49.999999999999986,49.999999999999986,50.0,49.99999999999999,nan,nan,nan,nan,nan,nan,nan,49.99999999999999
151920.0,49.99999999999999,50.00000000000001,49.99999999999998,49.99999999999998,49.99999999999998,49.99999999999997,50.0,50.000000000000014,49.999999999999986,49.999999999999986,49.999999999999986,50.0,49.99999999999999,nan,nan,nan,nan,nan,nan,nan,49.99999999999999
151980.0,49.99999999999999,50.00000000000001,49.99999999999998,49.99999999999998,49.99999999999998,49.99999999999997,50.0,50.000000000000014,49.999999999999986,49.999999999999986,49.999999999999986,50.0,49.99999999999999,nan,nan,nan,nan,nan,nan,nan,49.99999999999999
152040.0,49.99999999999999,50.00000000000001,49.99999999999998,49.99999999999998,49.99999999999998,49.99999999999997,50.0,50.000000000000014,49.999999999999986,49.999999999999986,49.999999999999986,50.0,49.99999999999999,nan,nan,nan,nan,nan,nan,nan,49.99999999999999
152100.0,49.99999999999999,50.00000000000001,49.99999999999998,49.99999999999998,49.99999999999998,49.99999999999997,50.0,50.000000000000014,49.999999999999986,49.999999999999986,49.999999999999986,50.0,49.99999999999999,nan,nan,nan,nan,nan,nan,nan,49.99999999999999
152160.0,49.99999999999999,50.00000000000001,49.99999999999998,49.99999999999998,49.99999999999998,49.99999999999997,50.0,50.000000000000014,49.999999999999986,49.999999999999986,49.999999999999986,50.0,49.99999999999999,nan,nan,nan,nan,nan,nan,nan,49.99999999999999
152220.0,49.99999999999999,50.00000000000001,49.99999999999998,49.99999999999998,49.99999999999998,49.99999999999997,50.0,50.000000000000014,49.999999999999986,49.999999999999986,49.999999999999986,50.0,49.99999999999999,nan,nan,nan,nan,nan,nan,nan,49.99999999999999
152280.0,49.99999999999999,50.00000000000001,49.99999999999998,49.99999999999998,49.99999999999998,49.99999999999997,50.0,50.000000000000014,49.999999999999986,49.999999999999986,49.999999999999986,50.0,49.99999999999999,nan,nan,nan,nan,nan,nan,nan,49.99999999999999
152340.0,49.99999999999999,50.00000000000001,49.99999999999998,49.99999999999998,49.99999999999998,49.99999999999997,50.0,50.000000000000014,49.999999999999986,49.999999999999986,49.999999999999986,50.0,49.99999999999999,nan,nan,nan,nan,nan,nan,nan,49.99999999999999
152400.0,49.99999999999999,50.00000000000001,49.99999999999998,49.99999999999998,49.99999999999998,49.99999999999997,50.0,50.000000000000014,49.999999999999986,49.999999999999986,49.999999999999986,50.0,49.99999999999999,nan,nan,nan,nan,nan,nan,nan,49.99999999999999
152460.0,49.99999999999999,50.00000000000001,49.99999999999998,49.99999999999998,49.99999999999998,49.99999999999997,50.0,50.000000000000014,49.999999999999986,49.999999999999986,49.999999999999986,50.0,49.99999999999999,nan,nan,nan,nan,nan,nan,nan,49.99999999999999
152520.0,49.99999999999999,50.00000000000001,49.99999999999998,49.99999999999998,49.99999999999998,49.99999999999997,50.0,50.000000000000014,49.999999999999986,49.999999999999986,49.999999999999986,50.0,49.99999999999999,nan,nan,nan,nan,nan,nan,nan,49.99999999999999
152580.0,49.99999999999999,50.00000000000001,49.99999999999998,49.99999999999998,49.99999999999998,49.99999999999997,50.0,50.000000000000014,49.999999999999986,49.999999999999986,49.999999999999986,50.0,49.99999999999999,nan,nan,nan,nan,nan,nan,nan,49.99999999999999
152640.0,49.99999999999999,50.00000000000001,49.99999999999998,49.99999999999998,49.99999999999998,49.99999999999997,50.0,50.000000000000014,49.999999999999986,49.999999999999986,49.999999999999986,50.0,49.99999999999999,nan,nan,nan,nan,nan,nan,nan,49.99999999999999
152700.0,49.99999999999999,50.00000000000001,49.99999999999998,49.99999999999998,49.99999999999998,49.99999999999997,50.0,50.000000000000014,49.999999999999986,49.999999999999986,49.999999999999986,50.0,49.99999999999999,nan,nan,nan,nan,nan,nan,nan,49.99999999999999
152760.0,49.99999999999999,50.00000000000001,49.99999999999998,49.99999999999998,49.99999999999998,49.99999999999997,50.0,50.000000000000014,49.999999999999986,49.999999999999986,49.999999999999986,50.0,49.99999999999999,nan,nan,nan,nan,nan,nan,nan,49.99999999999999
152820.0,49.99999999999999,50.00000000000001,49.99999999999998,49.99999999999998,49.99999999999998,49.99999999999997,50.0,50.000000000000014,49.999999999999986,49.999999999999986,49.999999999999986,50.0,49.99999999999999,nan,nan,nan,nan,nan,nan,nan,49.99999999999999
152880.0,49.99999999999999,50.00000000000001,49.99999999999998,49.99999999999998,49.99999999999998,49.99999999999997,50.0,50.000000000000014,49.999999999999986,49.999999999999986,49.999999999999986,50.0,49.99999999999999,nan,nan,nan,nan,nan,nan,nan,49.99999999999999
152940.0,49.99999999999999,50.00000000000001,49.99999999999998,49.99999999999998,49.99999999999998,49.99999999999997,50.0,50.000000000000014,49.999999999999986,49.999999999999986,49.999999999999986,50.0,49.99999999999999,nan,nan,nan,nan,nan,nan,nan,49.99999999999999
153000.0,49.99999999999999,50.00000000000001,49.99999999999998,49.99999999999998,49.99999999999998,49.99999999999997,50.0,50.000000000000014,49.999999999999986,49.999999999999986,49.999999999999986,50.0,49.99999999999999,nan,nan,nan,nan,nan,nan,nan,49.99999999999999
153060.0,49.99999999999999,50.00000000000001,49.99999999999998,49.99999999999998,49.99999999999998,49.99999999999997,50.0,50.000000000000014,49.999999999999986,49.999999999999986,49.999999999999986,50.0,49.99999999999999,nan,nan,nan,nan,nan,nan,nan,49.99999999999999
153120.0,49.99999999999999,50.00000000000001,49.99999999999998,49.99999999999998,49.99999999999998,49.99999999999997,50.0,50.000000000000014,49.999999999999986,49.999999999999986,49.999999999999986,50.0,49.99999999999999,nan,nan,nan,nan,nan,nan,nan,49.99999999999999
153180.0,49.99999999999999,50.00000000000001,49.99999999999998,49.99999999999998,49.99999999999998,49.99999999999997,50.0,50.000000000000014,49.999999999999986,49.999999999999986,49.999999999999986,50.0,49.99999999999999,nan,nan,nan,nan,nan,nan,nan,49.99999999999999
153240.0,49.99999999999999,50.00000000000001,49.99999999999998,49.99999999999998,49.99999999999998,49.99999999999997,50.0,50.000000000000014,49.999999999999986,49.999999999999986,49.999999999999986,50.0,49.99999999999999,nan,nan,nan,nan,nan,nan,nan,49.99999999999999
153300.0,49.99999999999999,50.00000000000001,49.99999999999998,49.99999999999998,49.99999999999998,49.99999999999997,50.0,50.000000000000014,49.999999999999986,49.999999999999986,49.999999999999986,50.0,49.99999999999999,nan,nan,nan,nan,nan,nan,nan,49.99999999999999
153360.0,49.99999999999999,50.00000000000001,49.99999999999998,49.99999999999998,49.99999999999998,49.99999999999997,50.0,50.000000000000014,49.999999999999986,49.999999999999986,49.999999999999986,50.0,49.99999999999999,nan,nan,nan,nan,nan,nan,nan,49.99999999999999
153420.0,49.99999999999999,50.00000000000001,49.99999999999998,49.99999999999998,49.99999999999998,49.99999999999997,50.0,50.000000000000014,49.999999999999986,49.999999999999986,49.999999999999986,50.0,49.99999999999999,nan,nan,nan,nan,nan,nan,nan,49.99999999999999
153480.0,49.99999999999999,50.00000000000001,49.99999999999998,49.99999999999998,49.99999999999998,49.99999999999997,50.0,50.000000000000014,49.999999999999986,49.999999999999986,49.999999999999986,50.0,49.99999999999999,nan,nan,nan,nan,nan,nan,nan,49.99999999999999
153540.0,49.99999999999999,50.00000000000001,49.99999999999998,49.99999999999998,49.99999999999998,49.99999999999997,50.0,50.000000000000014,49.999999999999986,49.999999999999986,49.999999999999986,50.0,49.99999999999999,nan,nan,nan,nan,nan,nan,nan,49.99999999999999
153600.0,49.99999999999999,50.00000000000001,49.99999999999998,49.99999999999998,49.99999999999998,49.99999999999997,50.0,50.000000000000014,49.999999999999986,49.999999999999986,49.999999999999986,50.0,49.99999999999999,nan,nan,nan,nan,nan,nan,nan,49.99999999999999
153660.0,49.99999999999999,50.00000000000001,49.99999999999998,49.99999999999998,49.99999999999998,49.99999999999997,50.0,50.000000000000014,49.999999999999986,49.999999999999986,49.999999999999986,50.0,49.99999999999999,nan,nan,nan,nan,nan,nan,nan,49.99999999999999
153720.0,49.99999999999999,50.00000000000001,49.99999999999998,49.99999999999998,49.99999999999998,49.99999999999997,50.0,50.000000000000014,49.999999999999986,49.999999999999986,49.999999999999986,50.0,49.99999999999999,nan,nan,nan,nan,nan,nan,nan,49.99999999999999
153780.0,49.99999999999999,50.00000000000001,49.99999999999998,49.99999999999998,49.99999999999998,49.99999999999997,50.0,50.000000000000014,49.999999999999986,49.999999999999986,49.999999999999986,50.0,49.99999999999999,nan,nan,nan,nan,nan,nan,nan,49.99999999999999
153840.0,49.99999999999999,50.00000000000001,49.99999999999998,49.99999999999998,49.99999999999998,49.99999999999997,50.0,50.000000000000014,49.999999999999986,49.999999999999986,49.999999999999986,50.0,49.99999999999999,nan,nan,nan,nan,nan,nan,nan,49.99999999999999
153900.0,49.99999999999999,50.00000000000001,49.99999999999998,49.99999999999998,49.99999999999998,49.99999999999997,50.0,50.000000000000014,49.999999999999986,49.999999999999986,49.999999999999986,50.0,49.99999999999999,nan,nan,nan,nan,nan,nan,nan,49.99999999999999
153960.0,49.99999999999999,50.00000000000001,49.99999999999998,49.99999999999998,49.99999999999998,49.99999999999997,50.0,50.000000000000014,49.999999999999986,49.999999999999986,49.999999999999986,50.0,49.99999999999999,nan,nan,nan,nan,nan,nan,nan,49.99999999999999
154020.0,49.99999999999999,50.00000000000001,49.99999999999998,49.99999999999998,49.99999999999998,49.99999999999997,50.0,50.000000000000014,49.999999999999986,49.999999999999986,49.999999999999986,50.0,49.99999999999999,nan,nan,nan,nan,nan,nan,nan,49.99999999999999
154080.0,49.99999999999999,50.00000000000001,49.99999999999998,49.99999999999998,49.99999999999998,49.99999999999997,50.0,50.000000000000014,49.999999999999986,49.999999999999986,49.999999999999986,50.0,49.99999999999999,nan,nan,nan,nan,nan,nan,nan,49.99999999999999
154140.0,49.99999999999999,50.00000000000001,49.99999999999998,49.99999999999998,49.99999999999998,49.99999999999997,50.0,50.000000000000014,49.999999999999986,49.999999999999986,49.999999999999986,50.0,49.99999999999999,nan,nan,nan,nan,nan,nan,nan,49.99999999999999
154200.0,49.99999999999999,50.00000000000001,49.99999999999998,49.99999999999998,49.99999999999998,49.99999999999997,50.0,50.000000000000014,49.999999999999986,49.999999999999986,49.999999999999986,50.0,49.99999999999999,nan,nan,nan,nan,nan,nan,nan,49.99999999999999
154260.0,49.99999999999999,50.00000000000001,49.99999999999998,49.99999999999998,49.99999999999998,49.99999999999997,50.0,50.000000000000014,49.999999999999986,49.999999999999986,49.999999999999986,50.0,49.99999999999999,nan,nan,nan,nan,nan,nan,nan,49.99999999999999
154320.0,49.99999999999999,50.00000000000001,49.99999999999998,49.99999999999998,49.99999999999998,49.99999999999997,50.0,50.000000000000014,49.999999999999986,49.999999999999986,49.999999999999986,50.0,49.99999999999999,nan,nan,nan,nan,nan,nan,nan,49.99999999999999
154380.0,49.99999999999999,50.00000000000001,49.99999999999998,49.99999999999998,49.99999999999998,49.99999999999997,50.0,50.000000000000014,49.999999999999986,49.999999999999986,49.999999999999986,50.0,49.99999999999999,nan,nan,nan,nan,nan,nan,nan,49.99999999999999
154440.0,49.99999999999999,50.00000000000001,49.99999999999998,49.99999999999998,49.99999999999998,49.99999999999997,50.0,50.000000000000014,49.999999999999986,49.999999999999986,49.999999999999986,50.0,49.99999999999999,nan,nan,nan,nan,nan,nan,nan,49.99999999999999
154500.0,49.99999999999999,50.00000000000001,49.99999999999998,49.99999999999998,49.99999999999998,49.99999999999997,50.0,50.000000000000014,49.999999999999986,49.999999999999986,49.999999999999986,50.0,49.99999999999999,nan,nan,nan,nan,nan,nan,nan,49.99999999999999
154560.0,49.99999999999999,50.00000000000001,49.99999999999998,49.99999999999998,49.99999999999998,49.99999999999997,50.0,50.000000000000014,49.999999999999986,49.999999999999986,49.999999999999986,50.0,49.99999999999999,nan,nan,nan,nan,nan,nan,nan,49.99999999999999
154620.0,49.99999999999999,50.00000000000001,49.99999999999998,49.99999999999998,49.99999999999998,49.99999999999997,50.0,50.000000000000014,49.999999999999986,49.999999999999986,49.999999999999986,50.0,49.99999999999999,nan,nan,nan,nan,nan,nan,nan,49.99999999999999
154680.0,49.99999999999999,50.00000000000001,49.99999999999998,49.99999999999998,49.99999999999998,49.99999999999997,50.0,50.000000000000014,49.999999999999986,49.999999999999986,49.999999999999986,50.0,49.99999999999999,nan,nan,nan,nan,nan,nan,nan,49.99999999999999
154740.0,49.99999999999999,50.00000000000001,49.99999999999998,49.99999999999998,49.99999999999998,49.99999999999997,50.0,50.000000000000014,49.999999999999986,49.999999999999986,49.999999999999986,50.0,49.99999999999999,nan,nan,nan,nan,nan,nan,nan,49.99999999999999
154800.0,49.99999999999999,50.00000000000001,49.99999999999998,49.99999999999998,49.99999999999998,49.99999999999997,50.0,50.000000000000014,49.999999999999986,49.999999999999986,49.999999999999986,50.0,49.99999999999999,nan,nan,nan,nan,nan,nan,nan,49.99999999999999
154860.0,49.99999999999999,50.00000000000001,49.99999999999998,49.99999999999998,49.99999999999998,49.99999999999997,50.0,50.000000000000014,49.999999999999986,49.999999999999986,49.999999999999986,50.0,49.99999999999999,nan,nan,nan,nan,nan,nan,nan,49.99999999999999
154920.0,49.99999999999999,50.00000000000001,49.99999999999998,49.99999999999998,49.99999999999998,49.99999999999997,50.0,50.000000000000014,49.999999999999986,49.999999999999986,49.999999999999986,50.0,49.99999999999999,nan,nan,nan,nan,nan,nan,nan,49.99999999999999
154980.0,49.99999999999999,50.00000000000001,49.99999999999998,49.99999999999998,49.99999999999998,49.99999999999997,50.0,50.000000000000014,49.999999999999986,49.999999999999986,49.999999999999986,50.0,49.99999999999999,nan,nan,nan,nan,nan,nan,nan,49.99999999999999
155040.0,49.99999999999999,50.00000000000001,49.99999999999998,49.99999999999998,49.99999999999998,49.99999999999997,50.0,50.000000000000014,49.999999999999986,49.999999999999986,49.999999999999986,50.0,49.99999999999999,nan,nan,nan,nan,nan,nan,nan,49.99999999999999
155100.0,49.99999999999999,50.00000000000001,49.99999999999998,49.99999999999998,49.99999999999998,49.99999999999997,50.0,50.000000000000014,49.999999999999986,49.999999999999986,49.999999999999986,50.0,49.99999999999999,nan,nan,nan,nan,nan,nan,nan,49.99999999999999
155160.0,49.99999999999999,50.00000000000001,49.99999999999998,49.99999999999998,49.99999999999998,49.99999999999997,50.0,50.000000000000014,49.999999999999986,49.999999999999986,49.999999999999986,50.0,49.99999999999999,nan,nan,nan,nan,nan,nan,nan,49.99999999999999
155220.0,49.99999999999999,50.00000000000001,49.99999999999998,49.99999999999998,49.99999999999998,49.99999999999997,50.0,50.000000000000014,49.999999999999986,49.999999999999986,49.999999999999986,50.0,49.99999999999999,nan,nan,nan,nan,nan,nan,nan,49.99999999999999
155280.0,49.99999999999999,50.00000000000001,49.99999999999998,49.99999999999998,49.99999999999998,49.99999999999997,50.0,50.000000000000014,49.999999999999986,49.999999999999986,49.999999999999986,50.0,49.99999999999999,nan,nan,nan,nan,nan,nan,nan,49.99999999999999
155340.0,49.99999999999999,50.00000000000001,49.99999999999998,49.99999999999998,49.99999999999998,49.99999999999997,50.0,50.000000000000014,49.999999999999986,49.999999999999986,49.999999999999986,50.0,49.99999999999999,nan,nan,nan,nan,nan,nan,nan,49.99999999999999
155400.0,49.99999999999999,50.00000000000001,49.99999999999998,49.99999999999998,49.99999999999998,49.99999999999997,50.0,50.000000000000014,49.999999999999986,49.999999999999986,49.999999999999986,50.0,49.99999999999999,nan,nan,nan,nan,nan,nan,nan,49.99999999999999
155460.0,49.99999999999999,50.00000000000001,49.99999999999998,49.99999999999998,49.99999999999998,49.99999999999997,50.0,50.000000000000014,49.999999999999986,49.999999999999986,49.999999999999986,50.0,49.99999999999999,nan,nan,nan,nan,nan,nan,nan,49.99999999999999
155520.0,49.99999999999999,50.00000000000001,49.99999999999998,49.99999999999998,49.99999999999998,49.99999999999997,50.0,50.000000000000014,49.999999999999986,49.999999999999986,49.999999999999986,50.0,49.99999999999999,nan,nan,nan,nan,nan,nan,nan,49.99999999999999
155580.0,49.99999999999999,50.00000000000001,49.99999999999998,49.99999999999998,49.99999999999998,49.99999999999997,50.0,50.000000000000014,49.999999999999986,49.999999999999986,49.999999999999986,50.0,49.99999999999999,nan,nan,nan,nan,nan,nan,nan,49.99999999999999
155640.0,49.99999999999999,50.00000000000001,49.99999999999998,49.99999999999998,49.99999999999998,49.99999999999997,50.0,50.000000000000014,49.999999999999986,49.999999999999986,49.999999999999986,50.0,49.99999999999999,nan,nan,nan,nan,nan,nan,nan,49.99999999999999
155700.0,49.99999999999999,50.00000000000001,49.99999999999998,49.99999999999998,49.99999999999998,49.99999999999997,50.0,50.000000000000014,49.999999999999986,49.999999999999986,49.999999999999986,50.0,49.99999999999999,nan,nan,nan,nan,nan,nan,nan,49.99999999999999
155760.0,49.99999999999999,50.00000000000001,49.99999999999998,49.99999999999998,49.99999999999998,49.99999999999997,50.0,50.000000000000014,49.999999999999986,49.999999999999986,49.999999999999986,50.0,49.99999999999999,nan,nan,nan,nan,nan,nan,nan,49.99999999999999
155820.0,49.99999999999999,50.00000000000001,49.99999999999998,49.99999999999998,49.99999999999998,49.99999999999997,50.0,50.000000000000014,49.999999999999986,49.999999999999986,49.999999999999986,50.0,49.99999999999999,nan,nan,nan,nan,nan,nan,nan,49.99999999999999
155880.0,49.99999999999999,50.00000000000001,49.99999999999998,49.99999999999998,49.99999999999998,49.99999999999997,50.0,50.000000000000014,49.999999999999986,49.999999999999986,49.999999999999986,50.0,49.99999999999999,nan,nan,nan,nan,nan,nan,nan,49.99999999999999
155940.0,49.99999999999999,50.00000000000001,49.99999999999998,49.99999999999998,49.99999999999998,49.99999999999997,50.0,50.000000000000014,49.999999999999986,49.999999999999986,49.999999999999986,50.0,49.99999999999999,nan,nan,nan,nan,nan,nan,nan,49.99999999999999
156000.0,49.99999999999999,50.00000000000001,49.99999999999998,49.99999999999998,49.99999999999998,49.99999999999997,50.0,50.000000000000014,49.999999999999986,49.999999999999986,49.999999999999986,50.0,49.99999999999999,nan,nan,nan,nan,nan,nan,nan,49.99999999999999
156060.0,49.99999999999999,50.00000000000001,49.99999999999998,49.99999999999998,49.99999999999998,49.99999999999997,50.0,50.000000000000014,49.999999999999986,49.999999999999986,49.999999999999986,50.0,49.99999999999999,nan,nan,nan,nan,nan,nan,nan,49.99999999999999
156120.0,49.99999999999999,50.00000000000001,49.99999999999998,49.99999999999998,49.99999999999998,49.99999999999997,50.0,50.000000000000014,49.999999999999986,49.999999999999986,49.999999999999986,50.0,49.99999999999999,nan,nan,nan,nan,nan,nan,nan,49.99999999999999
156180.0,49.99999999999999,50.00000000000001,49.99999999999998,49.99999999999998,49.99999999999998,49.99999999999997,50.0,50.000000000000014,49.999999999999986,49.999999999999986,49.999999999999986,50.0,49.99999999999999,nan,nan,nan,nan,nan,nan,nan,49.99999999999999
156240.0,49.99999999999999,50.00000000000001,49.99999999999998,49.99999999999998,49.99999999999998,49.99999999999997,50.0,50.000000000000014,49.999999999999986,49.999999999999986,49.999999999999986,50.0,49.99999999999999,nan,nan,nan,nan,nan,nan,nan,49.99999999999999
156300.0,49.99999999999999,50.00000000000001,49.99999999999998,49.99999999999998,49.99999999999998,49.99999999999997,50.0,50.000000000000014,49.999999999999986,49.999999999999986,49.999999999999986,50.0,49.99999999999999,nan,nan,nan,nan,nan,nan,nan,49.99999999999999
156360.0,49.99999999999999,50.00000000000001,49.99999999999998,49.99999999999998,49.99999999999998,49.99999999999997,50.0,50.000000000000014,49.999999999999986,49.999999999999986,49.999999999999986,50.0,49.99999999999999,nan,nan,nan,nan,nan,nan,nan,49.99999999999999
156420.0,49.99999999999999,50.00000000000001,49.99999999999998,49.99999999999998,49.99999999999998,49.99999999999997,50.0,50.000000000000014,49.999999999999986,49.999999999999986,49.999999999999986,50.0,49.99999999999999,nan,nan,nan,nan,nan,nan,nan,49.99999999999999
156480.0,49.99999999999999,50.00000000000001,49.99999999999998,49.99999999999998,49.99999999999998,49.99999999999997,50.0,50.000000000000014,49.999999999999986,49.999999999999986,49.999999999999986,50.0,49.99999999999999,nan,nan,nan,nan,nan,nan,nan,49.99999999999999
156540.0,49.99999999999999,50.00000000000001,49.99999999999998,49.99999999999998,49.99999999999998,49.99999999999997,50.0,50.000000000000014,49.999999999999986,49.999999999999986,49.999999999999986,50.0,49.99999999999999,nan,nan,nan,nan,nan,nan,nan,49.99999999999999
156600.0,49.99999999999999,50.00000000000001,49.99999999999998,49.99999999999998,49.99999999999998,49.99999999999997,50.0,50.000000000000014,49.999999999999986,49.999999999999986,49.999999999999986,50.0,49.99999999999999,nan,nan,nan,nan,nan,nan,nan,49.99999999999999
156660.0,49.99999999999999,50.00000000000001,49.99999999999998,49.99999999999998,49.99999999999998,49.99999999999997,50.0,50.000000000000014,49.999999999999986,49.999999999999986,49.999999999999986,50.0,49.99999999999999,nan,nan,nan,nan,nan,nan,nan,49.99999999999999
156720.0,49.99999999999999,50.00000000000001,49.99999999999998,49.99999999999998,49.99999999999998,49.99999999999997,50.0,50.000000000000014,49.999999999999986,49.999999999999986,49.999999999999986,50.0,49.99999999999999,nan,nan,nan,nan,nan,nan,nan,49.99999999999999
156780.0,49.99999999999999,50.00000000000001,49.99999999999998,49.99999999999998,49.99999999999998,49.99999999999997,50.0,50.000000000000014,49.999999999999986,49.999999999999986,49.999999999999986,50.0,49.99999999999999,nan,nan,nan,nan,nan,nan,nan,49.99999999999999
156840.0,49.99999999999999,50.00000000000001,49.99999999999998,49.99999999999998,49.99999999999998,49.99999999999997,50.0,50.000000000000014,49.999999999999986,49.999999999999986,49.999999999999986,50.0,49.99999999999999,nan,nan,nan,nan,nan,nan,nan,49.99999999999999
156900.0,49.99999999999999,50.00000000000001,49.99999999999998,49.99999999999998,49.99999999999998,49.99999999999997,50.0,50.000000000000014,49.999999999999986,49.999999999999986,49.999999999999986,50.0,49.99999999999999,nan,nan,nan,nan,nan,nan,nan,49.99999999999999
156960.0,49.99999999999999,50.00000000000001,49.99999999999998,49.99999999999998,49.99999999999998,49.99999999999997,50.0,50.000000000000014,49.999999999999986,49.999999999999986,49.999999999999986,50.0,49.99999999999999,nan,nan,nan,nan,nan,nan,nan,49.99999999999999
157020.0,49.99999999999999,50.00000000000001,49.99999999999998,49.99999999999998,49.99999999999998,49.99999999999997,50.0,50.000000000000014,49.999999999999986,49.999999999999986,49.999999999999986,50.0,49.99999999999999,nan,nan,nan,nan,nan,nan,nan,49.99999999999999
157080.0,49.99999999999999,50.00000000000001,49.99999999999998,49.99999999999998,49.99999999999998,49.99999999999997,50.0,50.000000000000014,49.999999999999986,49.999999999999986,49.999999999999986,50.0,49.99999999999999,nan,nan,nan,nan,nan,nan,nan,49.99999999999999
157140.0,49.99999999999999,50.00000000000001,49.99999999999998,49.99999999999998,49.99999999999998,49.99999999999997,50.0,50.000000000000014,49.999999999999986,49.999999999999986,49.999999999999986,50.0,49.99999999999999,nan,nan,nan,nan,nan,nan,nan,49.99999999999999
157200.0,49.99999999999999,50.00000000000001,49.99999999999998,49.99999999999998,49.99999999999998,49.99999999999997,50.0,50.000000000000014,49.999999999999986,49.999999999999986,49.999999999999986,50.0,49.99999999999999,nan,nan,nan,nan,nan,nan,nan,49.99999999999999
157260.0,49.99999999999999,50.00000000000001,49.99999999999998,49.99999999999998,49.99999999999998,49.99999999999997,50.0,50.000000000000014,49.999999999999986,49.999999999999986,49.999999999999986,50.0,49.99999999999999,nan,nan,nan,nan,nan,nan,nan,49.99999999999999
157320.0,49.99999999999999,50.00000000000001,49.99999999999998,49.99999999999998,49.99999999999998,49.99999999999997,50.0,50.000000000000014,49.999999999999986,49.999999999999986,49.999999999999986,50.0,49.99999999999999,nan,nan,nan,nan,nan,nan,nan,49.99999999999999
157380.0,49.99999999999999,50.00000000000001,49.99999999999998,49.99999999999998,49.99999999999998,49.99999999999997,50.0,50.000000000000014,49.999999999999986,49.999999999999986,49.999999999999986,50.0,49.99999999999999,nan,nan,nan,nan,nan,nan,nan,49.99999999999999
157440.0,49.99999999999999,50.00000000000001,49.99999999999998,49.99999999999998,49.99999999999998,49.99999999999997,50.0,50.000000000000014,49.999999999999986,49.999999999999986,49.999999999999986,50.0,49.99999999999999,nan,nan,nan,nan,nan,nan,nan,49.99999999999999
157500.0,49.99999999999999,50.00000000000001,49.99999999999998,49.99999999999998,49.99999999999998,49.99999999999997,50.0,50.000000000000014,49.999999999999986,49.999999999999986,49.999999999999986,50.0,49.99999999999999,nan,nan,nan,nan,nan,nan,nan,49.99999999999999
157560.0,49.99999999999999,50.00000000000001,49.99999999999998,49.99999999999998,49.99999999999998,49.99999999999997,50.0,50.000000000000014,49.999999999999986,49.999999999999986,49.999999999999986,50.0,49.99999999999999,nan,nan,nan,nan,nan,nan,nan,49.99999999999999
157620.0,49.99999999999999,50.00000000000001,49.99999999999998,49.99999999999998,49.99999999999998,49.99999999999997,50.0,50.000000000000014,49.999999999999986,49.999999999999986,49.999999999999986,50.0,49.99999999999999,nan,nan,nan,nan,nan,nan,nan,49.99999999999999
157680.0,49.99999999999999,50.00000000000001,49.99999999999998,49.99999999999998,49.99999999999998,49.99999999999997,50.0,50.000000000000014,49.999999999999986,49.999999999999986,49.999999999999986,50.0,49.99999999999999,nan,nan,nan,nan,nan,nan,nan,49.99999999999999
157740.0,49.99999999999999,50.00000000000001,49.99999999999998,49.99999999999998,49.99999999999998,49.99999999999997,50.0,50.000000000000014,49.999999999999986,49.999999999999986,49.999999999999986,50.0,49.99999999999999,nan,nan,nan,nan,nan,nan,nan,49.99999999999999
157800.0,49.99999999999999,50.00000000000001,49.99999999999998,49.99999999999998,49.99999999999998,49.99999999999997,50.0,50.000000000000014,49.999999999999986,49.999999999999986,49.999999999999986,50.0,49.99999999999999,nan,nan,nan,nan,nan,nan,nan,49.99999999999999
157860.0,49.99999999999999,50.00000000000001,49.99999999999998,49.99999999999998,49.99999999999998,49.99999999999997,50.0,50.000000000000014,49.999999999999986,49.999999999999986,49.999999999999986,50.0,49.99999999999999,nan,nan,nan,nan,nan,nan,nan,49.99999999999999
157920.0,49.99999999999999,50.00000000000001,49.99999999999998,49.99999999999998,49.99999999999998,49.99999999999997,50.0,50.000000000000014,49.999999999999986,49.999999999999986,49.999999999999986,50.0,49.99999999999999,nan,nan,nan,nan,nan,nan,nan,49.99999999999999
157980.0,49.99999999999999,50.00000000000001,49.99999999999998,49.99999999999998,49.99999999999998,49.99999999999997,50.0,50.000000000000014,49.999999999999986,49.999999999999986,49.999999999999986,50.0,49.99999999999999,nan,nan,nan,nan,nan,nan,nan,49.99999999999999
158040.0,49.99999999999999,50.00000000000001,49.99999999999998,49.99999999999998,49.99999999999998,49.99999999999997,50.0,50.000000000000014,49.999999999999986,49.999999999999986,49.999999999999986,50.0,49.99999999999999,nan,nan,nan,nan,nan,nan,nan,49.99999999999999
158100.0,49.99999999999999,50.00000000000001,49.99999999999998,49.99999999999998,49.99999999999998,49.99999999999997,50.0,50.000000000000014,49.999999999999986,49.999999999999986,49.999999999999986,50.0,49.99999999999999,nan,nan,nan,nan,nan,nan,nan,49.99999999999999
158160.0,49.99999999999999,50.00000000000001,49.99999999999998,49.99999999999998,49.99999999999998,49.99999999999997,50.0,50.000000000000014,49.999999999999986,49.999999999999986,49.999999999999986,50.0,49.99999999999999,nan,nan,nan,nan,nan,nan,nan,49.99999999999999
158220.0,49.99999999999999,50.00000000000001,49.99999999999998,49.99999999999998,49.99999999999998,49.99999999999997,50.0,50.000000000000014,49.999999999999986,49.999999999999986,49.999999999999986,50.0,49.99999999999999,nan,nan,nan,nan,nan,nan,nan,49.99999999999999
158280.0,49.99999999999999,50.00000000000001,49.99999999999998,49.99999999999998,49.99999999999998,49.99999999999997,50.0,50.000000000000014,49.999999999999986,49.999999999999986,49.999999999999986,50.0,49.99999999999999,nan,nan,nan,nan,nan,nan,nan,49.99999999999999
158340.0,49.99999999999999,50.00000000000001,49.99999999999998,49.99999999999998,49.99999999999998,49.99999999999997,50.0,50.000000000000014,49.999999999999986,49.999999999999986,49.999999999999986,50.0,49.99999999999999,nan,nan,nan,nan,nan,nan,nan,49.99999999999999
158400.0,49.99999999999999,50.00000000000001,49.99999999999998,49.99999999999998,49.99999999999998,49.99999999999997,50.0,50.000000000000014,49.999999999999986,49.999999999999986,49.999999999999986,50.0,49.99999999999999,nan,nan,nan,nan,nan,nan,nan,49.99999999999999
158460.0,49.99999999999999,50.00000000000001,49.99999999999998,49.99999999999998,49.99999999999998,49.99999999999997,50.0,50.000000000000014,49.999999999999986,49.999999999999986,49.999999999999986,50.0,49.99999999999999,nan,nan,nan,nan,nan,nan,nan,49.99999999999999
158520.0,49.99999999999999,50.00000000000001,49.99999999999998,49.99999999999998,49.99999999999998,49.99999999999997,50.0,50.000000000000014,49.999999999999986,49.999999999999986,49.999999999999986,50.0,49.99999999999999,nan,nan,nan,nan,nan,nan,nan,49.99999999999999
158580.0,49.99999999999999,50.00000000000001,49.99999999999998,49.99999999999998,49.99999999999998,49.99999999999997,50.0,50.000000000000014,49.999999999999986,49.999999999999986,49.999999999999986,50.0,49.99999999999999,nan,nan,nan,nan,nan,nan,nan,49.99999999999999
158640.0,49.99999999999999,50.00000000000001,49.99999999999998,49.99999999999998,49.99999999999998,49.99999999999997,50.0,50.000000000000014,49.999999999999986,49.999999999999986,49.999999999999986,50.0,49.99999999999999,nan,nan,nan,nan,nan,nan,nan,49.99999999999999
158700.0,49.99999999999999,50.00000000000001,49.99999999999998,49.99999999999998,49.99999999999998,49.99999999999997,50.0,50.000000000000014,49.999999999999986,49.999999999999986,49.999999999999986,50.0,49.99999999999999,nan,nan,nan,nan,nan,nan,nan,49.99999999999999
158760.0,49.99999999999999,50.00000000000001,49.99999999999998,49.99999999999998,49.99999999999998,49.99999999999997,50.0,50.000000000000014,49.999999999999986,49.999999999999986,49.999999999999986,50.0,49.99999999999999,nan,nan,nan,nan,nan,nan,nan,49.99999999999999
158820.0,49.99999999999999,50.00000000000001,49.99999999999998,49.99999999999998,49.99999999999998,49.99999999999997,50.0,50.000000000000014,49.999999999999986,49.999999999999986,49.999999999999986,50.0,49.99999999999999,nan,nan,nan,nan,nan,nan,nan,49.99999999999999
158880.0,49.99999999999999,50.00000000000001,49.99999999999998,49.99999999999998,49.99999999999998,49.99999999999997,50.0,50.000000000000014,49.999999999999986,49.999999999999986,49.999999999999986,50.0,49.99999999999999,nan,nan,nan,nan,nan,nan,nan,49.99999999999999
158940.0,49.99999999999999,50.00000000000001,49.99999999999998,49.99999999999998,49.99999999999998,49.99999999999997,50.0,50.000000000000014,49.999999999999986,49.999999999999986,49.999999999999986,50.0,49.99999999999999,nan,nan,nan,nan,nan,nan,nan,49.99999999999999
159000.0,49.99999999999999,50.00000000000001,49.99999999999998,49.99999999999998,49.99999999999998,49.99999999999997,50.0,50.000000000000014,49.999999999999986,49.999999999999986,49.999999999999986,50.0,49.99999999999999,nan,nan,nan,nan,nan,nan,nan,49.99999999999999
159060.0,49.99999999999999,50.00000000000001,49.99999999999998,49.99999999999998,49.99999999999998,49.99999999999997,50.0,50.000000000000014,49.999999999999986,49.999999999999986,49.999999999999986,50.0,49.99999999999999,nan,nan,nan,nan,nan,nan,nan,49.99999999999999
159120.0,49.99999999999999,50.00000000000001,49.99999999999998,49.99999999999998,49.99999999999998,49.99999999999997,50.0,50.000000000000014,49.999999999999986,49.999999999999986,49.999999999999986,50.0,49.99999999999999,nan,nan,nan,nan,nan,nan,nan,49.99999999999999
159180.0,49.99999999999999,50.00000000000001,49.99999999999998,49.99999999999998,49.99999999999998,49.99999999999997,50.0,50.000000000000014,49.999999999999986,49.999999999999986,49.999999999999986,50.0,49.99999999999999,nan,nan,nan,nan,nan,nan,nan,49.99999999999999
159240.0,49.99999999999999,50.00000000000001,49.99999999999998,49.99999999999998,49.99999999999998,49.99999999999997,50.0,50.000000000000014,49.999999999999986,49.999999999999986,49.999999999999986,50.0,49.99999999999999,nan,nan,nan,nan,nan,nan,nan,49.99999999999999
159300.0,49.99999999999999,50.00000000000001,49.99999999999998,49.99999999999998,49.99999999999998,49.99999999999997,50.0,50.000000000000014,49.999999999999986,49.999999999999986,49.999999999999986,50.0,49.99999999999999,nan,nan,nan,nan,nan,nan,nan,49.99999999999999
159360.0,49.99999999999999,50.00000000000001,49.99999999999998,49.99999999999998,49.99999999999998,49.99999999999997,50.0,50.000000000000014,49.999999999999986,49.999999999999986,49.999999999999986,50.0,49.99999999999999,nan,nan,nan,nan,nan,nan,nan,49.99999999999999
159420.0,49.99999999999999,50.00000000000001,49.99999999999998,49.99999999999998,49.99999999999998,49.99999999999997,50.0,50.000000000000014,49.999999999999986,49.999999999999986,49.999999999999986,50.0,49.99999999999999,nan,nan,nan,nan,nan,nan,nan,49.99999999999999
159480.0,49.99999999999999,50.00000000000001,49.99999999999998,49.99999999999998,49.99999999999998,49.99999999999997,50.0,50.000000000000014,49.999999999999986,49.999999999999986,49.999999999999986,50.0,49.99999999999999,nan,nan,nan,nan,nan,nan,nan,49.99999999999999
159540.0,49.99999999999999,50.00000000000001,49.99999999999998,49.99999999999998,49.99999999999998,49.99999999999997,50.0,50.000000000000014,49.999999999999986,49.999999999999986,49.999999999999986,50.0,49.99999999999999,nan,nan,nan,nan,nan,nan,nan,49.99999999999999
159600.0,49.99999999999999,50.00000000000001,49.99999999999998,49.99999999999998,49.99999999999998,49.99999999999997,50.0,50.000000000000014,49.999999999999986,49.999999999999986,49.999999999999986,50.0,49.99999999999999,nan,nan,nan,nan,nan,nan,nan,49.99999999999999
159660.0,49.99999999999999,50.00000000000001,49.99999999999998,49.99999999999998,49.99999999999998,49.99999999999997,50.0,50.000000000000014,49.999999999999986,49.999999999999986,49.999999999999986,50.0,49.99999999999999,nan,nan,nan,nan,nan,nan,nan,49.99999999999999
159720.0,49.99999999999999,50.00000000000001,49.99999999999998,49.99999999999998,49.99999999999998,49.99999999999997,50.0,50.000000000000014,49.999999999999986,49.999999999999986,49.999999999999986,50.0,49.99999999999999,nan,nan,nan,nan,nan,nan,nan,49.99999999999999
159780.0,49.99999999999999,50.00000000000001,49.99999999999998,49.99999999999998,49.99999999999998,49.99999999999997,50.0,50.000000000000014,49.999999999999986,49.999999999999986,49.999999999999986,50.0,49.99999999999999,nan,nan,nan,nan,nan,nan,nan,49.99999999999999
159840.0,49.99999999999999,50.00000000000001,49.99999999999998,49.99999999999998,49.99999999999998,49.99999999999997,50.0,50.000000000000014,49.999999999999986,49.999999999999986,49.999999999999986,50.0,49.99999999999999,nan,nan,nan,nan,nan,nan,nan,49.99999999999999
159900.0,49.99999999999999,50.00000000000001,49.99999999999998,49.99999999999998,49.99999999999998,49.99999999999997,50.0,50.000000000000014,49.999999999999986,49.999999999999986,49.999999999999986,50.0,49.99999999999999,nan,nan,nan,nan,nan,nan,nan,49.99999999999999
159960.0,49.99999999999999,50.00000000000001,49.99999999999998,49.99999999999998,49.99999999999998,49.99999999999997,50.0,50.000000000000014,49.999999999999986,49.999999999999986,49.999999999999986,50.0,49.99999999999999,nan,nan,nan,nan,nan,nan,nan,49.99999999999999
160020.0,49.99999999999999,50.00000000000001,49.99999999999998,49.99999999999998,49.99999999999998,49.99999999999997,50.0,50.000000000000014,49.999999999999986,49.999999999999986,49.999999999999986,50.0,49.99999999999999,nan,nan,nan,nan,nan,nan,nan,49.99999999999999
160080.0,49.99999999999999,50.00000000000001,49.99999999999998,49.99999999999998,49.99999999999998,49.99999999999997,50.0,50.000000000000014,49.999999999999986,49.999999999999986,49.999999999999986,50.0,49.99999999999999,nan,nan,nan,nan,nan,nan,nan,49.99999999999999
160140.0,49.99999999999999,50.00000000000001,49.99999999999998,49.99999999999998,49.99999999999998,49.99999999999997,50.0,50.000000000000014,49.999999999999986,49.999999999999986,49.999999999999986,50.0,49.99999999999999,nan,nan,nan,nan,nan,nan,nan,49.99999999999999
160200.0,49.99999999999999,50.00000000000001,49.99999999999998,49.99999999999998,49.99999999999998,49.99999999999997,50.0,50.000000000000014,49.999999999999986,49.999999999999986,49.999999999999986,50.0,49.99999999999999,nan,nan,nan,nan,nan,nan,nan,49.99999999999999
160260.0,49.99999999999999,50.00000000000001,49.99999999999998,49.99999999999998,49.99999999999998,49.99999999999997,50.0,50.000000000000014,49.999999999999986,49.999999999999986,49.999999999999986,50.0,49.99999999999999,nan,nan,nan,nan,nan,nan,nan,49.99999999999999
160320.0,49.99999999999999,50.00000000000001,49.99999999999998,49.99999999999998,49.99999999999998,49.99999999999997,50.0,50.000000000000014,49.999999999999986,49.999999999999986,49.999999999999986,50.0,49.99999999999999,nan,nan,nan,nan,nan,nan,nan,49.99999999999999
160380.0,49.99999999999999,50.00000000000001,49.99999999999998,49.99999999999998,49.99999999999998,49.99999999999997,50.0,50.000000000000014,49.999999999999986,49.999999999999986,49.999999999999986,50.0,49.99999999999999,nan,nan,nan,nan,nan,nan,nan,49.99999999999999
160440.0,49.99999999999999,50.00000000000001,49.99999999999998,49.99999999999998,49.99999999999998,49.99999999999997,50.0,50.000000000000014,49.999999999999986,49.999999999999986,49.999999999999986,50.0,49.99999999999999,nan,nan,nan,nan,nan,nan,nan,49.99999999999999
160500.0,49.99999999999999,50.00000000000001,49.99999999999998,49.99999999999998,49.99999999999998,49.99999999999997,50.0,50.000000000000014,49.999999999999986,49.999999999999986,49.999999999999986,50.0,49.99999999999999,nan,nan,nan,nan,nan,nan,nan,49.99999999999999
160560.0,49.99999999999999,50.00000000000001,49.99999999999998,49.99999999999998,49.99999999999998,49.99999999999997,50.0,50.000000000000014,49.999999999999986,49.999999999999986,49.999999999999986,50.0,49.99999999999999,nan,nan,nan,nan,nan,nan,nan,49.99999999999999
160620.0,49.99999999999999,50.00000000000001,49.99999999999998,49.99999999999998,49.99999999999998,49.99999999999997,50.0,50.000000000000014,49.999999999999986,49.999999999999986,49.999999999999986,50.0,49.99999999999999,nan,nan,nan,nan,nan,nan,nan,49.99999999999999
160680.0,49.99999999999999,50.00000000000001,49.99999999999998,49.99999999999998,49.99999999999998,49.99999999999997,50.0,50.000000000000014,49.999999999999986,49.999999999999986,49.999999999999986,50.0,49.99999999999999,nan,nan,nan,nan,nan,nan,nan,49.99999999999999
160740.0,49.99999999999999,50.00000000000001,49.99999999999998,49.99999999999998,49.99999999999998,49.99999999999997,50.0,50.000000000000014,49.999999999999986,49.999999999999986,49.999999999999986,50.0,49.99999999999999,nan,nan,nan,nan,nan,nan,nan,49.99999999999999
160800.0,49.99999999999999,50.00000000000001,49.99999999999998,49.99999999999998,49.99999999999998,49.99999999999997,50.0,50.000000000000014,49.999999999999986,49.999999999999986,49.999999999999986,50.0,49.99999999999999,nan,nan,nan,nan,nan,nan,nan,49.99999999999999
160860.0,49.99999999999999,50.00000000000001,49.99999999999998,49.99999999999998,49.99999999999998,49.99999999999997,50.0,50.000000000000014,49.999999999999986,49.999999999999986,49.999999999999986,50.0,49.99999999999999,nan,nan,nan,nan,nan,nan,nan,49.99999999999999
160920.0,49.99999999999999,50.00000000000001,49.99999999999998,49.99999999999998,49.99999999999998,49.99999999999997,50.0,50.000000000000014,49.999999999999986,49.999999999999986,49.999999999999986,50.0,49.99999999999999,nan,nan,nan,nan,nan,nan,nan,49.99999999999999
160980.0,49.99999999999999,50.00000000000001,49.99999999999998,49.99999999999998,49.99999999999998,49.99999999999997,50.0,50.000000000000014,49.999999999999986,49.999999999999986,49.999999999999986,50.0,49.99999999999999,nan,nan,nan,nan,nan,nan,nan,49.99999999999999
161040.0,49.99999999999999,50.00000000000001,49.99999999999998,49.99999999999998,49.99999999999998,49.99999999999997,50.0,50.000000000000014,49.999999999999986,49.999999999999986,49.999999999999986,50.0,49.99999999999999,nan,nan,nan,nan,nan,nan,nan,49.99999999999999
161100.0,49.99999999999999,50.00000000000001,49.99999999999998,49.99999999999998,49.99999999999998,49.99999999999997,50.0,50.000000000000014,49.999999999999986,49.999999999999986,49.999999999999986,50.0,49.99999999999999,nan,nan,nan,nan,nan,nan,nan,49.99999999999999
161160.0,49.99999999999999,50.00000000000001,49.99999999999998,49.99999999999998,49.99999999999998,49.99999999999997,50.0,50.000000000000014,49.999999999999986,49.999999999999986,49.999999999999986,50.0,49.99999999999999,nan,nan,nan,nan,nan,nan,nan,49.99999999999999
161220.0,49.99999999999999,50.00000000000001,49.99999999999998,49.99999999999998,49.99999999999998,49.99999999999997,50.0,50.000000000000014,49.999999999999986,49.999999999999986,49.999999999999986,50.0,49.99999999999999,nan,nan,nan,nan,nan,nan,nan,49.99999999999999
161280.0,49.99999999999999,50.00000000000001,49.99999999999998,49.99999999999998,49.99999999999998,49.99999999999997,50.0,50.000000000000014,49.999999999999986,49.999999999999986,49.999999999999986,50.0,49.99999999999999,nan,nan,nan,nan,nan,nan,nan,49.99999999999999
161340.0,49.99999999999999,50.00000000000001,49.99999999999998,49.99999999999998,49.99999999999998,49.99999999999997,50.0,50.000000000000014,49.999999999999986,49.999999999999986,49.999999999999986,50.0,49.99999999999999,nan,nan,nan,nan,nan,nan,nan,49.99999999999999
161400.0,49.99999999999999,50.00000000000001,49.99999999999998,49.99999999999998,49.99999999999998,49.99999999999997,50.0,50.000000000000014,49.999999999999986,49.999999999999986,49.999999999999986,50.0,49.99999999999999,nan,nan,nan,nan,nan,nan,nan,49.99999999999999
161460.0,49.99999999999999,50.00000000000001,49.99999999999998,49.99999999999998,49.99999999999998,49.99999999999997,50.0,50.000000000000014,49.999999999999986,49.999999999999986,49.999999999999986,50.0,49.99999999999999,nan,nan,nan,nan,nan,nan,nan,49.99999999999999
161520.0,49.99999999999999,50.00000000000001,49.99999999999998,49.99999999999998,49.99999999999998,49.99999999999997,50.0,50.000000000000014,49.999999999999986,49.999999999999986,49.999999999999986,50.0,49.99999999999999,nan,nan,nan,nan,nan,nan,nan,49.99999999999999
161580.0,49.99999999999999,50.00000000000001,49.99999999999998,49.99999999999998,49.99999999999998,49.99999999999997,50.0,50.000000000000014,49.999999999999986,49.999999999999986,49.999999999999986,50.0,49.99999999999999,nan,nan,nan,nan,nan,nan,nan,49.99999999999999
161640.0,49.99999999999999,50.00000000000001,49.99999999999998,49.99999999999998,49.99999999999998,49.99999999999997,50.0,50.000000000000014,49.999999999999986,49.999999999999986,49.999999999999986,50.0,49.99999999999999,nan,nan,nan,nan,nan,nan,nan,49.99999999999999
161700.0,49.99999999999999,50.00000000000001,49.99999999999998,49.99999999999998,49.99999999999998,49.99999999999997,50.0,50.000000000000014,49.999999999999986,49.999999999999986,49.999999999999986,50.0,49.99999999999999,nan,nan,nan,nan,nan,nan,nan,49.99999999999999
161760.0,49.99999999999999,50.00000000000001,49.99999999999998,49.99999999999998,49.99999999999998,49.99999999999997,50.0,50.000000000000014,49.999999999999986,49.999999999999986,49.999999999999986,50.0,49.99999999999999,nan,nan,nan,nan,nan,nan,nan,49.99999999999999
161820.0,49.99999999999999,50.00000000000001,49.99999999999998,49.99999999999998,49.99999999999998,49.99999999999997,50.0,50.000000000000014,49.999999999999986,49.999999999999986,49.999999999999986,50.0,49.99999999999999,nan,nan,nan,nan,nan,nan,nan,49.99999999999999
161880.0,49.99999999999999,50.00000000000001,49.99999999999998,49.99999999999998,49.99999999999998,49.99999999999997,50.0,50.000000000000014,49.999999999999986,49.999999999999986,49.999999999999986,50.0,49.99999999999999,nan,nan,nan,nan,nan,nan,nan,49.99999999999999
161940.0,49.99999999999999,50.00000000000001,49.99999999999998,49.99999999999998,49.99999999999998,49.99999999999997,50.0,50.000000000000014,49.999999999999986,49.999999999999986,49.999999999999986,50.0,49.99999999999999,nan,nan,nan,nan,nan,nan,nan,49.99999999999999
162000.0,49.99999999999999,50.00000000000001,49.99999999999998,49.99999999999998,49.99999999999998,49.99999999999997,50.0,50.000000000000014,49.999999999999986,49.999999999999986,49.999999999999986,50.0,49.99999999999999,nan,nan,nan,nan,nan,nan,nan,49.99999999999999
162060.0,49.99999999999999,50.00000000000001,49.99999999999998,49.99999999999998,49.99999999999998,49.99999999999997,50.0,50.000000000000014,49.999999999999986,49.999999999999986,49.999999999999986,50.0,49.99999999999999,nan,nan,nan,nan,nan,nan,nan,49.99999999999999
162120.0,49.99999999999999,50.00000000000001,49.99999999999998,49.99999999999998,49.99999999999998,49.99999999999997,50.0,50.000000000000014,49.999999999999986,49.999999999999986,49.999999999999986,50.0,49.99999999999999,nan,nan,nan,nan,nan,nan,nan,49.99999999999999
162180.0,49.99999999999999,50.00000000000001,49.99999999999998,49.99999999999998,49.99999999999998,49.99999999999997,50.0,50.000000000000014,49.999999999999986,49.999999999999986,49.999999999999986,50.0,49.99999999999999,nan,nan,nan,nan,nan,nan,nan,49.99999999999999
162240.0,49.99999999999999,50.00000000000001,49.99999999999998,49.99999999999998,49.99999999999998,49.99999999999997,50.0,50.000000000000014,49.999999999999986,49.999999999999986,49.999999999999986,50.0,49.99999999999999,nan,nan,nan,nan,nan,nan,nan,49.99999999999999
162300.0,49.99999999999999,50.00000000000001,49.99999999999998,49.99999999999998,49.99999999999998,49.99999999999997,50.0,50.000000000000014,49.999999999999986,49.999999999999986,49.999999999999986,50.0,49.99999999999999,nan,nan,nan,nan,nan,nan,nan,49.99999999999999
162360.0,49.99999999999999,50.00000000000001,49.99999999999998,49.99999999999998,49.99999999999998,49.99999999999997,50.0,50.000000000000014,49.999999999999986,49.999999999999986,49.999999999999986,50.0,49.99999999999999,nan,nan,nan,nan,nan,nan,nan,49.99999999999999
162420.0,49.99999999999999,50.00000000000001,49.99999999999998,49.99999999999998,49.99999999999998,49.99999999999997,50.0,50.000000000000014,49.999999999999986,49.999999999999986,49.999999999999986,50.0,49.99999999999999,nan,nan,nan,nan,nan,nan,nan,49.99999999999999
162480.0,49.99999999999999,50.00000000000001,49.99999999999998,49.99999999999998,49.99999999999998,49.99999999999997,50.0,50.000000000000014,49.999999999999986,49.999999999999986,49.999999999999986,50.0,49.99999999999999,nan,nan,nan,nan,nan,nan,nan,49.99999999999999
162540.0,49.99999999999999,50.00000000000001,49.99999999999998,49.99999999999998,49.99999999999998,49.99999999999997,50.0,50.000000000000014,49.999999999999986,49.999999999999986,49.999999999999986,50.0,49.99999999999999,nan,nan,nan,nan,nan,nan,nan,49.99999999999999
162600.0,49.99999999999999,50.00000000000001,49.99999999999998,49.99999999999998,49.99999999999998,49.99999999999997,50.0,50.000000000000014,49.999999999999986,49.999999999999986,49.999999999999986,50.0,49.99999999999999,nan,nan,nan,nan,nan,nan,nan,49.99999999999999
162660.0,49.99999999999999,50.00000000000001,49.99999999999998,49.99999999999998,49.99999999999998,49.99999999999997,50.0,50.000000000000014,49.999999999999986,49.999999999999986,49.999999999999986,50.0,49.99999999999999,nan,nan,nan,nan,nan,nan,nan,49.99999999999999
162720.0,49.99999999999999,50.00000000000001,49.99999999999998,49.99999999999998,49.99999999999998,49.99999999999997,50.0,50.000000000000014,49.999999999999986,49.999999999999986,49.999999999999986,50.0,49.99999999999999,nan,nan,nan,nan,nan,nan,nan,49.99999999999999
162780.0,49.99999999999999,50.00000000000001,49.99999999999998,49.99999999999998,49.99999999999998,49.99999999999997,50.0,50.000000000000014,49.999999999999986,49.999999999999986,49.999999999999986,50.0,49.99999999999999,nan,nan,nan,nan,nan,nan,nan,49.99999999999999
162840.0,49.99999999999999,50.00000000000001,49.99999999999998,49.99999999999998,49.99999999999998,49.99999999999997,50.0,50.000000000000014,49.999999999999986,49.999999999999986,49.999999999999986,50.0,49.99999999999999,nan,nan,nan,nan,nan,nan,nan,49.99999999999999
162900.0,49.99999999999999,50.00000000000001,49.99999999999998,49.99999999999998,49.99999999999998,49.99999999999997,50.0,50.000000000000014,49.999999999999986,49.999999999999986,49.999999999999986,50.0,49.99999999999999,nan,nan,nan,nan,nan,nan,nan,49.99999999999999
162960.0,49.99999999999999,50.00000000000001,49.99999999999998,49.99999999999998,49.99999999999998,49.99999999999997,50.0,50.000000000000014,49.999999999999986,49.999999999999986,49.999999999999986,50.0,49.99999999999999,nan,nan,nan,nan,nan,nan,nan,49.99999999999999
163020.0,49.99999999999999,50.00000000000001,49.99999999999998,49.99999999999998,49.99999999999998,49.99999999999997,50.0,50.000000000000014,49.999999999999986,49.999999999999986,49.999999999999986,50.0,49.99999999999999,nan,nan,nan,nan,nan,nan,nan,49.99999999999999
163080.0,49.99999999999999,50.00000000000001,49.99999999999998,49.99999999999998,49.99999999999998,49.99999999999997,50.0,50.000000000000014,49.999999999999986,49.999999999999986,49.999999999999986,50.0,49.99999999999999,nan,nan,nan,nan,nan,nan,nan,49.99999999999999
163140.0,49.99999999999999,50.00000000000001,49.99999999999998,49.99999999999998,49.99999999999998,49.99999999999997,50.0,50.000000000000014,49.999999999999986,49.999999999999986,49.999999999999986,50.0,49.99999999999999,nan,nan,nan,nan,nan,nan,nan,49.99999999999999
163200.0,49.99999999999999,50.00000000000001,49.99999999999998,49.99999999999998,49.99999999999998,49.99999999999997,50.0,50.000000000000014,49.999999999999986,49.999999999999986,49.999999999999986,50.0,49.99999999999999,nan,nan,nan,nan,nan,nan,nan,49.99999999999999
163260.0,49.99999999999999,50.00000000000001,49.99999999999998,49.99999999999998,49.99999999999998,49.99999999999997,50.0,50.000000000000014,49.999999999999986,49.999999999999986,49.999999999999986,50.0,49.99999999999999,nan,nan,nan,nan,nan,nan,nan,49.99999999999999
163320.0,49.99999999999999,50.00000000000001,49.99999999999998,49.99999999999998,49.99999999999998,49.99999999999997,50.0,50.000000000000014,49.999999999999986,49.999999999999986,49.999999999999986,50.0,49.99999999999999,nan,nan,nan,nan,nan,nan,nan,49.99999999999999
163380.0,49.99999999999999,50.00000000000001,49.99999999999998,49.99999999999998,49.99999999999998,49.99999999999997,50.0,50.000000000000014,49.999999999999986,49.999999999999986,49.999999999999986,50.0,49.99999999999999,nan,nan,nan,nan,nan,nan,nan,49.99999999999999
163440.0,49.99999999999999,50.00000000000001,49.99999999999998,49.99999999999998,49.99999999999998,49.99999999999997,50.0,50.000000000000014,49.999999999999986,49.999999999999986,49.999999999999986,50.0,49.99999999999999,nan,nan,nan,nan,nan,nan,nan,49.99999999999999
163500.0,49.99999999999999,50.00000000000001,49.99999999999998,49.99999999999998,49.99999999999998,49.99999999999997,50.0,50.000000000000014,49.999999999999986,49.999999999999986,49.999999999999986,50.0,49.99999999999999,nan,nan,nan,nan,nan,nan,nan,49.99999999999999
163560.0,49.99999999999999,50.00000000000001,49.99999999999998,49.99999999999998,49.99999999999998,49.99999999999997,50.0,50.000000000000014,49.999999999999986,49.999999999999986,49.999999999999986,50.0,49.99999999999999,nan,nan,nan,nan,nan,nan,nan,49.99999999999999
163620.0,49.99999999999999,50.00000000000001,49.99999999999998,49.99999999999998,49.99999999999998,49.99999999999997,50.0,50.000000000000014,49.999999999999986,49.999999999999986,49.999999999999986,50.0,49.99999999999999,nan,nan,nan,nan,nan,nan,nan,49.99999999999999
163680.0,49.99999999999999,50.00000000000001,49.99999999999998,49.99999999999998,49.99999999999998,49.99999999999997,50.0,50.000000000000014,49.999999999999986,49.999999999999986,49.999999999999986,50.0,49.99999999999999,nan,nan,nan,nan,nan,nan,nan,49.99999999999999
163740.0,49.99999999999999,50.00000000000001,49.99999999999998,49.99999999999998,49.99999999999998,49.99999999999997,50.0,50.000000000000014,49.999999999999986,49.999999999999986,49.999999999999986,50.0,49.99999999999999,nan,nan,nan,nan,nan,nan,nan,49.99999999999999
163800.0,49.99999999999999,50.00000000000001,49.99999999999998,49.99999999999998,49.99999999999998,49.99999999999997,50.0,50.000000000000014,49.999999999999986,49.999999999999986,49.999999999999986,50.0,49.99999999999999,nan,nan,nan,nan,nan,nan,nan,49.99999999999999
163860.0,49.99999999999999,50.00000000000001,49.99999999999998,49.99999999999998,49.99999999999998,49.99999999999997,50.0,50.000000000000014,49.999999999999986,49.999999999999986,49.999999999999986,50.0,49.99999999999999,nan,nan,nan,nan,nan,nan,nan,49.99999999999999
163920.0,49.99999999999999,50.00000000000001,49.99999999999998,49.99999999999998,49.99999999999998,49.99999999999997,50.0,50.000000000000014,49.999999999999986,49.999999999999986,49.999999999999986,50.0,49.99999999999999,nan,nan,nan,nan,nan,nan,nan,49.99999999999999
163980.0,49.99999999999999,50.00000000000001,49.99999999999998,49.99999999999998,49.99999999999998,49.99999999999997,50.0,50.000000000000014,49.999999999999986,49.999999999999986,49.999999999999986,50.0,49.99999999999999,nan,nan,nan,nan,nan,nan,nan,49.99999999999999
164040.0,49.99999999999999,50.00000000000001,49.99999999999998,49.99999999999998,49.99999999999998,49.99999999999997,50.0,50.000000000000014,49.999999999999986,49.999999999999986,49.999999999999986,50.0,49.99999999999999,nan,nan,nan,nan,nan,nan,nan,49.99999999999999
164100.0,49.99999999999999,50.00000000000001,49.99999999999998,49.99999999999998,49.99999999999998,49.99999999999997,50.0,50.000000000000014,49.999999999999986,49.999999999999986,49.999999999999986,50.0,49.99999999999999,nan,nan,nan,nan,nan,nan,nan,49.99999999999999
164160.0,49.99999999999999,50.00000000000001,49.99999999999998,49.99999999999998,49.99999999999998,49.99999999999997,50.0,50.000000000000014,49.999999999999986,49.999999999999986,49.999999999999986,50.0,49.99999999999999,nan,nan,nan,nan,nan,nan,nan,49.99999999999999
164220.0,49.99999999999999,50.00000000000001,49.99999999999998,49.99999999999998,49.99999999999998,49.99999999999997,50.0,50.000000000000014,49.999999999999986,49.999999999999986,49.999999999999986,50.0,49.99999999999999,nan,nan,nan,nan,nan,nan,nan,49.99999999999999
164280.0,49.99999999999999,50.00000000000001,49.99999999999998,49.99999999999998,49.99999999999998,49.99999999999997,50.0,50.000000000000014,49.999999999999986,49.999999999999986,49.999999999999986,50.0,49.99999999999999,nan,nan,nan,nan,nan,nan,nan,49.99999999999999
164340.0,49.99999999999999,50.00000000000001,49.99999999999998,49.99999999999998,49.99999999999998,49.99999999999997,50.0,50.000000000000014,49.999999999999986,49.999999999999986,49.999999999999986,50.0,49.99999999999999,nan,nan,nan,nan,nan,nan,nan,49.99999999999999
164400.0,49.99999999999999,50.00000000000001,49.99999999999998,49.99999999999998,49.99999999999998,49.99999999999997,50.0,50.000000000000014,49.999999999999986,49.999999999999986,49.999999999999986,50.0,49.99999999999999,nan,nan,nan,nan,nan,nan,nan,49.99999999999999
164460.0,49.99999999999999,50.00000000000001,49.99999999999998,49.99999999999998,49.99999999999998,49.99999999999997,50.0,50.000000000000014,49.999999999999986,49.999999999999986,49.999999999999986,50.0,49.99999999999999,nan,nan,nan,nan,nan,nan,nan,49.99999999999999
164520.0,49.99999999999999,50.00000000000001,49.99999999999998,49.99999999999998,49.99999999999998,49.99999999999997,50.0,50.000000000000014,49.999999999999986,49.999999999999986,49.999999999999986,50.0,49.99999999999999,nan,nan,nan,nan,nan,nan,nan,49.99999999999999
164580.0,49.99999999999999,50.00000000000001,49.99999999999998,49.99999999999998,49.99999999999998,49.99999999999997,50.0,50.000000000000014,49.999999999999986,49.999999999999986,49.999999999999986,50.0,49.99999999999999,nan,nan,nan,nan,nan,nan,nan,49.99999999999999
164640.0,49.99999999999999,50.00000000000001,49.99999999999998,49.99999999999998,49.99999999999998,49.99999999999997,50.0,50.000000000000014,49.999999999999986,49.999999999999986,49.999999999999986,50.0,49.99999999999999,nan,nan,nan,nan,nan,nan,nan,49.99999999999999
164700.0,49.99999999999999,50.00000000000001,49.99999999999998,49.99999999999998,49.99999999999998,49.99999999999997,50.0,50.000000000000014,49.999999999999986,49.999999999999986,49.999999999999986,50.0,49.99999999999999,nan,nan,nan,nan,nan,nan,nan,49.99999999999999
164760.0,49.99999999999999,50.00000000000001,49.99999999999998,49.99999999999998,49.99999999999998,49.99999999999997,50.0,50.000000000000014,49.999999999999986,49.999999999999986,49.999999999999986,50.0,49.99999999999999,nan,nan,nan,nan,nan,nan,nan,49.99999999999999
164820.0,49.99999999999999,50.00000000000001,49.99999999999998,49.99999999999998,49.99999999999998,49.99999999999997,50.0,50.000000000000014,49.999999999999986,49.999999999999986,49.999999999999986,50.0,49.99999999999999,nan,nan,nan,nan,nan,nan,nan,49.99999999999999
164880.0,49.99999999999999,50.00000000000001,49.99999999999998,49.99999999999998,49.99999999999998,49.99999999999997,50.0,50.000000000000014,49.999999999999986,49.999999999999986,49.999999999999986,50.0,49.99999999999999,nan,nan,nan,nan,nan,nan,nan,49.99999999999999
164940.0,49.99999999999999,50.00000000000001,49.99999999999998,49.99999999999998,49.99999999999998,49.99999999999997,50.0,50.000000000000014,49.999999999999986,49.999999999999986,49.999999999999986,50.0,49.99999999999999,nan,nan,nan,nan,nan,nan,nan,49.99999999999999
165000.0,49.99999999999999,50.00000000000001,49.99999999999998,49.99999999999998,49.99999999999998,49.99999999999997,50.0,50.000000000000014,49.999999999999986,49.999999999999986,49.999999999999986,50.0,49.99999999999999,nan,nan,nan,nan,nan,nan,nan,49.99999999999999
165060.0,49.99999999999999,50.00000000000001,49.99999999999998,49.99999999999998,49.99999999999998,49.99999999999997,50.0,50.000000000000014,49.999999999999986,49.999999999999986,49.999999999999986,50.0,49.99999999999999,nan,nan,nan,nan,nan,nan,nan,49.99999999999999
165120.0,49.99999999999999,50.00000000000001,49.99999999999998,49.99999999999998,49.99999999999998,49.99999999999997,50.0,50.000000000000014,49.999999999999986,49.999999999999986,49.999999999999986,50.0,49.99999999999999,nan,nan,nan,nan,nan,nan,nan,49.99999999999999
165180.0,49.99999999999999,50.00000000000001,49.99999999999998,49.99999999999998,49.99999999999998,49.99999999999997,50.0,50.000000000000014,49.999999999999986,49.999999999999986,49.999999999999986,50.0,49.99999999999999,nan,nan,nan,nan,nan,nan,nan,49.99999999999999
165240.0,49.99999999999999,50.00000000000001,49.99999999999998,49.99999999999998,49.99999999999998,49.99999999999997,50.0,50.000000000000014,49.999999999999986,49.999999999999986,49.999999999999986,50.0,49.99999999999999,nan,nan,nan,nan,nan,nan,nan,49.99999999999999
165300.0,49.99999999999999,50.00000000000001,49.99999999999998,49.99999999999998,49.99999999999998,49.99999999999997,50.0,50.000000000000014,49.999999999999986,49.999999999999986,49.999999999999986,50.0,49.99999999999999,nan,nan,nan,nan,nan,nan,nan,49.99999999999999
165360.0,49.99999999999999,50.00000000000001,49.99999999999998,49.99999999999998,49.99999999999998,49.99999999999997,50.0,50.000000000000014,49.999999999999986,49.999999999999986,49.999999999999986,50.0,49.99999999999999,nan,nan,nan,nan,nan,nan,nan,49.99999999999999
165420.0,49.99999999999999,50.00000000000001,49.99999999999998,49.99999999999998,49.99999999999998,49.99999999999997,50.0,50.000000000000014,49.999999999999986,49.999999999999986,49.999999999999986,50.0,49.99999999999999,nan,nan,nan,nan,nan,nan,nan,49.99999999999999
165480.0,49.99999999999999,50.00000000000001,49.99999999999998,49.99999999999998,49.99999999999998,49.99999999999997,50.0,50.000000000000014,49.999999999999986,49.999999999999986,49.999999999999986,50.0,49.99999999999999,nan,nan,nan,nan,nan,nan,nan,49.99999999999999
165540.0,49.99999999999999,50.00000000000001,49.99999999999998,49.99999999999998,49.99999999999998,49.99999999999997,50.0,50.000000000000014,49.999999999999986,49.999999999999986,49.999999999999986,50.0,49.99999999999999,nan,nan,nan,nan,nan,nan,nan,49.99999999999999
165600.0,49.99999999999999,50.00000000000001,49.99999999999998,49.99999999999998,49.99999999999998,49.99999999999997,50.0,50.000000000000014,49.999999999999986,49.999999999999986,49.999999999999986,50.0,49.99999999999999,nan,nan,nan,nan,nan,nan,nan,49.99999999999999
165660.0,49.99999999999999,50.00000000000001,49.99999999999998,49.99999999999998,49.99999999999998,49.99999999999997,50.0,50.000000000000014,49.999999999999986,49.999999999999986,49.999999999999986,50.0,49.99999999999999,nan,nan,nan,nan,nan,nan,nan,49.99999999999999
165720.0,49.99999999999999,50.00000000000001,49.99999999999998,49.99999999999998,49.99999999999998,49.99999999999997,50.0,50.000000000000014,49.999999999999986,49.999999999999986,49.999999999999986,50.0,49.99999999999999,nan,nan,nan,nan,nan,nan,nan,49.99999999999999
165780.0,49.99999999999999,50.00000000000001,49.99999999999998,49.99999999999998,49.99999999999998,49.99999999999997,50.0,50.000000000000014,49.999999999999986,49.999999999999986,49.999999999999986,50.0,49.99999999999999,nan,nan,nan,nan,nan,nan,nan,49.99999999999999
165840.0,49.99999999999999,50.00000000000001,49.99999999999998,49.99999999999998,49.99999999999998,49.99999999999997,50.0,50.000000000000014,49.999999999999986,49.999999999999986,49.999999999999986,50.0,49.99999999999999,nan,nan,nan,nan,nan,nan,nan,49.99999999999999
165900.0,49.99999999999999,50.00000000000001,49.99999999999998,49.99999999999998,49.99999999999998,49.99999999999997,50.0,50.000000000000014,49.999999999999986,49.999999999999986,49.999999999999986,50.0,49.99999999999999,nan,nan,nan,nan,nan,nan,nan,49.99999999999999
165960.0,49.99999999999999,50.00000000000001,49.99999999999998,49.99999999999998,49.99999999999998,49.99999999999997,50.0,50.000000000000014,49.999999999999986,49.999999999999986,49.999999999999986,50.0,49.99999999999999,nan,nan,nan,nan,nan,nan,nan,49.99999999999999
166020.0,49.99999999999999,50.00000000000001,49.99999999999998,49.99999999999998,49.99999999999998,49.99999999999997,50.0,50.000000000000014,49.999999999999986,49.999999999999986,49.999999999999986,50.0,49.99999999999999,nan,nan,nan,nan,nan,nan,nan,49.99999999999999
166080.0,49.99999999999999,50.00000000000001,49.99999999999998,49.99999999999998,49.99999999999998,49.99999999999997,50.0,50.000000000000014,49.999999999999986,49.999999999999986,49.999999999999986,50.0,49.99999999999999,nan,nan,nan,nan,nan,nan,nan,49.99999999999999
166140.0,49.99999999999999,50.00000000000001,49.99999999999998,49.99999999999998,49.99999999999998,49.99999999999997,50.0,50.000000000000014,49.999999999999986,49.999999999999986,49.999999999999986,50.0,49.99999999999999,nan,nan,nan,nan,nan,nan,nan,49.99999999999999
166200.0,49.99999999999999,50.00000000000001,49.99999999999998,49.99999999999998,49.99999999999998,49.99999999999997,50.0,50.000000000000014,49.999999999999986,49.999999999999986,49.999999999999986,50.0,49.99999999999999,nan,nan,nan,nan,nan,nan,nan,49.99999999999999
166260.0,49.99999999999999,50.00000000000001,49.99999999999998,49.99999999999998,49.99999999999998,49.99999999999997,50.0,50.000000000000014,49.999999999999986,49.999999999999986,49.999999999999986,50.0,49.99999999999999,nan,nan,nan,nan,nan,nan,nan,49.99999999999999
166320.0,49.99999999999999,50.00000000000001,49.99999999999998,49.99999999999998,49.99999999999998,49.99999999999997,50.0,50.000000000000014,49.999999999999986,49.999999999999986,49.999999999999986,50.0,49.99999999999999,nan,nan,nan,nan,nan,nan,nan,49.99999999999999
166380.0,49.99999999999999,50.00000000000001,49.99999999999998,49.99999999999998,49.99999999999998,49.99999999999997,50.0,50.000000000000014,49.999999999999986,49.999999999999986,49.999999999999986,50.0,49.99999999999999,nan,nan,nan,nan,nan,nan,nan,49.99999999999999
166440.0,49.99999999999999,50.00000000000001,49.99999999999998,49.99999999999998,49.99999999999998,49.99999999999997,50.0,50.000000000000014,49.999999999999986,49.999999999999986,49.999999999999986,50.0,49.99999999999999,nan,nan,nan,nan,nan,nan,nan,49.99999999999999
166500.0,49.99999999999999,50.00000000000001,49.99999999999998,49.99999999999998,49.99999999999998,49.99999999999997,50.0,50.000000000000014,49.999999999999986,49.999999999999986,49.999999999999986,50.0,49.99999999999999,nan,nan,nan,nan,nan,nan,nan,49.99999999999999
166560.0,49.99999999999999,50.00000000000001,49.99999999999998,49.99999999999998,49.99999999999998,49.99999999999997,50.0,50.000000000000014,49.999999999999986,49.999999999999986,49.999999999999986,50.0,49.99999999999999,nan,nan,nan,nan,nan,nan,nan,49.99999999999999
166620.0,49.99999999999999,50.00000000000001,49.99999999999998,49.99999999999998,49.99999999999998,49.99999999999997,50.0,50.000000000000014,49.999999999999986,49.999999999999986,49.999999999999986,50.0,49.99999999999999,nan,nan,nan,nan,nan,nan,nan,49.99999999999999
166680.0,49.99999999999999,50.00000000000001,49.99999999999998,49.99999999999998,49.99999999999998,49.99999999999997,50.0,50.000000000000014,49.999999999999986,49.999999999999986,49.999999999999986,50.0,49.99999999999999,nan,nan,nan,nan,nan,nan,nan,49.99999999999999
166740.0,49.99999999999999,50.00000000000001,49.99999999999998,49.99999999999998,49.99999999999998,49.99999999999997,50.0,50.000000000000014,49.999999999999986,49.999999999999986,49.999999999999986,50.0,49.99999999999999,nan,nan,nan,nan,nan,nan,nan,49.99999999999999
166800.0,49.99999999999999,50.00000000000001,49.99999999999998,49.99999999999998,49.99999999999998,49.99999999999997,50.0,50.000000000000014,49.999999999999986,49.999999999999986,49.999999999999986,50.0,49.99999999999999,nan,nan,nan,nan,nan,nan,nan,49.99999999999999
166860.0,49.99999999999999,50.00000000000001,49.99999999999998,49.99999999999998,49.99999999999998,49.99999999999997,50.0,50.000000000000014,49.999999999999986,49.999999999999986,49.999999999999986,50.0,49.99999999999999,nan,nan,nan,nan,nan,nan,nan,49.99999999999999
166920.0,49.99999999999999,50.00000000000001,49.99999999999998,49.99999999999998,49.99999999999998,49.99999999999997,50.0,50.000000000000014,49.999999999999986,49.999999999999986,49.999999999999986,50.0,49.99999999999999,nan,nan,nan,nan,nan,nan,nan,49.99999999999999
166980.0,49.99999999999999,50.00000000000001,49.99999999999998,49.99999999999998,49.99999999999998,49.99999999999997,50.0,50.000000000000014,49.999999999999986,49.999999999999986,49.999999999999986,50.0,49.99999999999999,nan,nan,nan,nan,nan,nan,nan,49.99999999999999
167040.0,49.99999999999999,50.00000000000001,49.99999999999998,49.99999999999998,49.99999999999998,49.99999999999997,50.0,50.000000000000014,49.999999999999986,49.999999999999986,49.999999999999986,50.0,49.99999999999999,nan,nan,nan,nan,nan,nan,nan,49.99999999999999
167100.0,49.99999999999999,50.00000000000001,49.99999999999998,49.99999999999998,49.99999999999998,49.99999999999997,50.0,50.000000000000014,49.999999999999986,49.999999999999986,49.999999999999986,50.0,49.99999999999999,nan,nan,nan,nan,nan,nan,nan,49.99999999999999
167160.0,49.99999999999999,50.00000000000001,49.99999999999998,49.99999999999998,49.99999999999998,49.99999999999997,50.0,50.000000000000014,49.999999999999986,49.999999999999986,49.999999999999986,50.0,49.99999999999999,nan,nan,nan,nan,nan,nan,nan,49.99999999999999
167220.0,49.99999999999999,50.00000000000001,49.99999999999998,49.99999999999998,49.99999999999998,49.99999999999997,50.0,50.000000000000014,49.999999999999986,49.999999999999986,49.999999999999986,50.0,49.99999999999999,nan,nan,nan,nan,nan,nan,nan,49.99999999999999
167280.0,49.99999999999999,50.00000000000001,49.99999999999998,49.99999999999998,49.99999999999998,49.99999999999997,50.0,50.000000000000014,49.999999999999986,49.999999999999986,49.999999999999986,50.0,49.99999999999999,nan,nan,nan,nan,nan,nan,nan,49.99999999999999
167340.0,49.99999999999999,50.00000000000001,49.99999999999998,49.99999999999998,49.99999999999998,49.99999999999997,50.0,50.000000000000014,49.999999999999986,49.999999999999986,49.999999999999986,50.0,49.99999999999999,nan,nan,nan,nan,nan,nan,nan,49.99999999999999
167400.0,49.99999999999999,50.00000000000001,49.99999999999998,49.99999999999998,49.99999999999998,49.99999999999997,50.0,50.000000000000014,49.999999999999986,49.999999999999986,49.999999999999986,50.0,49.99999999999999,nan,nan,nan,nan,nan,nan,nan,49.99999999999999
167460.0,49.99999999999999,50.00000000000001,49.99999999999998,49.99999999999998,49.99999999999998,49.99999999999997,50.0,50.000000000000014,49.999999999999986,49.999999999999986,49.999999999999986,50.0,49.99999999999999,nan,nan,nan,nan,nan,nan,nan,49.99999999999999
167520.0,49.99999999999999,50.00000000000001,49.99999999999998,49.99999999999998,49.99999999999998,49.99999999999997,50.0,50.000000000000014,49.999999999999986,49.999999999999986,49.999999999999986,50.0,49.99999999999999,nan,nan,nan,nan,nan,nan,nan,49.99999999999999
167580.0,49.99999999999999,50.00000000000001,49.99999999999998,49.99999999999998,49.99999999999998,49.99999999999997,50.0,50.000000000000014,49.999999999999986,49.999999999999986,49.999999999999986,50.0,49.99999999999999,nan,nan,nan,nan,nan,nan,nan,49.99999999999999
167640.0,49.99999999999999,50.00000000000001,49.99999999999998,49.99999999999998,49.99999999999998,49.99999999999997,50.0,50.000000000000014,49.999999999999986,49.999999999999986,49.999999999999986,50.0,49.99999999999999,nan,nan,nan,nan,nan,nan,nan,49.99999999999999
167700.0,49.99999999999999,50.00000000000001,49.99999999999998,49.99999999999998,49.99999999999998,49.99999999999997,50.0,50.000000000000014,49.999999999999986,49.999999999999986,49.999999999999986,50.0,49.99999999999999,nan,nan,nan,nan,nan,nan,nan,49.99999999999999
167760.0,49.99999999999999,50.00000000000001,49.99999999999998,49.99999999999998,49.99999999999998,49.99999999999997,50.0,50.000000000000014,49.999999999999986,49.999999999999986,49.999999999999986,50.0,49.99999999999999,nan,nan,nan,nan,nan,nan,nan,49.99999999999999
167820.0,49.99999999999999,50.00000000000001,49.99999999999998,49.99999999999998,49.99999999999998,49.99999999999997,50.0,50.000000000000014,49.999999999999986,49.999999999999986,49.999999999999986,50.0,49.99999999999999,nan,nan,nan,nan,nan,nan,nan,49.99999999999999
167880.0,49.99999999999999,50.00000000000001,49.99999999999998,49.99999999999998,49.99999999999998,49.99999999999997,50.0,50.000000000000014,49.999999999999986,49.999999999999986,49.999999999999986,50.0,49.99999999999999,nan,nan,nan,nan,nan,nan,nan,49.99999999999999
167940.0,49.99999999999999,50.00000000000001,49.99999999999998,49.99999999999998,49.99999999999998,49.99999999999997,50.0,50.000000000000014,49.999999999999986,49.999999999999986,49.999999999999986,50.0,49.99999999999999,nan,nan,nan,nan,nan,nan,nan,49.99999999999999
168000.0,49.99999999999999,50.00000000000001,49.99999999999998,49.99999999999998,49.99999999999998,49.99999999999997,50.0,50.000000000000014,49.999999999999986,49.999999999999986,49.999999999999986,50.0,49.99999999999999,nan,nan,nan,nan,nan,nan,nan,49.99999999999999
168060.0,49.99999999999999,50.00000000000001,49.99999999999998,49.99999999999998,49.99999999999998,49.99999999999997,50.0,50.000000000000014,49.999999999999986,49.999999999999986,49.999999999999986,50.0,49.99999999999999,nan,nan,nan,nan,nan,nan,nan,49.99999999999999
168120.0,49.99999999999999,50.00000000000001,49.99999999999998,49.99999999999998,49.99999999999998,49.99999999999997,50.0,50.000000000000014,49.999999999999986,49.999999999999986,49.999999999999986,50.0,49.99999999999999,nan,nan,nan,nan,nan,nan,nan,49.99999999999999
168180.0,49.99999999999999,50.00000000000001,49.99999999999998,49.99999999999998,49.99999999999998,49.99999999999997,50.0,50.000000000000014,49.999999999999986,49.999999999999986,49.999999999999986,50.0,49.99999999999999,nan,nan,nan,nan,nan,nan,nan,49.99999999999999
168240.0,49.99999999999999,50.00000000000001,49.99999999999998,49.99999999999998,49.99999999999998,49.99999999999997,50.0,50.000000000000014,49.999999999999986,49.999999999999986,49.999999999999986,50.0,49.99999999999999,nan,nan,nan,nan,nan,nan,nan,49.99999999999999
168300.0,49.99999999999999,50.00000000000001,49.99999999999998,49.99999999999998,49.99999999999998,49.99999999999997,50.0,50.000000000000014,49.999999999999986,49.999999999999986,49.999999999999986,50.0,49.99999999999999,nan,nan,nan,nan,nan,nan,nan,49.99999999999999
168360.0,49.99999999999999,50.00000000000001,49.99999999999998,49.99999999999998,49.99999999999998,49.99999999999997,50.0,50.000000000000014,49.999999999999986,49.999999999999986,49.999999999999986,50.0,49.99999999999999,nan,nan,nan,nan,nan,nan,nan,49.99999999999999
168420.0,49.99999999999999,50.00000000000001,49.99999999999998,49.99999999999998,49.99999999999998,49.99999999999997,50.0,50.000000000000014,49.999999999999986,49.999999999999986,49.999999999999986,50.0,49.99999999999999,nan,nan,nan,nan,nan,nan,nan,49.99999999999999
168480.0,49.99999999999999,50.00000000000001,49.99999999999998,49.99999999999998,49.99999999999998,49.99999999999997,50.0,50.000000000000014,49.999999999999986,49.999999999999986,49.999999999999986,50.0,49.99999999999999,nan,nan,nan,nan,nan,nan,nan,49.99999999999999
168540.0,49.99999999999999,50.00000000000001,49.99999999999998,49.99999999999998,49.99999999999998,49.99999999999997,50.0,50.000000000000014,49.999999999999986,49.999999999999986,49.999999999999986,50.0,49.99999999999999,nan,nan,nan,nan,nan,nan,nan,49.99999999999999
168600.0,49.99999999999999,50.00000000000001,49.99999999999998,49.99999999999998,49.99999999999998,49.99999999999997,50.0,50.000000000000014,49.999999999999986,49.999999999999986,49.999999999999986,50.0,49.99999999999999,nan,nan,nan,nan,nan,nan,nan,49.99999999999999
168660.0,49.99999999999999,50.00000000000001,49.99999999999998,49.99999999999998,49.99999999999998,49.99999999999997,50.0,50.000000000000014,49.999999999999986,49.999999999999986,49.999999999999986,50.0,49.99999999999999,nan,nan,nan,nan,nan,nan,nan,49.99999999999999
168720.0,49.99999999999999,50.00000000000001,49.99999999999998,49.99999999999998,49.99999999999998,49.99999999999997,50.0,50.000000000000014,49.999999999999986,49.999999999999986,49.999999999999986,50.0,49.99999999999999,nan,nan,nan,nan,nan,nan,nan,49.99999999999999
168780.0,49.99999999999999,50.00000000000001,49.99999999999998,49.99999999999998,49.99999999999998,49.99999999999997,50.0,50.000000000000014,49.999999999999986,49.999999999999986,49.999999999999986,50.0,49.99999999999999,nan,nan,nan,nan,nan,nan,nan,49.99999999999999
168840.0,49.99999999999999,50.00000000000001,49.99999999999998,49.99999999999998,49.99999999999998,49.99999999999997,50.0,50.000000000000014,49.999999999999986,49.999999999999986,49.999999999999986,50.0,49.99999999999999,nan,nan,nan,nan,nan,nan,nan,49.99999999999999
168900.0,49.99999999999999,50.00000000000001,49.99999999999998,49.99999999999998,49.99999999999998,49.99999999999997,50.0,50.000000000000014,49.999999999999986,49.999999999999986,49.999999999999986,50.0,49.99999999999999,nan,nan,nan,nan,nan,nan,nan,49.99999999999999
168960.0,49.99999999999999,50.00000000000001,49.99999999999998,49.99999999999998,49.99999999999998,49.99999999999997,50.0,50.000000000000014,49.999999999999986,49.999999999999986,49.999999999999986,50.0,49.99999999999999,nan,nan,nan,nan,nan,nan,nan,49.99999999999999
169020.0,49.99999999999999,50.00000000000001,49.99999999999998,49.99999999999998,49.99999999999998,49.99999999999997,50.0,50.000000000000014,49.999999999999986,49.999999999999986,49.999999999999986,50.0,49.99999999999999,nan,nan,nan,nan,nan,nan,nan,49.99999999999999
169080.0,49.99999999999999,50.00000000000001,49.99999999999998,49.99999999999998,49.99999999999998,49.99999999999997,50.0,50.000000000000014,49.999999999999986,49.999999999999986,49.999999999999986,50.0,49.99999999999999,nan,nan,nan,nan,nan,nan,nan,49.99999999999999
169140.0,49.99999999999999,50.00000000000001,49.99999999999998,49.99999999999998,49.99999999999998,49.99999999999997,50.0,50.000000000000014,49.999999999999986,49.999999999999986,49.999999999999986,50.0,49.99999999999999,nan,nan,nan,nan,nan,nan,nan,49.99999999999999
169200.0,49.99999999999999,50.00000000000001,49.99999999999998,49.99999999999998,49.99999999999998,49.99999999999997,50.0,50.000000000000014,49.999999999999986,49.999999999999986,49.999999999999986,50.0,49.99999999999999,nan,nan,nan,nan,nan,nan,nan,49.99999999999999
169260.0,49.99999999999999,50.00000000000001,49.99999999999998,49.99999999999998,49.99999999999998,49.99999999999997,50.0,50.000000000000014,49.999999999999986,49.999999999999986,49.999999999999986,50.0,49.99999999999999,nan,nan,nan,nan,nan,nan,nan,49.99999999999999
169320.0,49.99999999999999,50.00000000000001,49.99999999999998,49.99999999999998,49.99999999999998,49.99999999999997,50.0,50.000000000000014,49.999999999999986,49.999999999999986,49.999999999999986,50.0,49.99999999999999,nan,nan,nan,nan,nan,nan,nan,49.99999999999999
169380.0,49.99999999999999,50.00000000000001,49.99999999999998,49.99999999999998,49.99999999999998,49.99999999999997,50.0,50.000000000000014,49.999999999999986,49.999999999999986,49.999999999999986,50.0,49.99999999999999,nan,nan,nan,nan,nan,nan,nan,49.99999999999999
169440.0,49.99999999999999,50.00000000000001,49.99999999999998,49.99999999999998,49.99999999999998,49.99999999999997,50.0,50.000000000000014,49.999999999999986,49.999999999999986,49.999999999999986,50.0,49.99999999999999,nan,nan,nan,nan,nan,nan,nan,49.99999999999999
169500.0,49.99999999999999,50.00000000000001,49.99999999999998,49.99999999999998,49.99999999999998,49.99999999999997,50.0,50.000000000000014,49.999999999999986,49.999999999999986,49.999999999999986,50.0,49.99999999999999,nan,nan,nan,nan,nan,nan,nan,49.99999999999999
169560.0,49.99999999999999,50.00000000000001,49.99999999999998,49.99999999999998,49.99999999999998,49.99999999999997,50.0,50.000000000000014,49.999999999999986,49.999999999999986,49.999999999999986,50.0,49.99999999999999,nan,nan,nan,nan,nan,nan,nan,49.99999999999999
169620.0,49.99999999999999,50.00000000000001,49.99999999999998,49.99999999999998,49.99999999999998,49.99999999999997,50.0,50.000000000000014,49.999999999999986,49.999999999999986,49.999999999999986,50.0,49.99999999999999,nan,nan,nan,nan,nan,nan,nan,49.99999999999999
169680.0,49.99999999999999,50.00000000000001,49.99999999999998,49.99999999999998,49.99999999999998,49.99999999999997,50.0,50.000000000000014,49.999999999999986,49.999999999999986,49.999999999999986,50.0,49.99999999999999,nan,nan,nan,nan,nan,nan,nan,49.99999999999999
169740.0,49.99999999999999,50.00000000000001,49.99999999999998,49.99999999999998,49.99999999999998,49.99999999999997,50.0,50.000000000000014,49.999999999999986,49.999999999999986,49.999999999999986,50.0,49.99999999999999,nan,nan,nan,nan,nan,nan,nan,49.99999999999999
169800.0,49.99999999999999,50.00000000000001,49.99999999999998,49.99999999999998,49.99999999999998,49.99999999999997,50.0,50.000000000000014,49.999999999999986,49.999999999999986,49.999999999999986,50.0,49.99999999999999,nan,nan,nan,nan,nan,nan,nan,49.99999999999999
169860.0,49.99999999999999,50.00000000000001,49.99999999999998,49.99999999999998,49.99999999999998,49.99999999999997,50.0,50.000000000000014,49.999999999999986,49.999999999999986,49.999999999999986,50.0,49.99999999999999,nan,nan,nan,nan,nan,nan,nan,49.99999999999999
169920.0,49.99999999999999,50.00000000000001,49.99999999999998,49.99999999999998,49.99999999999998,49.99999999999997,50.0,50.000000000000014,49.999999999999986,49.999999999999986,49.999999999999986,50.0,49.99999999999999,nan,nan,nan,nan,nan,nan,nan,49.99999999999999
169980.0,49.99999999999999,50.00000000000001,49.99999999999998,49.99999999999998,49.99999999999998,49.99999999999997,50.0,50.000000000000014,49.999999999999986,49.999999999999986,49.999999999999986,50.0,49.99999999999999,nan,nan,nan,nan,nan,nan,nan,49.99999999999999
170040.0,49.99999999999999,50.00000000000001,49.99999999999998,49.99999999999998,49.99999999999998,49.99999999999997,50.0,50.000000000000014,49.999999999999986,49.999999999999986,49.999999999999986,50.0,49.99999999999999,nan,nan,nan,nan,nan,nan,nan,49.99999999999999
170100.0,49.99999999999999,50.00000000000001,49.99999999999998,49.99999999999998,49.99999999999998,49.99999999999997,50.0,50.000000000000014,49.999999999999986,49.999999999999986,49.999999999999986,50.0,49.99999999999999,nan,nan,nan,nan,nan,nan,nan,49.99999999999999
170160.0,49.99999999999999,50.00000000000001,49.99999999999998,49.99999999999998,49.99999999999998,49.99999999999997,50.0,50.000000000000014,49.999999999999986,49.999999999999986,49.999999999999986,50.0,49.99999999999999,nan,nan,nan,nan,nan,nan,nan,49.99999999999999
170220.0,49.99999999999999,50.00000000000001,49.99999999999998,49.99999999999998,49.99999999999998,49.99999999999997,50.0,50.000000000000014,49.999999999999986,49.999999999999986,49.999999999999986,50.0,49.99999999999999,nan,nan,nan,nan,nan,nan,nan,49.99999999999999
170280.0,49.99999999999999,50.00000000000001,49.99999999999998,49.99999999999998,49.99999999999998,49.99999999999997,50.0,50.000000000000014,49.999999999999986,49.999999999999986,49.999999999999986,50.0,49.99999999999999,nan,nan,nan,nan,nan,nan,nan,49.99999999999999
170340.0,49.99999999999999,50.00000000000001,49.99999999999998,49.99999999999998,49.99999999999998,49.99999999999997,50.0,50.000000000000014,49.999999999999986,49.999999999999986,49.999999999999986,50.0,49.99999999999999,nan,nan,nan,nan,nan,nan,nan,49.99999999999999
170400.0,49.99999999999999,50.00000000000001,49.99999999999998,49.99999999999998,49.99999999999998,49.99999999999997,50.0,50.000000000000014,49.999999999999986,49.999999999999986,49.999999999999986,50.0,49.99999999999999,nan,nan,nan,nan,nan,nan,nan,49.99999999999999
170460.0,49.99999999999999,50.00000000000001,49.99999999999998,49.99999999999998,49.99999999999998,49.99999999999997,50.0,50.000000000000014,49.999999999999986,49.999999999999986,49.999999999999986,50.0,49.99999999999999,nan,nan,nan,nan,nan,nan,nan,49.99999999999999
170520.0,49.99999999999999,50.00000000000001,49.99999999999998,49.99999999999998,49.99999999999998,49.99999999999997,50.0,50.000000000000014,49.999999999999986,49.999999999999986,49.999999999999986,50.0,49.99999999999999,nan,nan,nan,nan,nan,nan,nan,49.99999999999999
170580.0,49.99999999999999,50.00000000000001,49.99999999999998,49.99999999999998,49.99999999999998,49.99999999999997,50.0,50.000000000000014,49.999999999999986,49.999999999999986,49.999999999999986,50.0,49.99999999999999,nan,nan,nan,nan,nan,nan,nan,49.99999999999999
170640.0,49.99999999999999,50.00000000000001,49.99999999999998,49.99999999999998,49.99999999999998,49.99999999999997,50.0,50.000000000000014,49.999999999999986,49.999999999999986,49.999999999999986,50.0,49.99999999999999,nan,nan,nan,nan,nan,nan,nan,49.99999999999999
170700.0,49.99999999999999,50.00000000000001,49.99999999999998,49.99999999999998,49.99999999999998,49.99999999999997,50.0,50.000000000000014,49.999999999999986,49.999999999999986,49.999999999999986,50.0,49.99999999999999,nan,nan,nan,nan,nan,nan,nan,49.99999999999999
170760.0,49.99999999999999,50.00000000000001,49.99999999999998,49.99999999999998,49.99999999999998,49.99999999999997,50.0,50.000000000000014,49.999999999999986,49.999999999999986,49.999999999999986,50.0,49.99999999999999,nan,nan,nan,nan,nan,nan,nan,49.99999999999999
170820.0,49.99999999999999,50.00000000000001,49.99999999999998,49.99999999999998,49.99999999999998,49.99999999999997,50.0,50.000000000000014,49.999999999999986,49.999999999999986,49.999999999999986,50.0,49.99999999999999,nan,nan,nan,nan,nan,nan,nan,49.99999999999999
170880.0,49.99999999999999,50.00000000000001,49.99999999999998,49.99999999999998,49.99999999999998,49.99999999999997,50.0,50.000000000000014,49.999999999999986,49.999999999999986,49.999999999999986,50.0,49.99999999999999,nan,nan,nan,nan,nan,nan,nan,49.99999999999999
170940.0,49.99999999999999,50.00000000000001,49.99999999999998,49.99999999999998,49.99999999999998,49.99999999999997,50.0,50.000000000000014,49.999999999999986,49.999999999999986,49.999999999999986,50.0,49.99999999999999,nan,nan,nan,nan,nan,nan,nan,49.99999999999999
171000.0,49.99999999999999,50.00000000000001,49.99999999999998,49.99999999999998,49.99999999999998,49.99999999999997,50.0,50.000000000000014,49.999999999999986,49.999999999999986,49.999999999999986,50.0,49.99999999999999,nan,nan,nan,nan,nan,nan,nan,49.99999999999999
171060.0,49.99999999999999,50.00000000000001,49.99999999999998,49.99999999999998,49.99999999999998,49.99999999999997,50.0,50.000000000000014,49.999999999999986,49.999999999999986,49.999999999999986,50.0,49.99999999999999,nan,nan,nan,nan,nan,nan,nan,49.99999999999999
171120.0,49.99999999999999,50.00000000000001,49.99999999999998,49.99999999999998,49.99999999999998,49.99999999999997,50.0,50.000000000000014,49.999999999999986,49.999999999999986,49.999999999999986,50.0,49.99999999999999,nan,nan,nan,nan,nan,nan,nan,49.99999999999999
171180.0,49.99999999999999,50.00000000000001,49.99999999999998,49.99999999999998,49.99999999999998,49.99999999999997,50.0,50.000000000000014,49.999999999999986,49.999999999999986,49.999999999999986,50.0,49.99999999999999,nan,nan,nan,nan,nan,nan,nan,49.99999999999999
171240.0,49.99999999999999,50.00000000000001,49.99999999999998,49.99999999999998,49.99999999999998,49.99999999999997,50.0,50.000000000000014,49.999999999999986,49.999999999999986,49.999999999999986,50.0,49.99999999999999,nan,nan,nan,nan,nan,nan,nan,49.99999999999999
171300.0,49.99999999999999,50.00000000000001,49.99999999999998,49.99999999999998,49.99999999999998,49.99999999999997,50.0,50.000000000000014,49.999999999999986,49.999999999999986,49.999999999999986,50.0,49.99999999999999,nan,nan,nan,nan,nan,nan,nan,49.99999999999999
171360.0,49.99999999999999,50.00000000000001,49.99999999999998,49.99999999999998,49.99999999999998,49.99999999999997,50.0,50.000000000000014,49.999999999999986,49.999999999999986,49.999999999999986,50.0,49.99999999999999,nan,nan,nan,nan,nan,nan,nan,49.99999999999999
171420.0,49.99999999999999,50.00000000000001,49.99999999999998,49.99999999999998,49.99999999999998,49.99999999999997,50.0,50.000000000000014,49.999999999999986,49.999999999999986,49.999999999999986,50.0,49.99999999999999,nan,nan,nan,nan,nan,nan,nan,49.99999999999999
171480.0,49.99999999999999,50.00000000000001,49.99999999999998,49.99999999999998,49.99999999999998,49.99999999999997,50.0,50.000000000000014,49.999999999999986,49.999999999999986,49.999999999999986,50.0,49.99999999999999,nan,nan,nan,nan,nan,nan,nan,49.99999999999999
171540.0,49.99999999999999,50.00000000000001,49.99999999999998,49.99999999999998,49.99999999999998,49.99999999999997,50.0,50.000000000000014,49.999999999999986,49.999999999999986,49.999999999999986,50.0,49.99999999999999,nan,nan,nan,nan,nan,nan,nan,49.99999999999999
171600.0,49.99999999999999,50.00000000000001,49.99999999999998,49.99999999999998,49.99999999999998,49.99999999999997,50.0,50.000000000000014,49.999999999999986,49.999999999999986,49.999999999999986,50.0,49.99999999999999,nan,nan,nan,nan,nan,nan,nan,49.99999999999999
171660.0,49.99999999999999,50.00000000000001,49.99999999999998,49.99999999999998,49.99999999999998,49.99999999999997,50.0,50.000000000000014,49.999999999999986,49.999999999999986,49.999999999999986,50.0,49.99999999999999,nan,nan,nan,nan,nan,nan,nan,49.99999999999999
171720.0,49.99999999999999,50.00000000000001,49.99999999999998,49.99999999999998,49.99999999999998,49.99999999999997,50.0,50.000000000000014,49.999999999999986,49.999999999999986,49.999999999999986,50.0,49.99999999999999,nan,nan,nan,nan,nan,nan,nan,49.99999999999999
171780.0,49.99999999999999,50.00000000000001,49.99999999999998,49.99999999999998,49.99999999999998,49.99999999999997,50.0,50.000000000000014,49.999999999999986,49.999999999999986,49.999999999999986,50.0,49.99999999999999,nan,nan,nan,nan,nan,nan,nan,49.99999999999999
171840.0,49.99999999999999,50.00000000000001,49.99999999999998,49.99999999999998,49.99999999999998,49.99999999999997,50.0,50.000000000000014,49.999999999999986,49.999999999999986,49.999999999999986,50.0,49.99999999999999,nan,nan,nan,nan,nan,nan,nan,49.99999999999999
171900.0,49.99999999999999,50.00000000000001,49.99999999999998,49.99999999999998,49.99999999999998,49.99999999999997,50.0,50.000000000000014,49.999999999999986,49.999999999999986,49.999999999999986,50.0,49.99999999999999,nan,nan,nan,nan,nan,nan,nan,49.99999999999999
171960.0,49.99999999999999,50.00000000000001,49.99999999999998,49.99999999999998,49.99999999999998,49.99999999999997,50.0,50.000000000000014,49.999999999999986,49.999999999999986,49.999999999999986,50.0,49.99999999999999,nan,nan,nan,nan,nan,nan,nan,49.99999999999999
172020.0,49.99999999999999,50.00000000000001,49.99999999999998,49.99999999999998,49.99999999999998,49.99999999999997,50.0,50.000000000000014,49.999999999999986,49.999999999999986,49.999999999999986,50.0,49.99999999999999,nan,nan,nan,nan,nan,nan,nan,49.99999999999999
172080.0,49.99999999999999,50.00000000000001,49.99999999999998,49.99999999999998,49.99999999999998,49.99999999999997,50.0,50.000000000000014,49.999999999999986,49.999999999999986,49.999999999999986,50.0,49.99999999999999,nan,nan,nan,nan,nan,nan,nan,49.99999999999999
172140.0,49.99999999999999,50.00000000000001,49.99999999999998,49.99999999999998,49.99999999999998,49.99999999999997,50.0,50.000000000000014,49.999999999999986,49.999999999999986,49.999999999999986,50.0,49.99999999999999,nan,nan,nan,nan,nan,nan,nan,49.99999999999999
172200.0,49.99999999999999,50.00000000000001,49.99999999999998,49.99999999999998,49.99999999999998,49.99999999999997,50.0,50.000000000000014,49.999999999999986,49.999999999999986,49.999999999999986,50.0,49.99999999999999,nan,nan,nan,nan,nan,nan,nan,49.99999999999999
172260.0,49.99999999999999,50.00000000000001,49.99999999999998,49.99999999999998,49.99999999999998,49.99999999999997,50.0,50.000000000000014,49.999999999999986,49.999999999999986,49.999999999999986,50.0,49.99999999999999,nan,nan,nan,nan,nan,nan,nan,49.99999999999999
172320.0,49.99999999999999,50.00000000000001,49.99999999999998,49.99999999999998,49.99999999999998,49.99999999999997,50.0,50.000000000000014,49.999999999999986,49.999999999999986,49.999999999999986,50.0,49.99999999999999,nan,nan,nan,nan,nan,nan,nan,49.99999999999999
172380.0,49.99999999999999,50.00000000000001,49.99999999999998,49.99999999999998,49.99999999999998,49.99999999999997,50.0,50.000000000000014,49.999999999999986,49.999999999999986,49.999999999999986,50.0,49.99999999999999,nan,nan,nan,nan,nan,nan,nan,49.99999999999999
172440.0,49.99999999999999,50.00000000000001,49.99999999999998,49.99999999999998,49.99999999999998,49.99999999999997,50.0,50.000000000000014,49.999999999999986,49.999999999999986,49.999999999999986,50.0,49.99999999999999,nan,nan,nan,nan,nan,nan,nan,49.99999999999999
172500.0,49.99999999999999,50.00000000000001,49.99999999999998,49.99999999999998,49.99999999999998,49.99999999999997,50.0,50.000000000000014,49.999999999999986,49.999999999999986,49.999999999999986,50.0,49.99999999999999,nan,nan,nan,nan,nan,nan,nan,49.99999999999999
172560.0,49.99999999999999,50.00000000000001,49.99999999999998,49.99999999999998,49.99999999999998,49.99999999999997,50.0,50.000000000000014,49.999999999999986,49.999999999999986,49.999999999999986,50.0,49.99999999999999,nan,nan,nan,nan,nan,nan,nan,49.99999999999999
172620.0,49.99999999999999,50.00000000000001,49.99999999999998,49.99999999999998,49.99999999999998,49.99999999999997,50.0,50.000000000000014,49.999999999999986,49.999999999999986,49.999999999999986,50.0,49.99999999999999,nan,nan,nan,nan,nan,nan,nan,49.99999999999999
172680.0,49.99999999999999,50.00000000000001,49.99999999999998,49.99999999999998,49.99999999999998,49.99999999999997,50.0,50.000000000000014,49.999999999999986,49.999999999999986,49.999999999999986,50.0,49.99999999999999,nan,nan,nan,nan,nan,nan,nan,49.99999999999999
172740.0,49.99999999999999,50.00000000000001,49.99999999999998,49.99999999999998,49.99999999999998,49.99999999999997,50.0,50.000000000000014,49.999999999999986,49.999999999999986,49.999999999999986,50.0,49.99999999999999,nan,nan,nan,nan,nan,nan,nan,49.99999999999999
172800.0,49.99999999999999,50.00000000000001,49.99999999999998,49.99999999999998,49.99999999999998,49.99999999999997,50.0,50.000000000000014,49.999999999999986,49.999999999999986,49.999999999999986,50.0,49.99999999999999,nan,nan,nan,nan,nan,nan,nan,49.99999999999999
172860.0,49.99999999999999,50.00000000000001,49.99999999999998,49.99999999999998,49.99999999999998,49.99999999999997,50.0,50.000000000000014,49.999999999999986,49.999999999999986,49.999999999999986,50.0,49.99999999999999,nan,nan,nan,nan,nan,nan,nan,49.99999999999999
172920.0,49.99999999999999,50.00000000000001,49.99999999999998,49.99999999999998,49.99999999999998,49.99999999999997,50.0,50.000000000000014,49.999999999999986,49.999999999999986,49.999999999999986,50.0,49.99999999999999,nan,nan,nan,nan,nan,nan,nan,49.99999999999999
172980.0,49.99999999999999,50.00000000000001,49.99999999999998,49.99999999999998,49.99999999999998,49.99999999999997,50.0,50.000000000000014,49.999999999999986,49.999999999999986,49.999999999999986,50.0,49.99999999999999,nan,nan,nan,nan,nan,nan,nan,49.99999999999999
173040.0,49.99999999999999,50.00000000000001,49.99999999999998,49.99999999999998,49.99999999999998,49.99999999999997,50.0,50.000000000000014,49.999999999999986,49.999999999999986,49.999999999999986,50.0,49.99999999999999,nan,nan,nan,nan,nan,nan,nan,49.99999999999999
173100.0,49.99999999999999,50.00000000000001,49.99999999999998,49.99999999999998,49.99999999999998,49.99999999999997,50.0,50.000000000000014,49.999999999999986,49.999999999999986,49.999999999999986,50.0,49.99999999999999,nan,nan,nan,nan,nan,nan,nan,49.99999999999999
173160.0,49.99999999999999,50.00000000000001,49.99999999999998,49.99999999999998,49.99999999999998,49.99999999999997,50.0,50.000000000000014,49.999999999999986,49.999999999999986,49.999999999999986,50.0,49.99999999999999,nan,nan,nan,nan,nan,nan,nan,49.99999999999999
173220.0,49.99999999999999,50.00000000000001,49.99999999999998,49.99999999999998,49.99999999999998,49.99999999999997,50.0,50.000000000000014,49.999999999999986,49.999999999999986,49.999999999999986,50.0,49.99999999999999,nan,nan,nan,nan,nan,nan,nan,49.99999999999999
173280.0,49.99999999999999,50.00000000000001,49.99999999999998,49.99999999999998,49.99999999999998,49.99999999999997,50.0,50.000000000000014,49.999999999999986,49.999999999999986,49.999999999999986,50.0,49.99999999999999,nan,nan,nan,nan,nan,nan,nan,49.99999999999999
173340.0,49.99999999999999,50.00000000000001,49.99999999999998,49.99999999999998,49.99999999999998,49.99999999999997,50.0,50.000000000000014,49.999999999999986,49.999999999999986,49.999999999999986,50.0,49.99999999999999,nan,nan,nan,nan,nan,nan,nan,49.99999999999999
173400.0,49.99999999999999,50.00000000000001,49.99999999999998,49.99999999999998,49.99999999999998,49.99999999999997,50.0,50.000000000000014,49.999999999999986,49.999999999999986,49.999999999999986,50.0,49.99999999999999,nan,nan,nan,nan,nan,nan,nan,49.99999999999999
173460.0,49.99999999999999,50.00000000000001,49.99999999999998,49.99999999999998,49.99999999999998,49.99999999999997,50.0,50.000000000000014,49.999999999999986,49.999999999999986,49.999999999999986,50.0,49.99999999999999,nan,nan,nan,nan,nan,nan,nan,49.99999999999999
173520.0,49.99999999999999,50.00000000000001,49.99999999999998,49.99999999999998,49.99999999999998,49.99999999999997,50.0,50.000000000000014,49.999999999999986,49.999999999999986,49.999999999999986,50.0,49.99999999999999,nan,nan,nan,nan,nan,nan,nan,49.99999999999999
173580.0,49.99999999999999,50.00000000000001,49.99999999999998,49.99999999999998,49.99999999999998,49.99999999999997,50.0,50.000000000000014,49.999999999999986,49.999999999999986,49.999999999999986,50.0,49.99999999999999,nan,nan,nan,nan,nan,nan,nan,49.99999999999999
173640.0,49.99999999999999,50.00000000000001,49.99999999999998,49.99999999999998,49.99999999999998,49.99999999999997,50.0,50.000000000000014,49.999999999999986,49.999999999999986,49.999999999999986,50.0,49.99999999999999,nan,nan,nan,nan,nan,nan,nan,49.99999999999999
173700.0,49.99999999999999,50.00000000000001,49.99999999999998,49.99999999999998,49.99999999999998,49.99999999999997,50.0,50.000000000000014,49.999999999999986,49.999999999999986,49.999999999999986,50.0,49.99999999999999,nan,nan,nan,nan,nan,nan,nan,49.99999999999999
173760.0,49.99999999999999,50.00000000000001,49.99999999999998,49.99999999999998,49.99999999999998,49.99999999999997,50.0,50.000000000000014,49.999999999999986,49.999999999999986,49.999999999999986,50.0,49.99999999999999,nan,nan,nan,nan,nan,nan,nan,49.99999999999999
173820.0,49.99999999999999,50.00000000000001,49.99999999999998,49.99999999999998,49.99999999999998,49.99999999999997,50.0,50.000000000000014,49.999999999999986,49.999999999999986,49.999999999999986,50.0,49.99999999999999,nan,nan,nan,nan,nan,nan,nan,49.99999999999999
173880.0,49.99999999999999,50.00000000000001,49.99999999999998,49.99999999999998,49.99999999999998,49.99999999999997,50.0,50.000000000000014,49.999999999999986,49.999999999999986,49.999999999999986,50.0,49.99999999999999,nan,nan,nan,nan,nan,nan,nan,49.99999999999999
173940.0,49.99999999999999,50.00000000000001,49.99999999999998,49.99999999999998,49.99999999999998,49.99999999999997,50.0,50.000000000000014,49.999999999999986,49.999999999999986,49.999999999999986,50.0,49.99999999999999,nan,nan,nan,nan,nan,nan,nan,49.99999999999999
174000.0,49.99999999999999,50.00000000000001,49.99999999999998,49.99999999999998,49.99999999999998,49.99999999999997,50.0,50.000000000000014,49.999999999999986,49.999999999999986,49.999999999999986,50.0,49.99999999999999,nan,nan,nan,nan,nan,nan,nan,49.99999999999999
174060.0,49.99999999999999,50.00000000000001,49.99999999999998,49.99999999999998,49.99999999999998,49.99999999999997,50.0,50.000000000000014,49.999999999999986,49.999999999999986,49.999999999999986,50.0,49.99999999999999,nan,nan,nan,nan,nan,nan,nan,49.99999999999999
174120.0,49.99999999999999,50.00000000000001,49.99999999999998,49.99999999999998,49.99999999999998,49.99999999999997,50.0,50.000000000000014,49.999999999999986,49.999999999999986,49.999999999999986,50.0,49.99999999999999,nan,nan,nan,nan,nan,nan,nan,49.99999999999999
174180.0,49.99999999999999,50.00000000000001,49.99999999999998,49.99999999999998,49.99999999999998,49.99999999999997,50.0,50.000000000000014,49.999999999999986,49.999999999999986,49.999999999999986,50.0,49.99999999999999,nan,nan,nan,nan,nan,nan,nan,49.99999999999999
174240.0,49.99999999999999,50.00000000000001,49.99999999999998,49.99999999999998,49.99999999999998,49.99999999999997,50.0,50.000000000000014,49.999999999999986,49.999999999999986,49.999999999999986,50.0,49.99999999999999,nan,nan,nan,nan,nan,nan,nan,49.99999999999999
174300.0,49.99999999999999,50.00000000000001,49.99999999999998,49.99999999999998,49.99999999999998,49.99999999999997,50.0,50.000000000000014,49.999999999999986,49.999999999999986,49.999999999999986,50.0,49.99999999999999,nan,nan,nan,nan,nan,nan,nan,49.99999999999999
174360.0,49.99999999999999,50.00000000000001,49.99999999999998,49.99999999999998,49.99999999999998,49.99999999999997,50.0,50.000000000000014,49.999999999999986,49.999999999999986,49.999999999999986,50.0,49.99999999999999,nan,nan,nan,nan,nan,nan,nan,49.99999999999999
174420.0,49.99999999999999,50.00000000000001,49.99999999999998,49.99999999999998,49.99999999999998,49.99999999999997,50.0,50.000000000000014,49.999999999999986,49.999999999999986,49.999999999999986,50.0,49.99999999999999,nan,nan,nan,nan,nan,nan,nan,49.99999999999999
174480.0,49.99999999999999,50.00000000000001,49.99999999999998,49.99999999999998,49.99999999999998,49.99999999999997,50.0,50.000000000000014,49.999999999999986,49.999999999999986,49.999999999999986,50.0,49.99999999999999,nan,nan,nan,nan,nan,nan,nan,49.99999999999999
174540.0,49.99999999999999,50.00000000000001,49.99999999999998,49.99999999999998,49.99999999999998,49.99999999999997,50.0,50.000000000000014,49.999999999999986,49.999999999999986,49.999999999999986,50.0,49.99999999999999,nan,nan,nan,nan,nan,nan,nan,49.99999999999999
174600.0,49.99999999999999,50.00000000000001,49.99999999999998,49.99999999999998,49.99999999999998,49.99999999999997,50.0,50.000000000000014,49.999999999999986,49.999999999999986,49.999999999999986,50.0,49.99999999999999,nan,nan,nan,nan,nan,nan,nan,49.99999999999999
174660.0,49.99999999999999,50.00000000000001,49.99999999999998,49.99999999999998,49.99999999999998,49.99999999999997,50.0,50.000000000000014,49.999999999999986,49.999999999999986,49.999999999999986,50.0,49.99999999999999,nan,nan,nan,nan,nan,nan,nan,49.99999999999999
174720.0,49.99999999999999,50.00000000000001,49.99999999999998,49.99999999999998,49.99999999999998,49.99999999999997,50.0,50.000000000000014,49.999999999999986,49.999999999999986,49.999999999999986,50.0,49.99999999999999,nan,nan,nan,nan,nan,nan,nan,49.99999999999999
174780.0,49.99999999999999,50.00000000000001,49.99999999999998,49.99999999999998,49.99999999999998,49.99999999999997,50.0,50.000000000000014,49.999999999999986,49.999999999999986,49.999999999999986,50.0,49.99999999999999,nan,nan,nan,nan,nan,nan,nan,49.99999999999999
174840.0,49.99999999999999,50.00000000000001,49.99999999999998,49.99999999999998,49.99999999999998,49.99999999999997,50.0,50.000000000000014,49.999999999999986,49.999999999999986,49.999999999999986,50.0,49.99999999999999,nan,nan,nan,nan,nan,nan,nan,49.99999999999999
174900.0,49.99999999999999,50.00000000000001,49.99999999999998,49.99999999999998,49.99999999999998,49.99999999999997,50.0,50.000000000000014,49.999999999999986,49.999999999999986,49.999999999999986,50.0,49.99999999999999,nan,nan,nan,nan,nan,nan,nan,49.99999999999999
174960.0,49.99999999999999,50.00000000000001,49.99999999999998,49.99999999999998,49.99999999999998,49.99999999999997,50.0,50.000000000000014,49.999999999999986,49.999999999999986,49.999999999999986,50.0,49.99999999999999,nan,nan,nan,nan,nan,nan,nan,49.99999999999999
175020.0,49.99999999999999,50.00000000000001,49.99999999999998,49.99999999999998,49.99999999999998,49.99999999999997,50.0,50.000000000000014,49.999999999999986,49.999999999999986,49.999999999999986,50.0,49.99999999999999,nan,nan,nan,nan,nan,nan,nan,49.99999999999999
175080.0,49.99999999999999,50.00000000000001,49.99999999999998,49.99999999999998,49.99999999999998,49.99999999999997,50.0,50.000000000000014,49.999999999999986,49.999999999999986,49.999999999999986,50.0,49.99999999999999,nan,nan,nan,nan,nan,nan,nan,49.99999999999999
175140.0,49.99999999999999,50.00000000000001,49.99999999999998,49.99999999999998,49.99999999999998,49.99999999999997,50.0,50.000000000000014,49.999999999999986,49.999999999999986,49.999999999999986,50.0,49.99999999999999,nan,nan,nan,nan,nan,nan,nan,49.99999999999999
175200.0,49.99999999999999,50.00000000000001,49.99999999999998,49.99999999999998,49.99999999999998,49.99999999999997,50.0,50.000000000000014,49.999999999999986,49.999999999999986,49.999999999999986,50.0,49.99999999999999,nan,nan,nan,nan,nan,nan,nan,49.99999999999999
175260.0,49.99999999999999,50.00000000000001,49.99999999999998,49.99999999999998,49.99999999999998,49.99999999999997,50.0,50.000000000000014,49.999999999999986,49.999999999999986,49.999999999999986,50.0,49.99999999999999,nan,nan,nan,nan,nan,nan,nan,49.99999999999999
175320.0,49.99999999999999,50.00000000000001,49.99999999999998,49.99999999999998,49.99999999999998,49.99999999999997,50.0,50.000000000000014,49.999999999999986,49.999999999999986,49.999999999999986,50.0,49.99999999999999,nan,nan,nan,nan,nan,nan,nan,49.99999999999999
175380.0,49.99999999999999,50.00000000000001,49.99999999999998,49.99999999999998,49.99999999999998,49.99999999999997,50.0,50.000000000000014,49.999999999999986,49.999999999999986,49.999999999999986,50.0,49.99999999999999,nan,nan,nan,nan,nan,nan,nan,49.99999999999999
175440.0,49.99999999999999,50.00000000000001,49.99999999999998,49.99999999999998,49.99999999999998,49.99999999999997,50.0,50.000000000000014,49.999999999999986,49.999999999999986,49.999999999999986,50.0,49.99999999999999,nan,nan,nan,nan,nan,nan,nan,49.99999999999999
175500.0,49.99999999999999,50.00000000000001,49.99999999999998,49.99999999999998,49.99999999999998,49.99999999999997,50.0,50.000000000000014,49.999999999999986,49.999999999999986,49.999999999999986,50.0,49.99999999999999,nan,nan,nan,nan,nan,nan,nan,49.99999999999999
175560.0,49.99999999999999,50.00000000000001,49.99999999999998,49.99999999999998,49.99999999999998,49.99999999999997,50.0,50.000000000000014,49.999999999999986,49.999999999999986,49.999999999999986,50.0,49.99999999999999,nan,nan,nan,nan,nan,nan,nan,49.99999999999999
175620.0,49.99999999999999,50.00000000000001,49.99999999999998,49.99999999999998,49.99999999999998,49.99999999999997,50.0,50.000000000000014,49.999999999999986,49.999999999999986,49.999999999999986,50.0,49.99999999999999,nan,nan,nan,nan,nan,nan,nan,49.99999999999999
175680.0,49.99999999999999,50.00000000000001,49.99999999999998,49.99999999999998,49.99999999999998,49.99999999999997,50.0,50.000000000000014,49.999999999999986,49.999999999999986,49.999999999999986,50.0,49.99999999999999,nan,nan,nan,nan,nan,nan,nan,49.99999999999999
175740.0,49.99999999999999,50.00000000000001,49.99999999999998,49.99999999999998,49.99999999999998,49.99999999999997,50.0,50.000000000000014,49.999999999999986,49.999999999999986,49.999999999999986,50.0,49.99999999999999,nan,nan,nan,nan,nan,nan,nan,49.99999999999999
175800.0,49.99999999999999,50.00000000000001,49.99999999999998,49.99999999999998,49.99999999999998,49.99999999999997,50.0,50.000000000000014,49.999999999999986,49.999999999999986,49.999999999999986,50.0,49.99999999999999,nan,nan,nan,nan,nan,nan,nan,49.99999999999999
175860.0,49.99999999999999,50.00000000000001,49.99999999999998,49.99999999999998,49.99999999999998,49.99999999999997,50.0,50.000000000000014,49.999999999999986,49.999999999999986,49.999999999999986,50.0,49.99999999999999,nan,nan,nan,nan,nan,nan,nan,49.99999999999999
175920.0,49.99999999999999,50.00000000000001,49.99999999999998,49.99999999999998,49.99999999999998,49.99999999999997,50.0,50.000000000000014,49.999999999999986,49.999999999999986,49.999999999999986,50.0,49.99999999999999,nan,nan,nan,nan,nan,nan,nan,49.99999999999999
175980.0,49.99999999999999,50.00000000000001,49.99999999999998,49.99999999999998,49.99999999999998,49.99999999999997,50.0,50.000000000000014,49.999999999999986,49.999999999999986,49.999999999999986,50.0,49.99999999999999,nan,nan,nan,nan,nan,nan,nan,49.99999999999999
176040.0,49.99999999999999,50.00000000000001,49.99999999999998,49.99999999999998,49.99999999999998,49.99999999999997,50.0,50.000000000000014,49.999999999999986,49.999999999999986,49.999999999999986,50.0,49.99999999999999,nan,nan,nan,nan,nan,nan,nan,49.99999999999999
176100.0,49.99999999999999,50.00000000000001,49.99999999999998,49.99999999999998,49.99999999999998,49.99999999999997,50.0,50.000000000000014,49.999999999999986,49.999999999999986,49.999999999999986,50.0,49.99999999999999,nan,nan,nan,nan,nan,nan,nan,49.99999999999999
176160.0,49.99999999999999,50.00000000000001,49.99999999999998,49.99999999999998,49.99999999999998,49.99999999999997,50.0,50.000000000000014,49.999999999999986,49.999999999999986,49.999999999999986,50.0,49.99999999999999,nan,nan,nan,nan,nan,nan,nan,49.99999999999999
176220.0,49.99999999999999,50.00000000000001,49.99999999999998,49.99999999999998,49.99999999999998,49.99999999999997,50.0,50.000000000000014,49.999999999999986,49.999999999999986,49.999999999999986,50.0,49.99999999999999,nan,nan,nan,nan,nan,nan,nan,49.99999999999999
176280.0,49.99999999999999,50.00000000000001,49.99999999999998,49.99999999999998,49.99999999999998,49.99999999999997,50.0,50.000000000000014,49.999999999999986,49.999999999999986,49.999999999999986,50.0,49.99999999999999,nan,nan,nan,nan,nan,nan,nan,49.99999999999999
176340.0,49.99999999999999,50.00000000000001,49.99999999999998,49.99999999999998,49.99999999999998,49.99999999999997,50.0,50.000000000000014,49.999999999999986,49.999999999999986,49.999999999999986,50.0,49.99999999999999,nan,nan,nan,nan,nan,nan,nan,49.99999999999999
176400.0,49.99999999999999,50.00000000000001,49.99999999999998,49.99999999999998,49.99999999999998,49.99999999999997,50.0,50.000000000000014,49.999999999999986,49.999999999999986,49.999999999999986,50.0,49.99999999999999,nan,nan,nan,nan,nan,nan,nan,49.99999999999999
176460.0,49.99999999999999,50.00000000000001,49.99999999999998,49.99999999999998,49.99999999999998,49.99999999999997,50.0,50.000000000000014,49.999999999999986,49.999999999999986,49.999999999999986,50.0,49.99999999999999,nan,nan,nan,nan,nan,nan,nan,49.99999999999999
176520.0,49.99999999999999,50.00000000000001,49.99999999999998,49.99999999999998,49.99999999999998,49.99999999999997,50.0,50.000000000000014,49.999999999999986,49.999999999999986,49.999999999999986,50.0,49.99999999999999,nan,nan,nan,nan,nan,nan,nan,49.99999999999999
176580.0,49.99999999999999,50.00000000000001,49.99999999999998,49.99999999999998,49.99999999999998,49.99999999999997,50.0,50.000000000000014,49.999999999999986,49.999999999999986,49.999999999999986,50.0,49.99999999999999,nan,nan,nan,nan,nan,nan,nan,49.99999999999999
176640.0,49.99999999999999,50.00000000000001,49.99999999999998,49.99999999999998,49.99999999999998,49.99999999999997,50.0,50.000000000000014,49.999999999999986,49.999999999999986,49.999999999999986,50.0,49.99999999999999,nan,nan,nan,nan,nan,nan,nan,49.99999999999999
176700.0,49.99999999999999,50.00000000000001,49.99999999999998,49.99999999999998,49.99999999999998,49.99999999999997,50.0,50.000000000000014,49.999999999999986,49.999999999999986,49.999999999999986,50.0,49.99999999999999,nan,nan,nan,nan,nan,nan,nan,49.99999999999999
176760.0,49.99999999999999,50.00000000000001,49.99999999999998,49.99999999999998,49.99999999999998,49.99999999999997,50.0,50.000000000000014,49.999999999999986,49.999999999999986,49.999999999999986,50.0,49.99999999999999,nan,nan,nan,nan,nan,nan,nan,49.99999999999999
176820.0,49.99999999999999,50.00000000000001,49.99999999999998,49.99999999999998,49.99999999999998,49.99999999999997,50.0,50.000000000000014,49.999999999999986,49.999999999999986,49.999999999999986,50.0,49.99999999999999,nan,nan,nan,nan,nan,nan,nan,49.99999999999999
176880.0,49.99999999999999,50.00000000000001,49.99999999999998,49.99999999999998,49.99999999999998,49.99999999999997,50.0,50.000000000000014,49.999999999999986,49.999999999999986,49.999999999999986,50.0,49.99999999999999,nan,nan,nan,nan,nan,nan,nan,49.99999999999999
176940.0,49.99999999999999,50.00000000000001,49.99999999999998,49.99999999999998,49.99999999999998,49.99999999999997,50.0,50.000000000000014,49.999999999999986,49.999999999999986,49.999999999999986,50.0,49.99999999999999,nan,nan,nan,nan,nan,nan,nan,49.99999999999999
177000.0,49.99999999999999,50.00000000000001,49.99999999999998,49.99999999999998,49.99999999999998,49.99999999999997,50.0,50.000000000000014,49.999999999999986,49.999999999999986,49.999999999999986,50.0,49.99999999999999,nan,nan,nan,nan,nan,nan,nan,49.99999999999999
177060.0,49.99999999999999,50.00000000000001,49.99999999999998,49.99999999999998,49.99999999999998,49.99999999999997,50.0,50.000000000000014,49.999999999999986,49.999999999999986,49.999999999999986,50.0,49.99999999999999,nan,nan,nan,nan,nan,nan,nan,49.99999999999999
177120.0,49.99999999999999,50.00000000000001,49.99999999999998,49.99999999999998,49.99999999999998,49.99999999999997,50.0,50.000000000000014,49.999999999999986,49.999999999999986,49.999999999999986,50.0,49.99999999999999,nan,nan,nan,nan,nan,nan,nan,49.99999999999999
177180.0,49.99999999999999,50.00000000000001,49.99999999999998,49.99999999999998,49.99999999999998,49.99999999999997,50.0,50.000000000000014,49.999999999999986,49.999999999999986,49.999999999999986,50.0,49.99999999999999,nan,nan,nan,nan,nan,nan,nan,49.99999999999999
177240.0,49.99999999999999,50.00000000000001,49.99999999999998,49.99999999999998,49.99999999999998,49.99999999999997,50.0,50.000000000000014,49.999999999999986,49.999999999999986,49.999999999999986,50.0,49.99999999999999,nan,nan,nan,nan,nan,nan,nan,49.99999999999999
177300.0,49.99999999999999,50.00000000000001,49.99999999999998,49.99999999999998,49.99999999999998,49.99999999999997,50.0,50.000000000000014,49.999999999999986,49.999999999999986,49.999999999999986,50.0,49.99999999999999,nan,nan,nan,nan,nan,nan,nan,49.99999999999999
177360.0,49.99999999999999,50.00000000000001,49.99999999999998,49.99999999999998,49.99999999999998,49.99999999999997,50.0,50.000000000000014,49.999999999999986,49.999999999999986,49.999999999999986,50.0,49.99999999999999,nan,nan,nan,nan,nan,nan,nan,49.99999999999999
177420.0,49.99999999999999,50.00000000000001,49.99999999999998,49.99999999999998,49.99999999999998,49.99999999999997,50.0,50.000000000000014,49.999999999999986,49.999999999999986,49.999999999999986,50.0,49.99999999999999,nan,nan,nan,nan,nan,nan,nan,49.99999999999999
177480.0,49.99999999999999,50.00000000000001,49.99999999999998,49.99999999999998,49.99999999999998,49.99999999999997,50.0,50.000000000000014,49.999999999999986,49.999999999999986,49.999999999999986,50.0,49.99999999999999,nan,nan,nan,nan,nan,nan,nan,49.99999999999999
177540.0,49.99999999999999,50.00000000000001,49.99999999999998,49.99999999999998,49.99999999999998,49.99999999999997,50.0,50.000000000000014,49.999999999999986,49.999999999999986,49.999999999999986,50.0,49.99999999999999,nan,nan,nan,nan,nan,nan,nan,49.99999999999999
177600.0,49.99999999999999,50.00000000000001,49.99999999999998,49.99999999999998,49.99999999999998,49.99999999999997,50.0,50.000000000000014,49.999999999999986,49.999999999999986,49.999999999999986,50.0,49.99999999999999,nan,nan,nan,nan,nan,nan,nan,49.99999999999999
177660.0,49.99999999999999,50.00000000000001,49.99999999999998,49.99999999999998,49.99999999999998,49.99999999999997,50.0,50.000000000000014,49.999999999999986,49.999999999999986,49.999999999999986,50.0,49.99999999999999,nan,nan,nan,nan,nan,nan,nan,49.99999999999999
177720.0,49.99999999999999,50.00000000000001,49.99999999999998,49.99999999999998,49.99999999999998,49.99999999999997,50.0,50.000000000000014,49.999999999999986,49.999999999999986,49.999999999999986,50.0,49.99999999999999,nan,nan,nan,nan,nan,nan,nan,49.99999999999999
177780.0,49.99999999999999,50.00000000000001,49.99999999999998,49.99999999999998,49.99999999999998,49.99999999999997,50.0,50.000000000000014,49.999999999999986,49.999999999999986,49.999999999999986,50.0,49.99999999999999,nan,nan,nan,nan,nan,nan,nan,49.99999999999999
177840.0,49.99999999999999,50.00000000000001,49.99999999999998,49.99999999999998,49.99999999999998,49.99999999999997,50.0,50.000000000000014,49.999999999999986,49.999999999999986,49.999999999999986,50.0,49.99999999999999,nan,nan,nan,nan,nan,nan,nan,49.99999999999999
177900.0,49.99999999999999,50.00000000000001,49.99999999999998,49.99999999999998,49.99999999999998,49.99999999999997,50.0,50.000000000000014,49.999999999999986,49.999999999999986,49.999999999999986,50.0,49.99999999999999,nan,nan,nan,nan,nan,nan,nan,49.99999999999999
177960.0,49.99999999999999,50.00000000000001,49.99999999999998,49.99999999999998,49.99999999999998,49.99999999999997,50.0,50.000000000000014,49.999999999999986,49.999999999999986,49.999999999999986,50.0,49.99999999999999,nan,nan,nan,nan,nan,nan,nan,49.99999999999999
178020.0,49.99999999999999,50.00000000000001,49.99999999999998,49.99999999999998,49.99999999999998,49.99999999999997,50.0,50.000000000000014,49.999999999999986,49.999999999999986,49.999999999999986,50.0,49.99999999999999,nan,nan,nan,nan,nan,nan,nan,49.99999999999999
178080.0,49.99999999999999,50.00000000000001,49.99999999999998,49.99999999999998,49.99999999999998,49.99999999999997,50.0,50.000000000000014,49.999999999999986,49.999999999999986,49.999999999999986,50.0,49.99999999999999,nan,nan,nan,nan,nan,nan,nan,49.99999999999999
178140.0,49.99999999999999,50.00000000000001,49.99999999999998,49.99999999999998,49.99999999999998,49.99999999999997,50.0,50.000000000000014,49.999999999999986,49.999999999999986,49.999999999999986,50.0,49.99999999999999,nan,nan,nan,nan,nan,nan,nan,49.99999999999999
178200.0,49.99999999999999,50.00000000000001,49.99999999999998,49.99999999999998,49.99999999999998,49.99999999999997,50.0,50.000000000000014,49.999999999999986,49.999999999999986,49.999999999999986,50.0,49.99999999999999,nan,nan,nan,nan,nan,nan,nan,49.99999999999999
178260.0,49.99999999999999,50.00000000000001,49.99999999999998,49.99999999999998,49.99999999999998,49.99999999999997,50.0,50.000000000000014,49.999999999999986,49.999999999999986,49.999999999999986,50.0,49.99999999999999,nan,nan,nan,nan,nan,nan,nan,49.99999999999999
178320.0,49.99999999999999,50.00000000000001,49.99999999999998,49.99999999999998,49.99999999999998,49.99999999999997,50.0,50.000000000000014,49.999999999999986,49.999999999999986,49.999999999999986,50.0,49.99999999999999,nan,nan,nan,nan,nan,nan,nan,49.99999999999999
178380.0,49.99999999999999,50.00000000000001,49.99999999999998,49.99999999999998,49.99999999999998,49.99999999999997,50.0,50.000000000000014,49.999999999999986,49.999999999999986,49.999999999999986,50.0,49.99999999999999,nan,nan,nan,nan,nan,nan,nan,49.99999999999999
178440.0,49.99999999999999,50.00000000000001,49.99999999999998,49.99999999999998,49.99999999999998,49.99999999999997,50.0,50.000000000000014,49.999999999999986,49.999999999999986,49.999999999999986,50.0,49.99999999999999,nan,nan,nan,nan,nan,nan,nan,49.99999999999999
178500.0,49.99999999999999,50.00000000000001,49.99999999999998,49.99999999999998,49.99999999999998,49.99999999999997,50.0,50.000000000000014,49.999999999999986,49.999999999999986,49.999999999999986,50.0,49.99999999999999,nan,nan,nan,nan,nan,nan,nan,49.99999999999999
178560.0,49.99999999999999,50.00000000000001,49.99999999999998,49.99999999999998,49.99999999999998,49.99999999999997,50.0,50.000000000000014,49.999999999999986,49.999999999999986,49.999999999999986,50.0,49.99999999999999,nan,nan,nan,nan,nan,nan,nan,49.99999999999999
178620.0,49.99999999999999,50.00000000000001,49.99999999999998,49.99999999999998,49.99999999999998,49.99999999999997,50.0,50.000000000000014,49.999999999999986,49.999999999999986,49.999999999999986,50.0,49.99999999999999,nan,nan,nan,nan,nan,nan,nan,49.99999999999999
178680.0,49.99999999999999,50.00000000000001,49.99999999999998,49.99999999999998,49.99999999999998,49.99999999999997,50.0,50.000000000000014,49.999999999999986,49.999999999999986,49.999999999999986,50.0,49.99999999999999,nan,nan,nan,nan,nan,nan,nan,49.99999999999999
178740.0,49.99999999999999,50.00000000000001,49.99999999999998,49.99999999999998,49.99999999999998,49.99999999999997,50.0,50.000000000000014,49.999999999999986,49.999999999999986,49.999999999999986,50.0,49.99999999999999,nan,nan,nan,nan,nan,nan,nan,49.99999999999999
178800.0,49.99999999999999,50.00000000000001,49.99999999999998,49.99999999999998,49.99999999999998,49.99999999999997,50.0,50.000000000000014,49.999999999999986,49.999999999999986,49.999999999999986,50.0,49.99999999999999,nan,nan,nan,nan,nan,nan,nan,49.99999999999999
178860.0,49.99999999999999,50.00000000000001,49.99999999999998,49.99999999999998,49.99999999999998,49.99999999999997,50.0,50.000000000000014,49.999999999999986,49.999999999999986,49.999999999999986,50.0,49.99999999999999,nan,nan,nan,nan,nan,nan,nan,49.99999999999999
178920.0,49.99999999999999,50.00000000000001,49.99999999999998,49.99999999999998,49.99999999999998,49.99999999999997,50.0,50.000000000000014,49.999999999999986,49.999999999999986,49.999999999999986,50.0,49.99999999999999,nan,nan,nan,nan,nan,nan,nan,49.99999999999999
178980.0,49.99999999999999,50.00000000000001,49.99999999999998,49.99999999999998,49.99999999999998,49.99999999999997,50.0,50.000000000000014,49.999999999999986,49.999999999999986,49.999999999999986,50.0,49.99999999999999,nan,nan,nan,nan,nan,nan,nan,49.99999999999999
179040.0,49.99999999999999,50.00000000000001,49.99999999999998,49.99999999999998,49.99999999999998,49.99999999999997,50.0,50.000000000000014,49.999999999999986,49.999999999999986,49.999999999999986,50.0,49.99999999999999,nan,nan,nan,nan,nan,nan,nan,49.99999999999999
179100.0,49.99999999999999,50.00000000000001,49.99999999999998,49.99999999999998,49.99999999999998,49.99999999999997,50.0,50.000000000000014,49.999999999999986,49.999999999999986,49.999999999999986,50.0,49.99999999999999,nan,nan,nan,nan,nan,nan,nan,49.99999999999999
179160.0,49.99999999999999,50.00000000000001,49.99999999999998,49.99999999999998,49.99999999999998,49.99999999999997,50.0,50.000000000000014,49.999999999999986,49.999999999999986,49.999999999999986,50.0,49.99999999999999,nan,nan,nan,nan,nan,nan,nan,49.99999999999999
179220.0,49.99999999999999,50.00000000000001,49.99999999999998,49.99999999999998,49.99999999999998,49.99999999999997,50.0,50.000000000000014,49.999999999999986,49.999999999999986,49.999999999999986,50.0,49.99999999999999,nan,nan,nan,nan,nan,nan,nan,49.99999999999999
179280.0,49.99999999999999,50.00000000000001,49.99999999999998,49.99999999999998,49.99999999999998,49.99999999999997,50.0,50.000000000000014,49.999999999999986,49.999999999999986,49.999999999999986,50.0,49.99999999999999,nan,nan,nan,nan,nan,nan,nan,49.99999999999999
179340.0,49.99999999999999,50.00000000000001,49.99999999999998,49.99999999999998,49.99999999999998,49.99999999999997,50.0,50.000000000000014,49.999999999999986,49.999999999999986,49.999999999999986,50.0,49.99999999999999,nan,nan,nan,nan,nan,nan,nan,49.99999999999999
179400.0,49.99999999999999,50.00000000000001,49.99999999999998,49.99999999999998,49.99999999999998,49.99999999999997,50.0,50.000000000000014,49.999999999999986,49.999999999999986,49.999999999999986,50.0,49.99999999999999,nan,nan,nan,nan,nan,nan,nan,49.99999999999999
179460.0,49.99999999999999,50.00000000000001,49.99999999999998,49.99999999999998,49.99999999999998,49.99999999999997,50.0,50.000000000000014,49.999999999999986,49.999999999999986,49.999999999999986,50.0,49.99999999999999,nan,nan,nan,nan,nan,nan,nan,49.99999999999999
179520.0,49.99999999999999,50.00000000000001,49.99999999999998,49.99999999999998,49.99999999999998,49.99999999999997,50.0,50.000000000000014,49.999999999999986,49.999999999999986,49.999999999999986,50.0,49.99999999999999,nan,nan,nan,nan,nan,nan,nan,49.99999999999999
179580.0,49.99999999999999,50.00000000000001,49.99999999999998,49.99999999999998,49.99999999999998,49.99999999999997,50.0,50.000000000000014,49.999999999999986,49.999999999999986,49.999999999999986,50.0,49.99999999999999,nan,nan,nan,nan,nan,nan,nan,49.99999999999999
179640.0,49.99999999999999,50.00000000000001,49.99999999999998,49.99999999999998,49.99999999999998,49.99999999999997,50.0,50.000000000000014,49.999999999999986,49.999999999999986,49.999999999999986,50.0,49.99999999999999,nan,nan,nan,nan,nan,nan,nan,49.99999999999999
179700.0,49.99999999999999,50.00000000000001,49.99999999999998,49.99999999999998,49.99999999999998,49.99999999999997,50.0,50.000000000000014,49.999999999999986,49.999999999999986,49.999999999999986,50.0,49.99999999999999,nan,nan,nan,nan,nan,nan,nan,49.99999999999999
179760.0,49.99999999999999,50.00000000000001,49.99999999999998,49.99999999999998,49.99999999999998,49.99999999999997,50.0,50.000000000000014,49.999999999999986,49.999999999999986,49.999999999999986,50.0,49.99999999999999,nan,nan,nan,nan,nan,nan,nan,49.99999999999999
179820.0,49.99999999999999,50.00000000000001,49.99999999999998,49.99999999999998,49.99999999999998,49.99999999999997,50.0,50.000000000000014,49.999999999999986,49.999999999999986,49.999999999999986,50.0,49.99999999999999,nan,nan,nan,nan,nan,nan,nan,49.99999999999999
179880.0,49.99999999999999,50.00000000000001,49.99999999999998,49.99999999999998,49.99999999999998,49.99999999999997,50.0,50.000000000000014,49.999999999999986,49.999999999999986,49.999999999999986,50.0,49.99999999999999,nan,nan,nan,nan,nan,nan,nan,49.99999999999999
179940.0,49.99999999999999,50.00000000000001,49.99999999999998,49.99999999999998,49.99999999999998,49.99999999999997,50.0,50.000000000000014,49.999999999999986,49.999999999999986,49.999999999999986,50.0,49.99999999999999,nan,nan,nan,nan,nan,nan,nan,49.99999999999999
180000.0,49.99999999999999,50.00000000000001,49.99999999999998,49.99999999999998,49.99999999999998,49.99999999999997,50.0,50.000000000000014,49.999999999999986,49.999999999999986,49.999999999999986,50.0,49.99999999999999,nan,nan,nan,nan,nan,nan,nan,49.99999999999999
180060.0,49.99999999999999,50.00000000000001,49.99999999999998,49.99999999999998,49.99999999999998,49.99999999999997,50.0,50.000000000000014,49.999999999999986,49.999999999999986,49.999999999999986,50.0,49.99999999999999,nan,nan,nan,nan,nan,nan,nan,49.99999999999999
180120.0,49.99999999999999,50.00000000000001,49.99999999999998,49.99999999999998,49.99999999999998,49.99999999999997,50.0,50.000000000000014,49.999999999999986,49.999999999999986,49.999999999999986,50.0,49.99999999999999,nan,nan,nan,nan,nan,nan,nan,49.99999999999999
180180.0,49.99999999999999,50.00000000000001,49.99999999999998,49.99999999999998,49.99999999999998,49.99999999999997,50.0,50.000000000000014,49.999999999999986,49.999999999999986,49.999999999999986,50.0,49.99999999999999,nan,nan,nan,nan,nan,nan,nan,49.99999999999999
180240.0,49.99999999999999,50.00000000000001,49.99999999999998,49.99999999999998,49.99999999999998,49.99999999999997,50.0,50.000000000000014,49.999999999999986,49.999999999999986,49.999999999999986,50.0,49.99999999999999,nan,nan,nan,nan,nan,nan,nan,49.99999999999999
180300.0,49.99999999999999,50.00000000000001,49.99999999999998,49.99999999999998,49.99999999999998,49.99999999999997,50.0,50.000000000000014,49.999999999999986,49.999999999999986,49.999999999999986,50.0,49.99999999999999,nan,nan,nan,nan,nan,nan,nan,49.99999999999999
180360.0,49.99999999999999,50.00000000000001,49.99999999999998,49.99999999999998,49.99999999999998,49.99999999999997,50.0,50.000000000000014,49.999999999999986,49.999999999999986,49.999999999999986,50.0,49.99999999999999,nan,nan,nan,nan,nan,nan,nan,49.99999999999999
180420.0,49.99999999999999,50.00000000000001,49.99999999999998,49.99999999999998,49.99999999999998,49.99999999999997,50.0,50.000000000000014,49.999999999999986,49.999999999999986,49.999999999999986,50.0,49.99999999999999,nan,nan,nan,nan,nan,nan,nan,49.99999999999999
180480.0,49.99999999999999,50.00000000000001,49.99999999999998,49.99999999999998,49.99999999999998,49.99999999999997,50.0,50.000000000000014,49.999999999999986,49.999999999999986,49.999999999999986,50.0,49.99999999999999,nan,nan,nan,nan,nan,nan,nan,49.99999999999999
180540.0,49.99999999999999,50.00000000000001,49.99999999999998,49.99999999999998,49.99999999999998,49.99999999999997,50.0,50.000000000000014,49.999999999999986,49.999999999999986,49.999999999999986,50.0,49.99999999999999,nan,nan,nan,nan,nan,nan,nan,49.99999999999999
180600.0,49.99999999999999,50.00000000000001,49.99999999999998,49.99999999999998,49.99999999999998,49.99999999999997,50.0,50.000000000000014,49.999999999999986,49.999999999999986,49.999999999999986,50.0,49.99999999999999,nan,nan,nan,nan,nan,nan,nan,49.99999999999999
180660.0,49.99999999999999,50.00000000000001,49.99999999999998,49.99999999999998,49.99999999999998,49.99999999999997,50.0,50.000000000000014,49.999999999999986,49.999999999999986,49.999999999999986,50.0,49.99999999999999,nan,nan,nan,nan,nan,nan,nan,49.99999999999999
180720.0,49.99999999999999,50.00000000000001,49.99999999999998,49.99999999999998,49.99999999999998,49.99999999999997,50.0,50.000000000000014,49.999999999999986,49.999999999999986,49.999999999999986,50.0,49.99999999999999,nan,nan,nan,nan,nan,nan,nan,49.99999999999999
180780.0,49.99999999999999,50.00000000000001,49.99999999999998,49.99999999999998,49.99999999999998,49.99999999999997,50.0,50.000000000000014,49.999999999999986,49.999999999999986,49.999999999999986,50.0,49.99999999999999,nan,nan,nan,nan,nan,nan,nan,49.99999999999999
180840.0,49.99999999999999,50.00000000000001,49.99999999999998,49.99999999999998,49.99999999999998,49.99999999999997,50.0,50.000000000000014,49.999999999999986,49.999999999999986,49.999999999999986,50.0,49.99999999999999,nan,nan,nan,nan,nan,nan,nan,49.99999999999999
180900.0,49.99999999999999,50.00000000000001,49.99999999999998,49.99999999999998,49.99999999999998,49.99999999999997,50.0,50.000000000000014,49.999999999999986,49.999999999999986,49.999999999999986,50.0,49.99999999999999,nan,nan,nan,nan,nan,nan,nan,49.99999999999999
180960.0,49.99999999999999,50.00000000000001,49.99999999999998,49.99999999999998,49.99999999999998,49.99999999999997,50.0,50.000000000000014,49.999999999999986,49.999999999999986,49.999999999999986,50.0,49.99999999999999,nan,nan,nan,nan,nan,nan,nan,49.99999999999999
181020.0,49.99999999999999,50.00000000000001,49.99999999999998,49.99999999999998,49.99999999999998,49.99999999999997,50.0,50.000000000000014,49.999999999999986,49.999999999999986,49.999999999999986,50.0,49.99999999999999,nan,nan,nan,nan,nan,nan,nan,49.99999999999999
181080.0,49.99999999999999,50.00000000000001,49.99999999999998,49.99999999999998,49.99999999999998,49.99999999999997,50.0,50.000000000000014,49.999999999999986,49.999999999999986,49.999999999999986,50.0,49.99999999999999,nan,nan,nan,nan,nan,nan,nan,49.99999999999999
181140.0,49.99999999999999,50.00000000000001,49.99999999999998,49.99999999999998,49.99999999999998,49.99999999999997,50.0,50.000000000000014,49.999999999999986,49.999999999999986,49.999999999999986,50.0,49.99999999999999,nan,nan,nan,nan,nan,nan,nan,49.99999999999999
181200.0,49.99999999999999,50.00000000000001,49.99999999999998,49.99999999999998,49.99999999999998,49.99999999999997,50.0,50.000000000000014,49.999999999999986,49.999999999999986,49.999999999999986,50.0,49.99999999999999,nan,nan,nan,nan,nan,nan,nan,49.99999999999999
181260.0,49.99999999999999,50.00000000000001,49.99999999999998,49.99999999999998,49.99999999999998,49.99999999999997,50.0,50.000000000000014,49.999999999999986,49.999999999999986,49.999999999999986,50.0,49.99999999999999,nan,nan,nan,nan,nan,nan,nan,49.99999999999999
181320.0,49.99999999999999,50.00000000000001,49.99999999999998,49.99999999999998,49.99999999999998,49.99999999999997,50.0,50.000000000000014,49.999999999999986,49.999999999999986,49.999999999999986,50.0,49.99999999999999,nan,nan,nan,nan,nan,nan,nan,49.99999999999999
181380.0,49.99999999999999,50.00000000000001,49.99999999999998,49.99999999999998,49.99999999999998,49.99999999999997,50.0,50.000000000000014,49.999999999999986,49.999999999999986,49.999999999999986,50.0,49.99999999999999,nan,nan,nan,nan,nan,nan,nan,49.99999999999999
181440.0,49.99999999999999,50.00000000000001,49.99999999999998,49.99999999999998,49.99999999999998,49.99999999999997,50.0,50.000000000000014,49.999999999999986,49.999999999999986,49.999999999999986,50.0,49.99999999999999,nan,nan,nan,nan,nan,nan,nan,49.99999999999999
181500.0,49.99999999999999,50.00000000000001,49.99999999999998,49.99999999999998,49.99999999999998,49.99999999999997,50.0,50.000000000000014,49.999999999999986,49.999999999999986,49.999999999999986,50.0,49.99999999999999,nan,nan,nan,nan,nan,nan,nan,49.99999999999999
181560.0,49.99999999999999,50.00000000000001,49.99999999999998,49.99999999999998,49.99999999999998,49.99999999999997,50.0,50.000000000000014,49.999999999999986,49.999999999999986,49.999999999999986,50.0,49.99999999999999,nan,nan,nan,nan,nan,nan,nan,49.99999999999999
181620.0,49.99999999999999,50.00000000000001,49.99999999999998,49.99999999999998,49.99999999999998,49.99999999999997,50.0,50.000000000000014,49.999999999999986,49.999999999999986,49.999999999999986,50.0,49.99999999999999,nan,nan,nan,nan,nan,nan,nan,49.99999999999999
181680.0,49.99999999999999,50.00000000000001,49.99999999999998,49.99999999999998,49.99999999999998,49.99999999999997,50.0,50.000000000000014,49.999999999999986,49.999999999999986,49.999999999999986,50.0,49.99999999999999,nan,nan,nan,nan,nan,nan,nan,49.99999999999999
181740.0,49.99999999999999,50.00000000000001,49.99999999999998,49.99999999999998,49.99999999999998,49.99999999999997,50.0,50.000000000000014,49.999999999999986,49.999999999999986,49.999999999999986,50.0,49.99999999999999,nan,nan,nan,nan,nan,nan,nan,49.99999999999999
181800.0,49.99999999999999,50.00000000000001,49.99999999999998,49.99999999999998,49.99999999999998,49.99999999999997,50.0,50.000000000000014,49.999999999999986,49.999999999999986,49.999999999999986,50.0,49.99999999999999,nan,nan,nan,nan,nan,nan,nan,49.99999999999999
181860.0,49.99999999999999,50.00000000000001,49.99999999999998,49.99999999999998,49.99999999999998,49.99999999999997,50.0,50.000000000000014,49.999999999999986,49.999999999999986,49.999999999999986,50.0,49.99999999999999,nan,nan,nan,nan,nan,nan,nan,49.99999999999999
181920.0,49.99999999999999,50.00000000000001,49.99999999999998,49.99999999999998,49.99999999999998,49.99999999999997,50.0,50.000000000000014,49.999999999999986,49.999999999999986,49.999999999999986,50.0,49.99999999999999,nan,nan,nan,nan,nan,nan,nan,49.99999999999999
181980.0,49.99999999999999,50.00000000000001,49.99999999999998,49.99999999999998,49.99999999999998,49.99999999999997,50.0,50.000000000000014,49.999999999999986,49.999999999999986,49.999999999999986,50.0,49.99999999999999,nan,nan,nan,nan,nan,nan,nan,49.99999999999999
182040.0,49.99999999999999,50.00000000000001,49.99999999999998,49.99999999999998,49.99999999999998,49.99999999999997,50.0,50.000000000000014,49.999999999999986,49.999999999999986,49.999999999999986,50.0,49.99999999999999,nan,nan,nan,nan,nan,nan,nan,49.99999999999999
182100.0,49.99999999999999,50.00000000000001,49.99999999999998,49.99999999999998,49.99999999999998,49.99999999999997,50.0,50.000000000000014,49.999999999999986,49.999999999999986,49.999999999999986,50.0,49.99999999999999,nan,nan,nan,nan,nan,nan,nan,49.99999999999999
182160.0,49.99999999999999,50.00000000000001,49.99999999999998,49.99999999999998,49.99999999999998,49.99999999999997,50.0,50.000000000000014,49.999999999999986,49.999999999999986,49.999999999999986,50.0,49.99999999999999,nan,nan,nan,nan,nan,nan,nan,49.99999999999999
182220.0,49.99999999999999,50.00000000000001,49.99999999999998,49.99999999999998,49.99999999999998,49.99999999999997,50.0,50.000000000000014,49.999999999999986,49.999999999999986,49.999999999999986,50.0,49.99999999999999,nan,nan,nan,nan,nan,nan,nan,49.99999999999999
182280.0,49.99999999999999,50.00000000000001,49.99999999999998,49.99999999999998,49.99999999999998,49.99999999999997,50.0,50.000000000000014,49.999999999999986,49.999999999999986,49.999999999999986,50.0,49.99999999999999,nan,nan,nan,nan,nan,nan,nan,49.99999999999999
182340.0,49.99999999999999,50.00000000000001,49.99999999999998,49.99999999999998,49.99999999999998,49.99999999999997,50.0,50.000000000000014,49.999999999999986,49.999999999999986,49.999999999999986,50.0,49.99999999999999,nan,nan,nan,nan,nan,nan,nan,49.99999999999999
182400.0,49.99999999999999,50.00000000000001,49.99999999999998,49.99999999999998,49.99999999999998,49.99999999999997,50.0,50.000000000000014,49.999999999999986,49.999999999999986,49.999999999999986,50.0,49.99999999999999,nan,nan,nan,nan,nan,nan,nan,49.99999999999999
182460.0,49.99999999999999,50.00000000000001,49.99999999999998,49.99999999999998,49.99999999999998,49.99999999999997,50.0,50.000000000000014,49.999999999999986,49.999999999999986,49.999999999999986,50.0,49.99999999999999,nan,nan,nan,nan,nan,nan,nan,49.99999999999999
182520.0,49.99999999999999,50.00000000000001,49.99999999999998,49.99999999999998,49.99999999999998,49.99999999999997,50.0,50.000000000000014,49.999999999999986,49.999999999999986,49.999999999999986,50.0,49.99999999999999,nan,nan,nan,nan,nan,nan,nan,49.99999999999999
182580.0,49.99999999999999,50.00000000000001,49.99999999999998,49.99999999999998,49.99999999999998,49.99999999999997,50.0,50.000000000000014,49.999999999999986,49.999999999999986,49.999999999999986,50.0,49.99999999999999,nan,nan,nan,nan,nan,nan,nan,49.99999999999999
182640.0,49.99999999999999,50.00000000000001,49.99999999999998,49.99999999999998,49.99999999999998,49.99999999999997,50.0,50.000000000000014,49.999999999999986,49.999999999999986,49.999999999999986,50.0,49.99999999999999,nan,nan,nan,nan,nan,nan,nan,49.99999999999999
182700.0,49.99999999999999,50.00000000000001,49.99999999999998,49.99999999999998,49.99999999999998,49.99999999999997,50.0,50.000000000000014,49.999999999999986,49.999999999999986,49.999999999999986,50.0,49.99999999999999,nan,nan,nan,nan,nan,nan,nan,49.99999999999999
182760.0,49.99999999999999,50.00000000000001,49.99999999999998,49.99999999999998,49.99999999999998,49.99999999999997,50.0,50.000000000000014,49.999999999999986,49.999999999999986,49.999999999999986,50.0,49.99999999999999,nan,nan,nan,nan,nan,nan,nan,49.99999999999999
182820.0,49.99999999999999,50.00000000000001,49.99999999999998,49.99999999999998,49.99999999999998,49.99999999999997,50.0,50.000000000000014,49.999999999999986,49.999999999999986,49.999999999999986,50.0,49.99999999999999,nan,nan,nan,nan,nan,nan,nan,49.99999999999999
182880.0,49.99999999999999,50.00000000000001,49.99999999999998,49.99999999999998,49.99999999999998,49.99999999999997,50.0,50.000000000000014,49.999999999999986,49.999999999999986,49.999999999999986,50.0,49.99999999999999,nan,nan,nan,nan,nan,nan,nan,49.99999999999999
182940.0,49.99999999999999,50.00000000000001,49.99999999999998,49.99999999999998,49.99999999999998,49.99999999999997,50.0,50.000000000000014,49.999999999999986,49.999999999999986,49.999999999999986,50.0,49.99999999999999,nan,nan,nan,nan,nan,nan,nan,49.99999999999999
183000.0,49.99999999999999,50.00000000000001,49.99999999999998,49.99999999999998,49.99999999999998,49.99999999999997,50.0,50.000000000000014,49.999999999999986,49.999999999999986,49.999999999999986,50.0,49.99999999999999,nan,nan,nan,nan,nan,nan,nan,49.99999999999999
183060.0,49.99999999999999,50.00000000000001,49.99999999999998,49.99999999999998,49.99999999999998,49.99999999999997,50.0,50.000000000000014,49.999999999999986,49.999999999999986,49.999999999999986,50.0,49.99999999999999,nan,nan,nan,nan,nan,nan,nan,49.99999999999999
183120.0,49.99999999999999,50.00000000000001,49.99999999999998,49.99999999999998,49.99999999999998,49.99999999999997,50.0,50.000000000000014,49.999999999999986,49.999999999999986,49.999999999999986,50.0,49.99999999999999,nan,nan,nan,nan,nan,nan,nan,49.99999999999999
183180.0,49.99999999999999,50.00000000000001,49.99999999999998,49.99999999999998,49.99999999999998,49.99999999999997,50.0,50.000000000000014,49.999999999999986,49.999999999999986,49.999999999999986,50.0,49.99999999999999,nan,nan,nan,nan,nan,nan,nan,49.99999999999999
183240.0,49.99999999999999,50.00000000000001,49.99999999999998,49.99999999999998,49.99999999999998,49.99999999999997,50.0,50.000000000000014,49.999999999999986,49.999999999999986,49.999999999999986,50.0,49.99999999999999,nan,nan,nan,nan,nan,nan,nan,49.99999999999999
183300.0,49.99999999999999,50.00000000000001,49.99999999999998,49.99999999999998,49.99999999999998,49.99999999999997,50.0,50.000000000000014,49.999999999999986,49.999999999999986,49.999999999999986,50.0,49.99999999999999,nan,nan,nan,nan,nan,nan,nan,49.99999999999999
183360.0,49.99999999999999,50.00000000000001,49.99999999999998,49.99999999999998,49.99999999999998,49.99999999999997,50.0,50.000000000000014,49.999999999999986,49.999999999999986,49.999999999999986,50.0,49.99999999999999,nan,nan,nan,nan,nan,nan,nan,49.99999999999999
183420.0,49.99999999999999,50.00000000000001,49.99999999999998,49.99999999999998,49.99999999999998,49.99999999999997,50.0,50.000000000000014,49.999999999999986,49.999999999999986,49.999999999999986,50.0,49.99999999999999,nan,nan,nan,nan,nan,nan,nan,49.99999999999999
183480.0,49.99999999999999,50.00000000000001,49.99999999999998,49.99999999999998,49.99999999999998,49.99999999999997,50.0,50.000000000000014,49.999999999999986,49.999999999999986,49.999999999999986,50.0,49.99999999999999,nan,nan,nan,nan,nan,nan,nan,49.99999999999999
183540.0,49.99999999999999,50.00000000000001,49.99999999999998,49.99999999999998,49.99999999999998,49.99999999999997,50.0,50.000000000000014,49.999999999999986,49.999999999999986,49.999999999999986,50.0,49.99999999999999,nan,nan,nan,nan,nan,nan,nan,49.99999999999999
183600.0,49.99999999999999,50.00000000000001,49.99999999999998,49.99999999999998,49.99999999999998,49.99999999999997,50.0,50.000000000000014,49.999999999999986,49.999999999999986,49.999999999999986,50.0,49.99999999999999,nan,nan,nan,nan,nan,nan,nan,49.99999999999999
183660.0,49.99999999999999,50.00000000000001,49.99999999999998,49.99999999999998,49.99999999999998,49.99999999999997,50.0,50.000000000000014,49.999999999999986,49.999999999999986,49.999999999999986,50.0,49.99999999999999,nan,nan,nan,nan,nan,nan,nan,49.99999999999999
183720.0,49.99999999999999,50.00000000000001,49.99999999999998,49.99999999999998,49.99999999999998,49.99999999999997,50.0,50.000000000000014,49.999999999999986,49.999999999999986,49.999999999999986,50.0,49.99999999999999,nan,nan,nan,nan,nan,nan,nan,49.99999999999999
183780.0,49.99999999999999,50.00000000000001,49.99999999999998,49.99999999999998,49.99999999999998,49.99999999999997,50.0,50.000000000000014,49.999999999999986,49.999999999999986,49.999999999999986,50.0,49.99999999999999,nan,nan,nan,nan,nan,nan,nan,49.99999999999999
183840.0,49.99999999999999,50.00000000000001,49.99999999999998,49.99999999999998,49.99999999999998,49.99999999999997,50.0,50.000000000000014,49.999999999999986,49.999999999999986,49.999999999999986,50.0,49.99999999999999,nan,nan,nan,nan,nan,nan,nan,49.99999999999999
183900.0,49.99999999999999,50.00000000000001,49.99999999999998,49.99999999999998,49.99999999999998,49.99999999999997,50.0,50.000000000000014,49.999999999999986,49.999999999999986,49.999999999999986,50.0,49.99999999999999,nan,nan,nan,nan,nan,nan,nan,49.99999999999999
183925.975983402,49.99999999999999,50.00000000000001,49.99999999999998,49.99999999999998,49.99999999999998,49.99999999999997,50.0,50.000000000000014,49.999999999999986,49.999999999999986,49.999999999999986,50.0,49.99999999999999,nan,nan,nan,nan,nan,nan,nan,49.99999999999999
