时间/s,0.0 cm,0.1 cm,0.2 cm,0.3 cm,0.4 cm,0.5 cm,0.6 cm,0.7 cm,0.8 cm,0.9 cm,1.0 cm,1.1 cm,1.2 cm,1.3 cm,1.4 cm,1.5 cm,1.6 cm,1.7 cm,1.8 cm,1.9 cm,2.0 cm
1,28.0000000000,28.0000000000,28.0000000000,28.0000000000,28.0000000000,28.0000000000,28.0000000000,28.0000000000,28.0000000000,28.0000000000,28.0000000000,28.0000000000,28.0000000000,28.0000000000,28.0000000000,28.0000000000,28.0000000000,28.0000000000,28.0000000095,28.0000032318,28.0001869477
2,28.0000000000,28.0000000000,28.0000000000,28.0000000000,28.0000000000,28.0000000000,28.0000000000,28.0000000000,28.0000000000,28.0000000000,28.0000000000,28.0000000000,28.0000000000,28.0000000000,28.0000000000,28.0000000000,28.0000000000,28.0000000085,28.0000009229,28.0000358078,28.0005255016
3,28.0000000000,28.0000000000,28.0000000000,28.0000000000,28.0000000000,28.0000000000,28.0000000000,28.0000000000,28.0000000000,28.0000000000,28.0000000000,28.0000000000,28.0000000000,28.0000000000,28.0000000000,28.0000000000,28.0000000034,28.0000002283,28.0000073091,28.0001153505,28.0009615502
4,28.0000000000,28.0000000000,28.0000000000,28.0000000000,28.0000000000,28.0000000000,28.0000000000,28.0000000000,28.0000000000,28.0000000000,28.0000000000,28.0000000000,28.0000000000,28.0000000000,28.0000000000,28.0000000011,28.0000000541,28.0000015490,28.0000252983,28.0002444316,28.0014755994
5,28.0000000000,28.0000000000,28.0000000000,28.0000000000,28.0000000000,28.0000000000,28.0000000000,28.0000000000,28.0000000000,28.0000000000,28.0000000000,28.0000000000,28.0000000000,28.0000000000,28.0000000003,28.0000000126,28.0000003354,28.0000055946,28.0000597376,28.0004218923,28.0020564029
6,28.0000000000,28.0000000000,28.0000000000,28.0000000000,28.0000000000,28.0000000000,28.0000000000,28.0000000000,28.0000000000,28.0000000000,28.0000000000,28.0000000000,28.0000000000,28.0000000001,28.0000000029,28.0000000737,28.0000012464,28.0000143189,28.0001139358,28.0006457091,28.0026963809
7,28.0000000000,28.0000000000,28.0000000000,28.0000000000,28.0000000000,28.0000000000,28.0000000000,28.0000000000,28.0000000000,28.0000000000,28.0000000000,28.0000000000,28.0000000000,28.0000000007,28.0000000164,28.0000002797,28.0000033942,28.0000296672,28.0001900519,28.0009137443,28.0033899737
8,28.0000000000,28.0000000000,28.0000000000,28.0000000000,28.0000000000,28.0000000000,28.0000000000,28.0000000000,28.0000000000,28.0000000000,28.0000000000,28.0000000000,28.0000000002,28.0000000037,28.0000000632,28.0000007999,28.0000075341,28.0000534092,28.0002894585,28.0012239646,28.0041328768
9,28.0000000000,28.0000000000,28.0000000000,28.0000000000,28.0000000000,28.0000000000,28.0000000000,28.0000000000,28.0000000000,28.0000000000,28.0000000000,28.0000000000,28.0000000008,28.0000000144,28.0000001880,28.0000018812,28.0000145028,28.0000870830,28.0004129982,28.0015745001,28.0049216301
10,28.0000000000,28.0000000000,28.0000000000,28.0000000000,28.0000000000,28.0000000000,28.0000000000,28.0000000000,28.0000000000,28.0000000000,28.0000000000,28.0000000002,28.0000000033,28.0000000442,28.0000004644,28.0000038398,28.0000251633,28.0001319925,28.0005611542,28.0019636502,28.0057533730
11,28.0000000000,28.0000000000,28.0000000000,28.0000000000,28.0000000000,28.0000000000,28.0000000000,28.0000000000,28.0000000000,28.0000000000,28.0000000000,28.0000000008,28.0000000104,28.0000001138,28.0000009979,28.0000070475,28.0000403668,28.0001892271,28.0007341633,28.0023898718,28.0066256895
12,28.0000000000,28.0000000000,28.0000000000,28.0000000000,28.0000000000,28.0000000000,28.0000000000,28.0000000000,28.0000000000,28.0000000000,28.0000000002,28.0000000025,28.0000000277,28.0000002558,28.0000019266,28.0000119163,28.0000609282,28.0002596894,28.0009320923,28.0028517630,28.0075365039
13,28.0000000000,28.0000000000,28.0000000000,28.0000000000,28.0000000000,28.0000000000,28.0000000000,28.0000000000,28.0000000000,28.0000000000,28.0000000006,28.0000000068,28.0000000649,28.0000005169,28.0000034194,28.0000188837,28.0000876119,28.0003441226,28.0011548895,28.0033480467,28.0084840079
14,28.0000000000,28.0000000000,28.0000000000,28.0000000000,28.0000000000,28.0000000000,28.0000000000,28.0000000000,28.0000000000,28.0000000001,28.0000000016,28.0000000164,28.0000001367,28.0000009592,28.0000056719,28.0000284006,28.0001211257,28.0004431348,28.0014024205,28.0038775550,28.0094666074
15,28.0000000000,28.0000000000,28.0000000000,28.0000000000,28.0000000000,28.0000000000,28.0000000000,28.0000000000,28.0000000000,28.0000000004,28.0000000041,28.0000000358,28.0000002643,28.0000016604,28.0000089028,28.0000409210,28.0001621182,28.0005572216,28.0016744930,28.0044392164,28.0104828842
16,28.0000000000,28.0000000000,28.0000000000,28.0000000000,28.0000000000,28.0000000000,28.0000000000,28.0000000000,28.0000000001,28.0000000010,28.0000000093,28.0000000718,28.0000004760,28.0000027136,28.0000133487,28.0000568947,28.0002111796,28.0006867840,28.0019708750,28.0050320435,28.0115315652
17,28.0000000000,28.0000000000,28.0000000000,28.0000000000,28.0000000000,28.0000000000,28.0000000000,28.0000000000,28.0000000003,28.0000000024,28.0000000193,28.0000001342,28.0000008081,28.0000042267,28.0000192604,28.0000767611,28.0002688443,28.0008321439,28.0022913068,28.0056551239,28.0126114996
18,28.0000000000,28.0000000000,28.0000000000,28.0000000000,28.0000000000,28.0000000000,28.0000000000,28.0000000001,28.0000000006,28.0000000052,28.0000000373,28.0000002361,28.0000013051,28.0000063209,28.0000268981,28.0001009455,28.0003355942,28.0009935570,28.0026355110,28.0063076111,28.0137216406
19,28.0000000000,28.0000000000,28.0000000000,28.0000000000,28.0000000000,28.0000000000,28.0000000000,28.0000000002,28.0000000014,28.0000000103,28.0000000679,28.0000003946,28.0000020200,28.0000091293,28.0000365286,28.0001298564,28.0004118627,28.0011712231,28.0030031987,28.0069887174,28.0148610307
20,28.0000000000,28.0000000000,28.0000000000,28.0000000000,28.0000000000,28.0000000000,28.0000000000,28.0000000004,28.0000000028,28.0000000193,28.0000001173,28.0000006312,28.0000030140,28.0000127954,28.0000484214,28.0001638834,28.0004980385,28.0013652957,28.0033940748,28.0076977079,28.0160287897
21,28.0000000000,28.0000000000,28.0000000000,28.0000000000,28.0000000000,28.0000000000,28.0000000001,28.0000000008,28.0000000054,28.0000000344,28.0000001936,28.0000009718,28.0000043564,28.0000174715,28.0000628467,28.0002033962,28.0005944693,28.0015758884,28.0038078412,28.0084338946,28.0172241047
22,28.0000000000,28.0000000000,28.0000000000,28.0000000000,28.0000000000,28.0000000000,28.0000000002,28.0000000015,28.0000000100,28.0000000585,28.0000003071,28.0000014471,28.0000061239,28.0000233170,28.0000800728,28.0002487448,28.0007014660,28.0018030821,28.0042441999,28.0091966321,28.0184462223
23,28.0000000000,28.0000000000,28.0000000000,28.0000000000,28.0000000000,28.0000000001,28.0000000004,28.0000000029,28.0000000174,28.0000000955,28.0000004707,28.0000020928,28.0000084005,28.0000304970,28.0001003647,28.0003002589,28.0008193056,28.0020469290,28.0047028546,28.0099853133,28.0196944414
24,28.0000000000,28.0000000000,28.0000000000,28.0000000000,28.0000000000,28.0000000001,28.0000000008,28.0000000052,28.0000000293,28.0000001504,28.0000006997,28.0000029492,28.0000112764,28.0000391809,28.0001239824,28.0003582484,28.0009482346,28.0023074579,28.0051835124,28.0107993660,28.0209681078
25,28.0000000000,28.0000000000,28.0000000000,28.0000000000,28.0000000000,28.0000000002,28.0000000015,28.0000000089,28.0000000474,28.0000002297,28.0000010124,28.0000040615,28.0000148479,28.0000495413,28.0001511799,28.0004230042,28.0010884721,28.0025846773,28.0056858845,28.0116382497,28.0222666089
26,28.0000000000,28.0000000000,28.0000000000,28.0000000000,28.0000000001,28.0000000005,28.0000000027,28.0000000148,28.0000000743,28.0000003409,28.0000014296,28.0000054796,28.0000192162,28.0000617524,28.0001822042,28.0004947985,28.0012402123,28.0028785784,28.0062096874,28.0125014527,28.0235893696
27,28.0000000000,28.0000000000,28.0000000000,28.0000000000,28.0000000001,28.0000000008,28.0000000046,28.0000000238,28.0000001130,28.0000004934,28.0000019756,28.0000072576,28.0000244873,28.0000759896,28.0002172953,28.0005738858,28.0014036266,28.0031891380,28.0067546429,28.0133884899,28.0249358488
28,28.0000000000,28.0000000000,28.0000000000,28.0000000000,28.0000000002,28.0000000014,28.0000000075,28.0000000370,28.0000001675,28.0000006981,28.0000026772,28.0000094543,28.0000307708,28.0000924282,28.0002566849,28.0006605039,28.0015788664,28.0035163205,28.0073204790,28.0142989005,28.0263055360
29,28.0000000000,28.0000000000,28.0000000000,28.0000000001,28.0000000004,28.0000000024,28.0000000120,28.0000000562,28.0000002425,28.0000009675,28.0000035644,28.0000121318,28.0000381797,28.0001112427,28.0003005966,28.0007548745,28.0017660644,28.0038600798,28.0079069294,28.0152322462,28.0276979485
30,28.0000000000,28.0000000000,28.0000000000,28.0000000001,28.0000000008,28.0000000039,28.0000000187,28.0000000832,28.0000003437,28.0000013162,28.0000046703,28.0000153565,28.0000468295,28.0001326064,28.0003492459,28.0008572039,28.0019653369,28.0042203609,28.0085137344,28.0161881090,28.0291126293
31,28.0000000000,28.0000000000,28.0000000000,28.0000000002,28.0000000013,28.0000000062,28.0000000283,28.0000001204,28.0000004776,28.0000017606,28.0000060307,28.0000191978,28.0000568381,28.0001566904,28.0004028396,28.0009676844,28.0021767851,28.0045971011,28.0091406401,28.0171660906,28.0305491447
32,28.0000000000,28.0000000000,28.0000000001,28.0000000004,28.0000000021,28.0000000096,28.0000000418,28.0000001709,28.0000006520,28.0000023189,28.0000076843,28.0000237283,28.0000683248,28.0001836636,28.0004615763,28.0010864948,28.0024004966,28.0049902315,28.0097873992,28.0181658099,28.0320070822
33,28.0000000000,28.0000000000,28.0000000001,28.0000000007,28.0000000033,28.0000000145,28.0000000605,28.0000002380,28.0000008757,28.0000030114,28.0000096726,28.0000290234,28.0000814100,28.0002136920,28.0005256463,28.0012138010,28.0026365464,28.0053996779,28.0104537704,28.0191869026,28.0334860493
34,28.0000000000,28.0000000001,28.0000000003,28.0000000011,28.0000000050,28.0000000214,28.0000000860,28.0000003259,28.0000011589,28.0000038603,28.0000120395,28.0000351610,28.0000962149,28.0002469383,28.0005952315,28.0013497573,28.0028849987,28.0058253612,28.0111395183,28.0202290196,28.0349856716
35,28.0000000001,28.0000000001,28.0000000004,28.0000000018,28.0000000076,28.0000000309,28.0000001200,28.0000004395,28.0000015128,28.0000048898,28.0000148318,28.0000422212,28.0001128611,28.0002835622,28.0006705061,28.0014945066,28.0031459074,28.0062671989,28.0118444136,28.0212918262,28.0365055916
36,28.0000000001,28.0000000002,28.0000000007,28.0000000027,28.0000000112,28.0000000440,28.0000001649,28.0000005841,28.0000019499,28.0000061258,28.0000180981,28.0000502859,28.0001314699,28.0003237195,28.0007516364,28.0016481816,28.0034193172,28.0067251053,28.0125682327,28.0223750010,28.0380454673
37,28.0000000002,28.0000000003,28.0000000010,28.0000000041,28.0000000162,28.0000000615,28.0000002231,28.0000007660,28.0000024842,28.0000075965,28.0000218898,28.0000594387,28.0001521627,28.0003675622,28.0008387810,28.0018109048,28.0037052644,28.0071989920,28.0133107578,28.0234782352,28.0396049715
38,28.0000000003,28.0000000005,28.0000000016,28.0000000061,28.0000000230,28.0000000847,28.0000002976,28.0000009923,28.0000031308,28.0000093317,28.0000262598,28.0000697646,28.0001750597,28.0004152387,28.0009320913,28.0019827899,28.0040037778,28.0076887686,28.0140717763,28.0246012316,28.0411837904
39,28.0000000004,28.0000000007,28.0000000024,28.0000000088,28.0000000323,28.0000001150,28.0000003920,28.0000012709,28.0000039062,28.0000113630,28.0000312632,28.0000813498,28.0002002808,28.0004668931,28.0010317115,28.0021639417,28.0043148794,28.0081943430,28.0148510812,28.0257437042,28.0427816229
40,28.0000000006,28.0000000011,28.0000000035,28.0000000125,28.0000000446,28.0000001540,28.0000005102,28.0000016106,28.0000048284,28.0000137239,28.0000369570,28.0000942814,28.0002279445,28.0005226659,28.0011377789,28.0023544572,28.0046385846,28.0087156217,28.0156484706,28.0269053773,28.0443981797
41,28.0000000010,28.0000000017,28.0000000051,28.0000000176,28.0000000607,28.0000002037,28.0000006567,28.0000020210,28.0000059166,28.0000164495,28.0000433994,28.0001086469,28.0002581680,28.0005826931,28.0012504243,28.0025544255,28.0049749035,28.0092525105,28.0164637475,28.0280859850,28.0460331826
42,28.0000000015,28.0000000025,28.0000000073,28.0000000243,28.0000000815,28.0000002662,28.0000008365,28.0000025127,28.0000071914,28.0000195766,28.0000506504,28.0001245348,28.0002910672,28.0006471071,28.0013697722,28.0027639289,28.0053238407,28.0098049141,28.0172967199,28.0292852705,28.0476863638
43,28.0000000022,28.0000000036,28.0000000103,28.0000000332,28.0000001082,28.0000003442,28.0000010552,28.0000030972,28.0000086745,28.0000231433,28.0000587712,28.0001420334,28.0003267564,28.0007160359,28.0014959407,28.0029830430,28.0056853964,28.0103727369,28.0181472003,28.0305029859,28.0493574654
44,28.0000000032,28.0000000052,28.0000000143,28.0000000448,28.0000001420,28.0000004406,28.0000013191,28.0000037870,28.0000103893,28.0000271895,28.0000678241,28.0001612315,28.0003653480,28.0007896039,28.0016290423,28.0032118372,28.0060595662,28.0109558831,28.0190150060,28.0317388913,28.0510462385
45,28.0000000046,28.0000000073,28.0000000196,28.0000000596,28.0000001844,28.0000005585,28.0000016350,28.0000045954,28.0000123601,28.0000317563,28.0000778725,28.0001822177,28.0004069528,28.0008679312,28.0017691839,28.0034503750,28.0064463419,28.0115542567,28.0198999584,28.0329927549,28.0527524430
46,28.0000000065,28.0000000102,28.0000000264,28.0000000786,28.0000002371,28.0000007018,28.0000020103,28.0000055369,28.0000146127,28.0000368861,28.0000889808,28.0002050804,28.0004516796,28.0009511342,28.0019164670,28.0036987145,28.0068457119,28.0121677617,28.0208018835,28.0342643520,28.0544758469
47,28.0000000091,28.0000000140,28.0000000354,28.0000001025,28.0000003020,28.0000008744,28.0000024533,28.0000066269,28.0000171739,28.0000426226,28.0001012139,28.0002299079,28.0004996353,28.0010393254,28.0020709877,28.0039569088,28.0072576612,28.0127963024,28.0217206110,28.0355534650,28.0562162262
48,28.0000000125,28.0000000189,28.0000000468,28.0000001323,28.0000003813,28.0000010808,28.0000029728,28.0000078816,28.0000200719,28.0000490106,28.0001146377,28.0002567879,28.0005509247,28.0011326135,28.0022328375,28.0042250060,28.0076821718,28.0134397833,28.0226559749,28.0368598830,28.0579733638
49,28.0000000170,28.0000000254,28.0000000613,28.0000001693,28.0000004774,28.0000013261,28.0000035783,28.0000093183,28.0000233359,28.0000560960,28.0001293184,28.0002858076,28.0006056506,28.0012311037,28.0024021030,28.0045030498,28.0081192232,28.0140981095,28.0236078128,28.0381834014,28.0597470499
50,28.0000000229,28.0000000337,28.0000000795,28.0000002148,28.0000005931,28.0000016156,28.0000042801,28.0000109553,28.0000269961,28.0000639256,28.0001453227,28.0003170535,28.0006639135,28.0013348973,28.0025788664,28.0047910798,28.0085687923,28.0147711865,28.0245759661,28.0395238216,28.0615370811
51,28.0000000305,28.0000000443,28.0000001022,28.0000002702,28.0000007314,28.0000019552,28.0000050891,28.0000128116,28.0000310840,28.0000725472,28.0001627177,28.0003506116,28.0007258122,28.0014440924,28.0027632055,28.0050891315,28.0090308539,28.0154589202,28.0255602799,28.0408809508,28.0633432603
52,28.0000000402,28.0000000577,28.0000001302,28.0000003373,28.0000008957,28.0000023514,28.0000060170,28.0000149074,28.0000356319,28.0000820093,28.0001815707,28.0003865669,28.0007914428,28.0015587834,28.0029551941,28.0053972368,28.0095053807,28.0161612175,28.0265606025,28.0422546017,28.0651653964
53,28.0000000524,28.0000000745,28.0000001646,28.0000004181,28.0000010897,28.0000028111,28.0000070762,28.0000172636,28.0000406732,28.0000923613,28.0002019491,28.0004250037,28.0008608997,28.0016790616,28.0031549018,28.0057154240,28.0099923436,28.0168779856,28.0275767857,28.0436445922,28.0670033038
54,28.0000000678,28.0000000953,28.0000002066,28.0000005146,28.0000013174,28.0000033417,28.0000082798,28.0000199021,28.0000462421,28.0001036532,28.0002239205,28.0004660051,28.0009342749,28.0018050149,28.0033623948,28.0060437183,28.0104917119,28.0176091328,28.0286086847,28.0450507450,28.0688568025
55,28.0000000870,28.0000001210,28.0000002573,28.0000006292,28.0000015832,28.0000039512,28.0000096417,28.0000228457,28.0000523737,28.0001159357,28.0002475523,28.0005096535,28.0010116582,28.0019367279,28.0035777355,28.0063821417,28.0110034533,28.0183545679,28.0296561575,28.0464728878,28.0707257173
56,28.0000001106,28.0000001524,28.0000003183,28.0000007646,28.0000018919,28.0000046482,28.0000111763,28.0000261179,28.0000591039,28.0001292597,28.0002729119,28.0005560301,28.0010931376,28.0020742825,28.0038009829,28.0067307133,28.0115275342,28.0191142007,28.0307190653,28.0479108528,28.0726098783
57,28.0000001397,28.0000001907,28.0000003913,28.0000009236,28.0000022487,28.0000054417,28.0000128991,28.0000297432,28.0000664696,28.0001436771,28.0003000666,28.0006052151,28.0011787986,28.0022177572,28.0040321928,28.0070894496,28.0120639197,28.0198879418,28.0317972723,28.0493644766,28.0745091200
58,28.0000001751,28.0000002369,28.0000004779,28.0000011094,28.0000026591,28.0000063413,28.0000148259,28.0000337467,28.0000745080,28.0001592398,28.0003290834,28.0006572875,28.0012687248,28.0023672280,28.0042714176,28.0074583646,28.0126125740,28.0206757026,28.0328906454,28.0508335999,28.0764232814
59,28.0000002179,28.0000002924,28.0000005803,28.0000013254,28.0000031292,28.0000073573,28.0000169734,28.0000381543,28.0000832573,28.0001760001,28.0003600292,28.0007123253,28.0013629976,28.0025227678,28.0045187072,28.0078374697,28.0131734600,28.0214773954,28.0339990544,28.0523180675,28.0783522058
60,28.0000002695,28.0000003586,28.0000007007,28.0000015754,28.0000036654,28.0000085004,28.0000193591,28.0000429929,28.0000927563,28.0001940109,28.0003929702,28.0007704052,28.0014616965,28.0026844468,28.0047741081,28.0082267743,28.0137465399,28.0222929336,28.0351223716,28.0538177280,28.0802957407
61,28.0000003312,28.0000004372,28.0000008415,28.0000018635,28.0000042745,28.0000097819,28.0000220010,28.0000482898,28.0001030442,28.0002133248,28.0004279727,28.0008316028,28.0015648987,28.0028523327,28.0050376645,28.0086262855,28.0143317750,28.0231222312,28.0362604743,28.0553332498,28.0823018214
62,28.0000004045,28.0000005301,28.0000010054,28.0000021940,28.0000049637,28.0000112137,28.0000249178,28.0000540731,28.0001141611,28.0002339951,28.0004651021,28.0008959923,28.0016726797,28.0030264905,28.0053094178,28.0090360085,28.0149291260,28.0239652055,28.0374134681,28.0568712396,28.0843613592
63,28.0000004913,28.0000006393,28.0000011954,28.0000025716,28.0000057409,28.0000128084,28.0000281289,28.0000603716,28.0001261473,28.0002560750,28.0005044237,28.0009636470,28.0017851128,28.0032069830,28.0055894070,28.0094559467,28.0155385536,28.0248218244,28.0385824115,28.0584360940,28.0864601730
64,28.0000005935,28.0000007669,28.0000014146,28.0000030014,28.0000066142,28.0000145789,28.0000316544,28.0000672147,28.0001390435,28.0002796177,28.0005460021,28.0010346386,28.0019022696,28.0033938702,28.0058776686,28.0098861020,28.0161600287,28.0256922339,28.0397687671,28.0600283328,28.0885931118
65,28.0000007131,28.0000009155,28.0000016666,28.0000034888,28.0000075923,28.0000165388,28.0000355149,28.0000746324,28.0001528912,28.0003046766,28.0005899015,28.0011090379,28.0020242194,28.0035872101,28.0061742370,28.0103264766,28.0167935571,28.0265767704,28.0409736680,28.0616475221,28.0907571462
66,28.0000008527,28.0000010877,28.0000019551,28.0000040396,28.0000086842,28.0000187024,28.0000397316,28.0000826553,28.0001677319,28.0003313050,28.0006361854,28.0011869142,28.0021510300,28.0037870584,28.0064791448,28.0107770791,28.0174392004,28.0274758562,28.0421978528,28.0632930089,28.0929501934
67,28.0000010146,28.0000012864,28.0000022840,28.0000046600,28.0000098995,28.0000210842,28.0000443265,28.0000913145,28.0001836077,28.0003595563,28.0006849166,28.0012683357,28.0022827673,28.0039934685,28.0067924244,28.0112379308,28.0180970728,28.0283899120,28.0434417665,28.0649641144,28.0951706933
68,28.0000012018,28.0000015149,28.0000026578,28.0000053563,28.0000112483,28.0000236995,28.0000493220,28.0001006417,28.0002005608,28.0003894835,28.0007361577,28.0013533693,28.0024194953,28.0042064925,28.0071141096,28.0117090711,28.0187673269,28.0293193146,28.0447056533,28.0666601892,28.0974174121
69,28.0000014174,28.0000017766,28.0000030812,28.0000061356,28.0000127411,28.0000265642,28.0000547411,28.0001106689,28.0002186339,28.0004211399,28.0007899701,28.0014420806,28.0025612764,28.0044261810,28.0074442380,28.0121905577,28.0194501356,28.0302643815,28.0459896233,28.0683806291,28.0996893362
70,28.0000016645,28.0000020751,28.0000035590,28.0000070052,28.0000143889,28.0000296946,28.0000606075,28.0001214287,28.0002378696,28.0004545783,28.0008464150,28.0015345341,28.0027081715,28.0046525843,28.0077828530,28.0126824652,28.0201456784,28.0312253710,28.0472936958,28.0701248758,28.1019856092
71,28.0000019469,28.0000024145,28.0000040966,28.0000079728,28.0000162030,28.0000331075,28.0000669451,28.0001329543,28.0002583111,28.0004898516,28.0009055526,28.0016307931,28.0028602401,28.0048857532,28.0081300045,28.0131848813,28.0208541318,28.0322024873,28.0486178285,28.0718924143,28.1043054916
72,28.0000022683,28.0000027991,28.0000046996,28.0000090463,28.0000181956,28.0000368204,28.0000737786,28.0001452789,28.0002800015,28.0005270123,28.0009674426,28.0017309197,28.0030175409,28.0051257399,28.0084857491,28.0136979030,28.0215756624,28.0331958871,28.0499619374,28.0736827684,28.1066483344
73,28.0000026330,28.0000032335,28.0000053741,28.0000102345,28.0000203788,28.0000408512,28.0000811332,28.0001584365,28.0003029842,28.0005661127,28.0010321440,28.0018349750,28.0031801320,28.0053725982,28.0088501495,28.0142216328,28.0223104241,28.0342056869,28.0513259096,28.0754954965,28.1090135596
74,28.0000030453,28.0000037226,28.0000061263,28.0000115461,28.0000227657,28.0000452181,28.0000890344,28.0001724612,28.0003273025,28.0006072049,28.0010997149,28.0019430194,28.0033480713,28.0056263843,28.0092232742,28.0147561758,28.0230585557,28.0352319694,28.0527096127,28.0773301872,28.1114006471
75,28.0000035102,28.0000042716,28.0000069630,28.0000129905,28.0000253695,28.0000499402,28.0000975082,28.0001873874,28.0003529999,28.0006503406,28.0011702131,28.0020551121,28.0035214166,28.0058871567,28.0096051959,28.0153016370,28.0238201810,28.0362747894,28.0541129013,28.0791864563,28.1138091240
76,28.0000040326,28.0000048861,28.0000078913,28.0000145775,28.0000282041,28.0000550369,28.0001065811,28.0002032500,28.0003801201,28.0006955715,28.0012436955,28.0021713123,28.0037002262,28.0061549764,28.0099959908,28.0158581194,28.0245954085,28.0373341778,28.0555356210,28.0810639434,28.1162385574
77,28.0000046179,28.0000055720,28.0000089185,28.0000163173,28.0000312836,28.0000605279,28.0001162801,28.0002200841,28.0004087067,28.0007429486,28.0013202187,28.0022916784,28.0038845590,28.0064299065,28.0103957370,28.0164257225,28.0253843326,28.0384101462,28.0569776123,28.0829623095,28.1186885476
78,28.0000052720,28.0000063356,28.0000100527,28.0000182204,28.0000346229,28.0000664335,28.0001266324,28.0002379250,28.0004388032,28.0007925231,28.0013998386,28.0024162687,28.0040744745,28.0067120120,28.0108045141,28.0170045417,28.0261870339,28.0395026900,28.0584387125,28.0848812346,28.1211587243
79,28.0000060009,28.0000071835,28.0000113018,28.0000202979,28.0000382371,28.0000727746,28.0001376657,28.0002568083,28.0004704533,28.0008443455,28.0014826108,28.0025451412,28.0042700330,28.0070013598,28.0112224022,28.0175946671,28.0270035808,28.0406117911,28.0599187575,28.0868204157,28.1236487416
80,28.0000068110,28.0000081226,28.0000126746,28.0000225611,28.0000421419,28.0000795724,28.0001494082,28.0002767698,28.0005037007,28.0008984663,28.0015685906,28.0026783540,28.0044712957,28.0072980178,28.0116494808,28.0181961833,28.0278340300,28.0417374202,28.0614175831,28.0887795653,28.1261582759
81,28.0000077092,28.0000091603,28.0000141801,28.0000250220,28.0000463532,28.0000868484,28.0001618881,28.0002978455,28.0005385889,28.0009549358,28.0016578329,28.0028159653,28.0046783243,28.0076020550,28.0120858285,28.0188091694,28.0286784279,28.0428795385,28.0629350258,28.0907584100,28.1286870226
82,28.0000087026,28.0000103044,28.0000158276,28.0000276929,28.0000508876,28.0000946246,28.0001751343,28.0003200716,28.0005751615,28.0010138038,28.0017503926,28.0029580335,28.0048911812,28.0079135407,28.0125315224,28.0194336985,28.0295368113,28.0440380996,28.0644709235,28.0927566889,28.1312346943
83,28.0000097988,28.0000115628,28.0000176269,28.0000305864,28.0000557620,28.0001029237,28.0001891759,28.0003434845,28.0006134621,28.0010751203,28.0018463243,28.0031046168,28.0051099295,28.0082325447,28.0129866377,28.0200698383,28.0304092088,28.0452130506,28.0660251160,28.0947741529,28.1338010189
84,28.0000110057,28.0000129441,28.0000195883,28.0000337157,28.0000609937,28.0001117683,28.0002040422,28.0003681206,28.0006535343,28.0011389350,28.0019456824,28.0032557741,28.0053346326,28.0085591364,28.0134512473,28.0207176507,28.0312956407,28.0464043332,28.0675974450,28.0968105634,28.1363857381
85,28.0000123315,28.0000144572,28.0000217222,28.0000370944,28.0000666006,28.0001211817,28.0002197628,28.0003940167,28.0006954216,28.0012052974,28.0020485216,28.0034115641,28.0055653544,28.0088933851,28.0139254217,28.0213771923,28.0321961209,28.0476118849,28.0691877551,28.0988656916,28.1389886057
86,28.0000137850,28.0000161113,28.0000240398,28.0000407363,28.0000726008,28.0001311876,28.0002363679,28.0004212096,28.0007391675,28.0012742569,28.0021548962,28.0035720458,28.0058021585,28.0092353592,28.0144092288,28.0220485143,28.0331106566,28.0488356392,28.0707958931,28.1009393179,28.1416093871
87,28.0000153752,28.0000179160,28.0000265524,28.0000446560,28.0000790129,28.0001418098,28.0002538875,28.0004497362,28.0007848156,28.0013458632,28.0022648608,28.0037372783,28.0060451091,28.0095851264,28.0149027335,28.0227316632,28.0340392497,28.0500755269,28.0724217085,28.1030312309,28.1442478578
88,28.0000171115,28.0000198814,28.0000292718,28.0000488681,28.0000858559,28.0001530726,28.0002723522,28.0004796337,28.0008324095,28.0014201654,28.0023784699,28.0039073209,28.0062942698,28.0099427533,28.0154059981,28.0234266805,28.0349818967,28.0513314761,28.0740650538,28.1051412269,28.1469038029
89,28.0000190039,28.0000220179,28.0000322102,28.0000533878,28.0000931492,28.0001650007,28.0002917928,28.0005109392,28.0008819926,28.0014972131,28.0024957779,28.0040822329,28.0065497043,28.0103083052,28.0159190820,28.0241336035,28.0359385897,28.0526034131,28.0757257839,28.1072691096,28.1495770161
90,28.0000210626,28.0000243364,28.0000353803,28.0000582308,28.0001009124,28.0001776191,28.0003122401,28.0005436902,28.0009336087,28.0015770556,28.0026168394,28.0042620734,28.0068114756,28.0106818461,28.0164420415,28.0248524649,28.0369093169,28.0538912625,28.0774037567,28.1094146893,28.1522672989
91,28.0000232982,28.0000268481,28.0000387951,28.0000634131,28.0001091658,28.0001909531,28.0003337255,28.0005779241,28.0009873014,28.0016597422,28.0027417089,28.0044469017,28.0070796465,28.0110634386,28.0169749302,28.0255832939,28.0378940624,28.0551949478,28.0790988328,28.1115777827,28.1549744605
92,28.0000257218,28.0000295646,28.0000424679,28.0000689510,28.0001179299,28.0002050282,28.0003562803,28.0006136785,28.0010431144,28.0017453223,28.0028704409,28.0046367769,28.0073542791,28.0114531437,28.0175177988,28.0263261154,28.0388928073,28.0565143914,28.0808108753,28.1137582122,28.1576983167
93,28.0000283447,28.0000324980,28.0000464127,28.0000748614,28.0001272255,28.0002198705,28.0003799363,28.0006509912,28.0011010915,28.0018338453,28.0030030900,28.0048317577,28.0076354347,28.0118510208,28.0180706953,28.0270809511,28.0399055296,28.0578495152,28.0825397502,28.1159558060,28.1604386899
94,28.0000311790,28.0000356607,28.0000506436,28.0000811614,28.0001370739,28.0002355061,28.0004047254,28.0006899002,28.0011612765,28.0019253606,28.0031397107,28.0050319029,28.0079231741,28.0122571275,28.0186336649,28.0278478194,28.0409322047,28.0592002403,28.0842853260,28.1181703975,28.1631954084
95,28.0000342367,28.0000390656,28.0000551753,28.0000878685,28.0001474965,28.0002519615,28.0004306796,28.0007304434,28.0012237132,28.0020199176,28.0032803572,28.0052372706,28.0082175569,28.0126715198,28.0192067499,28.0286267354,28.0419728057,28.0605664878,28.0860474737,28.1204018247,28.1659683061
96,28.0000375307,28.0000427260,28.0000600228,28.0000950008,28.0001585155,28.0002692636,28.0004578313,28.0007726590,28.0012884456,28.0021175659,28.0034250839,28.0054479189,28.0085186422,28.0130942520,28.0197899905,28.0294177115,28.0430273032,28.0619481784,28.0878260669,28.1226499307,28.1687572220
97,28.0000410738,28.0000466553,28.0000652014,28.0001025765,28.0001701529,28.0002874395,28.0004862131,28.0008165852,28.0013555178,28.0022183546,28.0035739450,28.0056639052,28.0088264878,28.0135253765,28.0203834241,28.0302207572,28.0440956662,28.0633452330,28.0896209816,28.1249145625,28.1715620004
98,28.0000448797,28.0000508678,28.0000707271,28.0001106142,28.0001824314,28.0003065164,28.0005158577,28.0008622606,28.0014249738,28.0023223334,28.0037269944,28.0058852867,28.0091411506,28.0139649442,28.0209870855,28.0310358795,28.0451778620,28.0647575725,28.0914320961,28.1271955718,28.1743824899
99,28.0000489620,28.0000553778,28.0000766159,28.0001191331,28.0001953740,28.0003265221,28.0005467980,28.0009097236,28.0014968577,28.0024295514,28.0038842859,28.0061121197,28.0094626864,28.0144130039,28.0216010077,28.0318630832,28.0462738561,28.0661851180,28.0932592912,28.1294928138,28.1772185435
100,28.0000533351,28.0000602002,28.0000828845,28.0001281526,28.0002090038,28.0003474845,28.0005790672,28.0009590130,28.0015712138,28.0025400581,28.0040458730,28.0063444603,28.0097911500,28.0148696030,28.0222252209,28.0327023707,28.0473836127,28.0676277907,28.0951024496,28.1318061478,28.1800700185
101,28.0000580137,28.0000653502,28.0000895497,28.0001376923,28.0002233445,28.0003694318,28.0006126987,28.0010101675,28.0016480863,28.0026539027,28.0042118092,28.0065823638,28.0101265950,28.0153347868,28.0228597535,28.0335537422,28.0485070951,28.0690855125,28.0969614566,28.1341354363,28.1829367761
102,28.0000630126,28.0000708434,28.0000966289,28.0001477725,28.0002384199,28.0003923923,28.0006477261,28.0010632262,28.0017275194,28.0027711344,28.0043821473,28.0068258849,28.0104690738,28.0158085993,28.0235046316,28.0344171961,28.0496442650,28.0705582054,28.0988361993,28.1364805456,28.1858186810
103,28.0000683475,28.0000766957,28.0001041399,28.0001584136,28.0002542542,28.0004163949,28.0006841830,28.0011182281,28.0018095575,28.0028918023,28.0045569402,28.0070750778,28.0108186379,28.0162910826,28.0241598795,28.0352927291,28.0507950834,28.0720457920,28.1007265670,28.1388413451,28.1887156018
104,28.0000740339,28.0000829236,28.0001121006,28.0001696364,28.0002708719,28.0004414684,28.0007221034,28.0011752123,28.0018942449,28.0030159553,28.0047362402,28.0073299957,28.0111753373,28.0167822771,28.0248255194,28.0361803359,28.0519595105,28.0735481955,28.1026324510,28.1412177071,28.1916274101
105,28.0000800883,28.0000895438,28.0001205295,28.0001814621,28.0002882979,28.0004676420,28.0007615215,28.0012342182,28.0019816261,28.0031436424,28.0049200992,28.0075906913,28.0115392210,28.0172822216,28.0255015719,28.0370800100,28.0531375056,28.0750653393,28.1045537445,28.1436095071,28.1945539809
106,28.0000865271,28.0000965735,28.0001294454,28.0001939120,28.0003065571,28.0004949452,28.0008024716,28.0012952851,28.0020717452,28.0032749120,28.0051085689,28.0078572165,28.0119103367,28.0177909536,28.0261880555,28.0379917430,28.0543290274,28.0765971477,28.1064903428,28.1460166235,28.1974951922
107,28.0000933672,28.0001040302,28.0001388675,28.0002070082,28.0003256751,28.0005234077,28.0008449881,28.0013584527,28.0021646468,28.0034098129,28.0053017005,28.0081296224,28.0122887312,28.0183085086,28.0268849873,28.0389155254,28.0555340339,28.0781435456,28.1084421427,28.1484389372,28.2004509249
108,28.0001006261,28.0001119316,28.0001488151,28.0002207726,28.0003456774,28.0005530594,28.0008891057,28.0014237603,28.0022603750,28.0035483933,28.0054995447,28.0084079592,28.0126744497,28.0188349209,28.0275923828,28.0398513462,28.0567524828,28.0797044583,28.1104090431,28.1508763319,28.2034210627
109,28.0001083213,28.0001202962,28.0001593083,28.0002352279,28.0003665900,28.0005839305,28.0009348592,28.0014912478,28.0023589743,28.0036907013,28.0057021518,28.0086922766,28.0130675365,28.0193702232,28.0283102557,28.0407991935,28.0579843312,28.0812798118,28.1123909445,28.1533286936,28.2064054920
110,28.0001164710,28.0001291424,28.0001703672,28.0002503967,28.0003884393,28.0006160514,28.0009822837,28.0015609549,28.0024604889,28.0038367848,28.0059095715,28.0089826232,28.0134680347,28.0199144468,28.0290386186,28.0417590539,28.0592295358,28.0828695330,28.1143877490,28.1557959108,28.2094041016
111,28.0001250936,28.0001384893,28.0001820124,28.0002663021,28.0004112516,28.0006494526,28.0010314143,28.0016329213,28.0025649629,28.0039866915,28.0061218533,28.0092790470,28.0138759863,28.0204676217,28.0297774823,28.0427309132,28.0604880531,28.0844735492,28.1163993606,28.1582778746,28.2124167829
112,28.0001342079,28.0001483561,28.0001942647,28.0002829677,28.0004350538,28.0006841651,28.0010822863,28.0017071871,28.0026724405,28.0041404688,28.0063390459,28.0095815950,28.0142914319,28.0210297763,28.0305268566,28.0437147561,28.0617598392,28.0860917883,28.1184256847,28.1607744778,28.2154434296
113,28.0001438331,28.0001587626,28.0002071453,28.0003004171,28.0004598731,28.0007202198,28.0011349351,28.0017837920,28.0027829657,28.0042981638,28.0065611975,28.0098903134,28.0147144112,28.0216009378,28.0312867498,28.0447105665,28.0630448501,28.0877241793,28.1204666283,28.1632856157,28.2184839377
114,28.0001539885,28.0001697287,28.0002206759,28.0003186744,28.0004857366,28.0007576481,28.0011893964,28.0018627762,28.0028965825,28.0044598234,28.0067883558,28.0102052476,28.0151449628,28.0221811323,28.0320571691,28.0457183272,28.0643430415,28.0893706513,28.1225220999,28.1658111856,28.2215382053
115,28.0001646942,28.0001812749,28.0002348783,28.0003377638,28.0005126720,28.0007964814,28.0012457058,28.0019441795,28.0030133347,28.0046254940,28.0070205681,28.0105264423,28.0155831240,28.0227703843,28.0328381205,28.0467380206,28.0656543691,28.0910311347,28.1245920096,28.1683510868,28.2246061324
116,28.0001759702,28.0001934218,28.0002497747,28.0003577101,28.0005407072,28.0008367513,28.0013038992,28.0020280421,28.0031332660,28.0047952219,28.0072578810,28.0108539410,28.0160289312,28.0233687173,28.0336296087,28.0477696279,28.0669787884,28.0927055601,28.1266762688,28.1709052204,28.2276876215
117,28.0001878372,28.0002061905,28.0002653877,28.0003785382,28.0005698702,28.0008784898,28.0013640126,28.0021144038,28.0032564200,28.0049690529,28.0075003404,28.0111877868,28.0164824196,28.0239761537,28.0344316377,28.0488131300,28.0683162549,28.0943938591,28.1287747903,28.1734734896,28.2307825766
118,28.0002003160,28.0002196024,28.0002817401,28.0004002732,28.0006001893,28.0009217289,28.0014260821,28.0022033049,28.0033828401,28.0051470327,28.0077479918,28.0115280216,28.0169436235,28.0245927145,28.0352442101,28.0498685069,28.0696667239,28.0960959638,28.1308874883,28.1760557991,28.2338909036
119,28.0002134278,28.0002336791,28.0002988550,28.0004229407,28.0006316933,28.0009665009,28.0014901437,28.0022947853,28.0035125695,28.0053292064,28.0080008801,28.0118746866,28.0174125761,28.0252184198,28.0360673277,28.0509357380,28.0710301509,28.0978118071,28.1330142784,28.1786520556,28.2370125105
120,28.0002271943,28.0002484427,28.0003167560,28.0004465665,28.0006644108,28.0010128381,28.0015562339,28.0023888850,28.0036456515,28.0055156188,28.0082590495,28.0122278223,28.0178893095,28.0258532887,28.0369009915,28.0520148024,28.0724064913,28.0995413225,28.1351550774,28.1812621673,28.2401473067
121,28.0002416371,28.0002639157,28.0003354668,28.0004711765,28.0006983710,28.0010607731,28.0016243889,28.0024856441,28.0037821289,28.0057063144,28.0085225438,28.0125874681,28.0183738549,28.0264973390,28.0377452014,28.0531056783,28.0737957004,28.1012844442,28.1373098006,28.1838850119,28.2432343913
122,28.0002567787,28.0002801205,28.0003550115,28.0004967972,28.0007336032,28.0011103387,28.0016946452,28.0025851024,28.0039220445,28.0059013372,28.0087914059,28.0129536629,28.0188662425,28.0271505878,28.0385999565,28.0542083438,28.0751977340,28.1030411045,28.1394780784,28.1865119633,28.2462849884
123,28.0002726414,28.0002970803,28.0003754145,28.0005234550,28.0007701367,28.0011615678,28.0017670393,28.0026872999,28.0040654407,28.0061007310,28.0090656784,28.0133264446,28.0193665016,28.0278130509,28.0394652552,28.0553227763,28.0766125463,28.1048111731,28.1416583411,28.1891371958,28.2493167685
124,28.0002892481,28.0003148184,28.0003967004,28.0005511770,28.0008080015,28.0012144935,28.0018416078,28.0027922764,28.0042123599,28.0063045390,28.0093454030,28.0137058503,28.0198746605,28.0284847435,28.0403410950,28.0564489525,28.0780400789,28.1065942967,28.1438485115,28.1917597928,28.2523359878
125,28.0003066221,28.0003333583,28.0004188942,28.0005799902,28.0008472273,28.0012691489,28.0019183874,28.0029000717,28.0043628443,28.0065128040,28.0096306211,28.0140919163,28.0203907467,28.0291656796,28.0412274726,28.0575868461,28.0794802280,28.1083898827,28.1460469334,28.1943800493,28.2553462247
126,28.0003247867,28.0003527240,28.0004420211,28.0006099218,28.0008878444,28.0013255675,28.0019974146,28.0030107255,28.0045169356,28.0067255686,28.0099213733,28.0144846782,28.0209147866,28.0298558725,28.0421243835,28.0587364205,28.0809328193,28.1101972319,28.1482524532,28.1969985421,28.2583498662
127,28.0003437656,28.0003729397,28.0004661067,28.0006409997,28.0009298831,28.0013837827,28.0020787262,28.0031242774,28.0046746755,28.0069428748,28.0102176996,28.0148841709,28.0214468059,28.0305553344,28.0430318204,28.0598976209,28.0823976112,28.1120156489,28.1504642927,28.1996158865,28.2613486433
128,28.0003635831,28.0003940298,28.0004911767,28.0006732516,28.0009733738,28.0014438280,28.0021623590,28.0032407671,28.0048361055,28.0071647642,28.0105196394,28.0152904282,28.0219868294,28.0312640764,28.0439497707,28.0610703677,28.0838743137,28.1138444958,28.1526819311,28.2022326647,28.2643438793
129,28.0003842634,28.0004160193,28.0005172573,28.0007067056,28.0010183474,28.0015057372,28.0022483497,28.0033602338,28.0050012666,28.0073912779,28.0108272315,28.0157034835,28.0225348809,28.0319821074,28.0448782140,28.0622545558,28.0853626106,28.1156832110,28.1549050211,28.2048494072,28.2673366243
130,28.0004058312,28.0004389331,28.0005443747,28.0007413900,28.0010648347,28.0015695442,28.0023367351,28.0034827169,28.0051701997,28.0076224569,28.0111405143,28.0161233692,28.0230909831,28.0327094338,28.0458171201,28.0634500574,28.0868621773,28.1175313100,28.1571333334,28.2074665903,28.2703277340
131,28.0004283114,28.0004627966,28.0005725556,28.0007773334,28.0011128669,28.0016352829,28.0024275520,28.0036082557,28.0053429455,28.0078583413,28.0114595251,28.0165501170,28.0236551575,28.0334460581,28.0467664476,28.0646567264,28.0883726932,28.1193883784,28.1593667201,28.2100846405,28.2733179207
132,28.0004517293,28.0004876355,28.0006018268,28.0008145646,28.0011624750,28.0017029873,28.0025208372,28.0037368892,28.0055195442,28.0080989710,28.0117843012,28.0169837578,28.0242274238,28.0341919783,28.0477261440,28.0658744031,28.0898938497,28.1212540637,28.1616050896,28.2127039393,28.2763077871
133,28.0004761104,28.0005134757,28.0006322154,28.0008531126,28.0012136907,28.0017726915,28.0026166275,28.0038686564,28.0057000360,28.0083443856,28.0121148787,28.0174243214,28.0248077997,28.0349471869,28.0486961463,28.0671029195,28.0914253550,28.1231280656,28.1638483895,28.2153248287,28.2792978499
134,28.0005014804,28.0005403434,28.0006637488,28.0008930065,28.0012665454,28.0018444298,28.0027149597,28.0040035960,28.0058844606,28.0085946240,28.0124512935,28.0178718366,28.0253963005,28.0357116709,28.0496763823,28.0683421032,28.0929669356,28.1250101286,28.1660965958,28.2179476163,28.2822885572
135,28.0005278654,28.0005682650,28.0006964546,28.0009342757,28.0013210708,28.0019182364,28.0028158704,28.0041417468,28.0060728575,28.0088497247,28.0127935805,28.0183263309,28.0259929387,28.0364854116,28.0506667719,28.0695917802,28.0945183379,28.1269000342,28.1683497038,28.2205725793,28.2852803009
136,28.0005552917,28.0005972671,28.0007303605,28.0009769500,28.0013772989,28.0019941456,28.0029193965,28.0042831473,28.0062652658,28.0091097258,28.0131417739,28.0187878303,28.0265977237,28.0372683846,28.0516672285,28.0708517782,28.0960793273,28.1287975956,28.1706077229,28.2231999686,28.2882734266
137,28.0005837859,28.0006273769,28.0007654947,28.0010210591,28.0014352616,28.0020721919,28.0030255745,28.0044278357,28.0064617245,28.0093746648,28.0134959072,28.0192563592,28.0272106616,28.0380605599,28.0526776608,28.0721219279,28.0976496877,28.1307026521,28.1728706723,28.2258300117,28.2912682413
138,28.0006133748,28.0006586214,28.0008018855,28.0010666329,28.0014949910,28.0021524098,28.0031344412,28.0045758504,28.0066622721,28.0096445788,28.0138560128,28.0197319404,28.0278317553,28.0388619028,28.0536979737,28.0734020643,28.0992292202,28.1326150652,28.1751385776,28.2284629157,28.2942650189
139,28.0006440856,28.0006910282,28.0008395613,28.0011137017,28.0015565195,28.0022348337,28.0032460331,28.0047272293,28.0068669469,28.0099195042,28.0142221222,28.0202145945,28.0284610040,28.0396723741,28.0547280698,28.0746920283,28.1008177420,28.1345347153,28.1774114694,28.2310988694,28.2972640053
140,28.0006759454,28.0007246249,28.0008785510,28.0011622958,28.0016198794,28.0023194983,28.0033603867,28.0048820102,28.0070757866,28.0101994768,28.0145942658,28.0207043403,28.0290984040,28.0404919307,28.0557678503,28.0759916665,28.1024150851,28.1364614982,28.1796893806,28.2337380454,28.3002654223
141,28.0007089820,28.0007594394,28.0009188834,28.0012124458,28.0016851032,28.0024064380,28.0034775385,28.0050402307,28.0072888288,28.0104845319,28.0149724727,28.0212011943,28.0297439481,28.0413205259,28.0568172160,28.0773008317,28.1040210952,28.1383953233,28.1819723464,28.2363806021,28.3032694706
142,28.0007432232,28.0007954999,28.0009605876,28.0012641823,28.0017522236,28.0024956876,28.0035975249,28.0052019284,28.0075061106,28.0107747039,28.0153567708,28.0217051710,28.0303976259,28.0421581105,28.0578760678,28.0786193836,28.1056356300,28.1403361114,28.1842604024,28.2390266846,28.3062763324
143,28.0007786968,28.0008328347,28.0010036931,28.0013175362,28.0018212731,28.0025872817,28.0037203821,28.0053671403,28.0077276687,28.0110700266,28.0157471867,28.0222162826,28.0310594244,28.0430046326,28.0589443075,28.0799471880,28.1072585586,28.1422837928,28.1865535844,28.2416764268,28.3092861737
144,28.0008154313,28.0008714726,28.0010482294,28.0013725384,28.0018922847,28.0026812550,28.0038461465,28.0055359035,28.0079535393,28.0113705329,28.0161437455,28.0227345392,28.0317293278,28.0438600386,28.0600218382,28.0812841173,28.1088897603,28.1442383063,28.1888519280,28.2443299518,28.3122991463
145,28.0008534551,28.0009114422,28.0010942263,28.0014292202,28.0019652911,28.0027776420,28.0039748540,28.0057082546,28.0081837582,28.0116762549,28.0165464712,28.0232599487,28.0324073177,28.0447242736,28.0611085646,28.0826300501,28.1105291235,28.1461995977,28.1911554682,28.2469873734,28.3153153892
146,28.0008927969,28.0009527725,28.0011417135,28.0014876129,28.0020403255,28.0028764775,28.0041065407,28.0058842302,28.0084183606,28.0119872237,28.0169553858,28.0237925170,28.0330933738,28.0455972813,28.0622043935,28.0839848708,28.1121765450,28.1481676188,28.1934642388,28.2496487967,28.3183350299
147,28.0009334857,28.0009954929,28.0011907212,28.0015477478,28.0021174207,28.0029777960,28.0042412425,28.0060638663,28.0086573813,28.0123034697,28.0173705103,28.0243322480,28.0337874734,28.0464790049,28.0633092337,28.0853484699,28.1138319293,28.1501423268,28.1957782726,28.2523143190,28.3213581858
148,28.0009755505,28.0010396326,28.0012412798,28.0016096565,28.0021966100,28.0030816324,28.0043789951,28.0062471989,28.0089008544,28.0126250220,28.0177918639,28.0248791436,28.0344895924,28.0473693870,28.0644229965,28.0867207430,28.1154951875,28.1521236832,28.1980976014,28.2549840307,28.3243849651
149,28.0010190206,28.0010852214,28.0012934195,28.0016733708,28.0022779265,28.0031880211,28.0045198341,28.0064342634,28.0091488133,28.0129519089,28.0182194645,28.0254332039,28.0351997048,28.0482683703,28.0655455954,28.0881015912,28.1171662372,28.1541116538,28.2004222553,28.2576580152,28.3274154675
150,28.0010639256,28.0011322890,28.0013471711,28.0017389223,28.0023614034,28.0032969967,28.0046637949,28.0066250951,28.0094012912,28.0132841578,28.0186533284,28.0259944273,28.0359177835,28.0491758973,28.0666769466,28.0894909205,28.1188450017,28.1561062073,28.2027522633,28.2603363505,28.3304497853
151,28.0011102952,28.0011808653,28.0014025651,28.0018063431,28.0024470741,28.0034085938,28.0048109127,28.0068197287,28.0096583201,28.0136217948,28.0190934706,28.0265628106,28.0366438002,28.0500919109,28.0678169687,28.0908886414,28.1205314091,28.1581073157,28.2050876529,28.2630191085,28.3334880040
152,28.0011581592,28.0012309805,28.0014596327,28.0018756651,28.0025349717,28.0035228468,28.0049612227,28.0070181987,28.0099199316,28.0139648451,28.0195399046,28.0271383491,28.0373777254,28.0510163544,28.0689655830,28.0922946689,28.1222253925,28.1601149533,28.2074284504,28.2657063565,28.3365302027
153,28.0012075477,28.0012826650,28.0015184047,28.0019469205,28.0026251297,28.0036397901,28.0051147596,28.0072205390,28.0101861567,28.0143133328,28.0199926426,28.0277210366,28.0381195289,28.0519491716,28.0701227131,28.0937089222,28.1239268892,28.1621290968,28.2097746805,28.2683981571,28.3395764548
154,28.0012584909,28.0013359492,28.0015789123,28.0020201414,28.0027175813,28.0037594581,28.0052715581,28.0074267832,28.0104570255,28.0146672809,28.0204516953,28.0283108656,28.0388691800,28.0528903071,28.0712882852,28.0951313244,28.1256358402,28.1641497247,28.2121263666,28.2710945683,28.3426268286
155,28.0013110193,28.0013908636,28.0016411869,28.0020953602,28.0028123601,28.0038818850,28.0054316526,28.0076369645,28.0107325675,28.0150267116,28.0209170724,28.0289078277,28.0396266472,28.0538397061,28.0724622280,28.0965618022,28.1273521904,28.1661768172,28.2144835308,28.2737956445,28.3456813874
156,28.0013651633,28.0014474392,28.0017052599,28.0021726091,28.0029094993,28.0040071049,28.0055950772,28.0078511155,28.0110128112,28.0153916457,28.0213887821,28.0295119129,28.0403918986,28.0547973149,28.0736444724,28.0980002857,28.1290758877,28.1682103560,28.2168461938,28.2765014360,28.3487401902
157,28.0014209537,28.0015057068,28.0017711628,28.0022519207,28.0030090323,28.0041351518,28.0057618657,28.0080692683,28.0112977847,28.0157621033,28.0218668317,28.0301231107,28.0411649023,28.0557630805,28.0748349518,28.0994467083,28.1308068829,28.1702503241,28.2192143754,28.2792119901,28.3518032918
158,28.0014784213,28.0015656975,28.0018389272,28.0023333274,28.0031109925,28.0042660596,28.0059320518,28.0082914547,28.0115875151,28.0161381032,28.0223512272,28.0307414094,28.0419456259,28.0567369510,28.0760336017,28.1009010065,28.1325451298,28.1722967054,28.2215880936,28.2819273505,28.3548707432
159,28.0015375971,28.0016274424,28.0019085849,28.0024168618,28.0032154132,28.0043998622,28.0061056687,28.0085177057,28.0118820288,28.0165196634,28.0228419736,28.0313667967,28.0427340369,28.0577188754,28.0772403600,28.1023631196,28.1342905843,28.1743494851,28.2239673658,28.2846475584,28.3579425920
160,28.0015985123,28.0016909730,28.0019801678,28.0025025564,28.0033223277,28.0045365930,28.0062827494,28.0087480520,28.0121813514,28.0169068010,28.0233390748,28.0319992593,28.0435301029,28.0587088038,28.0784551664,28.1038329895,28.1360432049,28.1764086489,28.2263522078,28.2873726517,28.3610188826
161,28.0016611981,28.0017563206,28.0020537078,28.0025904439,28.0034317693,28.0046762854,28.0064633265,28.0089825238,28.0124855079,28.0172995320,28.0238425339,28.0326387836,28.0443337916,28.0597066873,28.0796779629,28.1053105609,28.1378029522,28.1784741836,28.2287426345,28.2901026662,28.3640996563
162,28.0017256858,28.0018235168,28.0021292370,28.0026805569,28.0035437710,28.0048189729,28.0066474323,28.0092211504,28.0127945224,28.0176978715,28.0243523530,28.0332853550,28.0451450707,28.0607124781,28.0809086933,28.1067957804,28.1395697884,28.1805460762,28.2311386599,28.2928376349,28.3671849514
163,28.0017920071,28.0018925932,28.0022067873,28.0027729281,28.0036583662,28.0049646884,28.0068350987,28.0094639610,28.0131084182,28.0181018338,28.0248685335,28.0339389589,28.0459639080,28.0617261294,28.0821473033,28.1082885972,28.1413436778,28.1826243147,28.2335402966,28.2955775889,28.3702748040
164,28.0018601934,28.0019635816,28.0022863910,28.0028675902,28.0037755877,28.0051134648,28.0070263574,28.0097109840,28.0134272180,28.0185114322,28.0253910759,28.0345995798,28.0467902717,28.0627475956,28.0833937405,28.1097889625,28.1431245863,28.1847088872,28.2359475567,28.2983225569,28.3733692474
165,28.0019302764,28.0020365138,28.0023680803,28.0029645758,28.0038954686,28.0052653347,28.0072212395,28.0099622473,28.0137509436,28.0189266795,28.0259199799,28.0352672022,28.0476241301,28.0637768320,28.0846479542,28.1112968294,28.1449124812,28.1867997826,28.2383604510,28.3010725657,28.3764683129
166,28.0020022881,28.0021114218,28.0024518875,28.0030639177,28.0040180418,28.0054203306,28.0074197758,28.0102177781,28.0140796163,28.0193475873,28.0264552446,28.0359418099,28.0484654519,28.0648137950,28.0859098953,28.1128121529,28.1467073311,28.1888969898,28.2407789896,28.3038276404,28.3795720294
167,28.0020762602,28.0021883376,28.0025378448,28.0031656484,28.0041433399,28.0055784847,28.0076219968,28.0104776033,28.0144132564,28.0197741667,28.0269968685,28.0366233867,28.0493142060,28.0658584420,28.0871795163,28.1143348898,28.1485091063,28.1910004983,28.2432031817,28.3065878041,28.3826804240
168,28.0021522247,28.0022672932,28.0026259847,28.0032698005,28.0042713956,28.0057398290,28.0078279324,28.0107417490,28.0147518838,28.0202064280,28.0275448495,28.0373119162,28.0501703618,28.0669107316,28.0884567714,28.1158649983,28.1503177778,28.1931102976,28.2456330356,28.3093530783,28.3857935219
169,28.0022302137,28.0023483208,28.0027163394,28.0033764068,28.0044022414,28.0059043950,28.0080376125,28.0110102409,28.0150955176,28.0206443807,28.0280991848,28.0380073815,28.0510338891,28.0679706230,28.0897416159,28.1174024383,28.1521333179,28.1952263778,28.2480685589,28.3121234833,28.3889113465
170,28.0023102592,28.0024314525,28.0028089414,28.0034854996,28.0045359097,28.0060722144,28.0082510661,28.0112831041,28.0154441761,28.0210880337,28.0286598712,28.0387097660,28.0519047578,28.0690380768,28.0910340070,28.1189471714,28.1539557002,28.1973487288,28.2505097585,28.3148990374,28.3920339196
171,28.0023923934,28.0025167205,28.0029038230,28.0035971116,28.0046724327,28.0062433182,28.0084683220,28.0115603630,28.0157978772,28.0215373954,28.0292269051,28.0394190525,28.0527829385,28.0701130543,28.0923339027,28.1204991600,28.1557848988,28.1994773409,28.2529566405,28.3176797579,28.3951612615
172,28.0024766486,28.0026041573,28.0030010167,28.0037112750,28.0048118424,28.0064177373,28.0086894087,28.0118420416,28.0161566379,28.0219924734,28.0298002823,28.0401352242,28.0536684022,28.0711955179,28.0936412628,28.1220583684,28.1576208889,28.2016122045,28.2554092103,28.3204656608,28.3982933909
173,28.0025630568,28.0026937949,28.0031005548,28.0038280223,28.0049541707,28.0065955024,28.0089143542,28.0121281635,28.0165204748,28.0224532747,28.0303799984,28.0408582639,28.0545611202,28.0722854307,28.0949560479,28.1236247616,28.1594636465,28.2037533102,28.2578674728,28.3232567607,28.4014303253
174,28.0026516505,28.0027856658,28.0032024697,28.0039473857,28.0050994494,28.0067766437,28.0091431858,28.0124187513,28.0168894037,28.0229198058,28.0309660484,28.0415881546,28.0554610644,28.0733827570,28.0962782200,28.1251983062,28.1613131485,28.2059006486,28.2603314321,28.3260530711,28.4045720807
175,28.0027424619,28.0028798022,28.0033067937,28.0040693974,28.0052477099,28.0069611913,28.0093759309,28.0127138277,28.0172634401,28.0233920728,28.0315584272,28.0423248792,28.0563682069,28.0744874617,28.0976077423,28.1267789696,28.1631693723,28.2080542103,28.2628010918,28.3288546046,28.4077186721
176,28.0028355234,28.0029762365,28.0034135591,28.0041940895,28.0053989836,28.0071491749,28.0096126161,28.0130134142,28.0176425987,28.0238700811,28.0321571291,28.0430684205,28.0572825205,28.0755995106,28.0989445789,28.1283667202,28.1650322960,28.2102139862,28.2652764548,28.3316613724,28.4108701134
177,28.0029308672,28.0030750010,28.0035227982,28.0043214938,28.0055533017,28.0073406237,28.0098532676,28.0133175323,28.0180268936,28.0243538357,28.0327621485,28.0438187618,28.0582039784,28.0767188704,28.1002886949,28.1299615276,28.1669018985,28.2123799671,28.2677575237,28.3344733851,28.4140264170
178,28.0030285256,28.0031761280,28.0036345431,28.0044516422,28.0057106950,28.0075355671,28.0100979113,28.0136262029,28.0184163387,28.0248433411,28.0333734791,28.0445758858,28.0591325541,28.0778455086,28.1016400567,28.1315633622,28.1687781590,28.2145521438,28.2702443004,28.3372906522,28.4171875948
179,28.0031285311,28.0032796498,28.0037488261,28.0045845665,28.0058711942,28.0077340336,28.0103465727,28.0139394461,28.0188109470,28.0253386015,28.0339911149,28.0453397760,28.0600682217,28.0789793933,28.1029986312,28.1331721952,28.1706610575,28.2167305073,28.2727367862,28.3401131822,28.4203536575
180,28.0032309157,28.0033855986,28.0038656791,28.0047202982,28.0060348300,28.0079360517,28.0105992767,28.0142572818,28.0192107313,28.0258396206,28.0346150492,28.0461104154,28.0610109557,28.0801204936,28.1043643865,28.1347879988,28.1725505744,28.2189150486,28.2752349822,28.3429409831,28.4235246147
181,28.0033357119,28.0034940065,28.0039851341,28.0048588687,28.0062016324,28.0081416496,28.0108560480,28.0145797294,28.0196157037,28.0263464016,28.0352452753,28.0468877874,28.0619607311,28.0812687792,28.1057372916,28.1364107458,28.1744466905,28.2211057584,28.2777388866,28.3457732278,28.4266513308
182,28.0034429518,28.0036049059,28.0041072231,28.0050003093,28.0063716315,28.0083508550,28.0111169107,28.0149068077,28.0200258760,28.0268589476,28.0358817866,28.0476718756,28.0629175231,28.0824242204,28.1071173161,28.1380404099,28.1763493873,28.2233026258,28.2802482662,28.3486030228,28.4297429549
183,28.0035526676,28.0037183287,28.0042319778,28.0051446512,28.0065448572,28.0085636954,28.0113818885,28.0152385352,28.0204412595,28.0273772611,28.0365245758,28.0484626635,28.0638813077,28.0835867885,28.1085044306,28.1396769654,28.1782586454,28.2255055884,28.2827619160,28.3514257361,28.4328138438
184,28.0036648914,28.0038343070,28.0043594300,28.0052919252,28.0067213389,28.0087801979,28.0116510049,28.0155749298,28.0208618650,28.0279013445,28.0371736361,28.0492601348,28.0648520611,28.0847564551,28.1098986063,28.1413203870,28.1801744357,28.2277144032,28.2852782201,28.3542407011,28.4358691277
185,28.0037796553,28.0039528727,28.0044896111,28.0054421621,28.0069011059,28.0090003893,28.0119242828,28.0159160091,28.0212877030,28.0284311996,28.0378289600,28.0500642735,28.0658297600,28.0859331927,28.1112998152,28.1429706479,28.1820966923,28.2299286333,28.2877959013,28.3570482282,28.4389117714
186,28.0038969912,28.0040740577,28.0046225527,28.0055953926,28.0070841873,28.0092242960,28.0122017448,28.0162617901,28.0217187836,28.0289668282,28.0384905404,28.0508750637,28.0668143814,28.0871169742,28.1127080295,28.1446277141,28.1840252931,28.2321477552,28.2903140873,28.3598488543,28.4419437745
187,28.0040169310,28.0041978937,28.0047582861,28.0057516470,28.0072706119,28.0094519443,28.0124834130,28.0166122896,28.0221551163,28.0295082318,28.0391583697,28.0516924894,28.0678059028,28.0883077732,28.1141232203,28.1462915372,28.1859600613,28.2343712476,28.2928322080,28.3626431453,28.4449666051
188,28.0041395066,28.0043244125,28.0048968424,28.0059109557,28.0074604081,28.0096833598,28.0127693091,28.0169675237,28.0225967105,28.0300554114,28.0398324405,28.0525165352,28.0688043022,28.0895055635,28.1155453557,28.1479620502,28.1879007817,28.2365986354,28.2953499001,28.3654316391,28.4479814001
189,28.0042647497,28.0044536456,28.0050382527,28.0060733485,28.0076536042,28.0099185681,28.0130594547,28.0173275084,28.0230435752,28.0306083680,28.0405127453,28.0533471855,28.0698095577,28.0907103183,28.1169743986,28.1496391659,28.1898472177,28.2388295046,28.2978669393,28.3682148298,28.4509890736
190,28.0043926918,28.0045856244,28.0051825480,28.0062388553,28.0078502283,28.0101575942,28.0133538707,28.0176922592,28.0234957189,28.0311671022,28.0411992765,28.0541844251,28.0708216478,28.0919220101,28.1184103048,28.1513227794,28.1917991260,28.2410635031,28.3003831957,28.3709931667,28.4539903817
191,28.0045233645,28.0047203802,28.0053297588,28.0064075057,28.0080503079,28.0104004630,28.0136525777,28.0180617911,28.0239531499,28.0317316146,28.0418920265,28.0550282387,28.0718405506,28.0931406092,28.1198530225,28.1530127717,28.1937562671,28.2433003347,28.3028986039,28.3737670571,28.4569859626
192,28.0046567992,28.0048579443,28.0054799159,28.0065793291,28.0082538706,28.0106471989,28.0139555959,28.0184361189,28.0244158762,28.0323019054,28.0425909875,28.0558786113,28.0728662443,28.0943660834,28.1213024915,28.1547090137,28.1957184109,28.2455397527,28.3054131430,28.3765368707,28.4599763647
193,28.0047930270,28.0049983476,28.0056330496,28.0067543547,28.0084609435,28.0108978262,28.0142629454,28.0188152570,28.0248839054,28.0328779747,28.0432961519,28.0567355278,28.0738987060,28.0955983974,28.1227586442,28.1564113698,28.1976853409,28.2477815524,28.3079268230,28.3793029439,28.4629620655
194,28.0049320791,28.0051416212,28.0057891902,28.0069326114,28.0086715535,28.0111523685,28.0145746457,28.0191992194,28.0253572448,28.0334598224,28.0440075119,28.0575989727,28.0749379122,28.0968375120,28.1242214066,28.1581197017,28.1996568559,28.2500255645,28.3104396754,28.3820655838,28.4659434854
195,28.0050739865,28.0052877956,28.0059483676,28.0071141280,28.0088857272,28.0114108494,28.0148907159,28.0195880197,28.0258359016,28.0340474483,28.0447250596,28.0584689307,28.0759838377,28.0980833847,28.1256906990,28.1598338703,28.2016327704,28.2522716492,28.3129517468,28.3848250719,28.4689209986
196,28.0052187800,28.0054369016,28.0061106118,28.0072989329,28.0091034909,28.0116732920,28.0152111749,28.0199816714,28.0263198825,28.0346408517,28.0454487871,28.0593453857,28.0770364559,28.0993359692,28.1271664373,28.1615537380,28.2036129143,28.2545196918,28.3154630940,28.3875816672,28.4718949402
197,28.0053664903,28.0055889695,28.0062759523,28.0074870544,28.0093248707,28.0119397192,28.0155360413,28.0203801875,28.0268091941,28.0352400322,28.0461786860,28.0602283210,28.0780957386,28.1005952158,28.1286485342,28.1632791706,28.2055971327,28.2567695984,28.3179737806,28.3903356086,28.4748656131
198,28.0055171478,28.0057440296,28.0064444188,28.0076785205,28.0095498924,28.0122101535,28.0158653332,28.0207835806,28.0273038426,28.0358449889,28.0469147478,28.0611177195,28.0791616555,28.1018610717,28.1301369006,28.1650100377,28.2075852845,28.2590212922,28.3204838750,28.3930871171,28.4778332922
199,28.0056707828,28.0059021119,28.0066160403,28.0078733590,28.0097785814,28.0124846172,28.0161990684,28.0211918632,28.0278038341,28.0364557206,28.0476569638,28.0620135629,28.0802341746,28.1031334813,28.1316314457,28.1667462137,28.2095772415,28.2612747115,28.3229934482,28.3958363982,28.4807982287
200,28.0058274256,28.0060632464,28.0067908460,28.0080715975,28.0100109629,28.0127631321,28.0165372646,28.0216050475,28.0283091743,28.0370722260,28.0484053248,28.0629158322,28.0813132620,28.1044123869,28.1331320786,28.1684875783,28.2115728877,28.2635298064,28.3255025728,28.3985836431,28.4837606531
201,28.0059871061,28.0062274628,28.0069688646,28.0082732632,28.0102470619,28.0130457199,28.0168799389,28.0220231451,28.0288198687,28.0376945036,28.0491598209,28.0638245071,28.0823988818,28.1056977286,28.1346387085,28.1702340168,28.2135721177,28.2657865377,28.3280113219,28.4013290303,28.4867207777
202,28.0061498541,28.0063947904,28.0071501249,28.0084783832,28.0104869030,28.0133324018,28.0172271082,28.0224461676,28.0293359225,28.0383225513,28.0499204419,28.0647395666,28.0834909966,28.1069894451,28.1361512457,28.1719854200,28.2155748362,28.2680448748,28.3305197685,28.4040727269,28.4896787992
203,28.0063156992,28.0065652588,28.0073346552,28.0086869842,28.0107305105,28.0136231987,28.0175787891,28.0228741263,28.0298573407,28.0389563670,28.0506871769,28.0656609882,28.0845895674,28.1082874740,28.1376696014,28.1737416841,28.2175809568,28.2703047946,28.3330279847,28.4068148894,28.4926348999
204,28.0064846707,28.0067388968,28.0075224837,28.0088990928,28.0109779086,28.0139181315,28.0179349979,28.0233070320,28.0303841278,28.0395959479,28.0514600145,28.0665887486,28.0856945539,28.1095917521,28.1391936886,28.1755027109,28.2195904014,28.2725662800,28.3355360420,28.4095556653,28.4955892496
205,28.0066567980,28.0069157335,28.0077136383,28.0091147353,28.0112291209,28.0142172204,28.0182957507,28.0237448955,28.0309162882,28.0402412911,28.0522389424,28.0675228232,28.0868059143,28.1109022156,28.1407234223,28.1772684078,28.2216030991,28.2748293194,28.3380440103,28.4122951931,28.4985420070
206,28.0068321099,28.0070957975,28.0079081468,28.0093339377,28.0114841711,28.0145204855,28.0186610630,28.0241877269,28.0314538259,28.0408923929,28.0530239477,28.0684631865,28.0879236058,28.1122188007,28.1422587195,28.1790386867,28.2236189859,28.2770939057,28.3405519580,28.4150336038,28.5014933206
207,28.0070106352,28.0072791173,28.0081060365,28.0095567258,28.0117430824,28.0148279467,28.0190309504,28.0246355364,28.0319967446,28.0415492494,28.0538150167,28.0694098120,28.0890475847,28.1135414436,28.1437994995,28.1808134650,28.2256380038,28.2793600356,28.3430599522,28.4177710210,28.5044433295
208,28.0071924025,28.0074657211,28.0083073349,28.0097831250,28.0120058777,28.0151396234,28.0194054278,28.0250883336,28.0325450475,28.0422118560,28.0546121352,28.0703626722,28.0901778066,28.1148700808,28.1453456839,28.1825926644,28.2276601000,28.2816277089,28.3455680581,28.4205075617,28.5073921650
209,28.0073774402,28.0076556369,28.0085120688,28.0100131607,28.0122725797,28.0154555348,28.0197845100,28.0255461279,28.0330987375,28.0428802078,28.0554152878,28.0713217386,28.0913142265,28.1162046493,28.1468971970,28.1843762113,28.2296852270,28.2838969284,28.3480763392,28.4232433368,28.5103399503
210,28.0075657764,28.0078488925,28.0087202650,28.0102468578,28.0125432108,28.0157756999,28.0201682116,28.0260089284,28.0336578171,28.0435542992,28.0562244588,28.0722869822,28.0924567988,28.1175450868,28.1484539652,28.1861640359,28.2317133416,28.2861676990,28.3505848571,28.4259784518,28.5132868022
211,28.0077574389,28.0080455155,28.0089319501,28.0104842410,28.0128177931,28.0161001372,28.0205565467,28.0264767439,28.0342222885,28.0442341241,28.0570396317,28.0732583729,28.0936054776,28.1188913316,28.1500159176,28.1879560729,28.2337444048,28.2884400277,28.3530936720,28.4287130066,28.5162328307
212,28.0079524554,28.0082455332,28.0091471504,28.0107253349,28.0130963484,28.0164288651,28.0209495292,28.0269495827,28.0347921533,28.0449196758,28.0578607891,28.0742358802,28.0947602170,28.1202433231,28.1515829858,28.1897522603,28.2357783812,28.2907139232,28.3556028421,28.4314470966,28.5191781403
213,28.0081508534,28.0084489726,28.0093658917,28.0109701636,28.0133788984,28.0167619017,28.0213471726,28.0274274528,28.0353674127,28.0456109471,28.0586879131,28.0752194730,28.0959209709,28.1216010017,28.1531551037,28.1915525398,28.2378152386,28.2929893954,28.3581124239,28.4341808125,28.5221228300
214,28.0083526600,28.0086558607,28.0095882000,28.0112187510,28.0136654642,28.0170992645,28.0217494902,28.0279103618,28.0359480676,28.0463079302,28.0595209853,28.0762091196,28.0970876931,28.1229643088,28.1547322077,28.1933568565,28.2398549481,28.2952664557,28.3606224723,28.4369142409,28.5250669938
215,28.0085579023,28.0088662239,28.0098141007,28.0114711209,28.0139560669,28.0174409712,28.0221564949,28.0283983172,28.0365341183,28.0470106169,28.0603599864,28.0772047878,28.0982603378,28.1243331870,28.1563142364,28.1951651585,28.2418974835,28.2975451162,28.3631330404,28.4396474644,28.5280107212
216,28.0087666068,28.0090800888,28.0100436191,28.0117272966,28.0142507273,28.0177870388,28.0225681992,28.0288913259,28.0371255647,28.0477189981,28.0612048967,28.0782064454,28.0994388592,28.1257075799,28.1579011308,28.1969773969,28.2439428209,28.2998253900,28.3656441799,28.4423805621,28.5309540974
217,28.0089788002,28.0092974813,28.0102767803,28.0119873013,28.0145494656,28.0181374841,28.0229846155,28.0293893942,28.0377224062,28.0484330646,28.0620556961,28.0792140595,28.1006232120,28.1270874327,28.1594928341,28.1987935254,28.2459909390,28.3021072907,28.3681559407,28.4451136094,28.5338972035
218,28.0091945086,28.0095184274,28.0105136089,28.0122511578,28.0148523022,28.0184923237,28.0234057556,28.0298925285,28.0383246418,28.0491528065,28.0629123638,28.0802275971,28.1018133510,28.1284726915,28.1610892916,28.2006135005,28.2480418183,28.3043908327,28.3706683714,28.4478466786,28.5368401171
219,28.0094137581,28.0097429526,28.0107541295,28.0125188888,28.0151592568,28.0188515739,28.0238316311,28.0304007345,28.0389322700,28.0498782132,28.0637748787,28.0812470252,28.1030092317,28.1298633038,28.1626904508,28.2024372808,28.2500954413,28.3066760307,28.3731815189,28.4505798392,28.5397829121
220,28.0096365743,28.0099710824,28.0109983663,28.0127905166,28.0154703490,28.0192152505,28.0242622533,28.0309140175,28.0395452889,28.0506092738,28.0646432193,28.0822723105,28.1042108098,28.1312592183,28.1642962610,28.2042648276,28.2521517923,28.3089628996,28.3756954288,28.4533131576,28.5427256595
221,28.0098629827,28.0102028419,28.0112463434,28.0130660631,28.0157855982,28.0195833691,28.0246976330,28.0314323824,28.0401636961,28.0513459771,28.0655173635,28.0833034198,28.1054180417,28.1326603850,28.1659066736,28.2060961041,28.2542108571,28.3112514547,28.3782101453,28.4560466975,28.5456684268
222,28.0100930086,28.0104382558,28.0114980843,28.0133455503,28.0161050232,28.0199559451,28.0251377808,28.0319558339,28.0407874887,28.0520883111,28.0663972892,28.0843403197,28.1066308844,28.1340667553,28.1675216418,28.2079310754,28.2562726229,28.3135417116,28.3807257113,28.4587805202,28.5486112791
223,28.0103266770,28.0106773489,28.0117536126,28.0136289996,28.0164286430,28.0203329933,28.0255827068,28.0324843761,28.0414166634,28.0528362637,28.0672829739,28.0853829771,28.1078492953,28.1354782816,28.1691411206,28.2097697087,28.2583370783,28.3158336859,28.3832421683,28.4615146845,28.5515542785
224,28.0105640125,28.0109201454,28.0120129515,28.0139164323,28.0167564757,28.0207145285,28.0260324209,28.0330180127,28.0420512166,28.0535898222,28.0681743948,28.0864313589,28.1090732327,28.1368949178,28.1707650667,28.2116119727,28.2604042130,28.3181273932,28.3857595565,28.4642492471,28.5544974847
225,28.0108050397,28.0111666694,28.0122761238,28.0142078693,28.0170885396,28.0211005649,28.0264869325,28.0335567472,28.0426911441,28.0543489735,28.0690715289,28.0874854320,28.1103026552,28.1383166187,28.1723934384,28.2134578382,28.2624740179,28.3204228492,28.3882779152,28.4669842624,28.5574409550
226,28.0110497827,28.0114169448,28.0125431523,28.0145033312,28.0174248524,28.0214911166,28.0269462507,28.0341005824,28.0433364413,28.0551137043,28.0699743530,28.0885451635,28.1115375224,28.1397433407,28.1740261957,28.2153072770,28.2645464849,28.3227200697,28.3907972821,28.4697197827,28.5603847445
227,28.0112982655,28.0116709950,28.0128140593,28.0148028384,28.0177654317,28.0218861972,28.0274103842,28.0346495209,28.0439871034,28.0558840008,28.0708828438,28.0896105209,28.1127777943,28.1411750410,28.1756633000,28.2171602628,28.2666216068,28.3250190703,28.3933176941,28.4724558586,28.5633289061
228,28.0115505117,28.0119288435,28.0130888669,28.0151064111,28.0181102946,28.0222858200,28.0278793414,28.0352035649,28.0446431249,28.0566598490,28.0717969780,28.0906814717,28.1140234318,28.1426116783,28.1773047143,28.2190167706,28.2686993771,28.3273198667,28.3958391868,28.4751925388,28.5662734907
229,28.0118065449,28.0121905132,28.0133675969,28.0154140691,28.0184594581,28.0226899981,28.0283531303,28.0357627162,28.0453045003,28.0574412347,28.0727167320,28.0917579838,28.1152743963,28.1440532122,28.1789504027,28.2208767765,28.2707797902,28.3296224741,28.3983617950,28.4779298701,28.5692185473
230,28.0120663881,28.0124560268,28.0136502710,28.0157258318,28.0188129387,28.0230987440,28.0288317586,28.0363269761,28.0459712233,28.0582281432,28.0736420821,28.0928400253,28.1165306501,28.1454996034,28.1806003310,28.2227402580,28.2728628413,28.3319269082,28.4008855522,28.4806678979,28.5721641231
231,28.0123300642,28.0127254069,28.0139369103,28.0160417185,28.0191707528,28.0235120702,28.0293152334,28.0368963458,28.0466432877,28.0590205597,28.0745730049,28.0939275645,28.1177921561,28.1469508138,28.1822544660,28.2246071936,28.2749485260,28.3342331839,28.4034104911,28.4834066658,28.5751102636
232,28.0125975959,28.0129986757,28.0142275359,28.0163617481,28.0195329162,28.0239299886,28.0298035618,28.0374708258,28.0473206867,28.0598184692,28.0755094767,28.0950205703,28.1190588778,28.1484068064,28.1839127759,28.2264775631,28.2770368406,28.3365413164,28.4059366434,28.4861462160,28.5780570127
233,28.0128690054,28.0132758551,28.0145221685,28.0166859394,28.0198994446,28.0243525108,28.0302967502,28.0380504165,28.0480034132,28.0606218564,28.0764514739,28.0961190116,28.1203307797,28.1498675451,28.1855752300,28.2283513472,28.2791277821,28.3388513206,28.4084640399,28.4888865892,28.5810044125
234,28.0131443149,28.0135569668,28.0148208286,28.0170143105,28.0202703534,28.0247796482,28.0307948049,28.0386351179,28.0486914598,28.0614307058,28.0773989730,28.0972228579,28.1216078266,28.1513329948,28.1872417987,28.2302285274,28.2812213478,28.3411632111,28.4109927104,28.4916278249,28.5839525041
235,28.0134235462,28.0138420321,28.0151235362,28.0173468796,28.0206456575,28.0252114118,28.0312977317,28.0392249295,28.0493848189,28.0622450020,28.0783519504,28.0983320790,28.1228899844,28.1528031214,28.1889124534,28.2321090865,28.2833175355,28.3434770024,28.4135226841,28.4943699610,28.5869013266
236,28.0137067207,28.0141310722,28.0154303112,28.0176836644,28.0210253717,28.0256478121,28.0318055361,28.0398198506,28.0500834827,28.0630647291,28.0793103827,28.0994466449,28.1241772195,28.1542778918,28.1905871667,28.2339930076,28.2854163434,28.3457927089,28.4160539892,28.4971130345,28.5898509183
237,28.0139938597,28.0144241079,28.0157411733,28.0180246823,28.0214095102,28.0260888594,28.0323182233,28.0404198802,28.0507874428,28.0638898713,28.0802742466,28.1005665261,28.1254694989,28.1557572738,28.1922659121,28.2358802752,28.2875177700,28.3481103445,28.4185866530,28.4998570809,28.5928013159
238,28.0142849842,28.0147211598,28.0160561417,28.0183699505,28.0217980873,28.0265345638,28.0328357981,28.0410250169,28.0514966908,28.0647204126,28.0812435189,28.1016916937,28.1267667903,28.1572412360,28.1939486641,28.2377708741,28.2896218144,28.3504299232,28.4211207023,28.5026021348,28.5957525549
239,28.0145801148,28.0150222480,28.0163752354,28.0187194858,28.0221911165,28.0269849349,28.0333582650,28.0416352589,28.0522112182,28.0655563369,28.0822181764,28.1028221188,28.1280690623,28.1587297479,28.1956353979,28.2396647901,28.2917284757,28.3527514586,28.4236561630,28.5053482294,28.5987046698
240,28.0148792720,28.0153273926,28.0166984730,28.0190733047,28.0225886113,28.0274399818,28.0338856281,28.0422506045,28.0529310160,28.0663976282,28.0831981962,28.1039577732,28.1293762838,28.1602227800,28.1973260898,28.2415620095,28.2938377535,28.3550749641,28.4261930602,28.5080953972,28.6016576938
241,28.0151824759,28.0156366133,28.0170258730,28.0194314235,28.0229905848,28.0278997137,28.0344178913,28.0428710512,28.0536560750,28.0672442702,28.0841835554,28.1050986290,28.1306884247,28.1617203034,28.1990207168,28.2434625193,28.2959496477,28.3574004529,28.4287314258,28.5108463337,28.6047686393
242,28.0154897462,28.0159499295,28.0173574535,28.0197938580,28.0233970498,28.0283641392,28.0349550580,28.0434965965,28.0543863861,28.0680962467,28.0851742315,28.1062446586,28.1320054553,28.1632222901,28.2007192567,28.2453663071,28.2980641582,28.3597279448,28.4312720289,28.5136231086,28.6080083385
243,28.0158011025,28.0162673602,28.0176932322,28.0201606239,28.0238080187,28.0288332665,28.0354971315,28.0441272376,28.0551219397,28.0689535414,28.0861702018,28.1073958349,28.1333273466,28.1647287129,28.2024216882,28.2472733612,28.3001812881,28.3620576222,28.4338187399,28.5164405651,28.6113309863
244,28.0161165641,28.0165889242,28.0180332268,28.0205317363,28.0242235036,28.0293071037,28.0360441146,28.0447629715,28.0558627262,28.0698161379,28.0871714442,28.1085521313,28.1346540702,28.1662395451,28.2041279905,28.2491836711,28.3023010746,28.3643902456,28.4363767411,28.5193008766,28.6147202451
245,28.0164361499,28.0169146402,28.0183774543,28.0209072104,28.0246435163,28.0297856583,28.0365960099,28.0454037948,28.0566087359,28.0706840200,28.0881779364,28.1097135214,28.1359855983,28.1677547611,28.2058381439,28.2510972339,28.3044236723,28.3667271936,28.4389501305,28.5222030927,28.6181666928
246,28.0167598785,28.0172445262,28.0187259316,28.0212870607,28.0250680683,28.0302689379,28.0371528197,28.0460497038,28.0573599587,28.0715571714,28.0891896565,28.1108799794,28.1373219037,28.1692743357,28.2075521307,28.2530140721,28.3065494176,28.3690701217,28.4415417110,28.5251455374,28.6216639852
247,28.0170877684,28.0175786003,28.0190786754,28.0216713017,28.0254971709,28.0307569494,28.0377145461,28.0467006950,28.0581163846,28.0724355758,28.0902065829,28.1120514798,28.1386629598,28.1707982449,28.2092699394,28.2549342561,28.3086788222,28.3714206780,28.4441533184,28.5281264387,28.6252074751
248,28.0174198376,28.0179168800,28.0194357020,28.0220599473,28.0259308348,28.0312496995,28.0382811907,28.0473567641,28.0588780034,28.0733192169,28.0912286939,28.1132279975,28.1400087407,28.1723264665,28.2109915709,28.2568579189,28.3108125223,28.3737803622,28.4467861268,28.5311441122,28.6287935692
249,28.0177561037,28.0182593826,28.0197970273,28.0224530113,28.0263690706,28.0317471947,28.0388527550,28.0480179069,28.0596448047,28.0742080784,28.0922559683,28.1144095079,28.1413592212,28.1738589818,28.2127170452,28.2587852590,28.3129512228,28.3761504792,28.4494408640,28.5341970100,28.6324193833
250,28.0180965845,28.0186061253,28.0201626670,28.0228505071,28.0268118885,28.0322494411,28.0394292401,28.0486841191,28.0604167783,28.0751021442,28.0932883850,28.1155959868,28.1427143774,28.1753957779,28.2144464072,28.2607165339,28.3150956509,28.3785321364,28.4521179554,28.5372837257,28.6360825364
251,28.0184412968,28.0189571246,28.0205326365,28.0232524478,28.0272592985,28.0327564446,28.0400106470,28.0493553959,28.0611939135,28.0760013981,28.0943259231,28.1167874105,28.1440741873,28.1769368501,28.2161797293,28.2626520480,28.3172465236,28.3809262609,28.4548176186,28.5404029850,28.6397810208
252,28.0187902577,28.0193123971,28.0209069508,28.0236588463,28.0277113101,28.0332682106,28.0405969764,28.0500317325,28.0619761997,28.0769058240,28.0953685620,28.1179837561,28.1454386316,28.1784822047,28.2179171118,28.2645921397,28.3194045277,28.3833336223,28.4575399279,28.5435536316,28.6435131140
253,28.0191434837,28.0196719587,28.0212856248,28.0240697150,28.0281679328,28.0337847445,28.0411882285,28.0507131240,28.0627636264,28.0778154059,28.0964162815,28.1191850018,28.1468076952,28.1800318599,28.2196586814,28.2665371696,28.3215703077,28.3857548559,28.4602848575,28.5467346134,28.6472773175
254,28.0195009911,28.0200358254,28.0216686727,28.0244850660,28.0286291754,28.0343060512,28.0417844037,28.0513995650,28.0635561827,28.0787301280,28.0974690616,28.1203911271,28.1481813675,28.1815858477,28.2214045876,28.2684875096,28.3237444603,28.3881904836,28.4630523115,28.5499449695,28.6510723127
255,28.0198627958,28.0204040127,28.0220561089,28.0249049113,28.0290950468,28.0348321353,28.0423855018,28.0520910503,28.0643538579,28.0796499743,28.0985268832,28.1216021135,28.1495596439,28.1831442138,28.2231549999,28.2704435345,28.3259275325,28.3906409319,28.4658421450,28.5531838194,28.6548969279
256,28.0202289134,28.0207765356,28.0224479471,28.0253292625,28.0295655553,28.0353630014,28.0429915225,28.0527875744,28.0651566412,28.0805749293,28.0995897274,28.1228179447,28.1509425263,28.1847070172,28.2249101034,28.2724056158,28.3281200226,28.3931065480,28.4686541791,28.5564503532,28.6587501129
257,28.0205993592,28.0211534091,28.0228442009,28.0257581308,28.0300407090,28.0358986536,28.0436024654,28.0534891315,28.0659645217,28.0815049775,28.1006575766,28.1240386073,28.1523300237,28.1862743297,28.2266700953,28.2743741168,28.3303223815,28.3955876122,28.4714882115,28.5597438229,28.6626309201
258,28.0209741485,28.0215346479,28.0232448834,28.0261915272,28.0305205159,28.0364390957,28.0442183296,28.0541957160,28.0667774885,28.0824401040,28.1017304143,28.1252640911,28.1537221527,28.1878462352,28.2284351814,28.2763493890,28.3325350164,28.3980843488,28.4743440243,28.5630635357,28.6665384883
259,28.0213532957,28.0219202661,28.0236500077,28.0266294624,28.0310049834,28.0369843314,28.0448391142,28.0549073219,28.0675955309,28.0833802939,28.1028082252,28.1264943896,28.1551189371,28.1894228276,28.2302055731,28.2783317699,28.3347582935,28.4005969353,28.4772213898,28.5664088478,28.6704720311
260,28.0217368155,28.0223102778,28.0240595863,28.0270719466,28.0314941187,28.0375343641,28.0454648181,28.0556239431,28.0684186382,28.0843255333,28.1038909957,28.1277295004,28.1565204083,28.1910042103,28.2319814849,28.2803215814,28.3369925415,28.4031255096,28.4801200745,28.5697791590,28.6744308265
261,28.0221247218,28.0227046965,28.0244736315,28.0275189901,28.0319879290,28.0380891968,28.0460954400,28.0563455737,28.0692467998,28.0852758085,28.1049787141,28.1289694250,28.1579266048,28.1925904943,28.2337631318,28.2823191291,28.3392380548,28.4056701764,28.4830398422,28.5731739083,28.6784142087
262,28.0225170286,28.0231035358,28.0248921554,28.0279706026,28.0324864208,28.0386488325,28.0467309783,28.0570722073,28.0700800052,28.0862311069,28.1060713708,28.1302141695,28.1593375718,28.1941817972,28.2355507279,28.2843247021,28.3414950966,28.4082310120,28.4859804561,28.5765925700,28.6824215613
263,28.0229137493,28.0235068086,28.0253151697,28.0284267935,28.0329896007,28.0392132738,28.0473714313,28.0578038379,28.0709182443,28.0871914166,28.1071689585,28.1314637443,28.1607533611,28.1957782417,28.2373444845,28.2863385724,28.3437639018,28.4108080691,28.4889416808,28.5800346502,28.6864523117
264,28.0233148971,28.0239145276,28.0257426857,28.0288875721,28.0334974748,28.0397825231,28.0480167972,28.0585404592,28.0717615074,28.0881567270,28.1082714722,28.1327181642,28.1621740301,28.1973799545,28.2391446092,28.2883609959,28.3460446796,28.4134013800,28.4919232832,28.5834996837,28.6905059258
265,28.0237204849,28.0243267054,28.0261747147,28.0293529473,28.0340100489,28.0403565827,28.0486670741,28.0592820651,28.0726097849,28.0891270284,28.1093789096,28.1339774484,28.1635996414,28.1989870653,28.2409513051,28.2903922124,28.3483376162,28.4160109602,28.4949250336,28.5869872317,28.6945819045
266,28.0241305254,28.0247433542,28.0266112673,28.0298229277,28.0345273288,28.0409354544,28.0493222597,28.0600286493,28.0734630680,28.0901023126,28.1104912710,28.1352416202,28.1650302626,28.2005997057,28.2427647694,28.2924324465,28.3506428766,28.4186368100,28.4979467062,28.5904968793,28.6986797797
267,28.0245450308,28.0251644856,28.0270523542,28.0302975217,28.0350493199,28.0415191402,28.0499823520,28.0607802060,28.0743213484,28.0910825728,28.1116085594,28.1365107070,28.1664659653,28.2022180084,28.2445851937,28.2944819077,28.3529606072,28.4212789179,28.5009880793,28.5940282333,28.7027991111
268,28.0249640132,28.0255901114,28.0274979857,28.0307767373,28.0355760271,28.0421076415,28.0506473486,28.0615367293,28.0751846182,28.0920678037,28.1127307805,28.1377847402,28.1679068246,28.2038421066,28.2464127631,28.2965407917,28.3552909370,28.4239372615,28.5040489362,28.5975809207,28.7069394843
269,28.0253874841,28.0260202427,28.0279481715,28.0312605824,28.0361074556,28.0427009598,28.0513172472,28.0622982137,28.0760528705,28.0930580015,28.1138579429,28.1390637547,28.1693529188,28.2054721331,28.2482476560,28.2986092810,28.3576339796,28.4266118094,28.5071290648,28.6011545870,28.7111005076
270,28.0258154551,28.0264548906,28.0284029214,28.0317490644,28.0366436099,28.0432990963,28.0519920455,28.0630646537,28.0769260992,28.0940531642,28.1149900577,28.1403477888,28.1708043288,28.2071082199,28.2500900441,28.3006875451,28.3599898346,28.4293025227,28.5102282579,28.6047488946,28.7152818105
271,28.0262479372,28.0268940657,28.0288622448,28.0322421907,28.0371844945,28.0439020522,28.0526717410,28.0638360443,28.0778042989,28.0950532913,28.1161271389,28.1416368839,28.1722611376,28.2087504977,28.2519400925,28.3027757420,28.3623585890,28.4320093557,28.5133463135,28.6083635217,28.7194830418
272,28.0266849413,28.0273377783,28.0293261508,28.0327399683,28.0377301135,28.0445098284,28.0533563316,28.0646123809,28.0786874653,28.0960583844,28.1172692030,28.1429310844,28.1737234298,28.2103990953,28.2537979592,28.3048740182,28.3647403183,28.4347322576,28.5164830343,28.6119981610,28.7237038679
273,28.0271264778,28.0277860386,28.0297946482,28.0332424038,28.0382804711,28.0451224257,28.0540458150,28.0653936593,28.0795755949,28.0970684464,28.1184162689,28.1442304372,28.1751912913,28.2120541397,28.2556637955,28.3069825098,28.3671350875,28.4374711726,28.5196382280,28.6156525189,28.7279439714
274,28.0275725571,28.0282388564,28.0302677454,28.0337495038,28.0388355710,28.0457398449,28.0547401891,28.0661798757,28.0804686854,28.0980834825,28.1195683580,28.1455349917,28.1766648089,28.2137157552,28.2575377462,28.3091013431,28.3695429525,28.4402260411,28.5228117070,28.6193263141,28.7322030499
275,28.0280231889,28.0286962412,28.0307454509,28.0342612746,28.0393954169,28.0463620867,28.0554394518,28.0669710268,28.0813667355,28.0991034992,28.1207254942,28.1468447993,28.1781440699,28.2153840640,28.2594199495,28.3112306350,28.3719639602,28.4429968000,28.5260032886,28.6230192773,28.7364808150
276,28.0284783831,28.0291582022,28.0312277725,28.0347777222,28.0399600122,28.0469891518,28.0561436015,28.0677671099,28.0822697451,28.1001285051,28.1218877032,28.1481599133,28.1796291621,28.2170591851,28.2613105371,28.3133704937,28.3743981500,28.4457833837,28.5292127946,28.6267311499,28.7407769911
277,28.0289381490,28.0296247484,28.0317147181,28.0352988523,28.0405293602,28.0476210408,28.0568526365,28.0685681229,28.0831777152,28.1011585103,28.1230550131,28.1494803886,28.1811201729,28.2187412348,28.2632096347,28.3155210193,28.3768455544,28.4485857240,28.5324400515,28.6304616837,28.7450913144
278,28.0294024956,28.0300958884,28.0322062951,28.0358246707,28.0411034642,28.0482577543,28.0575665555,28.0693740645,28.0840906479,28.1021935268,28.1242274537,28.1508062817,28.1826171899,28.2204303264,28.2651173620,28.3176823041,28.3793061992,28.4514037510,28.5356848899,28.6342106400,28.7494235323
279,28.0298714318,28.0305716308,28.0327025108,28.0363551825,28.0416823270,28.0488992928,28.0582853574,28.0701849337,28.0850085465,28.1032335680,28.1254050567,28.1521376501,28.1841202999,28.2221265700,28.2670338328,28.3198544335,28.3817801046,28.4542373931,28.5389471448,28.6379777891,28.7537734026
280,28.0303449661,28.0310519836,28.0332033721,28.0368903931,28.0422659517,28.0495456572,28.0590090415,28.0710007305,28.0859314156,28.1042786492,28.1265878556,28.1534745523,28.1856295892,28.2238300727,28.2689591554,28.3220374861,28.3842672853,28.4570865777,28.5422266553,28.6417629098,28.7581406927
281,28.0308231068,28.0315369548,28.0337088859,28.0374303074,28.0428543412,28.0501968482,28.0597376073,28.0718214555,28.0868592609,28.1053287869,28.1277758851,28.1548170479,28.1871451433,28.2255409385,28.2708934326,28.3242315340,28.3867677514,28.4599512311,28.5455232645,28.6455657889,28.7625251791
282,28.0313058620,28.0320265519,28.0342190585,28.0379749302,28.0434474980,28.0508528667,28.0604710550,28.0726471102,28.0877920891,28.1063839995,28.1289691817,28.1561651968,28.1886670465,28.2272592679,28.2728367622,28.3264366439,28.3892815084,28.4628312787,28.5488368194,28.6493862205,28.7669266467
283,28.0317932394,28.0325207824,28.0347338964,28.0385242662,28.0440454251,28.0515137135,28.0612093847,28.0734776967,28.0887299083,28.1074443065,28.1301677830,28.1575190595,28.1901953823,28.2289851587,28.2747892368,28.3286528764,28.3918085581,28.4657266455,28.5521671708,28.6532240060,28.7713448885
284,28.0322852465,28.0330196534,28.0352534057,28.0390783198,28.0446481249,28.0521793899,28.0619525973,28.0743132179,28.0896727277,28.1085097290,28.1313717278,28.1588786971,28.1917302329,28.2307187051,28.2767509445,28.3308802876,28.3943488983,28.4686372563,28.5555141729,28.6570789532,28.7757797048
285,28.0327818905,28.0335231718,28.0357775922,28.0396370954,28.0452556002,28.0528498972,28.0627006941,28.0751536775,28.0906205577,28.1095802890,28.1325810559,28.1602441705,28.1932716791,28.2324599985,28.2787219685,28.3331189282,28.3969025238,28.4715630355,28.5588776835,28.6609508765,28.7802309033
286,28.0332831786,28.0340313444,28.0363064615,28.0402005973,28.0458678536,28.0535252368,28.0634536766,28.0759990801,28.0915734095,28.1106560103,28.1337958082,28.1616155409,28.1948198005,28.2342091272,28.2807023880,28.3353688447,28.3994694262,28.4745039074,28.5622575639,28.6648395962,28.7846982980
287,28.0337891174,28.0345441774,28.0368400193,28.0407688296,28.0464848878,28.0542054104,28.0642115472,28.0768494310,28.0925312957,28.1117369174,28.1350160262,28.1629928694,28.1963746751,28.2359661762,28.2826922776,28.3376300793,28.4020495944,28.4774597964,28.5656536785,28.6687449381,28.7891817093
288,28.0342997136,28.0350616773,28.0373782709,28.0413417963,28.0471067054,28.0548904200,28.0649743085,28.0777047363,28.0934942299,28.1128230360,28.1362417523,28.1643762169,28.1979363796,28.2377312278,28.2846917082,28.3399026701,28.4046430147,28.4804306272,28.5690658949,28.6726667335,28.7936809636
289,28.0348149735,28.0355838501,28.0379212214,28.0419195013,28.0477333091,28.0555802678,28.0657419637,28.0785650030,28.0944622265,28.1139143929,28.1374730296,28.1657656443,28.1995049889,28.2395043613,28.2867007468,28.3421866518,28.4072496713,28.4834163244,28.5724940838,28.6766048189,28.7981958928
290,28.0353349033,28.0361107015,28.0384688759,28.0425019486,28.0483647019,28.0562749562,28.0665145164,28.0794302387,28.0954353011,28.1150110158,28.1387099015,28.1671612120,28.2010805765,28.2412856532,28.2887194566,28.3444820552,28.4098695462,28.4864168133,28.5759381188,28.6805590355,28.8027263343
291,28.0358595089,28.0366422373,28.0390212392,28.0430891420,28.0490008866,28.0569744879,28.0672919710,28.0803004520,28.0964134702,28.1161129332,28.1399524120,28.1685629798,28.2026632144,28.2430751771,28.2907478974,28.3467889081,28.4125026194,28.4894320192,28.5793978764,28.6845292293,28.8072721303
292,28.0363887960,28.0371784629,28.0395783162,28.0436810853,28.0496418662,28.0576788661,28.0680743323,28.0811756521,28.0973967511,28.1172201747,28.1412006055,28.1699710073,28.2042529728,28.2448730040,28.2927861257,28.3491072351,28.4151488694,28.4924618681,28.5828732356,28.6885152505,28.8118331281
293,28.0369227703,28.0377193837,28.0401401114,28.0442777822,28.0502876439,28.0583880941,28.0688616056,28.0820558491,28.0983851622,28.1183327702,28.1424545266,28.1713853535,28.2058499204,28.2466792021,28.2948341946,28.3514370580,28.4178082730,28.4955062864,28.5863640784,28.6925169536,28.8164091793
294,28.0374614371,28.0382650049,28.0407066295,28.0448792365,28.0509382229,28.0591021755,28.0696537967,28.0829410537,28.0993787224,28.1194507507,28.1437142202,28.1728060767,28.2074541241,28.2484938371,28.2968921545,28.3537783959,28.4204808056,28.4985652010,28.5898702892,28.6965341972,28.8210001399
295,28.0380048017,28.0388153315,28.0412778748,28.0454854521,28.0515936067,28.0598211145,28.0704509122,28.0838312776,28.1003774517,28.1205741476,28.1449797312,28.1742332347,28.2090656494,28.2503169724,28.2989600525,28.3561312653,28.4231664412,28.5016385393,28.5933917548,28.7005668435,28.8256058701
296,28.0385528693,28.0393703684,28.0418538519,28.0460964327,28.0522537988,28.0605449153,28.0712529591,28.0847265329,28.1013813708,28.1217029929,28.1462511048,28.1756668845,28.2106845601,28.2521486685,28.3010379332,28.3584956803,28.4258651528,28.5047262294,28.5969283645,28.7046147587,28.8302262340
297,28.0391056447,28.0399301204,28.0424345649,28.0467121822,28.0529188030,28.0612735829,28.0720599449,28.0856268325,28.1023905008,28.1228373192,28.1475283860,28.1771070823,28.2123109183,28.2539889840,28.3031258383,28.3608716528,28.4285769122,28.5078281999,28.6004800100,28.7086778120,28.8348610995
298,28.0396631329,28.0404945922,28.0430200183,28.0473327045,28.0535886233,28.0620071223,28.0728718776,28.0865321902,28.1034048640,28.1239771594,28.1488116200,28.1785538837,28.2139447844,28.2558379750,28.3052238073,28.3632591927,28.4313016904,28.5109443803,28.6040465851,28.7127558765,28.8395103380
299,28.0402253386,28.0410637885,28.0436102163,28.0479580035,28.0542632640,28.0627455389,28.0736887661,28.0874426201,28.1044244829,28.1251225469,28.1501008516,28.1800073435,28.2155862176,28.2576956952,28.3073318769,28.3656583077,28.4340394572,28.5140747003,28.6076279858,28.7168488282,28.8441738243
300,28.0407922665,28.0416377136,28.0442051631,28.0485880833,28.0549427293,28.0634888388,28.0745106194,28.0883581371,28.1054493807,28.1262735156,28.1513961259,28.1814675155,28.2172352752,28.2595621966,28.3094500818,28.3680690039,28.4367901820,28.5172190907,28.6112241103,28.7209565461,28.8488514366
301,28.0413639211,28.0422163722,28.0448048629,28.0492229481,28.0556270239,28.0642370281,28.0753374473,28.0892787568,28.1064795814,28.1274300993,28.1526974873,28.1829344527,28.2188920129,28.2614375286,28.3115784543,28.3704912854,28.4395538332,28.5203774827,28.6148348531,28.7250768841,28.8534235532
302,28.0419403069,28.0427997686,28.0454093201,28.0498626020,28.0563161527,28.0649901136,28.0761692601,28.0902044953,28.1075151092,28.1285923326,28.1540049805,28.1844082074,28.2205564851,28.2633217389,28.3137170246,28.3729251548,28.4423303787,28.5235498031,28.6184595490,28.7291929495,28.8579122864
303,28.0425214284,28.0433879073,28.0460185388,28.0505070496,28.0570101209,28.0657481023,28.0770060684,28.0911353693,28.1085559890,28.1297602498,28.1553186496,28.1858888310,28.2222287445,28.2652148732,28.3158658210,28.3753706133,28.4451197838,28.5267358554,28.6220951733,28.7332933529,28.8623524160
304,28.0431072900,28.0439807924,28.0466325234,28.0511562952,28.0577089337,28.0665110016,28.0778478836,28.0920713959,28.1096022460,28.1309338857,28.1566385384,28.1873763737,28.2239088425,28.2671169752,28.3180248699,28.3778276596,28.4479219871,28.5299350036,28.6257377041,28.7373763514,28.8667562915
305,28.0436978960,28.0445784285,28.0472512782,28.0518103436,28.0584125969,28.0672788194,28.0786947175,28.0930125930,28.1106539060,28.1321132751,28.1579646907,28.1888708852,28.2255968289,28.2690280868,28.3201941954,28.3802962861,28.4507368378,28.5331461416,28.6293839459,28.7414425826,28.8711309995
306,28.0442932509,28.0451808199,28.0478748077,28.0524691995,28.0591211163,28.0680515639,28.0795465822,28.0939589788,28.1117109950,28.1332984530,28.1592971497,28.1903724141,28.2272927520,28.2709482481,28.3223738192,28.3827764648,28.4535640463,28.5363679530,28.6330316908,28.7454932379,28.8754812857
307,28.0448933589,28.0457879709,28.0485031163,28.0531328679,28.0598344981,28.0688292438,28.0804034906,28.0949105721,28.1127735394,28.1344894544,28.1606359581,28.1918810081,28.2289966589,28.2728774974,28.3245637567,28.3852681303,28.4564031896,28.5395991279,28.6366794681,28.7495295836,28.8798106058
308,28.0454982245,28.0463998859,28.0491362086,28.0538013540,28.0605527488,28.0696118681,28.0812654559,28.0958673919,28.1138415661,28.1356863144,28.1619811586,28.1933967140,28.2307085950,28.2748158701,28.3267640131,28.3877711689,28.4592537493,28.5428384693,28.6403263123,28.7535528209,28.8841216145
309,28.0461078520,28.0470165693,28.0497740893,28.0544746630,28.0612758752,28.0703994462,28.0821324915,28.0968294579,28.1149151019,28.1368890679,28.1633327931,28.1949195777,28.2324286043,28.2767633981,28.3289745777,28.3902854162,28.4621151547,28.5460849296,28.6439715985,28.7575640489,28.8884164290
310,28.0467222458,28.0476380257,28.0504167632,28.0551528005,28.0620038843,28.0711919878,28.0830046118,28.0977967901,28.1159941743,28.1380977500,28.1646909032,28.1964496441,28.2341567290,28.2787201077,28.3311954200,28.3928106621,28.4649868181,28.5493376118,28.6476149335,28.7615642603,28.8926967844
311,28.0473414105,28.0482642596,28.0510642351,28.0558357722,28.0627367835,28.0719895032,28.0838818310,28.0987694090,28.1170788108,28.1393123957,28.1660555301,28.1979869571,28.2358930089,28.2806860178,28.3334264874,28.3953466604,28.4678681591,28.5525957566,28.6512560831,28.7655543487,28.8969641337
312,28.0479653505,28.0488952757,28.0517165100,28.0565235839,28.0634745804,28.0727920029,28.0847641643,28.0997473352,28.1181690391,28.1405330398,28.1674267144,28.1995315594,28.2376374806,28.2826611381,28.3356677052,28.3978931380,28.4707586206,28.5558587252,28.6548949234,28.7695351196,28.9012197141
313,28.0485940704,28.0495310786,28.0523735932,28.0572162419,28.0642172828,28.0735994978,28.0856516267,28.1007305900,28.1192648870,28.1417597171,28.1688044962,28.2010834924,28.2393901772,28.2846454681,28.3379189780,28.4004498047,28.4736576774,28.5591259817,28.6585314079,28.7735073004,28.9054645936
314,28.0492275750,28.0501716732,28.0530354899,28.0579137525,28.0649648992,28.0744119992,28.0865442342,28.1017191946,28.1203663828,28.1429924622,28.1701889149,28.2026427956,28.2411511272,28.2866389960,28.3401801917,28.4030163610,28.4765648407,28.5623970770,28.6621655442,28.7774715503,28.9096997046
315,28.0498658690,28.0508170644,28.0537022056,28.0586161222,28.0657174379,28.0752295187,28.0874420026,28.1027131710,28.1214735545,28.1442313095,28.1715800092,28.2042095067,28.2429203536,28.2886416987,28.3424512164,28.4055925046,28.4794796593,28.5656716348,28.6657973784,28.7814284686,28.9139258695
316,28.0505089572,28.0514672573,28.0543737460,28.0593233579,28.0664749079,28.0760520682,28.0883449484,28.1037125410,28.1225864305,28.1454762933,28.1729778169,28.2057836610,28.2446978739,28.2906535419,28.3447319097,28.4081779352,28.4824017195,28.5689493401,28.6694269834,28.7853786025,28.9181438188
317,28.0511568448,28.0521222571,28.0550501168,28.0600354666,28.0672373182,28.0768796602,28.0892530883,28.1047173269,28.1237050391,28.1467274474,28.1743823749,28.2073652910,28.2464836992,28.2926744807,28.3470221190,28.4107723587,28.4853306432,28.5722299291,28.6730544507,28.7893224527,28.9223542069
318,28.0518095368,28.0527820691,28.0557313240,28.0607524555,28.0680046782,28.0777123073,28.0901664395,28.1057275513,28.1248294086,28.1479848054,28.1757937187,28.2089544261,28.2482778344,28.2947044606,28.3493216846,28.4133754892,28.4882660859,28.5755131812,28.6766798849,28.7932604796,28.9265576229
319,28.0524670384,28.0534466987,28.0564173739,28.0614743322,28.0687769978,28.0785500224,28.0910850193,28.1067432368,28.1259595676,28.1492484003,28.1772118824,28.2105510924,28.2500802778,28.2967434180,28.3516304417,28.4159870510,28.4912077341,28.5787989119,28.6803033988,28.7971931071,28.9307546006
320,28.0531293552,28.0541161516,28.0571082727,28.0622011044,28.0695542869,28.0793928189,28.0920088453,28.1077644063,28.1270955442,28.1505182646,28.1786368987,28.2121553123,28.2518910214,28.2987912820,28.3539482227,28.4186067803,28.4941553032,28.5820869672,28.6839251104,28.8011207271,28.9349456258
321,28.0537964926,28.0547904336,28.0578040270,28.0629327802,28.0703365558,28.0802407104,28.0929379356,28.1087910830,28.1282373667,28.1517944303,28.1800687981,28.2137671046,28.2537100510,28.3008479746,28.3562748589,28.4212344248,28.4971085344,28.5853772192,28.6875451407,28.8050437027,28.9391311427
322,28.0544684565,28.0554695507,28.0585046437,28.0636693678,28.0711238152,28.0810937108,28.0938723083,28.1098232900,28.1293850631,28.1530769283,28.1815076096,28.2153864843,28.2555373467,28.3029134126,28.3586101818,28.4238697452,28.5000671930,28.5886695616,28.6911636119,28.8089623714,28.9433115587
323,28.0551452526,28.0561535091,28.0592101296,28.0644108758,28.0719160758,28.0819518343,28.0948119819,28.1108610505,28.1305386614,28.1543657888,28.1829533599,28.2170134621,28.2573728828,28.3049875080,28.3609540242,28.4265125142,28.5030310657,28.5919639069,28.6947806460,28.8128770472,28.9474872492
324,28.0558268870,28.0568423150,28.0599204921,28.0651573128,28.0727133489,28.0828150955,28.0957569752,28.1119043880,28.1316981889,28.1556610411,28.1844060733,28.2186480453,28.2592166288,28.3070701688,28.3633062215,28.4291625169,28.5059999591,28.5952601835,28.6983963641,28.8167880233,28.9516585611
325,28.0565133661,28.0575359750,28.0606357385,28.0659086879,28.0735156459,28.0836835090,28.0967073069,28.1129533259,28.1328636729,28.1569627133,28.1858657721,28.2202902370,28.2610685495,28.3091613006,28.3656666120,28.4318195503,28.5089736971,28.5985583331,28.7020108855,28.8206955739,28.9558258157
326,28.0572046962,28.0582344959,28.0613558765,28.0666650104,28.0743229785,28.0845570899,28.0976629962,28.1140078874,28.1340351401,28.1582708321,28.1873324761,28.2219400367,28.2629286054,28.3112608066,28.3680350378,28.4344834228,28.5119521199,28.6018583091,28.7056243270,28.8245999559,28.9599893117
327,28.0579008840,28.0589378846,28.0620809140,28.0674262898,28.0751353588,28.0854358536,28.0986240623,28.1150680959,28.1352126167,28.1595854233,28.1888062024,28.2235974403,28.2647967532,28.3133685886,28.3704113449,28.4371539539,28.5149350824,28.6051600748,28.7092368032,28.8285014103,28.9641493272
328,28.0586019363,28.0596461482,28.0628108590,28.0681925358,28.0759527989,28.0863198154,28.0995905246,28.1161339746,28.1363961284,28.1609065109,28.1902869660,28.2252624402,28.2666729464,28.3154845477,28.3727953838,28.4398309735,28.5179224521,28.6084636020,28.7128484258,28.8324001640,28.9683061221
329,28.0593078603,28.0603592942,28.0635457199,28.0689637586,28.0767753113,28.0872089912,28.1005624025,28.1172055465,28.1375857002,28.1622341178,28.1917747792,28.2269350256,28.2685571355,28.3176085844,28.3751870098,28.4425143215,28.5209141090,28.6117688697,28.7164593032,28.8362964304,28.9724599394
330,28.0600186632,28.0610773300,28.0642855052,28.0697399683,28.0776029089,28.0881033968,28.1015397155,28.1182828344,28.1387813563,28.1635682653,28.1932696520,28.2286151827,28.2704492685,28.3197405996,28.3775860827,28.4452038473,28.5239099435,28.6150758632,28.7200695413,28.8401904109,28.9766110068
331,28.0607343524,28.0618002636,28.0650302239,28.0705211756,28.0784356045,28.0890030485,28.1025224833,28.1193658610,28.1399831204,28.1649089731,28.1947715918,28.2303028945,28.2723492913,28.3218804945,28.3799924671,28.4478994090,28.5269098559,28.6183845731,28.7236792423,28.8440822958,28.9807595384
332,28.0614549356,28.0625281030,28.0657798848,28.0713073911,28.0792734115,28.0899079624,28.1035107255,28.1204546485,28.1411910150,28.1662562594,28.1962806039,28.2319981416,28.2742571480,28.3240281711,28.3824060326,28.4506008734,28.5299137552,28.6216949948,28.7272885057,28.8479722650,28.9849057356
333,28.0621804208,28.0632608563,28.0665344974,28.0720986258,28.0801163432,28.0908181550,28.1045044616,28.1215492188,28.1424050620,28.1676101407,28.1977966911,28.2337009022,28.2761727811,28.3261835328,28.3848266535,28.4533081149,28.5329215588,28.6250071275,28.7308974276,28.8518604888,28.9890497880
334,28.0629108162,28.0639985322,28.0672940710,28.0728948911,28.0809644133,28.0917336429,28.1055037112,28.1226495934,28.1436252823,28.1689706319,28.1993198542,28.2354111520,28.2780961320,28.3283464839,28.3872542088,28.4560210153,28.5359331910,28.6283209739,28.7345061014,28.8557471289,28.9931918748
335,28.0636461301,28.0647411393,28.0680586155,28.0736961983,28.0818176356,28.0926544427,28.1065084936,28.1237557936,28.1448516959,28.1703377466,28.2008500916,28.2371288648,28.2800271413,28.3305169305,28.3896885821,28.4587394637,28.5389485830,28.6316365395,28.7381146172,28.8596323386,28.9973321652
336,28.0643863712,28.0654886865,28.0688281408,28.0745025593,28.0826760243,28.0935805712,28.1075188283,28.1248678399,28.1460843216,28.1717114965,28.2023874001,28.2388540124,28.2819657486,28.3326947804,28.3921296618,28.4614633553,28.5419676720,28.6349538325,28.7417230624,28.8635162635,29.0014708194
337,28.0651315482,28.0662411831,28.0696026572,28.0753139858,28.0835395934,28.0945120453,28.1085347343,28.1259857525,28.1473231774,28.1730918917,28.2039317741,28.2405865651,28.2839118934,28.3348799429,28.3945773404,28.4641925917,28.5449904007,28.6382728630,28.7453315212,28.8673990424,29.0056079893
338,28.0658816702,28.0669986385,28.0703821751,28.0761304901,28.0844083573,28.0954488817,28.1095562306,28.1271095509,28.1485682803,28.1744789409,28.2054832064,28.2423264914,28.2858655148,28.3370723296,28.3970315150,28.4669270801,28.5480167167,28.6415936432,28.7489400754,28.8712808073,29.0097438188
339,28.0666367466,28.0677610624,28.0711667051,28.0769520845,28.0852823306,28.0963910974,28.1105833360,28.1282392541,28.1498196460,28.1758726514,28.2070416882,28.2440737589,28.2878265517,28.3392718538,28.3994920865,28.4696667331,28.5510465725,28.6449161867,28.7525488040,28.8751616839,29.0138784447
340,28.0673967869,28.0685284645,28.0719562582,28.0777787814,28.0861615279,28.0973387091,28.1116160691,28.1293748806,28.1510772893,28.1772730287,28.2086072089,28.2458283336,28.2897949432,28.3414784307,28.4019589601,28.4724114684,28.5540799244,28.6482405084,28.7561577833,28.8790417924,29.0180119971
341,28.0681618008,28.0693008550,28.0727508455,28.0786105936,28.0870459640,28.0982917338,28.1126544479,28.1305164480,28.1523412240,28.1786800772,28.2101797563,28.2475901807,28.2917706287,28.3436919779,28.4044320447,28.4751612084,28.5571167328,28.6515666244,28.7597670872,28.8829212471,29.0221445999
342,28.0689317984,28.0700782443,28.0735504782,28.0794475340,28.0879356536,28.0992501882,28.1136984905,28.1316639735,28.1536114627,28.1800937996,28.2117593171,28.2493592645,28.2937535477,28.3459124148,28.4069112531,28.4779158799,28.5601569615,28.6548945515,28.7633767871,28.8868001577,29.0262763709
343,28.0697067899,28.0708606428,28.0743551679,28.0802896157,28.0888306117,28.1002140890,28.1147482145,28.1328174735,28.1548880170,28.1815141974,28.2133458764,28.2511355483,28.2957436403,28.3481396630,28.4093965014,28.4806754139,28.5632005775,28.6582243075,28.7669869522,28.8906786289,29.0304074227
344,28.0704867857,28.0716480615,28.0751649264,28.0811368517,28.0897308532,28.1011834527,28.1158036371,28.1339769638,28.1561708975,28.1829412709,28.2149394180,28.2529189952,28.2977408471,28.3503736461,28.4118877095,28.4834397451,28.5662475507,28.6615559108,28.7705976492,28.8945567608,29.0345378625
345,28.0712717964,28.0724405111,28.0759797655,28.0819892556,28.0906363933,28.1021582960,28.1168647751,28.1351424594,28.1574601137,28.1843750189,28.2165399250,28.2547095673,28.2997451093,28.3526142898,28.4143848001,28.4862088121,28.5692978538,28.6648893801,28.7742089430,28.8984346495,29.0386677931
346,28.0720618330,28.0732380030,28.0767996973,28.0828468407,28.0915472469,28.1031386350,28.1179316451,28.1363139745,28.1587556740,28.1858154394,28.2181473789,28.2565072266,28.3017563689,28.3548615218,28.4168876996,28.4889825567,28.5723514618,28.6682247347,28.7778208959,28.9023123868,29.0427973124
347,28.0728569066,28.0740405486,28.0776247342,28.0837096207,28.0924634291,28.1041244860,28.1190042632,28.1374915230,28.1600575861,28.1872625288,28.2197617607,28.2583119347,28.3037745684,28.3571152718,28.4193963370,28.4917609242,28.5754083522,28.6715619942,28.7814335687,28.9061900610,29.0469265142
348,28.0736570284,28.0748481593,28.0784548885,28.0845776093,28.0933849550,28.1051158649,28.1200826448,28.1386751175,28.1613658564,28.1887162828,28.2213830502,28.2601236528,28.3057996514,28.3593754717,28.4219106444,28.4945438627,28.5784685042,28.6749011782,28.7850470199,28.9100677566,29.0510554883
349,28.0744622099,28.0756608471,28.0792901729,28.0854508202,28.0943118397,28.1061127875,28.1211668053,28.1398647703,28.1626804904,28.1901766958,28.2230112266,28.2619423423,28.3078315620,28.3616420551,28.4244305565,28.4973313230,28.5815318993,28.6782423067,28.7886613062,28.9139455550,29.0551843209
350,28.0752724629,28.0764786239,28.0801306001,28.0863292673,28.0952440979,28.1071152694,28.1222567594,28.1410604929,28.1640014929,28.1916437614,28.2246462684,28.2637679641,28.3098702454,28.3639149576,28.4269560109,28.5001232589,28.5845985205,28.6815853997,28.7922764827,28.9178235341,29.0593130943
351,28.0760877992,28.0773015018,28.0809761830,28.0872129645,28.0961817449,28.1081233258,28.1233525212,28.1422622959,28.1653288674,28.1931174722,28.2262881534,28.2656004793,28.3119156477,28.3661941167,28.4294869475,28.5029196265,28.5876683525,28.6849304772,28.7958926026,28.9217017690,29.0634418878
352,28.0769082309,28.0781294931,28.0818269347,28.0881019259,28.0971247952,28.1091369719,28.1244541046,28.1434701894,28.1666626169,28.1945978200,28.2279368586,28.2674398491,28.3139677158,28.3684794717,28.4320233086,28.5057203842,28.5907413815,28.6882775591,28.7995097173,28.9255803320,29.0675707774
353,28.0777337701,28.0789626104,28.0826828681,28.0889961654,28.0980732639,28.1101562224,28.1255615229,28.1446841827,28.1680027433,28.1960847956,28.2295923608,28.2692860345,28.3160263977,28.3707709636,28.4345650391,28.5085254927,28.5938175949,28.6916266655,28.8031278770,28.9294592923,29.0716998360
354,28.0785644294,28.0798008661,28.0835439967,28.0898956971,28.0990271654,28.1111810917,28.1266747888,28.1459042844,28.1693492478,28.1975783892,28.2312546362,28.2711389971,28.3180916422,28.3730685354,28.4371120857,28.5113349148,28.5968969817,28.6949778161,28.8067471299,28.9333387169,29.0758291339
355,28.0794002211,28.0806442731,28.0844103336,28.0908005350,28.0999865143,28.1122115942,28.1277939147,28.1471305024,28.1707021308,28.1990785902,28.2329236607,28.2729986983,28.3201633990,28.3753721314,28.4396643976,28.5141486151,28.5999795316,28.6983310306,28.8103675230,28.9372186701,29.0799587384
356,28.0802411581,28.0814928443,28.0852818924,28.0917106932,28.1009513251,28.1132477438,28.1289189123,28.1483628439,28.1720613918,28.2005853874,28.2345994096,28.2748650999,28.3222416191,28.3776816980,28.4422219257,28.5169665603,28.6030652357,28.7016863287,28.8139891018,28.9410992140,29.0840887145
357,28.0810872530,28.0823465926,28.0861586864,28.0926261857,28.1019216120,28.1142895539,28.1300497929,28.1496013155,28.1734270296,28.2020987688,28.2362818582,28.2767381639,28.3243262542,28.3799971828,28.4447846229,28.5197887185,28.6061540859,28.7050437298,28.8176119104,28.9449804085,29.0882191246
358,28.0819385189,28.0832055312,28.0870407292,28.0935470265,28.1028973891,28.1153370380,28.1311865673,28.1508459231,28.1747990425,28.2036187221,28.2379709813,28.2786178527,28.3264172569,28.3823185351,28.4473524441,28.5226150597,28.6092460752,28.7084032529,28.8212359916,28.9488623112,29.0923500290
359,28.0827949689,28.0840696732,28.0879280345,28.0944732296,28.1038786704,28.1163902089,28.1323292457,28.1520966720,28.1761774279,28.2051452340,28.2396667537,28.2805041289,28.3285145809,28.3846457059,28.4499253458,28.5254455553,28.6123411972,28.7117649172,28.8248613869,28.9527449778,29.0964814856
360,28.0836566159,28.0849390319,28.0888206157,28.0954048088,28.1048654695,28.1174490791,28.1334778380,28.1533535669,28.1775621827,28.2066782912,28.2413691499,28.2823969556,28.3306181809,28.3869786473,28.4525032862,28.5282801783,28.6154394463,28.7151287413,28.8284881365,28.9566284621,29.1006135503
361,28.0845234733,28.0858136207,28.0897184865,28.0963417779,28.1058578000,28.1185136610,28.1346323534,28.1546166117,28.1789533030,28.2082178795,28.2430781443,28.2842962961,28.3327280124,28.3893173131,28.4550862250,28.5311189028,28.6185408178,28.7184947437,28.8321162806,28.9605132240,29.1047703190
362,28.0853955545,28.0866934530,28.0906216607,28.0972841508,28.1068556752,28.1195839665,28.1357928007,28.1558858099,28.1803507844,28.2097639846,28.2447937113,28.2862021143,28.3348440320,28.3916616584,28.4576741238,28.5339617045,28.6216453074,28.7218629438,28.8357459714,28.9644026890,29.1089473719
363,28.0862728727,28.0875785423,28.0915301516,28.0982319410,28.1078591083,28.1206600070,28.1369591882,28.1571611644,28.1817546220,28.2113165915,28.2465158250,28.2881143743,28.3369661970,28.3940116396,28.4602669452,28.5368085600,28.6247529120,28.7252333856,28.8393778347,28.9682991744,29.1131377393
364,28.0871554414,28.0884689020,28.0924439731,28.0991851622,28.1088681122,28.1217417938,28.1381315236,28.1584426774,28.1831648103,28.2128756851,28.2482444597,28.2900330407,28.3390944658,28.3963672143,28.4628646535,28.5396594475,28.6278636340,28.7286062012,28.8430126967,28.9722030555,29.1173389631
365,28.0880432741,28.0893645457,28.0933631387,28.1001438276,28.1098826996,28.1228293376,28.1393098142,28.1597303507,28.1845813432,28.2144412498,28.2499795896,28.2919580786,28.3412287977,28.3987283416,28.4654672142,28.5425143471,28.6309774947,28.7319816175,28.8466512163,28.9761142279,29.1215496427
366,28.0889363843,28.0902654869,28.0942876619,28.1011079507,28.1109028828,28.1239226488,28.1404940670,28.1610241856,28.1860042144,28.2160132698,28.2517211890,28.2938894536,28.3433691528,28.4010949815,28.4680745945,28.5453732439,28.6340945432,28.7353599033,28.8502938531,28.9800324745,29.1257688476
367,28.0898347855,28.0911717391,28.0952175563,28.1020775445,28.1119286740,28.1250217376,28.1416842882,28.1623241827,28.1874334168,28.2175917289,28.2534692320,28.2958271315,28.3455154921,28.4034670955,28.4706867634,28.5482361311,28.6372148562,28.7387413261,28.8539409181,28.9839575624,29.1299959056
368,28.0907384912,28.0920833159,28.0961528352,28.1030526222,28.1129600852,28.1261266137,28.1428804837,28.1636303422,28.1888689430,28.2191766108,28.2552236931,28.2977710789,28.3476677775,28.4058446462,28.4733036931,28.5511030124,28.6403385296,28.7421261304,28.8575926196,28.9878892708,29.1342303049
369,28.0916475150,28.0930002308,28.0970935119,28.1040331965,28.1139971280,28.1272372864,28.1440826591,28.1649426639,28.1903107854,28.2207678989,28.2569845466,28.2997212626,28.3498259718,28.4082275979,28.4759253596,28.5539739025,28.6434656704,28.7455145307,28.8612490971,28.9918273986,29.1384716407
370,28.0925618704,28.0939224972,28.0980395999,28.1050192802,28.1150398139,28.1283537646,28.1452908193,28.1662611470,28.1917589356,28.2223655763,28.2587517672,28.3016776500,28.3519900385,28.4106159165,28.4785517438,28.5568488256,28.6465963890,28.7489067108,28.8649104429,28.9957717654,29.1427195843
371,28.0934815709,28.0948501286,28.0989911122,28.1060108858,28.1160881539,28.1294760570,28.1465049689,28.1675857903,28.1932133852,28.2239696262,28.2605253294,28.3036402089,28.3541599425,28.4130095704,28.4811828318,28.5597278139,28.6497307949,28.7523028270,28.8685767166,28.9997222097,29.1469738629
372,28.0944066298,28.0957831383,28.0999480619,28.1070080256,28.1171421590,28.1306041718,28.1477251120,28.1689165923,28.1946741252,28.2255800313,28.2623052081,28.3056089078,28.3563356496,28.4154085305,28.4838186147,28.5626109057,28.6528689931,28.7557030108,28.8722479554,29.0036785872,29.1512342464
373,28.0953370606,28.0967215397,28.1009104620,28.1080107117,28.1182018396,28.1317381169,28.1489512524,28.1702535509,28.1961411464,28.2271967745,28.2640913781,28.3075837158,28.3585171268,28.4178127701,28.4864590885,28.5654981430,28.6560110821,28.7591073732,28.8759241801,29.0076407683,29.1555005377
374,28.0962728766,28.0976653458,28.1018783253,28.1090189562,28.1192672061,28.1328778998,28.1501833934,28.1715966637,28.1976144393,28.2288198384,28.2658838148,28.3095646023,28.3607043429,28.4202222658,28.4891042538,28.5683895704,28.6591571537,28.7625160074,28.8796054004,29.0116086368,29.1597725664
375,28.0972140911,28.0986145699,28.1028516645,28.1100327707,28.1203382686,28.1340235276,28.1514215378,28.1729459279,28.1990939942,28.2304492055,28.2676824934,28.3115515378,28.3628972678,28.4226369971,28.4917541147,28.5712852334,28.6623072921,28.7659289918,28.8832916176,29.0155820875,29.1640501837
376,28.0981607172,28.0995692250,28.1038304921,28.1110521669,28.1214150366,28.1351750072,28.1526656883,28.1743013403,28.2005798009,28.2320848584,28.2694873896,28.3135444933,28.3650958734,28.4250569460,28.4944086787,28.5741851775,28.6654615742,28.7693463924,28.8869828272,29.0195610253,29.1683332582
377,28.0991127679,28.1005293241,28.1048148205,28.1120771560,28.1224975198,28.1363323450,28.1539158469,28.1756628973,28.2020718492,28.2337267796,28.2712984793,28.3155434408,28.3673001332,28.4274820975,28.4970679558,28.5770894476,28.6686200699,28.7727682648,28.8906790206,29.0235453638,29.1726216736
378,28.1000702564,28.1014948798,28.1058046620,28.1131077491,28.1235857272,28.1374955471,28.1551720155,28.1770305951,28.2035701284,28.2353749514,28.2731157389,28.3175483532,28.3695100225,28.4299124392,28.4997319579,28.5799980873,28.6717828425,28.7761946557,28.8943801862,29.0275350239,29.1769153257
379,28.1010331953,28.1024659049,28.1068000287,28.1141439572,28.1246796677,28.1386646193,28.1564341954,28.1784044296,28.2050746280,28.2370293563,28.2749391449,28.3195592044,28.3717255182,28.4323479607,28.5024006986,28.5829111382,28.6749499492,28.7796256043,28.8980863101,29.0315299336,29.1812141211
380,28.1020015975,28.1034424119,28.1078009324,28.1151857909,28.1257793498,28.1398395671,28.1577023877,28.1797843962,28.2065853369,28.2386899769,28.2767686744,28.3215759690,28.3739465991,28.4347886540,28.5050741924,28.5858286404,28.6781214415,28.7830611436,28.9017973773,29.0355300265,29.1855179755
381,28.1029754755,28.1044244132,28.1088073848,28.1162332605,28.1268847819,28.1410203954,28.1589765932,28.1811704902,28.2081022440,28.2403567957,28.2786043050,28.3235986232,28.3761732457,28.4372345128,28.5077524547,28.5887506316,28.6812973659,28.7865013014,28.9055133715,29.0395352417,29.1898268121
382,28.1039548418,28.1054119211,28.1098193975,28.1172863764,28.1279959720,28.1422071092,28.1602568122,28.1825627064,28.2096253383,28.2420297955,28.2804460149,28.3256271438,28.3784054400,28.4396855324,28.5104355013,28.5916771474,28.6844777641,28.7899461006,28.9092342760,29.0435455228,29.1941405614
383,28.1049397087,28.1064049476,28.1108369819,28.1183451483,28.1291129277,28.1433997127,28.1615430447,28.1839610396,28.2111546083,28.2437089592,28.2822937825,28.3276615088,28.3806431654,28.4421417096,28.5131233480,28.5946082214,28.6876626736,28.7933955607,28.9129600737,29.0475608177,29.1984591594
384,28.1059300883,28.1074035047,28.1118601490,28.1194095861,28.1302356565,28.1445982103,28.1628352907,28.1853654842,28.2126900425,28.2453942696,28.2841475872,28.3297016975,28.3828864071,28.4446030424,28.5158160106,28.5975438849,28.6908521281,28.7968496974,28.9166907473,29.0515810779,29.2027825477
385,28.1069259927,28.1084076040,28.1128889097,28.1204796992,28.1313641654,28.1458026056,28.1641335495,28.1867760344,28.2142316296,28.2470857102,28.2860074087,28.3317476898,28.3851351513,28.4470695298,28.5185135049,28.6004841669,28.6940461577,28.8003085238,28.9204262798,29.0556062585,29.2071106723
386,28.1079274337,28.1094172571,28.1139232749,28.1215554967,28.1324984615,28.1470129022,28.1654378203,28.1881926843,28.2157793580,28.2487832642,28.2878732274,28.3337994671,28.3873893855,28.4495411715,28.5212158462,28.6034290948,28.6972447896,28.8037720506,28.9241666541,29.0596363174,29.2114434836
387,28.1089344228,28.1104324754,28.1149632550,28.1226369876,28.1336385511,28.1482291034,28.1667481020,28.1896154276,28.2173332161,28.2504869155,28.2897450244,28.3358570115,28.3896490985,28.4520179683,28.5239230493,28.6063786937,28.7004480479,28.8072402863,28.9279118532,29.0636712154,29.2157809353
388,28.1099469716,28.1114532701,28.1160088602,28.1237241807,28.1347844406,28.1494512119,28.1680643933,28.1910442580,28.2188931924,28.2521966481,28.2916227812,28.3379203061,28.3919142800,28.4544999213,28.5266351286,28.6093329870,28.7036559543,28.8107132374,28.9316618607,29.0677109157,29.2201229848
389,28.1109650913,28.1124796520,28.1170601008,28.1248170843,28.1359361360,28.1506792306,28.1693866926,28.1924791689,28.2204592753,28.2539124461,28.2935064803,28.3399893351,28.3941849205,28.4569870319,28.5293520978,28.6122919962,28.7068685281,28.8141909092,28.9354166603,29.0717553840,29.2244695920
390,28.1119887929,28.1135116321,28.1181169864,28.1259157067,28.1370936430,28.1519131616,28.1707149979,28.1939201538,28.2220314534,28.2556342943,28.2953961046,28.3420640832,28.3964610117,28.4594793023,28.5320739701,28.6152557412,28.7100857864,28.8176733053,28.9391762361,29.0758045877,29.2288207200
391,28.1130180874,28.1145492208,28.1191795267,28.1270200558,28.1382569671,28.1531530072,28.1720493072,28.1953672058,28.2236097152,28.2573621775,28.2972916375,28.3441445364,28.3987425459,28.4619767347,28.5348007580,28.6182242405,28.7133077447,28.8211604282,28.9429405724,29.0798584964,29.2331763337
392,28.1140529854,28.1155924285,28.1202477310,28.1281301392,28.1394261134,28.1543987691,28.1733896183,28.1968203180,28.2251940493,28.2590960810,28.2991930633,28.3462306812,28.4010295160,28.4644793314,28.5375324735,28.6211975108,28.7165344164,28.8246522794,28.9467096542,29.0839170812,29.2375364008
393,28.1150934972,28.1166412653,28.1213216086,28.1292459645,28.1406010868,28.1556504490,28.1747359286,28.1982794836,28.2267844446,28.2608359904,28.3011003667,28.3483225049,28.4033219156,28.4669870950,28.5402691276,28.6241755676,28.7197658135,28.8281488594,28.9504834665,29.0879803149,29.2419008905
394,28.1161396333,28.1176957411,28.1224011683,28.1303675387,28.1417818920,28.1569080481,28.1760882355,28.1997446954,28.2283808899,28.2625818917,28.3030135331,28.3504199955,28.4056197389,28.4695000281,28.5430107309,28.6271584252,28.7230019466,28.8316501679,28.9542619950,29.0920481717,29.2462697741
395,28.1171914034,28.1187558655,28.1234864188,28.1314948688,28.1429685334,28.1581715675,28.1774465360,28.2012159463,28.2299833742,28.2643337712,28.3049325485,28.3525231417,28.4079229806,28.4720181334,28.5457572934,28.6301460964,28.7262428251,28.8351562041,28.9580452255,29.0961206272,29.2506430244
396,28.1182488176,28.1198216481,28.1245773685,28.1326279615,28.1441610151,28.1594410080,28.1788108272,28.2026932293,28.2315918866,28.2660916155,28.3068573992,28.3546319328,28.4102316357,28.4745414135,28.5485088242,28.6331385930,28.7294884569,28.8386669664,28.9618331443,29.1001976583,29.2550206157
397,28.1193118852,28.1208930981,28.1256740256,28.1337668231,28.1453593410,28.1607163704,28.1801811059,28.2041765370,28.2332064165,28.2678554116,28.3087880723,28.3567463586,28.4125456997,28.4770698709,28.5512653320,28.6361359259,28.7327388492,28.8421824527,28.9656257381,29.1042792427,29.2594025238
398,28.1203806156,28.1219702244,28.1267763980,28.1349114599,28.1465635147,28.1619976550,28.1815573688,28.2056658625,28.2348269531,28.2696251471,28.3107245553,28.3588664095,28.4148651684,28.4796035081,28.5540268247,28.6391381047,28.7359940080,28.8457026604,28.9694229938,29.1083653595,29.2637887256
399,28.1214550179,28.1230530357,28.1278844934,28.1360618778,28.1477735397,28.1632848621,28.1829396123,28.2071611983,28.2364534862,28.2714008095,28.3126668361,28.3609920764,28.4171900379,28.4821423273,28.5567933098,28.6421451382,28.7392539383,28.8492275866,28.9732248987,29.1124559887,29.2681791995
400,28.1225351011,28.1241415407,28.1289983193,28.1372180824,28.1489894191,28.1645779916,28.1843278330,28.2086625375,28.2380860054,28.2731823870,28.3146149034,28.3631233506,28.4195203046,28.4846863310,28.5595647941,28.6451570345,28.7425186447,28.8527572280,28.9770314404,29.1165511110,29.2725739245
401,28.1236208736,28.1252357475,28.1301178829,28.1383800791,28.1502111558,28.1658770434,28.1857220272,28.2101698727,28.2397245009,28.2749698679,28.3165687458,28.3652602240,28.4218559650,28.4872355211,28.5623412838,28.6481738006,28.7457881306,28.8562915809,28.9808426070,29.1206507083,29.2769728811
402,28.1247123439,28.1263356642,28.1312431912,28.1395478732,28.1514387526,28.1671820171,28.1871221911,28.2116831969,28.2413689626,28.2767632411,28.3185283529,28.3674026885,28.4241970159,28.4897898995,28.5651227848,28.6511954430,28.7490623990,28.8598306413,28.9846583865,29.1247547629,29.2813760503
403,28.1258095201,28.1274412987,28.1323742509,28.1407214696,28.1526722120,28.1684929123,28.1885283209,28.2132025030,28.2430193809,28.2785624956,28.3204937144,28.3695507368,28.4265434542,28.4923494680,28.5679093022,28.6542219672,28.7523414522,28.8633744052,28.9884787676,29.1288632580,29.2857834141
404,28.1269124102,28.1285526584,28.1335110684,28.1419008731,28.1539115363,28.1698097282,28.1899404125,28.2147277838,28.2446757463,28.2803676207,28.3224648203,28.3717043617,28.4288952771,28.4949142282,28.5707008407,28.6572533784,28.7556252918,28.8669228681,28.9923037389,29.1329761776,29.2901949555
405,28.1280210219,28.1296697506,28.1346536501,28.1430860880,28.1551567275,28.1711324640,28.1913584621,28.2162590325,28.2463380495,28.2821786063,28.3244416611,28.3738635563,28.4312524816,28.4974841815,28.5734974048,28.6602896808,28.7589139192,28.8704760255,28.9961332897,29.1370935060,29.2946106579
406,28.1291353624,28.1307925825,28.1358020020,28.1442771188,28.1564077875,28.1724611187,28.1927824655,28.2177962419,28.2480062814,28.2839954422,28.3264242278,28.3760283141,28.4336150650,28.5000593291,28.5762989981,28.6633308784,28.7622073349,28.8740338726,28.9999674091,29.1412152284,29.2990305056
407,28.1302554392,28.1319211609,28.1369561298,28.1454739693,28.1576647180,28.1737956913,28.1942124186,28.2193394052,28.2496804329,28.2858181188,28.3284125114,28.3781986287,28.4359830246,28.5026396721,28.5791056240,28.6663769743,28.7655055394,28.8775964046,29.0038060868,29.1453413304,29.3034544835
408,28.1313812590,28.1330554923,28.1381160391,28.1466766435,28.1589275206,28.1751361804,28.1956483173,28.2208885156,28.2513604954,28.2876466266,28.3304065034,28.3803744942,28.4383563580,28.5052252112,28.5819172857,28.6694279714,28.7688085323,28.8811636165,29.0076493126,29.1494717982,29.3078825770
409,28.1325128286,28.1341955832,28.1392817352,28.1478851450,28.1601961965,28.1764825848,28.1970901574,28.2224435663,28.2530464603,28.2894809565,28.3324061956,28.3825559045,28.4407350624,28.5078159472,28.5847339856,28.6724838720,28.7721163133,28.8847355032,29.0114970764,29.1536066184,29.3123147722
410,28.1336501545,28.1353414397,28.1404532231,28.1490994772,28.1614707469,28.1778349028,28.1985379346,28.2240045507,28.2547383192,28.2913210995,28.3344115799,28.3847428541,28.4431191354,28.5104118805,28.5875557261,28.6755446779,28.7754288816,28.8883120594,29.0153493685,29.1577457780,29.3167510555
411,28.1347932430,28.1364930677,28.1416305078,28.1503196432,28.1627511729,28.1791931330,28.1999916447,28.2255714621,28.2564360638,28.2931670470,28.3364226488,28.3869353375,28.4455085745,28.5130130115,28.5903825090,28.6786103906,28.7787462358,28.8918932799,29.0192061792,29.1618892646,29.3211914142
412,28.1359420999,28.1376504728,28.1428135940,28.1515456460,28.1640374751,28.1805572736,28.2014512833,28.2271442939,28.2581396862,28.2950187906,28.3384393947,28.3891333493,28.4479033772,28.5156193402,28.5932143358,28.6816810111,28.7820683747,28.8954791594,29.0230674994,29.1660370660,29.3256358355
413,28.1370967312,28.1388136604,28.1440024859,28.1527774885,28.1653296543,28.1819273228,28.2029168463,28.2287230398,28.2598491784,28.2968763221,28.3404618103,28.3913368844,28.4503035410,28.5182308666,28.5960512078,28.6847565402,28.7853952964,28.8990696924,29.0269333196,29.1701891707,29.3300843075
414,28.1382571424,28.1399826358,28.1451971879,28.1540151732,28.1666277110,28.1833032787,28.2043883293,28.2303076933,28.2615645327,28.2987396334,28.3424898888,28.3935459379,28.4527090633,28.5208475905,28.5988931260,28.6878369782,28.7887269990,28.9026648735,29.0308036311,29.1743455671,29.3345368185
415,28.1394233387,28.1411574040,28.1463977038,28.1552587027,28.1679316455,28.1846851394,28.2058657281,28.2318982482,28.2632857417,28.3006087169,28.3445236231,28.3957605047,28.4551199418,28.5234695116,28.6017400909,28.6909223252,28.7920634804,28.9062646971,29.0346784248,29.1785062442,29.3389933570
416,28.1405953253,28.1423379696,28.1476040376,28.1565080790,28.1692414581,28.1860729028,28.2073490382,28.2334946983,28.2650127978,28.3024835650,28.3465630068,28.3979805801,28.4575361739,28.5260966292,28.6045921030,28.6940125810,28.7954047380,28.9098691577,29.0385576922,29.1826711914,29.3434539122
417,28.1417731070,28.1435243374,28.1488161928,28.1577633042,28.1705571488,28.1874665669,28.2088382554,28.2350970374,28.2667456940,28.3043641703,28.3486080333,28.4002061594,28.4599577570,28.5287289426,28.6074491624,28.6971077450,28.7987507694,28.9134782498,29.0424414247,29.1868403981,29.3479184734
418,28.1429566884,28.1447165115,28.1500341727,28.1590243804,28.1718787177,28.1888661293,28.2103333754,28.2367052596,28.2684844231,28.3062505257,28.3506586964,28.4024372380,28.4623846886,28.5313664510,28.6103112689,28.7002078164,28.8021015717,28.9170919678,29.0463296139,29.1910138543,29.3523870304
419,28.1441460741,28.1459144961,28.1512579806,28.1602913090,28.1732061645,28.1902715879,28.2118343939,28.2383193587,28.2702289781,28.3081426241,28.3527149899,28.4046738114,28.4648169661,28.5340091535,28.6131784221,28.7033127943,28.8054571421,28.9207103060,29.0502222517,29.1951915501,29.3568595730
420,28.1453412682,28.1471182950,28.1524876195,28.1615640918,28.1745394890,28.1916829403,28.2133413067,28.2399393291,28.2719793524,28.3100404587,28.3547769079,28.4069158753,28.4672545869,28.5366570487,28.6160506216,28.7064226773,28.8088174773,28.9243332588,29.0541193300,29.1993734758,29.3613360915
421,28.1465422748,28.1483279121,28.1537230921,28.1628427301,28.1758786908,28.1931001842,28.2148541094,28.2415651649,28.2737355391,28.3119440228,28.3568444444,28.4091634251,28.4696975483,28.5393101355,28.6189278666,28.7095374641,28.8121825743,28.9279608207,29.0580208371,29.2035582658,29.3657366721
422,28.1477490975,28.1495433508,28.1549644011,28.1641272252,28.1772237693,28.1945233171,28.2163727979,28.2431968604,28.2754975319,28.3138533099,28.3589175939,28.4114164567,28.4721458476,28.5419684125,28.6218101559,28.7126571530,28.8155524296,28.9315929823,29.0619263858,29.2077346928,29.3700761681
423,28.1489617401,28.1507646144,28.1562115489,28.1654175780,28.1785747240,28.1959523366,28.2178973678,28.2448344099,28.2772653244,28.3157683136,28.3609963507,28.4136749658,28.4745994821,28.5446318780,28.6246974885,28.7157817420,28.8189270383,28.9352296518,29.0658340101,29.2118952076,29.3743779011
424,28.1501802059,28.1519917060,28.1574645378,28.1667137897,28.1799315541,28.1973872401,28.2194278149,28.2464778080,28.2790389101,28.3176890277,28.3630807093,28.4159389481,28.4770584491,28.5473005304,28.6275898630,28.7189112289,28.8223063782,28.9388704428,29.0697410762,29.2160387094,29.3786501931
425,28.1514044982,28.1532246284,28.1587233698,28.1680158609,28.1812942588,28.1988280251,28.2209641351,28.2481270491,28.2808182831,28.3196154460,28.3651706644,28.4182083996,28.4795227456,28.5499743679,28.6304872778,28.7220456073,28.8256903672,28.9425146541,29.0736455017,29.2201656877,29.3828978459
426,28.1526346199,28.1544633846,28.1599880469,28.1693237923,28.1826628372,28.2002746890,28.2225063242,28.2497821279,28.2826034373,28.3215475627,28.3672662106,28.4204833162,28.4819923690,28.5526533886,28.6333897303,28.7251848583,28.8290788306,28.9461614435,29.0775458635,29.2242770008,29.3871240944
427,28.1538705738,28.1557079769,28.1612585709,28.1706375846,28.1840372883,28.2017272291,28.2240543780,28.2514430390,28.2843943667,28.3234853717,28.3693673429,28.4227636937,28.4844673162,28.5553375902,28.6362972150,28.7283289385,28.8324715046,28.9498099726,29.0814412305,29.2283735556,29.3913313095
428,28.1551123626,28.1569584079,28.1625349433,28.1719572379,28.1854176110,28.2031856428,28.2256082924,28.2531097772,28.2861910655,28.3254288674,28.3714740560,28.4250495281,28.4869475844,28.5580269698,28.6392097203,28.7314777728,28.8358680621,28.9534594782,29.0853310081,29.2324562144,29.3955213251
429,28.1563599888,28.1582146796,28.1638171656,28.1732827528,28.1868038042,28.2046499273,28.2271680633,28.2547823373,28.2879935281,28.3273780441,28.3735863450,28.4273408153,28.4894331703,28.5607215230,28.6421272250,28.7346312529,28.8392681406,28.9571092964,29.0892148288,29.2365257698,29.3996956145
430,28.1576134547,28.1594767941,28.1651052391,28.1746141292,28.1881958666,28.2061200801,28.2287336866,28.2564607143,28.2898017487,28.3293328963,28.3757042049,28.4296375515,28.4919240705,28.5634212424,28.6450496955,28.7377892404,28.8426713668,28.9607588635,29.0930924790,29.2405829417,29.4038553941
431,28.1588727623,28.1607447533,28.1663991649,28.1759513673,28.1895937969,28.2075960982,28.2303051582,28.2581449030,28.2916157219,28.3312934185,28.3778276309,28.4319397324,28.4944202806,28.5661261168,28.6479770840,28.7409515734,28.8460773721,28.9644077075,29.0969638504,29.2446283832,29.4080016905
432,28.1601379136,28.1620185588,28.1676989441,28.1772944670,28.1909975937,28.2090779789,28.2318824741,28.2598348985,28.2934354422,28.3332596053,28.3799566182,28.4342473538,28.4969217952,28.5688361298,28.6509093290,28.7441180722,28.8494858036,28.9680554366,29.1008289077,29.2486626867,29.4121353846
433,28.1614089104,28.1632982123,28.1690045774,28.1786434280,28.1924072556,28.2105657194,28.2334656303,28.2615306959,28.2952609044,28.3352314515,28.3820911618,28.4365604112,28.4994286070,28.5715512588,28.6538463558,28.7472885465,28.8528963296,28.9717017271,29.1046876663,29.2526863916,29.4162572433
434,28.1626857543,28.1645837151,28.1703160657,28.1799982502,28.1938227810,28.2120593169,28.2350546227,28.2632322904,28.2970921030,28.3372089518,28.3842312570,28.4388788994,28.5019407066,28.5742714744,28.6567880777,28.7504628000,28.8563086429,28.9753463132,29.1085401771,29.2566999905,29.4203679417
435,28.1639684468,28.1658750684,28.1716334095,28.1813589331,28.1952441683,28.2135587685,28.2366494475,28.2649396770,28.2989290329,28.3391921012,28.3863768988,28.4412028126,28.5044580817,28.5769967407,28.6597343985,28.7536406350,28.8597224617,28.9789889772,29.1123865159,29.2607039350,29.4244680798
436,28.1652569892,28.1671722735,28.1729566094,28.1827254762,28.1966714158,28.2150640714,28.2382501006,28.2666528512,28.3007716891,28.3411808945,28.3885280821,28.4435321440,28.5069807170,28.5797270150,28.6626852138,28.7568218555,28.8631375288,28.9826295421,29.1162267756,29.2646986406,29.4285581957
437,28.1665513826,28.1684753311,28.1742856656,28.1840978790,28.1981045220,28.2165752227,28.2398565782,28.2683718082,28.3026200664,28.3431753265,28.3906848015,28.4458668855,28.5095085935,28.5824622481,28.6656404135,28.7600062698,28.8665536110,28.9862678644,29.1200610608,29.2686844909,29.4326387752
438,28.1678516282,28.1697842422,28.1756205784,28.1854761407,28.1995434849,28.2180922195,28.2414688763,28.2700965435,28.3044741598,28.3451753921,28.3928470510,28.4482070277,28.5120416889,28.5852023852,28.6685998830,28.7631936924,28.8699704976,28.9899038293,29.1238894839,29.2726618417,29.4367102597
439,28.1691577267,28.1710990074,28.1769613478,28.1868602607,28.2009883028,28.2196150588,28.2430869911,28.2718270523,28.3063339644,28.3471810860,28.3950148243,28.4505525593,28.5145799773,28.5879473664,28.6715635051,28.7663839448,28.8733879987,28.9935373457,29.1277121624,29.2766310231,29.4407730525
440,28.1704696790,28.1724196273,28.1783079740,28.1882502381,28.2024389738,28.2211437379,28.2447109186,28.2735633302,28.3081994751,28.3491924029,28.3971881143,28.4529034672,28.5171234290,28.5906971269,28.6745311611,28.7695768564,28.8768059432,28.9971683426,29.1315292163,29.2805923434,29.4448275239
441,28.1717874857,28.1737461023,28.1796604568,28.1896460719,28.2038954961,28.2226782536,28.2463406552,28.2753053726,28.3100706871,28.3512093369,28.3993669131,28.4552597365,28.5196720110,28.5934515985,28.6775027320,28.7727722652,28.8802241778,29.0007967657,29.1353407670,29.2845460904,29.4488740155
442,28.1731111472,28.1750784328,28.1810187960,28.1910477612,28.2053578675,28.2242186031,28.2479761968,28.2770531751,28.3119475951,28.3532318823,28.4015512121,28.4576213501,28.5222256869,28.5962107097,28.6804780998,28.7759700176,28.8836425648,29.0044225753,29.1391469361,29.2884925339,29.4529128435
443,28.1744406640,28.1764166190,28.1823829913,28.1924553048,28.2068260862,28.2257647834,28.2496175398,28.2788067331,28.3138301943,28.3552600326,28.4037410013,28.4599882889,28.5247844174,28.5989743865,28.6834571475,28.7791699685,28.8870609811,29.0080457433,29.1429478442,29.2924319275,29.4569443019
444,28.1757760363,28.1777606608,28.1837530422,28.1938687016,28.2083001500,28.2273167916,28.2512646804,28.2805660423,28.3157184792,28.3572937813,28.4059362700,28.4623605318,28.5273481603,28.6017425531,28.6864397603,28.7823719814,28.8904793164,29.0116662523,29.1467436108,29.2963645098,29.4609686646
445,28.1771172642,28.1791105584,28.1851289483,28.1952879504,28.2097800569,28.2288746246,28.2529176146,28.2823310979,28.3176124446,28.3593331210,28.4081370060,28.4647380555,28.5299168708,28.6045151322,28.6894258261,28.7855759278,28.8938974725,29.0152840930,29.1505343535,29.3002905060,29.4649861878
446,28.1784643477,28.1804663115,28.1865107089,28.1967130499,28.2112658047,28.2304382794,28.2545763387,28.2841018956,28.3195120849,28.3613780439,28.4103431962,28.4671208348,28.5324905020,28.6072920458,28.6924152353,28.7887816871,28.8973153614,29.0188992640,29.1543201878,29.3042101290,29.4689971118
447,28.1798172869,28.1818279200,28.1878983234,28.1981439986,28.2127573912,28.2320077530,28.2562408490,28.2858784306,28.3214173943,28.3634285417,28.4125548260,28.4695088426,28.5350690051,28.6100732153,28.6954078818,28.7919891462,28.9007329052,29.0225117699,29.1581012269,29.3081235803,29.4730016623
448,28.1811760814,28.1831953834,28.1892917911,28.1995807952,28.2142548142,28.2335830424,28.2579111415,28.2876606982,28.3233283665,28.3654846053,28.4147718798,28.4719020500,28.5376523294,28.6128585622,28.6984036627,28.7951981994,28.9041500343,29.0261216206,29.1618775815,29.3120310513,29.4770000520
449,28.1825407311,28.1845687013,28.1906911109,28.2010234382,28.2157580715,28.2351641444,28.2595872123,28.2894486937,28.3252449954,28.3675462249,28.4169943404,28.4743004264,28.5402404230,28.6156480081,28.7014024783,28.7984087476,28.9075666872,29.0297288304,29.1656493598,29.3159327237,29.4809924819
450,28.1839112355,28.1859478733,28.1920962820,28.2024719260,28.2172671608,28.2367510561,28.2612690575,28.2912424120,28.3271672740,28.3696133899,28.4192221897,28.4767039395,28.5428332326,28.6184414753,28.7044042329,28.8016206983,28.9109828094,29.0333334178,29.1694166673,29.3198287704,29.4849791419
451,28.1852875940,28.1873328987,28.1935073034,28.2039262570,28.2187820797,28.2383437742,28.2629566732,28.2930418480,28.3290951953,28.3716860890,28.4214554081,28.4791125557,28.5454307042,28.6212388869,28.7074088339,28.8048339650,28.9143983530,29.0369354042,29.1731796069,29.3237193563,29.4889602121
452,28.1866698063,28.1887237767,28.1949241740,28.2053864295,28.2203028258,28.2399422957,28.2646500553,28.2948469965,28.3310287517,28.3737643102,28.4236939749,28.4815262400,28.5480327829,28.6240401668,28.7104161925,28.8080484669,28.9178132756,29.0405348139,29.1769382789,29.3276046387,29.4929358634
453,28.1880578715,28.1901205067,28.1963468926,28.2068524418,28.2218293966,28.2415466172,28.2663491996,28.2966578518,28.3329679350,28.3758480405,28.4259378683,28.4839449563,28.5506394135,28.6268452404,28.7134262234,28.8112641287,28.9212275404,29.0441316736,29.1806927811,29.3314847678,29.4969062586
454,28.1894517890,28.1915230876,28.1977754580,28.2083242921,28.2233617898,28.2431567355,28.2680541018,28.2984744082,28.3349127369,28.3779372662,28.4281870653,28.4863686673,28.5532505403,28.6296540341,28.7164388448,28.8144808801,28.9246411152,29.0477260116,29.1844432087,29.3353598875,29.5008715524
455,28.1908515578,28.1929315185,28.1992098689,28.2098019786,28.2249000028,28.2447726473,28.2697647577,28.3002966597,28.3368631483,28.3800319727,28.4304415420,28.4887973348,28.5558661075,28.6324664758,28.7194539781,28.8176986556,28.9280539722,29.0513178583,29.1881896542,29.3392301354,29.5048318925
456,28.1922571771,28.1943457985,28.2006501238,28.2112854993,28.2264440330,28.2463943491,28.2714811625,28.3021245999,28.3388191596,28.3821321447,28.4327012733,28.4912309198,28.5584860593,28.6352824952,28.7224715481,28.8209173942,28.9314660875,29.0549072452,29.1919322080,29.3430956437,29.5087874199
457,28.1936686458,28.1957659263,28.2020962213,28.2127748522,28.2279938778,28.2480218375,28.2732033118,28.3039582224,28.3407807608,28.3842377661,28.4349662333,28.4936693826,28.5611103400,28.6381020231,28.7254914830,28.8241370389,28.9348774408,29.0584942049,29.1956709579,29.3469565390,29.5127382696
458,28.1950859630,28.1971919008,28.2035481600,28.2142700354,28.2295495345,28.2496551089,28.2749312005,28.3057975200,28.3427479413,28.3863488200,28.4372363952,28.4961126828,28.5637388941,28.6409249922,28.7285137138,28.8273575369,28.9382880149,29.0620787709,29.1994059894,29.3508129430,29.5166845705
459,28.1965091273,28.1986237208,28.2050059381,28.2157710468,28.2311110002,28.2512941596,28.2766648238,28.3076424856,28.3447206900,28.3884652886,28.4395117313,28.4985607797,28.5663716666,28.6437513369,28.7315381748,28.8305788387,28.9416977958,29.0656609777,29.2031373859,29.3546649729,29.5206264465
460,28.1979381377,28.2000613848,28.2064695542,28.2172778842,28.2326782722,28.2529389858,28.2784041763,28.3094931115,28.3466989951,28.3905871536,28.4417922134,28.5010136321,28.5690086029,28.6465809932,28.7345648031,28.8338008986,28.9451067720,29.0692408601,29.2068652284,29.3585127414,29.5245640163
461,28.1993729927,28.2015048915,28.2079390064,28.2187905453,28.2342513476,28.2545895836,28.2801492526,28.3113493897,28.3486828443,28.3927143959,28.4440778124,28.5034711985,28.5716496488,28.6494138989,28.7375935385,28.8370236739,28.9485149346,29.0728184534,29.2105895960,29.3623563569,29.5284973938
462,28.2008136911,28.2029542393,28.2094142930,28.2203090280,28.2358302233,28.2562459490,28.2819000470,28.3132113120,28.3506722250,28.3948469957,28.4463684986,28.5059334371,28.5742947508,28.6522499933,28.7406243237,28.8402471250,28.9519222766,29.0763937932,29.2143105656,29.3661959240,29.5324266887
463,28.2022602313,28.2044094269,28.2108954121,28.2218333298,28.2374148962,28.2579080777,28.2836565537,28.3150788694,28.3526671236,28.3969849325,28.4486642418,28.5084003061,28.5769438562,28.6550892176,28.7436571039,28.8434712151,28.9553287934,29.0799669155,29.2180282122,29.3700315438,29.5363520065
464,28.2037126119,28.2058704525,28.2123823618,28.2233634483,28.2390053632,28.2595759655,28.2854187665,28.3169520530,28.3546675263,28.3991281853,28.4509650114,28.5108717636,28.5795969127,28.6579315146,28.7466918267,28.8466959100,28.9587344820,29.0835378562,29.2217426089,29.3738633137,29.5402734486
465,28.2051708314,28.2073373144,28.2138751402,28.2248993811,28.2406016209,28.2612496077,28.2871866788,28.3188308531,28.3566734186,28.4012767325,28.4532707761,28.5133477676,28.5822538691,28.6607768288,28.7497284422,28.8499211782,28.9621393412,29.0871066514,29.2254538269,29.3776913278,29.5441911130
466,28.2066348879,28.2088100110,28.2153737451,28.2264411255,28.2422036660,28.2629289998,28.2889602841,28.3207152599,28.3586847858,28.4034305519,28.4555815045,28.5158282764,28.5849146747,28.6636251064,28.7527669027,28.8531469901,28.9655433711,29.0906733373,29.2291619356,29.3815156772,29.5481050941
467,28.2081047799,28.2102885403,28.2168781745,28.2279886788,28.2438114948,28.2646141368,28.2907395754,28.3226052630,28.3607016122,28.4055896209,28.4578971647,28.5183132482,28.5875792798,28.6664762951,28.7558071628,28.8563733187,28.9689465736,29.0942379497,29.2328670028,29.3853364500,29.5520154830
468,28.2095805055,28.2117729006,28.2183884261,28.2295420383,28.2454251038,28.2663050137,28.2925245454,28.3245008517,28.3627238819,28.4077539162,28.4602177245,28.5208026414,28.5902476356,28.6693303443,28.7588491792,28.8596001389,28.9723489515,29.0978005246,29.2365690944,29.3891537313,29.5559223677
469,28.2110620629,28.2132630898,28.2199044976,28.2311012011,28.2470444891,28.2680016253,28.2943151865,28.3264020148,28.3647515786,28.4099234142,28.4625431517,28.5232964148,28.5929196940,28.6721872048,28.7618929104,28.8628274273,28.9757505088,29.1013610977,29.2402682750,29.3929676039,29.5598258334
470,28.2125494501,28.2147591059,28.2214263867,28.2326661642,28.2486696469,28.2697039661,28.2961114909,28.3283087409,28.3667846854,28.4120980910,28.4648734136,28.5257945273,28.5955954080,28.6750468293,28.7649383170,28.8660551627,28.9791512508,29.1049197045,29.2439646073,29.3967781476,29.5637259624
471,28.2140426652,28.2162609467,28.2229540909,28.2342369246,28.2503005729,28.2714120304,28.2979134504,28.3302210180,28.3688231850,28.4142779221,28.4672084776,28.5282969381,28.5982747313,28.6779091715,28.7679853614,28.8692833253,28.9825511834,29.1084763803,29.2476581527,29.4005854402,29.5676228343
472,28.2155417060,28.2177686102,28.2244876077,28.2358134791,28.2519372631,28.2731258123,28.2997210566,28.3321388338,28.3708670596,28.4164628828,28.4695483109,28.5308036068,28.6009576187,28.6807741868,28.7710340078,28.8725118969,28.9859503136,29.1120311602,29.2513489711,29.4043895569,29.5715165263
473,28.2170465705,28.2192820940,28.2260269344,28.2373958243,28.2535797130,28.2748453058,28.3015343008,28.3340621757,28.3729162912,28.4186529480,28.4718928806,28.5333144934,28.6036440257,28.6836418322,28.7740842219,28.8757408609,28.9893486492,29.1155840789,29.2550371210,29.4081905707,29.5754071132
474,28.2185572564,28.2208013959,28.2275720684,28.2389839569,28.2552279180,28.2765705045,28.3033531738,28.3359910306,28.3749708612,28.4208480924,28.4742421538,28.5358295582,28.6063339088,28.6865120658,28.7771359713,28.8789702020,28.9927461985,29.1191351708,29.2587226596,29.4119885528,29.5792946675
475,28.2200737613,28.2223265132,28.2291230068,28.2405778734,28.2568818735,28.2783014018,28.3051776663,28.3379253851,28.3770307508,28.4230482904,28.4765960978,28.5383487620,28.6090272256,28.6893848471,28.7801892247,28.8821999063,28.9961429708,29.1226844701,29.2624056426,29.4157835720,29.5831792595
476,28.2215960830,28.2238574436,28.2306797466,28.2421775700,28.2585415745,28.2800379908,28.3070077686,28.3398652255,28.3790959407,28.4252535162,28.4789546796,28.5408720660,28.6117239343,28.6922601370,28.7832439526,28.8854299610,28.9995389756,29.1262320105,29.2660861245,29.4195756953,29.5870609574
477,28.2231242188,28.2253941844,28.2322422849,28.2437830429,28.2602070159,28.2817802646,28.3088434708,28.3418105375,28.3811664115,28.4274637437,28.4813178665,28.5433994318,28.6144239942,28.6951378976,28.7863001268,28.8886603546,29.0029342231,29.1297778256,29.2697641588,29.4233649881,29.5909398276
478,28.2246581663,28.2269367329,28.2338106185,28.2453942881,28.2618781925,28.2835282159,28.3106847625,28.3437613069,28.3832421433,28.4296789469,28.4836856258,28.5459308215,28.6171273654,28.6980180922,28.7893577205,28.8918910765,29.0063287242,29.1333219484,29.2734397974,29.4271515136,29.5948159344
479,28.2261979227,28.2284850863,28.2353847441,28.2470113017,28.2635550988,28.2852818370,28.3125316331,28.3457175188,28.3853231159,28.4318990992,28.4860579249,28.5484661978,28.6198340090,28.7009006854,28.7924167079,28.8951221174,29.0097224899,29.1368644117,29.2771130913,29.4309353337,29.5986893405
480,28.2277434854,28.2300392417,28.2369646583,28.2486340793,28.2652377291,28.2870411202,28.3143840719,28.3476791581,28.3874093091,28.4341241744,28.4884347316,28.5510055238,28.6225438869,28.7037856428,28.7954770649,28.8983534686,29.0131155317,29.1404052477,29.2807840904,29.4347165084,29.6025601067
481,28.2292948514,28.2315991961,28.2385503577,28.2502626165,28.2669260776,28.2888060575,28.3162420676,28.3496462095,28.3895007021,28.4363541459,28.4908160134,28.5535487632,28.6252569617,28.7066729314,28.7985387680,28.9015851227,29.0165078615,29.1439444885,29.2844528485,29.4384969446,29.6065371885
482,28.2308520178,28.2331649463,28.2401418386,28.2518969087,28.2686201383,28.2905766406,28.3181056087,28.3516186573,28.3915972741,28.4385889870,28.4932017384,28.5560958799,28.6279731972,28.7095625189,28.8016017953,28.9048170728,29.0198994915,29.1474821706,29.2881199303,29.4422919878,29.6106003883
483,28.2324149814,28.2347364891,28.2417390973,28.2535369513,28.2703199048,28.2923528609,28.3199746836,28.3535964855,28.3936990040,28.4408286710,28.4955918747,28.5586468388,28.6306925578,28.7124543744,28.8046661256,28.9080493130,29.0232904361,29.1510184426,29.2917880513,29.4461119698,29.6147179666
484,28.2339837392,28.2363138212,28.2433421298,28.2551827393,28.2720253708,28.2941347096,28.3218492802,28.3555796780,28.3958058706,28.4430731714,28.4979863906,28.5612016050,28.6334150088,28.7153484679,28.8077317389,28.9112818387,29.0266807336,29.1545538543,29.2954608363,29.4499584329,29.6188786245
485,28.2355582878,28.2378969390,28.2449509322,28.2568342677,28.2737365295,28.2959221778,28.3237293862,28.3575682182,28.3979178524,28.4453224613,28.5003852547,28.5637601441,28.6361405162,28.7182447702,28.8107986163,28.9145146509,29.0300705036,29.1580893841,29.2991411578,29.4538307513,29.6230758596
486,28.2371386238,28.2394858390,28.2465655001,28.2584915313,28.2754533740,28.2977152561,28.3256149892,28.3595620895,28.4000349278,28.4475765140,28.5027884358,28.5663224225,28.6388690469,28.7211432534,28.8138667409,28.9177477684,29.0334599922,29.1616262021,29.3028309892,29.4577277955,29.6273053037
487,28.2387247436,28.2410805174,28.2481858294,28.2601545245,28.2771758973,28.2995139351,28.3275060763,28.3615612749,28.4021570751,28.4498353029,28.5051959031,28.5688884069,28.6416005687,28.7240438906,28.8169361003,28.9209812437,29.0368495668,29.1651654729,29.3065316322,29.4616483686,29.6315637653
488,28.2403166436,28.2426809704,28.2498119154,28.2618232419,28.2789040921,28.3013182049,28.3294026344,28.3635657573,28.4042842724,28.4520988012,28.5076076258,28.5714580645,28.6443350500,28.7269466565,28.8200066913,28.9242151730,29.0402396817,29.1687082582,29.3102439296,29.4655913338,29.6358487833
489,28.2419143199,28.2442871938,28.2514437536,28.2634976777,28.2806379508,28.3031280555,28.3313046502,28.3655755193,28.4064164976,28.4543669825,28.5100235736,28.5740313633,28.6470724601,28.7298515290,28.8230785242,28.9274496981,29.0436308385,29.1722554842,29.3139684136,29.4695556484,29.6401583876
490,28.2435177687,28.2458991837,28.2530813392,28.2651778259,28.2823774657,28.3049434768,28.3332121103,28.3675905432,28.4085537289,28.4566398201,28.5124437165,28.5766082717,28.6498127699,28.7327584900,28.8261516272,28.9306850021,29.0470235544,29.1758079399,29.3177054064,29.4735403672,29.6444909569
491,28.2451269857,28.2475169356,28.2547246672,28.2668636803,28.2841226289,28.3067644583,28.3351250009,28.3696108115,28.4106959439,28.4589172875,28.5148680245,28.5791887586,28.6525559515,28.7356675279,28.8292260477,28.9339213007,29.0504183397,29.1793662891,29.3214550857,29.4775446360,29.6488451278
492,28.2467419668,28.2491404452,28.2563737324,28.2685552347,28.2858734322,28.3085909893,28.3370433080,28.3716363061,28.4128431204,28.4611993585,28.5172964683,28.5817727940,28.6553019796,28.7385786387,28.8323018530,28.9371588336,29.0538156836,29.1829310859,29.3252175291,29.4815676819,29.6532197344
493,28.2483627076,28.2507697077,28.2580285297,28.2702524825,28.2876298672,28.3104230588,28.3389670174,28.3736670089,28.4149952361,28.4634860067,28.5197290188,28.5843603486,28.6580508317,28.7414918275,28.8353791287,28.9403978561,29.0572160461,29.1865027913,29.3289927445,29.4856088039,29.6576137656
494,28.2499892036,28.2524047186,28.2596890534,28.2719554170,28.2893919254,28.3122606558,28.3408961147,28.3757029018,28.4171522688,28.4657772061,28.5221656474,28.5869513944,28.6608024893,28.7444071090,28.8384579771,28.9436386313,29.0606198539,29.1900817870,29.3327806908,29.4896673634,29.6620263347
495,28.2516214501,28.2540454728,28.2613552980,28.2736640312,28.2911595980,28.3141037688,28.3428305853,28.3777439664,28.4193141959,28.4680729305,28.5246063258,28.5895459050,28.6635569380,28.7473245077,28.8415385140,28.9468814247,29.0640274994,29.1936683888,29.3365812923,29.4937427775,29.6664566560
496,28.2532594423,28.2556919652,28.2630272577,28.2753783182,28.2929328759,28.3159523863,28.3447704145,28.3797901840,28.4214809952,28.4703731544,28.5270510266,28.5921438557,28.6663141683,28.7502440579,28.8446208669,28.9501264997,29.0674393408,29.1972628569,29.3403944495,29.4978345113,29.6709040278
497,28.2549031750,28.2573441907,28.2647049264,28.2770982706,28.2947117500,28.3178064966,28.3467155872,28.3818415363,28.4236526442,28.4726778520,28.5294997232,28.5947452244,28.6690741760,28.7531658030,28.8477051716,28.9533741139,29.0708557041,29.2008654052,29.3442200463,29.5019420727,29.6753678190
498,28.2565526433,28.2590021438,28.2663882980,28.2788238808,28.2964962109,28.3196660876,28.3486660884,28.3838980042,28.4258291206,28.4749869982,28.5319523897,28.5973499909,28.6718369623,28.7560897951,28.8507915703,28.9566245173,29.0742768842,29.2044762082,29.3480579553,29.5060650072,29.6798474581
499,28.2582078416,28.2606658189,28.2680773662,28.2805551413,28.2982862489,28.3215311472,28.3506219026,28.3859595692,28.4280104022,28.4773005681,28.5344090016,28.5999581383,28.6746025340,28.7590160934,28.8538802093,28.9598779498,29.0777031482,29.2080954079,29.3519080420,29.5102028939,29.6843424248
500,28.2598687646,28.2623352102,28.2697721243,28.2822920442,28.3000818543,28.3234016630,28.3525830146,28.3880262122,28.4301964666,28.4796185373,28.5368695356,28.6025696525,28.6773709031,28.7619447643,28.8569712371,28.9631346411,29.0811347365,29.2117231187,29.3557701675,29.5143553418,29.6888522432
501,28.2615354066,28.2640103119,28.2714725658,28.2840345814,28.3018830170,28.3252776225,28.3545494086,28.3900979144,28.4323872918,28.4819408819,28.5393339697,28.6051845225,28.6801420871,28.7648758794,28.8600648031,28.9663948093,29.0845718663,29.2153594316,29.3596441906,29.5185219866,29.6933764757
502,28.2632077616,28.2656911178,28.2731786836,28.2857827446,28.3036897267,28.3271590129,28.3565210688,28.3921746566,28.4345828559,28.4842675787,28.5418022837,28.6078027405,28.6829161083,28.7678095154,28.8631610560,28.9696586614,29.0880147326,29.2190044179,29.3635299696,29.5227024880,29.6979147189
503,28.2648858237,28.2673776216,28.2748904707,28.2875365254,28.3055019732,28.3290458213,28.3584979795,28.3942564200,28.4367831372,28.4865986052,28.5442744591,28.6104243021,28.6856929937,28.7707457526,28.8662601430,28.9729263925,29.0914635110,29.2226581320,29.3674273631,29.5268965274,29.7024665991
504,28.2665695867,28.2690698169,28.2766079198,28.2892959151,28.3073197458,28.3309380346,28.3604801246,28.3963431854,28.4389881144,28.4889339398,28.5467504792,28.6130492062,28.6884727747,28.7736846746,28.8693622089,28.9761981869,29.0949183593,29.2263206145,29.3713362313,29.5311038058,29.7070317689
505,28.2682590442,28.2707676969,28.2783310234,28.2910609049,28.3091430338,28.3328356397,28.3624674880,28.3984349339,28.4411977663,28.4912735616,28.5492303294,28.6156774549,28.6912554863,28.7766263670,28.8724673952,28.9794742174,29.0983794190,29.2299918934,29.3752564363,29.5353240419,29.7116099050
506,28.2699541896,28.2724712549,28.2800597739,28.2928314858,28.3109718261,28.3347386230,28.3644600535,28.4005316466,28.4434120722,28.4936174511,28.5517139969,28.6183090532,28.6940411675,28.7795709171,28.8755758400,28.9827546465,29.1018468171,29.2336719867,29.3791878423,29.5395569708,29.7162007049
507,28.2716550161,28.2741804839,28.2817941635,28.2946076486,28.3128061117,28.3366469710,28.3664578050,28.4026333048,28.4456310120,28.4959655896,28.5542014710,28.6209440095,28.6968298599,28.7825184134,28.8786876774,28.9860396266,29.1053206675,29.2373609035,29.3831303167,29.5438023422,29.7208038854
508,28.2733615169,28.2758953766,28.2835341841,28.2963893838,28.3146458793,28.3385606702,28.3684607260,28.4047398898,28.4478545660,28.4983179597,28.5566927432,28.6235823349,28.6996216083,28.7854689446,28.8818030370,28.9893293001,29.1088010719,29.2410586455,29.3870837296,29.5480599197,29.7254191806
509,28.2750736848,28.2776159256,28.2852798276,28.2981766819,28.3164911173,28.3404797066,28.3704688003,28.4068513830,28.4500827149,28.5006745450,28.5591878070,28.6262240433,28.7024164595,28.7884225995,28.8849220444,28.9926238006,29.1122881216,29.2447652078,29.3910479540,29.5523294789,29.7300463401
510,28.2767915126,28.2793421235,28.2870310854,28.2999695331,28.3183418141,28.3424040663,28.3724820116,28.4089677663,28.4523154404,28.5030353307,28.5616866579,28.6288691509,28.7052144626,28.7913794665,28.8880448203,28.9959232526,29.1157818977,29.2484805800,29.3950228663,29.5566108073,29.7346851280
511,28.2785149927,28.2810739623,28.2887879491,28.3017679275,28.3201979580,28.3443337353,28.3745003435,28.4110890216,28.4545527245,28.5054003031,28.5641892934,28.6315176768,28.7080156680,28.7943396333,28.8911714810,28.9992277729,29.1192824727,29.2522047472,29.3990083459,29.5609037027,29.7393353211
512,28.2802441174,28.2828114342,28.2905504099,28.3035718549,28.3220595369,28.3462686996,28.3765237798,28.4132151312,28.4567945501,28.5077694499,28.5666957131,28.6341696417,28.7108201279,28.7973031867,28.8943021380,29.0025374700,29.1227899112,29.2559376904,29.4030042755,29.5652079728,29.7439967085
513,28.2819788790,28.2845545311,28.2923184589,28.3053813052,28.3239265389,28.3482089449,28.3785523043,28.4153460779,28.4590409010,28.5101427600,28.5692059183,28.6368250687,28.7136278954,28.8002702121,28.8974368986,29.0058524455,29.1263042701,29.2596793871,29.4070105408,29.5695234343,29.7486690900
514,28.2837192693,28.2863032446,28.2940920868,28.3071962678,28.3257989516,28.3501544570,28.3805859009,28.4174818445,28.4612917614,28.5125202239,28.5717199124,28.6394839827,28.7164390242,28.8032407934,28.9005758652,29.0091727942,29.1298256002,29.2634298119,29.4110270307,29.5738499124,29.7533522757
515,28.2854652802,28.2880575663,28.2958712845,28.3090167321,28.3276767628,28.3521052217,28.3826245536,28.4196224144,28.4635471169,28.5149018332,28.5742377003,28.6421464101,28.7192535689,28.8062150130,28.9037191361,29.0124986043,29.1333539459,29.2671889370,29.4150536370,29.5781872401,29.7580460846
516,28.2872169033,28.2898174874,28.2976560424,28.3108426873,28.3295599600,28.3540612245,28.3846682466,28.4217677716,28.4658069533,28.5172875811,28.5767592887,28.6448123788,28.7220715844,28.8091929515,28.9068668052,29.0158299581,29.1368893463,29.2709567325,29.4190902546,29.5825352577,29.7627503449
517,28.2889741299,28.2915829991,28.2994463509,28.3126741226,28.3314485306,28.3560224513,28.3867169643,28.4239179003,28.4680712579,28.5196774619,28.5792846859,28.6474819182,28.7248931257,28.8121746877,28.9100189621,29.0191669322,29.1404318357,29.2747331668,29.4231367811,29.5868938124,29.7674648924
518,28.2907369512,28.2933540924,28.3012422002,28.3145110269,28.3333424621,28.3579888878,28.3887706912,28.4260727853,28.4703400184,28.5220714712,28.5818139016,28.6501550587,28.7277182478,28.8151602984,28.9131756925,29.0225095980,29.1439814436,29.2785182065,29.4271931172,29.5912627576,29.7721895705
519,28.2925053585,28.2951307581,28.3030435803,28.3163533890,28.3352417416,28.3599605197,28.3908294120,28.4282324119,28.4726132238,28.5244696061,28.5843469470,28.6528318317,28.7305470056,28.8181498584,28.9163370780,29.0258580219,29.1475381956,29.2823118174,29.4312591661,29.5956419528,29.7769242294
520,28.2942793425,28.2969129868,28.3048504811,28.3182011975,28.3371463564,28.3619373327,28.3928931119,28.4303967660,28.4748908636,28.5268718647,28.5868838346,28.6555122696,28.7333794538,28.8211434406,28.9195031966,29.0292122657,29.1511021134,29.2861139641,29.4353348335,29.6000312630,29.7816687257
521,28.2960588938,28.2987007689,28.3066628922,28.3200544410,28.3390562937,28.3639193129,28.3949617760,28.4325658341,28.4771729286,28.5292782464,28.5894245781,28.6581964053,28.7362156464,28.8241411156,28.9226741226,29.0325723867,29.1546732154,29.2899246102,29.4394200281,29.6044305587,29.7864229223
522,28.2978440032,28.3004940948,28.3084808033,28.3219131080,28.3409715406,28.3659064460,28.3970353901,28.4347396031,28.4794594102,28.5316887517,28.5919691923,28.6608842727,28.7390556373,28.8271429522,28.9258499266,29.0359384385,29.1582515169,29.2937437188,29.4435146606,29.6088397150,29.7911866875
523,28.2996346608,28.3022929544,28.3103042037,28.3237771868,28.3428920841,28.3678987183,28.3991139399,28.4369180607,28.4817503010,28.5341033823,28.5945176932,28.6635759057,28.7418994795,28.8301490170,28.9290306762,29.0393104704,29.1618370302,29.2975712526,29.4476186444,29.6132586118,29.7959598949
524,28.3014308570,28.3040973379,28.3121330827,28.3256466656,28.3448179114,28.3698961159,28.4011974118,28.4391011951,28.4840455941,28.5365221409,28.5970700975,28.6662713391,28.7447472254,28.8331593745,28.9322164353,29.0426885286,29.1654297652,29.3014071736,29.4517318950,29.6176871336,29.8007424231
525,28.3032325818,28.3059072350,28.3139674295,28.3275215326,28.3467490095,28.3718986250,28.4032857924,28.4412889950,28.4863452839,28.5389450312,28.5996264229,28.6689706076,28.7475989267,28.8361740873,28.9354072651,29.0460726556,29.1690297293,29.3052514438,29.4558543302,29.6221251688,29.8055341554
526,28.3050398249,28.3077226354,28.3158072330,28.3294017758,28.3486853656,28.3739062324,28.4053790686,28.4434814500,28.4886493653,28.5413720580,28.6021866880,28.6716737463,28.7504546342,28.8391932157,28.9386032236,29.0494628910,29.1726369278,29.3091040249,29.4599858700,29.6265726097,29.8103349794
527,28.3068525763,28.3095435285,28.3176524823,28.3312873834,28.3506269668,28.3759189245,28.4074772277,28.4456785501,28.4909578343,28.5438032268,28.6047509120,28.6743807904,28.7533143978,28.8422168184,28.9418043660,29.0528592712,29.1762513638,29.3129648783,29.4641264364,29.6310293525,29.8151447870
528,28.3086708254,28.3113699038,28.3195031660,28.3331783433,28.3525738002,28.3779366883,28.4095802575,28.4478802860,28.4932706876,28.5462385441,28.6073191148,28.6770917751,28.7561782668,28.8452449518,28.9450107448,29.0562618301,29.1798730389,29.3168339657,29.4682759534,29.6354952967,29.8199634738
529,28.3104945617,28.3132017505,28.3213592729,28.3350746433,28.3545258531,28.3799595109,28.4116881462,28.4500866491,28.4955879227,28.5486780174,28.6098913168,28.6798067356,28.7590462892,28.8482776706,28.9482224098,29.0596705989,29.1835019528,29.3207112485,29.4724343469,29.6399703453,29.8247909391
530,28.3123237746,28.3150390577,28.3232207915,28.3369762715,28.3564831127,28.3819873795,28.4138008822,28.4522976312,28.4979095379,28.5511216545,28.6124675390,28.6825257070,28.7619185122,28.8513150276,28.9514394085,29.0630856063,29.1871381038,29.3245966884,29.4766015446,29.6444544045,29.8296270858
531,28.3141584531,28.3168818145,28.3250877105,28.3388832156,28.3584455666,28.3840202817,28.4159184547,28.4545132250,28.5002355322,28.5535694645,28.6150478027,28.6852487243,28.7647949821,28.8543570735,28.9546617858,29.0665068789,29.1907814888,29.3284902471,29.4807774763,29.6489473832,29.8344718201
532,28.3159985864,28.3187300097,28.3269600182,28.3407954636,28.3604132022,28.3860582052,28.4180408529,28.4567334235,28.5025659054,28.5560214568,28.6176321298,28.6879758222,28.7676757441,28.8574038576,28.9578895845,29.0699344409,29.1944321034,29.3323918866,29.4849620731,29.6534491935,29.8393250512
533,28.3178441634,28.3205836321,28.3288377031,28.3427130034,28.3623860070,28.3881011382,28.4201680668,28.4589582207,28.5049006581,28.5584776415,28.6202205424,28.6907070352,28.7705608423,28.8604554271,28.9611228451,29.0733683148,29.1980899420,29.3363015689,29.4891552681,29.6579597499,29.8441866914
534,28.3196951730,28.3224426705,28.3307207534,28.3446358228,28.3643639689,28.3901490689,28.4223000866,28.4611876108,28.5072397913,28.5609380294,28.6228130629,28.6934423977,28.7734503200,28.8635118278,28.9643616061,29.0768085208,29.2017549980,29.3402192564,29.4933569958,29.6624789699,29.8490566557
535,28.3215516040,28.3243071135,28.3326091574,28.3465639097,28.3663470756,28.3922019859,28.4244369031,28.4634215889,28.5095833068,28.5634026317,28.6254097138,28.6961819434,28.7763442194,28.8665731036,28.9676059040,29.0802550778,29.2054272638,29.3441449117,29.4975671923,29.6670067730,29.8539348618
536,28.3234134449,28.3261769496,28.3345029034,28.3484972522,28.3683353152,28.3942598781,28.4265785073,28.4656601504,28.5119312070,28.5658714603,28.6280105181,28.6989257059,28.7792425816,28.8696392970,28.9708557734,29.0837080027,29.2091067309,29.3480784977,29.5017857953,29.6715430814,29.8588212301
537,28.3252806845,28.3280521672,28.3364019797,28.3504358382,28.3703286759,28.3963227346,28.4287248911,28.4679032914,28.5142834951,28.5683445274,28.6306154986,28.7016737184,28.7821454468,28.8727104487,28.9741112470,29.0871673108,29.2127933899,29.3520199775,29.5060127438,29.6760878194,29.8637156832
538,28.3271533111,28.3299327549,28.3383063744,28.3523796558,28.3723271459,28.3983905449,28.4308760463,28.4701510087,28.5166401744,28.5708218457,28.6332246784,28.7044260137,28.7850528541,28.8757865981,28.9773723560,29.0906330163,29.2164872309,29.3559693147,29.5102479783,29.6806409134,29.8686181461
539,28.3290313133,28.3318187010,28.3402160757,28.3543286931,28.3743307138,28.4004632988,28.4330319655,28.4724032992,28.5190012492,28.5733034283,28.6358380806,28.7071826240,28.7879648416,28.8788677829,28.9806391297,29.0941051314,29.2201882431,29.3599264731,29.5144914406,29.6852022919,29.8735285460
540,28.3309146794,28.3337099939,28.3421310719,28.3562829385,28.3763393683,28.4025409864,28.4351926416,28.4746601608,28.5213667241,28.5757892886,28.6384557283,28.7099435812,28.7908814465,28.8819540396,28.9839115960,29.0975836677,29.2238964151,29.3638914168,29.5187430739,29.6897718855,29.8784468124
541,28.3328033979,28.3356066218,28.3440513512,28.3582423801,28.3783530983,28.4046235981,28.4373580679,28.4769215917,28.5237366041,28.5782794403,28.6410776447,28.7127089168,28.7938027050,28.8850454033,28.9871897811,29.1010686349,29.2276117351,29.3678641104,29.5230028202,29.6943488043,29.8833244388
542,28.3346974570,28.3375085730,28.3459769018,28.3602070064,28.3803718928,28.4067111245,28.4395282383,28.4791875905,28.5261108948,28.5807738976,28.6437038528,28.7154786615,28.7967286522,28.8881419075,28.9904737100,29.1045600420,29.2313341904,29.3718445166,29.5272703952,29.6989261822,29.8881703681
543,28.3365968451,28.3394158359,28.3479077121,28.3621768059,28.3823957412,28.4088035568,28.4417031470,28.4814581564,28.5284896023,28.5832726747,28.6463343756,28.7182528458,28.7996593223,28.8912435848,28.9937634062,29.1080578968,29.2350637675,29.3758325484,29.5315445585,29.7034993840,29.8929986783
544,28.3385015505,28.3413283987,28.3498437703,28.3641517673,28.3844246329,28.4109008863,28.4438827885,28.4837332890,28.5308727329,28.5857757861,28.6489692361,28.7210314995,28.8025947486,28.8943504661,28.9970588919,29.1115622056,29.2388004417,29.3798279406,29.5358236661,29.7080676855,29.8978143564
545,28.3404115615,28.3432462498,28.3517850650,28.3661318793,28.3864585578,28.4130031047,28.4460671579,28.4860129883,28.5332602934,28.5882832466,28.6516084570,28.7238146520,28.8055349635,28.8974625815,29.0003601880,29.1150729718,29.2425441516,29.3838302375,29.5401064092,29.7126313275,29.9026202568
546,28.3423268663,28.3451693775,28.3537315845,28.3681171309,28.3884975057,28.4151102039,28.4482562507,28.4882972550,28.5356522909,28.5907950711,28.6542520612,28.7266023323,28.8084799985,28.9005799596,29.0036673137,29.1185901900,29.2462947797,29.3878388983,29.5443918796,29.7171907762,29.9074182858
547,28.3442474533,28.3470977700,28.3556833175,28.3701075111,28.3905414669,28.4172221764,28.4504500626,28.4905860898,28.5380487330,28.5933112747,28.6569000710,28.7293945684,28.8114298840,28.9037026279,29.0069802854,29.1221138397,29.2500521541,29.3918533851,29.5486794684,29.7217465285,29.9122098271
548,28.3461733108,28.3490314160,28.3576402524,28.3721030091,28.3925904318,28.4193390148,28.4526485899,28.4928794941,28.5404496275,28.5958318724,28.6595525088,28.7321913883,28.8143846497,28.9068306125,29.0102991147,29.1256438799,29.2538160640,29.3958732057,29.5529687716,29.7262990554,29.9169959407
549,28.3481044273,28.3509703037,28.3596023781,28.3741036143,28.3946443911,28.4214607121,28.4548518292,28.4951774695,28.5428549824,28.5983568797,28.6622093969,28.7349928192,28.8173443243,28.9099639374,29.0136238066,29.1291802489,29.2575862774,29.3998979285,29.5572595239,29.7308487869,29.9217774688
550,28.3500407911,28.3529144217,28.3615696834,28.3761093162,28.3967033356,28.4235872615,28.4570597775,28.4974800182,28.5452648062,28.6008863118,28.6648707571,28.7377988876,28.8203089355,28.9131026241,29.0169543574,29.1327228665,29.2613625552,29.4039271830,29.5615515540,29.7353961105,29.9265550995
551,28.3519823908,28.3548637586,28.3635421571,28.3781201045,28.3987672567,28.4257186568,28.4592724320,28.4997871424,28.5476791074,28.6034201842,28.6675366111,28.7406096198,28.8232785095,28.9162466905,29.0202907543,29.1362716371,29.2651446612,29.4079606550,29.5658447554,29.7399413740,29.9313294070
552,28.3539292149,28.3568183031,28.3655197885,28.3801359691,28.4008361456,28.4278548917,28.4614897905,28.5020988449,28.5500978948,28.6059585124,28.6702069806,28.7434250411,28.8262530714,28.9193961509,29.0236329750,29.1398264541,29.2689323684,29.4119980787,29.5701390665,29.7444848899,29.9361008783
553,28.3558812520,28.3587780439,28.3675025665,28.3821569002,28.4029099941,28.4299959607,28.4637118510,28.5044151288,28.5525211777,28.6085013118,28.6728818866,28.7462451762,28.8292326441,28.9225510144,29.0269809884,29.1433872038,29.2727254627,29.4160392304,29.5744344575,29.7490269391,29.9408699323
554,28.3578384909,28.3607429699,28.3694904807,28.3841828878,28.4049887941,28.4321418581,28.4659386117,28.5067359974,28.5549489651,28.6110485979,28.6755613502,28.7490700489,28.8322172485,28.9257112857,29.0303347557,29.1469537683,29.2765237447,29.4200839217,29.5787309208,29.7535677757,29.9456369336
555,28.3598009203,28.3627130700,28.3714835203,28.3862139225,28.4070725377,28.4342925790,28.4681700715,28.5090614543,28.5573812667,28.6136003861,28.6782453918,28.7518996822,28.8352069032,28.9288769645,29.0336942311,29.1505260284,29.2803270301,29.4241319936,29.5830284646,29.7581076298,29.9504022023
556,28.3617685293,28.3646883332,28.3734816750,28.3882499950,28.4091612174,28.4364481184,28.4704062293,28.5113915034,28.5598180919,28.6161566920,28.6809340317,28.7547340977,28.8382016241,28.9320480453,29.0370593637,29.1541038656,29.2841351497,29.4281833123,29.5873271081,29.7626467105,29.9551660217
557,28.3637413067,28.3666687489,28.3754849346,28.3902910960,28.4112548258,28.4386084719,28.4726470844,28.5137261489,28.5622594506,28.6187175307,28.6836272894,28.7575733158,28.8412014242,28.9352245185,29.0404300979,29.1576871634,29.2879479487,29.4322377647,29.5916268787,29.7671852086,29.9599286447
558,28.3657192417,28.3686543062,28.3774932889,28.3923372167,28.4133533560,28.4407736351,28.4748926364,28.5160653953,28.5647053525,28.6212829176,28.6863251841,28.7604173556,28.8442063138,28.9384063698,29.0438063751,29.1612758086,29.2917652857,29.4362952552,29.5959278088,29.7717232989,29.9646902981
559,28.3677023236,28.3706449947,28.3795067281,28.3943883484,28.4154568011,28.4429436041,28.4771428852,28.5184092471,28.5671558077,28.6238528677,28.6890277343,28.7632662346,28.8472163005,28.9415935814,29.0471881344,29.1648696921,29.2955870321,29.4403557030,29.6002299348,29.7762611416,29.9694511866
560,28.3696905418,28.3726408039,28.3815252424,28.3964444824,28.4175651545,28.4451183753,28.4793978309,28.5207577092,28.5696108261,28.6264273957,28.6917349577,28.7661199687,28.8502313886,28.9447861318,29.0505753132,29.1684687091,29.2994130707,29.4444190400,29.6045332951,29.7807988844,29.9742114956
561,28.3716838858,28.3746417237,28.3835488222,28.3985056105,28.4196784100,28.4472979451,28.4816574740,28.5231107867,28.5720704179,28.6290065164,28.6944468713,28.7689785719,28.8532515801,28.9479839967,29.0539678485,29.1720727596,29.3032432948,29.4484852084,29.6088379298,29.7853366636,29.9789713941
562,28.3736823452,28.3766477438,28.3855774582,28.4005717246,28.4217965615,28.4494823106,28.4839218151,28.5254684848,28.5745345932,28.6315902440,28.6971634911,28.7718420569,28.8562768743,28.9511871493,29.0573656771,29.1756817484,29.3070776073,29.4525541595,29.6131438796,29.7898746051,29.9837310365
563,28.3756859100,28.3786588543,28.3876111411,28.4026428169,28.4239196032,28.4516714687,28.4861908552,28.5278308089,28.5770033620,28.6341785925,28.6998848322,28.7747104342,28.8593072678,28.9543955604,29.0607687359,29.1792955852,29.3109159199,29.4566258521,29.6174511852,29.7944128261,29.9884905645
564,28.3776945701,28.3806750455,28.3896498619,28.4047188796,28.4260475296,28.4538654170,28.4884645954,28.5301977646,28.5794767343,28.6367715753,28.7026109090,28.7775837129,28.8623427553,28.9576091994,29.0641769629,29.1829141845,29.3147581523,29.4607002517,29.6217598873,29.7989514351,29.9932501084
565,28.3797083156,28.3826963078,28.3916936118,28.4067999054,28.4281803354,28.4560641530,28.4907430371,28.5325693575,28.5819547201,28.6393692056,28.7053417344,28.7804619002,28.8653833290,28.9608280340,29.0675902968,29.1865374656,29.3186042310,29.4647773291,29.6260700259,29.8034905335,29.9980097886
566,28.3817271368,28.3847226317,28.3937423821,28.4088858871,28.4303180155,28.4582676747,28.4930261819,28.5349455934,28.5844373293,28.6419714961,28.7080773207,28.7833450017,28.8684289796,28.9640520309,29.0710086777,29.1901653521,29.3224540893,29.4688570602,29.6303816404,29.8080302157,30.0027697165
567,28.3837510243,28.3867540080,28.3957961645,28.4109768176,28.4324605652,28.4604759802,28.4953140315,28.5373264782,28.5869245715,28.6445784586,28.7108176788,28.7862330214,28.8714796957,28.9672811561,29.0744320473,29.1937977720,29.3263076663,29.4729394247,29.6346947693,29.8125705702,30.0075299954
568,28.3857799687,28.3887904277,28.3978549507,28.4130726903,28.4346079798,28.4626890678,28.4976065880,28.5397120177,28.5894164562,28.6471901049,28.7135628187,28.7891259617,28.8745354645,28.9705153750,29.0778603487,29.1974346575,29.3301649062,29.4770244059,29.6390094501,29.8171116797,30.0122907213
569,28.3878139609,28.3908318817,28.3999187326,28.4151734985,28.4367602550,28.4649069361,28.4999038534,28.5421022179,28.5919129928,28.6498064458,28.7163127492,28.7920238235,28.8775962719,28.9737546524,29.0812935268,29.2010759447,29.3340257582,29.4811119902,29.6433257192,29.8216536219,30.0170519838
570,28.3898529918,28.3928783616,28.4019875025,28.4172792361,28.4389173866,28.4671295839,28.5022058299,28.5444970848,28.5944141903,28.6524274915,28.7190674781,28.7949266064,28.8806621024,28.9769989534,29.0847315281,29.2047215734,29.3378901757,29.4852021666,29.6476436121,29.8261964695,30.0218138666
571,28.3918970528,28.3949298587,28.4040612528,28.4193898968,28.4410793710,28.4693570102,28.5045125201,28.5468966242,28.5969200574,28.6550532518,28.7218270122,28.7978343087,28.8837329397,28.9802482428,29.0881743011,29.2083714869,29.3417581163,29.4892949263,29.6519631631,29.8307402914,30.0265764477
572,28.3939461352,28.3969863649,28.4061399760,28.4215054748,28.4432462042,28.4715892143,28.5068239265,28.5493008421,28.5994306027,28.6576837355,28.7245913572,28.8007469273,28.8868087663,28.9835024855,29.0916217959,29.2120256317,29.3456295408,29.4933902625,29.6562844052,29.8352851520,30.0313398006
573,28.3960002307,28.3990478719,28.4082236650,28.4236259645,28.4454178830,28.4738261954,28.5091400516,28.5517097443,28.6019458344,28.6603189511,28.7273605177,28.8036644582,28.8898895642,28.9867616468,29.0950739645,29.2156839575,29.3495044136,29.4974881700,29.6606073706,29.8398311125,30.0361039940
574,28.3980593310,28.4011143719,28.4103123127,28.4257513604,28.4475944040,28.4760679532,28.5114608982,28.5541233365,28.6044657602,28.6629589062,28.7301344975,28.8065868961,28.8929753145,28.9900256925,29.0985307605,29.2193464170,29.3533827017,29.5015886451,29.6649320903,29.8443782302,30.0408690926
575,28.4001234283,28.4031858573,28.4124059125,28.4278816573,28.4497757643,28.4783144873,28.5137864690,28.5565416245,28.6069903877,28.6656036078,28.7329132993,28.8095142350,28.8960659979,28.9932945884,29.1019921395,29.2230129654,29.3572643751,29.5056916853,29.6692585942,29.8489265597,30.0456351572
576,28.4021925146,28.4052623206,28.4145044577,28.4300168503,28.4519619610,28.4805657976,28.5161167669,28.5589646138,28.6095197239,28.6682530622,28.7356969250,28.8124464678,28.8991615947,28.9965683012,29.1054580587,29.2266835605,29.3611494061,29.5097972894,29.6735869111,29.8534761524,30.0504022452
577,28.4042665826,28.4073437544,28.4166079421,28.4321569344,28.4541529914,28.4828218842,28.5184517948,28.5613923097,28.6120537756,28.6709072750,28.7384853756,28.8153835867,28.9022620848,28.9998467981,29.1089284767,29.2303581628,29.3650377692,29.5139054569,29.6779170688,29.8580270573,30.0551704107
578,28.4063456246,28.4094301518,28.4187163594,28.4343019052,28.4563488532,28.4850827471,28.5207915556,28.5638247174,28.6145925490,28.6735662511,28.7412786513,28.8183255830,28.9053674478,29.0031300468,29.1124033541,29.2340367347,29.3689294410,29.5180161881,29.6822490942,29.8625793204,30.0599397050
579,28.4084296337,28.4115215059,28.4208297038,28.4364517582,28.4585495440,28.4873483867,28.5231360520,28.5662618422,28.6171360500,28.6762299951,28.7440767514,28.8212724476,28.9084776632,29.0064180158,29.1158826529,29.2377192408,29.3728243998,29.5221294842,29.6865830131,29.8671329858,30.0647101763
580,28.4105186029,28.4136178100,28.4229479695,28.4386064893,28.4607550618,28.4896188033,28.5254852871,28.5687036887,28.6196842842,28.6788985105,28.7468796747,28.8242241706,28.9115927102,29.0097106740,29.1193663365,29.2414056477,29.3767226258,29.5262453468,29.6909188504,29.8716880953,30.0694818706
581,28.4126125254,28.4157190577,28.4250711510,28.4407660945,28.4629654045,28.4918939972,28.5278392636,28.5711502617,28.6222372566,28.6815718005,28.7496874191,28.8271807415,28.9147125683,29.0130079912,29.1228543699,29.2450959240,29.3806241006,29.5303637781,29.6952566303,29.8762446884,30.0742548313
582,28.4147113947,28.4178252428,28.4271992431,28.4429305699,28.4651805704,28.4941739692,28.5301979844,28.5736015656,28.6247949719,28.6842498675,28.7524999819,28.8301421496,28.9178372166,29.0163099380,29.1263467194,29.2487900397,29.3845288073,29.5344847808,29.6995963757,29.8808028029,30.0790290995
583,28.4168152044,28.4199363593,28.4293322406,28.4450999119,28.4674005579,28.4964587197,28.5325614523,28.5760576048,28.6273574343,28.6869327134,28.7553173598,28.8331083836,28.9209666344,29.0196164854,29.1298433528,29.2524879667,29.3884367303,29.5386083577,29.7039381092,29.8853624749,30.0838047145
584,28.4189239485,28.4220524013,28.4314701386,28.4472741172,28.4696253654,28.4987482495,28.5349296699,28.5785183831,28.6299246476,28.6896203397,28.7581395489,28.8360794318,28.9241008013,29.0229276054,29.1333442389,29.2561896783,29.3923478551,29.5427345121,29.7082818521,29.8899237385,30.0885817134
585,28.4210376210,28.4241733632,28.4336129323,28.4494531824,28.4718549916,28.5010425592,28.5373026399,28.5809839044,28.6324966153,28.6923127472,28.7609665447,28.8390552821,28.9272396967,29.0262432705,29.1368493480,29.2598951493,29.3962621683,29.5468632477,29.7126276253,29.8944866265,30.0933601317
586,28.4231562162,28.4262992396,28.4357606174,28.4516371044,28.4740894351,28.5033416496,28.5396803648,28.5834541722,28.6350733402,28.6950099361,28.7637983425,28.8420359224,28.9303833003,29.0295634540,29.1403586514,29.2636043556,29.4001796576,29.5509945682,29.7169754486,29.8990511700,30.0981400030
587,28.4252797286,28.4284300254,28.4379131893,28.4538258803,28.4763286949,28.5056455215,28.5420628470,28.5859291898,28.6376548252,28.6977119062,28.7666349367,28.8450213402,28.9335315920,29.0328881300,29.1438721217,29.2673172747,29.4041003115,29.5551284775,29.7213253414,29.9036173988,30.1029213594
588,28.4274081529,28.4305657155,28.4400706441,28.4560195074,28.4785727698,28.5079541756,28.5444500890,28.5884089601,28.6402410723,28.7004186568,28.7694763216,28.8480115227,28.9366845518,29.0362172731,29.1473897325,29.2710338850,29.4080241195,29.5592649798,29.7256773223,29.9081853414,30.1077042316
589,28.4295414840,28.4327063050,28.4422329777,28.4582179829,28.4808216590,28.5102676128,28.5468420928,28.5908934860,28.6428320833,28.7031301869,28.7723224909,28.8510064571,28.9398421600,29.0395508587,29.1509114585,29.2747541661,29.4119510716,29.5634040791,29.7300314091,29.9127550250,30.1124886487
590,28.4316797170,28.4348517894,28.4444001863,28.4604213044,28.4830753616,28.5125858339,28.5492388606,28.5933827699,28.6454278597,28.7058464948,28.7751734381,28.8540061303,28.9430043972,29.0428888629,29.1544372751,29.2784780988,29.4158811589,29.5675457799,29.7343876192,29.9173264756,30.1172746386
591,28.4338228472,28.4370021642,28.4465722662,28.4626294696,28.4853338767,28.5149088396,28.5516403945,28.5958768142,28.6480284026,28.7085675786,28.7780291562,28.8570105293,28.9461712441,29.0462312622,29.1579671591,29.2822056645,29.4198143727,29.5716900864,29.7387459691,29.9218997181,30.1220622280
592,28.4359708700,28.4391574252,28.4487492142,28.4648424762,28.4875972037,28.5172366307,28.5540466962,28.5983756208,28.6506337127,28.7112934359,28.7808896381,28.8600196409,28.9493426818,29.0495780342,29.1615010878,29.2859368457,29.4237507053,29.5758370030,29.7431064751,29.9264747763,30.1268514424
593,28.4381237810,28.4413175683,28.4509310267,28.4670603220,28.4898653418,28.5195692080,28.5564577674,28.6008791915,28.6532437903,28.7140240639,28.7837548762,28.8630334518,28.9525186916,29.0529291566,29.1650390395,29.2896716260,29.4276901494,29.5799865342,29.7474691525,29.9310516732,30.1316423060
594,28.4402815762,28.4434825895,28.4531177008,28.4692830053,28.4921382906,28.5219065722,28.5588736097,28.6033875277,28.6558586355,28.7167594596,28.7866248629,28.8660519488,28.9556992552,29.0562846082,29.1685809936,29.2934099894,29.4316326981,29.5841386843,29.7518340163,29.9356304306,30.1364348421
595,28.4424442515,28.4456524851,28.4553092333,28.4715105239,28.4944160493,28.5242487239,28.5612942245,28.6059006306,28.6584782480,28.7194996195,28.7894995899,28.8690751185,28.9588843545,29.0596443680,29.1721269298,29.2971519208,29.4355783452,29.5882934578,29.7562010810,29.9402110696,30.1412290732
596,28.4446118031,28.4478272517,28.4575056215,28.4737428762,28.4966986176,28.5265956637,28.5637196132,28.6084185014,28.6611026271,28.7222445399,28.7923790493,28.8721029477,28.9620739716,29.0630084159,29.1756768288,29.3008974059,29.4395270848,29.5924508591,29.7605703606,29.9447936102,30.1460250205
597,28.4467842274,28.4500068857,28.4597068626,28.4759800606,28.4989859948,28.5289473923,28.5661497767,28.6109411406,28.6637317719,28.7249942167,28.7952632327,28.8751354232,28.9652680890,29.0663767321,29.1792306721,29.3046464311,29.4434789114,29.5966108926,29.7649418683,29.9493780718,30.1508227045
598,28.4489615208,28.4521913839,28.4619129540,28.4782220753,28.5012781806,28.5313039101,28.5685847161,28.6134685488,28.6663656812,28.7277486457,28.7981521313,28.8781725316,28.9684666896,29.0697492974,29.1827884418,29.3083989832,29.4474338199,29.6007735625,29.7693156173,29.9539644730,30.1556221450
599,28.4511436801,28.4543807432,28.4641238933,28.4804689189,28.5035751745,28.5336652176,28.5710244322,28.6160007263,28.6690043534,28.7305078222,28.8010457367,28.8812142599,28.9716697565,29.0731260934,29.1863501205,29.3121550498,29.4513918056,29.6049388732,29.7736916200,29.9585528316,30.1604233606
600,28.4533307020,28.4565749606,28.4663396782,28.4827205900,28.5058769760,28.5360313152,28.5734689256,28.6185376731,28.6716477869,28.7332717414,28.8039440398,28.8842605950,28.9748772730,29.0765071018,29.1899156916,29.3159146190,29.4553528639,29.6091068289,29.7780698886,29.9631431648,30.1652263695
601,28.4555225836,28.4587740334,28.4685603063,28.4849770871,28.5081835848,28.5384022031,28.5759181968,28.6210793889,28.6742959796,28.7360403983,28.8068470319,28.8873115237,28.9780892230,29.0798923050,29.1934851391,29.3196776795,29.4593169908,29.6132774338,29.7824504381,29.9677367192,30.1701036687
602,28.4577193219,28.4609779588,28.4707857757,28.4872384091,28.5104950004,28.5407778816,28.5783722462,28.6236258734,28.6769489291,28.7388137877,28.8097547038,28.8903670331,28.9813055902,29.0832816860,29.1970584474,29.3234442202,29.4632841824,29.6174506952,29.7868336239,29.9723436864,30.1750417933
603,28.4599209142,28.4631867343,28.4730160842,28.4895045546,28.5128112224,28.5431583508,28.5808310739,28.6261771259,28.6796066330,28.7415919039,28.8126670464,28.8934271105,28.9845263592,29.0866752281,29.2006356017,29.3272142309,29.4672544362,29.6216266954,29.7912212332,29.9769709213,30.1800195967
604,28.4621273579,28.4654003575,28.4752512300,28.4917755225,28.5151322504,28.5455436109,28.5832946800,28.6287331456,28.6822690885,28.7443747415,28.8155840506,28.8964917430,28.9877515144,29.0900729151,29.2042165874,29.3309877019,29.4712277660,29.6258057839,29.7956156589,29.9816194289,30.1850295373
605,28.4643386504,28.4676188259,28.4774912112,28.4940513116,28.5174580838,28.5479336618,28.5857630643,28.6312939314,28.6849362926,28.7471622945,28.8185057069,28.8995609179,28.9909810407,29.0934747312,29.2078013908,29.3347646274,29.4752042395,29.6299885953,29.8000187930,29.9862887718,30.1900672668
606,28.4665547894,28.4698421375,28.4797360260,28.4963319208,28.5197887222,28.5503285033,28.5882362267,28.6338594820,28.6876082422,28.7499545571,28.8214320062,28.9026346228,28.9942149234,29.0968806612,29.2113899992,29.3385450133,29.4791840088,29.6341758924,29.8044319298,29.9909781772,30.1951298575
607,28.4687757726,28.4720702900,28.4819856729,28.4986173490,28.5221241652,28.5527281354,28.5907141665,28.6364297960,28.6902849338,28.7527515230,28.8243629391,28.9057128451,28.9974531478,29.1002906902,29.2149824028,29.3423288879,29.4831673068,29.6383684343,29.8088559167,29.9956868282,30.2002151650
608,28.4710015979,28.4743032815,28.4842401501,28.5009075953,28.5244644121,28.5551325576,28.5931968833,28.6390048718,28.6929663640,28.7555531860,28.8272984962,28.9087955726,29.0006956997,29.1037048045,29.2185785978,29.3461163084,29.4871544242,29.6425669118,29.8132912956,30.0004139478,30.2053215316
609,28.4732322631,28.4765411101,28.4864994562,28.5032026585,28.5268094625,28.5575417698,28.5956843763,28.6415847075,28.6956525289,28.7583595398,28.8302386680,28.9118827932,29.0039425653,29.1071229919,29.2221785894,29.3499073626,29.4911456833,29.6467719257,29.8177384024,30.0051588223,30.2104476266
610,28.4754677664,28.4787837739,28.4887635897,28.5055025377,28.5291593158,28.5599557713,28.5981766447,28.6441693012,28.6983434247,28.7611705777,28.8331834453,28.9149744947,29.0071937313,29.1105452432,29.2257823942,29.3537021655,29.4951414170,29.6509839858,29.8221974332,30.0099208029,30.2155923519
611,28.4777081058,28.4810312712,28.4910325492,28.5078072319,28.5315139713,28.5623745616,28.6006736874,28.6467586506,28.7010390472,28.7639862933,28.8361328185,28.9180706655,29.0104491854,29.1139715529,29.2293900420,29.3575008540,29.4991419534,29.6552035184,29.8266684881,30.0146993019,30.2207547813
612,28.4799532796,28.4832836002,28.4933063332,28.5101167402,28.5338734284,28.5647981401,28.6031755033,28.6493527534,28.7037393923,28.7668066797,28.8390867784,28.9211712939,29.0137089165,29.1174019205,29.2330015752,29.3613035808,29.5031476069,29.6594308773,29.8311516011,30.0194937859,30.2259341201
613,28.4822032860,28.4855407595,28.4955849406,28.5124310614,28.5362376863,28.5672265060,28.6056820910,28.6519516072,28.7064444555,28.7696317303,28.8420453155,28.9242763688,29.0169729154,29.1208363516,29.2366170487,29.3651105088,29.5071586723,29.6636663542,29.8356467598,30.0243037695,30.2311296772
614,28.4844581233,28.4878027474,28.4978683699,28.5147501948,28.5386067444,28.5696596585,28.6081934493,28.6545552093,28.7091542325,28.7724614382,28.8450084207,28.9273858799,29.0202411751,29.1242748576,29.2402365280,29.3689218064,29.5111754226,29.6679101885,29.8401539194,30.0291288093,30.2363408443
615,28.4867177901,28.4900695624,28.5001566199,28.5170741393,28.5409806017,28.5720975967,28.6107095764,28.6571635569,28.7118687184,28.7752957964,28.8479760848,28.9304998175,29.0235136914,29.1277174568,29.2438600881,29.3727376435,29.5151981076,29.6721625757,29.8446730125,30.0339684991,30.2415670809
616,28.4889822848,28.4923412031,28.5024496895,28.5194028939,28.5433592575,28.5745403194,28.6132304708,28.6597766471,28.7145879087,28.7781347980,28.8509482991,28.9336181728,29.0267904630,29.1311641735,29.2474878109,29.3765581884,29.5192269550,29.6764236744,29.8492039560,30.0388224649,30.2468079025
617,28.4912516059,28.4946176682,28.5047475774,28.5217364577,28.5457427109,28.5769878257,28.6157561306,28.6623944768,28.7173117983,28.7809784362,28.8539250551,28.9367409387,29.0300714920,29.1346150379,29.2511197844,29.3803836058,29.5232621705,29.6806936126,29.8537466558,30.0436903616,30.2520628718
618,28.4935257520,28.4968989562,28.5070502824,28.5240748297,28.5481309608,28.5794401141,28.6182865538,28.6650170428,28.7200403825,28.7838267040,28.8569063447,28.9398681093,29.0333567839,29.1380700860,29.2547561004,29.3842140549,29.5273039397,29.6849724923,29.8583010108,30.0485718691,30.2573315914
619,28.4958047217,28.4991850659,28.5093578034,28.5264180087,28.5505240063,28.5818971836,28.6208217384,28.6676443419,28.7227736562,28.7866795948,28.8598921605,28.9429996802,29.0366463478,29.1415293584,29.2583968535,29.3880496886,29.5313524295,29.6892603940,29.8628669151,30.0534666903,30.2626136984
620,28.4980885138,28.5014759959,28.5116701393,28.5287659939,28.5529218463,28.5843590326,28.6233616823,28.6702763705,28.7255116143,28.7895371018,28.8628824958,28.9461356493,29.0399401961,29.1449929001,29.2620421397,29.3918906529,29.5354077891,29.6935573798,29.8674442601,30.0583745478,30.2679088594
621,28.5003771268,28.5037717452,28.5139872888,28.5311187842,28.5553244797,28.5868256596,28.6259063831,28.6729131253,28.7282542517,28.7923992187,28.8658773445,28.9492760159,29.0432383444,29.1484607598,29.2656920555,29.3957370860,29.5394701525,29.6978634965,29.8720329361,30.0632951824,30.2732167670
622,28.5026705596,28.5060723123,28.5163092509,28.5334763784,28.5577319053,28.5892970631,28.6284558386,28.6755546024,28.7310015635,28.7952659394,28.8688767015,28.9524207815,29.0465408118,29.1519329892,29.2693466967,29.3995891186,29.5435396387,29.7021787780,29.8766328330,30.0682283512,30.2785371366
623,28.5049688110,28.5083776962,28.5186360244,28.5358387754,28.5601441218,28.5917732413,28.6310100461,28.6782007984,28.7337535446,28.7981372581,28.8718805630,28.9555699497,29.0498476201,29.1554096424,29.2730061582,29.4034468739,29.5476163543,29.7065032471,29.8812438413,30.0731738257,30.2838697037
624,28.5072718796,28.5106878956,28.5209676082,28.5382059742,28.5625611280,28.5942541926,28.6335690031,28.6808517095,28.7365101900,28.8010131696,28.8748889257,28.9587235260,29.0531587938,29.1588907753,29.2766705332,29.4073104672,29.5517003937,29.7108369173,29.8858658525,30.0781313910,30.2892142214
625,28.5095797644,28.5130029093,28.5233040011,28.5405779735,28.5649829224,28.5967399151,28.6361327070,28.6835073318,28.7392714949,28.8038936690,28.8779017879,28.9618815179,29.0564743599,29.1623764456,29.2803399127,29.4111800070,29.5557918407,29.7151797941,29.8904987598,30.0831008438,30.2945704591
626,28.5118924640,28.5153227362,28.5256452020,28.5429547721,28.5674095037,28.5992304068,28.6387011550,28.6861676617,28.7420374547,28.8067787518,28.8809191490,28.9650439348,29.0597943477,29.1658667114,29.2840143852,29.4150555942,29.5598907695,29.7195318764,29.8951424580,30.0880819923,30.2999382004
627,28.5142099774,28.5176473751,28.5279912098,28.5453363688,28.5698408702,28.6017256659,28.6412743443,28.6888326953,28.7448080649,28.8096684145,28.8839410093,28.9682107881,29.0631187882,29.1693616318,29.2876940368,29.4189373234,29.5639972458,29.7238931573,29.8997968440,30.0930746544,30.3053172417
628,28.5165323034,28.5199768248,28.5303420231,28.5477227623,28.5722770206,28.6042256901,28.6438522721,28.6915024288,28.7475833214,28.8125626540,28.8869673707,28.9713820907,29.0664477143,29.1728612659,29.2913789502,29.4228252826,29.5681113269,29.7282636251,29.9044618166,30.0980786573,30.3107073913
629,28.5188594408,28.5223110842,28.5326976409,28.5501139513,28.5747179532,28.6067304773,28.6464349355,28.6941768587,28.7503632200,28.8154614678,28.8899982361,28.9745578573,29.0697811603,29.1763656728,29.2950692055,29.4267195536,29.5722330636,29.7326432638,29.9091372770,30.1030938369,30.3161084678
630,28.5211913884,28.5246501521,28.5350580618,28.5525099344,28.5771636663,28.6092400254,28.6490223315,28.6968559812,28.7531477574,28.8183648542,28.8930336097,28.9777381044,29.0731191615,29.1798749111,29.2987648796,29.4306202124,29.5763624999,29.7370320540,29.9138231287,30.1081200366,30.3215202998
631,28.5235281450,28.5269940273,28.5374232848,28.5549107102,28.5796141581,28.6117543322,28.6516144572,28.6995397930,28.7559369300,28.8212728123,28.8960734970,28.9809228495,29.0764617543,29.1833890389,29.3024660463,29.4345273298,29.5804996740,29.7414299733,29.9185192774,30.1131571073,30.3269427247
632,28.5258697095,28.5293427086,28.5397933084,28.5573162773,28.5820694270,28.6142733952,28.6542113096,28.7022282905,28.7587307351,28.8241853419,28.8991179045,28.9841121117,29.0798089761,29.1869081136,29.3061727763,29.4384409713,29.5846446189,29.7458369967,29.9232256309,30.1182049063,30.3323755878
633,28.5282160807,28.5316961947,28.5421681314,28.5597266342,28.5845294711,28.6167972122,28.6568128859,28.7049214705,28.7615291702,28.8271024436,28.9021668399,28.9873059112,29.0831608646,29.1904321916,29.3098851372,29.4423611975,29.5887973629,29.7502530971,29.9279420996,30.1232632975,30.3378187421
634,28.5305672573,28.5340544845,28.5445477524,28.5621417794,28.5869942885,28.6193257808,28.6594191832,28.7076193302,28.7643322333,28.8300241187,28.9052203118,28.9905042693,29.0865174581,29.1939613284,29.3136031935,29.4462880647,29.5929579298,29.7546782454,29.9326685958,30.1283321502,30.3432720474
635,28.5329232382,28.5364175766,28.5469321701,28.5645617113,28.5894638773,28.6218590986,28.6620301986,28.7103218665,28.7671399226,28.8329503694,28.9082783302,28.9937072084,29.0898787950,29.1974955779,29.3173270070,29.4502216246,29.5971263396,29.7591124113,29.9374050340,30.1334113394,30.3487353699
636,28.5352840220,28.5387854699,28.5493213832,28.5669864282,28.5919382356,28.6243971632,28.6646459293,28.7130290768,28.7699522371,28.8358811986,28.9113409058,28.9969147514,29.0932449141,29.2010349933,29.3210566364,29.4541619253,29.6013026087,29.7635555629,29.9421513311,30.1385007448,30.3542085816
637,28.5376496075,28.5411581629,28.5517153901,28.5694159287,28.5944173613,28.6269399723,28.6672663728,28.7157409589,28.7727691762,28.8388166099,28.9144080503,29.0001269224,29.0966158539,29.2045796262,29.3247921374,29.4581090109,29.6054867503,29.7680076673,29.9469074057,30.1436002512,30.3596915603
638,28.5400199934,28.5435356544,28.5541141895,28.5718502108,28.5969012525,28.6294875234,28.6698915263,28.7184575106,28.7755907396,28.8417566077,28.9174797763,29.0033437457,29.0999916530,29.2081295269,29.3285335633,29.4620629220,29.6096787746,29.7724686910,29.9516731787,30.1487097474,30.3651841884
639,28.5423951783,28.5459179429,28.5565177798,28.5742892731,28.5993899071,28.6320398141,28.6725213875,28.7211787301,28.7784169279,28.8447011972,28.9205560972,29.0065652466,29.1033723497,29.2116847441,29.3322809645,29.4660236962,29.6138786891,29.7769385995,29.9564485728,30.1538291266,30.3706863534
640,28.5447751611,28.5483050272,28.5589261595,28.5767331136,28.6018833230,28.6345968422,28.6751559540,28.7239046159,28.7812477417,28.8476503842,28.9236370270,29.0097914505,29.1067579821,29.2152453255,29.3360343891,29.4699913677,29.6180864991,29.7814173577,29.9612335125,30.1589582858,30.3761979473
641,28.5471599401,28.5506969058,28.5613393271,28.5791817307,28.6043814983,28.6371586053,28.6777952236,28.7266351666,28.7840831826,28.8506041752,28.9267225807,29.0130223833,29.1101485879,29.2188113169,29.3397938824,29.4739659681,29.6223022074,29.7859049303,29.9660279244,30.1640971256,30.3817188661
642,28.5495495142,28.5530935772,28.5637572810,28.5816351226,28.6068844308,28.6397251012,28.6804391943,28.7293703815,28.7869232525,28.8535625775,28.9298127736,29.0162580712,29.1135442043,29.2223827630,29.3435594877,29.4779475260,29.6265258150,29.7904012815,29.9708317367,30.1692455502,30.3872490097
643,28.5519438818,28.5554950399,28.5661800196,28.5840932873,28.6093921184,28.6422963277,28.6830878643,28.7321102600,28.7897679536,28.8565255988,28.9329076219,29.0194985407,29.1169448681,29.2259597069,29.3473312458,29.4819360678,29.6307573210,29.7949063753,29.9756448794,30.1744034669,30.3927882816
644,28.5543430414,28.5579012926,28.5686075413,28.5865562232,28.6119045593,28.6448722827,28.6857412318,28.7348548017,28.7926172889,28.8594932476,28.9360071419,29.0227438182,29.1203506154,29.2295421903,29.3511091954,29.4859316174,29.6349967227,29.7994201755,29.9804672840,30.1795707861,30.3983365890
645,28.5567469916,28.5603123335,28.5710398443,28.5890239283,28.6144217512,28.6474529643,28.6883992954,28.7376040069,28.7954712619,28.8624655328,28.9391113509,29.0259939305,29.1237614818,29.2331302535,29.3548933730,29.4899341964,29.6392440160,29.8039426459,29.9852988838,30.1847474210,30.4038938421
646,28.5591557308,28.5627281612,28.5734769271,28.5914964007,28.6169436923,28.6500383705,28.6910620539,28.7403578760,28.7983298763,28.8654424640,28.9422202662,29.0292489042,29.1271775023,29.2367239352,29.3586838132,29.4939438244,29.6434991956,29.8084737501,29.9901396136,30.1899332879,30.4094599543
647,28.5615692576,28.5651487741,28.5759187878,28.5939736387,28.6194703805,28.6526284995,28.6937295061,28.7431164097,28.8011931366,28.8684240512,28.9453339055,29.0325087659,29.1305987113,29.2403232731,29.3624805487,29.4979605193,29.6477622546,29.8130134518,29.9949894096,30.1951283053,30.4150348417
648,28.5639875702,28.5675741705,28.5783654248,28.5964556404,28.6220018140,28.6552233496,28.6964016513,28.7458796093,28.8040610475,28.8714103048,28.9484522871,29.0357735423,29.1340251423,29.2439283033,29.3662836104,29.5019842968,29.6520331852,29.8175617149,29.9998482096,30.2003323943,30.4206184234
649,28.5664106672,28.5700043488,28.5808168364,28.5989424038,28.6245379909,28.6578229193,28.6990784888,28.7486474762,28.8069336143,28.8744012360,28.9515754294,29.0390432599,29.1374568284,29.2475390605,29.3700930272,29.5060151711,29.6563119784,29.8221185033,30.0047159526,30.2055454785,30.4262106208
650,28.5688385469,28.5724393074,28.5832730207,28.6014339273,28.6270789094,28.6604272071,28.7017600183,28.7514200123,28.8098108426,28.8773968560,28.9547033510,29.0423179448,29.1408938016,29.2511555782,29.3739088267,29.5100531547,29.6605986244,29.8266837809,30.0095925792,30.2107674836,30.4318113580
651,28.5712712076,28.5748790446,28.5857339761,28.6039302088,28.6296245677,28.6630362117,28.7044462397,28.7541972198,28.8126927386,28.8803971766,28.9578360707,29.0455976233,29.1443360936,29.2547778886,29.3777310346,29.5140982589,29.6648931124,29.8312575121,30.0144780312,30.2159983373,30.4374205612
652,28.5737086476,28.5773235586,28.5881997007,28.6064312468,28.6321749642,28.6656499320,28.7071371531,28.7569791011,28.8155793088,28.8834022099,28.9609736075,29.0488823212,29.1477837350,29.2584060228,29.3815596751,29.5181504931,29.6691954309,29.8358396613,30.0193722515,30.2212379696,30.4430381589
653,28.5761508654,28.5797728477,28.5906701928,28.6089370393,28.6347300973,28.6682683670,28.7098327588,28.7597656593,28.8184705599,28.8864119684,28.9641159805,29.0521720641,29.1512367559,29.2620400105,29.3853947711,29.5222098658,29.6735055676,29.8404301930,30.0242751844,30.2264863123,30.4486640817
654,28.5785978591,28.5822269103,28.5931454507,28.6114475848,28.6372899655,28.6708915159,28.7125330574,28.7625568974,28.8213664994,28.8894264648,28.9672632089,29.0554668775,29.1546951854,29.2656798802,29.3892363441,29.5262763842,29.6778235095,29.8450290722,30.0291867755,30.2317432990,30.4542982623
655,28.5810496270,28.5846857446,28.5956254726,28.6139628813,28.6398545673,28.6735193781,28.7152380499,28.7653528191,28.8242671347,28.8924457121,28.9704153121,29.0587667863,29.1581590522,29.2693256594,29.3930844140,29.5303500541,29.6821492433,29.8496362641,30.0341069712,30.2370088650,30.4599406350
656,28.5835061675,28.5871493488,28.5981102568,28.6164829275,28.6424239016,28.6761519529,28.7179477373,28.7681534281,28.8271724738,28.8954697236,28.9735723091,29.0620718153,29.1616283839,29.2729773745,29.3969389997,29.5344308804,29.6864827549,29.8542517340,30.0390357193,30.2422829476,30.4655911363
657,28.5859674788,28.5896177213,28.6005998015,28.6190077216,28.6449979671,28.6787892401,28.7206621210,28.7709587286,28.8300825248,28.8984985128,28.9767342195,29.0653819889,29.1651032076,29.2766350506,29.4008001189,29.5385188670,29.6908240297,29.8588754476,30.0439729686,30.2475654852,30.4712497040
658,28.5884335591,28.5920908603,28.6030941051,28.6215372621,28.6475767626,28.6814312396,28.7233812026,28.7737687251,28.8329972965,28.9015320934,28.9799010623,29.0686973311,29.1685835495,29.2802987119,29.4046677878,29.5426140167,29.6951730529,29.8635073711,30.0489186687,30.2528564183,30.4769162779
659,28.5909044068,28.5945687641,28.6055931659,28.6240715475,28.6501602873,28.6840779515,28.7261049840,28.7765834223,28.8359167974,28.9045704792,28.9830728568,29.0720178656,29.1720694353,29.2839683817,29.4085420219,29.5467163316,29.6995298090,29.8681474706,30.0538727706,30.2581556884,30.4825907992
660,28.5933800201,28.5970514309,28.6080969823,28.6266105765,28.6527485402,28.6867293758,28.7288334672,28.7794028252,28.8388410368,28.9076136841,28.9862496221,29.0753436156,29.1755608897,29.2876440821,29.4124228355,29.5508258128,29.7038942823,29.8727957128,30.0588352260,30.2634632388,30.4882732107
661,28.5958603973,28.5995388592,28.6106055527,28.6291543478,28.6553415206,28.6893855131,28.7315666547,28.7822269392,28.8417700239,28.9106617224,28.9894313774,29.0786746040,29.1790579368,29.2913258342,29.4163102417,29.5549424607,29.7082664568,29.8774520646,30.0638059828,30.2687772855,30.4938616316
662,28.5983455368,28.6020310472,28.6131188755,28.6317028601,28.6579392280,28.6920463639,28.7343045490,28.7850557698,28.8447037683,28.9137146083,28.9926181415,29.0820108533,29.1825606000,29.2950136585,29.4202042529,29.5590662747,29.7126463163,29.8821164888,30.0687845112,30.2740834788,30.4993749472
663,28.6008354367,28.6045279933,28.6156369493,28.6342561121,28.6605416619,28.6947119290,28.7370471530,28.7878893228,28.8476422797,28.9167723561,28.9958099332,29.0853523855,29.1860689020,29.2987075743,29.4241048806,29.5631972539,29.7170338422,29.8867888429,30.0737682702,30.2793721567,30.5048428355
664,28.6033300956,28.6070296959,28.6181597726,28.6368141030,28.6631488218,28.6973822095,28.7397944696,28.7907276043,28.8505855681,28.9198349802,28.9990067712,29.0886992223,29.1895828650,29.3024076002,29.4280121351,29.5673353959,29.7214289940,29.8914686098,30.0787538683,30.2846418760,30.5102758610
665,28.6058295117,28.6095361534,28.6206873440,28.6393768316,28.6657607077,28.7000572064,28.7425465023,28.7935706205,28.8535336436,28.9229024951,29.0022086741,29.0920513851,29.1931025101,29.3061137538,29.4319260260,29.5714806931,29.7258316547,29.8961548711,30.0837386176,30.2898932208,30.5156801031
666,28.6083336835,28.6120473643,28.6232196622,28.6419442971,28.6683773195,28.7027369211,28.7453032544,28.7964183781,28.8564865165,28.9259749152,29.0054156601,29.0954088945,29.1966278582,29.3098260519,29.4358465610,29.5756331214,29.7302415895,29.9008465296,30.0887206710,30.2951272459,30.5210596452
667,28.6108426095,28.6145633271,28.6257567259,28.6445164988,28.6709986573,28.7054213551,28.7480647297,28.7992708836,28.8594441973,28.9290522551,29.0086277474,29.0987717709,29.2001589291,29.3135445105,29.4397737436,29.5797926252,29.7346584498,29.9055424927,30.0936988088,30.3003450692,30.5264174709
668,28.6133562882,28.6170840404,28.6282985340,28.6470934359,28.6736247212,28.7081105102,28.7508309322,28.8021281441,28.8624066966,28.9321345292,29.0118449541,29.1021400345,29.2036957424,29.3172691438,29.4437075690,29.5839591081,29.7390818060,29.9102417643,30.0986722411,30.3055477524,30.5317558802
669,28.6158747180,28.6196095028,28.6308450854,28.6496751078,28.6762555118,28.7108043883,28.7536018660,28.8049901667,28.8653740250,28.9352217521,29.0150672979,29.1055137046,29.2072383165,29.3209999636,29.4476480194,29.5881324310,29.7435111841,29.9149434750,30.1036404677,30.3107362691,30.5370767142
670,28.6183978976,28.6221397131,28.6333963790,28.6522615142,28.6788910295,28.7135029914,28.7563775353,28.8078569586,28.8683461934,28.9383139382,29.0182947963,29.1088928004,29.2107866689,29.3247369775,29.4515950607,29.5923124163,29.7479460957,29.9196468835,30.1086031852,30.3159115013,30.5423814878
671,28.6209258257,28.6246746699,28.6359524138,28.6548526547,28.6815312750,28.7162063218,28.7591579449,28.8107285274,28.8713232127,28.9414111021,29.0215274667,29.1122773405,29.2143408156,29.3284801874,29.4555486408,29.5964988558,29.7523860585,29.9243513655,30.1135602250,30.3210742463,30.5476714743
672,28.6234585010,28.6272143720,28.6385131891,28.6574485290,28.6841762491,28.7189143820,28.7619430993,28.8136048807,28.8743050939,28.9445132580,29.0247653262,29.1156673426,29.2179007707,29.3322295880,29.4595086889,29.6006915190,29.7568306104,29.9290563994,30.1185115122,30.3262252251,30.5529477628
673,28.6259959222,28.6297588185,28.6410787041,28.6600491370,28.6868259528,28.7216271747,28.7647330035,28.8164860263,28.8772918482,28.9476204204,29.0280083915,29.1190628240,29.2214665452,29.3359851659,29.4634751173,29.6048901611,29.7612793162,29.9337615508,30.1234570368,30.3313650915,30.5582112971
674,28.6285380883,28.6323080082,28.6436489580,28.6626544788,28.6894803873,28.7243447025,28.7675276625,28.8193719720,28.8802834866,28.9507326034,29.0312566792,29.1224638006,29.2250381469,29.3397468984,29.4674478228,29.6090945296,29.7657317721,29.9384664588,30.1283968349,30.3364944406,30.5634629050
675,28.6310849981,28.6348619401,28.6462239504,28.6652645545,28.6921395538,28.7270669685,28.7703270816,28.8222627261,28.8832800204,28.9538498214,29.0345102052,29.1258702869,29.2286155797,29.3435147538,29.4714266892,29.6133043699,29.7701876062,29.9431708246,30.1333309745,30.3416138159,30.5687033194
676,28.6336366508,28.6374206136,28.6488036807,28.6678793644,28.6948034538,28.7297939757,28.7731312663,28.8251582966,28.8862814608,28.9569720882,29.0377689851,29.1292822959,29.2321988429,29.3472886915,29.4754115900,29.6175194295,29.7746464787,29.9478744013,30.1382595460,30.3467237154,30.5739331950
677,28.6361930453,28.6399840276,28.6513881486,28.6704989088,28.6974720888,28.7325257276,28.7759402220,28.8280586920,28.8892878190,28.9600994176,29.0410330335,29.1326998386,29.2357879308,29.3510686620,29.4794023907,29.6217394611,29.7791080799,29.9525769853,30.1431826555,30.3518245973,30.5791531201
678,28.6387541809,28.6425521817,28.6539773538,28.6731231883,28.7001454606,28.7352622276,28.7787539545,28.8309639205,28.8922991064,28.9632318234,29.0443023645,29.1361229236,29.2393828330,29.3548546084,29.4833989507,29.6259642252,29.7835721289,29.9572784096,30.1481004192,30.3569168845,30.5843636274
679,28.6413200568,28.6451250752,28.6565712962,28.6757522035,28.7028235711,28.7380034792,28.7815724697,28.8338739906,28.8953153340,28.9663693187,29.0475769909,29.1395515569,29.2429835339,29.3586464665,29.4874011258,29.6301934908,29.7880383714,29.9619785377,30.1530129601,30.3620009684,30.5895652015
680,28.6438906724,28.6477027075,28.6591699758,28.6783859553,28.7055064223,28.7407494863,28.7843957736,28.8367889111,28.8983365130,28.9695119164,29.0508569246,29.1429857420,29.2465900128,29.3624441659,29.4914087698,29.6344270372,29.7925065774,29.9666772588,30.1579204054,30.3670772125,30.5947582857
681,28.6464660273,28.6502850784,28.6617733926,28.6810244444,28.7081940164,28.7435002528,28.7872238722,28.8397086904,28.9013626546,28.9726596290,29.0541421760,29.1464254795,29.2502022443,29.3662476311,29.4954217356,29.6386646541,29.7969765390,29.9713744841,30.1628228842,30.3721459553,30.5999432871
682,28.6490461209,28.6528721876,28.6643815469,28.6836676720,28.7108863557,28.7462557827,28.7900567718,28.8426333374,28.9043937696,28.9758124683,29.0574327541,29.1498707667,29.2538201982,29.3700567823,29.4994398769,29.6429061421,29.8014480689,29.9760701432,30.1677205261,30.3772075127,30.6051205810
683,28.6516309529,28.6554640348,28.6669944388,28.6863156392,28.7135834426,28.7490160802,28.7928944788,28.8455628606,28.9074298688,28.9789704455,29.0607286665,29.1533215982,29.2574438402,29.3738715358,29.5034630487,29.6471513123,29.8059209979,29.9807641812,30.1726134603,30.3822621802,30.6102905148
684,28.6542205232,28.6580606201,28.6696120690,28.6889683474,28.7162852798,28.7517811497,28.7957369996,28.8484972688,28.9104709626,28.9821335710,29.0640299188,29.1567779656,29.2610731321,29.3776918054,29.5074911085,29.6513999866,29.8103951736,29.9854565565,30.1775018146,30.3873102350,30.6154534112
685,28.6568148315,28.6606619434,28.6722344379,28.6916257980,28.7189918700,28.7545509956,28.7985843408,28.8514365707,28.9135170613,28.9853018545,29.0673365150,29.1602398573,29.2647080318,29.3815175028,29.5115239166,29.6556519971,29.8148704588,29.9901472388,30.1823857150,30.3923519378,30.6206095705
686,28.6594138779,28.6632680050,28.6748615462,28.6942879925,28.7217032160,28.7573256226,28.8014365089,28.8543807748,28.9165681747,28.9884753047,29.0706484573,29.1637072591,29.2683484941,29.3853485381,29.5155613368,29.6599071859,29.8193467297,29.9948362075,30.1872652852,30.3973875337,30.6257592733
687,28.6620176625,28.6658788050,28.6774933948,28.6969549327,28.7244193210,28.7601050353,28.8042935107,28.8573298898,28.9196243123,28.9916539293,29.0739657459,29.1671801537,29.2719944712,29.3891848205,29.5196032366,29.6641654045,29.8238238749,29.9995234500,30.1921406463,30.4024172543,30.6309027822
688,28.6646261856,28.6684943440,28.6801299845,28.6996266204,28.7271401880,28.7628892385,28.8071553527,28.8602839239,28.9226854830,28.9948377350,29.0772883793,29.1706585215,29.2756459124,29.3930262591,29.5236494876,29.6684265135,29.8283017943,30.0042089611,30.1970119167,30.4074413182,30.6360403435
689,28.6672394474,28.6711146225,28.6827713163,28.7023030575,28.7298658203,28.7656782372,28.8100220418,28.8632428855,28.9257516954,28.9980267273,29.0806163539,29.1741423401,29.2793027650,29.3968727627,29.5276999653,29.6726903821,29.8327803977,30.0088927411,30.2018792117,30.4124599324,30.6411721891
690,28.6698574485,28.6737396410,28.6854173916,28.7049842462,28.7325962212,28.7684720363,28.8128935847,28.8662067825,28.9288229573,29.0012209107,29.0839496644,29.1776315850,29.2829649745,29.4007242406,29.5317545499,29.6769568878,29.8372596041,30.0135747958,30.2067426439,30.4174732931,30.6462985373
691,28.6724801894,28.6763694003,28.6880682115,28.7076701886,28.7353313943,28.7712706409,28.8157699879,28.8691756229,28.9318992761,29.0044202884,29.0872883036,29.1811262293,29.2866324849,29.4045806029,29.5358131255,29.6812259157,29.8417393409,30.0182551351,30.2116023227,30.4224815867,30.6514195942
692,28.6751076708,28.6790039014,28.6907237776,28.7103608872,28.7380713432,28.7740740561,28.8186512583,28.8721494140,28.9349806585,29.0076248625,29.0906322624,29.1846262443,29.2903052389,29.4084417607,29.5398755808,29.6854973579,29.8462195428,30.0229337729,30.2164583546,30.4274849902,30.6565355548
693,28.6777398936,28.6816431451,28.6933840912,28.7130563443,28.7408160715,28.7768822871,28.8215374023,28.8751281633,28.9380671104,29.0108346336,29.0939815301,29.1881315993,29.2939831783,29.4123076262,29.5439418088,29.6897711136,29.8507001513,30.0276107261,30.2213108431,30.4324836723,30.6616466038
694,28.6803768586,28.6842871327,28.6960491542,28.7157565625,28.7435655832,28.7796953392,28.8244284264,28.8781118776,28.9411586371,29.0140496015,29.0973360944,29.1916422620,29.2976662442,29.4161781130,29.5480117064,29.6940470883,29.8551811144,30.0322860142,30.2261598889,30.4374777936,30.6667529162
695,28.6830185670,28.6869358654,28.6987189683,28.7184615446,28.7463198820,28.7825132175,28.8273243371,28.8811005634,28.9442552430,29.0172697644,29.1006959411,29.1951581987,29.3013543770,29.4200531363,29.5520851751,29.6983251935,29.8596623852,30.0369596593,30.2310055896,30.4424675074,30.6718546585
696,28.6856650199,28.6895893446,28.7013935355,28.7211712933,28.7490789720,28.7853359274,28.8302251405,28.8840942270,28.9473569319,29.0204951195,29.1040610549,29.1986793742,29.3050475170,29.4239326130,29.5561621202,29.7026053463,29.8641439223,30.0416316851,30.2358480403,30.4474529602,30.6769519891
697,28.6883162187,28.6922475717,28.7040728577,28.7238858116,28.7518428571,28.7881634739,28.8331308427,28.8870928739,28.9504637067,29.0237256627,29.1074314186,29.2022057522,29.3087456043,29.4278164618,29.5602424509,29.7068874692,29.8686256887,30.0463021173,30.2406873331,30.4524342920,30.6820450588
698,28.6909721648,28.6949105484,28.7067569371,28.7266051024,28.7546115415,28.7909958625,28.8360414495,28.8900965095,28.9535755695,29.0269613887,29.1108070139,29.2057372953,29.3124485790,29.4317046031,29.5643260803,29.7111714895,29.8731076518,30.0509709826,30.2455235576,30.4574116369,30.6871340114
699,28.6936328597,28.6975782764,28.7094457760,28.7293291689,28.7573850294,28.7938330981,28.8389569666,28.8931051386,28.9566925216,29.0302022910,29.1141878213,29.2092739652,29.3161563816,29.4355969592,29.5684129252,29.7154573392,29.8775897826,30.0556383091,30.2503568009,30.4623851232,30.6922189842
700,28.6962983051,28.7002507575,28.7121393767,28.7320580142,28.7601633249,28.7966751859,28.8418773995,28.8961187655,28.9598145634,29.0334483623,29.1175738198,29.2128157229,29.3198689525,29.4394934546,29.5725029060,29.7197449547,29.8820720558,30.0603041257,30.2551871474,30.4673548743,30.6973001085
701,28.6989685029,28.7029279938,28.7148377418,28.7347916416,28.7629464322,28.7995221309,28.8448027533,28.8991373939,28.9629416947,29.0366995938,29.1209649878,29.2163625288,29.3235862329,29.4433940155,29.5765959464,29.7240342764,29.8865544493,30.0649684621,30.2600146792,30.4723210083,30.7023775100
702,28.7016434549,28.7056099873,28.7175408738,28.7375300544,28.7657343555,28.8023739381,28.8477330329,28.9021610270,28.9660739141,29.0399559758,29.1243613020,29.2199143425,29.3273081643,29.4472985701,29.5806919736,29.7283252484,29.8910369438,30.0696313486,30.2648394760,30.4772836387,30.7074513089
703,28.7043231632,28.7082967403,28.7202487754,28.7402732562,28.7685270991,28.8052306122,28.8506682428,28.9051896677,28.9692112196,29.0432174978,29.1277627389,29.2234711235,29.3310346890,29.4512070485,29.5847909179,29.7326178186,29.8955195226,30.0742928160,30.2696616155,30.4822428747,30.7125216207
704,28.7070076299,28.7109882549,28.7229614493,28.7430212503,28.7713246672,28.8080921580,28.8536083874,28.9082233179,28.9723536086,29.0464841479,29.1311692735,29.2270328308,29.3347657496,29.4551193830,29.5888927125,29.7369119382,29.9000021716,30.0789528955,30.2744811729,30.4871988214,30.7175885559
705,28.7096968572,28.7136845337,28.7256788985,28.7457740402,28.7741270641,28.8109585799,28.8565534706,28.9112619794,28.9755010772,29.0497559137,29.1345808803,29.2305994231,29.3385012899,29.4590355077,29.5929972937,29.7412075615,29.9044848788,30.0836116184,30.2792982215,30.4921515800,30.7226522209
706,28.7123908476,28.7163855791,28.7284011258,28.7485316295,28.7769342937,28.8138298824,28.8595034961,28.9143056531,28.9786536212,29.0530327818,29.1379975333,29.2341708591,29.3422412541,29.4629553585,29.5971046006,29.7455046455,29.9089676344,30.0882690163,30.2841128325,30.4971012477,30.7277127178
707,28.7150896034,28.7190913938,28.7311281343,28.7512940219,28.7797463604,28.8167060696,28.8624584670,28.9173543395,28.9818112354,29.0563147377,29.1414192054,29.2377470974,29.3459855876,29.4668788733,29.6012145748,29.7498031505,29.9134504302,30.0929251208,30.2889250751,30.5020479187,30.7327701449
708,28.7177931273,28.7218019804,28.7338599271,28.7540612209,28.7825632681,28.8195871456,28.8654183863,28.9204080384,28.9849739138,29.0596017665,29.1448458694,29.2413280964,29.3497342363,29.4708059920,29.6053271608,29.7541030389,29.9179332598,30.0975799637,30.2937350168,30.5069916836,30.7378245968
709,28.7205014219,28.7245173418,28.7365965074,28.7568332301,28.7853850208,28.8224731142,28.8683832565,28.9234667492,28.9881416499,29.0628938524,29.1482774971,29.2449138148,29.3534871472,29.4747366560,29.6094423052,29.7584042757,29.9224161185,30.1022335765,30.2985427230,30.5119326297,30.7428761647
710,28.7232144899,28.7272374808,28.7393378782,28.7596100532,28.7882116224,28.8253639790,28.8713530797,28.9265304705,28.9913144362,29.0661909788,29.1517140604,29.2485042114,29.3572442683,29.4786708087,29.6135599572,29.7627068283,29.9268990027,30.1068859909,30.3033482576,30.5168708418,30.7479249364
711,28.7259323342,28.7299624003,28.7420840430,28.7623916938,28.7910430767,28.8282597433,28.8743278576,28.9295992005,28.9944922648,29.0694931285,29.1551555304,29.2520992449,29.3610055485,29.4826083953,29.6176800681,29.7670106661,29.9313819105,30.1115372383,30.3081516826,30.5218064014,30.7529709966
712,28.7286549576,28.7326921034,28.7448350049,28.7651781556,28.7938793874,28.8311604103,28.8773075917,28.9326729369,28.9976751269,29.0728002839,29.1586018780,29.2556988746,29.3647709375,29.4865493626,29.6218025914,29.7713157605,29.9358648408,30.1161873499,30.3129530587,30.5267393876,30.7580144272
713,28.7313823632,28.7354265931,28.7475907674,28.7679694420,28.7967205580,28.8340659828,28.8802922827,28.9357516767,29.0008630133,29.0761124266,29.1620530739,29.2593030598,29.3685403861,29.4904936590,29.6259274826,29.7756220848,29.9403477938,30.1208363568,30.3177524445,30.5316698769,30.7630553070
714,28.7341145540,28.7381658726,28.7503513337,28.7707655567,28.7995665922,28.8369764636,28.8832819312,28.9388354163,29.0040559140,29.0794295377,29.1655090885,29.2629117603,29.3723138461,29.4944412346,29.6300546993,29.7799296142,29.9448307707,30.1254842898,30.3225498976,30.5365979431,30.7680937126
715,28.7368515330,28.7409099450,28.7531167071,28.7735665031,28.8024174930,28.8398918549,28.8862765374,28.9419241518,29.0072538186,29.0827515978,29.1689698920,29.2665249359,29.3760912704,29.4983920411,29.6341842009,29.7842383255,29.9493137736,30.1301311796,30.3273454738,30.5415236580,30.7731297176
716,28.7395933035,28.7436588136,28.7558868912,28.7763722847,28.8052732637,28.8428121588,28.8892761009,28.9450178787,29.0104567158,29.0860785872,29.1724354545,29.2701425470,29.3798726125,29.5023460317,29.6383159484,29.7885481970,29.9537968052,30.1347770564,30.3321392275,30.5464470910,30.7781633935
717,28.7423398687,28.7464124816,28.7586618892,28.7791829048,28.8081339073,28.8457373772,28.8922806211,28.9481165918,29.0136645942,29.0894104857,29.1759057460,29.2737645546,29.3836578273,29.5063031610,29.6424499047,29.7928592085,29.9582798694,30.1394219503,30.3369312120,30.5513683095,30.7831948095
718,28.7450912316,28.7491709523,28.7614417045,28.7819983668,28.8109994266,28.8486675116,28.8952900968,28.9512202855,29.0168774417,29.0927472726,29.1793807364,29.2773909196,29.3874468703,29.5102633851,29.6465860344,29.7971713413,29.9627629704,30.1440658910,30.3417214790,30.5562873788,30.7882240325
719,28.7478473958,28.7519342289,28.7642263405,28.7848186739,28.8138698242,28.8516025631,28.8983045266,28.9543289540,29.0200952455,29.0960889271,29.1828603956,29.2810216038,29.3912396984,29.5142266616,29.6507243035,29.8014845778,29.9672461132,30.1487089079,30.3465100790,30.5612043623,30.7932511273
720,28.7506083643,28.7547023148,28.7670158003,28.7876438291,28.8167451027,28.8545425328,28.9013239084,28.9574425905,29.0233179928,29.0994354279,29.1863446936,29.2846565693,29.3950362690,29.5181929494,29.6548646796,29.8057989019,29.9717293033,30.1533510299,30.3512970614,30.5661193214,30.7982761569
721,28.7533741405,28.7574752133,28.7698100874,28.7904738355,28.8196252642,28.8574874213,28.9043482400,28.9605611882,29.0265456700,29.1027867535,29.1898336002,29.2882957785,29.3988365408,29.5221622086,29.6590071316,29.8101142983,29.9762125469,30.1579922860,30.3560824765,30.5710332100,30.8033518625
722,28.7561447277,28.7602529277,28.7726092048,28.7933086960,28.8225103109,28.8604372289,28.9073775187,28.9636847397,29.0297782631,29.1061428822,29.1933270855,29.2919391946,29.4026404731,29.5261344007,29.6631516298,29.8144307532,29.9806958505,30.1626327067,30.3608666215,30.5759534822,30.8084685046
723,28.7589201291,28.7630354612,28.7754131559,28.7961484135,28.8254002446,28.8633919556,28.9104117413,28.9668132369,29.0330157580,29.1095037920,29.1968251195,29.2955867810,29.4064480265,29.5301094884,29.6672981459,29.8187482536,29.9851792221,30.1672723770,30.3656508333,30.5808851658,30.8136107589
724,28.7617003482,28.7658228171,28.7782219435,28.7989929904,28.8282950670,28.8663516013,28.9134509044,28.9699466718,29.0362581400,29.1128694607,29.2003276725,29.2992385018,29.4102591622,29.5340874356,29.6714466527,29.8230667877,29.9896626814,30.1719115756,30.3704368882,30.5858290354,30.8187731888
725,28.7644853880,28.7686149986,28.7810355709,28.8018424294,28.8311947795,28.8693161652,28.9164950042,28.9730850356,29.0395053941,29.1162398660,29.2038347148,29.3028943215,29.4140738424,29.5380682073,29.6755971244,29.8273863471,29.9941462877,30.1765507884,30.3752261976,30.5907848160,30.8239526769
726,28.7672752519,28.7714120088,28.7838540409,28.8046967329,28.8340993833,28.8722856465,28.9195440363,28.9762283193,29.0427575049,29.1196149855,29.2073462168,29.3065542052,29.4178920303,29.5420517697,29.6797495367,29.8317069326,29.9986301619,30.1811905938,30.3800197378,30.5957519882,30.8291471379
727,28.7700699430,28.7742138509,28.7866773564,28.8075559030,28.8370088795,28.8752600442,28.9225979962,28.9793765133,29.0460144570,29.1229947965,29.2108621493,29.3102181185,29.4217136897,29.5460380902,29.6839038682,29.8360285617,30.0031144836,30.1858315674,30.3848181595,30.6007299991,30.8343550542
728,28.7728694644,28.7770205280,28.7895055201,28.8104199419,28.8399232687,28.8782393565,28.9256568789,28.9825296081,29.0492762345,29.1263792765,29.2143824830,29.3138860276,29.4255387856,29.5500271375,29.6880601027,29.8403512735,30.0075994747,30.1904742351,30.3896218907,30.6057183241,30.8395752613
729,28.7756738193,28.7798320429,28.7923385347,28.8132888514,28.8428425515,28.8812235819,28.9287206792,28.9856875933,29.0525428211,29.1297684026,29.2179071891,29.3175578989,29.4293672835,29.5540188825,29.6922182310,29.8446751298,30.0120853801,30.1951190566,30.3944312089,30.6107164834,30.8448068313
730,28.7784830107,28.7826483987,28.7951764027,28.8161626334,28.8457667283,28.8842127181,28.9317893914,28.9888504585,29.0558142005,29.1331621522,29.2214362387,29.3212336999,29.4331991504,29.5580132987,29.6963782531,29.8490002125,30.0165724526,30.1997664254,30.3992462893,30.6157240438,30.8500490043
731,28.7812970414,28.7854695981,28.7980191265,28.8190412893,28.8486957990,28.8872067628,28.9348630094,28.9920181931,29.0590903562,29.1365605022,29.2249696034,29.3249133982,29.4370343542,29.5620103631,29.7005401789,29.8533266200,30.0210609416,30.2044166742,30.4040672369,30.6207406154,30.8553011442
732,28.7841159144,28.7882956439,28.8008667084,28.8219248206,28.8516297634,28.8902057133,28.9379415271,28.9951907858,29.0623712714,29.1399634300,29.2285072549,29.3285969622,29.4408728646,29.5660100571,29.7047040284,29.8576544625,30.0255510865,30.2090700824,30.4088941076,30.6257658469,30.8605627103
733,28.7869396324,28.7911265387,28.8037191507,28.8248132284,28.8545686213,28.8932095667,28.9410249379,28.9983682254,29.0656569291,29.1433709126,29.2320491652,29.3322843612,29.4447146529,29.5700123669,29.7088698310,29.8619838581,30.0300431127,30.2137268841,30.4137269233,30.6307994210,30.8658332356
734,28.7897681981,28.7939622851,28.8065764552,28.8277065138,28.8575123718,28.8962183197,28.9441132347,29.0015505002,29.0689473122,29.1467829272,29.2355953068,29.3359755651,29.4485596930,29.5740172838,29.7130376247,29.8663149291,30.0345372295,30.2183872751,30.4185656818,30.6358410506,30.8711123130
735,28.7926016141,28.7968028853,28.8094386239,28.8306046777,28.8604610140,28.8992319687,28.9472064104,29.0047375983,29.0722424033,29.1501994511,29.2391456522,29.3396705451,29.4524079609,29.5780248045,29.7172074546,29.8706477994,30.0390336299,30.2230514189,30.4234103636,30.6408904742,30.8763995836
736,28.7954398829,28.7996483419,28.8123056585,28.8335077206,28.8634145469,28.9022505099,28.9503044575,29.0079295077,29.0755421851,29.1536204616,29.2427001747,29.3433692733,29.4562594357,29.5820349308,29.7213793714,29.8749825918,30.0435324903,30.2277194522,30.4282609373,30.6459474535,30.8816947283
737,28.7982830067,28.8024986568,28.8151775605,28.8364156429,28.8663729690,28.9052739393,28.9534073683,29.0111262159,29.0788466401,29.1570459360,29.2462588479,29.3470717234,29.4601140992,29.5860476693,29.7255534308,29.8793194271,30.0480339717,30.2323914887,30.4331173632,30.6510117702,30.8869974620
738,28.8011309878,28.8053538321,28.8180543314,28.8393284450,28.8693362787,28.9083022524,28.9565151346,29.0143277104,29.0821557506,29.1604758520,29.2498216460,29.3507778703,29.4639719364,29.5900630314,29.7297296917,29.8836584223,30.0525382199,30.2370676234,30.4379795956,30.6560832237,30.8923075275
739,28.8039838283,28.8082138697,28.8209359723,28.8422461269,28.8723044741,28.9113354446,28.9596277481,29.0175339783,29.0854694989,29.1639101871,29.2533885439,29.3544876908,29.4678329351,29.5940810323,29.7339082156,29.8879996898,30.0570453676,30.2417479350,30.4428475851,30.6611616291,30.8976246922
740,28.8068415301,28.8110787713,28.8238224844,28.8451686883,28.8752775531,28.9143735110,28.9627452004,29.0207450069,29.0887878674,29.1673489195,29.2569595174,29.3582011631,29.4716970863,29.5981016909,29.7380890650,29.8923433376,30.0615555345,30.2464324890,30.4477212798,30.6662468155,30.9029487443
741,28.8097040950,28.8139485385,28.8267138685,28.8480961288,28.8782555132,28.9174164464,28.9658674827,29.0239607828,29.0921108382,29.1707920273,29.2605345429,29.3619182675,29.4755643837,29.6021250294,29.7422723037,29.8966894681,30.0660688291,30.2511213391,30.4526006264,30.6713386245,30.9082794900
742,28.8125715248,28.8168231728,28.8296101254,28.8510284480,28.8812383520,28.9204642455,28.9689945858,29.0271812929,29.0954383936,29.1742394890,29.2641135978,29.3656389858,29.4794348240,29.6061510724,29.7464579953,29.9010381785,30.0705853492,30.2558145296,30.4574855708,30.6764369089,30.9136167516
743,28.8154438208,28.8197026753,28.8325112555,28.8539656449,28.8842260666,28.9235169026,28.9721265005,29.0304065236,29.0987705160,29.1776912837,29.2676966606,29.3693633020,29.4833084063,29.6101798469,29.7506462028,29.9053895606,30.0751051834,30.2605120963,30.4623760590,30.6815415313,30.9189603655
744,28.8183209844,28.8225870472,28.8354172592,28.8569077186,28.8872186538,28.9265744118,28.9752632175,29.0336364615,29.1021071877,29.1811473907,29.2712837108,29.3730912015,29.4871851322,29.6142113818,29.7548369885,29.9097437011,30.0796284115,30.2652140681,30.4672720373,30.6866523638,30.9243101802
745,28.8212030168,28.8254762895,28.8383281366,28.8598546678,28.8902161105,28.9296367669,28.9784047270,29.0368710929,29.1054483912,29.1846077900,29.2748747288,29.3768226720,29.4910650053,29.6182457073,29.7590304136,29.9141006814,30.0841551057,30.2699204679,30.4721734524,30.6917692864,30.9296660555
746,28.8240899190,28.8283704028,28.8412438877,28.8628064911,28.8932184330,28.9327039616,28.9815510192,29.0401104041,29.1087941090,29.1880724619,29.2784696963,29.3805577026,29.4949480316,29.6222828548,29.7632265377,29.9184605780,30.0886853309,30.2746313135,30.4770802523,30.6968921865,30.9350278609
747,28.8269816919,28.8312693877,28.8441645122,28.8657631868,28.8962256176,28.9357759895,28.9847020841,29.0433543813,29.1121443242,29.1915413874,29.2820685962,29.3842962842,29.4988342186,29.6263228565,29.7674254188,29.9228234626,30.0932191458,30.2793466181,30.4819923858,30.7020209586,30.9403954747
748,28.8298783360,28.8341732447,28.8470900098,28.8687247530,28.8992376604,28.9388528435,28.9878579116,29.0466030108,29.1154990196,29.1950145481,29.2856714124,29.3880384095,29.5027235756,29.6303657449,29.7716271130,29.9271894025,30.0977566034,30.2840663913,30.4869098026,30.7071555031,30.9457687834
749,28.8327798518,28.8370819738,28.8500203797,28.8716911877,28.9022545570,28.9419345169,28.9910184913,29.0498562786,29.1188581785,29.1984919262,29.2892781299,29.3917840724,29.5066161131,29.6344115533,29.7758316747,29.9315584606,30.1022977515,30.2887906393,30.4918324541,30.7122957263,30.9511476805
750,28.8356862397,28.8399955752,28.8529556212,28.8746624885,28.9052763031,28.9450210023,28.9941838128,29.0531141711,29.1222217845,29.2019735048,29.2928887350,29.3955332686,29.5105118432,29.6384603146,29.7800391562,29.9359306959,30.1068426329,30.2935193658,30.4967602925,30.7174415394,30.9565320661
751,28.8385974998,28.8429140486,28.8558957331,28.8776386529,28.9083028941,28.9481122925,28.9973538656,29.0563766746,29.1255898215,29.2054592673,29.2965032152,29.3992859951,29.5144107787,29.6425120619,29.7842496078,29.9403061632,30.1113912864,30.2982525717,30.5016932716,30.7225928587,30.9619218465
752,28.8415136318,28.8458373937,28.8588407143,28.8806196783,28.9113343251,28.9512083799,29.0005286390,29.0596437752,29.1289622736,29.2089491982,29.3001215587,29.4030422500,29.5183129337,29.6465668281,29.7884630780,29.9446849141,30.1159437469,30.3029902562,30.5066313463,30.7277496048,30.9673169330
753,28.8444346357,28.8487656099,28.8617905633,28.8836055616,28.9143705911,28.9543092568,29.0037081224,29.0629154595,29.1323391254,29.2124432824,29.3037437552,29.4068020329,29.5222183229,29.6506246456,29.7926796131,29.9490669965,30.1205000456,30.3077324162,30.5115744727,30.7329117024,30.9727172421
754,28.8473605108,28.8516986964,28.8647452785,28.8865962998,28.9174116869,28.9574149154,29.0068923049,29.0661917140,29.1357203619,29.2159415057,29.3073697952,29.4105653441,29.5261269616,29.6546855465,29.7968992574,29.9534524555,30.1250602107,30.3124790477,30.5165226084,30.7380790799,30.9781226951
755,28.8502912566,28.8546366523,28.8677048579,28.8895918895,28.9204576070,28.9605253476,29.0100811757,29.0694725254,29.1391059683,29.2194438546,29.3109996703,29.4143321854,29.5300388656,29.6587495622,29.8011220536,29.9578413327,30.1296242674,30.3172301449,30.5214757120,30.7432516691,30.9835332172
756,28.8532268721,28.8575794764,28.8706692997,28.8925923271,28.9235083458,28.9636405453,29.0132747241,29.0727578804,29.1424959304,29.2229503162,29.3146333729,29.4181025591,29.5339540514,29.6628167237,29.8053480420,29.9622336673,30.1341922382,30.3219857010,30.5264337435,30.7484294054,30.9889487375
757,28.8561673562,28.8605271673,28.8736386014,28.8955976090,28.9265638976,28.9667605002,29.0164729391,29.0760477661,29.1458902344,29.2264608786,29.3182708966,29.4218764685,29.5378725356,29.6668870612,29.8095772616,29.9666294956,30.1387641432,30.3267457083,30.5313966639,30.7536122269,30.9943691888
758,28.8591127078,28.8634797235,28.8766127607,28.8986077311,28.9296242564,28.9698852041,29.0196758099,29.0793421696,29.1492888669,29.2299755303,29.3219122356,29.4256539177,29.5417943349,29.6709606041,29.8138097492,29.9710288517,30.1433400005,30.3315101581,30.5363644355,30.7588000747,30.9997945072
759,28.8620629253,28.8664371432,28.8795917749,28.9016226895,28.9326894160,28.9730146485,29.0228833257,29.0826410784,29.1526918150,29.2334942605,29.3255573849,29.4294349115,29.5457194666,29.6750373813,29.8180455400,29.9754317672,30.1479198259,30.3362790411,30.5413370216,30.7639928923,31.0052246319
760,28.8650180071,28.8693994244,28.8825756411,28.9046424797,28.9357593704,28.9761488247,29.0260954758,29.0859444800,29.1560990662,29.2370170595,29.3292063406,29.4332194552,29.5496479475,29.6791174207,29.8222846676,29.9798382715,30.1525036335,30.3410523474,30.5463143865,30.7691906260,31.0106595048
761,28.8679779513,28.8723665650,28.8855643563,28.9076670973,28.9388341129,28.9792877243,29.0293122493,29.0892523623,29.1595106085,29.2405439176,29.3328590992,29.4370075547,29.5535797950,29.6832007496,29.8265271639,29.9842483923,30.1570914359,30.3458300665,30.5512964958,30.7743932241,31.0160990707
762,28.8709427558,28.8753385627,28.8885579174,28.9106965377,28.9419136372,28.9824313386,29.0325336357,29.0925647134,29.1629264303,29.2440748263,29.3365156579,29.4407992165,29.5575150260,29.6872873943,29.8307730593,29.9886621549,30.1616832439,30.3506121876,30.5562833159,30.7796006371,31.0215432768
763,28.8739124184,28.8783154148,28.8915563207,28.9137307959,28.9449979365,28.9855796588,29.0357596243,29.0958815216,29.1663465205,29.2476097775,29.3401760149,29.4445944472,29.5614536575,29.6913773804,29.8350223827,29.9930795834,30.1662790671,30.3553986993,30.5612748141,30.7848128177,31.0269920725
764,28.8768869366,28.8812971186,28.8945595628,28.9167698671,28.9480870041,28.9887326762,29.0389902047,29.0992027756,29.1697708684,29.2511487636,29.3438401686,29.4483932542,29.5653957064,29.6954707326,29.8392751616,29.9975006997,30.1708789136,30.3601895901,30.5662709588,30.7900297203,31.0324454095
765,28.8798663078,28.8842836711,28.8975676398,28.9198137460,28.9511808330,28.9918903820,29.0422253665,29.1025284642,29.1731994639,29.2546917777,29.3475081182,29.4521956449,29.5693411893,29.6995674750,29.8435314220,30.0019255245,30.1754827906,30.3649848482,30.5712717193,30.7952513013,31.0379032415
766,28.8828505290,28.8872750693,28.9005805477,28.9228624273,28.9542794163,28.9950527674,29.0454650994,29.1058585766,29.1766322972,29.2582388134,29.3511798632,29.4560016270,29.5732901228,29.7036676306,29.8477911888,30.0063540769,30.1800907040,30.3697844616,30.5762770656,30.8004775185,31.0433655240
767,28.8858395973,28.8902713098,28.9035982825,28.9259159057,28.9573827469,28.9982198237,29.0487093933,29.1091931023,29.1800693589,29.2617898649,29.3548554038,29.4598112086,29.5772425231,29.7077712219,29.8520544854,30.0107863746,30.1847026588,30.3745884182,30.5812869687,30.8057083315,31.0488322146
768,28.8888335094,28.8932723890,28.9066208397,28.9289741755,28.9604908176,29.0013915421,29.0519582381,29.1125320310,29.1835106402,29.2653449269,29.3585347405,29.4636243979,29.5811984061,29.7118782703,29.8563213342,30.0152224342,30.1893186592,30.3793967055,30.5863014002,30.8109437014,31.0543032722
769,28.8918322619,28.8962783034,28.9096482150,28.9320372309,28.9636036212,29.0045679137,29.0552116241,29.1158753527,29.1869561325,29.2689039945,29.3622178743,29.4674412031,29.5851577875,29.7159887968,29.8605917564,30.0196622710,30.1939387083,30.3842093112,30.5913203327,30.8161835906,31.0597786575
770,28.8948358511,28.8992890489,28.9126804036,28.9351050662,28.9667211504,29.0077489300,29.0584695414,29.1192230577,29.1904058279,29.2724670633,29.3659048065,29.4712616327,29.5891206828,29.7201028212,29.8648657720,30.0241058989,30.1985628088,30.3890262229,30.5963437394,30.8214279629,31.0652583327
771,28.8978442734,28.9023046217,28.9157174008,28.9381776754,28.9698433978,29.0109345820,29.0617319806,29.1225751367,29.1938597186,29.2760341294,29.3695955387,29.4750856952,29.5930871071,29.7242203630,29.8691434002,30.0285533312,30.2031909624,30.3938474281,30.6013715943,30.8266767834,31.0707422613
772,28.9008575247,28.9053250174,28.9187592015,28.9412550524,28.9729703560,29.0141248613,29.0649989322,29.1259315804,29.1973177974,29.2796051891,29.3732900731,29.4789133992,29.5970570750,29.7283414406,29.8734246588,30.0330045800,30.2078231702,30.3986729142,30.6064038719,30.8319300182,31.0762304081
773,28.9038756009,28.9083502316,28.9218058008,28.9443371910,28.9761020175,29.0173197592,29.0682703870,29.1292923802,29.2007800574,29.2831802394,29.3769884118,29.4827447533,29.6010306011,29.7324660720,29.8777095652,30.0374596563,30.2124594329,30.4035026688,30.6114405475,30.8371876349,31.0817227395
774,28.9068984978,28.9113802600,28.9248571933,28.9474240849,28.9792383749,29.0205192672,29.0715463359,29.1326575274,29.2042464921,29.2867592774,29.3806905573,29.4865797662,29.6050076995,29.7365942743,29.8819981353,30.0419185705,30.2170997505,30.4083366795,30.6164815971,30.8424496018,31.0872192225
775,28.9099262108,28.9144150976,28.9279133738,28.9505157278,28.9823794207,29.0237233767,29.0748267701,29.1360270137,29.2077170952,29.2903423008,29.3843965124,29.4904184463,29.6089883838,29.7407260640,29.8862903845,30.0463813319,30.2217441225,30.4131749336,30.6215269973,30.8477158886,31.0927198259
776,28.9129587353,28.9174547398,28.9309743366,28.9536121132,28.9855251473,29.0269320793,29.0781116808,29.1394008313,29.2111918609,29.2939293073,29.3881062801,29.4942608024,29.6129726675,29.7448614569,29.8905863273,30.0508479494,30.2263925479,30.4180174189,30.6265767250,30.8529864656,31.0982245189
777,28.9159960666,28.9204991814,28.9340400763,28.9567132346,28.9886755472,29.0301453668,29.0814010595,29.1427789724,29.2146707838,29.2975202952,29.3918198635,29.4981068428,29.6169605636,29.7490004683,29.8948859774,30.0553184308,30.2310450254,30.4228641230,30.6316307581,30.8582613043,31.1037332723
778,28.9190381997,28.9235484175,28.9371105870,28.9598190854,28.9918306129,29.0333632309,29.0846948979,29.1461614296,29.2181538586,29.3011152630,29.3955372658,29.5019565761,29.6209520849,29.7531431127,29.8991893477,30.0597927834,30.2357015533,30.4277150336,30.6366890747,30.8635403769,31.1092460574
779,28.9220851296,28.9266024426,28.9401858630,28.9629296590,28.9949903368,29.0365856634,29.0879931878,29.1495481956,29.2216410805,29.3047142094,29.3992584906,29.5058100106,29.6249472436,29.7572894041,29.9034964503,30.0642710137,30.2403621293,30.4325701386,30.6417516537,30.8688236566,31.1147628468
780,28.9251368511,28.9296612515,28.9432658982,28.9660449485,28.9981547114,29.0398126562,29.0912959212,29.1529392636,29.2251324448,29.3083171335,29.4029835413,29.5096671546,29.6289460518,29.7614393560,29.9078072969,30.0687531279,30.2450267512,30.4374294257,30.6468184742,30.8741111174,31.1202836136
781,28.9281933589,28.9327248385,28.9463506867,28.9691649473,29.0013237292,29.0430442015,29.0946030903,29.1563346269,29.2286279473,29.3119240345,29.4067124218,29.5135280162,29.6329485210,29.7655929811,29.9121218983,30.0732391313,30.2496954162,30.4422928830,30.6518895127,30.8794015216,31.1257369131
782,28.9312546474,28.9357931982,28.9494402223,28.9722896485,29.0044973827,29.0462802912,29.0979146875,29.1597342791,29.2321275838,29.3155349118,29.4104451356,29.5173926035,29.6369546627,29.7697502918,29.9164402647,30.0777290288,30.2543681211,30.4471604954,30.6569644104,30.8846848180,31.1311360043
783,28.9343207112,28.9388663246,28.9525344988,28.9754190452,29.0076756644,29.0495209177,29.1012307053,29.1631382140,29.2356313506,29.3191497652,29.4141816866,29.5212609245,29.6409644876,29.7739112999,29.9207624057,30.0822228248,30.2590448615,30.4520321739,30.6620413975,30.8899542431,31.1365017159
784,28.9373915445,28.9419442120,28.9556335100,28.9785531307,29.0108585670,29.0527660733,29.1045511365,29.1665464256,29.2391392442,29.3227685944,29.4179220788,29.5251329870,29.6449780065,29.7780760166,29.9250883305,30.0867205228,30.2637256172,30.4569075665,30.6671181079,30.8952087976,31.1418414706
785,28.9404671415,28.9450268545,28.9587372495,28.9816918980,29.0140460830,29.0560157505,29.1078759740,29.1699589083,29.2426512612,29.3263913996,29.4216663160,29.5290087986,29.6489952296,29.7822444527,29.9294180474,30.0912221227,30.2684103143,30.4617860399,30.6721926685,30.9004489042,31.1471595447
786,28.9435474964,28.9481142460,28.9618457108,28.9848353401,29.0172382050,29.0592699417,29.1112052109,29.1733756565,29.2461673985,29.3300181808,29.4254144023,29.5328883668,29.6530161668,29.7864166185,29.9337515636,30.0957276125,30.2730987962,30.4666668347,30.6772637958,30.9056753155,31.1524588148
787,28.9466326032,28.9512063803,28.9649588875,28.9879834502,29.0204349259,29.0625286397,29.1145388405,29.1767966649,29.2496876532,29.3336489385,29.4291663416,29.5367716990,29.6570408278,29.7905925236,29.9380888835,30.1002369585,30.2777908265,30.4715491954,30.6823306465,30.9108888281,31.1577413858
788,28.9497224557,28.9543032514,28.9680767731,28.9911362213,29.0236362383,29.0657918373,29.1178768561,29.1802219286,29.2532120227,29.3372836732,29.4329221379,29.5406588025,29.6610692217,29.7947721767,29.9424300054,30.1047500981,30.2824861118,30.4764324334,30.6873926782,30.9160901992,31.1630088829
789,28.9528170479,28.9574048528,28.9711993609,28.9942936464,29.0268421350,29.0690595274,29.1212192515,29.1836514425,29.2567405044,29.3409223854,29.4366817953,29.5445496843,29.6651013574,29.7989555848,29.9467749189,30.1092669388,30.2871843277,30.4813159491,30.6924495519,30.9212801238,31.1682626092
790,28.9559163735,28.9605111783,28.9743266444,28.9974557186,29.0300526088,29.0723317029,29.1245660204,29.1870852021,29.2602730960,29.3445650758,29.4404453178,29.5484443513,29.6691372431,29.8031427520,29.9511236020,30.1137873610,30.2918851393,30.4861992327,30.6975010662,30.9264592327,31.1735036392
791,28.9590204261,28.9636222215,28.9774586170,29.0006224310,29.0332676528,29.0756083571,29.1279171567,29.1905232027,29.2638097954,29.3482117454,29.4442127093,29.5523428101,29.6731768861,29.8073336786,29.9554760199,30.1183112237,30.2965882162,30.4910818564,30.7025471144,30.9316280971,31.1787328774
792,28.9621291995,28.9667379759,28.9805952719,29.0037937767,29.0364872598,29.0788894831,29.1312726546,29.1939654402,29.2673506007,29.3518623949,29.4479839739,29.5562450671,29.6772202922,29.8115283598,29.9598321252,30.1228383704,30.3012932419,30.4959634640,30.7075876551,30.9367872344,31.1839510992
793,28.9652426871,28.9698584349,28.9837366024,29.0069697486,29.0397114230,29.0821750744,29.1346325083,29.1974119103,29.2708955098,29.3555170253,29.4517591153,29.5601511281,29.6812674656,29.8157267852,29.9641918584,30.1273686342,30.3059999189,30.5008437606,30.7126226924,30.9419371148,31.1891589778
794,28.9683608825,28.9729835922,28.9868826018,29.0101503400,29.0429401353,29.0854651244,29.1379967121,29.2008626090,29.2744445213,29.3591756378,29.4555381373,29.5640609984,29.6853184082,29.8199289380,29.9685551490,30.1319018430,30.3107079715,30.5057225027,30.7176522626,30.9470781674,31.1943571050
795,28.9714837793,28.9761134409,28.9900332634,29.0133355439,29.0461733901,29.0887596267,29.1413652607,29.2043175327,29.2779976334,29.3628382334,29.4593210436,29.5679746823,29.6893731189,29.8241347952,29.9729219178,30.1364378231,30.3154171464,30.5105994905,30.7226764243,30.9522107844,31.1995460059
796,28.9746113707,28.9792479747,28.9931885804,29.0165253536,29.0494111805,29.0920585751,29.1447381489,29.2077766775,29.2815548448,29.3665048133,29.4631078375,29.5718921832,29.6934315940,29.8283443275,29.9772920780,30.1409764026,30.3201272126,30.5154745599,30.7276952517,30.9573353266,31.2047261503
797,28.9777436503,28.9823871867,28.9963485461,29.0197197622,29.0526535000,29.0953619633,29.1481153713,29.2112400400,29.2851161540,29.3701753785,29.4668985220,29.5758135031,29.6974938262,29.8325574996,29.9816655375,30.1455174127,30.3248379603,30.5203475776,30.7327088295,30.9624521263,31.2098979618
798,28.9808806113,28.9855310703,28.9995131537,29.0229187630,29.0559003418,29.0986697853,29.1514969231,29.2147076168,29.2886815600,29.3738499301,29.4706930995,29.5797386427,29.7015598049,29.8367742709,29.9860421998,30.1500606904,30.3295491999,30.5252184357,30.7377172500,30.9675614911,31.2150618246
799,28.9840222471,28.9886796189,29.0026823965,29.0261223491,29.0591516994,29.1019820351,29.1548827993,29.2181794046,29.2922510615,29.3775284691,29.4744915719,29.5836676007,29.7056295159,29.8409945958,29.9904219661,30.1546060784,30.3342607601,30.5300870475,30.7427206097,30.9726637063,31.2202180889
800,28.9871685511,28.9918328257,29.0058562677,29.0293305140,29.0624075665,29.1052987070,29.1582729952,29.2216554004,29.2958246573,29.3812109961,29.4782939407,29.5876003744,29.7097029418,29.8452184245,29.9948047358,30.1591534270,30.3389724868,30.5349533444,30.7477190081,30.9777590375,31.2253670761
801,28.9903195165,28.9949906841,29.0090347607,29.0325432509,29.0656679367,29.1086197952,29.1616675062,29.2251356010,29.2994023464,29.3848975118,29.4821002060,29.5915369589,29.7137800618,29.8494457036,29.9991904083,30.1637025934,30.3436842414,30.5398172731,30.7527125456,30.9828477326,31.2305090818
802,28.9934751367,28.9981531872,29.0122178687,29.0357605532,29.0689328036,29.1119452941,29.1650663278,29.2286200037,29.3029841278,29.3885880165,29.4859103676,29.5954773474,29.7178608518,29.8536763767,30.0035788829,30.1682534424,30.3483958995,30.5446787929,30.7577013234,30.9879300236,31.2356443793
803,28.9966354049,29.0013203284,29.0154055850,29.0389824145,29.0722021611,29.1152751981,29.1684694557,29.2321086054,29.3065700001,29.3922825100,29.4897244239,29.5994215311,29.7219452851,29.8579103848,30.0079700603,30.1728058465,30.3531073496,30.5495378742,30.7626854417,30.9930061282,31.2407732224
804,28.9998003144,29.0044921011,29.0185979029,29.0422088282,29.0754760030,29.1186095019,29.1718768855,29.2356014036,29.3101599622,29.3959809919,29.4935423723,29.6033694992,29.7260333319,29.8621476672,30.0123638429,30.1773596854,30.3578184916,30.5543944963,30.7676650002,30.9980762508,31.2458958470
805,29.0029698586,29.0076684985,29.0217948159,29.0454397878,29.0787543234,29.1219482002,29.1752886130,29.2390983954,29.3137540128,29.3996834612,29.4973642092,29.6073212390,29.7301249603,29.8663881617,30.0167601349,30.1819148461,30.3625292361,30.5592486468,30.7726400967,31.0031405842,31.2510124736
806,29.0061440306,29.0108495138,29.0249963173,29.0486752869,29.0820371161,29.1252912877,29.1787046342,29.2425995781,29.3173521504,29.4033899164,29.5011899297,29.6112767356,29.7342201361,29.8706318051,30.0211588432,30.1864712226,30.3672395031,30.5641003194,30.7776108276,31.0081993104,31.2561233084
807,29.0093228240,29.0140351406,29.0282024006,29.0519153192,29.0853243754,29.1286387594,29.1821249452,29.2461049490,29.3209543733,29.4071003553,29.5050195278,29.6152359726,29.7383188231,29.8748785337,30.0255598772,30.1910287154,30.3719492215,30.5689495139,30.7825772872,31.0132526016,31.2612285453
808,29.0125062319,29.0172253721,29.0314130592,29.0551598785,29.0886160954,29.1319906102,29.1855495418,29.2496145055,29.3245606795,29.4108147752,29.5088529961,29.6191989315,29.7424209834,29.8791282835,30.0299631490,30.1955872314,30.3766583274,30.5737962348,30.7875395679,31.0183006207,31.2663283663
809,29.0156942477,29.0204202017,29.0346282866,29.0584089584,29.0919122704,29.1353468352,29.1889784203,29.2531282447,29.3281710669,29.4145331727,29.5126903261,29.6231655925,29.7465265778,29.8833809906,30.0343685739,30.2001466836,30.3813667645,30.5786404907,30.7924977597,31.0233435225,31.2714229432
810,29.0188868648,29.0236196228,29.0378480764,29.0616625528,29.0952128948,29.1387074295,29.1924115768,29.2566461638,29.3317855330,29.4182555436,29.5165315081,29.6271359340,29.7506355659,29.8876365914,30.0387760700,30.2047069906,30.3860744825,30.5834822936,30.7974519508,31.0283814542,31.2765124383
811,29.0220840766,29.0268236288,29.0410724221,29.0649206557,29.0985179630,29.1420723882,29.1958490075,29.2601682598,29.3354040748,29.4219818831,29.5203765311,29.6311099329,29.7547479060,29.8918950229,30.0431855586,30.2092680763,30.3907814369,30.5883216587,30.8024022269,31.0334145556,31.2815970053
812,29.0252858766,29.0300322133,29.0443013175,29.0681832609,29.1018274694,29.1454417068,29.1992907086,29.2636945298,29.3390266892,29.4257121855,29.5242253832,29.6350875650,29.7588635560,29.8961562229,30.0475969640,30.2138298698,30.3954875885,30.5931586035,30.8073486716,31.0384429603,31.2866767898
813,29.0284922581,29.0332453697,29.0475347561,29.0714503625,29.1051414086,29.1488153804,29.2027366762,29.2672249704,29.3426533725,29.4294464445,29.5280780509,29.6390688047,29.7629824730,29.9004201299,30.0520102133,30.2183923049,30.4001929028,30.5979931479,30.8122913663,31.0434667955,31.2917519300
814,29.0317032147,29.0364630917,29.0507727317,29.0747219545,29.1084597753,29.1521934045,29.2061869066,29.2707595783,29.3462841207,29.4331846528,29.5319345202,29.6430536256,29.7671046136,29.9046866835,30.0564252370,30.2229553198,30.4048973495,30.6028253134,30.8172303903,31.0484861832,31.2968225576
815,29.0349187399,29.0396853727,29.0540152381,29.0779980312,29.1117825641,29.1555757745,29.2096413958,29.2742983499,29.3499189292,29.4369268025,29.5357947755,29.6470419999,29.7712299342,29.9089558245,30.0608419681,30.2275188570,30.4096009021,30.6076551231,30.8221658209,31.0535012396,31.3018887979
816,29.0381388273,29.0429122065,29.0572622691,29.0812785866,29.1151097698,29.1589624857,29.2131001399,29.2778412815,29.3535577931,29.4406728849,29.5396588005,29.6510338993,29.7753583911,29.9132274949,30.0652603427,30.2320828628,30.4143035379,30.6124826015,30.8270977330,31.0585120763,31.3069507704
817,29.0413634705,29.0461435866,29.0605138187,29.0845636151,29.1184413871,29.1623535337,29.2165631349,29.2813883690,29.3572007069,29.4444228906,29.5435265781,29.6550292946,29.7794899404,29.9175016378,30.0696802996,30.2366472873,30.4190052372,30.6173077740,30.8320261998,31.0635188003,31.3120085894
818,29.0445926632,29.0493795069,29.0637698806,29.0878531109,29.1217774109,29.1657489138,29.2200303767,29.2849396081,29.3608476647,29.4481768092,29.5473980902,29.6590281560,29.7836245384,29.9217781979,30.0741017803,30.2412120839,30.4237059831,30.6221306669,30.8369512925,31.0685215141,31.3170623640
819,29.0478263990,29.0526199610,29.0670304490,29.0911470683,29.1251178360,29.1691486216,29.2235018611,29.2884949943,29.3644986600,29.4519346299,29.5512733177,29.6630304530,29.7877621416,29.9260571210,30.0785247289,30.2457772094,30.4284057616,30.6269513073,30.8418730804,31.0735203165,31.3221121989
820,29.0510646717,29.0558649429,29.0702955179,29.0944454819,29.1284626574,29.1725526523,29.2269775838,29.2920545226,29.3681536858,29.4556963410,29.5551522410,29.6670361548,29.7919027068,29.9303383546,30.0829490919,30.2503426236,30.4331045610,30.6317697230,30.8467916308,31.0785153021,31.3271581941
821,29.0543074751,29.0591144464,29.0735650812,29.0977483461,29.1318118700,29.1759610014,29.2304575403,29.2956181881,29.3718127348,29.4594619302,29.5590348398,29.6710452301,29.7960461909,29.9346218472,30.0873748184,30.2549082889,30.4378023716,30.6365859419,30.8517070095,31.0835065623,31.3322004459
822,29.0575548031,29.0623684654,29.0768391333,29.1010556552,29.1351654687,29.1793736643,29.2339417260,29.2991859851,29.3754757988,29.4632313845,29.5629210930,29.6750576474,29.8001925516,29.9389075490,30.0918018597,30.2594741706,30.4424991861,30.6413999926,30.8566192804,31.0884941848,31.3372390466
823,29.0608066496,29.0656269938,29.0801176682,29.1043674040,29.1385234485,29.1827906363,29.2374301361,29.3027579080,29.3791428694,29.4670046902,29.5668109790,29.6790733748,29.8043417467,29.9431954116,30.0962301694,30.2640402365,30.4471949986,30.6462119039,30.8615285057,31.0934782546,31.3422740848
824,29.0640630084,29.0688900258,29.0834006802,29.1076835868,29.1418858043,29.1862119125,29.2409227657,29.3063339507,29.3828139378,29.4707818332,29.5707044758,29.6830923805,29.8084937348,29.9474853879,30.1006597031,30.2686064566,30.4518898051,30.6510217045,30.8664347462,31.0984588532,31.3473056461
825,29.0673238736,29.0721575552,29.0866881636,29.1110041984,29.1452525311,29.1896374881,29.2444196097,29.3099141066,29.3864889943,29.4745627987,29.5746015606,29.6871146324,29.8126484750,29.9517774321,30.1050904187,30.2731728030,30.4565836030,30.6558294237,30.8713380609,31.1034360596,31.3523338127
826,29.0705892392,29.0754295764,29.0899801127,29.1143292334,29.1486236238,29.1930673582,29.2479206628,29.3134983690,29.3901680291,29.4783475713,29.5785022105,29.6911400983,29.8168059268,29.9560715001,30.1095222758,30.2777392500,30.4612763912,30.6606350904,30.8762385074,31.1084099500,31.3573586637
827,29.0738590994,29.0787060833,29.0932765218,29.1176586863,29.1519990774,29.1965015178,29.2514259193,29.3170867308,29.3938510318,29.4821361351,29.5824064022,29.6951687462,29.8209660507,29.9603675487,30.1139552360,30.2823057739,30.4659681696,30.6654387337,30.8811361419,31.1133805981,31.3623802758
828,29.0771334481,29.0819870703,29.0965773853,29.1209925519,29.1553788867,29.1999399618,29.2549353736,29.3206791846,29.3975379915,29.4859284740,29.5863141118,29.6992005441,29.8251288075,29.9646655365,30.1183892628,30.2868723525,30.4706589396,30.6702403827,30.8860310192,31.1183480752,31.3673987225
829,29.0804122797,29.0852725316,29.0998826976,29.1243308248,29.1587630465,29.2033826848,29.2584490197,29.3242757224,29.4012288970,29.4897245710,29.5902253153,29.7032354599,29.8292941589,29.9689654231,30.1228243213,30.2914389655,30.4753487033,30.6750400663,30.8909231926,31.1233124502,31.3724140753
830,29.0836955884,29.0885624613,29.1031924533,29.1276734997,29.1621515517,29.2068296817,29.2619668515,29.3278763362,29.4049237364,29.4935244091,29.5941399886,29.7072734621,29.8334620672,29.9732671694,30.1272603783,30.2960055941,30.4800374640,30.6798378133,30.8958127143,31.1282737901,31.3774264029
831,29.0869833684,29.0918568540,29.1065066467,29.1310205712,29.1655443971,29.2102809468,29.2654888624,29.3314810175,29.4086224976,29.4973279706,29.5980581071,29.7113145188,29.8376324955,29.9775707376,30.1316974021,30.3005722210,30.4847252257,30.6846336524,30.9006996351,31.1332321596,31.3824357721
832,29.0902756139,29.0951557038,29.1098252724,29.1343720339,29.1689415773,29.2137364745,29.2690150459,29.3350897574,29.4123251682,29.5011352375,29.6019796462,29.7153585987,29.8418054075,29.9818760911,30.1361353627,30.3051388303,30.4894119933,30.6894276121,30.9055840046,31.1381876214,31.3874422473
833,29.0935723194,29.0984590053,29.1131483248,29.1377278827,29.1723430869,29.2171962591,29.2725453951,29.3387025468,29.4160317351,29.5049461918,29.6059045812,29.7194056707,29.8459807677,29.9861831945,30.1405742311,30.3097054073,30.4940977723,30.6942197207,30.9104658712,31.1431402366,31.3924458909
834,29.0968734793,29.1017667528,29.1164757986,29.1410881119,29.1757489206,29.2206602947,29.2760799027,29.3423193762,29.4197421852,29.5087608147,29.6098328872,29.7234557038,29.8501585413,29.9904920137,30.1450139803,30.3142719388,30.4987825690,30.6990100062,30.9153452823,31.1480900642,31.3974467635
835,29.1001790878,29.1050789407,29.1198076881,29.1444527163,29.1791590727,29.2241285752,29.2796185616,29.3459402359,29.4234565047,29.5125790874,29.6137645393,29.7275086674,29.8543386943,29.9948025154,30.1494545841,30.3188384123,30.5034663902,30.7037984965,30.9202222839,31.1530371616,31.4024449237
836,29.1034891395,29.1083955636,29.1231439880,29.1478216905,29.1825735377,29.2276010943,29.2831613639,29.3495651156,29.4271746797,29.5164009909,29.6176995127,29.7315645313,29.8585211931,29.9991146675,30.1538960177,30.3234048169,30.5081492433,30.7085852191,30.9250969214,31.1579815847,31.4074404284
837,29.1068036288,29.1117166158,29.1264846928,29.1511950288,29.1859923099,29.2310778458,29.2867083020,29.3531940050,29.4308966960,29.5202265058,29.6216377822,29.7356232654,29.8627060054,30.0034284393,30.1583382576,30.3279711422,30.5128311360,30.7133702013,30.9299692387,31.1629233878,31.4124333330
838,29.1101225501,29.1150420919,29.1298297970,29.1545727259,29.1894153835,29.2345588229,29.2902593677,29.3568268934,29.4346225390,29.5240556125,29.6255793229,29.7396848401,29.8668930991,30.0077438006,30.1627812814,30.3325373791,30.5175120767,30.7181534703,30.9348392789,31.1678626234,31.4174236909
839,29.1134458979,29.1183719864,29.1331792952,29.1579547761,29.1928427525,29.2380440191,29.2938145526,29.3604637697,29.4383521939,29.5278882915,29.6295241100,29.7437492261,29.8710824430,30.0120607226,30.1672250677,30.3371035194,30.5221920741,30.7229350528,30.9397070843,31.1727993430,31.4224115544
840,29.1167736668,29.1217062937,29.1365331817,29.1613411738,29.1962744111,29.2415334273,29.2973738482,29.3641046228,29.4420856454,29.5317245228,29.6334721186,29.7478163946,29.8752740068,30.0163791772,30.1716695961,30.3416695554,30.5268711373,30.7277149751,30.9445726959,31.1777335965,31.4273969740
841,29.1201058511,29.1250450084,29.1398914511,29.1647319134,29.1997103529,29.2450270406,29.3009372457,29.3677494410,29.4458228784,29.5355642865,29.6374233240,29.7518863169,29.8794677604,30.0206991375,30.1761148475,30.3462354806,30.5315492756,30.7324932636,30.9494361549,31.1826657086,31.4323962627
842,29.1234424455,29.1283881249,29.1432540978,29.1681269890,29.2031505719,29.2485248516,29.3045047360,29.3713982125,29.4495638772,29.5394075625,29.6413777014,29.7559589649,29.8836636750,30.0250205773,30.1805608034,30.3508012889,30.5362264987,30.7372699448,30.9542975780,31.1875980100,31.4374064434
843,29.1267834443,29.1317356377,29.1466211162,29.1715263950,29.2065950617,29.2520268530,29.3080763098,29.3750509254,29.4533086260,29.5432543305,29.6453352263,29.7600343109,29.8878617219,30.0293434713,30.1850074464,30.3553669753,30.5409028169,30.7420450619,30.9591574022,31.1925320815,31.4424228138
844,29.1301288421,29.1350875413,29.1499925007,29.1749301253,29.2100438157,29.2555330371,29.3116519578,29.3787075673,29.4570571088,29.5471045703,29.6492958743,29.7641123274,29.8920618736,30.0336677951,30.1894547599,30.3599325350,30.5455782441,30.7468187177,30.9640162000,31.1974681905,31.4474437239
845,29.1334786334,29.1384438301,29.1533682457,29.1783381740,29.2134968274,29.2590433961,29.3152316701,29.3823681256,29.4608093094,29.5509582616,29.6532596212,29.7681929876,29.8962641027,30.0379935252,30.1939027281,30.3644979651,30.5502528067,30.7515910786,30.9688744306,31.2024062794,31.4524682386
846,29.1368328125,29.1418044986,29.1567483453,29.1817505351,29.2169540900,29.2625579221,29.3188154368,29.3860325877,29.4645652116,29.5548153840,29.6572264427,29.7722762649,29.9004683830,30.0423206388,30.1983513363,30.3690632655,30.5549265500,30.7563623397,30.9737324183,31.2073462146,31.4574957410
847,29.1401913739,29.1451695410,29.1601327938,29.1851672024,29.2204155967,29.2660766070,29.3224032478,29.3897009406,29.4683247988,29.5586759171,29.6611963149,29.7763621331,29.9046746886,30.0466491139,30.2028005709,30.3736284417,30.5595995378,30.7611326947,30.9785903868,31.2122878517,31.4625257888
848,29.1435543120,29.1485389519,29.1635215854,29.1885881696,29.2238813404,29.2695994423,29.3259950928,29.3933731711,29.4720880544,29.5625398406,29.6651692142,29.7804505665,29.9088829942,30.0509789294,30.2072504205,30.3781935061,30.5642718467,30.7659023221,30.9834484901,31.2172310542,31.4675580480
849,29.1469216212,29.1519127253,29.1669147142,29.1920134306,29.2273513140,29.2731264197,29.3295909612,29.3970492659,29.4758549617,29.5664071339,29.6691451168,29.7845415398,29.9130932752,30.0553100652,30.2117008761,30.3827584783,30.5689435607,30.7706713795,30.9883068359,31.2221756990,31.4725922572
850,29.1502932957,29.1552908557,29.1703121742,29.1954429787,29.2308255103,29.2766575304,29.3331908422,29.4007292114,29.4796255037,29.5702777768,29.6731239995,29.7886350281,29.9173055079,30.0596425025,30.2161519320,30.3873233847,30.5736147661,30.7754400039,30.9931654994,31.2271216770,31.4776282061
851,29.1536693300,29.1586733372,29.1737139594,29.1988768075,29.2343039218,29.2801927657,29.3367947250,29.4044129941,29.4833996635,29.5741517488,29.6771058389,29.7927310068,29.9215196691,30.0639762239,30.2206035859,30.3918882565,30.5782855483,30.7802083136,30.9980245340,31.2320688915,31.4826657224
852,29.1570497181,29.1620601640,29.1771200637,29.2023149104,29.2377865410,29.2837321164,29.3404025983,29.4081006000,29.4871774240,29.5780290297,29.6810906123,29.7968294520,29.9257357363,30.0683112137,30.2250558388,30.3964531291,30.5829559896,30.7849764098,31.0028839775,31.2370172577,31.4877046623
853,29.1604344542,29.1654513302,29.1805304809,29.2057572807,29.2412733602,29.2872755735,29.3440144511,29.4117920151,29.4909587681,29.5819095991,29.6850782969,29.8009303400,29.9299536880,30.0726474582,30.2295086951,30.4010180405,30.5876261680,30.7897443800,31.0077438568,31.2419667005,31.4927449046
854,29.1638235326,29.1688468298,29.1839452048,29.2092039114,29.2447643715,29.2908231275,29.3476302717,29.4154872254,29.4947436786,29.5857934369,29.6890688702,29.8050336479,29.9341735040,30.0769849453,30.2339621621,30.4055830301,30.5922961566,30.7945122994,31.0126041911,31.2469171537,31.4977863459
855,29.1672169472,29.1722466567,29.1873642289,29.2126547956,29.2482595669,29.2943747689,29.3512500485,29.4191862164,29.4985321383,29.5896805229,29.6930623099,29.8091393531,29.9383951647,30.0813236652,30.2384162496,30.4101481380,30.5969660234,30.7992802332,31.0174649938,31.2518685587,31.5028288972
856,29.1706146920,29.1756508049,29.1907875469,29.2161099262,29.2517589384,29.2979304882,29.3548737699,29.4228889739,29.5023241297,29.5935708371,29.6970585942,29.8132474336,29.9426186520,30.0856636099,30.2428709694,30.4147134043,30.6016358314,30.8040482380,31.0223262743,31.2568208634,31.5078724816
857,29.1740167611,29.1790592682,29.1942151522,29.2195692961,29.2552624777,29.3014902754,29.3585014238,29.4265954832,29.5061196357,29.5974643596,29.7010577013,29.8173578684,29.9468439488,30.0900047733,30.2473263351,30.4192788683,30.6063056386,30.8088163631,31.0271880392,31.2617740216,31.5129170318
858,29.1774231481,29.1824720404,29.1976470382,29.2230328979,29.2587701763,29.3050541207,29.3621329982,29.4303057299,29.5099186388,29.6013610704,29.7050596102,29.8214706366,29.9510710393,30.0943471507,30.2517823615,30.4238445685,30.6109754985,30.8135846521,31.0320502927,31.2667279920,31.5179624891
859,29.1808338469,29.1858891150,29.2010831981,29.2265007243,29.2622820258,29.3086220137,29.3657684808,29.4340196991,29.5137211217,29.6052609500,29.7090642997,29.8255857186,29.9552999090,30.0986907393,30.2562390644,30.4284105421,30.6156454606,30.8183531433,31.0369130377,31.2716827379,31.5230088018
860,29.1842488513,29.1893104856,29.2045236252,29.2299727675,29.2657980175,29.3121939444,29.3694078593,29.4377373761,29.5175270670,29.6091639787,29.7130717493,29.8297030953,29.9595305444,30.1030355376,30.2606964605,30.4329768251,30.6203155702,30.8231218704,31.0417762761,31.2766382264,31.5280559241
861,29.1876681547,29.1927361458,29.2079683125,29.2334490201,29.2693181426,29.3157699023,29.3730511213,29.4414587459,29.5213364574,29.6130701372,29.7170819390,29.8338227482,29.9637629334,30.1073815452,30.2651545666,30.4375434519,30.6249858692,30.8278908638,31.0466400089,31.2815944282,31.5331038157
862,29.1910917508,29.1961660889,29.2114172530,29.2369294742,29.2728423920,29.3193498767,29.3766982541,29.4451837937,29.5251492755,29.6169794064,29.7210948490,29.8379446600,29.9679970648,30.1117287629,30.2696133999,30.4421104551,30.6296563962,30.8326601505,31.0515042366,31.2865513170,31.5381524405
863,29.1945196329,29.1996003082,29.2148704396,29.2404141219,29.2763707568,29.3229338571,29.3803492450,29.4489125044,29.5289655041,29.6208917671,29.7251104602,29.8420688137,29.9722329285,30.1160771926,30.2740729779,30.4466778662,30.6343271869,30.8374297549,31.0563689595,31.2915088692,31.5432017667
864,29.1979517944,29.2030387969,29.2183278649,29.2439029552,29.2799032277,29.3265218326,29.3840040811,29.4526448630,29.5327851258,29.6248072008,29.7291287537,29.8461951935,29.9764705155,30.1204268366,30.2785333175,30.4512457150,30.6389982741,30.8421996989,31.0612341777,31.2964670638,31.5482517657
865,29.2013882285,29.2064815481,29.2217895217,29.2473959658,29.2834397954,29.3301137922,29.3876627497,29.4563808544,29.5366081237,29.6287256888,29.7331497114,29.8503237842,29.9807098177,30.1247776984,30.2829944359,30.4558140296,30.6436696886,30.8469700026,31.0660998911,31.3014258818,31.5533024121
866,29.2048289285,29.2099285548,29.2252554025,29.2508931456,29.2869804504,29.3337097250,29.3913252376,29.4601204633,29.5404344806,29.6326472130,29.7371733154,29.8544545712,29.9849508277,30.1291297815,30.2874563497,30.4603828370,30.6483414586,30.8517406842,31.0709660998,31.3063853063,31.5583536832
867,29.2082738872,29.2133798099,29.2287254997,29.2543944862,29.2905251830,29.3373096196,29.3949915318,29.4638636747,29.5442641795,29.6365717553,29.7411995485,29.8585875410,29.9891935390,30.1334830904,30.2919190755,30.4649521626,30.6530136104,30.8565117604,31.0758328038,31.3113453222,31.5634055586
868,29.2117230977,29.2168353062,29.2321998056,29.2578999789,29.2940739837,29.3409134648,29.3986616191,29.4676104735,29.5480972035,29.6404992981,29.7452283940,29.8627226804,29.9934379459,30.1378376297,30.2963826291,30.4695220305,30.6576861686,30.8612832466,31.0807000032,31.3163059160,31.5684580202
869,29.2151765528,29.2202950363,29.2356783124,29.2614096153,29.2976268425,29.3445212492,29.4023354862,29.4713608444,29.5519335360,29.6444298240,29.7492598357,29.8668599771,29.9976840433,30.1421934042,30.3008470262,30.4740924636,30.6623591560,30.8660551572,31.0855676984,31.3212670755,31.5735110517
870,29.2186342452,29.2237589929,29.2391610121,29.2649233864,29.3011837494,29.3481329613,29.4060131198,29.4751147723,29.5557731603,29.6483633159,29.7532938578,29.8709994196,30.0019318266,30.1465504193,30.3053122818,30.4786634836,30.6670325940,30.8708275052,31.0904358898,31.3262287899,31.5785646387
871,29.2220961676,29.2272271683,29.2426478969,29.2684412835,29.3047446945,29.3517485894,29.4096945065,29.4788722421,29.5596160599,29.6522997570,29.7573304451,29.8751409965,30.0061812919,30.1509086801,30.3097784107,30.4832351111,30.6717065027,30.8756003031,31.0953045779,31.3311910497,31.5836187680
872,29.2255623124,29.2306995549,29.2461389584,29.2719632975,29.3083096674,29.3553681219,29.4133796329,29.4826332387,29.5634622185,29.6562391310,29.7613695828,29.8792846976,30.0104324357,30.1552681923,30.3142454270,30.4878073655,30.6763809007,30.8803735624,31.1001737635,31.3361538464,31.5886734283
873,29.2290326721,29.2341761450,29.2496341884,29.2754894194,29.3118786579,29.3589915469,29.4170684856,29.4863977470,29.5673116201,29.6601814216,29.7654112568,29.8834305128,30.0146852550,30.1596289614,30.3187133444,30.4923802653,30.6810558057,30.8851472939,31.1050434475,31.3411171725,31.5937286090
874,29.2325072389,29.2376569307,29.2531335786,29.2790196398,29.3154516556,29.3626188525,29.4207610511,29.4901657521,29.5711642486,29.6641266131,29.7694554531,29.8875784328,30.0189397471,30.1639909928,30.3231821761,30.4969538281,30.6857312342,30.8899215080,31.1099136310,31.3460810213,31.5987843011
875,29.2359860050,29.2411419039,29.2566371204,29.2825539495,29.3190286500,29.3662500269,29.4244573158,29.4939372390,29.5750200882,29.6680746901,29.7735021586,29.8917284486,30.0231959097,30.1683542923,30.3276519349,30.5015280706,30.6904072021,30.8946962142,31.1147843152,31.3510453870,31.6038404965
876,29.2394689625,29.2446310567,29.2601448053,29.2860923390,29.3226096303,29.3698850580,29.4281572662,29.4977121928,29.5788791235,29.6720256374,29.7775513602,29.8958805517,30.0274537409,30.1727188653,30.3321226329,30.5061030086,30.6950837239,30.8994714217,31.1196555016,31.3560102646,31.6088971880
877,29.2429561034,29.2481243807,29.2636566244,29.2896347988,29.3261945861,29.3735239337,29.4318608888,29.5014905988,29.5827413389,29.6759794401,29.7816030455,29.9000347341,30.0317132388,30.1770847173,30.3365942819,30.5106786573,30.6997608137,30.9042471395,31.1245271917,31.3609756499,31.6139543691
878,29.2464474194,29.2516218676,29.2671725691,29.2931813190,29.3297835063,29.3771666418,29.4355681700,29.5052724423,29.5866067193,29.6799360839,29.7856572024,29.9041909882,30.0359744021,30.1814518539,30.3410668934,30.5152550309,30.7044384847,30.9090233757,31.1293993872,31.3659415389,31.6190120345
879,29.2499429022,29.2551235090,29.2706926302,29.2967318901,29.3333763801,29.3808131701,29.4392790963,29.5090577085,29.5904752497,29.6838955546,29.7897138194,29.9083493066,30.0402372296,30.1858202803,30.3455404782,30.5198321431,30.7091167495,30.9138001384,31.1342720900,31.3709079287,31.6240701793
880,29.2534425436,29.2586292963,29.2742167988,29.3002865021,29.3369731966,29.3844635064,29.4429936541,29.5128463832,29.5943469153,29.6878578382,29.7937728850,29.9125096826,30.0445017201,30.1901900018,30.3500150468,30.5244100071,30.7137956201,30.9185774353,31.1391453022,31.3758748165,31.6291287993
881,29.2569463349,29.2621392208,29.2777450657,29.3038451450,29.3405739447,29.3881176384,29.4467118299,29.5166384517,29.5982217016,29.6918229213,29.7978343885,29.9166721095,30.0487678727,30.1945610236,30.3544906092,30.5289886351,30.7184751079,30.9233552738,31.1440190258,31.3808422003,31.6341878910
882,29.2604542676,29.2656532738,29.2812774216,29.3074078087,29.3441786132,29.3917755537,29.4504336102,29.5204338999,29.6020995942,29.6957907906,29.8018983191,29.9208365810,30.0530356868,30.1989333506,30.3589671753,30.5335680390,30.7231552238,30.9281336611,31.1488932631,31.3858100785,31.6392474513
883,29.2639663330,29.2691714464,29.2848138571,29.3109744830,29.3477871910,29.3954372400,29.4541589816,29.5242327135,29.6059805789,29.6997614332,29.8059646667,29.9250030912,30.0573051616,30.2033069878,30.3634447542,30.5381482303,30.7278359780,30.9329126040,31.1537680166,31.3907784497,31.6443074778
884,29.2674825221,29.2726937295,29.2883543628,29.3145451578,29.3513996667,29.3991026849,29.4578879307,29.5280348785,29.6098646418,29.7037348364,29.8100334213,29.9291716343,30.0615762966,30.2076819400,30.3679233550,30.5427292197,30.7325173806,30.9376921092,31.1586432886,31.3957473131,31.6493679683
885,29.2710028260,29.2762201141,29.2918989289,29.3181198225,29.3550160291,29.4027718759,29.4616204440,29.5318403809,29.6137517692,29.7077109878,29.8141045734,29.9333422049,30.0658490915,30.2120582118,30.3724029862,30.5473110176,30.7371994411,30.9424721833,31.1635190818,31.4007166681,31.6544289214
886,29.2745272358,29.2797505908,29.2954475459,29.3216984669,29.3586362667,29.4064448006,29.4653565083,29.5356492070,29.6176419475,29.7116898754,29.8181781136,29.9375147975,30.0701235459,30.2164358077,30.3768836561,30.5518936340,30.7418821686,30.9472528325,31.1683953989,31.4056865146,31.6594903357
887,29.2780557421,29.2832851505,29.2990002040,29.3252810803,29.3622603680,29.4101214467,29.4690961102,29.5394613430,29.6215351635,29.7156714873,29.8222540328,29.9416894073,30.0743996594,30.2208147322,30.3813653726,30.5564770783,30.7465655719,30.9520340630,31.1732722427,31.4106568526,31.6645522105
888,29.2815883357,29.2868237836,29.3025568932,29.3288676522,29.3658883216,29.4138018015,29.4728392366,29.5432767753,29.6254314040,29.7196558120,29.8263323223,29.9458660294,30.0786774318,30.2251949894,30.3858481434,30.5610613597,30.7512496594,30.9568158807,31.1781496160,31.4156276826,31.6696145451
889,29.2851250073,29.2903664806,29.3061176036,29.3324581718,29.3695201159,29.4174858528,29.4765858742,29.5470954907,29.6293306561,29.7236428381,29.8304129736,29.9500446591,30.0829568630,30.2295765835,30.3903319759,30.5656464869,30.7559344392,30.9615982916,31.1830275219,31.4205990052,31.6746773393
890,29.2886657474,29.2939132319,29.3096823250,29.3360526285,29.3731557394,29.4211735879,29.4803360099,29.5509174757,29.6332329072,29.7276325545,29.8344959782,29.9542252918,30.0872379527,30.2339595185,30.3948168771,30.5702324685,30.7606199191,30.9663813014,31.1879059632,31.4255708212,31.6797405933
891,29.2922105463,29.2974640277,29.3132510474,29.3396510113,29.3767951803,29.4248649946,29.4840896308,29.5547427172,29.6371381447,29.7316249505,29.8385813282,29.9584079233,30.0915207009,30.2383437983,30.3993028538,30.5748193125,30.7653061069,30.9711649155,31.1927849432,31.4305431316,31.6848043073
892,29.2957593943,29.3010188583,29.3168237605,29.3432533094,29.3804384271,29.4285600603,29.4878467238,29.5585712022,29.6410463563,29.7356200153,29.8426690158,29.9625925492,30.0958051073,30.2427294264,30.4037899126,30.5794070266,30.7699930096,30.9759491396,31.1976644649,31.4355159379,31.6898684818
893,29.2993122818,29.3045777136,29.3204004540,29.3468595119,29.3840854679,29.4322587727,29.4916072761,29.5624029179,29.6449575299,29.7396177387,29.8467590331,29.9667791657,30.1000911720,30.2471164066,30.4082780598,30.5839956185,30.7746806345,30.9807339791,31.2025445316,31.4404892414,31.6949331177
894,29.3028691988,29.3081405837,29.3239811174,29.3504696077,29.3877362912,29.4359611194,29.4953712748,29.5662378514,29.6488716537,29.7436181104,29.8508513729,29.9709677686,30.1043788948,30.2515047424,30.4127673014,30.5885850953,30.7793689883,30.9855194390,31.2074251465,31.4454630437,31.6999982159
895,29.3064301354,29.3117074585,29.3275657402,29.3540835858,29.3913908851,29.4396670880,29.4991387073,29.5700759902,29.6527887157,29.7476211204,29.8549460278,29.9751583542,30.1086682757,30.2558944370,30.4172576434,30.5931754640,30.7840580777,30.9903055248,31.2123063129,31.4504373467,31.7050637776
896,29.3099950814,29.3152783278,29.3311543119,29.3577014350,29.3950492379,29.4433766661,29.5029095607,29.5739173218,29.6567087045,29.7516267590,29.8590429907,29.9793509187,30.1129593144,30.2602854936,30.4217490913,30.5977667313,30.7887479092,30.9950922414,31.2171880343,31.4554121523,31.7101298042
897,29.3135640267,29.3188531812,29.3347468219,29.3613231441,29.3987113378,29.4470898414,29.5066838227,29.5777618338,29.6606316087,29.7556350167,29.8631422547,29.9835454585,30.1172520110,30.2646779155,30.4262416507,30.6023589039,30.7934384890,30.9998795939,31.2220703139,31.4603874625,31.7151962971
898,29.3171369612,29.3224320085,29.3383432594,29.3649487021,29.4023771730,29.4508066017,29.5104614807,29.5816095141,29.6645574171,29.7596458839,29.8672438130,29.9877419701,30.1215463653,30.2690717056,30.4307353267,30.6069519878,30.7981298231,31.0046675871,31.2269531553,31.4653632795,31.7202632580
899,29.3207138745,29.3260147992,29.3419436138,29.3685780975,29.4060467317,29.4545269347,29.5142425222,29.5854603506,29.6684861187,29.7636593515,29.8713476590,29.9919404501,30.1258423773,30.2734668668,30.4352301244,30.6115459894,30.8028219175,31.0094562261,31.2318365618,31.4703396057,31.7253306886
900,29.3242947561,29.3296015428,29.3455478741,29.3722113192,29.4097200022,29.4582508282,29.5180269350,29.5893143313,29.6724177024,29.7676754105,29.8754537863,29.9961408949,30.1301400467,30.2778634019,30.4397260487,30.6161409143,30.8075147780,31.0142455155,31.2367205370,31.4753164433,31.7303985909
901,29.3278795957,29.3331922288,29.3491560295,29.3758483557,29.4133969726,29.4619782700,29.5218147068,29.5931714445,29.6763521577,29.7716940519,29.8795621885,30.0003433014,30.1344393736,30.2822613136,30.4442231044,30.6207367683,30.8122084101,31.0190354601,31.2416050873,31.4802949052,31.7355323754
902,29.3314683826,29.3367868464,29.3527680690,29.3794891957,29.4170776310,29.4657092481,29.5256058255,29.5970316785,29.6802894740,29.7757152670,29.8836728594,30.0045476664,30.1387403576,30.2866606044,30.4487212960,30.6253335571,30.8169028194,31.0238260675,31.2464905270,31.4852841767,31.7407198779
903,29.3350611064,29.3403853850,29.3563839816,29.3831338279,29.4207619658,29.4694437503,29.5294002790,29.6008950216,29.6842296408,29.7797390473,29.8877857928,30.0087539866,30.1430429986,30.2910612769,30.4532206279,30.6299312858,30.8215980123,31.0286174127,31.2513784626,31.4902904330,31.7459420026
904,29.3386577562,29.3439878338,29.3600037564,29.3867822408,29.4244499651,29.4731817645,29.5331980554,29.6047614626,29.6881726480,29.7837653844,29.8919009830,30.0129622589,30.1473472965,30.2954633334,30.4577211043,30.6345299601,30.8262940094,31.0334098122,31.2562710474,31.4953145707,31.7511919322
905,29.3422583213,29.3475941820,29.3636273822,29.3904344230,29.4281416171,29.4769232789,29.5369991428,29.6086309901,29.6921184853,29.7877942700,29.8960184239,30.0171724803,30.1516532511,30.2998667762,30.4622227295,30.6391295883,30.8309908799,31.0382038396,31.2611699835,31.5003561848,31.7564657316
906,29.3458627910,29.3512044186,29.3672548479,29.3940903630,29.4318369101,29.4806682815,29.5408035294,29.6125035929,29.6960671429,29.7918256959,29.9001381099,30.0213846478,30.1559608620,30.3042716076,30.4667255083,30.6437301890,30.8356887686,31.0430001843,31.2660764334,31.5054145687,31.7617607483
907,29.3494711544,29.3548185328,29.3708861423,29.3977500493,29.4355358323,29.4844167604,29.5446112034,29.6163792600,29.7000186109,29.7958596541,29.9042600353,30.0255987585,30.1602701292,30.3086778298,30.4712294473,30.6483318004,30.8403878932,31.0477995322,31.2709911570,31.5104889763,31.7670750375
908,29.3530834006,29.3584365135,29.3745212543,29.4014134705,29.4392383720,29.4881687037,29.5484221534,29.6202579804,29.7039728796,29.7998961369,29.9083841946,30.0298148094,30.1645810522,30.3130854456,30.4757345583,30.6529344864,30.8450885232,31.0526025078,31.2759146387,31.5155786980,31.7724070937
909,29.3566995185,29.3620583497,29.3781601725,29.4050806151,29.4429445174,29.4919240997,29.5522363677,29.6241397434,29.7079299394,29.8039351364,29.9125105823,30.0340327976,30.1688936311,30.3174944588,30.4802408605,30.6575383380,30.8497909563,31.0574096543,31.2808471772,31.5206830817,31.7777557074
910,29.3603194972,29.3656840303,29.3818028857,29.4087514716,29.4466542569,29.4956829367,29.5560538350,29.6280245382,29.7118897809,29.8079766449,29.9166391931,30.0382527204,30.1732078660,30.3219048752,30.4847483832,30.6621434705,30.8544954996,31.0622214328,31.2857889453,31.5258015345,31.7831198793
911,29.3639433257,29.3693135441,29.3854493827,29.4124260285,29.4503675788,29.4994452031,29.5598745438,29.6319123543,29.7158523948,29.8120206551,29.9207700216,30.0424745752,30.1775237574,30.3263167040,30.4892571667,30.6667500183,30.8592024559,31.0670382290,31.2907400296,31.5309335189,31.7884987655
912,29.3675709927,29.3729468801,29.3890996521,29.4161042742,29.4540844714,29.5032108871,29.5636984830,29.6358031811,29.7198177720,29.8160671595,29.9249030628,30.0466983593,30.1818413070,30.3307299583,30.4937672628,30.6713581301,30.8639121149,31.0718603635,31.2957004569,31.5360785468,31.7938916417
913,29.3712024872,29.3765840271,29.3927536826,29.4197861972,29.4578049231,29.5069799773,29.5675256414,29.6396970083,29.7237859032,29.8201161507,29.9290383116,30.0509240706,30.1861605179,30.3351446561,30.4982787338,30.6759679632,30.8686247490,31.0766881005,31.3006702129,31.5412361739,31.7992978770
914,29.3748377980,29.3802249737,29.3964114628,29.4234717861,29.4615289224,29.5107524622,29.5713560079,29.6435938257,29.7277567796,29.8241676217,29.9331757631,30.0551517073,30.1904813947,30.3395608208,30.5027916514,30.6805796796,30.8733406103,31.0815216572,31.3056492540,31.5464059942,31.8047169160
915,29.3784769139,29.3838697088,29.4000729813,29.4271610293,29.4652564577,29.5145283303,29.5751895716,29.6474936231,29.7317303923,29.8282215654,29.9373154125,30.0593812683,30.1948039445,30.3439784812,30.5073060951,30.6851934421,30.8780599302,31.0863612113,31.3106375165,31.5515876353,31.8101482645
916,29.3821198237,29.3875182210,29.4037382268,29.4308539154,29.4689875174,29.5183075704,29.5790263214,29.6513963905,29.7357067327,29.8322779748,29.9414572554,30.0636127534,30.1991281769,30.3483976714,30.5118221509,30.6898094123,30.8827829196,31.0912069072,31.3156349224,31.5567807546,31.8155914795
917,29.3857665160,29.3911704991,29.4074071878,29.4345504328,29.4727220900,29.5220901710,29.5828662466,29.6553021179,29.7396857920,29.8363368432,29.9456012878,30.0678461634,30.2034541040,30.3528184306,30.5163399094,30.6944277477,30.8875097698,31.0960588616,31.3206413846,31.5619850356,31.8210461606
918,29.3894169795,29.3948265317,29.4110798530,29.4382505701,29.4764601642,29.5258761209,29.5867093365,29.6592107955,29.7436675618,29.8403981641,29.9497475059,30.0720815004,30.2077817409,30.3572408026,30.5208594647,30.6990486010,30.8922406535,31.1009171679,31.3256568094,31.5672001849,31.8265119442
919,29.3930712031,29.3984863075,29.4147562110,29.4419543159,29.4802017285,29.5296654091,29.5905555804,29.6631224135,29.7476520338,29.8444619309,29.9538959067,30.0763187676,30.2121111059,30.3616648355,30.5253809127,30.7036721188,30.8969757265,31.1057818999,31.3306810991,31.5724259298,31.8319884976
920,29.3967291752,29.4021498151,29.4184362503,29.4456616586,29.4839467715,29.5334580243,29.5944049677,29.6670369623,29.7516391997,29.8485281378,29.9580464876,30.0805579701,30.2164422197,30.3660905807,30.5299043506,30.7082984411,30.9017151287,31.1106531153,31.3357141538,31.5776620160,31.8374755156
921,29.4003908847,29.4058170432,29.4221199595,29.4493725869,29.4876952819,29.5372539555,29.5982574880,29.6709544324,29.7556290514,29.8525967787,29.9621992470,30.0847991145,30.2207751061,30.3705180929,30.5344298756,30.7129277009,30.9064589857,31.1155308576,31.3407558727,31.5829082057,31.8429727162
922,29.4040563201,29.4094879804,29.4258073273,29.4530870893,29.4914472484,29.5410531916,29.6021131309,29.6748748144,29.7596215811,29.8566678484,29.9663541839,30.0890422091,30.2251097916,30.3749474289,30.5389575842,30.7175600240,30.9112074102,31.1204151587,31.3458061548,31.5881642762,31.8484798386
923,29.4077254700,29.4131626152,29.4294983421,29.4568051545,29.4952026597,29.5448557219,29.6059718861,29.6787980990,29.7636167810,29.8607413418,29.9705112983,30.0932872637,30.2294463048,30.3793786479,30.5434875716,30.7221955291,30.9159605029,31.1253060408,31.3508648998,31.5934300178,31.8539966401
924,29.4113983231,29.4168409364,29.4331929927,29.4605267711,29.4989615046,29.5486615354,29.6098337433,29.6827242771,29.7676146438,29.8648172543,29.9746705912,30.0975342901,30.2337846770,30.3838118102,30.5480199312,30.7268343282,30.9207183536,31.1302035175,31.3559320086,31.5987052334,31.8595228945
925,29.4150748679,29.4205229325,29.4368912676,29.4642519277,29.5027237720,29.5524706213,29.6136986924,29.6866533396,29.7716151622,29.8688955819,29.9788320644,30.1017833016,30.2381249411,30.3882469773,30.5525547543,30.7314765261,30.9254810427,31.1351075954,31.3610073836,31.6039897369,31.8650583903
926,29.4187550932,29.4242085922,29.4405931555,29.4679806131,29.5064894507,29.5562829690,29.6175667235,29.6905852776,29.7756183293,29.8729763211,29.9829957212,30.1060343134,30.2424671322,30.3926842113,30.5570921298,30.7361222212,30.9302486416,31.1400182750,31.3660909287,31.6092833523,31.8706029289
927,29.4224389874,29.4278979039,29.4442986450,29.4717128160,29.5102585296,29.5600985676,29.6214378266,29.6945200826,29.7796241384,29.8770594691,29.9871615654,30.1102873419,30.2468112865,30.3971235744,30.5616321437,30.7407715059,30.9350212139,31.1449355517,31.3711825501,31.6145859128,31.8761563239
928,29.4261265393,29.4315908565,29.4480077246,29.4754485250,29.5140309978,29.5639174067,29.6253119919,29.6984577459,29.7836325834,29.8811450236,29.9913296025,30.1145424053,30.2511574421,30.4015651291,30.5661748795,30.7454244662,30.9397988159,31.1498594165,31.3762821557,31.6198972602,31.8817183993
929,29.4298177374,29.4352874384,29.4517203832,29.4791877291,29.5178068442,29.5677394758,29.6291892096,29.7023982592,29.7876436582,29.8852329832,29.9954998386,30.1187995230,30.2555056377,30.4060089374,30.5707204174,30.7500811827,30.9445814974,31.1547898567,31.3813896558,31.6252172441,31.8872889892
930,29.4335125704,29.4389876383,29.4554366094,29.4829304170,29.5215860580,29.5715647644,29.6330694703,29.7063416145,29.7916573574,29.8893233469,29.9996722811,30.1230587159,30.2598559131,30.4104550608,30.5752688351,30.7547417305,30.9493693026,31.1597268565,31.3865049627,31.6305457215,31.8928679364
931,29.4372110268,29.4426914449,29.4591563918,29.4866765775,29.5253686282,29.5753932622,29.6369527645,29.7102878040,29.7956736760,29.8934161146,30.0038469385,30.1273200059,30.2642083091,30.4149035599,30.5798202069,30.7594061798,30.9541622699,31.1646703973,31.3916279907,31.6358825559,31.8984550920
932,29.4409130954,29.4463988468,29.4628797192,29.4904261995,29.5291545440,29.5792249590,29.6408390829,29.7142368199,29.7996926093,29.8975112870,30.0080238202,30.1315834161,30.2685628666,30.4193544949,30.5843746043,30.7640745958,30.9589604333,31.1696204583,31.3967586567,31.6412276170,31.9040503145
933,29.4446187647,29.4501098328,29.4666065804,29.4941792719,29.5329437948,29.5830598445,29.6447284164,29.7181886550,29.8037141531,29.9016088654,30.0122029368,30.1358489706,30.2729196272,30.4238079244,30.5889320959,30.7687470395,30.9637638223,31.1745770168,31.4018968794,31.6465807804,31.9096534693
934,29.4483280235,29.4538243914,29.4703369642,29.4979357838,29.5367363697,29.5868979087,29.6486207560,29.7221433024,29.8077383038,29.9057088519,30.0163842995,30.1401166943,30.2772786326,30.4282639064,30.5934927471,30.7734235674,30.9685724624,31.1795400485,31.4070425795,31.6519419269,31.9152644283
935,29.4520408604,29.4575425114,29.4740708592,29.5016957241,29.5405322583,29.5907391417,29.6525160930,29.7261007551,29.8117650582,29.9098112494,30.0205679207,30.1443866129,30.2816399247,30.4327224972,30.5980566208,30.7781042322,30.9733863755,31.1845095277,31.4121956801,31.6573109425,31.9208830693
936,29.4557572642,29.4612641815,29.4778082545,29.5054590818,29.5443314499,29.5945835337,29.6564144189,29.7300610069,29.8157944137,29.9139160613,30.0247538136,30.1486587530,30.2860035452,30.4371837521,30.6026237770,30.7827890829,30.9782055803,31.1894854276,31.4173561061,31.6626877177,31.9265092753
937,29.4594772235,29.4649893905,29.4815491388,29.5092258461,29.5481339341,29.5984310749,29.6603157251,29.7340240516,29.8198263681,29.9180232921,30.0289419921,30.1529331414,30.2903695359,30.4416477251,30.6071942730,30.7874781649,30.9830300925,31.1944677203,31.4225237844,31.6680721474,31.9321429348
938,29.4632007271,29.4687181272,29.4852935010,29.5129960060,29.5519397004,29.6022817557,29.6642200036,29.7379898836,29.8238609198,29.9221329466,30.0331324711,30.1572098056,30.2947379381,30.4461144686,30.6117681633,30.7921715204,30.9878599250,31.1994563775,31.4276986437,31.6734641307,31.9377839407
939,29.4669277638,29.4724503804,29.4890413301,29.5167695509,29.5557487386,29.6061355668,29.6681272464,29.7419584975,29.8278980678,29.9262450306,30.0373252659,30.1614887736,30.2991087931,30.4505840338,30.6163455002,30.7968691887,30.9926950885,31.2044513699,31.4328806146,31.6788635705,31.9434321904
940,29.4706583223,29.4761861389,29.4927926151,29.5205464700,29.5595610385,29.6099924988,29.6720374458,29.7459298883,29.8319378115,29.9303595504,30.0415203926,30.1657700735,30.3034821416,30.4550564702,30.6209263333,30.8015712058,30.9975355913,31.2094526680,31.4380696297,31.6842703732,31.9490875856
941,29.4743923915,29.4799253915,29.4965473449,29.5243267526,29.5633765900,29.6138525427,29.6759505944,29.7499040514,29.8359801509,29.9344765129,30.0457178678,30.1700537340,30.3078580239,30.4595318261,30.6255107100,30.8062776056,31.0023814396,31.2144602417,31.4432656230,31.6896844488,31.9547500317
942,29.4781299603,29.4836681273,29.5003055087,29.5281103881,29.5671953830,29.6177156893,29.6798666850,29.7538809826,29.8400250864,29.9385959259,30.0499177088,30.1743397835,30.3122364797,30.4640101482,30.6300986754,30.8109884189,31.0072326379,31.2194740608,31.4484685304,31.6951057105,31.9604194378
943,29.4818710175,29.4874143350,29.5040670955,29.5318973659,29.5710174077,29.6215819300,29.6837857107,29.7578606780,29.8440726193,29.9427177973,30.0541199333,30.1786282509,30.3166175482,30.4684914820,30.6346902724,30.8157036746,31.0120891890,31.2244940948,31.4536782893,31.7005340742,31.9660957163
944,29.4856155521,29.4911640038,29.5078320946,29.5356876757,29.5748426542,29.6254512561,29.6877076648,29.7618431343,29.8481227509,29.9468421360,30.0583245593,30.1829191650,30.3210012681,30.4729758714,30.6392855417,30.8204233992,31.0169510940,31.2295203130,31.4588948387,31.7059694591,31.9717787830
945,29.4893635530,29.4949171226,29.5116004951,29.5394813069,29.5786711129,29.6293236592,29.6916325409,29.7658283483,29.8521754834,29.9509689512,30.0625316055,30.1872125547,30.3253876774,30.4774633588,30.6438845223,30.8251476170,31.0218183527,31.2345526848,31.4641181192,31.7114117869,31.9774685566
946,29.4931150092,29.4986736805,29.5153722864,29.5432782495,29.5825027743,29.6331991310,29.6955603331,29.7698163175,29.8562308192,29.9550982527,30.0667410906,30.1915084487,30.3297768132,30.4819539854,30.6484872511,30.8298763506,31.0266909637,31.2395911794,31.4693480728,31.7168609819,31.9831649587
947,29.4968699098,29.5024336667,29.5191474577,29.5470784930,29.5863376289,29.6370776636,29.6994910354,29.7738070395,29.8602887614,29.9592300507,30.0709530339,30.1958068757,30.3341687121,30.4864477910,30.6530937630,30.8346096205,31.0315689243,31.2446357663,31.4745846428,31.7223169708,31.9888679135
948,29.5006282438,29.5061970702,29.5229259985,29.5508820275,29.5901756676,29.6409592491,29.7034246425,29.7778005126,29.8643493134,29.9633643559,30.0751674547,30.2001078643,30.3385634102,30.4909448139,30.6577040915,30.8393474459,31.0364522309,31.2496864149,31.4798277740,31.7277796827,31.9945773479
949,29.5043900005,29.5099638803,29.5267078983,29.5546888428,29.5940168811,29.6448438799,29.7073611491,29.7817967353,29.8684124792,29.9675011794,30.0793843727,30.2044114428,30.3429609424,30.4954450914,30.6623182682,30.8440898439,31.0413408787,31.2547430947,31.4850774126,31.7332490488,32.0002931910
950,29.5081551689,29.5137340863,29.5304931466,29.5584989292,29.5978612606,29.6487315486,29.7113005504,29.7857957065,29.8724782632,29.9716405325,30.0836038076,30.2087176393,30.3473613431,30.4999486592,30.6669363231,30.8488368304,31.0462348621,31.2598057754,31.4903335058,31.7387250025,32.0060153745
951,29.5119237385,29.5175076776,29.5342817331,29.5623122768,29.6017087972,29.6526222481,29.7152428418,29.7897974256,29.8765466700,29.9757824272,30.0878257795,30.2130264818,30.3517646461,30.5044555519,30.6715582847,30.8535884199,31.0511341749,31.2648744269,31.4955960024,31.7442074790,32.0117438320
952,29.5156956984,29.5212846435,29.5380736474,29.5661288760,29.6055594824,29.6565159714,29.7191880191,29.7938018921,29.8806177049,29.9799268756,30.0920503084,30.2173379980,30.3561708841,30.5089658029,30.6761841800,30.8583446255,31.0560388099,31.2699490192,31.5008648519,31.7496964157,32.0174784992
953,29.5194710381,29.5250649735,29.5418688794,29.5699487171,29.6094133076,29.6604127119,29.7231360782,29.7978091063,29.8846913734,29.9840738900,30.0962774144,30.2216522150,30.3605800893,30.5134794444,30.6808140346,30.8631054589,31.0609487592,31.2750295226,31.5061400055,31.7551917515,32.0232193140
954,29.5232497469,29.5288486572,29.5456674190,29.5737717907,29.6132702645,29.6643124631,29.7270870156,29.8018190685,29.8887676815,29.9882234833,30.1005071177,30.2259691601,30.3649922930,30.5179965074,30.6854478729,30.8678709308,31.0658640146,31.2801159077,31.5114214151,31.7606934272,32.0289662157
955,29.5270318146,29.5326356842,29.5494692562,29.5775980876,29.6171303450,29.6682152187,29.7310408279,29.8058317795,29.8928466354,29.9923756684,30.1047394385,30.2302888598,30.3694075258,30.5225170217,30.6900857178,30.8726410509,31.0707845671,31.2852081451,31.5167090338,31.7662013852,32.0347191460
956,29.5308172305,29.5364260442,29.5532743811,29.5814275986,29.6209935413,29.6721209729,29.7349975121,29.8098472405,29.8969282417,29.9965304585,30.1089743969,30.2346113404,30.3738258176,30.5270410162,30.6947275911,30.8774158276,31.0757104072,31.2903062060,31.5220028158,31.7717155695,32.0404780476
957,29.5346059844,29.5402197270,29.5570827838,29.5852603146,29.6248598456,29.6760297199,29.7389570655,29.8138654528,29.9010125073,30.0006878669,30.1132120131,30.2389366280,30.3782471975,30.5315685185,30.6993735134,30.8821952684,31.0806415250,31.2954100615,31.5273027163,31.7772359257,32.0462428655
958,29.5383980661,29.5440167226,29.5608944547,29.5890962268,29.6287292503,29.6799414542,29.7429194857,29.8178864184,29.9050994394,30.0048479072,30.1174523073,30.2432647481,30.3826716937,30.5360995555,30.7040235041,30.8869793801,31.0855779102,31.3005196833,31.5326086914,31.7827624005,32.0520135457
959,29.5421934654,29.5478170208,29.5647093842,29.5929353264,29.6326017481,29.6838561706,29.7468847705,29.8219101393,29.9091890456,30.0090105931,30.1216952994,30.2475957259,30.3870993339,30.5406341527,30.7086775817,30.8917681684,31.0905195520,31.3056350432,31.5379206981,31.7882949425,32.0577900359
960,29.5459921723,29.5516206119,29.5685275629,29.5967776049,29.6364773319,29.6877738642,29.7508529181,29.8259366179,29.9132813336,30.0131759385,30.1259410093,30.2519295862,30.3915301450,30.5451723350,30.7133357636,30.8965616382,31.0954664395,31.3107561133,31.5432386945,31.7938335011,32.0635722854
961,29.5497941767,29.5554274860,29.5723489815,29.6006230538,29.6403559946,29.6916945303,29.7548239270,29.8299658570,29.9173763113,30.0173439572,30.1301894568,30.2562663533,30.3959641532,30.5497141261,30.7179980661,30.9013597937,31.1004185612,31.3158828661,31.5485626343,31.7993762032,32.0692527625
962,29.5535994689,29.5592376333,29.5761736308,29.6044716650,29.6442377296,29.6956181643,29.7587977960,29.8339978596,29.9214739871,30.0215146635,30.1344406617,30.2606060511,30.4004013838,30.5542595489,30.7226645047,30.9061626385,31.1053759055,31.3210152695,31.5538919671,31.8049079109,32.0748514111
963,29.5574080392,29.5630510443,29.5800015016,29.6083234302,29.6481225304,29.6995447621,29.7627745240,29.8380326290,29.9255743694,30.0256880713,30.1386946434,30.2649487032,30.4048418616,30.5588086254,30.7273350941,30.9109701752,31.1103384587,31.3261531805,31.5592240190,31.8104184349,32.0803995670
964,29.5612198777,29.5668677096,29.5838325851,29.6121783417,29.6520103906,29.7034743198,29.7667541105,29.8420701687,29.9296774668,30.0298641948,30.1429514213,30.2692943328,30.4092856108,30.5633613767,30.7320098480,30.9157824056,31.1153061834,31.3312960604,31.5645552189,31.8159062608,32.0859083905
965,29.5650349751,29.5706876198,29.5876668726,29.6160363915,29.6559013040,29.7074068335,29.7707365549,29.8461104825,29.9337832882,30.0340430484,30.1472110147,30.2736429624,30.4137326547,30.5679178232,30.7366887790,30.9205993256,31.1202789619,31.3364429470,31.5698827378,31.8213720140,32.0913843074
966,29.5688533220,29.5745107657,29.5915043553,29.6198975723,29.6597952649,29.7113422999,29.7747218571,29.8501535745,29.9378918425,30.0382246462,30.1514734425,30.2779946143,30.4181830161,30.5724779844,30.7413718983,30.9254209139,31.1252565519,31.3415926892,31.5752046342,31.8268168170,32.0968316367
967,29.5726749090,29.5783371382,29.5953450248,29.6237618765,29.6636922676,29.7152807157,29.7787100172,29.8541994490,29.9420031390,30.0424090025,30.1557387235,30.2823493103,30.4226367170,30.5770418788,30.7460592122,30.9302471160,31.1302385911,31.3467441409,31.5805196290,31.8322418584,32.1022535362
968,29.5764997270,29.5821667284,29.5991888727,29.6276292971,29.6675923065,29.7192220780,29.7827010357,29.8582481105,29.9461171870,30.0465961316,30.1600068765,30.2867070718,30.4270937789,30.5816095232,30.7507507185,30.9350778345,31.1352246319,31.3518962576,31.5858268963,31.8376482674,32.1076524421
969,29.5803277671,29.5859995274,29.6030358910,29.6314998269,29.6714953764,29.7231663839,29.7866949129,29.8622995637,29.9502339958,30.0507860477,30.1642779198,30.2910679198,30.4315542224,30.5861809320,30.7554464015,30.9399129266,31.1402141794,31.3570481286,31.5911259162,31.8430370801,32.1130303060
970,29.5841590203,29.5898355266,29.6068860715,29.6353734591,29.6754014723,29.7271136311,29.7906916499,29.8663538136,29.9543535751,30.0549787651,30.1685518715,30.2954318747,30.4360180669,30.5907561151,30.7601462282,30.9447522092,31.1452067237,31.3621989785,31.5964163765,31.8484092360,32.1183887349
971,29.5879934780,29.5936747175,29.6107394065,29.6392501871,29.6793105894,29.7310638172,29.7946912477,29.8704108653,29.9584759346,30.0591742979,30.1728287497,30.2997989564,30.4404853305,30.5953350765,30.7648501465,30.9495954670,31.1502017617,31.3673481552,31.6016981070,31.8537655850,32.1237290813
972,29.5918311314,29.5975170917,29.6145958883,29.6431300045,29.6832227230,29.7350169403,29.7986937076,29.8744707241,29.9626010838,30.0633726603,30.1771085721,30.3041691842,30.4449560290,30.5999178128,30.7695580851,30.9544424609,31.1551988110,31.3724951149,31.6069710362,31.8591068960,32.1290525022
973,29.5956719723,29.6013626410,29.6184555094,29.6470129049,29.6871378689,29.7389729984,29.8026990310,29.8785333955,29.9667290329,30.0675738664,30.1813913561,30.3085425765,30.4494301753,30.6045043116,30.7742699542,30.9592929369,31.1601974180,31.3776394059,31.6122351616,31.8644338675,32.1343600019
974,29.5995159923,29.6052113574,29.6223182623,29.6508988823,29.6910560227,29.7429319901,29.8067072198,29.8825988852,29.9708597915,30.0717779301,30.1856771186,30.3129191505,30.4539077790,30.6090945512,30.7789856483,30.9641466328,31.1651971620,31.3827806542,31.6174905285,31.8697471353,32.1396524618
975,29.6033631833,29.6090632329,29.6261841401,29.6547879308,29.6949771805,29.7468939139,29.8107182759,29.8866671989,29.9749933697,30.0759848653,30.1899658764,30.3172989223,30.4583888452,30.6136885003,30.7837050479,30.9690032844,31.1701976563,31.3879185510,31.6227372165,31.8750472811,32.1449306633
976,29.6072135373,29.6129182599,29.6300531357,29.6586800448,29.6989013387,29.7508587688,29.8147322013,29.8907383427,29.9791297776,30.0801946858,30.1942576454,30.3216819057,30.4628733744,30.6182861182,30.7884280227,30.9738626296,31.1751985477,31.3930528424,31.6279753283,31.8803348382,32.1501953046
977,29.6110670465,29.6167764308,29.6339252423,29.6625752188,29.7028284936,29.7548265538,29.8187489985,29.8948123226,29.9832690250,30.0844074052,30.1985524409,30.3260681128,30.4673613621,30.6228873549,30.7931544339,30.9787244118,31.1801995149,31.3981833202,31.6332049834,31.8856102981,32.1554470145
978,29.6149237034,29.6206377382,29.6378004532,29.6664734475,29.7067586419,29.7587972681,29.8227686699,29.8988891447,29.9874111222,30.0886230367,30.2028502775,30.3304575534,30.4718527985,30.6274921526,30.7978841366,30.9835883825,31.1852002672,31.4033098146,31.6384263116,31.8908741145,32.1606863623
979,29.6187835004,29.6245021750,29.6416787622,29.6703747258,29.7106917805,29.7627709113,29.8267912182,29.9029688156,29.9915560791,30.0928415934,30.2071511685,30.3348502342,30.4763476685,30.6321004457,30.8026169820,30.9884543026,31.1902005416,31.4084321881,31.6436394502,31.8961267083,32.1659138669
980,29.6226464302,29.6283697340,29.6455601628,29.6742790488,29.7146279065,29.7667474830,29.8308166463,29.9070513414,29.9957039057,30.0970630878,30.2114551260,30.3392461595,30.4808459516,30.6367121624,30.8073528189,30.9933219435,31.1952001008,31.4135503305,31.6488445405,31.9013684704,32.1711300032
981,29.6265124857,29.6322404084,29.6494446491,29.6781864118,29.7185670172,29.7707269831,29.8348449571,29.9111367289,29.9998546119,30.1012875320,30.2157621610,30.3436453303,30.4853476224,30.6413272254,30.8120914956,30.9981910877,31.2001987312,31.4186641544,31.6540417258,31.9065997654,32.1763352081
982,29.6303816601,29.6361141915,29.6533322152,29.6820968103,29.7225091100,29.7747094117,29.8388761540,29.9152249845,30.0040082073,30.1055149375,30.2200722828,30.3480477446,30.4898526506,30.6459455525,30.8168328609,31.0030615292,31.2051962404,31.4237735919,31.6592311500,31.9118209340,32.1815298848
983,29.6342539465,29.6399910769,29.6572228554,29.6860102401,29.7264541826,29.7786947690,29.8429102401,29.9193161149,30.0081647017,30.1097453153,30.2243854989,30.3524533973,30.4943610014,30.6505670581,30.8215767655,31.0079330733,31.2101924556,31.4288785914,31.6644129565,31.9170322954,32.1867144069
984,29.6381293383,29.6438710583,29.6611165642,29.6899266970,29.7304022329,29.7826830554,29.8469472189,29.9234101266,30.0123241042,30.1139786753,30.2287018154,30.3568622799,30.4988726358,30.6551916536,30.8263230621,31.0128055363,31.2151872212,31.4339791154,31.6695872872,31.9222341493,32.1918891216
985,29.6420078291,29.6477541294,29.6650133363,29.6938461771,29.7343532590,29.7866742717,29.8509870939,29.9275070264,30.0164864239,30.1182150267,30.2330212362,30.3612743811,30.5033875111,30.6598192481,30.8310716070,31.0176787456,31.2201803980,31.4390751384,31.6747542817,31.9274267776,32.1970543529
986,29.6458894128,29.6516402844,29.6689131666,29.6977686767,29.7383072591,29.7906684184,29.8550298689,29.9316068207,30.0206516696,30.1224543779,30.2373437634,30.3656896864,30.5079055812,30.6644497494,30.8358222598,31.0225525390,31.2251718608,31.4441666446,31.6799140776,31.9326104463,32.2022104035
987,29.6497740833,29.6555295175,29.6728160501,29.7016941923,29.7422642317,29.7946654965,29.8590755476,29.9357095160,30.0248198494,30.1266967361,30.2416693973,30.3701081783,30.5124267969,30.6690830641,30.8405748841,31.0274267643,31.2301614975,31.4492536273,31.6850668093,31.9377854065,32.2073575573
988,29.6536618347,29.6594218231,29.6767219822,29.7056227205,29.7462241754,29.7986655072,29.8631241337,29.9398151188,30.0289909711,30.1309421073,30.2459981360,30.3745298369,30.5169511064,30.6737190986,30.8453293480,31.0323012789,31.2351492077,31.4543360869,31.6902126085,31.9429518959,32.2124960808
989,29.6575526614,29.6633171959,29.6806309582,29.7095542582,29.7501870889,29.8026684515,29.8671756312,29.9439236353,30.0331650422,30.1351904967,30.2503299758,30.3789546392,30.5214784559,30.6783577595,30.8500855236,31.0371759494,31.2401349019,31.4594140301,31.6953516036,31.9481101396,32.2176262253
990,29.6614465580,29.6672156307,29.6845429739,29.7134888025,29.7541529714,29.8066743309,29.8712300439,29.9480350715,30.0373420692,30.1394419079,30.2546649108,30.3833825600,30.5260087894,30.6829989534,30.8548432879,31.0420506507,31.2451184998,31.4644874690,31.7004839198,31.9532603516,32.2227482275
991,29.6653435191,29.6711171224,29.6884580250,29.7174263505,29.7581218218,29.8106831468,29.8752873756,29.9521494333,30.0415220582,30.1436963436,30.2590029335,30.3878135720,30.5305420493,30.6876425882,30.8596025223,31.0469252661,31.2500999302,31.4695564202,31.7056096794,31.9584027349,32.2278623115
992,29.6692435396,29.6750216663,29.6923761077,29.7213668997,29.7620936395,29.8146949007,29.8793476304,29.9562667262,30.0457050147,30.1479538050,30.2633440344,30.3922476454,30.5350781770,30.6922885724,30.8643631128,31.0517996863,31.2550791295,31.4746209043,31.7107290010,31.9635374832,32.2329686892
993,29.6731466146,29.6789292576,29.6962972180,29.7253104476,29.7660684239,29.8187095943,29.8834108119,29.9603869556,30.0498909433,30.1522142922,30.2676882020,30.3966847488,30.5396171127,30.6969368162,30.8691249498,31.0566738095,31.2600560414,31.4796809452,31.7158420004,31.9686647809,32.2380675618
994,29.6770527395,29.6828398921,29.7002213524,29.7292569920,29.7700461746,29.8227272292,29.8874769239,29.9645101263,30.0540798480,30.1564778040,30.2720354233,30.4011248489,30.5441587958,30.7015872310,30.8738879285,31.0615475403,31.2650306162,31.4847365696,31.7209487902,31.9737848039,32.2431591204
995,29.6809619097,29.6867535654,29.7041485074,29.7332065308,29.7740268913,29.8267478073,29.8915459701,29.9686362429,30.0582717320,30.1607443377,30.2763856835,30.4055679110,30.5487031654,30.7062397299,30.8786519483,31.0664207898,31.2700028098,31.4897878064,31.7260494798,31.9788977206,32.2482435467
996,29.6848741208,29.6906702734,29.7080786799,29.7371590622,29.7780105739,29.8307713303,29.8956179540,29.9727653097,30.0624665977,30.1650138897,30.2807389662,30.4100138988,30.5532501601,30.7108942279,30.8834169127,31.0712934751,31.2749725837,31.4948346869,31.7311441756,31.9840036918,32.2533210140
997,29.6887893687,29.6945900123,29.7120118667,29.7411145843,29.7819972222,29.8347978001,29.8996928790,29.9768973303,30.0666644466,30.1692864547,30.2850952537,30.4144627749,30.5577997186,30.7155506417,30.8881827296,31.0761655187,31.2799399042,31.4998772438,31.7362329813,31.9891028715,32.2583916874
998,29.6927076495,29.6985127784,29.7159480649,29.7450730955,29.7859868365,29.8388272184,29.9037707483,29.9810323080,30.0708652794,30.1735620267,30.2894545266,30.4189145008,30.5623517793,30.7202088903,30.8929493109,31.0810368485,31.2849047419,31.5049155112,31.7413159975,31.9941954076,32.2634557247
999,29.6966289592,29.7024385682,29.7198872718,29.7490345944,29.7899794167,29.8428595872,29.9078515649,29.9851702458,30.0750690960,30.1778405980,30.2938167643,30.4233690370,30.5669062812,30.7248688942,30.8977165724,31.0859073970,31.2898670716,31.5099495245,31.7463933222,31.9992814416,32.2685132768
1000,29.7005532944,29.7063673782,29.7238294850,29.7529990797,29.7939749632,29.8468949082,29.9119353315,29.9893111458,30.0792758954,30.1821221601,30.2981819450,30.4278263434,30.5714631634,30.7295305765,30.9024844337,31.0907771016,31.2948268718,31.5149793200,31.7514650506,32.0043611097,32.2735644879
1001,29.7044806516,29.7102992054,29.7277747018,29.7569665502,29.7979734763,29.8509331831,29.9160220509,29.9934550100,30.0834856759,30.1864067031,30.3025500457,30.4322863788,30.5760223655,30.7341938619,30.9072528178,31.0956459038,31.2997841241,31.5200049347,31.7565312753,32.0094345428,32.2786094967
1002,29.7084110276,29.7142340468,29.7317229203,29.7609370048,29.8019749562,29.8549744136,29.9201117251,29.9976018394,30.0876984346,30.1906942163,30.3069210424,30.4367491020,30.5805838278,30.7388586774,30.9120216515,31.1005137492,31.3047388134,31.5250264063,31.7615920867,32.0145018667,32.2836484357
1003,29.7123444192,29.7181718996,29.7356741381,29.7649104425,29.8059794034,29.8590186012,29.9242043562,30.0017516349,30.0919141681,30.1949846877,30.3112949100,30.4412144710,30.5851474910,30.7435249522,30.9167908648,31.1053805872,31.3096909273,31.5300437729,31.7666475723,32.0195632026,32.2886814324
1004,29.7162808236,29.7221127610,29.7396283535,29.7688868625,29.8099868183,29.8630657475,29.9282999460,30.0059043966,30.0961328721,30.1992781043,30.3156716227,30.4456824437,30.5897132967,30.7481926174,30.9215603909,31.1102463704,31.3146404559,31.5350570730,31.7716978177,32.0246186673,32.2937086093
1005,29.7202202380,29.7260566286,29.7435855646,29.7728662642,29.8139972013,29.8671158539,29.9323984958,30.0100601241,30.1003545412,30.2035744525,30.3200511537,30.4501529774,30.5942811873,30.7528616062,30.9263301662,31.1151110552,31.3195873917,31.5400663453,31.7767429059,32.0296683733,32.2987300842
1006,29.7241626598,29.7300035000,29.7475457697,29.7768486467,29.8180105529,29.8711689215,29.9365000067,30.0142188164,30.1045791697,30.2078737173,30.3244334756,30.4546260297,30.5988511060,30.7575318538,30.9311001299,31.1199746007,31.3245317292,31.5450716286,31.7817829179,32.0347124294,32.3037459705
1007,29.7281080868,29.7339533731,29.7515089673,29.7808340095,29.8220268735,29.8752249514,29.9406044793,30.0183804718,30.1088067507,30.2121758832,30.3288185603,30.4591015580,30.6034229969,30.7622032974,30.9358702242,31.1248369691,31.3294734649,31.5500729619,31.7868179326,32.0397509404,32.3087563773
1008,29.7320565164,29.7379062458,29.7554751559,29.7848223521,29.8260461635,29.8792839445,29.9447119140,30.0225450883,30.1130372766,30.2164809337,30.3332063792,30.4635795194,30.6079968049,30.7668758763,30.9406403939,31.1296981253,31.3344125970,31.5550703840,31.7918480268,32.0447840078,32.3137614101
1009,29.7360079468,29.7418621163,29.7594443344,29.7888136740,29.8300684232,29.8833459015,29.9488223108,30.0267126631,30.1172707393,30.2207888517,30.3375969030,30.4680598716,30.6125724762,30.7715495316,30.9454105863,31.1345580367,31.3393491256,31.5600639338,31.7968732753,32.0498117296,32.3187611704
1010,29.7399623758,29.7458209827,29.7634165014,29.7928079748,29.8340936530,29.8874108231,29.9529356693,30.0308831928,30.1215071296,30.2250996192,30.3419901022,30.4725425719,30.6171499576,30.7762242064,30.9501807515,31.1394166730,31.3442830518,31.5650536500,31.8018937513,32.0548342006,32.3237557563
1011,29.7439198017,29.7497828433,29.7673916559,29.7968052542,29.8381218530,29.8914787094,29.9570519886,30.0350566737,30.1257464380,30.2294132177,30.3463859466,30.4770275783,30.6217291973,30.7808998454,30.9549508416,31.1442740065,31.3492143785,31.5700395712,31.8069095257,32.0598515126,32.3287452626
1012,29.7478802227,29.7537476968,29.7713697967,29.8008055116,29.8421530235,29.8955495606,29.9611712677,30.0392331012,30.1299886540,30.2337296280,30.3507844060,30.4815148487,30.6263101441,30.7855763954,30.9597208111,31.1491300112,31.3541431095,31.5750217357,31.8119206679,32.0648637547,32.3337297809
1013,29.7518436373,29.7577155416,29.7753509231,29.8048087469,29.8461871646,29.8996233766,29.9652935048,30.0434124703,30.1342337666,30.2380488302,30.3551854497,30.4860043413,30.6308927483,30.7902538048,30.9644906167,31.1539846634,31.3590692499,31.5800001816,31.8169272458,32.0698710129,32.3387094000
1014,29.7558100440,29.7616863764,29.7793350340,29.8088149596,29.8502242761,29.9037001571,29.9694186981,30.0475947755,30.1384817641,30.2423708041,30.3595890469,30.4904960150,30.6354769609,30.7949320237,30.9692602173,31.1588379410,31.3639928058,31.5849749466,31.8219293252,32.0748733708,32.3436842054
1015,29.7597794414,29.7656602001,29.7833221287,29.8128241493,29.8542643580,29.9077799013,29.9735468452,30.0517800107,30.1427326345,30.2466955289,30.3639951665,30.4949898285,30.6400627340,30.7996110040,30.9740295734,31.1636898238,31.3689137842,31.5899460684,31.8269269707,32.0798709096,32.3486542805
1016,29.7637518282,29.7696370114,29.7873122064,29.8168363158,29.8583074101,29.9118626084,29.9776779431,30.0559681693,30.1469863647,30.2510229833,30.3684037773,30.4994857414,30.6446500210,30.8042906991,30.9787986477,31.1685402932,31.3738321929,31.5949135842,31.8319202451,32.0848637078,32.3536197056
1017,29.7677272033,29.7736168095,29.7913052664,29.8208514585,29.8623534318,29.9159482773,29.9818119889,30.0601592440,30.1512429416,30.2553531456,30.3728148482,30.5039837135,30.6492387759,30.8089710639,30.9835674045,31.1733893322,31.3787480407,31.5998775308,31.8369092099,32.0898518420,32.3585805588
1018,29.7717055656,29.7775995931,29.7953013078,29.8248695770,29.8664024227,29.9200369067,29.9859489788,30.0643532274,30.1555023513,30.2596859938,30.3772283479,30.5084837050,30.6538289541,30.8136520550,30.9883358100,31.1782369251,31.3836613369,31.6048379447,31.8418939251,32.0948353863,32.3635369159
1019,29.7756869141,29.7815853616,29.7993003302,29.8288906709,29.8704543821,29.9241284947,29.9900889089,30.0685501112,30.1597645793,30.2640215054,30.3816442450,30.5129856766,30.6584205119,30.8183336303,30.9931038319,31.1830830579,31.3885720915,31.6097948620,31.8468744493,32.0998144129,32.3684888503
1020,29.7796712478,29.7855741139,29.8033023327,29.8329147395,29.8745093092,29.9282230395,29.9942317747,30.0727498868,30.1640296110,30.2683596579,30.3860625083,30.5174895898,30.6630134066,30.8230157494,30.9978714396,31.1879277174,31.3934803150,31.6147483186,31.8518508398,32.1047889919,32.3734364335
1021,29.7836585658,29.7895658492,29.8073073147,29.8369417822,29.8785672028,29.9323205388,29.9983775716,30.0769525452,30.1682974311,30.2727004282,30.3904831065,30.5219954061,30.6676075965,30.8276983729,31.0026386038,31.1927708920,31.3983860187,31.6196983499,31.8568231599,32.1097618921,32.3785388362
1022,29.7876488673,29.7935605669,29.8113152755,29.8409717982,29.8826280619,29.9364209901,30.0025262943,30.0811580769,30.1725680239,30.2770437931,30.3949060085,30.5265030879,30.6722030411,30.8323814632,31.0074052967,31.1976125711,31.4032892142,31.6246449978,31.8617922199,32.1147555168,32.3837665325
1023,29.7916421514,29.7975582659,29.8153262144,29.8450047869,29.8866918850,29.9405243905,30.0066779372,30.0853664719,30.1768413734,30.2813897292,30.3993311832,30.5310125980,30.6767997004,30.8370649836,31.0121714920,31.2024527452,31.4081899162,31.6295884687,31.8667619724,32.1197849446,32.3890731329
1024,29.7956384174,29.8015589457,29.8193401306,29.8490407473,29.8907586706,29.9446307371,30.0108324944,30.0895777199,30.1811174632,30.2857382129,30.4037585997,30.5355238998,30.6813975359,30.8417488990,31.0169371645,31.2072914066,31.4130881745,31.6345295550,31.8717376991,32.1248524126,32.3944421134
1025,29.7996376645,29.8055626055,29.8233570235,29.8530796783,29.8948284170,29.9487400262,30.0149899597,30.0937918101,30.1853962767,30.2900892204,30.4081882274,30.5400369571,30.6859965097,30.8464331751,31.0217022907,31.2121285558,31.4179841580,31.6394696752,31.8767235827,32.1299569907,32.3998639576
1026,29.8036398919,29.8095692445,29.8273768921,29.8571215788,29.8989011221,29.9528522544,30.0191503263,30.0980087314,30.1896777966,30.2944427279,30.4126200356,30.5445517345,30.6905965850,30.8511177793,31.0264668496,31.2169642194,31.4228782201,31.6444105286,31.8817224922,32.1350970128,32.4053322684
1027,29.8076450989,29.8135788619,29.8313997356,29.8611664477,29.9029767838,29.9569674176,30.0233135873,30.1022284723,30.1939620058,30.2987987115,30.4170539939,30.5490681970,30.6951977258,30.8558026801,31.0312308268,31.2217984727,31.4277708915,31.6493538062,31.8867363163,32.1402707151,32.4108423673
1028,29.8116532847,29.8175914569,29.8354255530,29.8652142834,29.9070553997,29.9610855115,30.0274797352,30.1064510209,30.1982488866,30.3031571469,30.4214900722,30.5535863102,30.6997998973,30.8604878486,31.0359942212,31.2266314550,31.4326628298,31.6543010491,31.8917662724,32.1454764215,32.4163906438
1029,29.8156644484,29.8216070287,29.8394543434,29.8692650846,29.9111369673,29.9652065316,30.0316487624,30.1106763650,30.2025384211,30.3075180102,30.4259282405,30.5581060403,30.7044030655,30.8651732596,31.0407570514,31.2314633724,31.4375547622,31.6592536002,31.8968131253,32.1507125938,32.4219742050
1030,29.8196785894,29.8256255765,29.8434861055,29.8733188495,29.9152214838,29.9693304730,30.0358206608,30.1149044922,30.2068305914,30.3118812771,30.4303684692,30.5626273540,30.7090071982,30.8698588945,31.0455193616,31.2362944910,31.4424474382,31.6642126024,31.9018773328,32.1559778368,32.4275906677
1031,29.8236957066,29.8296470992,29.8475208384,29.8773755764,29.9193089460,29.9734573307,30.0399954220,30.1191353895,30.2111253790,30.3162469236,30.4348107288,30.5671502191,30.7136122655,30.8745447432,31.0502812243,31.2411251247,31.4473415977,31.6691790156,31.9069591415,32.1612708881,32.4332380260
1032,29.8277157993,29.8336715959,29.8515585406,29.8814352633,29.9233993509,29.9775870992,30.0441730374,30.1233690440,30.2154227655,30.3206149253,30.4392549903,30.5716746039,30.7182182405,30.8792308071,31.0550427408,31.2459556222,31.4522379496,31.6741536399,31.9120586526,32.1665906048,32.4389145628
1033,29.8317388665,29.8376990656,29.8555992108,29.8854979082,29.9274926949,29.9817197728,30.0483534980,30.1276054422,30.2197227323,30.3249852582,30.4437012248,30.5762004781,30.7228251004,30.8839171002,31.0598040390,31.2507863549,31.4571371600,31.6791371392,31.9171758653,32.1719359487,32.4446187874
1034,29.8357649071,29.8417295071,29.8596428475,29.8895635086,29.9315889743,29.9858553455,30.0525367945,30.1318445704,30.2240252606,30.3293578982,30.4481494041,30.5807278130,30.7274328280,30.8886036508,31.0645652711,31.2556177058,31.4620398469,31.6841300618,31.9223107074,32.1773059740,32.4503493908
1035,29.8397939200,29.8457629192,29.8636894490,29.8936320622,29.9356881853,29.9899938112,30.0567229174,30.1360864148,30.2283303314,30.3337328213,30.4525995005,30.5852565821,30.7320414119,30.8932905011,31.0693266092,31.2604500614,31.4669465777,31.6891328600,31.9274630567,32.1826998153,32.4561052124
1036,29.8438259040,29.8497993007,29.8677390137,29.8977035664,29.9397903237,29.9941351634,30.0609118567,30.1403309612,30.2326379257,30.3381100037,30.4570514871,30.5897867612,30.7366508479,30.8979777076,31.0740882417,31.2652838048,31.4718578704,31.6941459048,31.9326327559,32.1881166785,32.4618852142
1037,29.8478608580,29.8538386500,29.8717915397,29.9017780184,29.9438953852,29.9982793952,30.0651036025,30.1445781954,30.2369480243,30.3424894216,30.4615053381,30.5943183293,30.7412611391,30.9026653400,31.0788503698,31.2701193108,31.4767741953,31.6991694994,31.9378196241,32.1935558319,32.4676884616
1038,29.8518987805,29.8578809657,29.8758470250,29.9058554152,29.9480033652,30.0024264998,30.0692981443,30.1488281027,30.2412606081,30.3468710520,30.4659610287,30.5988512688,30.7458722963,30.9073534802,31.0836132034,31.2749569429,31.4816959783,31.7042038903,31.9430234639,32.1990165991,32.4735141074
1039,29.8559396701,29.8619262463,29.8799054673,29.9099357537,29.9521142588,30.0065764697,30.0734954716,30.1530806684,30.2455756579,30.3512548717,30.4704185357,30.6033855661,30.7504843385,30.9120422209,31.0883769585,31.2797970501,31.4866236036,31.7092492761,31.9482440676,32.2044983530,32.4793613794
1040,29.8599835252,29.8659744898,29.8839668646,29.9140190305,29.9562280611,30.0107292975,30.0776955734,30.1573358776,30.2498931546,30.3556408586,30.4748778378,30.6079212116,30.7550972920,30.9167316645,31.0931418544,31.2846399661,31.4915574176,31.7143058154,31.9534812215,32.2100005102,32.4852295703
1041,29.8640303441,29.8700256946,29.8880312142,29.9181052421,29.9603447668,30.0148849755,30.0818984388,30.1615937154,30.2542130792,30.3600289909,30.4793389153,30.6124582003,30.7597111910,30.9214219216,31.0979081112,31.2894860082,31.4964977318,31.7193736326,31.9587347086,32.2155225267,32.4911180296
1042,29.8680801251,29.8740798585,29.8920985136,29.9221943849,29.9644643705,30.0190434957,30.0861040564,30.1658541666,30.2585354126,30.3644192477,30.4838017511,30.6169965317,30.7643260765,30.9261131094,31.1026759484,31.2943354767,31.5014448261,31.7244528236,31.9640043113,32.2210638937,32.4970261562
1043,29.8721328661,29.8781369795,29.8961687601,29.9262864548,29.9685868664,30.0232048498,30.0903124149,30.1701172160,30.2628601364,30.3688116091,30.4882663303,30.6215362098,30.7689419964,30.9308053509,31.1074455828,31.2991886553,31.5063989517,31.7295434597,31.9692898128,32.2266241344,32.5029533928
1044,29.8761885652,29.8821970553,29.9002419508,29.9303814480,29.9727122486,30.0273690295,30.0945235024,30.1743828483,30.2671872321,30.3732060564,30.4927326404,30.6260772436,30.7735590046,30.9354987732,31.1122172276,31.3040458110,31.5113603340,31.7346455919,31.9745909986,32.2322028008,32.5088992213
1045,29.8802472201,29.8862600834,29.9043180825,29.9344793599,29.9768405111,30.0315360260,30.0987373073,30.1786510483,30.2715166819,30.3776025719,30.4972006720,30.6306196463,30.7781771606,30.9401935067,31.1169910917,31.3089071950,31.5163291745,31.7397592534,31.9799076570,32.2377994711,32.5148631582
1046,29.8843088285,29.8903260614,29.9083971520,29.9385801862,29.9809716476,30.0357058305,30.1029538175,30.1829218009,30.2758484683,30.3820011394,30.5016704181,30.6351634357,30.7827965289,30.9448896839,31.1217673783,31.3137730427,31.5213056538,31.7448844625,31.9852395802,32.2434137472,32.5208447510
1047,29.8883733878,29.8943949864,29.9124791559,29.9426839223,29.9851056514,30.0398784340,30.1071730210,30.1871950909,30.2801825745,30.3864017442,30.5061418748,30.6397086338,30.7874171783,30.9495874388,31.1265462849,31.3186435749,31.5262899331,31.7500212248,31.9905865645,32.2490452532,32.5268435757
1048,29.8924408955,29.8984668557,29.9165640906,29.9467905632,29.9892425158,30.0440538273,30.1113949058,30.1914709035,30.2845189842,30.3908043732,30.5106150410,30.6442552668,30.7920391816,30.9542869059,31.1313280027,31.3235189980,31.5312821563,31.7551695349,31.9959484105,32.2546936328,32.5328592334
1049,29.8965113487,29.9025416661,29.9206519524,29.9509001039,29.9933822340,30.0482320009,30.1156194595,30.1957492238,30.2888576821,30.3952090147,30.5150899185,30.6488033647,30.7966626149,30.9589882197,31.1361127164,31.3283995052,31.5362824516,31.7603293784,32.0013249235,32.2603585484,32.5388913484
1050,29.9005847444,29.9066194145,29.9247427372,29.9550125392,29.9975247988,30.0524129454,30.1198466699,30.2000300375,30.2931986534,30.3996156592,30.5195665119,30.6533529609,30.8012875571,30.9636915138,31.1409006039,31.3332852769,31.5412909328,31.7655007326,32.0067159137,32.2660396791,32.5449395659
1051,29.9046610796,29.9107000975,29.9288364411,29.9591278637,30.0016702030,30.0565966511,30.1240765249,30.2043133304,30.2975418845,30.4040242985,30.5240448287,30.6579040924,30.8059140893,30.9683969211,31.1456918364,31.3381764815,31.5463077010,31.7706835684,32.0121211957,32.2717367197,32.5510035504
1052,29.9087403510,29.9147837115,29.9329330595,29.9632460716,30.0058184389,30.0607831081,30.1283090122,30.2085990887,30.3018873626,30.4084349266,30.5285248791,30.6624567992,30.8105422947,30.9731045723,31.1504865784,31.3430732761,31.5513328456,31.7758778507,32.0175405892,32.2774493796,32.5570829840
1053,29.9128225550,29.9188702529,29.9370325882,29.9673671574,30.0099694991,30.0649723067,30.1325441198,30.2128872991,30.3062350759,30.4128475391,30.5330066760,30.6670111240,30.8151722576,30.9778145967,31.1552849876,31.3479758072,31.5563664454,31.7810835397,32.0229739186,32.2831773814,32.5631775648
1054,29.9169076881,29.9229597178,29.9411350223,29.9714911149,30.0141233757,30.0691642368,30.1367818356,30.2171779488,30.3105850138,30.4172621337,30.5374902347,30.6715671121,30.8198040639,30.9825271212,31.1600872151,31.3528842114,31.5614085695,31.7863005913,32.0284210126,32.2889204604,32.5692870061
1055,29.9209957464,29.9270521020,29.9452403571,29.9756179380,30.0182800608,30.0733588886,30.1410221479,30.2214710254,30.3149371668,30.4216787098,30.5419755731,30.6761248111,30.8244377997,30.9872422702,31.1648934054,31.3577986158,31.5664592786,31.7915289579,32.0338817050,32.2946783632,32.5754110348
1056,29.9250867260,29.9311474014,29.9493485876,29.9797476204,30.0224395463,30.0775562519,30.1452650451,30.2257665172,30.3192915265,30.4260972686,30.5464627114,30.6806842708,30.8290735519,30.9919601654,31.1697036970,31.3627191389,31.5715186252,31.7967685890,32.0393558336,32.3004508475,32.5815493905
1057,29.9291806227,29.9352456115,29.9534597086,29.9838801557,30.0266018241,30.0817563167,30.1495105156,30.2300644131,30.3236480857,30.4305178134,30.5509516719,30.6852455424,30.8337114074,30.9966809259,31.1745182220,31.3676458907,31.5765866548,31.8020194316,32.0448432408,32.3062376809,32.5877018247
1058,29.9332774322,29.9393467278,29.9575737146,29.9880155371,30.0307668859,30.0859590731,30.1537585485,30.2343647026,30.3280068385,30.4349403489,30.5554424790,30.6898086792,30.8383514531,31.0014046678,31.1793371064,31.3725789737,31.5816634060,31.8072814307,32.0503437731,32.3120386406,32.5938680999
1059,29.9373771500,29.9434507454,29.9616906002,29.9921537580,30.0349347233,30.0901645110,30.1580091328,30.2386673760,30.3323677803,30.4393648818,30.5599351592,30.6943737354,30.8429937754,31.0061315042,31.1841604707,31.3775184832,31.5867489120,31.8125545294,32.0558572812,32.3178535127,32.6000479889
1060,29.9414797714,29.9475576595,29.9658103597,29.9962948114,30.0391053279,30.0943726207,30.1622622580,30.2429724243,30.3367309074,30.4437914206,30.5644297405,30.6989407665,30.8476384604,31.0108615452,31.1889884296,31.3824645077,31.5918432002,31.8178386696,32.0613836197,32.3236820915,32.6062412739
1061,29.9455852915,29.9516674650,29.9699329872,30.0004386903,30.0432786913,30.0985833923,30.1665179141,30.2472798393,30.3410962177,30.4482199751,30.5689262529,30.7035098292,30.8522855933,31.0155948977,31.1938210927,31.3874171291,31.5969462930,31.8231337921,32.0669226471,32.3295241791,32.6124477462
1062,29.9496937054,29.9557801565,29.9740584766,30.0045853876,30.0474548048,30.1027968163,30.1707760913,30.2515896135,30.3454637102,30.4526505570,30.5734247277,30.7080809806,30.8569352586,31.0203316657,31.1986585641,31.3923764239,31.6020582087,31.8284398365,32.0724742257,32.3353795851,32.6186672054
1063,29.9538050078,29.9598957287,29.9781868220,30.0087348959,30.0516336600,30.1070128830,30.1750367803,30.2559017402,30.3498333852,30.4570831793,30.5779251978,30.7126542787,30.8615875398,31.0250719500,31.2035009432,31.3973424625,31.6071789610,31.8337567422,32.0780382211,32.3412481259,32.6248994589
1064,29.9579191933,29.9640141759,29.9823180168,30.0128872078,30.0558152484,30.1112315833,30.1792999722,30.2602162138,30.3542052441,30.4615178567,30.5824276971,30.7172297819,30.8662425193,31.0298158483,31.2083483244,31.4023153104,31.6123085603,31.8390844478,32.0836145028,32.3471296245,32.6311443215
1065,29.9620362566,29.9681354923,29.9864520548,30.0170423161,30.0599995615,30.1154529081,30.1835656588,30.2645330291,30.3585792895,30.4659546051,30.5869322610,30.7218075488,30.8709002782,31.0345634552,31.2132007978,31.4072950281,31.6174470132,31.8444228915,32.0892029432,32.3530239102,32.6374016150
1066,29.9661561917,29.9722596721,29.9905889293,30.0212002131,30.0641865908,30.1196768483,30.1878338321,30.2688521821,30.3629555253,30.4703934417,30.5914389257,30.7263876384,30.8755608966,31.0393148626,31.2180584489,31.4122816716,31.6225943234,31.8497720115,32.0948034184,32.3589308180,32.6436711677
1067,29.9702789931,29.9763867092,29.9947286336,30.0253608913,30.0683763279,30.1239033955,30.1921044849,30.2731736695,30.3673339564,30.4748343851,30.5959477286,30.7309701095,30.8802244530,31.0440701590,31.2229213592,31.4172752926,31.6277504917,31.8551317459,32.1004158073,32.3648501885,32.6499528141
1068,29.9744046545,29.9805165975,29.9988711610,30.0295243431,30.0725687645,30.1281325413,30.1963776102,30.2774974889,30.3717145891,30.4792774550,30.6004587078,30.7355550213,30.8848910246,31.0488294303,31.2277896060,31.4222759387,31.6329155164,31.8605020326,32.1060399919,32.3707818675,32.6562463943
1069,29.9785331700,29.9846493304,30.0030165046,30.0336905609,30.0767638924,30.1323642777,30.2006532020,30.2818236387,30.3760974304,30.4837226721,30.6049719020,30.7401424324,30.8895606872,31.0535927593,31.2326632629,31.4272836539,31.6380893932,31.8658828100,32.1116758571,32.3767257058,32.6625517543
1070,29.9826645332,29.9887849017,30.0071646575,30.0378595370,30.0809617035,30.1365985968,30.2049312545,30.2861521182,30.3804824887,30.4881700584,30.6094873509,30.7447324015,30.8942335150,31.0583602262,31.2375423998,31.4322984783,31.6432721157,31.8712740163,32.1173232909,32.3826815591,32.6688687448
1071,29.9867987378,29.9929233048,30.0113156125,30.0420312639,30.0851621898,30.1408354913,30.2092117627,30.2904829276,30.3848697731,30.4926196367,30.6140050944,30.7493249867,30.8989095808,31.0631319084,31.2424270831,31.4373204491,31.6484636756,31.8766755902,32.1229821835,32.3886492872,32.6751972219
1072,29.9909357773,29.9970645329,30.0154693625,30.0462057337,30.0893653435,30.1450749541,30.2134947221,30.2948160678,30.3892592940,30.4970714307,30.6185251731,30.7539202461,30.9035889559,31.0679078806,31.2473173758,31.4423496001,31.6536640628,31.8820874706,32.1286524282,32.3946287547,32.6815370461
1073,29.9950756450,30.0012085794,30.0196259004,30.0503829391,30.0935711570,30.1493169786,30.2177801287,30.2991515406,30.3936510626,30.5015254650,30.6230476278,30.7585182371,30.9082717099,31.0726882148,31.2522133378,31.4473859624,31.6588732655,31.8875095969,32.1343339205,32.4006198298,32.6878880824
1074,29.9992183342,30.0053554372,30.0237852191,30.0545628724,30.0977796228,30.1535615583,30.2220679794,30.3034893486,30.3980450909,30.5059817650,30.6275724998,30.7631190165,30.9129579109,31.0774729807,31.2571150259,31.4524295641,31.6640912702,31.8929419088,32.1400265585,32.4066223849,32.6942502000
1075,30.0033638381,30.0095050996,30.0279473111,30.0587455262,30.1019907336,30.1578086874,30.2263582714,30.3078294952,30.4024413920,30.5104403566,30.6320998305,30.7677226409,30.9176476256,31.0822622453,31.2620224939,31.4574804308,31.6693180624,31.8983843464,32.1457302427,32.4126362960,32.7006232723
1076,30.0075121499,30.0136575595,30.0321121694,30.0629308931,30.1062044825,30.1620583604,30.2306510027,30.3121719847,30.4068399797,30.5149012667,30.6366296616,30.7723291659,30.9223409190,31.0870560733,31.2669357930,31.4625385859,31.6745536260,31.9038368505,32.1514448758,32.4186614426,32.7070071762
1077,30.0116632625,30.0178128099,30.0362797867,30.0671189658,30.1104208627,30.1663105721,30.2349461717,30.3165168219,30.4112408685,30.5193645225,30.6411620349,30.7769386467,30.9270378544,31.0918545270,31.2718549715,31.4676040501,31.6797979440,31.9092993622,32.1571703627,32.4246977077,32.7134017925
1078,30.0158171689,30.0219708436,30.0404501557,30.0713097370,30.1146398675,30.1705653179,30.2392437777,30.3208640125,30.4156440738,30.5238301520,30.6456969921,30.7815511378,30.9317384939,31.0966576667,31.2767800754,31.4726768423,31.6850509982,31.9147718233,32.1629066104,32.4307449774,32.7198070054
1079,30.0199738620,30.0261316536,30.0446232692,30.0755031997,30.1188614907,30.1748225934,30.2435438204,30.3252135629,30.4200496117,30.5282981834,30.6502345751,30.7861666929,30.9364428978,31.1014655501,31.2817111481,31.4777569793,31.6903127695,31.9202541760,32.1686535282,32.4368031409,32.7262227023
1080,30.0241333348,30.0302952326,30.0487991200,30.0796993470,30.1230857262,30.1790823949,30.2478463001,30.3295654802,30.4244574990,30.5327686457,30.6547748256,30.7907853649,30.9411511251,31.1062782331,31.2866482308,31.4828444759,31.6955832379,31.9257463631,32.1744110271,32.4428720905,32.7326487740
1081,30.0282955801,30.0344615736,30.0529777011,30.0838981720,30.1273125683,30.1833447189,30.2521512178,30.3339197723,30.4288677530,30.5372415678,30.6593177853,30.7954072061,30.9458632330,31.1110957694,31.2915913624,31.4879393452,31.7008623828,31.9312483281,32.1801790141,32.4489495550,32.7389574793
1082,30.0324605908,30.0386306694,30.0571590053,30.0880996682,30.1315420116,30.1876095626,30.2564585750,30.3382764476,30.4332803917,30.5417169795,30.6638634958,30.8000322679,30.9505792776,31.1159182107,31.2965405797,31.4930415986,31.7061501826,31.9367600094,32.1859567983,32.4550175128,32.7451724553
1083,30.0366283598,30.0428025129,30.0613430258,30.0923038290,30.1357740508,30.1918769233,30.2607683737,30.3426355152,30.4376954336,30.5461949105,30.6684119984,30.8046606010,30.9552993132,31.1207456067,31.3014959176,31.4981512459,31.7114466131,31.9422812137,32.1917411683,32.4610638197,32.7513308685
1084,30.0407988798,30.0469770970,30.0655297555,30.0965106482,30.1400086813,30.1961467991,30.2650806167,30.3469969847,30.4421128978,30.5506753909,30.6729633343,30.8092922552,30.9600233928,31.1255780055,31.3064574088,31.5032682948,31.7167516216,31.9478112780,32.1975278474,32.4670866347,32.7574459282
1085,30.0449721439,30.0511544147,30.0697191877,30.1007201197,30.1442458983,30.2004191884,30.2693953071,30.3513608665,30.4465328039,30.5551584511,30.6775175443,30.8139272794,30.9647515682,31.1304154531,31.3114250844,31.5083927456,31.7220650598,31.9533490373,32.2033134415,32.4730866584,32.7635252227
1086,30.0491481449,30.0553344589,30.0739113158,30.1049322376,30.1484856977,30.2046940900,30.2737124488,30.3557271714,30.4509551718,30.5596441214,30.6820746693,30.8185657218,30.9694838893,31.1352579938,31.3163989720,31.5135245775,31.7273866311,31.9588931017,32.2090956110,32.4790651829,32.7695738394
1087,30.0533268759,30.0595172227,30.0781061332,30.1091469963,30.1527280758,30.2089715032,30.2780320459,30.3600959108,30.4553800222,30.5641324325,30.6866347494,30.8232076297,30.9742204052,31.1401056700,31.3213790936,31.5186637296,31.7327158963,31.9644420880,32.2148728034,32.4850235798,32.7755954881
1088,30.0575083298,30.0637026995,30.0823036335,30.1133643903,30.1569730288,30.2132514277,30.2823541034,30.3644670966,30.4598073757,30.5686234152,30.6911978247,30.8278530495,30.9789611632,31.1449585214,31.3263654597,31.5238100893,31.7380523144,31.9699947338,32.2206440054,32.4909631513,32.7815930228
1089,30.0616925000,30.0678908823,30.0865038104,30.1175844144,30.1612205536,30.2175338638,30.2866786266,30.3688407414,30.4642372536,30.5731171003,30.6957639349,30.8325020268,30.9837062093,31.1498165839,31.3313580642,31.5289634899,31.7433952885,31.9755499357,32.2264085678,32.4968850900,32.7875687226
1090,30.0658793795,30.0720817646,30.0907066579,30.1218070638,30.1654706475,30.2218188121,30.2910056214,30.3732168579,30.4686696774,30.5776135185,30.7003331193,30.8371546064,30.9884555875,31.1546798876,31.3363568799,31.5341237163,31.7487442034,31.9811067514,32.2321660880,32.5027904746,32.7935244590
1091,30.0700689617,30.0762753399,30.0949121700,30.1260323336,30.1697233078,30.2261062736,30.2953350940,30.3775954596,30.4731046690,30.5821127009,30.7049054168,30.8418108319,30.9932093396,31.1595484547,31.3413618561,31.5392905142,31.7540984518,31.9866643853,32.2379163336,32.5086802780,32.7994618016
1092,30.0742612401,30.0804716019,30.0991203411,30.1302602195,30.1739785325,30.2303962499,30.2996670512,30.3819765601,30.4775422504,30.5866146783,30.7094808658,30.8464707459,30.9979675040,31.1644222979,31.3463729186,31.5444636011,31.7594574511,31.9922221705,32.2436591895,32.5145553785,32.8053820892
1093,30.0784562083,30.0846705442,30.1033311654,30.1344907173,30.1782363197,30.2346887429,30.3040015003,30.3863601739,30.4819824442,30.5911194815,30.7140595044,30.8511343896,31.0027301156,31.1693014190,31.3513899711,31.5496426763,31.7648206526,31.9977795498,32.2493946231,32.5204165708,32.8112864799
1094,30.0826538599,30.0888721609,30.1075446379,30.1387238230,30.1824966681,30.2389837549,30.3083384491,30.3907463153,30.4864252728,30.5956271412,30.7186413699,30.8558018026,31.0074972042,31.1741858079,31.3564128973,31.5548274288,31.7701875467,32.0033360586,32.2551226595,32.5262645767,32.8171759866
1095,30.0868541888,30.0930764460,30.1117607532,30.1429595332,30.1867595764,30.2432812887,30.3126779055,30.3951349994,30.4908707591,30.6001376881,30.7232264989,30.8604730222,31.0122687943,31.1790754423,31.3614415645,31.5600175449,31.7755576638,32.0088913099,32.2608433645,32.5321000537,32.8230515044
1096,30.0910571890,30.0972833938,30.1159795065,30.1471978444,30.1910250442,30.2475813475,30.3170198783,30.3995262415,30.4953189259,30.6046511526,30.7278149275,30.8651480836,31.0170449042,31.1839702883,31.3664758260,31.5652127130,31.7809305741,32.0144449821,32.2665568328,32.5379236033,32.8289138304
1097,30.0952628548,30.1014929988,30.1202008931,30.1514387537,30.1952930708,30.2518839349,30.3213643763,30.4039200572,30.4997697965,30.6091675650,30.7324066904,30.8698270191,31.0218255459,31.1888703007,31.3715155251,31.5704126280,31.7863058861,32.0199968082,32.2722631784,32.5437357775,32.8347636798
1098,30.0994711805,30.1057052556,30.1244249086,30.1556822582,30.1995636564,30.2561890548,30.3257114090,30.4083164624,30.5042233940,30.6136869552,30.7370018214,30.8745098576,31.0266107244,31.1937754240,31.3765604968,31.5756169937,31.7916832439,32.0255465671,32.2779625292,32.5495370847,32.8406016981
1099,30.1036821607,30.1099201591,30.1286515488,30.1599283556,30.2038368013,30.2604967117,30.3300609859,30.4127154734,30.5086797416,30.6182093528,30.7416003525,30.8791966247,31.0314004383,31.1986855935,31.3816105714,31.5808255248,31.7970623247,32.0310940761,32.2836550216,32.5553279943,32.8464284716
1100,30.1078957901,30.1141377044,30.1328808098,30.1641770436,30.2081125062,30.2648069102,30.3344131172,30.4171171066,30.5131388626,30.6227347866,30.7462023145,30.8838873424,31.0361946791,31.2036007362,31.3866655758,31.5860379486,31.8024428365,32.0366391853,32.2893407978,32.5611089413,32.8522445349
1101,30.1121120637,30.1183578867,30.1371126877,30.1684283205,30.2123907721,30.2691196556,30.3387678133,30.4215213787,30.5176007802,30.6272632850,30.7508077362,30.8885820286,31.0409934320,31.2085207720,31.3917253358,31.5912540049,31.8078245149,32.0421817720,32.2950200026,32.5668803299,32.8580503780
1102,30.1163309767,30.1225807016,30.1413471793,30.1726821848,30.2166716004,30.2734349533,30.3431250850,30.4259283067,30.5220655175,30.6317948758,30.7554166443,30.8932806973,31.0457966761,31.2134456152,31.3967896776,31.5964734469,31.8132071210,32.0477217371,32.3006927821,32.5726425363,32.8638464518
1103,30.1205525246,30.1268061448,30.1455842814,30.1769386352,30.2209549929,30.2777528091,30.3474849434,30.4303379075,30.5265330975,30.6363295856,30.7600290636,30.8979833581,31.0506043847,31.2183751749,31.4018584290,31.6016960413,31.8185904389,32.0532590010,32.3063592822,32.5783959120,32.8696331724
1104,30.1247767029,30.1310342124,30.1498239910,30.1811976707,30.2252409517,30.2820732292,30.3518473997,30.4347501983,30.5310035428,30.6408674403,30.7646450164,30.9026900171,31.0554165257,31.2233093564,31.4069314201,31.6069215674,31.8239742736,32.0587935011,32.3120196472,32.5841407859,32.8754109255
1105,30.1290035076,30.1352649006,30.1540663056,30.1854592909,30.2295294791,30.2863962203,30.3562124656,30.4391651965,30.5354768758,30.6454084644,30.7692645227,30.9074006758,31.0602330621,31.2282480620,31.4120084845,31.6121498176,31.8293584489,32.0643251889,32.3176740196,32.5898774662,32.8811800692
1106,30.1332329348,30.1394982059,30.1583112229,30.1897234954,30.2338205779,30.2907217890,30.3605801529,30.4435829192,30.5399531185,30.6499526815,30.7738876000,30.9121153323,31.0650539527,31.2331911920,31.4170894599,31.6173805964,31.8347428057,32.0698540283,32.3233225395,32.5956062428,32.8869409375
1107,30.1374649810,30.1437341251,30.1625587407,30.1939902842,30.2381142513,30.2950499425,30.3649504738,30.4480033838,30.5444322924,30.6545001138,30.7785142633,30.9168339807,31.0698791521,31.2381386449,31.4221741881,31.6226137198,31.8401272004,32.0753799938,32.3289653439,32.6013273883,32.8926938419
1108,30.1416996426,30.1479726552,30.1668088573,30.1982596577,30.2424105025,30.2993806884,30.3693234405,30.4524266075,30.5489144184,30.6590507820,30.7831445250,30.9215566115,31.0747086115,31.2430903186,31.4272625158,31.6278490155,31.8455115033,32.0809030684,32.3346025667,32.6070411600,32.8984390746
1109,30.1459369168,30.1522137936,30.1710615713,30.2025316165,30.2467093354,30.3037140343,30.3736990653,30.4568526075,30.5533995169,30.6636047055,30.7877783951,30.9262832118,31.0795422792,31.2480461106,31.4323542947,31.6330863214,31.8508955974,32.0864232433,32.3402343385,32.6127478008,32.9041769093
1110,30.1501768006,30.1564575378,30.1753168815,30.2068061616,30.2510107540,30.3080499883,30.3780773610,30.4612814007,30.5578876075,30.6681619021,30.7924158810,30.9310137655,31.0843801007,31.2530059185,31.4374493815,31.6383254856,31.8562793771,32.0919405159,32.3458607864,32.6184475405,32.9099076036
1111,30.1544192914,30.1607038857,30.1795747870,30.2110832942,30.2553147625,30.3123885585,30.3824583402,30.4657130039,30.5623787091,30.6727223879,30.7970569875,30.9357482537,31.0892220194,31.2579696408,31.4425476381,31.6435663656,31.8616627473,32.0974548894,32.3514820342,32.6241405970,32.9156314002
1112,30.1586643872,30.1649528354,30.1838352871,30.2153630159,30.2596213656,30.3167297534,30.3868420155,30.4701474336,30.5668728399,30.6772861778,30.8017017171,30.9404866545,31.0940679769,31.2629371766,31.4476489314,31.6488088281,31.8670456220,32.1029663719,32.3570982021,32.6298271768,32.9213485279
1113,30.1629120857,30.1692043854,30.1880983817,30.2196453285,30.2639305682,30.3210735818,30.3912283998,30.4745847060,30.5713700169,30.6818532847,30.8063500699,30.9452289434,31.0989179131,31.2679084263,31.4527531338,31.6540527479,31.8724279241,32.1084749754,32.3627094070,32.6355074763,32.9270592032
1114,30.1671623854,30.1734585343,30.1923640707,30.2239302343,30.2682423755,30.3254200524,30.3956175057,30.4790248370,30.5758702567,30.6864237200,30.8110020439,30.9499750939,31.1037717669,31.2728832919,31.4578601224,31.6592980079,31.8778095841,32.1139807156,32.3683157622,32.6411816820,32.9327636310
1115,30.1714152849,30.1777152813,30.1966323544,30.2282177356,30.2725567928,30.3297691743,30.4000093461,30.4834678419,30.5803735744,30.6909974935,30.8156576346,30.9547250771,31.1086294762,31.2778616769,31.4629697795,31.6645444982,31.8831905393,32.1194836113,32.3739173779,32.6468499719,32.9384620055
1116,30.1756707829,30.1819746256,30.2009032333,30.2325078351,30.2768738259,30.3341209567,30.4044039336,30.4879137359,30.5848799845,30.6955746134,30.8203168357,30.9594788622,31.1134909782,31.2828434868,31.4680819922,31.6697921160,31.8885707339,32.1249836838,32.3795143610,32.6525125155,32.9441545110
1117,30.1799288787,30.1862365667,30.2051767084,30.2368005359,30.2811934806,30.3384754087,30.4088012806,30.4923625334,30.5893895003,30.7001550861,30.8249796388,30.9642364168,31.1183562098,31.2878286289,31.4731966523,31.6750407650,31.8939501174,32.1304809565,32.3851068151,32.6581694746,32.9498413231
1118,30.1841895716,30.1905011045,30.2094527808,30.2410958413,30.2855157631,30.3428325399,30.4132013997,30.4968142484,30.5939021341,30.7047389167,30.8296460337,30.9689977068,31.1232251075,31.2928170126,31.4783136564,31.6802903549,31.8993286450,32.1359754547,32.3906948408,32.6638210037,32.9555226086
1119,30.1884528615,30.1947682393,30.2137314520,30.2453937548,30.2898406796,30.3471923596,30.4176043030,30.5012688944,30.5984178973,30.7093261086,30.8343160082,30.9737626969,31.1280976080,31.2978085495,31.4834329052,31.6855408013,31.9047062764,32.1414672054,32.3962785358,32.6694672508,32.9611985265
1120,30.1927187484,30.1990379715,30.2180127236,30.2496942801,30.2941682367,30.3515548773,30.4220100025,30.5057264842,30.6029368000,30.7139166638,30.8389895487,30.9785313505,31.1329736479,31.3028031534,31.4885543039,31.6907920251,31.9100829761,32.1469562368,32.4018579948,32.6751083574,32.9668692285
1121,30.1969872325,30.2033103017,30.2222965977,30.2539974213,30.2984984409,30.3559201026,30.4264185101,30.5101870301,30.6074588514,30.7185105826,30.8436666401,30.9833036301,31.1378531644,31.3078007402,31.4936777619,31.6960439520,31.9154587123,32.1524425782,32.4074333098,32.6807444590,32.9725348597
1122,30.2012583145,30.2075852311,30.2265830765,30.2583031827,30.3028312992,30.3602880448,30.4308298372,30.5146505437,30.6119840596,30.7231078642,30.8483472656,30.9880794971,31.1427360947,31.3128012281,31.4988031924,31.7012965126,31.9208334570,32.1579262598,32.4130045700,32.6863756859,32.9781955585
1123,30.2055319952,30.2118627608,30.2308721626,30.2626115688,30.3071668185,30.3646587135,30.4352439950,30.5191170359,30.6165124315,30.7277085062,30.8530314071,30.9928589124,31.1476223768,31.3178045377,31.5039305126,31.7065496420,31.9262071856,32.1634073124,32.4185718620,32.6920021627,32.9838514577
1124,30.2098082758,30.2161428926,30.2351638587,30.2669225841,30.3115050058,30.3690321180,30.4396609945,30.5235865171,30.6210439732,30.7323125051,30.8577190455,30.9976418361,31.1525119494,31.3228105916,31.5090596431,31.7118032792,31.9315798764,32.1688857677,32.4241352699,32.6976240094,32.9895026841
1125,30.2140871578,30.2204256282,30.2394581679,30.2712362337,30.3158458683,30.3734082678,30.4440808462,30.5280589969,30.6255786896,30.7369198560,30.8624101604,31.0024282279,31.1574047516,31.3278193147,31.5141905084,31.7170573672,31.9369515108,32.1743616575,32.4296948755,32.7032413412,32.9951493596
1126,30.2183686429,30.2247109698,30.2437550935,30.2755525227,30.3201894132,30.3777871719,30.4485035604,30.5325344841,30.6301165846,30.7415305527,30.8671047303,31.0072180471,31.1623007236,31.3328306342,31.5193230360,31.7223118525,31.9423220724,32.1798350141,32.4352507581,32.7088542689,33.0007916010
1127,30.2226527331,30.2289989197,30.2480546389,30.2798714561,30.3245356478,30.3821688396,30.4529291467,30.5370129870,30.6346576612,30.7461445881,30.8718027329,31.0120112527,31.1671998061,31.3378444795,31.5244571569,31.7275666852,31.9476915475,32.1853058701,32.4408029948,32.7144628994,33.0064295205
1128,30.2269394305,30.2332894806,30.2523568080,30.2841930396,30.3288845795,30.3865532798,30.4573576146,30.5414945131,30.6392019212,30.7507619539,30.8765041448,31.0168078034,31.1721019411,31.3428607821,31.5295928051,31.7328218185,31.9530599244,32.1907742581,32.4463516605,32.7200673354,33.0120632260
1129,30.2312287377,30.2375826553,30.2566616046,30.2885172785,30.3332362155,30.3909405012,30.4617889732,30.5459790692,30.6437493656,30.7553826407,30.8812089421,31.0216076581,31.1770070712,31.3478794754,31.5347299174,31.7380772085,31.9584271933,32.1962402108,32.4518968280,32.7256676759,33.0176928210
1130,30.2355206576,30.2418784470,30.2609690329,30.2928441787,30.3375905634,30.3953305125,30.4662232310,30.5504666614,30.6482999946,30.7600066383,30.8859171000,31.0264107753,31.1819151401,31.3529004953,31.5398684336,31.7433328143,31.9637933464,32.2017037610,32.4574385681,32.7312640167,33.0233184056
1131,30.2398151930,30.2461768590,30.2652790973,30.2971737459,30.3419476303,30.3997233222,30.4706603960,30.5549572950,30.6528538072,30.7646339353,30.8906285931,31.0312171137,31.1868260926,31.3579237793,31.5450082962,31.7485885974,31.9691583774,32.2071649415,32.4629769497,32.7368564498,33.0289400757
1132,30.2441123472,30.2504778949,30.2695918023,30.3015059859,30.3463074238,30.4041189384,30.4751004761,30.5594509748,30.6574108018,30.7692645198,30.8953433955,31.0360266322,31.1917398743,31.3629492672,31.5501494501,31.7538445219,31.9745222816,32.2126237847,32.4685120398,32.7424450643,33.0345579241
1133,30.2484121236,30.2547815585,30.2739071525,30.3058409049,30.3506699509,30.4085173690,30.4795434782,30.5639477047,30.6619709758,30.7738983788,30.9000614809,31.0408392896,31.1966564322,31.3679769004,31.5552918429,31.7591005543,31.9798850557,32.2180803232,32.4740439035,32.7480299464,33.0401720401
1134,30.2527145260,30.2590878538,30.2782251529,30.3101785088,30.3550352191,30.4129186218,30.4839894093,30.5684474881,30.6665343257,30.7785354986,30.9047828223,31.0456550451,31.2015757139,31.3730066226,31.5604354244,31.7643566631,31.9852466977,32.2235345893,32.4795726043,32.7536111792,33.0457825099
1135,30.2570195583,30.2633967849,30.2825458084,30.3145188038,30.3594032354,30.4173227044,30.4884382756,30.5729503276,30.6711008474,30.7831758649,30.9095073925,31.0504738582,31.2064976684,31.3780383788,31.5655801467,31.7696128191,31.9906072066,32.2289866150,32.4850982039,32.7591888432,33.0513894167
1136,30.2613272244,30.2677083562,30.2868691242,30.3188617961,30.3637740068,30.4217296238,30.4928900829,30.5774562251,30.6756705361,30.7878194626,30.9142351641,31.0552956886,31.2114222456,31.3830721163,31.5707259640,31.7748689949,31.9959665828,32.2344364322,32.4906207624,32.7647630162,33.0569928409
1137,30.2656375288,30.2720225722,30.2911951055,30.3232074918,30.3681475404,30.4261393869,30.4973448364,30.5819651821,30.6802433860,30.7924662762,30.9189661092,31.0601204963,31.2163493966,31.3881077838,31.5758728326,31.7801251648,32.0013248273,32.2398840725,32.4961403385,32.7703337736,33.0625928604
1138,30.2699504758,30.2763394377,30.2955237577,30.3275558972,30.3725238429,30.4305520005,30.5018025410,30.5864771992,30.6848193909,30.7971162893,30.9237001999,31.0649482417,31.2212790735,31.3931453318,31.5810207106,31.7853813050,32.0066819424,32.2453295670,32.5016569890,32.7759011886,33.0681895503
1139,30.2742660701,30.2806589575,30.2998550862,30.3319070184,30.3769029211,30.4349674709,30.5062632011,30.5909922764,30.6893985437,30.8017694852,30.9284374079,31.0697788856,31.2262112294,31.3981847123,31.5861695582,31.7906373932,32.0120379310,32.2507729469,32.5071707698,32.7814653318,33.0737829833
1140,30.2785843164,30.2849811366,30.3041890967,30.3362608618,30.3812847815,30.4393858039,30.5107268205,30.5955104133,30.6939808368,30.8064258468,30.9331777051,31.0746123894,31.2311458185,31.4032258790,31.5913193373,31.7958934087,32.0173927967,32.2562142427,32.5126817349,32.7870262720,33.0793732298
1141,30.2829052196,30.2893059801,30.3085257946,30.3406174334,30.3856694306,30.4438070054,30.5151934026,30.6000316087,30.6985662621,30.8110853564,30.9379210630,31.0794487146,31.2360827961,31.4082687871,31.5964700114,31.8011493321,32.0227465439,32.2616534849,32.5181899390,32.7925847416,33.0849996032
1142,30.2872287849,30.2936334931,30.3128651857,30.3449767395,30.3900568745,30.4482310808,30.5196629504,30.6045558609,30.7031548106,30.8157479959,30.9426674533,31.0842878234,31.2410221185,31.4133133933,31.6016215457,31.8064051456,32.0280991778,32.2670907051,32.5236956199,32.7981463153,33.0906548698
1143,30.2915550172,30.2979636811,30.3172072757,30.3493387860,30.3944471194,30.4526580350,30.5241354663,30.6090831677,30.7077464731,30.8204137469,30.9474168475,31.0891296785,31.2459637429,31.4183596557,31.6067739070,31.8116608323,32.0334507046,32.2725259754,32.5291997899,32.8037147590,33.0963276349
1144,30.2958839220,30.3022965495,30.3215520704,30.3537035792,30.3988401711,30.4570878728,30.5286109524,30.6136135262,30.7123412398,30.8250825906,30.9521692171,31.0939742430,31.2509076276,31.4234075337,31.6119270636,31.8169163771,32.0388011396,32.2779595121,32.5347037877,32.8092906700,33.1020138688
1145,30.3002155046,30.3066321036,30.3258995754,30.3580711248,30.4032360353,30.4615205987,30.5330894101,30.6181469332,30.7169391002,30.8297545080,30.9569245340,31.0988214805,31.2558537320,31.4284569882,31.6170809850,31.8221717674,32.0441505280,32.2833916857,32.5402086803,32.8148738629,33.1077112694
1146,30.3045497704,30.3109703491,30.3302497966,30.3624414289,30.4076347175,30.4659562166,30.5375708406,30.6226833848,30.7215400438,30.8344294797,30.9616827697,31.1036713553,31.2608020163,31.4335079813,31.6222356428,31.8274269982,32.0494989608,32.2888229356,32.5457152098,32.8204639695,33.1134183023
1147,30.3088867249,30.3153112916,30.3346027398,30.3668144972,30.4120362229,30.4703947304,30.5420552445,30.6272228767,30.7261440591,30.8391074862,30.9664438961,31.1085238319,31.2657524417,31.4385604765,31.6273910111,31.8326820771,32.0548465730,32.2942536991,32.5512238755,32.8260605961,33.1191338558
1148,30.3132263737,30.3196549366,30.3389584107,30.3711903353,30.4164405567,30.4748361433,30.5465426221,30.6317654042,30.7307511346,30.8437885078,30.9712078851,31.1133788757,31.2707049704,31.4436144387,31.6325470680,31.8379370285,32.0601935315,32.2996843761,32.5567350106,32.8316633699,33.1248570805
1149,30.3175687224,30.3240012899,30.3433168150,30.3755689490,30.4208477236,30.4792804586,30.5510329731,30.6363109620,30.7353612584,30.8484725244,30.9759747088,31.1182364523,31.2756595656,31.4486698350,31.6377037978,31.8431918936,32.0655400203,32.3051153174,32.5622488354,32.8372719505,33.1305873027
1150,30.3219137766,30.3283503571,30.3476779584,30.3799503435,30.4252577282,30.4837276788,30.5555262970,30.6408595444,30.7399744180,30.8531595161,30.9807443395,31.1230965282,31.2806161915,31.4537266344,31.6428611917,31.8484467294,32.0708862292,32.3105468241,32.5677654941,32.8428860320,33.1363239733
1151,30.3262615420,30.3327021439,30.3520418465,30.3843345243,30.4296705750,30.4881778064,30.5600225928,30.6454111454,30.7445906008,30.8578494624,30.9855167495,31.1279590702,31.2855748136,31.4587848095,31.6480192488,31.8537016052,32.0762323461,32.3159791521,32.5732850780,32.8485053400,33.1420666352
1152,30.3306120243,30.3370566560,30.3564084850,30.3887214964,30.4340862681,30.4926308434,30.5645218589,30.6499657584,30.7492097937,30.8625423433,30.9902919115,31.1328240459,31.2905353989,31.4638443361,31.6531779762,31.8589565995,32.0815785513,32.3214125174,32.5788076417,32.8541296289,33.1478149014
1153,30.3349652291,30.3414138989,30.3607778792,30.3931112650,30.4385048113,30.4970867916,30.5690240937,30.6545233767,30.7538319836,30.8672381381,30.9950697983,31.1376914235,31.2954979159,31.4689051941,31.6583373883,31.8642117969,32.0869250146,32.3268471022,32.5843332140,32.8597586775,33.1535684399
1154,30.3393211621,30.3457738783,30.3651500347,30.3975038350,30.4429262084,30.5015456524,30.5735292948,30.6590839930,30.7584571568,30.8719368264,30.9998503830,31.1425611722,31.3004623351,31.4739673675,31.6634975061,31.8694672854,32.0922718944,32.3322830601,32.5898618054,32.8653922868,33.1593269625
1155,30.3436798289,30.3501365998,30.3695249568,30.4018992109,30.4473504627,30.5060074269,30.5780374599,30.6636475997,30.7630852997,30.8766383878,31.0046336392,31.1474332618,31.3054286294,31.4790308449,31.6686583563,31.8747231545,32.0976193366,32.3377205203,32.5953934134,32.8710302768,33.1650902164
1156,30.3480412350,30.3545020688,30.3739026506,30.4062973974,30.4517775773,30.5104721157,30.5825485859,30.6682141889,30.7677163980,30.8813428016,31.0094195405,31.1523076635,31.3103967735,31.4840956187,31.6738199705,31.8799794931,32.1029674750,32.3431595922,32.6009280265,32.8766724839,33.1708579785
1157,30.3524053861,30.3588702909,30.3782831213,30.4106983988,30.4562075553,30.5149397194,30.5870626696,30.6727837523,30.7723504378,30.8860500475,31.0142080612,31.1571843493,31.3153667451,31.4891616853,31.6789823837,31.8852363888,32.1083164319,32.3486003680,32.6064656264,32.8823187593,33.1766300502
1158,30.3567722875,30.3632412713,30.3826663740,30.4151022193,30.4606403992,30.5194102381,30.5915797074,30.6773562814,30.7769874045,30.8907601049,31.0189991759,31.1620632927,31.3203385240,31.4942290451,31.6841456341,31.8904939266,32.1136663186,32.3540429255,32.6120061902,32.8879689671,33.1824062536
1159,30.3611419446,30.3676150154,30.3870524134,30.4195088629,30.4650761115,30.5238836716,30.5960996954,30.6819317675,30.7816272836,30.8954729535,31.0237928600,31.1669444684,31.3253120926,31.4992977015,31.6893097616,31.8957521885,32.1190172363,32.3594873308,32.6175496921,32.8936229825,33.1881864285
1160,30.3655143629,30.3719915284,30.3914412444,30.4239183334,30.4695146943,30.5283600195,30.6006226294,30.6865102013,30.7862700604,30.9001885731,31.0285890893,31.1718278527,31.3302874359,31.5043676610,31.6944748078,31.9010112528,32.1243692771,32.3649336394,32.6230961041,32.8992806910,33.1939704300
1161,30.3698895475,30.3763708153,30.3958328714,30.4283306345,30.4739561494,30.5328392809,30.6051485047,30.6910915736,30.7909157201,30.9049069437,31.0333878403,31.1767134233,31.3352645411,31.5094389328,31.6996408149,31.9062711946,32.1297225243,32.3703818985,32.6286453968,32.9049419870,33.1997581264
1162,30.3742675036,30.3807528811,30.4002272991,30.4327457694,30.4784004786,30.5373214548,30.6096773167,30.6956758748,30.7955642479,30.9096280455,31.0381890904,31.1816011593,31.3402433978,31.5145115282,31.7048078254,31.9115320846,32.1350770537,32.3758321479,32.6341975403,32.9106067730,33.2055493974
1163,30.3786482361,30.3851377308,30.4046245317,30.4371637416,30.4828476832,30.5418065398,30.6142090601,30.7002630952,30.8002156289,30.9143518590,31.0429928177,31.1864910414,31.3452239978,31.5195854605,31.7099758818,31.9167939903,32.1404329339,32.3812844211,32.6397525043,32.9162749585,33.2113441330
1164,30.3830317500,30.3895253689,30.4090245733,30.4415845539,30.4872977644,30.5462945342,30.6187437295,30.7048532246,30.8048698480,30.9190783649,31.0477990011,31.1913830520,31.3502063347,31.5246607447,31.7151450262,31.9220569748,32.1457902272,32.3867387463,32.6453102586,32.9219464597,33.2171422320
1165,30.3874180502,30.3939158002,30.4134274279,30.4460082091,30.4917507230,30.5507854363,30.6232813193,30.7094462530,30.8095268905,30.9238075444,31.0526076204,31.1962771746,31.3551904042,31.5297373970,31.7203152999,31.9273210981,32.1511489902,32.3921951471,32.6508707731,32.9276211984,33.2229436012
1166,30.3918071412,30.3983090291,30.4178330993,30.4504347100,30.4962065597,30.5552792437,30.6278218237,30.7140421701,30.8141867415,30.9285393790,31.0574186564,31.2011733946,31.3601762036,31.5348154346,31.7254867433,31.9325864162,32.1565092743,32.3976536432,32.6564340184,32.9332991019,33.2287481545
1167,30.3961990276,30.4027050598,30.4222415912,30.4548640587,30.5006652748,30.5597759541,30.6323652364,30.7186409654,30.8188493861,30.9332738507,31.0622320906,31.2060716986,31.3651637317,31.5398948758,31.7306593960,31.9378529820,32.1618711261,32.4031142511,32.6619999654,32.9389801021,33.2345558120
1168,30.4005937137,30.4071038966,30.4266529070,30.4592962575,30.5051268686,30.5642755647,30.6369115512,30.7232426283,30.8235148096,30.9380109419,31.0670479058,31.2109720744,31.3701529889,31.5449757391,31.7358332963,31.9431208449,32.1672345879,32.4085769840,32.6675685860,32.9446641355,33.2403664995
1169,30.4049912038,30.4115055435,30.4310670499,30.4637313083,30.5095913409,30.5687780726,30.6414607615,30.7278471482,30.8281829976,30.9427506356,31.0718660854,31.2158745115,31.3751439765,31.5500580438,31.7410084812,31.9483900516,32.1725996982,32.4140418530,32.6731398525,32.9503511424,33.2461801482
1170,30.4093915020,30.4159100043,30.4354840232,30.4681692129,30.5140586914,30.5732834747,30.6460128604,30.7324545145,30.8328539356,30.9474929151,31.0766866139,31.2207790002,31.3801366974,31.5551418094,31.7461849865,31.9536606454,32.1779664921,32.4195088667,32.6787137381,32.9560410667,33.2519966935
1171,30.4137946122,30.4203172826,30.4399038296,30.4726099728,30.5185289194,30.5777917674,30.6505678412,30.7370647163,30.8375276094,30.9522377644,31.0815094765,31.2256855323,31.3851311550,31.5602270553,31.7513628468,31.9589326672,32.1833350014,32.4249780321,32.6842902167,32.9617338560,33.2578160753
1172,30.4182005381,30.4247273819,30.4443264718,30.4770535892,30.5230020243,30.5823029472,30.6551256968,30.7416777429,30.8422040050,30.9569851680,31.0863346595,31.2305941005,31.3901273539,31.5653138013,31.7565420953,31.9642061552,32.1887052550,32.4304493543,32.6898692631,32.9674294604,33.2636382373
1173,30.4226092833,30.4291403056,30.4487519525,30.4815000634,30.5274780050,30.5868170103,30.6596864199,30.7462935835,30.8468831088,30.9617351109,31.0911621501,31.2355046987,31.3951252994,31.5704020668,31.7617227637,31.9694811452,32.1940772792,32.4359228372,32.6954508527,32.9731278334,33.2694631266
1174,30.4270208512,30.4335560568,30.4531802738,30.4859493960,30.5319568602,30.5913339526,30.6642500031,30.7509122273,30.8515649071,30.9664875788,31.0959919362,31.2404173214,31.4001249974,31.5754918712,31.7669048826,31.9747576706,32.1994510980,32.4413984833,32.7010349620,32.9788289307,33.2752906935
1175,30.4314352450,30.4379746384,30.4576114378,30.4904015878,30.5364385885,30.5958537698,30.6688164391,30.7555336637,30.8562493868,30.9712425578,31.1008240066,31.2453319644,31.4051264543,31.5805832338,31.7720884813,31.9800357628,32.2048267333,32.4468762943,32.7066215679,32.9845327106,33.2811208914
1176,30.4358524677,30.4423960533,30.4620454466,30.4948566392,30.5409231882,30.6003764576,30.6733857203,30.7601578820,30.8609365350,30.9760000347,31.1056583508,31.2502486241,31.4101296771,31.5856761732,31.7772735877,31.9853154511,32.2102042047,32.4523562706,32.7122106482,32.9902391336,33.2869536761
1177,30.4402725222,30.4468203038,30.4664823018,30.4993145505,30.5454106573,30.6049020114,30.6779578390,30.7647848715,30.8656263389,30.9807599967,31.1104949593,31.2551672976,31.4151346731,31.5907707082,31.7824602284,31.9905967629,32.2155835304,32.4578384121,32.7178021815,32.9959481623,33.2927890063
1178,30.4446954111,30.4512473925,30.4709220048,30.5037753216,30.5499009939,30.6094304264,30.6825327875,30.7694146218,30.8703187864,30.9855224317,31.1153338230,31.2600879829,31.4201414500,31.5958668567,31.7876484291,31.9958797240,32.2209647268,32.4633227178,32.7233961471,33.0016597610,33.2986268425
1179,30.4491211370,30.4556773215,30.4753645571,30.5082389524,30.5543941956,30.6139616978,30.6871105581,30.7740471225,30.8750138653,30.9902873281,31.1201749338,31.2650106784,31.4251500157,31.6009646366,31.7928382141,32.0011643584,32.2263478087,32.4688091862,32.7289925249,33.0073738961,33.3044671476
1180,30.4535497020,30.4601100927,30.4798099596,30.5127054425,30.5588902600,30.6184958205,30.6916911430,30.7786823634,30.8797115640,30.9950546748,31.1250182839,31.2699353832,31.4301603784,31.6060640651,31.7980296066,32.0064506886,32.2317327897,32.4742978153,32.7345912955,33.0130905355,33.3103098866
1181,30.4579811083,30.4645457080,30.4842582133,30.5171747913,30.5633891845,30.6230327894,30.6962745343,30.7833203343,30.8844118711,30.9998244612,31.1298638666,31.2748620969,31.4351725462,31.6111651590,31.8032226287,32.0117387356,32.2371196821,32.4797886025,32.7401924401,33.0188096486,33.3161550259
1182,30.4624153576,30.4689841690,30.4887093189,30.5216469980,30.5678909661,30.6275725992,30.7008607243,30.7879610251,30.8891147757,31.0045966774,31.1347116752,31.2797908195,31.4401865276,31.6162679349,31.8084173014,32.0170285192,32.2425084970,32.4852815450,32.7457959407,33.0245312063,33.3220025340
1183,30.4668524518,30.4734254769,30.4931632769,30.5261220617,30.5723956020,30.6321152446,30.7054497051,30.7926044262,30.8938202670,31.0093713137,31.1395617042,31.2847215517,31.4452023311,31.6213724085,31.8136136450,32.0223200577,32.2478992445,32.4907766394,32.7514017796,33.0302551810,33.3278523806
1184,30.4712923922,30.4778696331,30.4976200876,30.5305999811,30.5769030890,30.6366607201,30.7100414689,30.7972505277,30.8985283347,31.0141483611,31.1444139481,31.2896542941,31.4502199650,31.6264785953,31.8188116784,32.0276133684,32.2532919338,32.4962738823,32.7570099400,33.0359815461,33.3337045373
1185,30.4757351802,30.4823166384,30.5020797510,30.5350807550,30.5814134238,30.6412090202,30.7146360079,30.8018993203,30.9032389689,31.0189278111,31.1492684021,31.2945890482,31.4552394379,31.6315865103,31.8240114199,32.0329084674,32.2586865731,32.5017732698,32.7626204053,33.0417102763,33.3395589767
1186,30.4801808167,30.4867664937,30.5065422671,30.5395643817,30.5859266030,30.6457601391,30.7192333143,30.8065507945,30.9079521598,31.0237096554,31.1541250619,31.2995258153,31.4602607582,31.6366961678,31.8292128867,32.0382053699,32.2640831698,32.5072747979,32.7682331598,33.0474413476,33.3454156727
1187,30.4846293028,30.4912191995,30.5110076356,30.5440508597,30.5904426230,30.6503140714,30.7238333805,30.8112049412,30.9126678980,31.0284938863,31.1589839236,31.3044645973,31.4652839342,31.6418075820,31.8344160954,32.0435040900,32.2694817306,32.5127784624,32.7738481881,33.0531747367,33.3512746007
1188,30.4890806391,30.4956747563,30.5154758560,30.5485401870,30.5949614801,30.6548708111,30.7284361988,30.8158617515,30.9173861746,31.0332804966,31.1638449836,31.3094053963,31.4703089743,31.6469207662,31.8396210615,32.0488046408,32.2748822617,32.5182842590,32.7794654753,33.0589104215,33.3571357369
1189,30.4935348260,30.5001331642,30.5199469276,30.5530323616,30.5994831705,30.6594303526,30.7330417615,30.8205212166,30.9221069809,31.0380694794,31.1687082389,31.3143482145,31.4753358867,31.6520357335,31.8448277999,32.0541070347,32.2802847683,32.5237921832,32.7850850069,33.0646483809,33.3629990586
1190,30.4979918639,30.5045944232,30.5244208497,30.5575273814,30.6040076903,30.6639926899,30.7376500612,30.8251833279,30.9268303085,31.0428608281,31.1735736866,31.3192930542,31.4803646794,31.6571524966,31.8500363248,32.0594112833,32.2856892552,32.5293022304,32.7907067690,33.0703885944,33.3688645443
1191,30.5024517528,30.5090585331,30.5288976212,30.5620252439,30.6085350355,30.6685578173,30.7422610904,30.8298480771,30.9315561492,31.0476545365,31.1784413243,31.3242399182,31.4853953604,31.6622710674,31.8552466495,32.0647173974,32.2910957268,32.5348143958,32.7963307480,33.0761310425,33.3747321732
1192,30.5069144927,30.5135254937,30.5333772409,30.5665259466,30.6130652020,30.6731257289,30.7468748417,30.8345154560,30.9362844954,31.0524505990,31.1833111499,31.3291888091,31.4904279376,31.6673914577,31.8604587869,32.0700253870,32.2965041867,32.5403286748,32.8019569309,33.0818757066,33.3806019254
1193,30.5113800832,30.5179953042,30.5378597074,30.5710294871,30.6175981854,30.6776964188,30.7514913077,30.8391854565,30.9410153394,31.0572490100,31.1881831614,31.3341397298,31.4954624185,31.6725136787,31.8656727490,32.0753352615,32.3019146384,32.5458450625,32.8075853050,33.0876225685,33.3864737818
1194,30.5158485240,30.5224679641,30.5423450192,30.5755358624,30.6221339816,30.6822698810,30.7561104814,30.8438580710,30.9457486742,31.0620497644,31.1930573572,31.3390926832,31.5004988108,31.6776377412,31.8708885474,32.0806470298,32.3073270848,32.5513635541,32.8132158578,33.0933716109,33.3923477244
1195,30.5203198143,30.5269434723,30.5468331747,30.5800450698,30.6266725861,30.6868461098,30.7607323556,30.8485332917,30.9504844928,31.0668528572,31.1979337360,31.3440476722,31.5055371217,31.6827636557,31.8761061929,32.0859607001,32.3127415283,32.5568841447,32.8188485773,33.0991228173,33.3982237353
1196,30.5247939533,30.5314218278,30.5513241720,30.5845571061,30.6312139945,30.6914250992,30.7653569233,30.8532111114,30.9552227885,31.0716582841,31.2028122966,31.3490047001,31.5105773585,31.6878914321,31.8813256959,32.0912762799,32.3181579711,32.5624068294,32.8244834521,33.1048761715,33.4041017980
1197,30.5292709401,30.5359030293,30.5558180090,30.5890719683,30.6357582023,30.6960068432,30.7699841776,30.8578915228,30.9599635549,31.0764660406,31.2076930380,31.3539637699,31.5156195282,31.6930210799,31.8865470662,32.0965937766,32.3235764151,32.5679316032,32.8301204707,33.1106316580,33.4099818960
1198,30.5337507734,30.5403870754,30.5603146837,30.5935896531,30.6403052049,30.7005913362,30.7746141116,30.8625745189,30.9647067858,31.0812761228,31.2125759595,31.3589248847,31.5206636377,31.6981526086,31.8917703132,32.1019131967,32.3289968618,32.5734584614,32.8357596222,33.1163892620,33.4158640139
1199,30.5382334519,30.5448739645,30.5648141938,30.5981101571,30.6448549978,30.7051785722,30.7792467188,30.8672600929,30.9694524755,31.0860885268,31.2174610605,31.3638880477,31.5257096935,31.7032860268,31.8969954457,32.1072345463,32.3344193123,32.5789873988,32.8414008960,33.1221489691,33.4217481366
1200,30.5427189742,30.5493636948,30.5693165368,30.6026334770,30.6494075762,30.7097685454,30.7838819924,30.8719482381,30.9742006181,31.0909032491,31.2223483406,31.3688532621,31.5307577022,31.7084213431,31.9022224720,32.1125578314,32.3398437678,32.5845184108,32.8470442817,33.1279107655,33.4276342497
1201,30.5472073384,30.5538562646,30.5738217102,30.6071596091,30.6539629354,30.7143612500,30.7885199261,30.8766389481,30.9789512083,31.0957202863,31.2272377994,31.3738205310,31.5358076700,31.7135585656,31.9074514002,32.1178830571,32.3452702289,32.5900514922,32.8526897657,33.1336733714,33.4334477383
1202,30.5516985429,30.5583516716,30.5783297112,30.6116885499,30.6585210707,30.7189566803,30.7931605135,30.8813322167,30.9837042407,31.1005396354,31.2321294368,31.3787898577,31.5408596031,31.7186977022,31.9126822376,32.1232102286,32.3506986961,32.5955866351,32.8583369840,33.1394263005,33.4392024651
1203,30.5561925856,30.5628499138,30.5828405373,30.6162202956,30.6630819774,30.7235548306,30.7978037482,30.8860280376,30.9884597105,31.1053612934,31.2370232527,31.3837612453,31.5459135075,31.7238387604,31.9179149916,32.1285393503,32.3561291685,32.6011237540,32.8639840988,33.1451625003,33.4449201990
1204,30.5606894645,30.5673509889,30.5873541852,30.6207548424,30.6676456506,30.7281556952,30.8024496243,30.8907264051,30.9932176128,31.1101852574,31.2419192472,31.3887346969,31.5509693889,31.7289817472,31.9231496687,32.1338704263,32.3615616286,32.6066624885,32.8696286489,33.1508809394,33.4506087057
1205,30.5651891772,30.5718548943,30.5918706522,30.6252921865,30.6722120856,30.7327592685,30.8070981355,30.8954273132,30.9979779430,31.1150115251,31.2468174204,31.3937102157,31.5560272528,31.7341266696,31.9283862753,32.1392034565,32.3669960033,32.6122021846,32.8752686881,33.1565820709,33.4562724640
1206,30.5696917214,30.5763616274,30.5963899350,30.6298323239,30.6767812775,30.7373655449,30.8117492761,30.9001307565,31.0027406965,31.1198400938,31.2517177725,31.3986878046,31.5610871047,31.7392735341,31.9336248166,32.1445384292,32.3724321327,32.6177420565,32.8809028856,33.1622666927,33.4619144902
1207,30.5741970946,30.5808711857,30.6009120304,30.6343752506,30.6813532214,30.7419745189,30.8164030402,30.9048367295,31.0075058693,31.1246709614,31.2566203039,31.4036674667,31.5661489498,31.7444223469,31.9388652949,32.1498753096,32.3778697739,32.6232813220,32.8865303705,33.1679356482,33.4675369943
1208,30.5787052941,30.5853835662,30.6054369351,30.6389209626,30.6859279126,30.7465861850,30.8210594222,30.9095452269,31.0122734571,31.1295041257,31.2615250149,31.4086492049,31.5712127932,31.7495731131,31.9441077065,32.1552140330,32.3833086244,32.6288192691,32.8921505860,33.1735897394,33.4731416850
1209,30.5832163172,30.5898987660,30.6099646456,30.6434694557,30.6905053462,30.7512005378,30.8257184164,30.9142562436,31.0170434560,31.1343395847,31.2664319061,31.4136330222,31.5762786395,31.7547258365,31.9493520388,32.1605545038,32.3887483492,32.6343552784,32.8977631873,33.1792297031,33.4787299343
1210,30.5877301610,30.5944167821,30.6144951585,30.6480207259,30.6950855174,30.7558175719,30.8303800173,30.9189697745,31.0218158624,31.1391773366,31.2713409777,31.4186189215,31.5813464930,31.7598805180,31.9545982672,32.1658965980,32.3941886026,32.6398888245,32.9033679736,33.1848562090,33.4843028751
1211,30.5922468224,30.5989376114,30.6190284702,30.6525747688,30.6996684212,30.7604372821,30.8350442196,30.9236858150,31.0265906725,31.1440173796,31.2762522304,31.4236069053,31.5864163571,31.7650371545,31.9598463540,32.1712401695,32.3996290435,32.6454194674,32.9089648425,33.1904698640,33.4898614628
1212,30.5967662985,30.6034612505,30.6235645770,30.6571315803,30.7042540529,30.7650596630,30.8397110181,30.9284043601,31.0313678828,31.1488597120,31.2811656648,31.4285969762,31.5914882339,31.7701957381,31.9650962482,32.1765850558,32.4050693453,32.6509468418,32.9145537597,33.1960712189,33.4954065171
1213,30.6012885859,30.6079876961,30.6281034751,30.6616911561,30.7088424076,30.7696847096,30.8443804075,30.9331254054,31.0361474901,31.1537043323,31.2860812813,31.4335891363,31.5965621239,31.7753562548,31.9703478865,32.1819310839,32.4105092014,32.6564706465,32.9201347386,33.2016607748,33.5009387515
1214,30.6058136814,30.6125169449,30.6326451609,30.6662534919,30.7134334806,30.7743124166,30.8490523828,30.9378489465,31.0409294911,31.1585512391,31.2909990804,31.4385833871,31.6016380253,31.7805186844,31.9756011944,32.1872780755,32.4159483277,32.6619906339,32.9257078257,33.2072389896,33.5064587936
1215,30.6103415817,30.6170489933,30.6371896304,30.6708185833,30.7180272670,30.7789427790,30.8537269391,30.9425749789,31.0457138827,31.1634004309,31.2959190624,31.4435797294,31.6067159335,31.7856830003,31.9808560881,32.1926258506,32.4213864639,32.6675066016,32.9312730907,33.2128062827,33.5119672015
1216,30.6148722833,30.6215838377,30.6417368797,30.6753864260,30.7226237620,30.7835757918,30.8584040715,30.9473034986,31.0505006619,31.1682519063,31.3008412276,31.4485781630,31.6117958410,31.7908491692,31.9861124763,32.1979742310,32.4268233726,32.6730183851,32.9368306195,33.2183630404,33.5174644755
1217,30.6194057825,30.6261214745,30.6462869049,30.6799570156,30.7272229609,30.7882114500,30.8630837752,30.9520345014,31.0552898259,31.1731056641,31.3057655757,31.4535786864,31.6168777369,31.7960171522,31.9913702620,32.2033230422,32.4322588390,32.6785258515,32.9423805092,33.2239096191,33.5229510669
1218,30.6239420759,30.6306618999,30.6508397019,30.6845303477,30.7318248589,30.7928497488,30.8677660456,30.9567679834,31.0600813718,31.1779617029,31.3106921062,31.4585812966,31.6219616069,31.8011869044,31.9966293441,32.2086721154,32.4376926689,32.6840288943,32.9479228640,33.2294463491,33.5284273861
1219,30.6284811596,30.6352051102,30.6553952666,30.6891064179,30.7364294514,30.7974906833,30.8724508781,30.9615039407,31.0648752969,31.1828200210,31.3156208179,31.4635859893,31.6270474332,31.8063583762,32.0018896187,32.2140212882,32.4431246877,32.6895274295,32.9534577929,33.2349735373,33.5338938078
1220,30.6330230300,30.6397511014,30.6599535951,30.6936852218,30.7410367336,30.8021342489,30.8771382682,30.9662423695,31.0696715986,31.1876806171,31.3205517090,31.4685927579,31.6321351946,31.8115315138,32.0071509807,32.2193704059,32.4485547384,32.6950213916,32.9589854076,33.2404914699,33.5393506761
1221,30.6375676832,30.6442998698,30.6645146831,30.6982667549,30.7456467009,30.8067804407,30.8818282116,30.9709832661,31.0744702740,31.1925434892,31.3254847771,31.4736015943,31.6372248665,31.8167062594,32.0124133245,32.2247193212,32.4539826803,32.7005107311,32.9645058210,33.2460004144,33.5447983084
1222,30.6421151154,30.6488514113,30.6690785265,30.7028510128,30.7502593485,30.8114292541,30.8865207038,30.9757266269,31.0792713207,31.1974086352,31.3304200185,31.4786124884,31.6423164212,31.8218825524,32.0176765451,32.2300678949,32.4594083877,32.7059954116,32.9700191462,33.2515006216,33.5502369986
1223,30.6466653226,30.6534057219,30.6736451210,30.7074379911,30.7548746720,30.8160806847,30.8912157408,30.9804724484,31.0840747358,31.2022760528,31.3353574290,31.4836254278,31.6474098279,31.8270603296,32.0229405387,32.2354159956,32.4648317480,32.7114754083,32.9755254957,33.2569923271,33.5556670197
1224,30.6512183008,30.6579627976,30.6782144625,30.7120276853,30.7594926668,30.8207347277,30.8959133182,30.9852207271,31.0888805166,31.2071457390,31.3402970030,31.4886403984,31.6525050533,31.8322395262,32.0282052032,32.2407634999,32.4702526609,32.7169507056,32.9810249807,33.2624757527,33.5610886262
1225,30.6557740460,30.6625226343,30.6827865466,30.7166200910,30.7641133282,30.8253913789,30.9006134321,30.9899714594,31.0936886601,31.2120176907,31.3452387339,31.4936573840,31.6576020616,31.8374200758,32.0334704390,32.2461102916,32.4756710371,32.7224212963,32.9865177109,33.2679511077,33.5665020564
1226,30.6603325541,30.6670852279,30.6873613693,30.7212152037,30.7687366518,30.8300506338,30.9053160783,30.9947246419,31.0984991633,31.2168919040,31.3501826140,31.4986763664,31.6627008147,31.8426019111,32.0387361488,32.2514562622,32.4810867972,32.7278871799,32.9920037942,33.2734185901,33.5719075334
1227,30.6648938211,30.6716505741,30.6919389260,30.7258130191,30.7733626332,30.8347124880,30.9100212530,30.9994802711,31.1033120229,31.2217683745,31.3551286342,31.5036973258,31.6678012726,31.8477849645,32.0440022385,32.2568013099,32.4864998706,32.7333483618,32.9974833361,33.2788783874,33.5773052672
1228,30.6694578428,30.6762186689,30.6965192126,30.7304135327,30.7779912678,30.8393769372,30.9147289520,31.0042383435,31.1081272354,31.2266470971,31.3600767845,31.5087202405,31.6729033939,31.8529691679,32.0492686166,32.2621453396,32.4919101950,32.7388048526,33.0029564401,33.2843306775,33.5826954554
1229,30.6740246150,30.6807895081,30.7011022247,30.7350167401,30.7826225512,30.8440439772,30.9194391715,31.0089988554,31.1129447969,31.2315280661,31.3650270533,31.5137450870,31.6780071354,31.8581544538,32.0545351952,32.2674882626,32.4973177154,32.7442566669,33.0084232073,33.2897756295,33.5880782849
1230,30.6785941335,30.6853630873,30.7056879581,30.7396226369,30.7872564790,30.8487136037,30.9241519076,31.0137618032,31.1177647035,31.2364112752,31.3699794282,31.5187718405,31.6831124531,31.8633407548,32.0598018891,32.2728299961,32.5027223834,32.7497038229,33.0138837364,33.2952134043,33.5934539324
1231,30.6831663942,30.6899394023,30.7102764083,30.7442312187,30.7918930470,30.8533858125,30.9288671563,31.0185271831,31.1225869506,31.2412967172,31.3749338953,31.5238004746,31.6882193018,31.8685280042,32.0650686169,32.2781704631,32.5081241566,32.7551463420,33.0193381237,33.3006441556,33.5988225655
1232,30.6877413927,30.6945184489,30.7148675712,30.7488424813,30.7965322507,30.8580605995,30.9335849137,31.0232949912,31.1274115335,31.2461843841,31.3798904396,31.5288309618,31.6933276356,31.8737161364,32.0703353000,32.2835095916,32.5135229979,32.7605842480,33.0247864632,33.3060680298,33.6041843431
1233,30.6923191248,30.6991002228,30.7194614422,30.7534564201,30.8011740858,30.8627379605,30.9383051757,31.0280652233,31.1322384468,31.2510742673,31.3848490452,31.5338632732,31.6984374082,31.8789050865,32.0756018632,32.2888473149,32.5189188753,32.7660175671,33.0302288464,33.3114851670,33.6095394168
1234,30.6968995863,30.7036847197,30.7240580172,30.7580730309,30.8058185482,30.8674178914,30.9430279385,31.0328378752,31.1370676849,31.2559663573,31.3898096948,31.5388973791,31.7035485727,31.8840947910,32.0808682344,32.2941835708,32.5243117610,32.7714463272,33.0356653626,33.3168957012,33.6148879306
1235,30.7014827728,30.7082719353,30.7286572918,30.7626923093,30.8104656334,30.8721003880,30.9477531978,31.0376129423,31.1418992417,31.2608606441,31.3947723704,31.5439332485,31.7086610823,31.8892851874,32.0861343449,32.2995183016,32.5297016316,32.7768705578,33.0410960987,33.3222997608,33.6202300222
1236,30.7060686801,30.7128618653,30.7332592616,30.7673142510,30.8151153373,30.8767854461,30.9524809496,31.0423904200,31.1467331105,31.2657571165,31.3997370528,31.5489708500,31.7137748897,31.8944762148,32.0914001285,32.3048514537,32.5350884671,32.7822902897,33.0465211394,33.3276974691,33.6255658229
1237,30.7106573039,30.7174545054,30.7378639224,30.7719388518,30.8197676556,30.8814730617,30.9572111895,31.0471703032,31.1515692844,31.2706557629,31.4047037220,31.5540101512,31.7188899479,31.8996678135,32.0966655223,32.3101829773,32.5404722508,32.7877055548,33.0519405673,33.3330889444,33.6308954586
1238,30.7152486398,30.7220498513,30.7424712698,30.7765661073,30.8244225840,30.8861632304,30.9619439131,31.0519525868,31.1564077556,31.2755565708,31.4096723571,31.5590511191,31.7240062102,31.9048599254,32.1019304663,32.3155128263,32.5458529692,32.7931163856,33.0573544629,33.3384743003,33.6362190495
1239,30.7198426836,30.7266478987,30.7470812996,30.7811960132,30.8290801184,30.8908559481,30.9666791160,31.0567372651,31.1612485161,31.2804595269,31.4146429365,31.5640937203,31.7291236298,31.9100524937,32.1071949031,32.3208409580,32.5512306113,32.7985228157,33.0627629044,33.3438536463,33.6415367113
1240,30.7244394309,30.7312486432,30.7516940073,30.7858285653,30.8337402544,30.8955512104,30.9714167934,31.0615243323,31.1660915574,31.2853646176,31.4196154377,31.5691379210,31.7342421606,31.9152454634,32.1124587779,32.3261673327,32.5566051689,32.8039248791,33.0681659684,33.3492270877,33.6468485546
1241,30.7290388774,30.7358520805,30.7563093888,30.7904637592,30.8384029879,30.9002490131,30.9761569406,31.0663137824,31.1709368702,31.2902718281,31.4245898378,31.5741836868,31.7393617567,31.9204387807,32.1177220387,32.3314919140,32.5619766358,32.8093226101,33.0735637291,33.3545947261,33.6521546859
1242,30.7336410189,30.7404582064,30.7609274397,30.7951015907,30.8430683145,30.9049493516,30.9808995525,31.0711056087,31.1757844451,31.2951811433,31.4295661130,31.5792309834,31.7444823728,31.9256323937,32.1229846358,32.3368146679,32.5673450079,32.8147160434,33.0789562593,33.3599566593,33.6574552078
1243,30.7382458509,30.7450670166,30.7655481557,30.7997420556,30.8477362299,30.9096522215,30.9856446241,31.0758998045,31.1806342718,31.3000925473,31.4345442391,31.5842797761,31.7496039642,31.9308262517,32.1282465219,32.3421355634,32.5727102833,32.8201052141,33.0843436297,33.3653129821,33.6627502188
1244,30.7428533693,30.7496785066,30.7701715325,30.8043851494,30.8524067298,30.9143576182,30.9903921498,31.0806963627,31.1854863397,31.3050060238,31.4395241914,31.5893300302,31.7547264867,31.9360203056,32.1335076520,32.3474545715,32.5780724613,32.8254901572,33.0897259092,33.3706637856,33.6680398139
1245,30.7474635697,30.7542926723,30.7747975659,30.8090308680,30.8570798098,30.9190655369,30.9951421242,31.0854952757,31.1903406377,31.3099215558,31.4445059448,31.5943817110,31.7598498969,31.9412145080,32.1387679833,32.3527716660,32.5834315431,32.8308709079,33.0951031653,33.3760091582,33.6733240847
1246,30.7520764478,30.7589095093,30.7794262515,30.8136792070,30.8617554655,30.9237759729,30.9998945414,31.0902965356,31.1951971543,31.3148391258,31.4494894736,31.5994347835,31.7649741519,31.9464088128,32.1440274751,32.3580868223,32.5887875312,32.8362475014,33.1004754636,33.3813491854,33.6786031197
1247,30.7566919992,30.7635290134,30.7840575850,30.8183301621,30.8664336923,30.9284889212,31.0046493955,31.0951001344,31.2000558774,31.3197587158,31.4544747519,31.6044892131,31.7700992098,31.9516031754,32.1492860886,32.3634000183,32.5941404296,32.8416199728,33.1058428682,33.3866839498,33.6838770043
1248,30.7613102198,30.7681511802,30.7886915622,30.8229837289,30.8711144858,30.9332043767,31.0094066801,31.0999060634,31.2049167945,31.3246803073,31.4594617537,31.6095449653,31.7752250291,31.9567975525,32.1545437870,32.3687112335,32.5994902431,32.8469883571,33.1112054417,33.3920135316,33.6891458211
1249,30.7659311052,30.7727760054,30.7933281787,30.8276399030,30.8757978413,30.9379223343,31.0141663888,31.1047143137,31.2097798926,31.3296038815,31.4644504524,31.6146020056,31.7803515694,31.9619919026,32.1598005353,32.3740204492,32.6048369778,32.8523526893,33.1165632452,33.3973380084,33.6944096499
1250,30.7705546511,30.7774034848,30.7979674302,30.8322986801,30.8804837541,30.9426427885,31.0189285149,31.1095248760,31.2146451583,31.3345294191,31.4694408215,31.6196602999,31.7854787908,31.9671861852,32.1650563003,32.3793276483,32.6101806408,32.8577130041,33.1219163384,33.4026574555,33.6996685680
1251,30.7751808531,30.7820336139,30.8026093123,30.8369600555,30.8851722194,30.9473657338,31.0236930514,31.1143377408,31.2195125779,31.3394569004,31.4744328340,31.6247198140,31.7906066543,31.9723803613,32.1703110504,32.3846328155,32.6155212400,32.8630693360,33.1272647796,33.4079719462,33.7049226503
1252,30.7798097071,30.7866663886,30.8072538207,30.8416240249,30.8898632324,30.9520911646,31.0284599909,31.1191528980,31.2243821372,31.3443863054,31.4794264631,31.6297805144,31.7957351219,31.9775743931,32.1755647557,32.3899359367,32.6208587841,32.8684217192,33.1326086257,33.4132815512,33.7101719694
1253,30.7844412086,30.7913018045,30.8119009509,30.8462905836,30.8945567880,30.9568190751,31.0332293261,31.1239703375,31.2292538217,31.3493176139,31.4844216818,31.6348423676,31.8008641561,31.9827682443,32.1808173877,32.3952369992,32.6261932826,32.8737701880,33.1379479325,33.4185863397,33.7154165957
1254,30.7890753534,30.7959398571,30.8165506986,30.8509597270,30.8992528813,30.9615494591,31.0380010492,31.1287900485,31.2341276164,31.3542508053,31.4894184630,31.6399053406,31.8059937204,31.9879618796,32.1860689195,32.4005359917,32.6315247456,32.8791147760,33.1432827543,33.4238863785,33.7206565974
1255,30.7937121370,30.8005805422,30.8212030593,30.8556314506,30.9039515069,30.9662823106,31.0427751522,31.1336120202,31.2390035061,31.3591858587,31.4944167796,31.6449694006,31.8111237789,31.9931552652,32.1913193254,32.4058329041,32.6368531839,32.8844555167,33.1486131444,33.4291817328,33.7258920408
1256,30.7983515553,30.8052238554,30.8258580285,30.8603057494,30.9086526597,30.9710176231,31.0475516268,31.1384362412,31.2438814752,31.3641227531,31.4994166046,31.6500345153,31.8162542968,31.9983483682,32.1965685812,32.4111277272,32.6421786087,32.8897924434,33.1539391549,33.4344724661,33.7311229903
1257,30.8029936037,30.8098697923,30.8305156017,30.8649826187,30.9133563341,30.9757553901,31.0523304645,31.1432627000,31.2487615079,31.3690614672,31.5044179108,31.6551006527,31.8213852400,32.0035411570,32.2018166640,32.4164204531,32.6475010319,32.8951255889,33.1592608366,33.4397586401,33.7363495086
1258,30.8076382778,30.8145183484,30.8351757744,30.8696620536,30.9180625246,30.9804956047,31.0571116565,31.1480913848,31.2536435880,31.3740019797,31.5094206713,31.6601677813,31.8265165750,32.0087336010,32.2070635519,32.4217110748,32.6528204655,32.9004549858,33.1645782395,33.4450403148,33.7415716564
1259,30.8122855734,30.8191695192,30.8398385417,30.8743440491,30.9227712256,30.9852382602,31.0618951938,31.1529222833,31.2585276990,31.3789442688,31.5144248591,31.6652358699,31.8316482692,32.0139256707,32.2123092244,32.4269995863,32.6581369222,32.9057806662,33.1698914122,33.4503175488,33.7467894930
1260,30.8169354858,30.8238233003,30.8445038992,30.8790286001,30.9274824312,30.9899833493,31.0666810671,31.1577553832,31.2634138244,31.3838883129,31.5194304475,31.6703048878,31.8367802910,32.0191173379,32.2175536619,32.4322859824,32.6634504151,32.9111026622,33.1752004026,33.4555903991,33.7520030760
1261,30.8215880106,30.8284796872,30.8491718421,30.8837157015,30.9321961355,30.9947308647,31.0714692670,31.1625906717,31.2683019472,31.3888340903,31.5244374098,31.6753748048,31.8419126092,32.0243085750,32.2227968460,32.4375702588,32.6687609574,32.9164210052,33.1805052637,33.4608612077,33.7573471674
1262,30.8262431433,30.8331386751,30.8538423655,30.8884053480,30.9369123323,30.9994807988,31.0762597835,31.1674281358,31.2731920503,31.3937815789,31.5294457194,31.6804455910,31.8470451936,32.0294993557,32.2280387592,32.4428524119,32.6740685627,32.9217357324,33.1858066808,33.4661489408,33.7627967662
1263,30.8309008794,30.8378002596,30.8585154646,30.8930975342,30.9416310154,31.0042331440,31.0810526068,31.1722677624,31.2780841163,31.3987307569,31.5344553500,31.6855172170,31.8521780148,32.0346896545,32.2332793852,32.4481324389,32.6793732472,32.9270470201,33.1911080003,33.4714663632,33.7683125939
1264,30.8355612141,30.8424644358,30.8631911344,30.8977922547,30.9463521785,31.0089878922,31.0858477266,31.1771095379,31.2829781278,31.4036816022,31.5394662754,31.6905896539,31.8573110438,32.0398794468,32.2385187082,32.4534103383,32.6846750566,32.9323555407,33.1964136934,33.4768153672,33.7738806578
1265,30.8402241428,30.8471311991,30.8678693699,30.9024895039,30.9510758148,31.0137450354,31.0906451324,31.1819534487,31.2878740670,31.4086340929,31.5444784695,31.6956628734,31.8624442527,32.0450687091,32.2437567140,32.4586861154,32.6899741374,32.9376624969,33.2017273013,33.4821951638,33.7794928991
1266,30.8448896609,30.8518005447,30.8725501660,30.9071892762,30.9558019179,31.0185045653,31.0954448134,31.1867994810,31.2927719163,31.4135882067,31.5494919066,31.7007368473,31.8675776140,32.0502574184,32.2489933900,32.4639597975,32.6952707919,32.9429693288,33.2070512531,33.4876043412,33.7851438998
1267,30.8495577635,30.8564724675,30.8772335175,30.9118915656,30.9605304807,31.0232664733,31.1002467589,31.1916476205,31.2976716575,31.4185439217,31.5545065611,31.7058115482,31.8727111013,32.0554455532,32.2542287294,32.4692314531,32.7005654730,32.9482774698,33.2123871474,33.4930414045,33.7908296973
1268,30.8542284457,30.8611469628,30.8819194192,30.9165963663,30.9652614962,31.0280307507,31.1050509576,31.1964978529,31.3025732726,31.4235012160,31.5595224075,31.7108869490,31.8778446885,32.0606330938,32.2594627361,32.4745012044,32.7058587406,32.9535882261,33.2177360153,33.4985049338,33.7965472331
1269,30.8589017027,30.8658240255,30.8866078656,30.9213036722,30.9699949573,31.0327973887,31.1098573983,31.2013501639,31.3074767435,31.4284600674,31.5645394209,31.7159630231,31.8829783506,32.0658200234,32.2646954309,32.4797692305,32.7111512133,32.9589027363,33.2230985042,33.5039936256,33.8022940568
1270,30.8635775295,30.8705036504,30.8912988513,30.9260134771,30.9747308567,31.0375663780,31.1146660693,31.2062045387,31.3123820518,31.4334204540,31.5695575762,31.7210397444,31.8881120640,32.0710063308,32.2699268559,32.4850357606,32.7164435290,32.9642219697,33.2284750016,33.5095062978,33.8080681493
1271,30.8682559210,30.8751858325,30.8959923707,30.9307257747,30.9794691868,31.0423377095,31.1194769591,31.2110609625,31.3172891792,31.4383823539,31.5745768489,31.7261170876,31.8932458066,32.0761920119,32.2751570772,32.4903010647,32.7217363170,32.9695467404,33.2338657169,33.5150418809,33.8138678114
1272,30.8729368720,30.8798705663,30.9006884181,30.9354405587,30.9842099400,31.0471113737,31.1242900555,31.2159194202,31.3221981072,31.4433457454,31.5795972146,31.7311950279,31.8983795592,32.0813770720,32.2803861850,32.4955654421,32.7270301803,32.9748777275,33.2392707358,33.5205994065,33.8196915883
1273,30.8776203773,30.8845578466,30.9053869877,30.9401578223,30.9889531084,31.0518873609,31.1291053466,31.2207798969,31.3271088173,31.4483106068,31.5846186493,31.7362735416,31.9035133058,32.0865615275,32.2856142921,32.5008292111,32.7323256858,32.9802154944,33.2446900578,33.5261779951,33.8255382170
1274,30.8823064316,30.8892476678,30.9100880736,30.9448775589,30.9936986840,31.0566656613,31.1339228201,31.2256423771,31.3320212910,31.4532769163,31.5896411296,31.7413526063,31.9086470351,32.0917454061,32.2908415313,32.5060926997,32.7376233595,32.9855605072,33.2501236223,33.5317768453,33.8314065887
1275,30.8869950294,30.8939400245,30.9147916699,30.9495997617,30.9984466588,31.0614462649,31.1387424635,31.2305068456,31.3369355097,31.4582446525,31.5946646323,31.7464322016,31.9137807406,32.0969287476,32.2960680528,32.5113562388,32.7429236847,32.9909131500,33.2555713261,33.5373952243,33.8372957198
1276,30.8916861654,30.8986349109,30.9194977703,30.9543244237,31.0031970244,31.0662291615,31.1435642642,31.2353732868,31.3418514548,31.4632137942,31.5996891350,31.7515123088,31.9189144218,32.1021116039,32.3012940200,32.5166201563,32.7482271023,32.9962737386,33.2610330367,33.5430324593,33.8432047314
1277,30.8963798337,30.9033323213,30.9242063686,30.9590515376,31.0079497723,31.0710143409,31.1483882096,31.2402416852,31.3467691078,31.4681843202,31.6047146164,31.7565929120,31.9240480845,32.1072940375,32.3065196071,32.5218847734,32.7535340135,33.0016425314,33.2665086013,33.5486879307,33.8491328314
1278,30.9010760287,30.9080322497,30.9289174585,30.9637810964,31.0127048939,31.0758017924,31.1532142865,31.2451120249,31.3516884500,31.4731562100,31.6097410559,31.7616739982,31.9291817409,32.1124761216,32.3117449958,32.5271504008,32.7588447812,33.0070197384,33.2719978532,33.5543610656,33.8550793022
1279,30.9057747446,30.9127346903,30.9336310334,30.9685130925,31.0174623804,31.0805915054,31.1580424821,31.2499842903,31.3566094630,31.4781294430,31.6147684345,31.7667555577,31.9343154098,32.1176579384,32.3169703727,32.5324173377,32.7641597334,33.0124055295,33.2775006174,33.5600513330,33.8610434900
1280,30.9104759754,30.9174396369,30.9383470867,30.9732475184,31.0222222229,31.0853834691,31.1628727832,31.2548584654,31.3615321284,31.4831039996,31.6197967343,31.7718375843,31.9394491166,32.1228395779,32.3221959270,32.5376858697,32.7694791657,33.0178000404,33.2830167134,33.5657582390,33.8670247956
1281,30.9151797152,30.9221470832,30.9430656116,30.9779843664,31.0269844124,31.0901776726,31.1677051764,31.2597345345,31.3664564279,31.4880798604,31.6248259395,31.7769200753,31.9445828929,32.1280211373,32.3274218489,32.5429562687,32.7748033444,33.0232033779,33.2885459583,33.5714813232,33.8730226680
1282,30.9198859576,30.9268570229,30.9477866013,30.9827236286,31.0317489395,31.0949741047,31.1725396483,31.2646124816,31.3713823436,31.4930570071,31.6298560358,31.7820030323,31.9497167763,32.1332027192,32.3326483273,32.5482287920,32.7801325090,33.0286156248,33.2940881684,33.5772201548,33.8790365984
1283,30.9245946964,30.9315694496,30.9525100488,30.9874652972,31.0365157949,31.0997727541,31.1773761855,31.2694922908,31.3763098575,31.4980354219,31.6348870113,31.7870864603,31.9548508100,32.1383844309,32.3378755495,32.5535036830,32.7854668744,33.0340368431,33.2996431611,33.5829743304,33.8850661149
1284,30.9293059252,30.9362843567,30.9572359468,30.9922093639,31.0412849690,31.1045736095,31.1822147742,31.2743739463,31.3812389523,31.5030150881,31.6399188559,31.7921703685,31.9599850421,32.1435663833,32.3431036992,32.5587811708,32.7908066337,33.0394670774,33.3052107554,33.5887434710,33.8911107790
1285,30.9340196376,30.9410017374,30.9619642881,30.9969558205,31.0460564521,31.1093766594,31.1870554010,31.2792574322,31.3861696109,31.5079959903,31.6449515621,31.7972547700,31.9651195259,32.1487486900,32.3483329565,32.5640614708,32.7961519601,33.0449063573,33.3107907730,33.5945272196,33.8971701813
1286,30.9387358267,30.9457215848,30.9666950653,31.0017046587,31.0508302345,31.1141818920,31.1918980520,31.2841427328,31.3911018167,31.5129781140,31.6499851247,31.8023396814,31.9702543182,32.1539314662,32.3535634966,32.5693447853,32.8015030086,33.0503547000,33.3163830388,33.6003252398,33.9032439391
1287,30.9434544858,30.9504438921,30.9714282708,31.0064558698,31.0556063062,31.1189892957,31.1967427134,31.2890298327,31.3960355536,31.5179614460,31.6550195407,31.8074251230,31.9753894801,32.1591148284,32.3587954900,32.5746313040,32.8068599180,33.0558121117,33.3219873811,33.6061372135,33.9093316935
1288,30.9481756081,30.9551686521,30.9761638970,31.0112094451,31.0603846571,31.1237988586,31.2015893715,31.2939187164,31.4009708062,31.5229459746,31.6600548099,31.8125111185,31.9805250754,32.1642988933,32.3640291013,32.5799212046,32.8122228123,33.0612785894,33.3276036321,33.6119628396,33.9154331070
1289,30.9528991864,30.9598958575,30.9809019359,31.0159653759,31.0651652770,31.1286105688,31.2064380125,31.2988093688,31.4059075597,31.5279316895,31.6650909342,31.8175976949,31.9856611711,32.1694837777,32.3692644901,32.5852146532,32.8175918022,33.0667541223,33.3332316279,33.6178018328,33.9215478620
1290,30.9576252136,30.9646255011,30.9856423797,31.0207236532,31.0699481555,31.1334244142,31.2112886227,31.3037017750,31.4108458000,31.5329185818,31.6701279182,31.8226848822,31.9907978362,32.1746695977,32.3745018099,32.5905118053,32.8229669863,33.0722386929,33.3388712086,33.6236539218,33.9276756584
1291,30.9623536824,30.9693575752,30.9903852202,31.0254842678,31.0747332821,31.1382403827,31.2161411884,31.3085959206,31.4157855140,31.5379066443,31.6751657687,31.8277727131,31.9959351419,32.1798564682,32.3797412085,32.5958128061,32.8283484523,33.0777322781,33.3445222185,33.6295188491,33.9338162127
1292,30.9670845853,30.9740920723,30.9951304493,31.0302472107,31.0795206464,31.1430584623,31.2209956961,31.3134917913,31.4207266891,31.5428958712,31.6802044949,31.8328612230,32.0010731606,32.1850445029,32.3849828278,32.6011177911,32.8337362780,33.0832348496,33.3501845057,33.6353963690,33.9399692560
1293,30.9718179148,30.9788289846,30.9998780585,31.0350124724,31.0843102377,31.1478786407,31.2258521321,31.3183893734,31.4256693141,31.5478862584,31.6852441083,31.8379504496,32.0062119661,32.1902338138,32.3902268043,32.6064268870,32.8391305322,33.0887463754,33.3558579225,33.6412862474,33.9461345334
1294,30.9765536632,30.9835683041,31.0046280393,31.0397800435,31.0891020452,31.1527009058,31.2307104833,31.3232886536,31.4306133783,31.5528778035,31.6902846224,31.8430404327,32.0113516332,32.1954245109,32.3954732685,32.6117402118,32.8445312756,33.0942668195,33.3615423253,33.6471882608,33.9523118027
1295,30.9812918226,30.9883100229,31.0093803831,31.0445499143,31.0938960580,31.1575252454,31.2355707365,31.3281896192,31.4355588723,31.5578705054,31.6953260529,31.8481312140,32.0164922370,32.2006167021,32.4007223455,32.6170578756,32.8499385614,33.0997961434,33.3672375741,33.6531021955,33.9585008331
1296,30.9860323850,30.9930541328,31.0141350813,31.0493220753,31.0986922653,31.1623516474,31.2404328788,31.3330922578,31.4405057876,31.5628643648,31.7003684174,31.8532228371,32.0216338531,32.2058104929,32.4059741550,32.6223799811,32.8553524363,33.1053343058,33.3729435327,33.6590278471,33.9647014048
1297,30.9907753423,30.9978006254,31.0188921248,31.0540965165,31.1034906562,31.1671800997,31.2452968974,31.3379965578,31.4454541166,31.5678593839,31.7054117354,31.8583153469,32.0267765573,32.2110059867,32.4112288113,32.6277066240,32.8607729406,33.1108812632,33.3786600689,33.6649650196,33.9709133082
1298,30.9955206864,31.0025494923,31.0236515047,31.0588732282,31.1082912195,31.1720105901,31.2501627800,31.3429025081,31.4504038531,31.5728555666,31.7104560281,31.8634087896,32.0319204249,32.2162032841,32.4164864239,32.6330378932,32.8662001092,33.1164369708,33.3843870539,33.6709135252,33.9771363428
1299,31.0002684088,31.0073007250,31.0284132119,31.0636522002,31.1130939443,31.1768431069,31.2550305145,31.3478100983,31.4553549917,31.5778529180,31.7155013183,31.8685032126,32.0370655313,32.2214024831,32.4217470970,32.6383738718,32.8716339720,33.1220013818,33.3901243622,33.6768731835,33.9833703168
1300,31.0050185010,31.0120543149,31.0331772371,31.0684334226,31.1178988195,31.1816776380,31.2599000891,31.3527193186,31.4603075282,31.5828514448,31.7205476305,31.8735986644,32.0422119511,32.2266036794,32.4270109303,32.6437146369,32.8770745542,33.1275744487,33.3958718721,33.6828438213,33.9896150468
1301,31.0097709544,31.0168102530,31.0379435711,31.0732168852,31.1227058341,31.1865141719,31.2647714924,31.3576301599,31.4652614594,31.5878511552,31.7255949905,31.8786951940,32.0473597586,32.2318069658,32.4322780187,32.6490602603,32.8825218767,33.1331561228,33.4016294648,33.6888252721,33.9958703567
1302,31.0145257603,31.0215685304,31.0427122043,31.0780025777,31.1275149770,31.1913526970,31.2696447133,31.3625426138,31.4702167833,31.5928520586,31.7306434253,31.8837928513,32.0525090270,32.2370124324,32.4375484530,32.6544108086,32.8879759569,33.1387463546,33.4073970249,33.6948173753,34.0021360775
1303,31.0192829098,31.0263291382,31.0474831272,31.0827904900,31.1323262371,31.1961932018,31.2745197411,31.3674566728,31.4751734988,31.5978541658,31.7356929633,31.8888916865,32.0576598290,32.2422201669,32.4428223194,32.6597663439,32.8934368083,33.1443450942,33.4131744399,33.7008199767,34.0084120472
1304,31.0240423939,31.0310920671,31.0522563302,31.0875806116,31.1371396036,31.2010356752,31.2793965658,31.3723723298,31.4801316061,31.6028574888,31.7407436338,31.8939917503,32.0628122361,32.2474302541,32.4480997002,32.6651269237,32.8989044416,33.1499522912,33.4189616004,33.7068329273,34.0146981098
1305,31.0288042035,31.0358573079,31.0570318036,31.0923729322,31.1419550654,31.2058801063,31.2842751775,31.3772895787,31.4850911062,31.6078620407,31.7457954672,31.8990930937,32.0679663188,32.2526427762,32.4533806739,32.6704926013,32.9043788642,33.1555678948,33.4247583997,33.7128560834,34.0209941151
1306,31.0335683294,31.0406248513,31.0618095375,31.0971674415,31.1467726117,31.2107264842,31.2891555670,31.3822084141,31.4900520012,31.6128678360,31.7508484948,31.9041957677,32.0731221466,32.2578578130,32.4586653150,32.6758634262,32.9098600811,33.1611918543,33.4305647339,33.7188893064,34.0272999187
1307,31.0383347623,31.0453946877,31.0665895222,31.1019641291,31.1515922318,31.2155747985,31.2940377254,31.3871288314,31.4950142943,31.6178748901,31.7559027485,31.9092998235,32.0782797877,32.2630754417,32.4639536947,32.6812394443,32.9153480948,33.1668241187,33.4363805020,33.7249324623,34.0336153814
1308,31.0431034928,31.0501668077,31.0713717476,31.1067629845,31.1564139150,31.2204250389,31.2989216444,31.3920508265,31.4999779895,31.6228832192,31.7609582613,31.9144053122,32.0834393092,32.2682957368,32.4692458805,32.6866206978,32.9208429057,33.1724646371,33.4422056052,33.7309854217,34.0399403687
1309,31.0478745113,31.0549412016,31.0761562039,31.1115639975,31.1612376508,31.2252771956,31.3038073163,31.3969743963,31.5049430919,31.6278928409,31.7660150664,31.9195122846,32.0886007768,32.2735187706,32.4745419369,32.6920072260,32.9263445119,33.1781133587,33.4480399474,33.7370480592,34.0462747510
1310,31.0526478084,31.0597178596,31.0809428810,31.1163671576,31.1660634288,31.2301312588,31.3086947337,31.4018995385,31.5099096074,31.6329037733,31.7710731979,31.9246207916,32.0937642552,32.2787446128,32.4798419251,32.6973990650,32.9318529098,33.1837702328,33.4538834348,33.7431202537,34.0526184031
1311,31.0574233742,31.0644967721,31.0857317689,31.1211724545,31.1708912387,31.2349872194,31.3135838898,31.4068262514,31.5148775428,31.6379160355,31.7761326900,31.9297308835,32.0989298075,32.2839733308,32.4851459033,32.7027962481,32.9373680943,33.1894352091,33.4597359759,33.7492018877,34.0589712039
1312,31.0622011992,31.0692779291,31.0905228574,31.1259798781,31.1757210705,31.2398450682,31.3184747786,31.4117545341,31.5198469059,31.6429296474,31.7811935776,31.9348426106,32.1040974956,32.2892049899,32.4904539269,32.7081988060,32.9428900583,33.1951082372,33.4655974815,33.7552928475,34.0653330364
1313,31.0669812734,31.0740613209,31.0953161365,31.1307894180,31.1805529142,31.2447047968,31.3233673942,31.4166843863,31.5248177051,31.6479446295,31.7862558958,31.9399560225,32.1092673801,32.2944396528,32.4957660485,32.7136067667,32.9484187938,33.2007892674,33.4714678646,33.7613930226,34.0717037873
1314,31.0717635870,31.0788469373,31.1001115962,31.1356010641,31.1853867602,31.2495663967,31.3282617316,31.4216158087,31.5297899497,31.6529610031,31.7913196800,31.9450711685,32.1144395202,32.2996773803,32.5010823181,32.7190201561,32.9539542910,33.2064782501,33.4773470402,33.7675023062,34.0780833468
1315,31.0765481302,31.0836347686,31.1049092263,31.1404148065,31.1902225990,31.2544298601,31.3331577861,31.4265488023,31.5347636497,31.6579787901,31.7963849657,31.9501880975,32.1196139738,32.3049182310,32.5064027833,32.7244389977,32.9594965394,33.2121751362,33.4832349251,33.7736205943,34.0844716086
1316,31.0813348929,31.0884248047,31.1097090169,31.1452306352,31.1950604212,31.2592951795,31.3380555538,31.4314833691,31.5397388160,31.6629980128,31.8014517887,31.9553068577,32.1247907974,32.3101622614,32.5117274893,32.7298633131,32.9650455271,33.2178798771,33.4891314384,33.7797477861,34.0908684697
1317,31.0861238652,31.0932170356,31.1145109578,31.1500485403,31.1999002179,31.2641623477,31.3429550311,31.4364195117,31.5447154600,31.6680186943,31.8065201847,31.9604274968,32.1299700462,32.3154095262,32.5170564788,32.7352931217,32.9706012412,33.2235924243,33.4950365009,33.7858837836,34.0972738301
1318,31.0909150372,31.0980114513,31.1193150391,31.1548685122,31.2047419803,31.2690313580,31.3478562151,31.4413572333,31.5496935937,31.6730408577,31.8115901897,31.9655500620,32.1351517742,32.3206600779,32.5223897927,32.7407284414,32.9761636683,33.2293127301,33.5009500352,33.7920284916,34.1036875929
1319,31.0957083987,31.1028080418,31.1241212509,31.1596905414,31.2095856998,31.2739022039,31.3527591034,31.4462965378,31.5546732300,31.6780645271,31.8166618394,31.9706745996,32.1403360338,32.3259139672,32.5277274694,32.7461692881,32.9817327937,33.2350407471,33.5068719657,33.7981818174,34.1101096637
1320,31.1005039398,31.1076067972,31.1289295834,31.1645146183,31.2144313681,31.2787748796,31.3576636941,31.4512374297,31.5596543821,31.6830897266,31.8217351697,31.9758011557,32.1455228763,32.3311712430,32.5330695457,32.7516156762,32.9873086022,33.2407764283,33.5128022184,33.8043436710,34.1165399512
1321,31.1053016506,31.1124077074,31.1337400267,31.1693407338,31.2192789773,31.2836493794,31.3625699858,31.4561799140,31.5646370639,31.6881164807,31.8268102163,31.9809297753,32.1507123517,32.3364319525,32.5384160563,32.7570676185,32.9928910779,33.2465197274,33.5187407165,33.8105123144,34.1228811376
1322,31.1101015211,31.1172107627,31.1385525712,31.1741688788,31.2241285196,31.2885256983,31.3674779778,31.4611239964,31.5696212897,31.6931448142,31.8318870148,31.9860605029,32.1559045086,32.3416961411,32.5437670340,32.7625251264,32.9984802044,33.2522705941,33.5246869276,33.8166740119,34.1291512213
1323,31.1149035413,31.1220159530,31.1433672072,31.1789990443,31.2289799875,31.2934038314,31.3723876697,31.4660696831,31.5746070745,31.6981747523,31.8369656006,31.9911933824,32.1610993946,32.3469638526,32.5491225102,32.7679882099,33.0040759627,33.2580288782,33.5306383997,33.8228195051,34.1353785073
1324,31.1197077014,31.1268232687,31.1481839254,31.1838312217,31.2338333739,31.2982837745,31.3772990617,31.4710169809,31.5795944336,31.7032063201,31.8420460091,31.9963284570,32.1662970559,32.3522351290,32.5544825143,32.7734568774,33.0096783126,33.2637940712,33.5365918694,33.8289473843,34.1415730509
1325,31.1245139916,31.1316327000,31.1530027163,31.1886654025,31.2386886720,31.3031655237,31.3822121545,31.4759658971,31.5845833828,31.7082395433,31.8471282753,32.0014657688,32.1714975373,32.3575100111,32.5598470741,32.7789311313,33.0152871407,33.2695652826,33.5425447456,33.8350581766,34.1477406256
1326,31.1293224021,31.1364442373,31.1578235708,31.1935015783,31.2435458753,31.3080490754,31.3871269494,31.4809164395,31.5895739382,31.7132744474,31.8522124340,32.0066053598,32.1767008828,32.3627885378,32.5652162151,32.7844109580,33.0209022207,33.2753414506,33.5484952408,33.8411528596,34.1538851001
1327,31.1341329232,31.1412578710,31.1626464797,31.1983397411,31.2484049776,31.3129344265,31.3920434480,31.4858686163,31.5945661163,31.7183110582,31.8572985198,32.0117472707,32.1819071350,32.3680707466,32.5705899579,32.7898963130,33.0265232175,33.2811215185,33.5544421671,33.8472324717,34.1600092938
1328,31.1389455454,31.1460735916,31.1674714341,31.2031798830,31.2532659728,31.3178215745,31.3969616524,31.4908224362,31.5995599342,31.7233494016,31.8623865669,32.0168915418,32.1871163352,32.3733566728,32.5759683143,32.7953871126,33.0321497185,33.2869045215,33.5603847477,33.8532979985,34.1661153743
1329,31.1437602591,31.1508913900,31.1722984253,31.2080219964,31.2581288556,31.3227105170,31.4018815652,31.4957779086,31.6045554089,31.7283895035,31.8674766095,32.0220382126,32.1923285237,32.3786463485,32.5813512834,32.8008832316,33.0377812685,33.2926896163,33.5663224830,33.8593503425,34.1722050718
1330,31.1485770551,31.1557112568,31.1771274446,31.2128660740,31.2629936205,31.3276012521,31.4068031896,31.5007350428,31.6095525579,31.7334313900,31.8725686810,32.0271873217,32.1975437389,32.3839398013,32.5867388481,32.8063845077,33.0434173983,33.2984760821,33.5722550617,33.8653903195,34.1782798058
1331,31.1533959239,31.1605331830,31.1819584837,31.2177121085,31.2678602628,31.3324937784,31.4117265288,31.5056938490,31.6145513991,31.7384750869,31.8776628149,32.0323389071,32.2027620177,32.3892370527,32.5921309730,32.8118907490,33.0490576447,33.3042633101,33.5781823018,33.8714186649,34.1843407662
1332,31.1582168566,31.1653571598,31.1867915343,31.2225600931,31.2727287777,31.3373880947,31.4166515870,31.5106543376,31.6195519505,31.7435206203,31.8827590442,32.0374930057,32.2079833942,32.3945381169,32.5975276051,32.8174017417,33.0547015632,33.3100507894,33.5841041114,33.8774360422,34.1903889671
1333,31.1630398442,31.1701831783,31.1916265883,31.2274100212,31.2775991611,31.3422842005,31.4215783684,31.5156165192,31.6245542303,31.7485680162,31.8878574012,32.0426496533,32.2132078996,32.3998429993,32.6029286740,32.8229172582,33.0603487352,33.3158380928,33.5900204609,33.8834430512,34.1964252852
1334,31.1678648778,31.1750112299,31.1964636381,31.2322618865,31.2824714090,31.3471820954,31.4265068777,31.5205804050,31.6295582569,31.7536173005,31.8929579182,32.0478088842,32.2184355610,32.4051516965,32.6083340942,32.8284370630,33.0659987718,33.3216248637,33.5959313653,33.8894402366,34.2024504868
1335,31.1726919487,31.1798413062,31.2013026758,31.2371156828,31.2873455178,31.3520817794,31.4314371200,31.5255460063,31.6345640489,31.7586684989,31.8980606267,32.0529707314,32.2236664018,32.4104641955,32.6137437676,32.8339609183,33.0716513146,33.3274108048,33.6018368705,33.8954280942,34.2084652485
1336,31.1775210484,31.1846733991,31.2061436942,31.2419714043,31.2922214842,31.3569832531,31.4363691009,31.5305133350,31.6395716252,31.7637216372,31.9031655573,32.0581352257,32.2289004401,32.4157804744,32.6191575852,32.8394885881,33.0773060355,33.3331956682,33.6077370443,33.9014070770,34.2144701725
1337,31.1823521687,31.1895075004,31.2109866861,31.2468290456,31.2970993052,31.3618865172,31.4413028261,31.5354824031,31.6445810046,31.7687767408,31.9082727402,32.0633023957,32.2341376894,32.4211005025,32.6245754304,32.8450198409,33.0829626355,33.3389792482,33.6136319697,33.9073776008,34.2204657986
1338,31.1871853014,31.1943436023,31.2158316445,31.2516886013,31.3019789784,31.3667915730,31.4462383019,31.5404532229,31.6495922061,31.7738338350,31.9133822043,32.0684722677,32.2393781575,32.4264242413,32.6299971800,32.8505544523,33.0886208428,33.3447613738,33.6195217402,33.9133400479,34.2264526138
1339,31.1920204385,31.1991816971,31.2206785628,31.2565500665,31.3068605014,31.3716984220,31.4511755348,31.5454258068,31.6546052488,31.7788929447,31.9184939777,32.0736448650,32.2446218474,32.4317516450,32.6354227074,32.8560922059,33.0942804107,33.3505419033,33.6254064558,33.9192947716,34.2324310600
1340,31.1968575724,31.2040217775,31.2255274345,31.2614134365,31.3117438722,31.3766070661,31.4561145317,31.5504001678,31.6596201517,31.7839540944,31.9236080868,32.0788202081,32.2498687567,32.4370826613,32.6408518830,32.8616328948,33.0999411160,33.3563207201,33.6312862210,33.9252420985,34.2384015399
1341,31.2016966954,31.2088638362,31.2303782534,31.2662787069,31.3166290892,31.3815175075,31.4610552997,31.5553763188,31.6646369340,31.7890173082,31.9287245570,32.0839983145,32.2551188778,32.4424172328,32.6462845765,32.8671763218,33.1056027566,33.3620977284,33.6371611426,33.9311823322,34.2443644224
1342,31.2065378003,31.2137078663,31.2352310135,31.2711458736,31.3215161512,31.3864297487,31.4659978464,31.5603542729,31.6696556145,31.7940826094,31.9338434118,32.0891791986,32.2603721986,32.4477552972,32.6517206578,32.8727222998,33.1112651495,33.3678728503,33.6430313283,33.9371157550,34.2503200466
1343,31.2113808801,31.2185538610,31.2400857093,31.2760149328,31.3264050571,31.3913437927,31.4709421795,31.5653340436,31.6746762121,31.7991500209,31.9389646733,32.0943628715,32.2656287023,32.4530967886,32.6571599977,32.8782706516,33.1169281297,33.3736460229,33.6488968855,33.9430426306,34.2562687254
1344,31.2162259278,31.2234018138,31.2449423351,31.2808858810,31.3312958063,31.3962596427,31.4758883070,31.5703156443,31.6796987456,31.8042195647,31.9440883617,32.0995493411,32.2708883682,32.4584416378,32.6626024690,32.8838212101,33.1225915477,33.3794171962,33.6547579210,33.9489632053,34.2622107483
1345,31.2210729368,31.2282517184,31.2498008860,31.2857587149,31.3361883984,31.4011773021,31.4808362372,31.5752990885,31.6847232334,31.8092912619,31.9492144952,32.1047386124,32.2761511715,32.4637897735,32.6680479470,32.8893738176,33.1282552685,33.3851863311,33.6606145399,33.9548777100,34.2681463843
1346,31.2259219007,31.2331035689,31.2546613569,31.2906334317,31.3410828335,31.4060967748,31.4857859786,31.5802843899,31.6897496937,31.8143651327,31.9543430902,32.1099306870,32.2814170841,32.4691411224,32.6734963098,32.8949283259,33.1339191701,33.3909533979,33.6664668457,33.9607863617,34.2740758839
1347,31.2307728135,31.2379573594,31.2595237433,31.2955100286,31.3459791116,31.4110180649,31.4907375399,31.5852715620,31.6947781443,31.8194411964,31.9594741612,32.1151255640,32.2866860749,32.4744956102,32.6789474389,32.9004845956,33.1395831423,33.3967183749,33.6723149394,33.9666893643,34.2799994806
1348,31.2356256692,31.2428130844,31.2643880409,31.3003885034,31.3508772335,31.4159411767,31.4956909300,31.5902606186,31.6998086025,31.8245194710,31.9646077205,32.1203232394,32.2919581098,32.4798531617,32.6844012193,32.9060424957,33.1452470854,33.4024812473,33.6781589201,33.9725869101,34.2859173932
1349,31.2404804623,31.2476707388,31.2692542454,31.3052688540,31.3557771999,31.4208661150,31.5006461580,31.5952515732,31.7048410854,31.8295999736,31.9697437787,32.1255237066,32.2972331526,32.4852137015,32.6898575397,32.9116019034,33.1509109097,33.4082420060,33.6839988841,33.9784791805,34.2918298267
1350,31.2453371872,31.2525303176,31.2741223533,31.3101510786,31.3606790121,31.4257928845,31.5056032331,31.6002444392,31.7098756093,31.8346827201,31.9748823442,32.1307269565,32.3025111650,32.4905771542,32.6953162925,32.9171627035,33.1565745337,33.4140006472,33.6898349253,33.9843663471,34.2977369738
1351,31.2501958391,31.2573918159,31.2789923609,31.3150351758,31.3655826713,31.4307214903,31.5105621645,31.6052392300,31.7149121902,31.8397677250,31.9800234235,32.1359329778,32.3077921067,32.4959434448,32.7007773743,32.9227247879,33.1622378842,33.4197571713,33.6956671351,33.9902485725,34.3036390159
1352,31.2550564129,31.2622552295,31.2838642650,31.3199211442,31.3704881795,31.4356519379,31.5155229618,31.6102359587,31.7199508431,31.8448550016,31.9851670215,32.1411417568,32.3130759361,32.5013124990,32.7062406852,32.9282880553,33.1679008949,33.4255115825,33.7014956021,33.9961260106,34.3095361241
1353,31.2599189042,31.2671205540,31.2887380626,31.3248089832,31.3753955384,31.4405842327,31.5204856342,31.6152346383,31.7249915827,31.8499445622,31.9903131407,32.1463532780,32.3183626104,32.5066842433,32.7117061294,32.9338524109,33.1735635063,33.4312638880,33.7073204127,34.0019988078,34.3154284598
1354,31.2647833086,31.2719877857,31.2936137511,31.3296986919,31.3803047502,31.4455183805,31.5254501914,31.6202352815,31.7300344229,31.8550364176,31.9954617824,32.1515675238,32.3236520858,32.5120586051,32.7171736148,32.9394177657,33.1792256645,33.4370140978,33.7131416504,34.0078671030,34.3213161761
1355,31.2696496221,31.2768569209,31.2984913281,31.3345902701,31.3852158176,31.4504543872,31.5304166429,31.6252379007,31.7350793768,31.8601305773,32.0006129458,32.1567844753,32.3289443177,32.5174355134,32.7226430531,32.9449840364,33.1848873212,33.4427622245,33.7189593965,34.0137310286,34.3271994177
1356,31.2745178410,31.2817279562,31.3033707914,31.3394837176,31.3901287431,31.4553922587,31.5353849980,31.6302425079,31.7401264567,31.8652270497,32.0057666287,32.1620041117,32.3342392608,32.5228148981,32.7281143597,32.9505511450,33.1905484327,33.4485082822,33.7247737297,34.0195907107,34.3330783221
1357,31.2793879617,31.2866008886,31.3082521392,31.3443790347,31.3950435297,31.4603320013,31.5403552662,31.6352491149,31.7451756744,31.8703258419,32.0109228273,32.1672264111,32.3395368698,32.5281966908,32.7335874533,32.9561190185,33.1962089600,33.4542522873,33.7305847265,34.0254462696,34.3389530199
1358,31.2842599811,31.2914757153,31.3131353699,31.3492762216,31.3999601805,31.4652736213,31.5453274568,31.6402577331,31.7502270406,31.8754269598,32.0160815362,32.1724513502,32.3448370988,32.5335808245,32.7390622564,32.9616875882,33.2018688681,33.4599942571,33.7363924611,34.0312978201,34.3448236354
1359,31.2891338962,31.2963524337,31.3180204822,31.3541752793,31.4048786989,31.4702171249,31.5503015791,31.6452683733,31.7552805653,31.8805304079,32.0212427488,32.1776789047,32.3501399019,32.5389672339,32.7445386947,32.9672567901,33.2075281255,33.4657342105,33.7421970052,34.0371454721,34.3506902868
1360,31.2940097045,31.3012310417,31.3229074750,31.3590762084,31.4097990882,31.4751625187,31.5552776421,31.6502810461,31.7603362578,31.8856361899,32.0264064571,32.1829090494,32.3554452334,32.5443558551,32.7500166970,32.9728265641,33.2131867044,33.4714721671,33.7479984288,34.0429893306,34.3565530870
1361,31.2988874034,31.3061115371,31.3277963476,31.3639790103,31.4147213523,31.4801098091,31.5602556549,31.6552957614,31.7653941264,31.8907443081,32.0315726518,32.1881417581,32.3607530477,32.5497466259,32.7554961954,32.9783968539,33.2188445797,33.4772081477,33.7537967994,34.0488294962,34.3624121437
1362,31.3037669909,31.3109939184,31.3326870995,31.3688836862,31.4196454950,31.4850590026,31.5652356261,31.6603125290,31.7704541787,31.8958547637,32.0367413227,32.1933770040,32.3660632992,32.5551394859,32.7609771249,32.9839676067,33.2245017294,33.4829421737,33.7595921827,34.0546660654,34.3682675598
1363,31.3086484652,31.3158781840,31.3375797303,31.3737902378,31.4245715203,31.4900101059,31.5702175644,31.6653313579,31.7755164215,31.9009675570,32.0419124583,32.1986147597,32.3713759430,32.5605343763,32.7664594234,32.9895387733,33.2301581338,33.4886742668,33.7653846426,34.0604991305,34.3741194338
1364,31.3135318246,31.3207643328,31.3424742401,31.3786986669,31.4294994322,31.4949631253,31.5752014780,31.6703522566,31.7805808606,31.9060826871,32.0470860462,32.2038549971,32.3766909345,32.5659312398,32.7719430316,32.9951103073,33.2358137758,33.4944044496,33.7711742408,34.0663287804,34.3799678598
1365,31.3184170679,31.3256523639,31.3473706291,31.3836089755,31.4344292350,31.4999180673,31.5801873752,31.6753752333,31.7856475014,31.9112001522,32.0522620732,32.2090976879,32.3820082295,32.5713300210,32.7774278926,33.0006821654,33.2414686403,33.5001327448,33.7769610374,34.0721551005,34.3858129281
1366,31.3233041941,31.3305422766,31.3522688976,31.3885211658,31.4393609331,31.5048749386,31.5851752637,31.6804002954,31.7907163481,31.9163199496,32.0574405250,32.2143428033,32.3873277844,32.5767306659,32.7829139524,33.0062543069,33.2471227141,33.5058591754,33.7827450908,34.0779781726,34.3916547253
1367,31.3281932022,31.3354340705,31.3571690464,31.3934352401,31.4442945308,31.5098337453,31.5901651511,31.6854274500,31.7957874043,31.9214420756,32.0626213868,32.2195903143,32.3926495563,32.5821331224,32.7884011592,33.0118266940,33.2527759861,33.5115837647,33.7885264575,34.0837980758,34.3974933345
1368,31.3330840919,31.3403277454,31.3620710764,31.3983512010,31.4492300328,31.5147944939,31.5951570447,31.6904567037,31.8008606729,31.9265665258,32.0678046431,32.2248401918,32.3979735027,32.5875373397,32.7938894636,33.0173992910,33.2584284464,33.5173065361,33.7943051926,34.0896148860,34.4033288356
1369,31.3379768627,31.3452233014,31.3669749887,31.4032690511,31.4541674434,31.5197571906,31.6001509516,31.6954880623,31.8059361560,31.9316932948,32.0729902776,32.2300924063,32.4032995820,32.5929432688,32.7993788183,33.0229720645,33.2640800871,33.5230275130,33.8000813496,34.0954286764,34.4091613053
1370,31.3428715147,31.3501207387,31.3718807846,31.4081887934,31.4591067673,31.5247218415,31.6051468783,31.7005215313,31.8110138549,31.9368223767,32.0781782734,32.2353469285,32.4086277531,32.5983508620,32.8048691782,33.0285449835,33.2697309013,33.5287467190,33.8058549805,34.1012395176,34.4149908174
1371,31.3477680480,31.3550200580,31.3767884656,31.4131104307,31.4640480091,31.5296884525,31.6101448314,31.7055571156,31.8160937704,31.9419537645,32.0833686134,32.2406037289,32.4139579758,32.6037600732,32.8103605003,33.0341180185,33.2753808835,33.5344641776,33.8116261357,34.1070474777,34.4208174429
1372,31.3526664631,31.3599212599,31.3816980333,31.4180339662,31.4689911735,31.5346570295,31.6151448167,31.7105948195,31.8211759025,31.9470874509,32.0885612797,32.2458627783,32.4192902106,32.6091708580,32.8158527435,33.0396911424,33.2810300294,33.5401799122,33.8173948644,34.1128526223,34.4266412503
1373,31.3575667606,31.3648243454,31.3866094897,31.4229594030,31.4739362651,31.5396275782,31.6201468401,31.7156346469,31.8262602505,31.9522234277,32.0937562541,32.2511240472,32.4246244186,32.6145831731,32.8213458684,33.0452643296,33.2866783357,33.5458939462,33.8231612145,34.1186550150,34.4324623056
1374,31.3624689413,31.3697293157,31.3915228368,31.4278867445,31.4788832885,31.5446001042,31.6251509069,31.7206766011,31.8313468132,31.9573616863,32.0989535182,32.2563875065,32.4299605618,32.6199969766,32.8268398375,33.0508375561,33.2923258003,33.5516063028,33.8289252324,34.1244547171,34.4382806724
1375,31.3673730064,31.3746361722,31.3964380768,31.4328159940,31.4838322484,31.5495746129,31.6301570221,31.7257206849,31.8364355887,31.9625022172,32.1041530530,32.2616531271,32.4352986030,32.6254122283,32.8323346149,33.0564107995,33.2979724217,33.5573170052,33.8346869634,34.1302517878,34.4440964121
1376,31.3722789570,31.3795449163,31.4013552120,31.4377471550,31.4887831493,31.5545511093,31.6351651903,31.7307669007,31.8415265745,31.9676450109,32.1093548394,32.2669208803,32.4406385057,32.6308288889,32.8378301666,33.0619840391,33.3036181993,33.5630260762,33.8404464515,34.1360462845,34.4499095841
1377,31.3771867946,31.3844555498,31.4062742448,31.4426802310,31.4937359956,31.5595295986,31.6401754160,31.7358152502,31.8466197676,31.9727900568,32.1145588582,32.2721907373,32.4459802341,32.6362469207,32.8433264596,33.0675572552,33.3092631335,33.5687335387,33.8462037396,34.1418382627,34.4557202457
1378,31.3820965208,31.3893680745,31.4111951779,31.4476152255,31.4986907920,31.5645100855,31.6451877030,31.7408657348,31.8517151645,31.9779373444,32.1197650898,32.2774626699,32.4513237533,32.6416662870,32.8488234630,33.0731304296,33.3149072251,33.5744394151,33.8519588696,34.1476277761,34.4615284522
1379,31.3870081375,31.3942824927,31.4161180140,31.4525521422,31.5036475428,31.5694925746,31.6502020550,31.7459183554,31.8568127611,31.9830868624,32.1249735144,32.2827366498,32.4566690292,32.6470869526,32.8543211467,33.0787035454,33.3205504757,33.5801437280,33.8577118821,34.1534148769,34.4673342572
1380,31.3919216466,31.3991988063,31.4210427559,31.4574909847,31.5086062523,31.5744770703,31.6552184753,31.7509731124,31.8619125527,31.9882385993,32.1301841123,32.2880126494,32.4620160284,32.6525088830,32.8598194823,33.0842765866,33.3261928874,33.5858464994,33.8634628168,34.1591996155,34.4731377125
1381,31.3968370502,31.4041170178,31.4259694066,31.4624317567,31.5135669247,31.5794635768,31.6602369667,31.7560300056,31.8670145345,31.9933925432,32.1353968636,32.2932906409,32.4673647182,32.6579320454,32.8653184426,33.0898495384,33.3318344629,33.5915477512,33.8692117119,34.1649818907,34.4789300295
1382,31.4017543507,31.4090371295,31.4308979689,31.4673744619,31.5185295642,31.5844520980,31.6652575319,31.7610890347,31.8721187009,31.9985486818,32.1406117481,32.2985705974,32.4727150667,32.6633564077,32.8708180016,33.0954223872,33.3374752054,33.5972475047,33.8749585632,34.1707605092,34.4847129008
1383,31.4066735503,31.4139591442,31.4358284460,31.4723191038,31.5234941748,31.5894426377,31.6702801730,31.7661501987,31.8772250460,32.0037070026,32.1458287461,32.3038524918,32.4780670428,32.6687819390,32.8763181344,33.1009951200,33.3431151183,33.6029457719,33.8807031909,34.1765346828,34.4904889544
1384,31.4115946516,31.4188830645,31.4407608411,31.4772656862,31.5284607604,31.5944351992,31.6753048920,31.7712134963,31.8823335635,32.0088674928,32.1510478374,32.3091362977,32.4834206160,32.6742086094,32.8818188174,33.1065677251,33.3487542036,33.6086425317,33.8864453402,34.1823043354,34.4962591575
1385,31.4165176573,31.4238088932,31.4456951572,31.4822142127,31.5334293248,31.5994297860,31.6803316904,31.7762789258,31.8874442468,32.0140301393,32.1562690019,32.3144219889,32.4887757568,32.6796363900,32.8873200279,33.1121401907,33.3543924570,33.6143377281,33.8921848166,34.1880695657,34.5020240865
1386,31.4214425700,31.4287366331,31.4506313977,31.4871646869,31.5383998718,31.6044264010,31.6853605694,31.7813464851,31.8925570887,32.0191949289,32.1614922198,32.3197095396,32.4941324360,32.6850652529,32.8928217441,33.1177125049,33.3600298644,33.6200312892,33.8979214977,34.1938305117,34.5077841432
1387,31.4263693927,31.4336662872,31.4555695658,31.4921171124,31.5433724048,31.6094250469,31.6903915298,31.7864161717,31.8976720820,32.0243618480,32.1667174709,32.3249989244,32.4994906254,32.6904951711,32.8983239450,33.1232846536,33.3656664022,33.6257231434,33.9036553145,34.1995873156,34.5135396326
1388,31.4312981282,31.4385978586,31.4605096648,31.4970714926,31.5483469272,31.6144257264,31.6954245724,31.7914879828,31.9027892189,32.0295308830,32.1719447356,32.3302901183,32.5048502975,32.6959261183,32.9038266097,33.1288566201,33.3713020399,33.6314132269,33.9093862347,34.2053401135,34.5192907990
1389,31.4362287795,31.4435313503,31.4654516981,31.5020278311,31.5533234423,31.6194284418,31.7004596972,31.7965619152,31.9079084914,32.0347020200,32.1771739939,32.3355830965,32.5102114252,32.7013580692,32.9093297172,33.1344283846,33.3769367434,33.6371014869,33.9151142501,34.2110890328,34.5250378455
1390,31.4411613496,31.4484667654,31.4703956688,31.5069861312,31.5583019533,31.6244331951,31.7054969043,31.8016379653,31.9130298913,32.0398752452,32.1824052262,32.3408778349,32.5155739823,32.7067909987,32.9148332462,33.1399999245,33.3825704779,33.6427878810,33.9208393690,34.2168341918,34.5307809458
1391,31.4460958418,31.4534041072,31.4753415804,31.5119463963,31.5632824629,31.6294399881,31.7105361933,31.8067161294,31.9181534099,32.0450505443,32.1876384129,32.3461743095,32.5209379430,32.7122248823,32.9203371742,33.1455712156,33.3882032090,33.6484723772,33.9265616104,34.2225757003,34.5365202517
1392,31.4510322590,31.4583433788,31.4802894361,31.5169086296,31.5682649742,31.6344488225,31.7155775635,31.8117964033,31.9232790386,32.0502279034,32.1928735345,32.3514724967,32.5263032821,32.7176596957,32.9258414785,33.1511422318,33.3938349044,33.6541549518,33.9322810007,34.2283136603,34.5422558975
1393,31.4559706046,31.4632845834,31.4852392391,31.5218728344,31.5732494896,31.6394596997,31.7206210141,31.8168787826,31.9284067683,32.0554073080,32.1981105716,32.3567723734,32.5316699748,32.7230954147,32.9313461352,33.1567129469,33.3994655344,33.6598355883,33.9379975716,34.2340481673,34.5479880042
1394,31.4609108817,31.4682277244,31.4901909929,31.5268390136,31.5782360117,31.6444726206,31.7256665437,31.8219632626,31.9335365897,32.0605887439,32.2033495051,32.3620739168,32.5370379966,32.7285320150,32.9368511202,33.1622833341,33.4050950721,33.6655142766,33.9437113575,34.2397793103,34.5537166813
1395,31.4658530935,31.4731728048,31.4951447005,31.5318071703,31.5832245428,31.6494875863,31.7307141509,31.8270498382,31.9386684934,32.0657721967,32.2085903158,32.3673771043,32.5424073234,32.7339694723,32.9423564087,33.1678533672,33.4107234935,33.6711910114,33.9494223953,34.2455071733,34.5594420296
1396,31.4707972433,31.4781198280,31.5001003651,31.5367773074,31.5882150850,31.6545045975,31.7357638339,31.8321385042,31.9438024699,32.0709576519,32.2138329849,32.3726819135,32.5477779313,32.7394077624,32.9478619759,33.1734230206,33.4163507775,33.6768657918,33.9551307230,34.2512318352,34.5651641418
1397,31.4757433342,31.4830687972,31.5050579899,31.5417494276,31.5932076403,31.6595236544,31.7408155907,31.8372292552,31.9489385092,32.0761450951,32.2190774935,32.3779883226,32.5531497965,32.7448468608,32.9533677969,33.1789922696,33.4219769058,33.6825386204,33.9608363795,34.2569533707,34.5708831040
1398,31.4806913696,31.4880197155,31.5100175779,31.5467235336,31.5982022105,31.6645447575,31.7458694190,31.8423220854,31.9540766016,32.0813345118,32.2243238230,32.3832963097,32.5585228956,32.7502867432,32.9588738468,33.1845610905,33.4276018626,33.6882095025,33.9665394038,34.2626718504,34.5765989967
1399,31.4856413526,31.4929725861,31.5149791321,31.5516996279,31.6031987972,31.6695679066,31.7509253163,31.8474169888,31.9592167367,32.0865258874,32.2295719547,32.3886058532,32.5638972051,32.7557273854,32.9643801012,33.1901294608,33.4332256347,33.6938784459,33.9722398350,34.2683873417,34.5823118952
1400,31.4905932864,31.4979274121,31.5199426554,31.5566777131,31.6081974019,31.6745931015,31.7559832798,31.8525139594,31.9643589046,32.0917192075,32.2348218703,32.3939169316,32.5692727016,32.7611687632,32.9698865360,33.1956973595,33.4388482108,33.6995454605,33.9779377118,34.2740999085,34.5880218706
1401,31.4955471741,31.5028841967,31.5249081506,31.5616577913,31.6131980258,31.6796203419,31.7610433065,31.8576129907,31.9695030947,32.0969144574,32.2400735514,32.3992295237,32.5746493622,32.7666108524,32.9753931274,33.2012647666,33.4444695818,33.7052105576,33.9836330727,34.2798096119,34.5937289901
1402,31.5005030188,31.5078429428,31.5298756206,31.5666398649,31.6182006701,31.6846496270,31.7661053933,31.8627140762,31.9746492966,32.1021116226,32.2453269796,32.4045436083,32.5800271638,32.7720536294,32.9808998526,33.2068316633,33.4500897404,33.7108737499,33.9893259555,34.2855165103,34.5994333171
1403,31.5054608235,31.5128036534,31.5348450679,31.5716239357,31.6232053357,31.6896809559,31.7711695367,31.8678172091,31.9797974997,32.1073106887,32.2505821369,32.4098591645,32.5854060835,32.7774970706,32.9864066890,33.2123980324,33.4557086808,33.7165350512,33.9950163976,34.2912206597,34.6051349122
1404,31.5104205913,31.5177663313,31.5398164953,31.5766100059,31.6282120234,31.6947143277,31.7762357330,31.8729223825,31.9849476933,32.1125116408,32.2558390052,32.4151761714,32.5907860988,32.7829411527,32.9919136150,33.2179638576,33.4613263988,33.7221944762,34.0007044358,34.2969221135,34.6108338328
1405,31.5153823251,31.5227309795,31.5447899051,31.5815980770,31.6332207336,31.6997497410,31.7813039785,31.8780295894,31.9900998666,32.1177144646,32.2610975663,32.4204946081,32.5961671871,32.7883858528,32.9974206096,33.2235291240,33.4669428916,33.7278520404,34.0063901060,34.3026209235,34.6165301340
1406,31.5203460277,31.5276976006,31.5497652997,31.5865881508,31.6382314669,31.7047871944,31.7863742690,31.8831388224,31.9952540088,32.1229191454,32.2663578024,32.4258144542,32.6015493262,32.7938311486,33.0029276525,33.2290938177,33.4725581575,33.7335077597,34.0120734435,34.3083171392,34.6222238684
1407,31.5253117019,31.5326661974,31.5547426814,31.5915802288,31.6432442235,31.7098266863,31.7914466004,31.8882500742,32.0004101088,32.1281256686,32.2716196956,32.4311356892,32.6069324940,32.7992770179,33.0084347243,33.2346579259,33.4781721958,33.7391616507,34.0177544831,34.3140108084,34.6279150864
1408,31.5302793504,31.5376367723,31.5597220523,31.5965743124,31.6482590034,31.7148682147,31.7965209683,31.8933633373,32.0055681557,32.1333340195,32.2768832281,32.4364582927,32.6123166687,32.8047234392,33.0139418062,33.2402214369,33.4837850071,33.7448137302,34.0234332586,34.3197019771,34.6336038363
1409,31.5352489758,31.5426093279,31.5647034146,31.6015704027,31.6532758066,31.7199117777,31.8015973680,31.8984786039,32.0107281381,32.1385441837,32.2821483820,32.4417822445,32.6177018290,32.8101703913,33.0194488802,33.2457843399,33.4893965925,33.7504640152,34.0291098034,34.3253906898,34.6392901647
1410,31.5402205806,31.5475838666,31.5696867701,31.6065685008,31.6582946327,31.7249573730,31.8066757949,31.9035958662,32.0158900451,32.1437561463,32.2874151398,32.4471075247,32.6230879534,32.8156178536,33.0249559291,33.2513466250,33.4950069541,33.7561125232,34.0347841498,34.3310769895,34.6449741163
1411,31.5451941673,31.5525603906,31.5746721206,31.6115686077,31.6633154813,31.7300049983,31.8117562439,31.9087151162,32.0210538651,32.1489698930,32.2926834838,32.4524341133,32.6284750211,32.8210658059,33.0304629363,33.2569082834,33.5006160947,33.7617592714,34.0404563299,34.3367609178,34.6506557344
1412,31.5501697382,31.5575389020,31.5796594678,31.6165707242,31.6683383518,31.7350546510,31.8168387100,31.9138363459,32.0262195869,32.1541854089,32.2979533965,32.4577619907,32.6338630115,32.8265142286,33.0359698862,33.2624693067,33.5062240177,33.7674042777,34.0461263747,34.3424425149,34.6563350604
1413,31.5551472956,31.5625194031,31.5846488132,31.6215748508,31.6733632435,31.7401063283,31.8219231880,31.9189595471,32.0313871991,32.1594026795,32.3032248605,32.4630911373,32.6392519042,32.8319631027,33.0414767637,33.2680296877,33.5118307270,33.7730475594,34.0517943148,34.3481218198,34.6620121348
1414,31.5601268414,31.5675018956,31.5896401583,31.6265809881,31.6783901553,31.7451600274,31.8270096724,31.9240847113,32.0365566902,32.1646216902,32.3084978584,32.4684215339,32.6446416794,32.8374124094,33.0469835543,33.2735894197,33.5174362271,33.7786891343,34.0574601801,34.3537988704,34.6676869963
1415,31.5651083777,31.5724863814,31.5946335044,31.6315891364,31.6834190862,31.7502157451,31.8320981577,31.9292118303,32.0417280485,32.1698424263,32.3137723729,32.4737531614,32.6500323173,32.8428621308,33.0524902444,33.2791484967,33.5230405231,33.7843290199,34.0631239997,34.3594737033,34.6733596827
1416,31.5700919064,31.5774728623,31.5996288526,31.6365992959,31.6884500350,31.7552734783,31.8371886382,31.9343408953,32.0469012626,32.1750648733,32.3190483869,32.4790860008,32.6554237988,32.8483122492,33.0579968208,33.2847069133,33.5286436203,33.7899672338,34.0687858024,34.3651463542,34.6790302304
1417,31.5750774293,31.5824613398,31.6046262040,31.6416114666,31.6934830001,31.7603332235,31.8422811081,31.9394718979,32.0520763206,32.1802890166,32.3243258833,32.4844200335,32.6608161049,32.8537627476,33.0635032711,33.2902646650,33.5342455243,33.7956037935,34.0744456161,34.3708168577,34.6846986748
1418,31.5800649480,31.5874518153,31.6096255593,31.6466256484,31.6985179800,31.7653949773,31.8473755614,31.9446048291,32.0572532110,32.1855148417,32.3296048452,32.4897552409,32.6662092171,32.8592136095,33.0690095836,33.2958217474,33.5398462414,33.8012387163,34.0801034683,34.3764852474,34.6903650501
1419,31.5850544640,31.5924442902,31.6146269195,31.6516418411,31.7035549730,31.7704587358,31.8524719920,31.9497396802,32.0624319220,32.1907423340,32.3348852557,32.4950916050,32.6716031172,32.8646648188,33.0745157468,33.3013781569,33.5454457778,33.8068720195,34.0857593859,34.3821515563,34.6960293898
1420,31.5900459787,31.5974387657,31.6196302850,31.6566600442,31.7085939772,31.7755244953,31.8575703936,31.9548764422,32.0676124418,32.1959714790,32.3401670981,32.5004291076,32.6769977873,32.8701163600,33.0800217501,33.3069338906,33.5510441401,33.8125037203,34.0914133952,34.3878158160,34.7016917261
1421,31.5950394933,31.6024352429,31.6246356564,31.6616802572,31.7136349906,31.7805922518,31.8626707599,31.9600151061,32.0727947586,32.2012022623,32.3454503559,32.5057677310,32.6823932102,32.8755682179,33.0855275833,33.3124889455,33.5566413353,33.8181338358,34.0970655219,34.3934780578,34.7073520905
1422,31.6000350091,31.6074337226,31.6296430339,31.6667024794,31.7186780109,31.7856620011,31.8677730844,31.9651556628,32.0779788604,32.2064346695,32.3507350126,32.5111074578,32.6877893685,32.8810203780,33.0910332367,33.3180433196,33.5622373705,33.8237623827,34.1027157913,34.3991383118,34.7130105137
1423,31.6050325269,31.6124342057,31.6346524178,31.6717267098,31.7237230357,31.7907337390,31.8728773604,31.9702981029,32.0831647355,32.2116686861,32.3560210519,32.5164482705,32.6931862458,32.8864728262,33.0965387012,33.3235970110,33.5678322528,33.8293893779,34.1083642282,34.4047966075,34.7186670253
1424,31.6100320476,31.6174366928,31.6396638081,31.6767529477,31.7287700627,31.7958074609,31.8779835814,31.9754424174,32.0883523719,32.2169042978,32.3613084575,32.5217901523,32.6985838255,32.8919255486,33.1020439682,33.3291500183,33.5734259897,33.8350148379,34.1140108568,34.4104529738,34.7243216545
1425,31.6150335720,31.6224411845,31.6446772048,31.6817811916,31.7338190892,31.8008831625,31.8830917404,31.9805885967,32.0935417577,32.2221414905,32.3665972136,32.5271330863,32.7039820917,32.8973785323,33.1075490292,33.3347023403,33.5790185888,33.8406387790,34.1196557009,34.4161074386,34.7299744294
1426,31.6200371006,31.6274476811,31.6496926074,31.6868114405,31.7388701123,31.8059608389,31.8882018305,31.9857366316,32.0987328810,32.2273802499,32.3718873041,32.5324770561,32.7093810288,32.9028317642,33.1130538766,33.3402539764,33.5846100578,33.8462612177,34.1252987839,34.4217600294,34.7356253776
1427,31.6250426338,31.6324561828,31.6547100158,31.6918436928,31.7439231292,31.8110404855,31.8933138447,31.9908865124,32.1039257298,32.2326205618,32.3771787135,32.5378220454,32.7147806215,32.9082852320,33.1185585030,33.3458049262,33.5902004045,33.8518821698,34.1309401285,34.4274107729,34.7412745259
1428,31.6300501721,31.6374666898,31.6597294293,31.6968779469,31.7489781369,31.8161220972,31.8984277758,31.9960382297,32.1091202921,32.2378624122,32.3824714260,32.5431680382,32.7201808548,32.9137389237,33.1240629014,33.3513551895,33.5957896367,33.8575016514,34.1365797572,34.4330596952,34.7469219006
1429,31.6350597155,31.6424792020,31.6647508472,31.7019142012,31.7540351320,31.8212056689,31.9035436165,32.0011917738,32.1143165561,32.2431057870,32.3877654264,32.5485150187,32.7255817142,32.9191928278,33.1295670652,33.3569047665,33.6013777625,33.8631196782,34.1422176921,34.4387068219,34.7525675273
1430,31.6400712641,31.6474937192,31.6697742689,31.7069524538,31.7590941113,31.8262911956,31.9086613596,32.0063471351,32.1195145097,32.2483506724,32.3930606994,32.5538629715,32.7309831855,32.9246469330,33.1350709881,33.3624536576,33.6069647900,33.8687362656,34.1478539546,34.4443521779,34.7582114308
1431,31.6450848178,31.6525102412,31.6747996932,31.7119927026,31.7641550713,31.8313786718,31.9137809975,32.0115043039,32.1247141410,32.2535970545,32.3983572300,32.5592118814,32.7363852547,32.9301012286,33.1405746644,33.3680018635,33.6125507271,33.8743514291,34.1534885659,34.4499957877,34.7638536356
1432,31.6501003762,31.6575287673,31.6798271191,31.7170349455,31.7692180084,31.8364680922,31.9189025228,32.0166632704,32.1299154381,32.2588449196,32.4036550031,32.5645617334,32.7417879083,32.9355557040,33.1460780884,33.3735493851,33.6181355821,33.8799651838,34.1591215469,34.4556376751,34.7694941655
1433,31.6551179390,31.6625492971,31.6848565454,31.7220791802,31.7742829188,31.8415594512,31.9240259279,32.0218240248,32.1351183891,32.2640942540,32.4089540042,32.5699125128,32.7471911330,32.9410103493,33.1515812550,33.3790962234,33.6237193631,33.8855775447,34.1647529180,34.4612778634,34.7751330438
1434,31.6601375057,31.6675718297,31.6898879706,31.7271254043,31.7793497987,31.8466527432,31.9291512051,32.0269865572,32.1403229821,32.2693450440,32.4142542186,32.5752642052,32.7525949158,32.9464651545,33.1570841592,33.3846423799,33.6293020785,33.8911885267,34.1703826991,34.4669163756,34.7807702933
1435,31.6651590756,31.6725963644,31.6949213933,31.7321736152,31.7844186441,31.8517479624,31.9342783466,32.0321508579,32.1455292052,32.2745972763,32.4195556320,32.5806167962,32.7579992442,32.9519201104,33.1625867965,33.3901878560,33.6348837363,33.8967981445,34.1760109099,34.4725532340,34.7864059363
1436,31.6701826478,31.6776228999,31.6999568118,31.7372238102,31.7894894510,31.8568451029,31.9394073446,32.0373169169,32.1507370466,32.2798509374,32.4248582302,32.5859702721,32.7634041059,32.9573752078,33.1680891626,33.3957326534,33.6404643449,33.9024064124,34.1816375697,34.4781884604,34.7920399945
1437,31.6752082213,31.6826514352,31.7049942243,31.7422759866,31.7945622149,31.8619441589,31.9445381911,32.0424847242,32.1559464945,32.2851060141,32.4301619991,32.5913246191,32.7688094888,32.9628304379,33.1735912534,33.4012767739,33.6460439126,33.9080133448,34.1872626976,34.4838220765,34.7976724892
1438,31.6802357952,31.6876819690,31.7100336288,31.7473301413,31.7996369317,31.8670451242,31.9496708783,32.0476542699,32.1611575370,32.2903624931,32.4354669249,32.5966798236,32.7742153812,32.9682857923,33.1790930650,33.4068202196,33.6516224475,33.9136189557,34.1928863121,34.4894541031,34.8033034415
1439,31.6852653680,31.6927144997,31.7150750233,31.7523862712,31.8047135968,31.8721479927,31.9548053980,32.0528255441,32.1663701624,32.2956203615,32.4407729939,32.6020358726,32.7796217717,32.9737412628,33.1845945940,33.4123629926,33.6571999580,33.9192232593,34.1985084315,34.4950845610,34.8089328716
1440,31.6902969385,31.6977490258,31.7201184055,31.7574443731,31.8097922057,31.8772527582,31.9599417421,32.0579985367,32.1715843591,32.3008796061,32.4460801926,32.6073927531,32.7850286491,32.9791968415,33.1900958372,33.4179050952,33.6627764524,33.9248262691,34.2041290739,34.5007134703,34.8145607997
1441,31.6953305051,31.7027855456,31.7251637732,31.7625044437,31.8148727535,31.8823594142,31.9650799025,32.0631732377,32.1768001154,32.3061402142,32.4513885077,32.6127504522,32.7904360026,32.9846525208,33.1955967913,33.4234465299,33.6683519387,33.9304279988,34.2097482537,34.5063396747,34.8201179478
1442,31.7003660661,31.7078240571,31.7302111238,31.7675664795,31.8199552356,31.8874679544,31.9702198710,32.0683496372,32.1820174196,32.3114021730,32.4566979260,32.6181089576,32.7958438216,32.9901082933,33.2010974535,33.4289872990,33.6739264254,33.9360284588,34.2153656592,34.5119534646,34.8256172247
1443,31.7054036197,31.7128645584,31.7352604547,31.7726304769,31.8250396469,31.8925783722,31.9753616392,32.0735277251,32.1872362602,32.3166654699,32.4620084347,32.6234682568,32.8012520958,32.9955641520,33.2065978213,33.4345274054,33.6794999192,33.9416275875,34.2209796093,34.5175483197,34.8310788829
1444,31.7104431639,31.7179070474,31.7403117631,31.7776964322,31.8301259826,31.8976906610,31.9805051990,32.0787074913,32.1924566257,32.3219300923,32.4673200208,32.6288283380,32.8066608150,33.0010200899,33.2120978922,33.4400668514,33.6850724123,33.9472250679,34.2265878430,34.5231233116,34.8365101659
1445,31.7154846968,31.7229515216,31.7453650463,31.7827643415,31.8352142373,31.9028048142,31.9856505418,32.0838889259,32.1976785046,32.3271960278,32.4726326718,32.6341891893,32.8120699694,33.0064761006,33.2175976638,33.4456056363,33.6906438447,33.9528203095,34.2321885775,34.5286788907,34.8419152636
1446,31.7205282161,31.7279979788,31.7504203011,31.7878342008,31.8403044059,31.9079208250,31.9907976593,32.0890720188,32.2029018855,32.3324632641,32.4779463753,32.6395507990,32.8174795495,33.0119321777,33.2230971333,33.4511437486,33.6962140763,33.9584125998,34.2377806011,34.5342158265,34.8472970064
1447,31.7255737193,31.7330464164,31.7554775245,31.7929060062,31.8453964831,31.9130386866,31.9959465431,32.0942567600,32.2081267571,32.3377317891,32.4832611189,32.6449131559,32.8228895459,33.0173883148,33.2285962957,33.4566811560,33.7017828900,33.9640012291,34.2433631287,34.5397349306,34.8526574752
1448,31.7306212042,31.7380968317,31.7605367132,31.7979797533,31.8504904633,31.9181583919,32.0010971846,32.0994431394,32.2133531081,32.3430015906,32.4885768906,32.6502762487,32.8282999495,33.0228445053,33.2340951409,33.4622177986,33.7073500132,33.9695855528,34.2489356665,34.5452369749,34.8579982846
1449,31.7356706679,31.7431492218,31.7655978637,31.8030554379,31.8555863412,31.9232799342,32.0062495754,32.1046311471,32.2185809272,32.3482726568,32.4938936784,32.6556400666,32.8337107513,33.0283007417,33.2395936508,33.4677535882,33.7129151434,33.9751650123,34.2544979174,34.5507226707,34.8633207357
1450,31.7407221078,31.7482035839,31.7706609727,31.8081330556,31.8606841109,31.9284033063,32.0114037068,32.1098207731,32.2238102033,32.3535449758,32.4992114707,32.6610045986,32.8391219420,33.0337570142,33.2450917967,33.4732884104,33.7184779680,33.9807391358,34.2600497174,34.5561926661,34.8686259067
1451,31.7457755211,31.7532599149,31.7757260365,31.8132126018,31.8657837669,31.9335285010,32.0165595703,32.1150120074,32.2290409253,32.3588185358,32.5045302557,32.6663698343,32.8445335124,33.0392133097,33.2505895381,33.4788221305,33.7240381792,33.9863075309,34.2655909936,34.5616475503,34.8739147106
1452,31.7508309046,31.7583182115,31.7807930513,31.8182940719,31.8708853033,31.9386555113,32.0217171573,32.1202048400,32.2342730822,32.3640933254,32.5098500221,32.6717357629,32.8499454520,33.0446696113,33.2560868226,33.4843545992,33.7295954822,33.9918698743,34.2711217359,34.5670878598,34.8791879338
1453,31.7558882553,31.7633784706,31.7858620133,31.8233774612,31.8759887142,31.9437843299,32.0268764591,32.1253992610,32.2395066629,32.3693693330,32.5151707585,32.6771023739,32.8553577493,33.0501258965,33.2615835867,33.4898856572,33.7351496011,33.9974259020,34.2766419782,34.5725140847,34.8844462632
1454,31.7609475699,31.7684406885,31.7909329184,31.8284627648,31.8810939937,31.9489149496,32.0320374671,32.1305952604,32.2447416567,32.3746465472,32.5204924537,32.6824696562,32.8607703910,33.0555821377,33.2670797569,33.4954151407,33.7407002809,34.0029753997,34.2821517845,34.5779266739,34.8896903057
1455,31.7660088451,31.7735048619,31.7960057627,31.8335499777,31.8862011357,31.9540473629,32.0372001726,32.1357928284,32.2499780527,32.3799249569,32.5258150965,32.6878375985,32.8661833617,33.0610383015,33.2725752512,33.5009428847,33.7462472886,34.0085181949,34.2876512404,34.5833260408,34.8949206030
1456,31.7710720772,31.7785709869,31.8010805418,31.8386390950,31.8913101340,31.9591815624,32.0423645669,32.1409919551,32.2552158400,32.3852045507,32.5311386756,32.6932061886,32.8715966433,33.0664943490,33.2780699811,33.5064687259,33.7517904128,34.0140541500,34.2931404460,34.5887125668,34.9001376424
1457,31.7761372628,31.7836390599,31.8061572515,31.8437301114,31.8964209824,31.9643175408,32.0475306413,32.1461926306,32.2604550081,32.3904853176,32.5364631797,32.6985754136,32.8770102153,33.0719502358,33.2835638533,33.5119925046,33.7573294628,34.0195831568,34.2986195112,34.5940866055,34.9053418656
1458,31.7812043981,31.7887090768,31.8112358874,31.8488230218,31.9015336747,31.9694552905,32.0526983870,32.1513948451,32.2656955463,32.3957672465,32.5417885971,32.7039452594,32.8824240541,33.0774059130,33.2890567706,33.5175140666,33.7628642673,34.0251051313,34.3040885524,34.5994484858,34.9105336756
1459,31.7862734792,31.7937810336,31.8163164448,31.8539178208,31.9066482044,31.9745948039,32.0578677954,32.1565985888,32.2709374440,32.4010503262,32.5471149158,32.7093157106,32.8878381330,33.0828613272,33.2945486338,33.5230332640,33.7683946729,34.0306200101,34.3095476902,34.6047985143,34.9157134418
1460,31.7913445021,31.7988549263,31.8213989193,31.8590145030,31.9117645651,31.9797360736,32.0630388577,32.1618038519,32.2761806906,32.4063345456,32.5524421234,32.7146867505,32.8932524228,33.0883164216,33.3000393426,33.5285499560,33.7739205429,34.0361277472,34.3149970471,34.6101369781,34.9208815050
1461,31.7964174627,31.8039307505,31.8264833059,31.8641130628,31.9168827504,31.9848790919,32.0682115650,32.1670106247,32.2814252755,32.4116198933,32.5577702069,32.7200583607,32.8986668912,33.0937711359,33.3055287967,33.5340640088,33.7794417556,34.0416283107,34.3204367467,34.6154641465,34.9260381803
1462,31.8014923569,31.8090085019,31.8315696000,31.8692134947,31.9220027537,31.9900238510,32.0733859088,32.1722188974,32.2866711883,32.4169063577,32.5630991526,32.7254305213,32.9040815033,33.0992254075,33.3110168964,33.5395752965,33.7849582029,34.0471216814,34.3258669123,34.6207802726,34.9311837609
1463,31.8065691804,31.8140881760,31.8366577965,31.8743157930,31.9271245682,31.9951703434,32.0785618801,32.1774286602,32.2919184182,32.4221939273,32.5684289460,32.7308032107,32.9094962219,33.1046791718,33.3165035437,33.5450837003,33.7904697894,34.0526078501,34.3312876663,34.6260855953,34.9363185202
1464,31.8116479286,31.8191697683,31.8417478904,31.8794199519,31.9322481874,32.0003185612,32.0837394703,32.1826399035,32.2971669547,32.4274825899,32.5737595718,32.7361764059,32.9149110072,33.1101323628,33.3219886420,33.5505891091,33.7959764309,34.0580868163,34.3366991298,34.6313803403,34.9414427141
1465,31.8167285972,31.8242532740,31.8468398766,31.8845259656,31.9373736044,32.0054684967,32.0889186704,32.1878526175,32.3024167869,32.4327723331,32.5790910140,32.7415500819,32.9203258179,33.1155849134,33.3274720975,33.5560914187,33.8014780532,34.0635585870,34.3421014221,34.6366647212,34.9465565826
1466,31.8218111814,31.8293386884,31.8519337498,31.8896338281,31.9425008125,32.0106201420,32.0940994717,32.1930667923,32.3076679040,32.4380631441,32.5844232555,32.7469242125,32.9257406105,33.1210367559,33.3329538187,33.5615905318,33.8069745914,34.0690231755,34.3474946604,34.6419389409,34.9516603519
1467,31.8268956765,31.8344260065,31.8570295048,31.8947435335,31.9476298048,32.0157734894,32.0992818654,32.1982824182,32.3129202948,32.4433550098,32.5897562782,32.7522987697,32.9311553401,33.1264878225,33.3384337171,33.5670863579,33.8124659891,34.0744806002,34.3528789597,34.6472031921,34.9567542351
1468,31.8319820778,31.8395152235,31.8621271361,31.8998550756,31.9527605743,32.0209285310,32.1044658425,32.2034994851,32.3181739482,32.4486479162,32.5950900630,32.7576737243,32.9365699607,33.1319380454,33.3439117071,33.5725788125,33.8179521970,34.0799308841,34.3582544327,34.6524576583,34.9618384340
1469,31.8370703802,31.8446063342,31.8672266382,31.9049684483,31.9578931140,32.0260852587,32.1096513943,32.2087179832,32.3234288525,32.4539418491,32.6004245901,32.7630490457,32.9419844249,33.1373873571,33.3493877062,33.5780678172,33.8234331728,34.0853740540,34.3636211897,34.6577025145,34.9669131396
1470,31.8421605787,31.8496993335,31.8723280055,31.9100836454,31.9630274170,32.0312436648,32.1148385116,32.2139379023,32.3286849961,32.4592367936,32.6057598385,32.7684247020,32.9473986847,33.1428356911,33.3548616351,33.5835532994,33.8289088805,34.0908101397,34.3689793384,34.6629379278,34.9719785335
1471,31.8472526682,31.8547942161,31.8774312324,31.9152006605,31.9681634760,32.0364037410,32.1200271855,32.2191592323,32.3339423669,32.4645327344,32.6110957862,32.7738006604,32.9528126914,33.1482829812,33.3603334178,33.5890351914,33.8343792893,34.0962391740,34.3743289840,34.6681640582,34.9770347882
1472,31.8523466436,31.8598909766,31.8825363131,31.9203194874,31.9733012841,32.0415654795,32.1252174070,32.2243819627,32.3392009525,32.4698296552,32.6164324104,32.7791768869,32.9582263957,33.1537291627,33.3658029813,33.5945134308,33.8398443735,34.1016611918,34.3796702296,34.6733810587,34.9820820684
1473,31.8574424994,31.8649896097,31.8876432419,31.9254401196,31.9784408339,32.0467288720,32.1304091668,32.2296060830,32.3444607401,32.4751275394,32.6217696874,32.7845533466,32.9636397482,33.1591741717,33.3712702557,33.5999879600,33.8453041121,34.1070762297,34.3850031755,34.6785890762,34.9871205309
1474,31.8625402303,31.8700901097,31.8927520127,31.9305625506,31.9835821181,32.0518939104,32.1356024558,32.2348315825,32.3497217168,32.4804263698,32.6271075927,32.7899300038,32.9690526992,33.1646179458,33.3767351743,33.6054587255,33.8507584879,34.1124843262,34.3903279197,34.6837882517,34.9921503260
1475,31.8676398307,31.8751924710,31.8978626196,31.9356867737,31.9887251296,32.0570605866,32.1407972645,32.2400584504,32.3549838690,32.4857261284,32.6324461008,32.7953068224,32.9744651991,33.1700604237,33.3821976735,33.6109256782,33.8562074877,34.1178855210,34.3956445579,34.6889787206,34.9971715971
1476,31.8727412952,31.8802966881,31.9029750566,31.9408127825,31.9938698608,32.0622288921,32.1459935836,32.2452866755,32.3602471830,32.4910267967,32.6377851858,32.8006837653,32.9798771984,33.1755015457,33.3876576925,33.6163887727,33.8616511015,34.1232798546,34.4009531835,34.6941606133,35.0021844822
1477,31.8778446181,31.8854027550,31.9080893175,31.9459405701,31.9990163044,32.0673988187,32.1511914034,32.2505162464,32.3655116443,32.4963283555,32.6431248207,32.8060607951,32.9852886477,33.1809412535,33.3931151735,33.6218479675,33.8670893223,34.1286673688,34.4062538878,34.6993340554,35.0071891132
1478,31.8829497936,31.8905106660,31.9132053961,31.9510701299,32.0041644528,32.0725703578,32.1563907143,32.2557471515,32.3707772384,32.5016307851,32.6484649782,32.8114378742,32.9906994983,33.1863794905,33.3985700612,33.6273032242,33.8725221460,34.1340481057,34.4115467596,34.7044991679,35.0121856171
1479,31.8880568159,31.8956204150,31.9183232861,31.9562014549,32.0093142984,32.0777435009,32.1615915063,32.2609793790,32.3760439501,32.5069340653,32.6538056302,32.8168149644,32.9961097015,33.1918162014,33.4040223032,33.6327545077,33.8779495709,34.1394221081,34.4168318859,34.7096560676,35.0171741160
1480,31.8931656792,31.9007319961,31.9234429811,31.9613345383,32.0144658337,32.0829182394,32.1667937695,32.2662129167,32.3813117640,32.5122381750,32.6591467481,32.8221920273,33.0015192094,33.1972513326,33.4094718499,33.6382017862,33.8833715976,34.1447894191,34.4221093515,34.7148048674,35.0221547275
1481,31.8982763773,31.9058454032,31.9285644748,31.9664693731,32.0196190508,32.0880945645,32.1719974936,32.2714477523,32.3865806641,32.5175430931,32.6644883028,32.8275690246,33.0069279745,33.2026848321,33.4149186536,33.6436450301,33.8887882289,34.1501500822,34.4273792393,34.7199456761,35.0271275649
1482,31.9033889043,31.9109606301,31.9336877606,31.9716059523,32.0247739419,32.0932724674,32.1772026682,32.2766838729,32.3918506341,32.5228487976,32.6698302649,32.8329459178,33.0123359502,33.2081166494,33.4203626696,33.6490842130,33.8941994692,34.1555041409,34.4326416301,34.7250785994,35.0320927375
1483,31.9085032541,31.9160776706,31.9388128320,31.9767442686,32.0299304992,32.0984519390,32.1824092829,32.2819212657,32.3971216571,32.5281552662,32.6751726044,32.8383226683,33.0177430902,33.2135467357,33.4258038552,33.6545193106,33.8996053247,34.1608516390,34.4378966030,34.7302037392,35.0370503507
1484,31.9136194204,31.9211965183,31.9439396823,31.9818843150,32.0350887146,32.1036329702,32.1876173267,32.2871599173,32.4023937160,32.5334624760,32.6805152912,32.8436992376,33.0231493493,33.2189750434,33.4312421699,33.6599503010,33.9050058034,34.1661926201,34.4431442354,34.7353211946,35.0420005067
1485,31.9187373970,31.9263171669,31.9490683047,31.9870260842,32.0402485801,32.1088155519,32.1928267888,32.2923998140,32.4076667932,32.5387704039,32.6858582949,32.8490755875,33.0285546829,33.2244015269,33.4366775754,33.6653771645,33.9104009142,34.1715271280,34.4483846026,34.7404310613,35.0469433039
1486,31.9238571774,31.9314396099,31.9541986926,31.9921695687,32.0454100874,32.1139996745,32.1980376579,32.2976409421,32.4129408709,32.5440790262,32.6912015846,32.8544516796,33.0339590470,33.2298261418,33.4421100354,33.6707998833,33.9157906678,34.1768552060,34.4536177784,34.7455334324,35.0518788379
1487,31.9289787554,31.9365638407,31.9593308389,31.9973147612,32.0505732283,32.1191853286,32.2032499226,32.3028832873,32.4182159305,32.5493883189,32.6965451296,32.8598274761,33.0393623989,33.2352488453,33.4475395156,33.6762184416,33.9211750757,34.1821768976,34.4588438351,34.7506283982,35.0568072012
1488,31.9341021243,31.9416898528,31.9644647368,32.0024616540,32.0557379944,32.1243725044,32.2084635713,32.3081268350,32.4234919536,32.5546982577,32.7018888987,32.8652029393,33.0447646962,33.2406695961,33.4529659834,33.6816328253,33.9265541504,34.1874922460,34.4640628433,34.7557160462,35.0617284832
1489,31.9392272776,31.9468176394,31.9696003792,32.0076102397,32.0609043771,32.1295611921,32.2136785922,32.3133715704,32.4287689209,32.5600088181,32.7072328608,32.8705780317,33.0501658978,33.2460883542,33.4583894081,33.6870430219,33.9319279058,34.1928012941,34.4692748719,34.7607964619,35.0666427710
1490,31.9443542086,31.9519471938,31.9747377591,32.0127605104,32.0660723679,32.1347513817,32.2188949731,32.3186174785,32.4340468132,32.5653199752,32.7125769847,32.8759527161,33.0555659632,33.2515050810,33.4638097607,33.6924490207,33.9372963560,34.1981040845,34.4744799886,34.7658697278,35.0715501488
1491,31.9494829106,31.9570785091,31.9798768691,32.0179124584,32.0712419578,32.1399430629,32.2241127017,32.3238645438,32.4393256108,32.5706317037,32.7179212392,32.8813269560,33.0609648529,33.2569197394,33.4692270139,33.6978508122,33.9426595165,34.2034006597,34.4796782595,34.7709359248,35.0764506987
1492,31.9546133768,31.9622115784,31.9850177021,32.0230660758,32.0764131381,32.1451362253,32.2293317654,32.3291127505,32.4446052937,32.5759439784,32.7232655930,32.8867007150,33.0663625280,33.2623322935,33.4746411417,33.7032483883,33.9480174030,34.2086910617,34.4848697493,34.7759951311,35.0813445001
1493,31.9597456003,31.9673463948,31.9901602506,32.0282213544,32.0815858996,32.1503308585,32.2345521515,32.3343620828,32.4498858415,32.5812567736,32.7286100150,32.8920739570,33.0717589510,33.2677427088,33.4800521197,33.7086417422,33.9533700322,34.2139753321,34.4900545214,34.7810474233,35.0862316305
1494,31.9648795741,31.9724829510,31.9953045073,32.0333782863,32.0867602332,32.1555269516,32.2397738469,32.3396125244,32.4551672338,32.5865700638,32.7339544740,32.8974466466,33.0771540848,33.2731509519,33.4854599251,33.7140308684,33.9587174211,34.2192535124,34.4952326380,34.7860928757,35.0911121651
1495,31.9700152912,31.9776212399,32.0004504644,32.0385368631,32.0919361297,32.1607244937,32.2449968383,32.3448640586,32.4604494498,32.5918838230,32.7392989390,32.9028187488,33.0825478933,33.2785569908,33.4908645362,33.7194157625,33.9640595874,34.2245256435,34.5004041598,34.7911315608,35.0959861773
1496,31.9751527445,31.9827612544,32.0055981145,32.0436970764,32.0971135794,32.1659234737,32.2502211123,32.3501166688,32.4657324684,32.5971980253,32.7446433790,32.9081902290,33.0879403414,33.2839607947,33.4962659328,33.7247964209,33.9693965491,34.2297917660,34.5055691464,34.7961635495,35.1008537382
1497,31.9802919266,31.9879029869,32.0107474497,32.0488589179,32.1022925729,32.1711238803,32.2554466550,32.3553703379,32.4710162685,32.6025126446,32.7499877633,32.9135610531,33.0933313947,33.2893623337,33.5016640957,33.7301728413,33.9747283248,34.2350519202,34.5107276563,34.8011889107,35.1057149175
1498,31.9854328304,31.9930464302,32.0158984621,32.0540223789,32.1074731003,32.1763257020,32.2606734526,32.3606250486,32.4763008285,32.6078276548,32.7553320613,32.9189311874,33.0987210197,33.2947615793,33.5070590070,33.7355450222,33.9800549332,34.2403061459,34.5158797467,34.8062077118,35.1105697829
1499,31.9905754484,31.9981915766,32.0210511439,32.0591874507,32.1126551516,32.1815289271,32.2659014908,32.3658807834,32.4815861268,32.6131430297,32.7606762425,32.9243005989,33.1041091838,33.3001585039,33.5124506501,33.7409129630,33.9853763936,34.2455544824,34.5210254739,34.8112200185,35.1154184004
1500,31.9957197732,32.0033384185,32.0262054870,32.0643541244,32.1178387169,32.1867335437,32.2711307553,32.3711375245,32.4868721418,32.6184587431,32.7660202768,32.9296692549,33.1094958552,33.3055530811,33.5178390091,33.7462766639,33.9906927254,34.2507969689,34.5261648928,34.8162258952,35.1202608344
1501,32.0008657971,32.0084869482,32.0313614831,32.0695223910,32.1230237859,32.1919395397,32.2763612313,32.3763952541,32.4921588513,32.6237747687,32.7713641341,32.9350371235,33.1148810028,33.3109452854,33.5232240694,33.7516361259,33.9960039483,34.2560336438,34.5312980629,34.8212273788,35.1252134688
1502,32.0060135124,32.0136371579,32.0365191240,32.0746922415,32.1282103482,32.1971469028,32.2815929041,32.3816539539,32.4974462333,32.6290910804,32.7767077847,32.9404041730,33.1202645964,33.3163350923,33.5286058174,33.7569913505,34.0013100823,34.2612645506,34.5364255896,34.8262408615,35.1302547287
1503,32.0111629115,32.0187890396,32.0416784013,32.0798636666,32.1333983931,32.2023556205,32.2868257586,32.3869136057,32.5027342657,32.6344076520,32.7820511991,32.9457703724,33.1256466067,33.3217224783,33.5339842401,33.7623423403,34.0066111496,34.2664898526,34.5415503755,34.8312773801,35.1353507107
1504,32.0163139863,32.0239425853,32.0468393065,32.0850366568,32.1385879100,32.2075656803,32.2920597795,32.3921741908,32.5080229262,32.6397244572,32.7873943480,32.9511356912,33.1310270049,33.3271074209,33.5393593259,33.7676890988,34.0119071976,34.2717101414,34.5466762951,34.8363385829,35.1404893454
1505,32.0214667290,32.0290977869,32.0520018308,32.0902112027,32.1437788879,32.2127770692,32.2972949514,32.3974356907,32.5133121923,32.6450414702,32.7927372025,32.9565000995,33.1364057633,33.3324898983,33.5447310639,33.7730316354,34.0171983610,34.2769264665,34.5518064188,34.8414238023,35.1456636877
1506,32.0266211314,32.0342546360,32.0571659656,32.0953872945,32.1489713158,32.2179897742,32.3025312587,32.4026980864,32.5186020415,32.6503586647,32.7980797338,32.9618635678,33.1417828546,33.3378698899,33.5500994450,33.7783699787,34.0224849091,34.2821400822,34.5569428571,34.8465318328,35.1508690721
1507,32.0317771853,32.0394131244,32.0623317020,32.1005649224,32.1541651824,32.2232037821,32.3077686855,32.4079613589,32.5238924514,32.6556760150,32.8034219137,32.9672260672,33.1471582525,33.3432473758,33.5554644653,33.7837041926,34.0277672407,34.2873522370,34.5620870031,34.8516613971,35.1561020900
1508,32.0369348823,32.0445732434,32.0674990308,32.1057440765,32.1593604763,32.2284190795,32.3130072158,32.4132254891,32.5291833994,32.6609934952,32.8087637139,32.9725875693,33.1525319315,33.3486223381,33.5608261299,33.7890343879,34.0330458473,34.2925640695,34.5672397594,34.8568112822,35.1613601134
1509,32.0420942141,32.0497349845,32.0726679430,32.1109247466,32.1645571860,32.2336356527,32.3182468335,32.4184904578,32.5344748628,32.6663110796,32.8141051068,32.9779480464,33.1579038667,33.3539947616,33.5661844589,33.7943607239,34.0383212712,34.2977765732,34.5724016975,34.8619803757,35.1666410389
1510,32.0472551721,32.0548983390,32.0778384292,32.1161069224,32.1697552997,32.2388534881,32.3234875222,32.4237562454,32.5397668189,32.6716287426,32.8194460648,32.9833074710,33.1632740347,33.3593646360,33.5715394906,33.7996834038,34.0435940711,34.3029905956,34.5775731640,34.8671676695,35.1719431357
1511,32.0524177476,32.0600632980,32.0830104801,32.1212905936,32.1749548054,32.2440725718,32.3287292654,32.4290228326,32.5450592453,32.6769464587,32.8247865610,32.9886658167,33.1686424137,33.3647319571,33.5768912843,33.8050026657,34.0488647981,34.3082068499,34.5827543516,34.8723722529,35.1772649486
1512,32.0575819317,32.0652298524,32.0881840860,32.1264757495,32.1801556912,32.2492928895,32.3339720464,32.4342901998,32.5503521191,32.6822642027,32.8301265684,32.9940230574,33.1740089842,33.3700967290,33.5822399201,33.8103187732,34.0541339809,34.3134259326,34.5879453462,34.8775933022,35.1826052337
1513,32.0627477157,32.0703979933,32.0933592372,32.1316623795,32.1853579448,32.2545144270,32.3392158485,32.4395583271,32.5556454177,32.6875819494,32.8354660607,32.9993791685,33.1793737299,33.3754589655,33.5875854975,33.8156320061,34.0594021168,34.3186483404,34.5931461591,34.8828300702,35.1879629124
1514,32.0679150903,32.0755677112,32.0985359239,32.1368504725,32.1905615538,32.2597371699,32.3444606547,32.4448271949,32.5609391186,32.6928996738,32.8408050121,33.0047341262,33.1847366383,33.3808186903,33.5929281338,33.8209426528,34.0646696677,34.3238744857,34.5983567494,34.8880818771,35.1933370390
1515,32.0730840464,32.0807389969,32.1037141361,32.1420400177,32.1957665055,32.2649611037,32.3497064479,32.4500967834,32.5662331991,32.6982173513,32.8461433971,33.0100879085,33.1900977016,33.3861759376,33.5982679608,33.8262510041,34.0699370585,34.3291047102,34.6035770393,34.8933481020,35.1987267759
1516,32.0782545747,32.0859118407,32.1088938637,32.1472310037,32.2009727874,32.2701862135,32.3549532111,32.4553670725,32.5715276366,32.7035349572,32.8514811912,33.0154404955,33.1954569170,33.3915307519,33.6036051223,33.8315573484,34.0752046778,34.3343392961,34.6088069257,34.8986281758,35.2041313754
1517,32.0834266658,32.0910862331,32.1140750963,32.1524234193,32.2061803865,32.2754124845,32.3602009267,32.4606380424,32.5768224087,32.7088524674,32.8568183705,33.0207918694,33.2008142871,33.3968831874,33.6089397711,33.8368619679,34.0804728795,34.3395784764,34.6140462877,34.9039215752,35.2095501652
1518,32.0886003099,32.0962621642,32.1192578236,32.1576172530,32.2113892897,32.2806399017,32.3654495775,32.4659096730,32.5821174930,32.7141698580,32.8621549122,33.0261420151,33.2061698206,33.4022333073,33.6142720666,33.8421651363,34.0857419846,34.3448224420,34.6192949925,34.9092278171,35.2149825367
1519,32.0937754975,32.1014396242,32.1244420349,32.1628124931,32.2165994840,32.2858684499,32.3706991459,32.4711819443,32.5874128672,32.7194871056,32.8674907947,33.0314909204,33.2115235316,33.4075811827,33.6196021725,33.8474671169,34.0910122837,34.3500713491,34.6245528996,34.9145464542,35.2204279363
1520,32.0989522185,32.1066186028,32.1296277196,32.1680091278,32.2218109559,32.2910981137,32.3759496144,32.4764548363,32.5927085091,32.7248041871,32.8728259978,33.0368385763,33.2168754400,33.4129268916,33.6249302550,33.8527681615,34.0962840397,34.3553253242,34.6298198639,34.9198770713,35.2258858575
1521,32.1041304630,32.1117990898,32.1348148668,32.1732071451,32.2270236920,32.2963288778,32.3812009651,32.4817283290,32.5980043969,32.7301210803,32.8781605028,33.0421849769,33.2222255715,33.4182705181,33.6302564807,33.8580685101,34.1015574900,34.3605844690,34.6350957380,34.9252192819,35.2313558354
1522,32.1093102209,32.1169810750,32.1400034654,32.1784065330,32.2322376786,32.3015607265,32.3864531803,32.4870024022,32.6033005089,32.7354377637,32.8834942928,33.0475301201,33.2275739566,33.4236121514,33.6355810158,33.8633683900,34.1068328485,34.3658488640,34.6403803740,34.9305727250,35.2368374410
1523,32.1144914817,32.1221645478,32.1451935044,32.1836072792,32.2374529021,32.3067936443,32.3917062422,32.4922770361,32.6085968235,32.7407542163,32.8888273526,33.0528740070,33.2329206311,33.4289518845,33.6409040246,33.8686680164,34.1121103085,34.3711185721,34.6456736243,34.9359370631,35.2423302776
1524,32.1196742352,32.1273494975,32.1503849723,32.1888093713,32.2426693484,32.3120276153,32.3969601328,32.4975522108,32.6138933197,32.7460704183,32.8941596690,33.0582166421,33.2382656351,33.4342898136,33.6462256686,33.8739675922,34.1173900438,34.3763936406,34.6509753429,34.9413119794,35.2478339766
1525,32.1248584706,32.1325359133,32.1555778578,32.1940127968,32.2478870035,32.3172626236,32.4022148343,32.5028279064,32.6191899769,32.7513863508,32.8994912311,33.0635580335,33.2436090129,33.4396260374,33.6515461061,33.8792673088,34.1226722112,34.3816741044,34.6562853860,34.9466971764,35.2533481948
1526,32.1300441773,32.1377237842,32.1607721492,32.1992175430,32.2531058533,32.3224986532,32.4074703287,32.5081041032,32.6244867748,32.7567019960,32.9048220298,33.0688981926,33.2489508124,33.4449606561,33.6568654913,33.8845673458,34.1279569517,34.3869599869,34.6616036123,34.9520923739,35.2588726119
1527,32.1352313443,32.1429130992,32.1659678348,32.2044235971,32.2583258834,32.3277356880,32.4127265980,32.5133807819,32.6297836937,32.7620173374,32.9101520583,33.0742371338,33.2542910849,33.4502937709,33.6621839742,33.8898678722,34.1332443924,34.3922513024,34.6669298835,34.9574973075,35.2644069278
1528,32.1404199606,32.1481038470,32.1711649026,32.2096309460,32.2635470795,32.3329737120,32.4179836242,32.5186579230,32.6350807145,32.7673323596,32.9154813122,33.0795748748,33.2596298843,33.4556254834,33.6675017002,33.8951690465,34.1385346475,34.3975480570,34.6722640645,34.9629117275,35.2699508611
1529,32.1456100151,32.1532960162,32.1763633407,32.2148395768,32.2687694270,32.3382127087,32.4232413894,32.5239355075,32.6403778188,32.7726470486,32.9208097889,33.0849114359,33.2649672673,33.4609558953,33.6728188097,33.9004710174,34.1438278196,34.4028502501,34.6776060234,34.9683353974,35.2755041470
1530,32.1508014964,32.1584895953,32.1815631369,32.2200494761,32.2739929113,32.3434526621,32.4284998757,32.5292135167,32.6456749888,32.7779613917,32.9261374884,33.0902468403,33.2703032925,33.4662851076,33.6781354383,33.9057739240,34.1491240009,34.4081578751,34.6829556317,34.9737680931,35.2810665361
1531,32.1559943931,32.1636845725,32.1867642788,32.2252606306,32.2792175175,32.3486935556,32.4337590654,32.5344919321,32.6509722074,32.7832753777,32.9314644125,33.0955811137,33.2756380201,33.4716132206,33.6834517168,33.9110778968,34.1544232740,34.4134709204,34.6883127643,34.9792096017,35.2866377931
1532,32.1611886935,32.1688809362,32.1919667540,32.2304730268,32.2844432309,32.3539353730,32.4390189408,32.5397707357,32.6562694586,32.7885889968,32.9367905653,33.1009142839,33.2809715120,33.4769403335,33.6887677707,33.9163830582,34.1597257131,34.4187893701,34.6936772996,34.9846597210,35.2922176951
1533,32.1663843859,32.1740786742,32.1971705499,32.2356866511,32.2896700366,32.3591780979,32.4442794843,32.5450499097,32.6615667269,32.7939022406,32.9421159528,33.1062463810,33.2863038310,33.4822665438,33.6940837208,33.9216895223,34.1650313845,34.4241132048,34.6990491193,34.9901182584,35.2978060314
1534,32.1715814584,32.1792777745,32.2023756537,32.2409014898,32.2948979195,32.3644217140,32.4495406786,32.5503294369,32.6668639978,32.7992151021,32.9474405830,33.1115774370,33.2916350408,33.4875919477,33.6993996831,33.9269973962,34.1703403474,34.4294424019,34.7044281084,34.9955850304,35.3034026017
1535,32.1767798989,32.1844782248,32.2075820526,32.2461175290,32.3001268645,32.3696662047,32.4548025064,32.5556093006,32.6721612579,32.8045275759,32.9527644657,33.1169074855,33.2969652055,33.4929166395,33.7047157685,33.9323067801,34.1756526545,34.4347769360,34.7098141552,35.0010598617,35.3090072161
1536,32.1819796953,32.1896800128,32.2127897337,32.2513347548,32.3053568565,32.3749115539,32.4600649506,32.5608894844,32.6774584945,32.8098396580,32.9580876126,33.1222365619,33.3022943899,33.4982407116,33.7100320835,33.9376177676,34.1809683528,34.4401167798,34.7152071511,35.0065425851,35.3146196935
1537,32.1871808352,32.1948831259,32.2179986836,32.2565531531,32.3105878803,32.3801577453,32.4653279947,32.5661699728,32.6827556959,32.8151513457,32.9634100368,33.1275647027,33.3076226585,33.5035642542,33.7153487302,33.9429304463,34.1862874840,34.4454619037,34.7206069907,35.0120330407,35.3202398619
1538,32.1923833062,32.2000875515,32.2232088894,32.2617727099,32.3158199207,32.3854047626,32.4705916220,32.5714507505,32.6880528515,32.8204626378,32.9687317534,33.1328919456,33.3129500761,33.5088873556,33.7206658059,33.9482448981,34.1916100849,34.4508122769,34.7260135716,35.0175310751,35.3258675567
1539,32.1975870957,32.2052932767,32.2284203375,32.2669934107,32.3210529624,32.3906525898,32.4758558165,32.5767318029,32.6933499515,32.8257735345,32.9740527786,33.1382183297,33.3182767072,33.5142101018,33.7259834041,33.9535611997,34.1969361877,34.4561678670,34.7314267942,35.0230365418,35.3315026212
1540,32.2027921910,32.2105002887,32.2336330145,32.2722152414,32.3262869902,32.3959012109,32.4811205621,32.5820131163,32.6986469874,32.8310840373,32.9793731302,33.1435438947,33.3236026158,33.5195325766,33.7313016138,33.9588794226,34.2022658209,34.4615286407,34.7368465620,35.0285492999,35.3371449054
1541,32.2079985791,32.2157085744,32.2388469068,32.2774381876,32.3315219888,32.4011506100,32.4863858434,32.5872946772,32.7039439513,32.8363941487,32.9846928272,33.1488686809,33.3289278656,33.5248548615,33.7366205203,33.9641996338,34.2075990091,34.4668945638,34.7422727809,35.0340692143,35.3427942656
1542,32.2132062472,32.2209181207,32.2440620008,32.2826622348,32.3367579429,32.4064007714,32.4916516451,32.5925764731,32.7092408366,32.8417038730,32.9900118898,33.1541927296,33.3342525197,33.5301770359,33.7419402052,33.9695218958,34.2129357737,34.4722656011,34.7477053598,35.0395961552,35.3484505645
1543,32.2184151821,32.2261289143,32.2492782827,32.2878873686,32.3419948374,32.4116516795,32.4969179526,32.5978584920,32.7145376375,32.8470132151,32.9953303394,33.1595160825,33.3395766404,33.5354991768,33.7472607461,33.9748462671,34.2182761329,34.4776417173,34.7531442098,35.0451299979,35.3541136702
1544,32.2236253707,32.2313409417,32.2544957386,32.2931135743,32.3472326571,32.4169033191,32.5021847513,32.6031407226,32.7198343494,32.8523221815,33.0006481984,33.1648387814,33.3449002893,33.5408213589,33.7525822173,33.9801728022,34.2236201022,34.4830228764,34.7585892447,35.0506706223,35.3597834563
1545,32.2288367995,32.2365541895,32.2597143546,32.2983408375,32.3524713869,32.4221556749,32.5074520273,32.6084231543,32.7251309682,32.8576307794,33.0059654898,33.1701608687,33.3502235271,33.5461436548,33.7579046898,33.9855015522,34.2289676945,34.4884090420,34.7640403807,35.0562179127,35.3654598012
1546,32.2340494551,32.2417686442,32.2649341167,32.3035691436,32.3577110117,32.4274087320,32.5127197672,32.6137057773,32.7304274913,32.8629390174,33.0112822379,33.1754823869,33.3555464136,33.5514661349,33.7632282313,33.9908325646,34.2343189205,34.4938001778,34.7694975361,35.0617717577,35.3711425882
1547,32.2392633241,32.2469842920,32.2701550107,32.3087984779,32.3629515166,32.4326624758,32.5179879577,32.6189885822,32.7357239166,32.8682469049,33.0165984675,33.1808033786,33.3608690078,33.5567888674,33.7685529063,33.9961658839,34.2396737884,34.4991962470,34.7749606317,35.0673320498,35.3768317049
1548,32.2444783927,32.2522011191,32.2753770226,32.3140288259,32.3681928867,32.4379168919,32.5232565863,32.6242715607,32.7410202431,32.8735544522,33.0219142040,33.1861238863,33.3661913676,33.5621119183,33.7738787767,34.0015015515,34.2450323049,34.5045972130,34.7804295902,35.0728986854,35.3825270432
1549,32.2496946472,32.2574191117,32.2806001381,32.3192601730,32.3734351073,32.4431719659,32.5285256408,32.6295547050,32.7463164705,32.8788616705,33.0272294736,33.1914439527,33.3715135496,33.5674353515,33.7792059011,34.0068396060,34.2503944745,34.5100030392,34.7859043364,35.0784715644,35.3882284988
1550,32.2549120738,32.2626382558,32.2858243430,32.3244925046,32.3786781638,32.4484276842,32.5337951096,32.6348380078,32.7516125995,32.8841685719,33.0325443029,33.1967636200,33.3768356099,33.5727592290,33.7845343358,34.0121800835,34.2557603005,34.5154136891,34.7913847972,35.0840505901,35.3939359714
1551,32.2601306587,32.2678585375,32.2910496230,32.3297258062,32.3839220418,32.4536840331,32.5390649814,32.6401214629,32.7569086317,32.8894751693,33.0378587191,33.2020829306,33.3821576029,33.5780836106,33.7898641344,34.0175230175,34.2611297842,34.5208291261,34.7968709014,35.0896356689,35.3996493638
1552,32.2653503878,32.2730799427,32.2962759639,32.3349600634,32.3891667269,32.4589409994,32.5443352457,32.6454050644,32.7622045692,32.8947814762,33.0431727495,33.2074019265,33.3874795824,33.5834085544,33.7951953479,34.0228684393,34.2665029259,34.5262493141,34.8023625795,35.0952267105,35.4053685827
1553,32.2705712471,32.2783024572,32.3015033514,32.3401952617,32.3944122050,32.4641985701,32.5496058922,32.6506888073,32.7675004151,32.9000875068,33.0484864220,33.2127206493,33.3928016009,33.5887341164,33.8005280250,34.0282163779,34.2718797244,34.5316742170,34.8078597640,35.1008236273,35.4110935375
1554,32.2757932225,32.2835260670,32.3067317712,32.3454313868,32.3996584623,32.4694567326,32.5548769113,32.6559726872,32.7727961730,32.9053932761,33.0537997648,33.2180391404,33.3981237096,33.5940603506,33.8058622123,34.0335668604,34.2772601776,34.5371037990,34.8133623890,35.1064263345,35.4168241409
1555,32.2810163000,32.2887507579,32.3119612090,32.3506684245,32.4049054848,32.4747154746,32.5601482937,32.6612567004,32.7780918476,32.9106987994,33.0591128061,33.2233574408,33.4034459588,33.5993873097,33.8111979541,34.0389199117,34.2826442821,34.5425380245,34.8188703902,35.1120347501,35.4225603085
1556,32.2862404653,32.2939765156,32.3171916504,32.3559063605,32.4101532592,32.4799747843,32.5654200310,32.6665408437,32.7833874439,32.9160040928,33.0644255745,33.2286755911,33.4087683978,33.6047150440,33.8165352927,34.0442755553,34.2880320336,34.5479768583,34.8243837051,35.1176487945,35.4283019583
1557,32.2914657043,32.2992033260,32.3224230814,32.3611451809,32.4154017720,32.4852346500,32.5706921148,32.6718251146,32.7886829677,32.9213091728,33.0697380987,33.2339936315,33.4140910744,33.6100436027,33.8218742684,34.0496338126,34.2934234271,34.5534202656,34.8299022726,35.1232683905,35.4340490114
1558,32.2966920028,32.3044311747,32.3276554876,32.3663848716,32.4206510102,32.4904950606,32.5759645376,32.6771095112,32.7939784253,32.9266140563,33.0750504073,33.2393116017,33.4194140355,33.6153730328,33.8272149196,34.0549947036,34.2988184564,34.5588682116,34.8354260330,35.1288934633,35.4398013909
1559,32.3019193465,32.3096600477,32.3328888550,32.3716254189,32.4259009608,32.4957560053,32.5812372922,32.6823940323,32.7992738238,32.9319187608,33.0803625291,33.2446295408,33.4247373271,33.6207033802,33.8325572830,34.0603582469,34.3042171150,34.5643206622,34.8409549284,35.1345239402,35.4455590225
1560,32.3071477213,32.3148899307,32.3381231694,32.3768668091,32.4311516114,32.5010174736,32.5865103720,32.6876786771,32.8045691706,32.9372233038,33.0856744931,33.2499474875,33.4300609937,33.6260346889,33.8379013936,34.0657244593,34.3096193954,34.5697775835,34.8464889019,35.1401597505,35.4513218342
1561,32.3123771129,32.3201208095,32.3433584169,32.3821090287,32.4364029495,32.5062794554,32.5917837708,32.6929634456,32.8098644739,32.9425277037,33.0909863279,33.2552654800,33.4353850790,33.6313670014,33.8432472845,34.0710933567,34.3150252896,34.5752389420,34.8520278935,35.1457990916,35.4569875776
1562,32.3176075071,32.3253526701,32.3485945835,32.3873520644,32.4416549630,32.5115419411,32.5970574831,32.6982483380,32.8151597422,32.9478319786,33.0962980622,33.2605835558,33.4407096256,33.6367003590,33.8485949876,34.0764649535,34.3204347891,34.5807047000,34.8575713638,35.1514275515,35.4625751902
1563,32.3228388899,32.3305854982,32.3538316554,32.3925959028,32.4469076402,32.5168049213,32.6023315035,32.7035333553,32.8204549845,32.9531361473,33.1016097248,33.2659017522,33.4460346749,33.6420348014,33.8539445332,34.0818392628,34.3258478830,34.5861747145,34.8631167560,35.1570354231,35.4681144405
1564,32.3280712470,32.3358192800,32.3590696188,32.3978405311,32.4521609693,32.5220683871,32.6076058274,32.7088184989,32.8257502103,32.9584402288,33.1069213442,33.2712201054,33.4513602675,33.6473703668,33.8592959499,34.0872162964,34.3312645377,34.5916484661,34.8686606601,35.1626212471,35.4736159177
1565,32.3333045646,32.3410540014,32.3643084602,32.4030859364,32.4574149393,32.5273323300,32.6128804506,32.7141037708,32.8310454295,32.9637442420,33.1122329487,33.2765386515,33.4566864428,33.6527070923,33.8646492651,34.0925960600,34.3366846431,34.5971250336,34.8742003723,35.1681855991,35.4790857109
1566,32.3385388284,32.3462896485,32.3695481659,32.4083321060,32.4626695391,32.5325967419,32.6181553693,32.7193891733,32.8363406524,32.9690482064,33.1175445666,33.2818574258,33.4620132392,33.6580450137,33.8700045039,34.0979785424,34.3421079704,34.6026033157,34.8797340329,35.1737295277,35.4845279069
1567,32.3437740248,32.3515262076,32.3747887228,32.4135790275,32.4679247580,32.5378616148,32.6234305802,32.7246747094,32.8416358895,32.9743521414,33.1228562259,33.2871764629,33.4673406943,33.6633841651,33.8753616864,34.1033637007,34.3475341764,34.6080822161,34.8852604124,35.1792541450,35.4899454891
1568,32.3490101398,32.3567636650,32.3800301175,32.4188266888,32.4731805856,32.5431269416,32.6287060804,32.7299603822,32.8469311521,32.9796560665,33.1281679546,33.2924957972,33.4726688444,33.6687245788,33.8807208241,34.1087514502,34.3529628367,34.6135607355,34.8907787126,35.1847605074,35.4953407559
1569,32.3542471596,32.3620020070,32.3852723370,32.4240750778,32.4784370119,32.5483927150,32.6339818674,32.7352461956,32.8522264512,32.9849600016,33.1334797803,33.2978154619,33.4779977250,33.6740662842,33.8860819151,34.1141416634,34.3583934819,34.6190380015,34.8962884264,35.1902495833,35.5007155453
1570,32.3594850707,32.3672412202,32.3905153684,32.4293241827,32.4836940269,32.5536589286,32.6392579392,32.7405321537,32.8575217987,32.9902639662,33.1387917304,33.3031354902,33.4833273698,33.6794093058,33.8914449406,34.1195341737,34.3638256280,34.6245132706,34.9017892444,35.1957222497,35.5060713686
1571,32.3647238596,32.3724812913,32.3957591989,32.4345739919,32.4889516214,32.5589255761,32.6445342943,32.7458182610,32.8628172063,32.9955679804,33.1441038321,33.3084559142,33.4886578112,33.6847536625,33.8968098633,34.1249287834,34.3692587974,34.6299859168,34.9072809930,35.2011792988,35.5114094953
1572,32.3699635127,32.3777222071,32.4010038160,32.4398244943,32.4942097860,32.5641926516,32.6498109313,32.7511045223,32.8681126863,33.0008720639,33.1494161122,33.3137767652,33.4939890789,33.6900993651,33.9021766269,34.1303252723,34.3746925319,34.6354554170,34.9127635925,35.2066214467,35.5167310099
1573,32.3752040169,32.3829639545,32.4062492072,32.4450756787,32.4994685120,32.5694601495,32.6550878495,32.7563909430,32.8734082510,33.0061762367,33.1547285973,33.3190980737,33.4993211996,33.6954464160,33.9075451576,34.1357234052,34.3801264009,34.6409213357,34.9182370290,35.2120493428,35.5220368521
1574,32.3804453591,32.3882065205,32.4114953604,32.4503275343,32.5047277907,32.5747280647,32.6603650485,32.7616775286,32.8787039130,33.0114805187,33.1600413136,33.3244198686,33.5046541963,33.7007948081,33.9129153658,34.1411229394,34.3855600047,34.6463833116,34.9237013347,35.2174635774,35.5273278453
1575,32.3856875262,32.3934498925,32.4167422637,32.4555800505,32.5099876139,32.5799963924,32.6656425282,32.7669642850,32.8839996851,33.0167849296,33.1653542868,33.3297421777,33.5099880877,33.7061445248,33.9182871484,34.1465236294,34.3909929758,34.6518410453,34.9291565744,35.2228646896,35.5326047182
1576,32.3909305055,32.3986940579,32.4219899051,32.4608332170,32.5152479737,32.5852651283,32.6709202888,32.7722512185,32.8892955804,33.0220894893,33.1706675418,33.3350650266,33.5153228879,33.7114955401,33.9236603919,34.1519252319,34.3964249785,34.6572942897,34.9346028354,35.2282531734,35.5378681209
1577,32.3961742842,32.4039390042,32.4272382732,32.4660870238,32.5205088625,32.5905342681,32.6761983311,32.7775383356,32.8945916119,33.0273942173,33.1759811031,33.3403884387,33.5206586056,33.7168478192,33.9290349740,34.1573275085,34.4018557076,34.6627428415,34.9400402209,35.2336294829,35.5431186380
1578,32.4014188500,32.4091847194,32.4324873566,32.4713414612,32.5257702730,32.5958038081,32.6814766560,32.7828256430,32.8998877928,33.0326991332,33.1812949941,33.3457124352,33.5259952443,33.7222013190,33.9344107664,34.1627302280,34.4072848864,34.6681865337,34.9454688448,35.2389940372,35.5483567980
1579,32.4066641904,32.4144311912,32.4377371441,32.4765965194,32.5310321981,32.6010737450,32.6867552648,32.7881131479,32.9051841366,33.0380042560,33.1866092371,33.3510370344,33.5313328024,33.7275559890,33.9397876368,34.1681331682,34.4127122648,34.6736252304,34.9508888279,35.2443472240,35.5535830817
1580,32.4119102935,32.4196784080,32.4429876249,32.4818521894,32.5362946312,32.6063440757,32.6920341592,32.7934008575,32.9104806565,33.0433096045,33.1919238532,33.3563622517,33.5366712725,33.7329117725,33.9451654504,34.1735361164,34.4181376172,34.6790588215,34.9563002950,35.2496894035,35.5587979287
1581,32.4171571473,32.4249263582,32.4482387882,32.4871084622,32.5415575659,32.6116147973,32.6973133411,32.7986887793,32.9157773660,33.0486151972,33.1972388623,33.3616880995,33.5420106426,33.7382686068,33.9505440715,34.1789388707,34.4235607400,34.6844872188,34.9617033735,35.2550209107,35.5640017424
1582,32.4224047401,32.4301750302,32.4534906237,32.4923653290,32.5468209961,32.6168859076,32.7025928127,32.8039769209,32.9210742784,33.0539210517,33.2025542825,33.3670145871,33.5473508957,33.7436264249,33.9559233648,34.1843412394,34.4289814503,34.6899103528,34.9670981913,35.2603420585,35.5691948951
1583,32.4276530603,32.4354244130,32.4587431211,32.4976227814,32.5520849161,32.6221574042,32.7078725766,32.8092652904,32.9263714070,33.0592271853,33.2078701304,33.3723417205,33.5526920100,33.7489851558,33.9613031960,34.1897430416,34.4343995831,34.6953281696,34.9724848761,35.2656531396,35.5743777308
1584,32.4329020968,32.4406744956,32.4639962706,32.5028808112,32.5573493203,32.6274292855,32.7131526354,32.8145538956,32.9316687649,33.0645336144,33.2131864209,33.3776695026,33.5580339599,33.7543447255,33.9666834332,34.1951441068,34.4398149905,34.7007406287,34.9778635545,35.2709544285,35.5795505691
1585,32.4381518384,32.4459252673,32.4692500623,32.5081394107,32.5626142036,32.6327015500,32.7184329924,32.8198427446,32.9369663649,33.0698403546,33.2185031668,33.3829979332,33.5633767156,33.7597050576,33.9720639471,34.2005442748,34.4452275393,34.7061477011,34.9832343511,35.2762461832,35.5847137076
1586,32.4434022743,32.4511767175,32.4745044869,32.5133985720,32.5678795612,32.6379741963,32.7237136506,32.8251318457,32.9422642197,33.0751474206,33.2238203791,33.3883270088,33.5687202441,33.7650660741,33.9774446116,34.2059433950,34.4506371102,34.7115493674,34.9885973887,35.2815286466,35.5898674242
1587,32.4486533940,32.4564288360,32.4797595352,32.5186582881,32.5731453884,32.6432472235,32.7289946135,32.8304212069,32.9475623415,33.0804548262,33.2291380671,33.3936567232,33.5740645091,33.7704276958,33.9828253040,34.2113413263,34.4560435962,34.7169456165,34.9939527875,35.2868020479,35.5950119788
1588,32.4539051869,32.4616816128,32.4850151982,32.5239185517,32.5784116809,32.6485206310,32.7342758847,32.8357108366,32.9528607423,33.0857625840,33.2344562377,33.3989870675,33.5794094719,33.7757898429,33.9882059057,34.2167379366,34.4614469012,34.7223364445,34.9993006651,35.2920666037,35.6001476156
1589,32.4591576431,32.4669350382,32.4902714673,32.5291793562,32.5836784347,32.6537944183,32.7395574682,32.8410007429,32.9581594335,33.0910707055,33.2397748961,33.4043180298,33.5847550911,33.7811524353,33.9935863019,34.2221331022,34.4668469395,34.7277218534,35.0046411363,35.2973225192,35.6052745641
1590,32.4644107526,32.4721891025,32.4955283341,32.5344406950,32.5889456461,32.6590685852,32.7448393677,32.8462909338,32.9634584261,33.0963792012,33.2450940456,33.4096495959,33.5901013234,33.7865153933,33.9989663819,34.2275267076,34.4722436344,34.7331018505,35.0099743132,35.3025699889,35.6103930406
1591,32.4696645058,32.4774437965,32.5007857904,32.5397025619,32.5942133115,32.6643431317,32.7501215874,32.8515814173,32.9687577304,33.1016880803,33.2504136873,33.4149817494,33.5954481238,33.7918786375,34.0043460392,34.2329186447,34.4776369173,34.7384764476,35.0153003048,35.3078091975,35.6155032493
1592,32.4749188932,32.4826991113,32.5060438283,32.5449649509,32.5994814278,32.6696180582,32.7554041315,32.8568722012,32.9740573563,33.1069973506,33.2557338206,33.4203144714,33.6007954458,33.7972420895,34.0097251715,34.2383088127,34.4830267274,34.7438456600,35.0206192175,35.3130403207,35.6206053835
1593,32.4801739058,32.4879550380,32.5113024402,32.5502278565,32.6047499921,32.6748933650,32.7606870040,32.8621632930,32.9793573129,33.1123070191,33.2610544431,33.4256477414,33.6061432420,33.8026056718,34.0151036806,34.2436971173,34.4884130104,34.7492095067,35.0259311546,35.3182635258,35.6256996261
1594,32.4854295347,32.4932115681,32.5165616188,32.5554912730,32.6100190014,32.6801690527,32.7659702093,32.8674547000,32.9846576087,33.1176170911,33.2663755506,33.4309815368,33.6114914637,33.8079693082,34.0204814723,34.2490834708,34.4937957183,34.7545680091,35.0312362168,35.3234789722,35.6307861509
1595,32.4906857712,32.4984686934,32.5218213569,32.5607551954,32.6152884535,32.6854451222,32.7712537516,32.8727464294,32.9899582513,33.1229275709,33.2716971372,33.4363158335,33.6168400619,33.8133329237,34.0258584566,34.2544677913,34.4991748087,34.7599211911,35.0365345018,35.3286868124,35.6358651230
1596,32.4959426069,32.5037264060,32.5270816478,32.5660196188,32.6205583461,32.6907215744,32.7765376351,32.8780384878,32.9952592479,33.1282384614,33.2770191953,33.4416506059,33.6221889869,33.8186964449,34.0312345472,34.2598500023,34.5045502443,34.7652690785,35.0418261050,35.3338871918,35.6409366995
1597,32.5012000339,32.5089846979,32.5323424848,32.5712845385,32.6258286770,32.6959984103,32.7818218640,32.8833308816,33.0005606047,33.1335497645,33.2823417160,33.4469858270,33.6275381887,33.8240598002,34.0366096617,34.2652300327,34.5099219923,34.7706116989,35.0471111188,35.3390802499,35.6460010302
1598,32.5064580441,32.5142435619,32.5376038617,32.5765499501,32.6310994445,32.7012756312,32.7871064424,32.8886236169,33.0058623271,33.1388614808,33.2876646889,33.4523214689,33.6328876174,33.8294229193,34.0419837214,34.2706078161,34.5152900242,34.7759490813,35.0523896331,35.3442661198,35.6510582579
1599,32.5117166300,32.5195029907,32.5428657723,32.5818158495,32.6363706469,32.7065532382,32.7923913743,32.8939166993,33.0111644198,33.1441736094,33.2929881020,33.4576575022,33.6382372229,33.8347857340,34.0473566511,34.2759832910,34.5206543153,34.7812812558,35.0576617356,35.3494449297,35.6561085192
1600,32.5169757842,32.5247629774,32.5481282109,32.5870822326,32.6416422827,32.7118312327,32.7976766636,32.8992101340,33.0164668867,33.1494861488,33.2983119422,33.4629938971,33.6435869553,33.8401481776,34.0527283793,34.2813563997,34.5260148444,34.7866082535,35.0629275112,35.3546168023,35.6611519447
1601,32.5222354998,32.5300235152,32.5533911720,32.5923490958,32.6469143507,32.7171096160,32.8029623139,32.9045039257,33.0217697309,33.1547990961,33.3036361954,33.4683306226,33.6489367650,33.8455101855,34.0580988374,34.2867270888,34.5313715935,34.7919301065,35.0681870429,35.3597818554,35.6661886593
1602,32.5274957699,32.5352845977,32.5586546501,32.5976164356,32.6521868496,32.7223883897,32.8082483289,32.9097980787,33.0270729546,33.1601124471,33.3089608461,33.4736676474,33.6542866028,33.8508716946,34.0634679603,34.2920953086,34.5367245475,34.7972468472,35.0734404111,35.3649402025,35.6712187829
1603,32.5327565878,32.5405462187,32.5639186403,32.6028842486,32.6574597785,32.7276675550,32.8135347119,32.9150925969,33.0323765594,33.1654261970,33.3142858780,33.4790049395,33.6596364200,33.8562326439,34.0688356860,34.2974610130,34.5420736940,34.8025585089,35.0786876942,35.3700919527,35.6762424306
1604,32.5380179474,32.5458083724,32.5691831376,32.6081525319,32.6627331366,32.7329471134,32.8188214660,32.9203874834,33.0376805458,33.1707403398,33.3196112736,33.4843424663,33.6649861683,33.8615929741,34.0742019552,34.3028241589,34.5474190227,34.8078651249,35.0839289685,35.3752372110,35.6812597126
1605,32.5432798426,32.5510710530,32.5744481376,32.6134212824,32.6680069229,32.7382270663,32.8241085940,32.9256827413,33.0429849138,33.1760548684,33.3249370148,33.4896801951,33.6703358001,33.8669526278,34.0795667115,34.3081847066,34.5527605260,34.8131667291,35.0891643082,35.3803760788,35.6862707352
1606,32.5485422675,32.5563342550,32.5797136357,32.6186904975,32.6732811368,32.7435074149,32.8293960988,32.9309783726,33.0482896626,33.1813697751,33.3302630826,33.4950180929,33.6756852685,33.8723115492,34.0849299015,34.3135426191,34.5580981979,34.8184633555,35.0943937856,35.3855086536,35.6912756004
1607,32.5538052166,32.5615979733,32.5849796279,32.6239601746,32.6785557778,32.7487881607,32.8346839826,32.9362743793,33.0535947904,33.1866850511,33.3355894573,33.5003561264,33.6810345273,33.8776696845,34.0902914739,34.3188978622,34.5634320346,34.8237550383,35.0996174712,35.3906350297,35.6962744065
1608,32.5590686845,32.5668622029,32.5902461102,32.6292303113,32.6838308452,32.7540693046,32.8399722475,32.9415707626,33.0589002950,33.1920006868,33.3409161186,33.5056942622,33.6863835309,33.8830269815,34.0956513802,34.3242504041,34.5687620337,34.8290418116,35.1048354336,35.3957552983,35.7012672483
1609,32.5643326663,32.5721269390,32.5955130788,32.6345009054,32.6891063387,32.7593508480,32.8452608954,32.9468675232,33.0642061732,33.1973166719,33.3462430456,33.5110324670,33.6917322346,33.8883833897,34.1010095743,34.3296002156,34.5740881944,34.8343237096,35.1100477395,35.4008695472,35.7062542171
1610,32.5695971570,32.5773921772,32.6007805302,32.6397719547,32.6943822577,32.7646327917,32.8505499277,32.9521646613,33.0695124213,33.2026329954,33.3515702168,33.5163707074,33.6970805947,33.8937388605,34.1063660121,34.3349472694,34.5794105174,34.8396007665,35.1152544543,35.4059778616,35.7112354010
1611,32.5748621519,32.5826579131,32.6060484609,32.6450434573,32.6996586019,32.7699151366,32.8558393457,32.9574621767,33.0748190349,33.2079496455,33.3568976104,33.5217089500,33.7024285679,33.8990933466,34.1117206519,34.3402915407,34.5847290047,34.8448730163,35.1204556413,35.4110803239,35.7162108852
1612,32.5801276467,32.5879241426,32.6113168678,32.6503154113,32.7049353708,32.7751978835,32.8611291502,32.9627600684,33.0801260089,33.2132666099,33.3622252040,33.5270471618,33.7077761123,33.9044468025,34.1170734539,34.3456330064,34.5900436593,34.8501404930,35.1256513626,35.4161770137,35.7211807519
1613,32.5853936372,32.5931908618,32.6165857479,32.6555878149,32.7102125641,32.7804810329,32.8664193417,32.9680583353,33.0854333374,33.2185838755,33.3675529751,33.5323853096,33.7131231864,33.9097991843,34.1224243804,34.3509716452,34.5953544856,34.8554032302,35.1308416785,35.4212680083,35.7261450807
1614,32.5906601194,32.5984580670,32.6218550982,32.6608606664,32.7154901813,32.7857645852,32.8717099205,32.9733569754,33.0907410143,33.2239014288,33.3728809007,33.5377233607,33.7184697497,33.9151504495,34.1277733955,34.3563074377,34.6006614886,34.8606612616,35.1360266482,35.4263533826,35.7311039484
1615,32.5959270895,32.6037257546,32.6271249160,32.6661339642,32.7207682219,32.7910485409,32.8770008864,32.9786559865,33.0960490325,33.2292192558,33.3782089577,33.5430612825,33.7238157628,33.9205005571,34.1331204651,34.3616403660,34.6059646745,34.8659146204,35.1412063290,35.4314332093,35.7360574297
1616,32.6011945438,32.6089939215,32.6323951988,32.6714077069,32.7260466856,32.7963328998,32.8822922390,32.9839553657,33.1013573846,33.2345373418,33.3835371227,33.5483990427,33.7291611870,33.9258494676,34.1384655569,34.3669704138,34.6112640502,34.8711633397,35.1463807773,35.4365075587,35.7410055967
1617,32.6064624789,32.6142625643,32.6376659441,32.6766818929,32.7313255718,32.8016176619,32.8875839774,32.9892551097,33.1066660627,33.2398556720,33.3888653722,33.5537366094,33.7345059845,33.9311971429,34.1438086401,34.3722975663,34.6165596234,34.8764074523,35.1515500480,35.4415764994,35.7459485194
1618,32.6117308916,32.6195316800,32.6429371495,32.6819565208,32.7366048798,32.8069028269,32.8928761005,32.9945552149,33.1119750581,33.2451742309,33.3941936824,33.5590739509,33.7398501182,33.9365435461,34.1491496856,34.3776218099,34.6218514024,34.8816469908,35.1567141945,35.4466400978,35.7508862656
1619,32.6169997787,32.6248012659,32.6482088128,32.6872315893,32.7418846091,32.8121883943,32.8981686067,32.9998556769,33.1172843620,33.2504930027,33.3995220296,33.5644110359,33.7451935523,33.9418886419,34.1544886657,34.3829431324,34.6271393962,34.8868819873,35.1618732693,35.4516984185,35.7558189010
1620,32.6222691374,32.6300713191,32.6534809319,32.6925070969,32.7471647589,32.8174743634,32.9034614943,33.0051564911,33.1225939648,33.2558119713,33.4048503901,33.5697478335,33.7505362516,33.9472323959,34.1598255542,34.3882615226,34.6324236143,34.8921124738,35.1670273236,35.4567515242,35.7607464898
1621,32.6275389649,32.6353418370,32.6587535047,32.6977830423,32.7524453284,32.8227607333,32.9087547611,33.0104576526,33.1279038567,33.2611311203,33.4101787400,33.5750843132,33.7558781816,33.9525747753,34.1651603261,34.3935769706,34.6377040669,34.8973384819,35.1721764108,35.4618007123,35.7657419270
1622,32.6328092584,32.6406128173,32.6640265293,32.7030594242,32.7577263166,32.8280475028,32.9140484045,33.0157591557,33.1332140274,33.2664504330,33.4155070554,33.5804204449,33.7612193091,33.9579157482,34.1704929579,34.3988894675,34.6429807645,34.9025600460,35.1773209257,35.4668562676,35.7707917257
1623,32.6380800154,32.6458842575,32.6693000037,32.7083362412,32.7630077226,32.8333346705,32.9193424218,33.0210609946,33.1385244662,33.2717698925,33.4208353126,33.5857561988,33.7665596012,33.9632552841,34.1758234273,34.4041990054,34.6482537194,34.9077772759,35.1824627011,35.4719251209,35.7758746787
1624,32.6433512336,32.6511561554,32.6745739262,32.7136134920,32.7682895451,32.8386222350,32.9246368097,33.0263631630,33.1438351620,33.2770894815,33.4261634878,33.5910915458,33.7718990264,33.9685933535,34.1811517129,34.4095055778,34.6535229599,34.9129905491,35.1876041776,35.4770083240,35.7809832493
1625,32.6486229106,32.6564285089,32.6798482949,32.7188911752,32.7735717831,32.8439101943,32.9299315647,33.0316656543,33.1491461035,33.2824091827,33.4314915574,33.5964264570,33.7772375535,33.9739299279,34.1864777950,34.4148091822,34.6587885693,34.9182005300,35.1927472924,35.4821054777,35.7861131084
1626,32.6538950442,32.6617013157,32.6851231081,32.7241692894,32.7788544350,32.8491985464,32.9352266831,33.0369684614,33.1544572790,33.2877289786,33.4368194977,33.6017609040,33.7825751523,33.9792649801,34.1918016554,34.4201098286,34.6640507153,34.9234080109,35.1978933808,35.4872158456,35.7912613538
1627,32.6591676322,32.6669745741,32.6903983640,32.7294478331,32.7841374993,32.8544872892,32.9405221608,33.0422715769,33.1597686763,33.2930488515,33.4421472853,33.6070948589,33.7879117936,33.9845984839,34.1971232793,34.4254075497,34.6693096471,34.9286137805,35.2030433288,35.4923386457,35.7964258696
1628,32.6644406727,32.6722482819,32.6956740610,32.7347268048,32.7894209746,32.8597764200,32.9458179932,33.0475749933,33.1650802833,33.2983687836,33.4474748970,33.6124282943,33.7932474488,33.9899304146,34.2024426587,34.4307024078,34.6745656721,34.9338185587,35.2081977147,35.4974731355,35.8016050279
1629,32.6697141637,32.6775224373,32.7009501974,32.7400062031,32.7947048588,32.8650659361,32.9511141756,33.0528787024,33.1703920874,33.3036887569,33.4528023094,33.6177611831,33.7985820900,33.9952607499,34.2077597950,34.4359944962,34.6798191295,34.9390229744,35.2133569093,35.5026186353,35.8067975289
1630,32.6749881032,32.6827970384,32.7062267715,32.7452860261,32.7999891502,32.8703558347,32.9564107032,33.0581826960,33.1757040758,33.3090087535,33.4581294997,33.6230934990,33.8039156908,34.0005894707,34.2130747017,34.4412839358,34.6850703692,34.9442275648,35.2185211422,35.5077745299,35.8120023054
1631,32.6802624894,32.6880720835,32.7115037816,32.7505662724,32.8052738466,32.8756461125,32.9617075705,33.0634869654,33.1810162354,33.3143287553,33.4634564450,33.6284252158,33.8092482259,34.0059165625,34.2183874058,34.4465708701,34.6903197364,34.9494327833,35.2236905461,35.5129402647,35.8172184623
1632,32.6855373204,32.6933475708,32.7167812260,32.7558469400,32.8105589459,32.8809367661,32.9670047719,33.0687915018,33.1863285531,33.3196487443,33.4687831227,33.6337563084,33.8145796716,34.0112420162,34.2236979477,34.4518554584,34.6955675624,34.9546390098,35.2288651867,35.5181153388,35.8224452361
1633,32.6908125944,32.6986234985,32.7220591030,32.7611280272,32.8158444456,32.8862277919,32.9723023017,33.0740962960,33.1916410154,33.3249687022,33.4741095104,33.6390867521,33.8199100069,34.0165658292,34.2290063806,34.4571378709,34.7008141591,34.9598465617,35.2340450828,35.5232992993,35.8276819667
1634,32.6960883096,32.7038998648,32.7273374107,32.7664095320,32.8211303431,32.8915191860,32.9776001537,33.0794013385,33.1969536087,33.3302886109,33.4794355861,33.6444165233,33.8252392132,34.0218880054,34.2343127690,34.4624182833,34.7060598161,34.9650557036,35.2392302198,35.5284917347,35.8329280764
1635,32.7013644644,32.7091766679,32.7326161475,32.7716914524,32.8264166359,32.8968109444,32.9828983216,33.0847066198,33.2022663193,33.3356084524,33.4847613280,33.6497455996,33.8305672752,34.0272085559,34.2396171870,34.4676968731,34.7113048003,34.9702666557,35.2444205600,35.5336922699,35.8381830548
1636,32.7066410569,32.7144539062,32.7378953115,32.7769737862,32.8317033210,32.9021030628,32.9881967987,33.0900121299,33.2075791333,33.3409282086,33.4900867149,33.6550739598,33.8358941808,34.0325274983,34.2449197164,34.4729738166,34.7165493559,34.9754796010,35.2496160497,35.5389005620,35.8434464475
1637,32.7119180853,32.7197315778,32.7431749007,32.7822565313,32.8369903955,32.9073955366,32.9934955782,33.0953178588,33.2128920368,33.3462478615,33.4954117261,33.6604015845,33.8412199220,34.0378448569,34.2502204452,34.4782492865,34.7217937051,34.9806946911,35.2548166233,35.5441162963,35.8487178467
1638,32.7171955479,32.7250096809,32.7484549133,32.7875396853,32.8422778560,32.9126883613,32.9987946530,33.1006237962,33.2182050155,33.3515673933,33.5007363414,33.6657284560,33.8465444944,34.0431606617,34.2555194658,34.4835234503,34.7270380500,34.9859120519,35.2600222080,35.5493391828,35.8539968843
1639,32.7224734429,32.7302882136,32.7537353472,32.7928232458,32.8475656994,32.9179815317,33.0040940159,33.1059299317,33.2235180555,33.3568867864,33.5060605417,33.6710545586,33.8518678975,34.0484749481,34.2608168735,34.4887964695,34.7322825738,34.9911317868,35.2652327257,35.5545689539,35.8592832260
1640,32.7277517684,32.7355671742,32.7590162004,32.7981072101,32.8528539220,32.9232750429,33.0093936593,33.1112362545,33.2288311425,33.3622060234,33.5113843085,33.6763798786,33.8571901348,34.0537877561,34.2661127655,34.4940684983,34.7375274421,34.9963539808,35.2704480951,35.5598053613,35.8645765670
1641,32.7330305225,32.7408465606,32.7642974706,32.8033915756,32.8581425202,32.9285688895,33.0146935755,33.1165427540,33.2341442623,33.3675250873,33.5167076244,33.6817044046,33.8625112133,34.0590991300,34.2714072396,34.4993396839,34.7427728048,35.0015787035,35.2756682333,35.5650481747,35.8698766278
1642,32.7383097035,32.7461263708,32.7695791557,32.8086763395,32.8634314901,32.9338630660,33.0199937566,33.1218494191,33.2394574007,33.3728439614,33.5220304733,33.6870281277,33.8678311436,34.0644091173,34.2767003937,34.5046101657,34.7480187971,35.0068060107,35.2808930569,35.5702971793,35.8751831513
1643,32.7435893092,32.7514066029,32.7748612533,32.8139614989,32.8687208278,32.9391575667,33.0252941946,33.1271562389,33.2447705436,33.3781626296,33.5273528399,33.6923510409,33.8731499396,34.0697177682,34.2819923245,34.5098800757,34.7532655415,35.0120359474,35.2861224824,35.5755521747,35.8804959001
1644,32.7488693377,32.7566872548,32.7801437610,32.8192470506,32.8740105290,32.9444523857,33.0305948811,33.1324632022,33.2500836771,33.3834810761,33.5326747107,33.6976731399,33.8784676183,34.0750251355,34.2872831275,34.5151495384,34.7585131481,35.0172685486,35.2913564271,35.5808129731,35.8858146542
1645,32.7541497870,32.7619683241,32.7854266763,32.8245329916,32.8793005894,32.9497475169,33.0358958078,33.1377702978,33.2553967873,33.3887992861,33.5379960731,33.7029944224,33.8837841994,34.0803312733,34.2925728962,34.5204186713,34.7637617166,35.0225038415,35.2965948095,35.5860793986,35.8911392094
1646,32.7594306548,32.7672498088,32.7907099966,32.8298193185,32.8845910046,32.9550429542,33.0411969660,33.1430775145,33.2607098606,33.3941172450,33.5433169162,33.7083148886,33.8890997053,34.0856362373,34.2978617221,34.5256875846,34.7690113370,35.0277418461,35.3018375494,35.5913512858,35.8964693751
1647,32.7647119389,32.7725317064,32.7959937191,32.8351060278,32.8898817699,32.9603386910,33.0464983472,33.1483848410,33.2660228836,33.3994349392,33.5486372302,33.7136345405,33.8944141604,34.0909400839,34.3031496939,34.5309563821,34.7742620901,35.0329825764,35.3070845684,35.5966284790,35.9018049734
1648,32.7699936371,32.7778140146,32.8012778411,32.8403931160,32.8951728805,32.9656347208,33.0517999424,33.1536922662,33.2713358432,33.4047523558,33.5539570072,33.7189533824,33.8997275913,34.0962428700,34.3084368978,34.5362251611,34.7795140492,35.0382260414,35.3123357898,35.6019108314,35.9071458378
1649,32.7752757470,32.7830967308,32.8065623596,32.8456805793,32.9004643314,32.9709310369,33.0571017429,33.1589997787,33.2766487266,33.4100694827,33.5592762402,33.7242714205,33.9050400263,34.1015446529,34.3137234172,34.5414940128,34.7847672801,35.0434722457,35.3175911387,35.6071982042,35.9124918119
1650,32.7805582660,32.7883798524,32.8118472715,32.8509684140,32.9057561175,32.9762276326,33.0624037396,33.1643073676,33.2819615214,33.4153863087,33.5645949241,33.7295886627,33.9103514951,34.1068454895,34.3190093325,34.5467630229,34.7900218422,35.0487211901,35.3228505422,35.6124904662,35.9178427487
1651,32.7858411917,32.7936633768,32.8171325737,32.8562566159,32.9110482335,32.9815245006,33.0677059234,33.1696150217,33.2872742156,33.4207028233,33.5699130548,33.7349051187,33.9156620288,34.1121454366,34.3242947213,34.5520322714,34.7952777889,35.0539728722,35.3281139295,35.6177874928,35.9231985097
1652,32.7911245214,32.7989473010,32.8224182630,32.8615451811,32.9163406742,32.9868216341,33.0730082854,33.1749227303,33.2925867978,33.4260190172,33.5752306300,33.7402207999,33.9209716594,34.1174445504,34.3295796583,34.5573018336,34.8005351685,35.0592272869,35.3333812316,35.6230891662,35.9285589641
1653,32.7964082523,32.8042316223,32.8277043359,32.8668341052,32.9216334339,32.9921190258,33.0783108163,33.1802304825,33.2978992568,33.4313348818,33.5805476483,33.7455357188,33.9262804200,34.1227428864,34.3348642151,34.5625717796,34.8057940240,35.0644844267,35.3386523815,35.6283953739,35.9339239883
1654,32.8016923815,32.8095163375,32.8329907889,32.8721233839,32.9269265069,32.9974166683,33.0836135071,33.1855382679,33.3032115820,33.4366504093,33.5858641098,33.7508498897,33.9315883442,34.1280404994,34.3401484606,34.5678421753,34.8110543945,35.0697442819,35.3439273140,35.6337060094,35.9392934653
1655,32.8069769062,32.8148014436,32.8382776185,32.8774130126,32.9322198876,33.0027145542,33.0889163487,33.1908460761,33.3085237634,33.4419655930,33.5911800160,33.7561633276,33.9368954662,34.1333374430,34.3454324608,34.5731130823,34.8163163146,35.0750068415,35.3492059660,35.6390209710,35.9446672840
1656,32.8122618231,32.8200869372,32.8435648207,32.8827029867,32.9375135699,33.0080126762,33.0942193320,33.1961538970,33.3138357916,33.4472804272,33.5964953691,33.7614760490,33.9422018205,34.1386337700,34.3507162789,34.5783845583,34.8215798155,35.0802720925,35.3544882761,35.6443401616,35.9500453391
1657,32.8175471291,32.8253728151,32.8488523918,32.8879933015,32.9428075479,33.0133110267,33.0995224480,33.2014617209,33.3191476575,33.4525949069,33.6018101730,33.7667880711,33.9475074420,34.1439295321,34.3559999756,34.5836566572,34.8268449252,35.0855400211,35.3597741848,35.6496634888,35.9554275303
1658,32.8228328210,32.8306590738,32.8541403278,32.8932839521,32.9481018155,33.0186095980,33.1048256879,33.2067695382,33.3244593529,33.4579090279,33.6071244321,33.7720994123,33.9528123656,34.1492247797,34.3612836086,34.5889294295,34.8321116685,35.0908106121,35.3650636343,35.6549908639,35.9608137621
1659,32.8281188952,32.8359457096,32.8594286245,32.8985749334,32.9533963665,33.0239083828,33.1101290428,33.2120773398,33.3297708700,33.4632227872,33.6124381523,33.7774100915,33.9581166263,34.1545195621,34.3665672336,34.5942029224,34.8373800675,35.0960838497,35.3703565685,35.6603222024,35.9662039437
1660,32.8334053482,32.8412327188,32.8647172777,32.9038662404,32.9586911945,33.0292073732,33.1154325040,33.2173851167,33.3350822016,33.4685361824,33.6177513401,33.7827201283,33.9634202590,34.1598139273,34.3718509034,34.5994771801,34.8426501417,35.1013597171,35.3756529328,35.6656574232,35.9715979881
1661,32.8386921765,32.8465200977,32.8700062831,32.9091578678,32.9639862933,33.0345065617,33.1207360629,33.2226928603,33.3403933410,33.4738492120,33.6230640030,33.7880295429,33.9687232984,34.1651079221,34.3771346687,34.6047522439,34.8479219085,35.1066381971,35.3809526744,35.6709964487,35.9769958125
1662,32.8439793761,32.8518078423,32.8752956361,32.9144498104,32.9692816563,33.0398059408,33.1260397112,33.2280005625,33.3457042824,33.4791618753,33.6283761494,33.7933383562,33.9740257790,34.1704015919,34.3824185779,34.6100281525,34.8531953830,35.1119192717,35.3862557420,35.6763392043,35.9823973375
1663,32.8492669433,32.8570959484,32.8805853322,32.9197420626,32.9745772770,33.0451055027,33.1313434405,33.2333082155,33.3510150204,33.4844741723,33.6336877882,33.7986465893,33.9793277350,34.1756949810,34.3877026773,34.6153049421,34.8584705786,35.1172029228,35.3915620856,35.6816856185,35.9878024871
1664,32.8545548739,32.8623844120,32.8858753666,32.9250346189,32.9798731490,33.0504052401,33.1366472428,33.2386158117,33.3563255501,33.4897861038,33.6389989292,33.8039542637,33.9846292003,34.1809881323,34.3929870108,34.6205826464,34.8637475067,35.1224891318,35.3968716569,35.6870356226,35.9932111887
1665,32.8598431640,32.8676732287,32.8911657347,32.9303274738,32.9851692657,33.0557051453,33.1419511103,33.2439233441,33.3616358674,33.4950976713,33.6443095829,33.8092614012,33.9899302084,34.1862810875,34.3982716208,34.6258612971,34.8690261773,35.1277778798,35.4021844088,35.6923891503,35.9986233725
1666,32.8651318091,32.8729623940,32.8964564314,32.9356206216,32.9904656204,33.0610052110,33.1472550352,33.2492308061,33.3669459685,33.5004088770,33.6496197602,33.8145680238,33.9952307923,34.1915738870,34.4035565473,34.6311409236,34.8743065989,35.1330691478,35.4075002955,35.6977461382,36.0040389714
1667,32.8704208051,32.8782519036,32.9017474518,32.9409140565,32.9957622065,33.0663054299,33.1525590102,33.2545381913,33.3722558504,33.5057197237,33.6549294727,33.8198741538,34.0005309845,34.1968665701,34.4088418289,34.6364215537,34.8795887786,35.1383629168,35.4128192726,35.7031065251,36.0094579212
1668,32.8757101473,32.8835417527,32.9070387907,32.9462077727,33.0010590173,33.0716057947,33.1578630279,33.2598454939,33.3775655105,33.5110302148,33.6602387323,33.8251798134,34.0058308170,34.2021591746,34.4141275020,34.6417032131,34.8848727223,35.1436591673,35.4181412968,35.7084702517,36.0148801600
1669,32.8809998313,32.8888319366,32.9123304429,32.9515017642,33.0063560464,33.0769062981,33.1631670814,33.2651527083,33.3828749470,33.5163403543,33.6655475517,33.8304850250,34.0111303215,34.2074517374,34.4194136017,34.6469859259,34.8901584348,35.1489578802,35.4234663263,35.7138372613,36.0203056284
1670,32.8862898523,32.8941224504,32.9176224032,32.9567960253,33.0116532869,33.0822069333,33.1684711640,33.2704598295,33.3881841582,33.5216501468,33.6708559436,33.8357898110,34.0164295287,34.2127442941,34.4247001613,34.6522697146,34.8954459198,35.1542590361,35.4287943200,35.7192074990,36.0257342689
1671,32.8915802055,32.8994132892,32.9229146663,32.9620905498,33.0169507324,33.0875076932,33.1737752691,33.2757668527,33.3934931432,33.5269595974,33.6761639212,33.8410941937,34.0217284692,34.2180368790,34.4299872127,34.6575546002,34.9007351802,35.1595626158,35.4341252382,35.7245809117,36.0311660265
1672,32.8968708861,32.9047044481,32.9282072265,32.9673853318,33.0222483762,33.0928085711,33.1790793906,33.2810737737,33.3988019016,33.5322687116,33.6814714982,33.8463981954,34.0270271727,34.2233295257,34.4352747862,34.6628406023,34.9060262179,35.1648686000,35.4394590422,35.7299574481,36.0366008479
1673,32.9021618891,32.9099959218,32.9335000785,32.9726803652,33.0275462118,33.0981095603,33.1843835225,33.2863805885,33.4041104334,33.5375774955,33.6867786882,33.8517018384,34.0323256684,34.2286222662,34.4405629108,34.6681277391,34.9113190339,35.1701769696,35.4447956943,35.7353370589,36.0420386818
1674,32.9074532093,32.9152877051,32.9387932167,32.9779756440,33.0328442328,33.1034106543,33.1896876591,33.2916872937,33.4094187390,33.5428859554,33.6920855054,33.8570051448,34.0376239849,34.2339151317,34.4458516141,34.6734160278,34.9166136288,35.1754877056,35.4501351579,35.7407196961,36.0474794787
1675,32.9127448416,32.9205797927,32.9440866353,32.9832711621,33.0381424327,33.1087118468,33.1949917949,33.2969938860,33.4147268193,33.5481940983,33.6973919640,33.8623081364,34.0429221503,34.2392081525,34.4511409224,34.6787054841,34.9219100023,35.1808007890,35.4554773971,35.7461053133,36.0529231905
1676,32.9180367807,32.9258721793,32.9493803289,32.9885669134,33.0434408052,33.1140131315,33.2002959249,33.3023003627,33.4200346757,33.5535019314,33.7026980784,33.8676108352,34.0482201920,34.2445013575,34.4564308609,34.6839961228,34.9272081535,35.1861162011,35.4608223773,35.7514938658,36.0583697712
1677,32.9233290214,32.9311648595,32.9546742915,32.9938628918,33.0487393439,33.1193145024,33.2056000441,33.3076067215,33.4253423098,33.5588094623,33.7080038632,33.8729132626,34.0535181366,34.2497947751,34.4617214535,34.6892879577,34.9325080809,35.1914339232,35.4661700644,35.7568853100,36.0638191759
1678,32.9286215582,32.9364578276,32.9599685175,32.9991590912,33.0540380426,33.1246159538,33.2109041479,33.3129129602,33.4306497239,33.5641166987,33.7133093332,33.8782154401,34.0588160105,34.2550884323,34.4670127232,34.6945810014,34.9378097826,35.1967539369,35.4715204254,35.7622796040,36.0692713614
1679,32.9339143856,32.9417510782,32.9652630010,33.0044555056,33.0593368953,33.1299174798,33.2162082320,33.3182190771,33.4359569204,33.5694236490,33.7186145031,33.8835173887,34.0641138393,34.2603823554,34.4723046916,34.6998752659,34.9431132563,35.2020762239,35.4768734280,35.7676767067,36.0747262858
1680,32.9392074981,32.9470446057,32.9705577362,33.0097521290,33.0646358959,33.1352190750,33.2215122924,33.3235250710,33.4412639022,33.5747303216,33.7239193878,33.8888191295,34.0694116479,34.2656765699,34.4775973797,34.7051707620,34.9484184990,35.2074007659,35.4822290408,35.7730765787,36.0801839084
1681,32.9445008902,32.9523384043,32.9758527173,33.0150489553,33.0699350385,33.1405207342,33.2268163253,33.3288309408,33.4465706724,33.5800367251,33.7292240021,33.8941206830,34.0747094606,34.2709711001,34.4828908072,34.7104675001,34.9537255075,35.2127275452,35.4875872359,35.7784801537,36.0857014666
1682,32.9497945561,32.9576324685,32.9811479385,33.0203459785,33.0752343172,33.1458224521,33.2321203271,33.3341366858,33.4518772347,33.5853428685,33.7345283610,33.8994220697,34.0800073015,34.2762659699,34.4881849930,34.7157654894,34.9590342782,35.2180565464,35.4929482551,35.7838954355,36.0912682684
1683,32.9550884902,32.9629267923,32.9864433938,33.0256431929,33.0805337264,33.1511242239,33.2374242946,33.3394423057,33.4571835927,33.5906487609,33.7398324794,33.9047233097,34.0853051936,34.2815612021,34.4934799551,34.7210647387,34.9643448081,35.2233878140,35.4983134730,35.7893277932,36.0968675533
1684,32.9603826868,32.9682213701,32.9917390773,33.0309405924,33.0858332604,33.1564260448,33.2427282248,33.3447478004,33.4624897507,33.5959544117,33.7451363723,33.9100244228,34.0906031596,34.2868568187,34.4987757107,34.7263652562,34.9696571064,35.2287216034,35.5036847437,35.7947779740,36.1024933137
1685,32.9656771401,32.9735161962,32.9970349834,33.0362381712,33.0911329138,33.1617279103,33.2480321151,33.3500531701,33.4677957130,33.6012598303,33.7504400546,33.9153254285,34.0959012216,34.2921528410,34.5040722762,34.7316670522,34.9749712248,35.2340583960,35.5090635267,35.8002455868,36.1081420665
1686,32.9709718444,32.9788112646,33.0023311061,33.0415359237,33.0964326812,33.1670298160,33.2533359629,33.3553584154,33.4731014843,33.6065650265,33.7557435411,33.9206263461,34.1011994013,34.2974492896,34.5093696679,34.7369701455,34.9802872810,35.2393987747,35.5144508095,35.8057299771,36.1138114532
1687,32.9762667939,32.9841065696,33.0076274395,33.0468338441,33.1017325574,33.1723317578,33.2586397661,33.3606635370,33.4784070694,33.6118700098,33.7610468465,33.9259271946,34.1064977195,34.3027461846,34.5146679033,34.7422745715,34.9856054563,35.2447433196,35.5198472278,35.8112304564,36.1194997356
1688,32.9815619828,32.9894021054,33.0129239780,33.0521319268,33.1070325374,33.1776337318,33.2639435226,33.3659685361,33.4837124735,33.6171747904,33.7663499857,33.9312279925,34.1117961969,34.3080435456,34.5199670033,34.7475803877,34.9909259772,35.2500925573,35.5252531767,35.8167463695,36.1252055612
1689,32.9868574052,32.9946978662,33.0182207158,33.0574301663,33.1123326161,33.1829357341,33.2692472309,33.3712734139,33.4890177018,33.6224793780,33.7716529732,33.9365287582,34.1170948534,34.3133413928,34.5252669952,34.7528876750,34.9962490950,35.2554469433,35.5306688892,35.8222771118,36.1309278375
1690,32.9921530554,32.9999938461,33.0235176471,33.0627285571,33.1176327889,33.1882377613,33.2745508893,33.3765781721,33.4943227600,33.6277837829,33.7769558237,33.9418295098,34.1223937089,34.3186397475,34.5305679143,34.7581965353,35.0015750691,35.2608068616,35.5360944887,35.8278221318,36.1366656566
1691,32.9974489276,33.0052900396,33.0288147663,33.0680270939,33.1229330509,33.1935398100,33.2798544968,33.3818828124,33.4996276538,33.6330880151,33.7822585515,33.9471302650,34.1276927831,34.3239386334,34.5358698054,34.7635070866,35.0069041548,35.2661726305,35.5415300235,35.8333809268,36.1424182480
1692,33.0027450159,33.0105864406,33.0341120678,33.0733257714,33.1282333978,33.1988418770,33.2851580522,33.3871873368,33.5049323890,33.6383920849,33.7875611711,33.9524310415,34.1329920963,34.3292380770,34.5411727224,34.7688194593,35.0122365962,35.2715445113,35.5469754905,35.8389530386,36.1481849462
1693,33.0080413148,33.0158830437,33.0394095460,33.0786245845,33.1335338250,33.2041439593,33.2904615548,33.3924917478,33.5102369717,33.6436960025,33.7928636967,33.9577318568,34.1382916693,34.3345381088,34.5464767281,34.7741337910,35.0175726221,35.2769227165,35.5524308504,35.8445380474,36.1539651685
1694,33.0133378184,33.0211798430,33.0447071954,33.0839235280,33.1388343285,33.2094460543,33.2957650040,33.3977960476,33.5155414081,33.6489997782,33.7981661424,33.9630327286,34.1435915242,34.3398387632,34.5517818933,34.7794502230,35.0229124433,35.2823074174,35.5578960394,35.8501355681,36.1597583987
1695,33.0186345210,33.0264768330,33.0500050106,33.0892225970,33.1441349041,33.2147481592,33.3010683994,33.4031002391,33.5208457046,33.6543034225,33.8034685226,33.9683336746,34.1488916843,34.3451400791,34.5570882949,34.7847688973,35.0282562526,35.2876987511,35.5633709761,35.8557452457,36.1655641751
1696,33.0239314169,33.0317740081,33.0553029863,33.0945217867,33.1494355480,33.2200502717,33.3063717410,33.4084043250,33.5261498677,33.6596069456,33.8087708514,33.9736347132,34.1541921751,34.3504420994,34.5623960152,34.7900899541,35.0336042249,35.2930968256,35.5688555678,35.8613667515,36.1713820814
1697,33.0292285007,33.0370713627,33.0606011171,33.0998210924,33.1547362563,33.2253523896,33.3116750288,33.4137083084,33.5314539039,33.6649103581,33.8140731431,33.9789358631,34.1594930237,34.3557448712,34.5677051401,34.7954135303,35.0389565178,35.2985017251,35.5743497133,35.8669997805,36.1772117394
1698,33.0345257666,33.0423688913,33.0658993979,33.1051205093,33.1600370254,33.2306545108,33.3169782630,33.4190121925,33.5367578201,33.6702136704,33.8193754123,33.9842371439,34.1647942595,34.3610484450,34.5730157582,34.8007397581,35.0443132725,35.3039135135,35.5798533067,35.8726440486,36.1830528034
1699,33.0398232093,33.0476665885,33.0711978236,33.1104200331,33.1653378518,33.2359566336,33.3222814441,33.4243159807,33.5420616230,33.6755168933,33.8246776738,33.9895385763,34.1700959140,34.3663528747,34.5783279593,34.8060687641,35.0496746156,35.3093322380,35.5853662389,35.8782992903,36.1889049556
1700,33.0451208232,33.0529644491,33.0764963890,33.1157196592,33.1706387323,33.2412587561,33.3275845727,33.4296196767,33.5473653198,33.6808200375,33.8299799425,33.9948401816,34.1753980208,34.3716582168,34.5836418341,34.8114006691,35.0550406598,35.3147579315,35.5908883994,35.8839652567,36.1947679026
1701,33.0504186030,33.0582624676,33.0817950894,33.1210193835,33.1759396637,33.2465608771,33.3328876496,33.4349232840,33.5526689174,33.6861231139,33.8352822342,34.0001419825,34.1807006157,34.3769645299,34.5889574728,34.8167355873,35.0604115050,35.3201906151,35.5964196771,35.8896417139,36.2006413723
1702,33.0557165433,33.0635606390,33.0870939198,33.1263192018,33.1812406430,33.2518629951,33.3381906758,33.4402268066,33.5579724233,33.6914261337,33.8405845649,34.0054440028,34.1860037363,34.3822718748,34.5942749648,34.8220736267,35.0657872401,35.3256302997,35.6019599614,35.8953284418,36.2065251111
1703,33.0610146390,33.0688589581,33.0923928755,33.1316191100,33.1865416674,33.2571651090,33.3434936524,33.4455302486,33.5632758448,33.6967291083,33.8458869511,34.0107462674,34.1913074220,34.3875803131,34.5995943979,34.8274148889,35.0711679433,35.3310769881,35.6075091424,35.9010252322,36.2124188823
1704,33.0663128849,33.0741574198,33.0976919520,33.1369191044,33.1918427340,33.2624672178,33.3487965809,33.4508336141,33.5685791894,33.7020320494,33.8511894104,34.0160488027,34.1966117138,34.3928899078,34.6049158581,34.8327594691,35.0765536836,35.3365306757,35.6130671119,35.9067318883,36.2183224637
1705,33.0716112760,33.0794560193,33.1029911446,33.1422191811,33.1971438405,33.2677693207,33.3540994626,33.4561369075,33.5738824652,33.7073349691,33.8564919605,34.0213516358,34.2019166542,34.3982007222,34.6102394295,34.8381074566,35.0819445215,35.3419913520,35.6186337632,35.9124482235,36.2242356468
1706,33.0769098072,33.0847547517,33.1082904489,33.1475193365,33.2024449843,33.2730714171,33.3594022993,33.4614401333,33.5791856800,33.7126378799,33.8617946201,34.0266547955,34.2072222868,34.4035128197,34.6155651935,34.8434589346,35.0873405097,35.3474590014,35.6242089914,35.9181740604,36.2301582348
1707,33.0822084736,33.0900536123,33.1135898608,33.1528195672,33.2077461633,33.2783735064,33.3647050928,33.4667432963,33.5844888421,33.7179407945,33.8670974088,34.0319583112,34.2125286565,34.4088262640,34.6208932289,34.8488139809,35.0927416941,35.3529336039,35.6297926939,35.9239092302,36.2360900418
1708,33.0875072706,33.0953525963,33.1188893759,33.1581198697,33.2130473754,33.2836755884,33.3700078451,33.4720464013,33.5897919601,33.7232437262,33.8724003467,34.0372622136,34.2178358087,34.4141411180,34.6262236119,34.8541726679,35.0981481143,35.3584151360,35.6353847700,35.9296535721,36.2420308916
1709,33.0928061933,33.1006516993,33.1241889902,33.1634202408,33.2183486185,33.2889776629,33.3753105583,33.4773494536,33.5950950428,33.7285466889,33.8777034547,34.0425665343,34.2231437897,34.4194574445,34.6315564160,34.8595350626,35.1035598044,35.3639035713,35.6409851213,35.9354069325,36.2479806173
1710,33.0981052372,33.1059509169,33.1294886997,33.1687206774,33.2236498910,33.2942797299,33.3806132349,33.4826524583,33.6003980993,33.7338496967,33.8830067545,34.0478713057,34.2284526462,34.4247753051,34.6368917116,34.8649012277,35.1089767933,35.3693988805,35.6465936517,35.9411691644,36.2539390601
1711,33.1034043978,33.1112502446,33.1347885006,33.1740211766,33.2289511911,33.2995817896,33.3859158774,33.4879554211,33.6057011389,33.7391527644,33.8883102684,34.0531765611,34.2337624254,34.4300947608,34.6422295665,34.8702712211,35.1143991051,35.3749010323,35.6522102670,35.9469401273,36.2599060686
1712,33.1087036707,33.1165496783,33.1400883892,33.1793217356,33.2342525174,33.3048838423,33.3912184884,33.4932583478,33.6110041715,33.7444559072,33.8936140196,34.0584823345,34.2390731745,34.4354158715,34.6475700455,34.8756450964,35.1198267601,35.3804099938,35.6578348757,35.9527196864,36.2658814985
1713,33.1140030517,33.1218492139,33.1453883620,33.1846223516,33.2395538685,33.3101858885,33.3965210708,33.4985612442,33.6163072073,33.7497591410,33.8989180317,34.0637886602,34.2443849408,34.4407386958,34.6529132109,34.8810229032,35.1252597745,35.3859257302,35.6634673879,35.9585077123,36.2718652120
1714,33.1193025366,33.1271488474,33.1506884154,33.1899230221,33.2448552432,33.3154879288,33.4018236279,33.5038641167,33.6216102566,33.7550624820,33.9042223293,34.0690955735,34.2496977716,34.4460632912,34.6582591219,34.8864046875,35.1306981614,35.3914482059,35.6691077163,35.9643040807,36.2778570770
1715,33.1246021213,33.1324485749,33.1559885460,33.1952237447,33.2501566405,33.3207899641,33.4071261628,33.5091669719,33.6269133303,33.7603659470,33.9095269371,34.0744031097,34.2550117140,34.4513897138,34.6636078352,34.8917904915,35.1361419304,35.3969773840,35.6747557754,35.9701086720,36.2838569671
1716,33.1299018020,33.1377483927,33.1612887508,33.2005245172,33.2554580595,33.3260919955,33.4124286791,33.5144698165,33.6322164397,33.7656695534,33.9148318809,34.0797113048,34.2603268147,34.4567180184,34.6689594051,34.8971803542,35.1415910887,35.4025132270,35.6804114819,35.9759213711,36.2898647612
1717,33.1352015748,33.1430482972,33.1665890266,33.2058253373,33.2607594995,33.3313940240,33.4177311806,33.5197726577,33.6375195965,33.7709733189,33.9201371865,34.0850201948,34.2656431202,34.4620482583,34.6743138830,34.9025743116,35.1470456407,35.4080556965,35.6860747545,35.9817420669,36.2958803426
1718,33.1405014360,33.1483482847,33.1718893704,33.2111262031,33.2660609599,33.3366960510,33.4230336711,33.5250755028,33.6428228125,33.7762772619,33.9254428806,34.0903298160,34.2709606764,34.4673804856,34.6796713180,34.9079723966,35.1525055886,35.4136047539,35.6917455137,35.9875706524,36.3019035993
1719,33.1458013821,33.1536483521,33.1771897795,33.2164271128,33.2713624402,33.3419980782,33.4283361548,33.5303783594,33.6481261004,33.7815814011,33.9307489901,34.0956402049,34.2762795288,34.4727147505,34.6850317569,34.9133746395,35.1579709325,35.4191603600,35.6974236819,35.9934070242,36.3079344236
1720,33.1511014097,33.1589484959,33.1824902511,33.2217280646,33.2766639402,33.3473001072,33.4336386362,33.5356812357,33.6534294727,33.7868857557,33.9360555421,34.1009513980,34.2815997223,34.4780511022,34.6903952443,34.9187810679,35.1634416706,35.4247224755,35.7031091835,35.9992510825,36.3139727115
1721,33.1564015154,33.1642487132,33.1877907828,33.2270290570,33.2819654599,33.3526021400,33.4389411200,33.5409841399,33.6587329428,33.7921903453,33.9413625645,34.1062634317,34.2869213011,34.4833895881,34.6957618223,34.9241917071,35.1689177994,35.4302910609,35.7088019444,36.0051027305,36.3200183628
1722,33.1617016960,33.1695490008,33.1930913720,33.2323300886,33.2872669993,33.3579041787,33.4442436109,33.5462870807,33.6640365242,33.7974951900,33.9466700850,34.1115763425,34.2922443089,34.4887302544,34.7011315310,34.9296065801,35.1743993138,35.4358660766,35.7145018926,36.0109618748,36.3260712809
1723,33.1670019485,33.1748493560,33.1983920166,33.2376311582,33.2925685586,33.3632062256,33.4495461142,33.5515900668,33.6693402309,33.8028003101,33.9519781319,34.1168901668,34.2975687883,34.4940731457,34.7065044088,34.9350257079,35.1798862074,35.4414474829,35.7202089573,36.0168284247,36.3321313722
1724,33.1723022700,33.1801497759,33.2036927144,33.2429322645,33.2978701384,33.3685082833,33.4548486353,33.5568931077,33.6746440771,33.8081057264,33.9572867335,34.1222049406,34.3028947817,34.4994183051,34.7118804916,34.9404491094,35.1853784723,35.4470352402,35.7259230696,36.0227022926,36.3381985464
1725,33.1776026576,33.1854502581,33.2089934634,33.2482334068,33.3031717391,33.3738103545,33.4601511798,33.5621962128,33.6799480775,33.8134114601,33.9625959184,34.1275206999,34.3082223303,34.5047657746,34.7172598139,34.9458768016,35.1908760996,35.4526293092,35.7316441622,36.0285833933,36.3442727161
1726,33.1829031088,33.1907508000,33.2142942618,33.2535345842,33.3084733615,33.3791124422,33.4654537536,33.5674993920,33.6852522471,33.8187175323,33.9679057151,34.1328374805,34.3135514746,34.5101155944,34.7226424081,34.9513088000,35.1963790792,35.4582296504,35.7373721690,36.0344716441,36.3503537966
1727,33.1882036209,33.1960513994,33.2195951078,33.2588357960,33.3137750067,33.3844145496,33.4707563630,33.5728026555,33.6905566013,33.8240239649,33.9732161524,34.1381553177,34.3188822544,34.5154678037,34.7280283051,34.9567451184,35.2018874004,35.4638362248,35.7431070258,36.0403669648,36.3564417058
1728,33.1935041917,33.2013520540,33.2248959999,33.2641370419,33.3190766758,33.3897166801,33.4760590144,33.5781060138,33.6958611557,33.8293307798,33.9785272592,34.1434742466,34.3242147087,34.5208224402,34.7334175340,34.9621857688,35.2074010512,35.4694489934,35.7488486694,36.0462692775,36.3625363642
1729,33.1988048188,33.2066527618,33.2301969367,33.2694383214,33.3243783700,33.3950188372,33.4813617145,33.5834094776,33.7011659262,33.8346379990,33.9838390641,34.1487943021,34.3295488755,34.5261795403,34.7388101224,34.9676307622,35.2129200190,35.4750679175,35.7545970382,36.0521785064,36.3686376946
1730,33.2041055001,33.2119535209,33.2354979169,33.2747396345,33.3296800910,33.4003210250,33.4866644703,33.5887130581,33.7064709291,33.8399456450,33.9891515961,34.1541155186,34.3348847921,34.5315391391,34.7442060965,34.9730801079,35.2184442904,35.4806929588,35.7603520718,36.0580945778,36.3747456221
1731,33.2094062337,33.2172543295,33.2407989396,33.2800409812,33.3349818405,33.4056232473,33.4919672891,33.5940167666,33.7117761810,33.8452537401,33.9944648837,34.1594379299,34.3402224949,34.5369012705,34.7496054808,34.9785338141,35.2239738517,35.4863240792,35.7661137112,36.0640174199,36.3808600737
1732,33.2147070178,33.2225551861,33.2461000036,33.2853423618,33.3402836204,33.4109255086,33.4972701783,33.5993206147,33.7170816986,33.8505623072,33.9997789558,34.1647615698,34.3455620195,34.5422659673,34.7550082986,34.9839918880,35.2295086881,35.4919612409,35.7718818987,36.0699469631,36.3869809788
1733,33.2200078507,33.2278560893,33.2514011082,33.2906437765,33.3455854327,33.4162278134,33.5025731457,33.6046246146,33.7223874989,33.8558713690,34.0050938410,34.1700864713,34.3509034006,34.5476332609,34.7604145720,34.9894543353,35.2350487847,35.4976044063,35.7776565775,36.0758831391,36.3931082685
1734,33.2253087308,33.2331570376,33.2567022529,33.2959452260,33.3508872800,33.4215301665,33.5078761994,33.6099287782,33.7276935993,33.8611809485,34.0104095676,34.1754126671,34.3562466723,34.5530031817,34.7658243217,34.9949211610,35.2405941259,35.5032535385,35.7834376922,36.0818258818,36.3992418758
1735,33.2306096569,33.2384580300,33.2620034371,33.3012467110,33.3561891645,33.4268325728,33.5131793477,33.6152331181,33.7330000171,33.8664910685,34.0157261640,34.1807401895,34.3615918675,34.5583757590,34.7712375671,35.0003923689,35.2461446958,35.5089086007,35.7892251886,36.0877751265,36.4053817356
1736,33.2359106275,33.2437590654,33.2673046605,33.3065482325,33.3614910892,33.4321350377,33.5184825991,33.6205376470,33.7383067701,33.8718017523,34.0210436584,34.1860690702,34.3669390186,34.5637510209,34.7766543266,35.0058679621,35.2517004780,35.5145695563,35.7950190133,36.0937308102,36.4115277842
1737,33.2412116418,33.2490601430,33.2726059231,33.3118497915,33.3667930570,33.4374375666,33.5237859624,33.6258423779,33.7436138760,33.8771130229,34.0263620787,34.1913993405,34.3722881571,34.5691289945,34.7820746175,35.0113479427,35.2572614558,35.5202363695,35.8008191143,36.0996928714,36.4176799598
1738,33.2465126988,33.2543612622,33.2779072249,33.3171513893,33.3720950709,33.4427401651,33.5290894466,33.6311473240,33.7489213531,33.8824249035,34.0316814528,34.1967310312,34.3776393135,34.5745097061,34.7874984561,35.0168323119,35.2628276124,35.5259090045,35.8066254403,36.1056612500,36.4238382022
1739,33.2518137978,33.2596624225,33.2832085661,33.3224530275,33.3773971345,33.4480428393,33.5343930612,33.6364524987,33.7542292193,33.8877374171,34.0370018082,34.2020641725,34.3829925179,34.5798931805,34.7929258576,35.0223210705,35.2683989305,35.5315874261,35.8124379413,36.1116358874,36.4300024523
1740,33.2571149380,33.2649636234,33.2885099471,33.3277547077,33.3826992511,33.4533455953,33.5396968154,33.6417579155,33.7595374930,33.8930505871,34.0423231722,34.2073987943,34.3883477993,34.5852794421,34.7983568362,35.0278142181,35.2739753925,35.5372715992,35.8182565680,36.1176167264,36.4361726529
1741,33.2624161192,33.2702648649,33.2938113685,33.3330564318,33.3880014248,33.4586484396,33.5450007193,33.6470635884,33.7648461928,33.8983644364,34.0476455720,34.2127349257,34.3937051861,34.5906685141,34.8037914053,35.0333117540,35.2795569809,35.5429614895,35.8240812690,36.1236025228,36.4422787432
1742,33.2677173411,33.2755661468,33.2991128309,33.3383582018,33.3933036593,33.4639513786,33.5503047826,33.6523695314,33.7701553370,33.9036789882,34.0529690344,34.2180725956,34.3990647058,34.5960604188,34.8092295774,35.0388136768,35.2851436778,35.5486570596,35.8299116645,36.1295833936,36.4483336895
1743,33.2730186036,33.2808674694,33.3044143355,33.3436600201,33.3986059591,33.4692544194,33.5556090156,33.6576757587,33.7754649445,33.9089942656,34.0582935860,34.2234118322,34.4044263854,34.6014551776,34.8146713642,35.0443199845,35.2907354640,35.5543582002,35.8357459925,36.1355526792,36.4543578786
1744,33.2783199067,33.2861688330,33.3097158832,33.3489618890,33.4039083284,33.4745575689,33.5609134288,33.6629822846,33.7807750338,33.9143102914,34.0636192532,34.2287526632,34.4097902509,34.6068528112,34.8201167766,35.0498306740,35.2963323049,35.5600645443,35.8415819064,36.1415093707,36.4603585570
1745,33.2836212507,33.2914702381,33.3150174754,33.3542638113,33.4092107719,33.4798608345,33.5662180328,33.6682891238,33.7860856239,33.9196270887,34.0689460618,34.2340951158,34.4151563278,34.6122533393,34.8255658244,35.0553457388,35.3019341135,35.5657754495,35.8474175436,36.1474538531,36.4663398879
1746,33.2889226361,33.2967716855,33.3203191135,33.3595657898,33.4145132945,33.4851642237,33.5715228383,33.6735962909,33.7913967336,33.9249446801,34.0742740377,34.2394392168,34.4205246409,34.6176567810,34.8310185164,35.0608651605,35.3075407220,35.5714901504,35.8532516199,36.1533868356,36.4723046628
1747,33.2942240634,33.3020731759,33.3256207992,33.3648678275,33.4198159013,33.4904677441,33.5768278564,33.6789038008,33.7967083817,33.9302630883,34.0796032063,34.2447849924,34.4258952140,34.6230631544,34.8364748580,35.0663888996,35.3131518841,35.5772078850,35.8590832828,36.1593090710,36.4782549173
1748,33.2995255334,33.3073747104,33.3309225345,33.3701699277,33.4251185974,33.4957714037,33.5821330984,33.6842116685,33.8020205873,33.9355823361,34.0849335927,34.2501324682,34.4312680707,34.6284724762,34.8419348488,35.0719168878,35.3187672981,35.5829279577,35.8649119751,36.1652212737,36.4841922173
1749,33.3048270472,33.3126762902,33.3362243213,33.3754720939,33.4304213885,33.5010752107,33.5874385756,33.6895199091,33.8073333694,33.9409024457,34.0902652218,34.2554816695,34.4366432334,34.6338847613,34.8473984794,35.0774490279,35.3243866317,35.5886497603,35.8707373394,36.1711240978,36.4901178136
1750,33.3101286057,33.3179779169,33.3415261620,33.3807743297,33.4357242801,33.5063791734,33.5927442996,33.6948285377,33.8126467468,33.9462234396,34.0955981181,34.2608326208,34.4420207238,34.6393000216,34.8528657290,35.0829851959,35.3300095426,35.5943727727,35.8765591538,36.1770181349,36.4960327328
1751,33.3154302105,33.3232795919,33.3468280588,33.3860766390,33.4410272781,33.5116833003,33.5980502821,33.7001375699,33.8179607387,33.9515453399,34.1009323057,34.2661853464,34.4474005622,34.6447182646,34.8583365642,35.0885252468,35.3356356931,35.6000965556,35.8823772891,36.1829039184,36.5019378362
1752,33.3207318629,33.3285813171,33.3521300145,33.3913790259,33.4463303887,33.5169876002,33.6033565350,33.7054470208,33.8232753639,33.9568681686,34.1062678085,34.2715398697,34.4527827675,34.6501394929,34.8638109389,35.0940690202,35.3412647590,35.6058207401,35.8881916809,36.1887819297,36.5078338581
1753,33.3260335648,33.3338830945,33.3574320320,33.3966814945,33.4516336182,33.5222920819,33.6086630705,33.7107569062,33.8285906415,33.9621919476,34.1116046500,34.2768962133,34.4581673561,34.6555637033,34.8692887948,35.0996163456,35.3468964350,35.6115450174,35.8940023097,36.1946526043,36.5137214336
1754,33.3313353179,33.3391849262,33.3627341142,33.4019840495,33.4569369730,33.5275967546,33.6139699006,33.7160672416,33.8339065904,33.9675166987,34.1169428533,34.2822543990,34.4635543424,34.6609908859,34.8747700631,35.1051670475,35.3525304372,35.6172691298,35.8998091876,36.2005163373,36.5196011181
1755,33.3366371244,33.3444868146,33.3680362643,33.4072866953,33.4622404597,33.5329016275,33.6192770377,33.7213780427,33.8392232294,33.9728424432,34.1222824409,34.2876144474,34.4689437373,34.6664210247,34.8802546660,35.1107209488,35.3581665039,35.6229928621,35.9056123492,36.2063734889,36.5254734022
1756,33.3419389865,33.3497887622,33.3733384857,33.4125894369,33.4675440854,33.5382067101,33.6245844944,33.7266893251,33.8445405776,33.9781692026,34.1276234351,34.2929763777,34.4743355489,34.6718540972,34.8857425183,35.1162778736,35.3638043951,35.6287160349,35.9114118445,36.2122243881,36.5313387227
1757,33.3472409067,33.3550907719,33.3786407822,33.4178922793,33.4728478571,33.5435120121,33.6298922832,33.7320011048,33.8498586536,33.9834969978,34.1329658572,34.2983402078,34.4797297814,34.6772900746,34.8912335292,35.1218376499,35.3694438919,35.6344384989,35.9172077346,36.2180693368,36.5371974712
1758,33.3525428877,33.3603928465,33.3839431574,33.4231952278,33.4781517819,33.5488175432,33.6352004168,33.7373133975,33.8551774762,33.9888258496,34.1383097279,34.3037059535,34.4851264357,34.6827289231,34.8967276038,35.1274001105,35.3750847953,35.6401601297,35.9230000875,36.2239086130,36.5430500014
1759,33.3578449324,33.3656949892,33.3892456154,33.4284982877,33.4834558674,33.5541233133,33.6405089081,33.7426262191,33.8604970640,33.9941557784,34.1436550672,34.3090736289,34.4905255089,34.6881706033,34.9022246444,35.1329650947,35.3807269244,35.6458808245,35.9287889765,36.2297424730,36.5488966340
1760,33.3631470436,33.3709972033,33.3945481603,33.4338014649,33.4887601212,33.5594293326,33.6458177701,33.7479395855,33.8658174355,33.9994868043,34.1490018939,34.3144432460,34.4959269944,34.6936150719,34.9077245520,35.1385324482,35.3863701150,35.6516004979,35.9345744775,36.2355711543,36.5547376614
1761,33.3684492248,33.3762994924,33.3998507966,33.4391047649,33.4940645511,33.5647356114,33.6511270157,33.7532535127,33.8711386092,34.0048189468,34.1543502261,34.3198148147,34.5013308822,34.6990622817,34.9132272268,35.1441020243,35.3920142186,35.6573190801,35.9403566682,36.2413948775,36.5605733515
1762,33.3737514793,33.3816018601,33.4051535288,33.4444081939,33.4993691650,33.5700421599,33.6564366581,33.7585680164,33.8764606032,34.0101522252,34.1597000803,34.3251883425,34.5067371590,34.7045121821,34.9187325694,35.1496736834,35.3976591002,35.6630365136,35.9461356267,36.2472138476,36.5664039507
1763,33.3790538108,33.3869043104,33.4104563618,33.4497117581,33.5046739711,33.5753489889,33.6617467107,33.7638831126,33.8817834356,34.0154866578,34.1650514722,34.3305638350,34.5121458083,34.7099647204,34.9242404814,35.1552472934,35.4033046380,35.6687527520,35.9519114310,36.2530282562,36.5722296861
1764,33.3843562231,33.3922068474,33.4157593004,33.4550154638,33.5099789778,33.5806561088,33.6670571865,33.7691988173,33.8871071240,34.0208222627,34.1704044159,34.3359412952,34.5175568108,34.7154198414,34.9297508658,35.1608227294,35.4089507215,35.6744677583,35.9576841585,36.2588382822,36.5780507682
1765,33.3896587201,33.3975094753,33.4210623498,33.4603193176,33.5152841934,33.5859635307,33.6723680990,33.7745151460,33.8924316860,34.0261590570,34.1757589242,34.3413207242,34.5229701445,34.7208774886,34.9352636276,35.1663998736,35.4145972504,35.6801815030,35.9634538851,36.2646440933,36.5838673923
1766,33.3949613062,33.4028121988,33.4263655155,33.4656233263,33.5205896266,33.5912712653,33.6776794617,33.7798321147,33.8977571388,34.0314970573,34.1811150086,34.3467021208,34.5283857850,34.7263376042,34.9407786740,35.1719786150,35.4202441342,35.6858939637,35.9692206858,36.2704458469,36.5896797403
1767,33.4002639856,33.4081150224,33.4316688028,33.4709274967,33.5258952863,33.5965793237,33.6829912879,33.7851497388,33.9030834991,34.0368362792,34.1864726792,34.3520854818,34.5338037060,34.7318001299,34.9462959149,35.1775588490,35.4258912906,35.6916051234,35.9749846335,36.2762436912,36.5954879818
1768,33.4055667630,33.4134179510,33.4369722175,33.4762318359,33.5312011812,33.6018877171,33.6883035911,33.7904680340,33.9084107835,34.0421767376,34.1918319445,34.3574708020,34.5392238790,34.7372650069,34.9518152626,35.1831404774,35.4315386453,35.6973149703,35.9807457996,36.2820377656,36.6012922758
1769,33.4108696433,33.4187209898,33.4422757655,33.4815363513,33.5365073207,33.6071964567,33.6936163849,33.7957870155,33.9137390079,34.0475184466,34.1971928117,34.3628580744,34.5446462742,34.7427321762,34.9573366324,35.1887234079,35.4371861309,35.7030234967,35.9865042538,36.2878282019,36.6070927709
1770,33.4161726312,33.4240241439,33.4475794530,33.4868410502,33.5418137137,33.6125055538,33.6989296826,33.8011066985,33.9190681878,34.0528614191,34.2025552865,34.3682472902,34.5500708603,34.7482015791,34.9628599425,35.1943075536,35.4428336861,35.7087306986,35.9922600635,36.2936151243,36.6128896072
1771,33.4214757321,33.4293274188,33.4528832861,33.4921459402,33.5471203698,33.6178150198,33.7042434978,33.8064270980,33.9243983383,34.0582056675,34.2079193733,34.3736384390,34.5554976047,34.7536731572,34.9683851139,35.1998928331,35.4484812556,35.7144365751,35.9980132946,36.2993986507,36.6186829162
1772,33.4267789512,33.4346308201,33.4581872713,33.4974510291,33.5524272984,33.6231248663,33.7095578438,33.8117482288,33.9297294739,34.0635512028,34.2132850750,34.3790315087,34.5609264741,34.7591468529,34.9739120705,35.2054791698,35.4541287893,35.7201411278,36.0037640109,36.3051788926,36.6244728219
1773,33.4320822941,33.4399343536,33.4634914152,33.5027563247,33.5577345091,33.6284351046,33.7148727340,33.8170701053,33.9350616086,34.0688980355,34.2186523933,34.3844264862,34.5663574340,34.7646226091,34.9794407391,35.2110664919,35.4597762418,35.7258443608,36.0095122743,36.3109559561,36.6302594415
1774,33.4373857665,33.4452380253,33.4687957245,33.5080618353,33.5630420117,33.6337457466,33.7201881818,33.8223927418,33.9403947558,34.0742461749,34.2240213287,34.3898233568,34.5717904497,34.7701003695,34.9849710494,35.2166547318,35.4654235717,35.7315462800,36.0152581448,36.3167299416,36.6360428859
1775,33.4426893744,33.4505418414,33.4741002064,33.5133675689,33.5683498159,33.6390568036,33.7255042002,33.8277161522,33.9457289283,34.0795956293,34.2293918802,34.3952221046,34.5772254858,34.7755800791,34.9905029340,35.2222438263,35.4710707420,35.7372468932,36.0210016807,36.3225009450,36.6418232600
1776,33.4479931237,33.4558458082,33.4794048678,33.5186735339,33.5736579318,33.6443682875,33.7308208025,33.8330403501,33.9510641383,34.0849464063,34.2347640459,34.4006227130,34.5826625066,34.7810616837,34.9960363280,35.2278337159,35.4767177188,35.7429462094,36.0267429384,36.3282690573,36.6476006632
1777,33.4532970207,33.4611499322,33.4847097160,33.5239797388,33.5789663693,33.6496802098,33.7361380014,33.8383653488,33.9564003973,34.0902985123,34.2401378226,34.4060251641,34.5881014763,34.7865451303,35.0015711694,35.2334243447,35.4823644718,35.7486442388,36.0324819726,36.3340343655,36.6533751902
1778,33.4586010719,33.4664542202,33.4900147586,33.5292861923,33.5842751385,33.6549925821,33.7414558099,33.8436911611,33.9617377162,34.0956519529,34.2455132063,34.4114294393,34.5935423589,34.7920303670,35.0071073985,35.2390156603,35.4880109734,35.7543409929,36.0382188362,36.3397969526,36.6591469307
1779,33.4639052840,33.4717586789,33.4953200030,33.5345929031,33.5895842496,33.6603054162,33.7467742407,33.8490177997,33.9670761054,34.1010067329,34.2508901917,34.4168355194,34.5989851186,34.7975173434,35.0126449583,35.2446076134,35.4936571987,35.7600364839,36.0439535807,36.3455568976,36.6649159704
1780,33.4692096635,33.4770633155,33.5006254570,33.5398998799,33.5948937128,33.6656187236,33.7520933061,33.8543452767,33.9724155746,34.1063628562,34.2562687728,34.4222433844,34.6044297194,34.8030060099,35.0181837943,35.2502001578,35.4993031255,35.7657307246,36.0496862557,36.3513142764,36.6706823907
1781,33.4745142176,33.4823681370,33.5059311286,33.5452071320,33.6002035386,33.6709325158,33.7574130184,33.8596736039,33.9777561326,34.1117203257,34.2616489427,34.4276530136,34.6098761257,34.8084963187,35.0237238541,35.2557932500,35.5049487334,35.7714237286,36.0554169096,36.3570691614,36.6764462693
1782,33.4798189533,33.4876731509,33.5112370257,33.5505146682,33.6055137371,33.6762468044,33.7627333898,33.8650027925,33.9830977879,34.1170791436,34.2670306935,34.4330643862,34.6153243023,34.8139882227,35.0292650876,35.2613868492,35.5105940046,35.7771155101,36.0611455890,36.3628216219,36.6822076805
1783,33.4851238778,33.4929783646,33.5165431566,33.5558224979,33.6108243188,33.6815616008,33.7680544321,33.8703328534,33.9884405482,34.1224393113,34.2724140168,34.4384774807,34.6207742139,34.8194816766,35.0348074468,35.2669809169,35.5162389227,35.7828060834,36.0668723393,36.3685717246,36.6879666953
1784,33.4904289987,33.4982837858,33.5218495294,33.5611306302,33.6161352941,33.6868769163,33.7733761568,33.8756637973,33.9937844206,34.1278008295,34.2777989034,34.4438922754,34.6262258259,34.8249766361,35.0403508860,35.2725754171,35.5218834732,35.7884954633,36.0725972043,36.3743195331,36.6937233815
1785,33.4957343234,33.5035894223,33.5271561527,33.5664390746,33.6214466733,33.6921927622,33.7786985754,33.8809956341,33.9991294116,34.1331636981,34.2831853434,34.4493087482,34.6316791040,34.8304730582,35.0458953612,35.2781703160,35.5275276433,35.7941836650,36.0783202267,36.3800651087,36.6994778041
1786,33.5010398597,33.5088952820,33.5324630350,33.5717478404,33.6267584670,33.6975091496,33.7840216990,33.8863283734,34.0044755271,34.1385279163,34.2885733263,34.4547268770,34.6371340144,34.8359709012,35.0514408305,35.2837655815,35.5331714214,35.7998707037,36.0840414478,36.3858085103,36.7052300254
1787,33.5063456155,33.5142013729,33.5377701849,33.5770569372,33.6320706855,33.7028260896,33.7893455383,33.8916620244,34.0098227723,34.1438934827,34.2939628413,34.4601466394,34.6425905238,34.8414701245,35.0569872536,35.2893611838,35.5388147974,35.8055565948,36.0897609076,36.3915497943,36.7109801050
1788,33.5116515987,33.5195077034,33.5430776112,33.5823663746,33.6373833392,33.7081435931,33.7946701040,33.8969965958,34.0151711518,34.1492603951,34.2993538767,34.4655680129,34.6480485993,34.8469706889,35.0625345920,35.2949570947,35.5444577624,35.8112413537,36.0954786450,36.3972890152,36.7167281002
1789,33.5169578176,33.5248142817,33.5483853227,33.5876761622,33.6426964384,33.7134616708,33.7999954064,33.9023320960,34.0205206699,34.1546286511,34.3047464208,34.4709909749,34.6535082087,34.8524725563,35.0680828091,35.3005532876,35.5501003084,35.8169249961,36.1011946979,36.4030262253,36.7224740662
1790,33.5222642803,33.5301211162,33.5536933285,33.5929863095,33.6480099936,33.7187803333,33.8053214554,33.9076685327,34.0258713301,34.1599982472,34.3101404613,34.4764155031,34.6589693202,34.8579756898,35.0736318696,35.3061497377,35.5557424287,35.8226075376,36.1069091027,36.4087614750,36.7282180558
1791,33.5275709952,33.5354282155,33.5590016375,33.5982968264,33.6533240151,33.7240995911,33.8106482608,33.9130059133,34.0312231353,34.1653691798,34.3155359854,34.4818415748,34.6644319027,34.8634800537,35.0791817398,35.3117464214,35.5613841174,35.8282889936,36.1126218951,36.4144948128,36.7339601197
1792,33.5328779709,33.5407355883,33.5643102588,33.6036077225,33.6586385129,33.7294194545,33.8159758318,33.9183442449,34.0365760881,34.1707414446,34.3209329801,34.4872691675,34.6698959256,34.8689856131,35.0847323874,35.3173433168,35.5670253695,35.8339693798,36.1183331096,36.4202262856,36.7397003071
1793,33.5381852160,33.5460432434,33.5696192017,33.6089190076,33.6639534974,33.7347399336,33.8213041777,33.9236835339,34.0419301905,34.1761150368,34.3263314323,34.4926982591,34.6753613589,34.8744923347,35.0902837816,35.3229404031,35.5726661807,35.8396487115,36.1240427797,36.4259559386,36.7454386650
1794,33.5434927391,33.5513511895,33.5749284754,33.6142306914,33.6692689785,33.7400610384,33.8266333072,33.9290237866,34.0472854440,34.1814899512,34.3317313284,34.4981288271,34.6808281733,34.8800001858,35.0958358930,35.3285376607,35.5783065475,35.8453270043,36.1297509381,36.4316838154,36.7511752387
1795,33.5488005491,33.5566594358,33.5802380892,33.6195427836,33.6745849664,33.7453827785,33.8319632287,33.9343650085,34.0526418496,34.1868661823,34.3371326547,34.5035608496,34.6862963399,34.8855091350,35.1013886932,35.3341350714,35.5839464672,35.8510042733,36.1354576164,36.4374099580,36.7569100722
1796,33.5541086549,33.5619679911,33.5855480525,33.6248552941,33.6799014709,33.7507051636,33.8372939505,33.9397072050,34.0579994079,34.1922437241,34.3425353972,34.5089943046,34.6917658307,34.8910191519,35.1069421551,35.3397326178,35.5895859375,35.8566805337,36.1411628455,36.4431344072,36.7626432075
1797,33.5594170655,33.5672768645,33.5908583745,33.6301682324,33.6852185018,33.7560282029,33.8426254804,33.9450503810,34.0633581191,34.1976225702,34.3479395420,34.5144291704,34.6972366181,34.8965302068,35.1124962529,35.3453302837,35.5952249567,35.8623558006,36.1468666553,36.4488572023,36.7683746855
1798,33.5647257900,33.5725860654,33.5961690649,33.6354816083,33.6905360689,33.7613519056,33.8479578259,33.9503945410,34.0687179828,34.2030027138,34.3533450749,34.5198654254,34.7027086751,34.9020422713,35.1180509618,35.3509280539,35.6008635237,35.8680300888,36.1525690749,36.4545783813,36.7741045455
1799,33.5700348374,33.5778956027,33.6014801329,33.6407954315,33.6958541818,33.7666762808,33.8532909943,33.9557396890,34.0740789985,34.2083841481,34.3587519815,34.5253030483,34.7081819753,34.9075553178,35.1236062580,35.3565259140,35.6065016379,35.8737034131,36.1582701326,36.4602979811,36.7798328255
1800,33.5753442169,33.5832054860,33.6067915882,33.6461097115,33.7011728500,33.7720013369,33.8586249925,33.9610858289,34.0794411650,34.2137668658,34.3641602475,34.5307420182,34.7136564930,34.9130693194,35.1291621188,35.3621238505,35.6121392990,35.8793757881,36.1639698561,36.4660160371,36.7855595622
